dataset,aggregation,type_grouping,typed_test_mrr,relation,relation_name,num_test_samples,selected_stage,dependency_weight_source,dominant_rule_type,dominant_rule_support,dominant_rule_weight,dominant_rule_abs_delta,dominant_rule_impact,dominant_dep_type,dominant_dep_support,dominant_dep_weight,dominant_dep_abs_delta,dominant_dep_impact,rule_weight_B,rule_support_B,rule_abs_delta_B,rule_impact_B,rule_weight_U,rule_support_U,rule_abs_delta_U,rule_impact_U,rule_weight_Uc,rule_support_Uc,rule_abs_delta_Uc,rule_impact_Uc,rule_weight_Ud,rule_support_Ud,rule_abs_delta_Ud,rule_impact_Ud,dep_weight_BB,dep_support_BB,dep_abs_delta_BB,dep_impact_BB,dep_weight_BU,dep_support_BU,dep_abs_delta_BU,dep_impact_BU,dep_weight_UU,dep_support_UU,dep_abs_delta_UU,dep_impact_UU,dep_weight_B_Uc,dep_support_B_Uc,dep_abs_delta_B_Uc,dep_impact_B_Uc,dep_weight_B_Ud,dep_support_B_Ud,dep_abs_delta_B_Ud,dep_impact_B_Ud,dep_weight_Uc_Uc,dep_support_Uc_Uc,dep_abs_delta_Uc_Uc,dep_impact_Uc_Uc,dep_weight_Uc_Ud,dep_support_Uc_Ud,dep_abs_delta_Uc_Ud,dep_impact_Uc_Ud,dep_weight_Ud_Ud,dep_support_Ud_Ud,dep_abs_delta_Ud_Ud,dep_impact_Ud_Ud,rule_order_ud_lt_b_lt_uc
KG20C,structural_r3d6,r3d6,0.228288,0,author_in_affiliation,480,dependency,final,Uc,3284.000000,5.538241,4.538241,18187.584758,Uc_Uc,45.000000,2.064709,1.064709,92.911914,0.978039,2.000000,0.021961,1.956077,,,,,5.538241,3284.000000,4.538241,18187.584758,2.060202,896.000000,1.060202,1845.941350,,,,,,,,,,,,,2.036972,44.000000,1.036972,89.626768,,,,,2.064709,45.000000,1.064709,92.911914,1.602956,15.000000,0.602956,24.044334,,,,,False
KG20C,structural_r3d6,r3d6,0.228288,1,author_write_paper,830,rule_only,trial,Uc,11248.000000,1.000000,0.000000,11248.000000,B_Uc,2030.000000,1.000000,0.000000,2030.000000,1.000000,10.000000,0.000000,10.000000,,,,,1.000000,11248.000000,0.000000,11248.000000,1.000000,5386.000000,0.000000,5386.000000,1.000000,6.000000,0.000000,6.000000,,,,,,,,,1.000000,2030.000000,0.000000,2030.000000,,,,,1.000000,1623.000000,0.000000,1623.000000,,,,,,,,,False
KG20C,structural_r3d6,r3d6,0.228288,2,paper_cite_paper,599,rule_only,trial,Uc,18418.000000,1.000000,0.000000,18418.000000,Uc_Uc,5639.000000,1.000000,0.000000,5639.000000,1.000000,27.000000,0.000000,27.000000,,,,,1.000000,18418.000000,0.000000,18418.000000,1.000000,8266.000000,0.000000,8266.000000,1.000000,15.000000,0.000000,15.000000,,,,,,,,,1.000000,5023.000000,0.000000,5023.000000,,,,,1.000000,5639.000000,0.000000,5639.000000,,,,,,,,,False
KG20C,structural_r3d6,r3d6,0.228288,3,paper_in_domain,1446,rule_only,trial,Uc,93474.000000,1.000000,0.000000,93474.000000,Uc_Uc,143939.000000,1.000000,0.000000,143939.000000,1.000000,9.000000,0.000000,9.000000,,,,,1.000000,93474.000000,0.000000,93474.000000,1.000000,7839.000000,0.000000,7839.000000,1.000000,21.000000,0.000000,21.000000,,,,,,,,,1.000000,9524.000000,0.000000,9524.000000,,,,,1.000000,143939.000000,0.000000,143939.000000,1.000000,35.000000,0.000000,35.000000,,,,,False
KG20C,structural_r3d6,r3d6,0.228288,4,paper_in_venue,369,rule_only,trial,Uc,5844.000000,1.197558,0.197558,6998.528952,Uc_Uc,331.000000,1.000000,0.000000,331.000000,0.658625,8.000000,0.341375,5.269004,,,,,1.197558,5844.000000,0.197558,6998.528952,0.765562,79.000000,0.234438,60.479414,,,,,,,,,,,,,,,,,,,,,1.000000,331.000000,0.000000,331.000000,1.000000,25.000000,0.000000,25.000000,,,,,False
codex-m,structural_r3d6,r3d6,0.343299,0,P161,448,rule_only,trial,Uc,3371.000000,1.000000,0.000000,3371.000000,Uc_Uc,236.000000,1.000000,0.000000,236.000000,1.000000,74.000000,0.000000,74.000000,,,,,1.000000,3371.000000,0.000000,3371.000000,1.000000,2887.000000,0.000000,2887.000000,1.000000,12.000000,0.000000,12.000000,,,,,,,,,1.000000,39.000000,0.000000,39.000000,,,,,1.000000,236.000000,0.000000,236.000000,,,,,,,,,False
codex-m,structural_r3d6,r3d6,0.343299,1,P463,583,rule_only,trial,Uc,60010.000000,0.372211,0.627789,22336.400113,Uc_Uc,168817.000000,1.000000,0.000000,168817.000000,0.599860,270.000000,0.400140,161.962227,,,,,0.372211,60010.000000,0.627789,22336.400113,0.867985,2750.000000,0.132015,2386.958750,1.000000,1449.000000,0.000000,1449.000000,,,,,,,,,1.000000,15127.000000,0.000000,15127.000000,,,,,1.000000,168817.000000,0.000000,168817.000000,1.000000,6840.000000,0.000000,6840.000000,1.000000,283.000000,0.000000,283.000000,False
codex-m,structural_r3d6,r3d6,0.343299,2,P106,3635,rule_only,trial,Uc,256176.000000,0.899298,0.100702,230378.513213,B_Uc,80659.000000,1.000000,0.000000,80659.000000,0.694230,301.000000,0.305770,208.963260,,,,,0.899298,256176.000000,0.100702,230378.513213,0.936829,11999.000000,0.063171,11241.009971,1.000000,11461.000000,0.000000,11461.000000,,,,,,,,,1.000000,80659.000000,0.000000,80659.000000,,,,,1.000000,74693.000000,0.000000,74693.000000,1.000000,5800.000000,0.000000,5800.000000,1.000000,348.000000,0.000000,348.000000,False
codex-m,structural_r3d6,r3d6,0.343299,3,P27,829,dependency,final,Uc,6230.000000,2.616468,1.616468,16300.593771,BB,3017.000000,1.606403,0.606403,4846.517248,0.907973,712.000000,0.092027,646.476491,,,,,2.616468,6230.000000,1.616468,16300.593771,0.829229,1291.000000,0.170771,1070.534897,1.606403,3017.000000,0.606403,4846.517248,,,,,,,,,1.410291,416.000000,0.410291,586.681222,,,,,1.520840,1433.000000,0.520840,2179.363290,1.483980,729.000000,0.483980,1081.821493,1.119938,45.000000,0.119938,50.397210,True
codex-m,structural_r3d6,r3d6,0.343299,4,P69,498,dependency,final,Uc,3462.000000,2.452381,1.452381,8490.141983,Uc_Uc,314.000000,1.000000,0.000000,314.000000,0.943082,150.000000,0.056918,141.462240,,,,,2.452381,3462.000000,1.452381,8490.141983,1.429997,1734.000000,0.429997,2479.614451,1.000000,9.000000,0.000000,9.000000,,,,,,,,,1.000000,47.000000,0.000000,47.000000,,,,,1.000000,314.000000,0.000000,314.000000,1.000000,38.000000,0.000000,38.000000,,,,,False
codex-m,structural_r3d6,r3d6,0.343299,5,P172,132,dependency,final,Uc,1335.000000,1.632194,0.632194,2178.979524,Uc_Uc,1426.000000,1.044939,0.044939,1490.082871,0.807832,131.000000,0.192168,105.825940,,,,,1.632194,1335.000000,0.632194,2178.979524,0.800072,417.000000,0.199928,333.630149,1.033923,757.000000,0.033923,782.680014,,,,,,,,,1.044896,56.000000,0.044896,58.514170,,,,,1.044939,1426.000000,0.044939,1490.082871,1.045389,466.000000,0.045389,487.151227,1.012806,28.000000,0.012806,28.358574,True
codex-m,structural_r3d6,r3d6,0.343299,6,P840,85,dependency,final,Uc,353.000000,1.907244,0.907244,673.257238,BB,88.000000,1.265345,0.265345,111.350360,0.948702,103.000000,0.051298,97.716337,,,,,1.907244,353.000000,0.907244,673.257238,1.385524,337.000000,0.385524,466.921588,1.265345,88.000000,0.265345,111.350360,,,,,,,,,1.015578,1.000000,0.015578,1.015578,,,,,1.246533,73.000000,0.246533,90.996887,1.233815,41.000000,0.233815,50.586415,1.156265,2.000000,0.156265,2.312530,False
codex-m,structural_r3d6,r3d6,0.343299,7,P530,297,rule_only,trial,Uc,110903.000000,0.631709,0.368291,70058.389956,Uc_Uc,354649.000000,1.000000,0.000000,354649.000000,0.670368,429.000000,0.329632,287.587657,,,,,0.631709,110903.000000,0.368291,70058.389956,0.661043,5125.000000,0.338957,3387.843325,1.000000,19646.000000,0.000000,19646.000000,,,,,,,,,1.000000,90317.000000,0.000000,90317.000000,,,,,1.000000,354649.000000,0.000000,354649.000000,1.000000,1182.000000,0.000000,1182.000000,1.000000,34.000000,0.000000,34.000000,False
codex-m,structural_r3d6,r3d6,0.343299,8,P509,148,dependency,final,Uc,1155.000000,1.977472,0.977472,2283.980507,Uc_Ud,78.000000,0.994687,0.005313,77.585563,1.095933,61.000000,0.095933,66.851889,,,,,1.977472,1155.000000,0.977472,2283.980507,0.990086,579.000000,0.009914,573.259852,1.001766,2.000000,0.001766,2.003532,,,,,,,,,,,,,,,,,0.991104,29.000000,0.008896,28.742013,0.994687,78.000000,0.005313,77.585563,0.989330,2.000000,0.010670,1.978659,True
codex-m,structural_r3d6,r3d6,0.343299,9,P17,79,dependency,final,Uc,1147.000000,1.415453,0.415453,1623.524362,BB,3623.000000,1.094102,0.094102,3963.930821,0.849003,334.000000,0.150997,283.567035,,,,,1.415453,1147.000000,0.415453,1623.524362,0.850771,562.000000,0.149229,478.133471,1.094102,3623.000000,0.094102,3963.930821,,,,,,,,,1.079323,414.000000,0.079323,446.839763,,,,,1.072159,109.000000,0.072159,116.865364,1.094637,133.000000,0.094637,145.586761,1.028563,23.000000,0.028563,23.656949,False
codex-m,structural_r3d6,r3d6,0.343299,10,P136,591,dependency,final,Uc,5032.000000,2.014428,1.014428,10136.600186,Uc_Uc,2293.000000,1.530674,0.530674,3509.834336,0.980010,198.000000,0.019990,194.042000,,,,,2.014428,5032.000000,1.014428,10136.600186,1.764717,1915.000000,0.764717,3379.433246,1.556319,1140.000000,0.556319,1774.203774,,,,,,,,,1.480995,949.000000,0.480995,1405.463970,,,,,1.530674,2293.000000,0.530674,3509.834336,1.525042,1267.000000,0.525042,1932.227834,1.395551,89.000000,0.395551,124.204048,False
codex-m,structural_r3d6,r3d6,0.343299,11,P1412,598,rule_only,trial,Uc,5079.000000,1.804958,0.804958,9167.381174,BB,3228.000000,1.000000,0.000000,3228.000000,0.630267,350.000000,0.369733,220.593625,,,,,1.804958,5079.000000,0.804958,9167.381174,0.831705,840.000000,0.168295,698.632200,1.000000,3228.000000,0.000000,3228.000000,,,,,,,,,1.000000,353.000000,0.000000,353.000000,,,,,1.000000,985.000000,0.000000,985.000000,1.000000,474.000000,0.000000,474.000000,1.000000,23.000000,0.000000,23.000000,False
codex-m,structural_r3d6,r3d6,0.343299,12,P159,8,dependency,final,B,53.000000,1.326787,0.326787,70.319722,Uc_Ud,7.000000,1.026237,0.026237,7.183659,1.326787,53.000000,0.326787,70.319722,,,,,1.666736,7.000000,0.666736,11.667155,1.221070,22.000000,0.221070,26.863533,1.032448,4.000000,0.032448,4.129791,,,,,,,,,1.023454,2.000000,0.023454,2.046909,,,,,,,,,1.026237,7.000000,0.026237,7.183659,,,,,True
codex-m,structural_r3d6,r3d6,0.343299,13,P19,339,dependency,final,Uc,2186.000000,2.890798,1.890798,6319.283554,BB,266.000000,1.606671,0.606671,427.374513,1.232170,279.000000,0.232170,343.775514,,,,,2.890798,2186.000000,1.890798,6319.283554,1.649672,891.000000,0.649672,1469.857752,1.606671,266.000000,0.606671,427.374513,,,,,,,,,1.269709,46.000000,0.269709,58.406619,,,,,1.453276,137.000000,0.453276,199.098771,1.109787,55.000000,0.109787,61.038290,,,,,False
codex-m,structural_r3d6,r3d6,0.343299,14,P1303,297,dependency,final,Uc,2238.000000,1.697336,0.697336,3798.637297,BB,1578.000000,1.176256,0.176256,1856.132284,0.745448,126.000000,0.254552,93.926448,,,,,1.697336,2238.000000,0.697336,3798.637297,1.139682,481.000000,0.139682,548.186802,1.176256,1578.000000,0.176256,1856.132284,,,,,,,,,1.165101,363.000000,0.165101,422.931590,,,,,1.167191,1399.000000,0.167191,1632.899929,1.149530,805.000000,0.149530,925.371811,1.102660,64.000000,0.102660,70.570246,False
codex-m,structural_r3d6,r3d6,0.343299,15,P108,259,dependency,final,Uc,1735.000000,2.651758,1.651758,4600.800477,Uc_Uc,248.000000,1.003281,0.003281,248.813738,1.232856,89.000000,0.232856,109.724148,,,,,2.651758,1735.000000,1.651758,4600.800477,1.918285,936.000000,0.918285,1795.514573,0.998139,6.000000,0.001861,5.988831,,,,,,,,,0.989255,33.000000,0.010745,32.645422,,,,,1.003281,248.000000,0.003281,248.813738,0.998270,53.000000,0.001730,52.908321,,,,,False
codex-m,structural_r3d6,r3d6,0.343299,16,P135,19,dependency,final,Uc,179.000000,1.084867,0.084867,194.191229,Uc_Ud,28.000000,1.120238,0.120238,31.366658,0.946452,43.000000,0.053548,40.697436,,,,,1.084867,179.000000,0.084867,194.191229,0.931215,107.000000,0.068785,99.640016,1.099208,2.000000,0.099208,2.198415,,,,,,,,,,,,,,,,,1.115377,8.000000,0.115377,8.923014,1.120238,28.000000,0.120238,31.366658,,,,,True
codex-m,structural_r3d6,r3d6,0.343299,17,P264,169,dependency,final,Uc,1793.000000,2.005699,1.005699,3596.219024,BB,151.000000,1.001450,0.001450,151.218920,1.218406,146.000000,0.218406,177.887232,,,,,2.005699,1793.000000,1.005699,3596.219024,1.522610,877.000000,0.522610,1335.328795,1.001450,151.000000,0.001450,151.218920,,,,,,,,,0.993578,1.000000,0.006422,0.993578,,,,,1.003788,116.000000,0.003788,116.439396,0.997451,36.000000,0.002549,35.908250,,,,,False
codex-m,structural_r3d6,r3d6,0.343299,18,P495,115,dependency,final,Uc,2157.000000,0.919649,0.080351,1983.683109,Uc_Uc,4278.000000,1.030577,0.030577,4408.807123,0.717210,155.000000,0.282790,111.167519,,,,,0.919649,2157.000000,0.080351,1983.683109,0.704519,331.000000,0.295481,233.195657,1.009403,831.000000,0.009403,838.813727,,,,,,,,,1.005783,222.000000,0.005783,223.283915,,,,,1.030577,4278.000000,0.030577,4408.807123,1.015152,508.000000,0.015152,515.697064,1.002024,11.000000,0.002024,11.022261,True
codex-m,structural_r3d6,r3d6,0.343299,19,P30,18,dependency,final,Uc,1001.000000,0.714172,0.285828,714.885772,Uc_Uc,2607.000000,1.007417,0.007417,2626.335337,0.707680,100.000000,0.292320,70.767980,,,,,0.714172,1001.000000,0.285828,714.885772,0.706573,95.000000,0.293427,67.124426,1.006911,522.000000,0.006911,525.607646,,,,,,,,,1.006175,7.000000,0.006175,7.043222,,,,,1.007417,2607.000000,0.007417,2626.335337,1.007043,270.000000,0.007043,271.901610,1.005853,11.000000,0.005853,11.064384,True
codex-m,structural_r3d6,r3d6,0.343299,20,P102,133,rule_only,trial,Uc,1029.000000,2.376880,1.376880,2445.809932,Uc_Ud,445.000000,1.000000,0.000000,445.000000,0.868395,80.000000,0.131605,69.471608,,,,,2.376880,1029.000000,1.376880,2445.809932,1.036705,357.000000,0.036705,370.103721,1.000000,298.000000,0.000000,298.000000,,,,,,,,,1.000000,72.000000,0.000000,72.000000,,,,,1.000000,373.000000,0.000000,373.000000,1.000000,445.000000,0.000000,445.000000,1.000000,34.000000,0.000000,34.000000,False
codex-m,structural_r3d6,r3d6,0.343299,21,P551,104,rule_only,trial,Uc,467.000000,1.766708,0.766708,825.052543,Uc_Ud,55.000000,1.000000,0.000000,55.000000,1.438681,157.000000,0.438681,225.872996,,,,,1.766708,467.000000,0.766708,825.052543,2.023027,381.000000,1.023027,770.773249,,,,,,,,,,,,,,,,,,,,,1.000000,52.000000,0.000000,52.000000,1.000000,55.000000,0.000000,55.000000,1.000000,3.000000,0.000000,3.000000,False
codex-m,structural_r3d6,r3d6,0.343299,22,P20,260,dependency,final,Uc,1735.000000,2.585106,1.585106,4485.159604,BB,816.000000,1.616254,0.616254,1318.863509,1.141485,261.000000,0.141485,297.927611,,,,,2.585106,1735.000000,1.585106,4485.159604,1.331074,623.000000,0.331074,829.258977,1.616254,816.000000,0.616254,1318.863509,,,,,,,,,1.272309,83.000000,0.272309,105.601672,,,,,1.767760,429.000000,0.767760,758.369212,1.701254,347.000000,0.701254,590.335311,1.104043,10.000000,0.104043,11.040428,False
codex-m,structural_r3d6,r3d6,0.343299,23,P737,71,dependency,final,Uc,495.000000,2.434640,1.434640,1205.146651,B_Uc,15.000000,1.078637,0.078637,16.179561,1.259933,46.000000,0.259933,57.956923,,,,,2.434640,495.000000,1.434640,1205.146651,2.311422,485.000000,1.311422,1121.039622,,,,,,,,,,,,,1.078637,15.000000,0.078637,16.179561,,,,,1.050304,1.000000,0.050304,1.050304,1.059900,8.000000,0.059900,8.479204,,,,,False
codex-m,structural_r3d6,r3d6,0.343299,24,P119,91,rule_only,trial,Uc,744.000000,2.501805,1.501805,1861.342771,Uc_Uc,81.000000,1.000000,0.000000,81.000000,1.117212,53.000000,0.117212,59.212257,,,,,2.501805,744.000000,1.501805,1861.342771,1.479830,335.000000,0.479830,495.743016,1.000000,38.000000,0.000000,38.000000,,,,,,,,,1.000000,5.000000,0.000000,5.000000,,,,,1.000000,81.000000,0.000000,81.000000,1.000000,25.000000,0.000000,25.000000,,,,,False
codex-m,structural_r3d6,r3d6,0.343299,25,P140,120,rule_only,trial,Uc,1108.000000,2.172659,1.172659,2407.305840,Uc_Ud,343.000000,1.000000,0.000000,343.000000,1.031125,99.000000,0.031125,102.081335,,,,,2.172659,1108.000000,1.172659,2407.305840,1.105877,440.000000,0.105877,486.585792,1.000000,76.000000,0.000000,76.000000,,,,,,,,,1.000000,1.000000,0.000000,1.000000,,,,,1.000000,154.000000,0.000000,154.000000,1.000000,343.000000,0.000000,343.000000,1.000000,27.000000,0.000000,27.000000,False
codex-m,structural_r3d6,r3d6,0.343299,26,P641,11,rule_only,trial,Uc,116.000000,1.316704,0.316704,152.737641,Uc_Ud,6.000000,1.000000,0.000000,6.000000,0.773465,10.000000,0.226535,7.734646,,,,,1.316704,116.000000,0.316704,152.737641,0.798162,83.000000,0.201838,66.247488,,,,,,,,,,,,,,,,,,,,,,,,,1.000000,6.000000,0.000000,6.000000,,,,,False
codex-m,structural_r3d6,r3d6,0.343299,27,P101,126,dependency,final,Uc,907.000000,2.591152,1.591152,2350.174411,Uc_Uc,303.000000,1.141606,0.141606,345.906497,0.937268,54.000000,0.062732,50.612445,,,,,2.591152,907.000000,1.591152,2350.174411,1.782889,447.000000,0.782889,796.951383,1.055301,14.000000,0.055301,14.774210,,,,,,,,,1.056842,3.000000,0.056842,3.170526,,,,,1.141606,303.000000,0.141606,345.906497,1.158730,208.000000,0.158730,241.015923,1.041595,5.000000,0.041595,5.207973,False
codex-m,structural_r3d6,r3d6,0.343299,28,P57,31,dependency,final,Ud,85.000000,0.962081,0.037919,81.776910,B_Uc,1.000000,1.013108,0.013108,1.013108,0.955355,16.000000,0.044645,15.285682,,,,,1.033686,52.000000,0.033686,53.751667,0.962081,85.000000,0.037919,81.776910,,,,,,,,,,,,,1.013108,1.000000,0.013108,1.013108,,,,,,,,,,,,,,,,,False
codex-m,structural_r3d6,r3d6,0.343299,29,P3373,43,rule_only,trial,Uc,1226.000000,0.631144,0.368856,773.782054,B_Uc,1890.000000,1.000000,0.000000,1890.000000,0.930872,131.000000,0.069128,121.944245,,,,,0.631144,1226.000000,0.368856,773.782054,0.806883,214.000000,0.193117,172.673069,1.000000,142.000000,0.000000,142.000000,,,,,,,,,1.000000,1890.000000,0.000000,1890.000000,,,,,1.000000,1258.000000,0.000000,1258.000000,,,,,,,,,False
codex-m,structural_r3d6,r3d6,0.343299,30,P40,15,rule_only,trial,Uc,91.000000,0.788321,0.211679,71.737229,BB,15.000000,1.000000,0.000000,15.000000,1.467931,40.000000,0.467931,58.717232,,,,,0.788321,91.000000,0.211679,71.737229,0.795380,23.000000,0.204620,18.293747,1.000000,15.000000,0.000000,15.000000,,,,,,,,,1.000000,6.000000,0.000000,6.000000,,,,,,,,,,,,,,,,,False
codex-m,structural_r3d6,r3d6,0.343299,31,P451,20,rule_only,none,B,4.000000,1.000000,0.000000,4.000000,,,,,,1.000000,4.000000,0.000000,4.000000,,,,,,,,,,,,,,,,,,,,,,,,,,,,,,,,,,,,,,,,,,,,,
codex-m,structural_r3d6,r3d6,0.343299,32,P1050,20,dependency,final,Uc,128.000000,1.014580,0.014580,129.866240,Uc_Ud,2.000000,1.012050,0.012050,2.024100,0.986499,12.000000,0.013501,11.837989,,,,,1.014580,128.000000,0.014580,129.866240,0.987017,104.000000,0.012983,102.649726,,,,,,,,,,,,,,,,,,,,,,,,,1.012050,2.000000,0.012050,2.024100,,,,,False
codex-m,structural_r3d6,r3d6,0.343299,33,P26,53,rule_only,trial,B,10.000000,1.000000,0.000000,10.000000,BB,3.000000,1.000000,0.000000,3.000000,1.000000,10.000000,0.000000,10.000000,,,,,,,,,,,,,1.000000,3.000000,0.000000,3.000000,,,,,,,,,,,,,,,,,,,,,,,,,,,,,
codex-m,structural_r3d6,r3d6,0.343299,34,P407,1,rule_only,trial,Uc,16.000000,1.000000,0.000000,16.000000,Uc_Ud,1.000000,1.000000,0.000000,1.000000,1.000000,7.000000,0.000000,7.000000,,,,,1.000000,16.000000,0.000000,16.000000,1.000000,12.000000,0.000000,12.000000,,,,,,,,,,,,,,,,,,,,,,,,,1.000000,1.000000,0.000000,1.000000,,,,,False
codex-m,structural_r3d6,r3d6,0.343299,35,P37,13,dependency,final,Uc,626.000000,0.870372,0.129628,544.852935,Uc_Uc,1725.000000,1.009963,0.009963,1742.185485,0.776972,111.000000,0.223028,86.243881,,,,,0.870372,626.000000,0.129628,544.852935,0.742646,124.000000,0.257354,92.088141,1.010024,1281.000000,0.010024,1293.841128,,,,,,,,,1.005569,4.000000,0.005569,4.022275,,,,,1.009963,1725.000000,0.009963,1742.185485,1.010134,417.000000,0.010134,421.225878,1.000520,17.000000,0.000520,17.008845,True
codex-m,structural_r3d6,r3d6,0.343299,36,P112,3,rule_only,none,B,4.000000,1.000000,0.000000,4.000000,,,,,,1.000000,4.000000,0.000000,4.000000,,,,,,,,,,,,,,,,,,,,,,,,,,,,,,,,,,,,,,,,,,,,,
codex-m,structural_r3d6,r3d6,0.343299,37,P131,12,rule_only,trial,B,68.000000,1.000000,0.000000,68.000000,BB,26.000000,1.000000,0.000000,26.000000,1.000000,68.000000,0.000000,68.000000,,,,,1.000000,14.000000,0.000000,14.000000,1.000000,14.000000,0.000000,14.000000,1.000000,26.000000,0.000000,26.000000,,,,,,,,,1.000000,4.000000,0.000000,4.000000,,,,,1.000000,1.000000,0.000000,1.000000,1.000000,6.000000,0.000000,6.000000,,,,,False
codex-m,structural_r3d6,r3d6,0.343299,38,P749,1,rule_only,trial,Ud,15.000000,1.000000,0.000000,15.000000,Uc_Ud,3.000000,1.000000,0.000000,3.000000,1.000000,9.000000,0.000000,9.000000,,,,,1.000000,9.000000,0.000000,9.000000,1.000000,15.000000,0.000000,15.000000,1.000000,1.000000,0.000000,1.000000,,,,,,,,,,,,,,,,,,,,,1.000000,3.000000,0.000000,3.000000,1.000000,1.000000,0.000000,1.000000,False
codex-m,structural_r3d6,r3d6,0.343299,39,P361,12,rule_only,trial,Uc,449.000000,0.832825,0.167175,373.938470,Uc_Uc,1135.000000,1.000000,0.000000,1135.000000,0.755168,50.000000,0.244832,37.758400,,,,,0.832825,449.000000,0.167175,373.938470,0.762869,51.000000,0.237131,38.906314,1.000000,86.000000,0.000000,86.000000,,,,,,,,,1.000000,33.000000,0.000000,33.000000,,,,,1.000000,1135.000000,0.000000,1135.000000,1.000000,334.000000,0.000000,334.000000,1.000000,17.000000,0.000000,17.000000,False
codex-m,structural_r3d6,r3d6,0.343299,40,P740,8,rule_only,none,B,16.000000,0.975825,0.024175,15.613197,,,,,,0.975825,16.000000,0.024175,15.613197,,,,,1.264471,6.000000,0.264471,7.586829,1.331112,7.000000,0.331112,9.317785,,,,,,,,,,,,,,,,,,,,,,,,,,,,,,,,,False
codex-m,structural_r3d6,r3d6,0.343299,41,P2348,14,rule_only,trial,Uc,68.000000,1.000000,0.000000,68.000000,BB,1.000000,1.000000,0.000000,1.000000,1.000000,22.000000,0.000000,22.000000,,,,,1.000000,68.000000,0.000000,68.000000,1.000000,36.000000,0.000000,36.000000,1.000000,1.000000,0.000000,1.000000,,,,,,,,,,,,,,,,,,,,,,,,,,,,,False
codex-m,structural_r3d6,r3d6,0.343299,42,P138,2,rule_only,none,B,24.000000,1.000000,0.000000,24.000000,,,,,,1.000000,24.000000,0.000000,24.000000,,,,,1.000000,6.000000,0.000000,6.000000,1.000000,2.000000,0.000000,2.000000,,,,,,,,,,,,,,,,,,,,,,,,,,,,,,,,,False
codex-m,structural_r3d6,r3d6,0.343299,43,P50,0,rule_only,none,Ud,6.000000,1.000000,0.000000,6.000000,,,,,,1.000000,3.000000,0.000000,3.000000,,,,,1.000000,5.000000,0.000000,5.000000,1.000000,6.000000,0.000000,6.000000,,,,,,,,,,,,,,,,,,,,,,,,,,,,,,,,,False
codex-m,structural_r3d6,r3d6,0.343299,44,P452,0,rule_only,none,Ud,6.000000,1.000000,0.000000,6.000000,,,,,,1.000000,3.000000,0.000000,3.000000,,,,,1.000000,1.000000,0.000000,1.000000,1.000000,6.000000,0.000000,6.000000,,,,,,,,,,,,,,,,,,,,,,,,,,,,,,,,,False
codex-m,structural_r3d6,r3d6,0.343299,45,P2283,0,rule_only,none,B,6.000000,1.000000,0.000000,6.000000,,,,,,1.000000,6.000000,0.000000,6.000000,,,,,1.000000,2.000000,0.000000,2.000000,1.000000,4.000000,0.000000,4.000000,,,,,,,,,,,,,,,,,,,,,,,,,,,,,,,,,False
WN18RR,structural_r2d3,r2d3,0.499230,0,_hypernym,1251,rule_only,trial,U,6454.000000,1.993764,0.993764,12867.754147,BB,319.000000,1.000000,0.000000,319.000000,0.354139,2422.000000,0.645861,857.723689,1.993764,6454.000000,0.993764,12867.754147,,,,,,,,,1.000000,319.000000,0.000000,319.000000,1.000000,10.000000,0.000000,10.000000,1.000000,122.000000,0.000000,122.000000,,,,,,,,,,,,,,,,,,,,,
WN18RR,structural_r2d3,r2d3,0.499230,1,_derivationally_related_form,1074,rule_only,trial,U,42983.000000,1.000000,0.000000,42983.000000,BU,21351.000000,1.000000,0.000000,21351.000000,1.000000,3366.000000,0.000000,3366.000000,1.000000,42983.000000,0.000000,42983.000000,,,,,,,,,1.000000,11983.000000,0.000000,11983.000000,1.000000,21351.000000,0.000000,21351.000000,1.000000,1449.000000,0.000000,1449.000000,,,,,,,,,,,,,,,,,,,,,
WN18RR,structural_r2d3,r2d3,0.499230,2,_instance_hypernym,122,rule_only,trial,U,7172.000000,1.000000,0.000000,7172.000000,BB,894.000000,1.000000,0.000000,894.000000,1.000000,273.000000,0.000000,273.000000,1.000000,7172.000000,0.000000,7172.000000,,,,,,,,,1.000000,894.000000,0.000000,894.000000,1.000000,85.000000,0.000000,85.000000,1.000000,71.000000,0.000000,71.000000,,,,,,,,,,,,,,,,,,,,,
WN18RR,structural_r2d3,r2d3,0.499230,3,_also_see,56,rule_only,trial,U,2082.000000,1.906904,0.906904,3970.174753,BU,2016.000000,1.000000,0.000000,2016.000000,1.396815,324.000000,0.396815,452.568222,1.906904,2082.000000,0.906904,3970.174753,,,,,,,,,1.000000,473.000000,0.000000,473.000000,1.000000,2016.000000,0.000000,2016.000000,1.000000,129.000000,0.000000,129.000000,,,,,,,,,,,,,,,,,,,,,
WN18RR,structural_r2d3,r2d3,0.499230,4,_member_meronym,253,dependency,final,U,1815.000000,4.529508,3.529508,8221.057201,BB,521.000000,2.407500,1.407500,1254.307396,1.487591,314.000000,0.487591,467.103511,4.529508,1815.000000,3.529508,8221.057201,,,,,,,,,2.407500,521.000000,1.407500,1254.307396,1.085768,34.000000,0.085768,36.916109,1.234019,36.000000,0.234019,44.424698,,,,,,,,,,,,,,,,,,,,,
WN18RR,structural_r2d3,r2d3,0.499230,5,_synset_domain_topic_of,114,rule_only,trial,U,1432.000000,3.959016,2.959016,5669.310626,BB,3787.000000,1.000000,0.000000,3787.000000,1.259819,848.000000,0.259819,1068.326173,3.959016,1432.000000,2.959016,5669.310626,,,,,,,,,1.000000,3787.000000,0.000000,3787.000000,1.000000,58.000000,0.000000,58.000000,1.000000,52.000000,0.000000,52.000000,,,,,,,,,,,,,,,,,,,,,
WN18RR,structural_r2d3,r2d3,0.499230,6,_has_part,172,rule_only,trial,U,4396.000000,1.000000,0.000000,4396.000000,BB,897.000000,1.000000,0.000000,897.000000,1.000000,606.000000,0.000000,606.000000,1.000000,4396.000000,0.000000,4396.000000,,,,,,,,,1.000000,897.000000,0.000000,897.000000,1.000000,345.000000,0.000000,345.000000,1.000000,130.000000,0.000000,130.000000,,,,,,,,,,,,,,,,,,,,,
WN18RR,structural_r2d3,r2d3,0.499230,7,_member_of_domain_usage,24,dependency,final,U,394.000000,1.200764,0.200764,473.101095,BB,72.000000,1.006450,0.006450,72.464436,0.789310,38.000000,0.210690,29.993795,1.200764,394.000000,0.200764,473.101095,,,,,,,,,1.006450,72.000000,0.006450,72.464436,1.007122,14.000000,0.007122,14.099711,1.007163,21.000000,0.007163,21.150423,,,,,,,,,,,,,,,,,,,,,
WN18RR,structural_r2d3,r2d3,0.499230,8,_member_of_domain_region,26,rule_only,trial,U,491.000000,2.087142,1.087142,1024.786820,UU,26.000000,1.000000,0.000000,26.000000,1.223644,121.000000,0.223644,148.060936,2.087142,491.000000,1.087142,1024.786820,,,,,,,,,1.000000,12.000000,0.000000,12.000000,1.000000,4.000000,0.000000,4.000000,1.000000,26.000000,0.000000,26.000000,,,,,,,,,,,,,,,,,,,,,
WN18RR,structural_r2d3,r2d3,0.499230,9,_verb_group,39,dependency,final,U,903.000000,2.229037,1.229037,2012.820050,UU,266.000000,1.365053,0.365053,363.104178,2.012974,467.000000,1.012974,940.058858,2.229037,903.000000,1.229037,2012.820050,,,,,,,,,1.201711,14.000000,0.201711,16.823958,1.331145,21.000000,0.331145,27.954049,1.365053,266.000000,0.365053,363.104178,,,,,,,,,,,,,,,,,,,,,
WN18RR,structural_r2d3,r2d3,0.499230,10,_similar_to,3,rule_only,none,U,6.000000,1.000000,0.000000,6.000000,,,,,,1.000000,2.000000,0.000000,2.000000,1.000000,6.000000,0.000000,6.000000,,,,,,,,,,,,,,,,,,,,,,,,,,,,,,,,,,,,,,,,,
FB15k-237,structural_r2d3,r2d3,0.351555,0,/location/country/form_of_government,43,rule_only,trial,U,2308.000000,0.813515,0.186485,1877.593543,UU,5396.000000,1.000000,0.000000,5396.000000,0.813809,105.000000,0.186191,85.449934,0.813515,2308.000000,0.186485,1877.593543,,,,,,,,,1.000000,797.000000,0.000000,797.000000,1.000000,33.000000,0.000000,33.000000,1.000000,5396.000000,0.000000,5396.000000,,,,,,,,,,,,,,,,,,,,,
FB15k-237,structural_r2d3,r2d3,0.351555,1,/tv/tv_program/regular_cast./tv/regular_tv_appearance/actor,91,rule_only,trial,U,2199.000000,1.000000,0.000000,2199.000000,UU,5920.000000,1.000000,0.000000,5920.000000,1.000000,447.000000,0.000000,447.000000,1.000000,2199.000000,0.000000,2199.000000,,,,,,,,,1.000000,2401.000000,0.000000,2401.000000,1.000000,313.000000,0.000000,313.000000,1.000000,5920.000000,0.000000,5920.000000,,,,,,,,,,,,,,,,,,,,,
FB15k-237,structural_r2d3,r2d3,0.351555,2,/media_common/netflix_genre/titles,124,dependency,final,U,5178.000000,0.995185,0.004815,5153.068448,BB,9870.000000,1.025682,0.025682,10123.477392,0.776204,809.000000,0.223796,627.948955,0.995185,5178.000000,0.004815,5153.068448,,,,,,,,,1.025682,9870.000000,0.025682,10123.477392,1.031829,691.000000,0.031829,712.993977,1.033547,6042.000000,0.033547,6244.690370,,,,,,,,,,,,,,,,,,,,,
FB15k-237,structural_r2d3,r2d3,0.351555,3,/award/award_winner/awards_won./award/award_honor/award_winner,41,dependency,final,U,76540.000000,0.186178,0.813822,14250.056466,BU,204045.000000,1.186650,0.186650,242130.080868,0.676034,2576.000000,0.323966,1741.464099,0.186178,76540.000000,0.813822,14250.056466,,,,,,,,,1.085411,16500.000000,0.085411,17909.283150,1.186650,204045.000000,0.186650,242130.080868,1.159572,95919.000000,0.159572,111224.986668,,,,,,,,,,,,,,,,,,,,,
FB15k-237,structural_r2d3,r2d3,0.351555,4,/soccer/football_team/current_roster./sports/sports_team_roster/position,12,rule_only,trial,U,691.000000,1.000000,0.000000,691.000000,UU,1306.000000,1.000000,0.000000,1306.000000,1.000000,104.000000,0.000000,104.000000,1.000000,691.000000,0.000000,691.000000,,,,,,,,,1.000000,588.000000,0.000000,588.000000,1.000000,277.000000,0.000000,277.000000,1.000000,1306.000000,0.000000,1306.000000,,,,,,,,,,,,,,,,,,,,,
FB15k-237,structural_r2d3,r2d3,0.351555,5,/soccer/football_team/current_roster./soccer/football_roster_position/position,10,rule_only,trial,U,718.000000,0.720540,0.279460,517.347433,UU,1382.000000,1.000000,0.000000,1382.000000,0.716812,102.000000,0.283188,73.114793,0.720540,718.000000,0.279460,517.347433,,,,,,,,,1.000000,543.000000,0.000000,543.000000,1.000000,271.000000,0.000000,271.000000,1.000000,1382.000000,0.000000,1382.000000,,,,,,,,,,,,,,,,,,,,,
FB15k-237,structural_r2d3,r2d3,0.351555,6,/film/actor/film./film/performance/film,836,dependency,final,U,27826.000000,2.347138,1.347138,65311.467553,BB,8006.000000,1.888259,0.888259,15117.404756,1.224652,1621.000000,0.224652,1985.160730,2.347138,27826.000000,1.347138,65311.467553,,,,,,,,,1.888259,8006.000000,0.888259,15117.404756,1.866230,1260.000000,0.866230,2351.449800,1.851273,7424.000000,0.851273,13743.853722,,,,,,,,,,,,,,,,,,,,,
FB15k-237,structural_r2d3,r2d3,0.351555,7,/award/award_category/nominees./award/award_nomination/nominated_for,858,dependency,final,U,89645.000000,0.627500,0.372500,56252.219571,UU,137334.000000,1.049875,0.049875,144183.505783,0.742552,1025.000000,0.257448,761.116312,0.627500,89645.000000,0.372500,56252.219571,,,,,,,,,1.035701,14516.000000,0.035701,15034.232813,1.041194,60169.000000,0.041194,62647.607803,1.049875,137334.000000,0.049875,144183.505783,,,,,,,,,,,,,,,,,,,,,
FB15k-237,structural_r2d3,r2d3,0.351555,8,/award/award_nominee/award_nominations./award/award_nomination/award_nominee,214,dependency,final,U,122448.000000,0.264287,0.735713,32361.426821,BU,227423.000000,0.995623,0.004377,226427.478560,0.654894,3694.000000,0.345106,2419.176589,0.264287,122448.000000,0.735713,32361.426821,,,,,,,,,0.989761,18694.000000,0.010239,18502.597742,0.995623,227423.000000,0.004377,226427.478560,0.996152,133413.000000,0.003848,132899.626776,,,,,,,,,,,,,,,,,,,,,
FB15k-237,structural_r2d3,r2d3,0.351555,9,/music/performance_role/regular_performances./music/group_membership/role,40,dependency,final,U,90564.000000,0.474740,0.525260,42994.317134,UU,137391.000000,1.004008,0.004008,137941.676867,0.566269,1069.000000,0.433731,605.341561,0.474740,90564.000000,0.525260,42994.317134,,,,,,,,,1.004026,7428.000000,0.004026,7457.903642,1.004029,49251.000000,0.004029,49449.442129,1.004008,137391.000000,0.004008,137941.676867,,,,,,,,,,,,,,,,,,,,,
FB15k-237,structural_r2d3,r2d3,0.351555,10,/award/award_category/winners./award/award_honor/ceremony,323,rule_only,trial,U,28139.000000,0.304038,0.695962,8555.319654,UU,63944.000000,1.000000,0.000000,63944.000000,0.604842,149.000000,0.395158,90.121518,0.304038,28139.000000,0.695962,8555.319654,,,,,,,,,1.000000,6106.000000,0.000000,6106.000000,1.000000,8076.000000,0.000000,8076.000000,1.000000,63944.000000,0.000000,63944.000000,,,,,,,,,,,,,,,,,,,,,
FB15k-237,structural_r2d3,r2d3,0.351555,11,/film/film/release_date_s./film/film_regional_release_date/film_release_distribution_medium,158,rule_only,trial,U,2247.000000,0.490441,0.509559,1102.020028,BB,6247.000000,1.000000,0.000000,6247.000000,0.542076,299.000000,0.457924,162.080844,0.490441,2247.000000,0.509559,1102.020028,,,,,,,,,1.000000,6247.000000,0.000000,6247.000000,1.000000,40.000000,0.000000,40.000000,1.000000,1880.000000,0.000000,1880.000000,,,,,,,,,,,,,,,,,,,,,
FB15k-237,structural_r2d3,r2d3,0.351555,12,/award/award_winning_work/awards_won./award/award_honor/award_winner,24,rule_only,trial,U,5378.000000,1.000000,0.000000,5378.000000,UU,11849.000000,1.000000,0.000000,11849.000000,1.000000,1560.000000,0.000000,1560.000000,1.000000,5378.000000,0.000000,5378.000000,,,,,,,,,1.000000,6943.000000,0.000000,6943.000000,1.000000,406.000000,0.000000,406.000000,1.000000,11849.000000,0.000000,11849.000000,,,,,,,,,,,,,,,,,,,,,
FB15k-237,structural_r2d3,r2d3,0.351555,13,/film/film/release_date_s./film/film_regional_release_date/film_release_region,1447,rule_only,trial,U,297804.000000,0.088888,0.911112,26471.231732,UU,624210.000000,1.000000,0.000000,624210.000000,0.595855,2148.000000,0.404145,1279.897399,0.088888,297804.000000,0.911112,26471.231732,,,,,,,,,1.000000,3613.000000,0.000000,3613.000000,1.000000,8727.000000,0.000000,8727.000000,1.000000,624210.000000,0.000000,624210.000000,,,,,,,,,,,,,,,,,,,,,
FB15k-237,structural_r2d3,r2d3,0.351555,14,/film/film/language,314,rule_only,trial,U,4827.000000,0.884675,0.115325,4270.327673,BB,6944.000000,1.000000,0.000000,6944.000000,0.606243,839.000000,0.393757,508.637458,0.884675,4827.000000,0.115325,4270.327673,,,,,,,,,1.000000,6944.000000,0.000000,6944.000000,1.000000,472.000000,0.000000,472.000000,1.000000,6401.000000,0.000000,6401.000000,,,,,,,,,,,,,,,,,,,,,
FB15k-237,structural_r2d3,r2d3,0.351555,15,/location/location/contains,330,rule_only,trial,U,5504.000000,1.123294,0.123294,6182.612378,UU,18393.000000,1.000000,0.000000,18393.000000,0.927916,3284.000000,0.072084,3047.277129,1.123294,5504.000000,0.123294,6182.612378,,,,,,,,,1.000000,1158.000000,0.000000,1158.000000,1.000000,49.000000,0.000000,49.000000,1.000000,18393.000000,0.000000,18393.000000,,,,,,,,,,,,,,,,,,,,,
FB15k-237,structural_r2d3,r2d3,0.351555,16,/organization/organization/headquarters./location/mailing_address/country,7,dependency,final,B,412.000000,0.947682,0.052318,390.444984,BB,1354.000000,1.040871,0.040871,1409.339063,0.947682,412.000000,0.052318,390.444984,0.981312,168.000000,0.018688,164.860416,,,,,,,,,1.040871,1354.000000,0.040871,1409.339063,1.038268,20.000000,0.038268,20.765352,1.040825,659.000000,0.040825,685.903346,,,,,,,,,,,,,,,,,,,,,
FB15k-237,structural_r2d3,r2d3,0.351555,17,/people/person/profession,1311,rule_only,trial,U,22379.000000,0.946163,0.053837,21174.186253,UU,12941.000000,1.000000,0.000000,12941.000000,0.607777,936.000000,0.392223,568.879740,0.946163,22379.000000,0.053837,21174.186253,,,,,,,,,1.000000,11488.000000,0.000000,11488.000000,1.000000,3613.000000,0.000000,3613.000000,1.000000,12941.000000,0.000000,12941.000000,,,,,,,,,,,,,,,,,,,,,
FB15k-237,structural_r2d3,r2d3,0.351555,18,/location/statistical_region/religions./location/religion_percentage/religion,60,rule_only,trial,U,4718.000000,0.578719,0.421281,2730.395298,UU,12389.000000,1.000000,0.000000,12389.000000,0.604725,163.000000,0.395275,98.570110,0.578719,4718.000000,0.421281,2730.395298,,,,,,,,,1.000000,3477.000000,0.000000,3477.000000,1.000000,3658.000000,0.000000,3658.000000,1.000000,12389.000000,0.000000,12389.000000,,,,,,,,,,,,,,,,,,,,,
FB15k-237,structural_r2d3,r2d3,0.351555,19,/award/award_nominee/award_nominations./award/award_nomination/award,1067,dependency,final,U,48922.000000,1.038583,0.038583,50809.557526,UU,50396.000000,1.067342,0.067342,53789.747274,0.800959,1476.000000,0.199041,1182.214746,1.038583,48922.000000,0.038583,50809.557526,,,,,,,,,1.037117,16036.000000,0.037117,16631.216230,1.073667,31382.000000,0.073667,33693.811518,1.067342,50396.000000,0.067342,53789.747274,,,,,,,,,,,,,,,,,,,,,
FB15k-237,structural_r2d3,r2d3,0.351555,20,/music/genre/artists,664,rule_only,trial,U,17362.000000,0.970947,0.029053,16857.583550,BB,23988.000000,1.000000,0.000000,23988.000000,0.738250,412.000000,0.261750,304.159165,0.970947,17362.000000,0.029053,16857.583550,,,,,,,,,1.000000,23988.000000,0.000000,23988.000000,1.000000,9346.000000,0.000000,9346.000000,1.000000,9579.000000,0.000000,9579.000000,,,,,,,,,,,,,,,,,,,,,
FB15k-237,structural_r2d3,r2d3,0.351555,21,/influence/influence_node/influenced_by,235,rule_only,trial,U,3291.000000,2.055557,1.055557,6764.838087,BB,292.000000,1.000000,0.000000,292.000000,0.967566,232.000000,0.032434,224.475405,2.055557,3291.000000,1.055557,6764.838087,,,,,,,,,1.000000,292.000000,0.000000,292.000000,1.000000,269.000000,0.000000,269.000000,1.000000,131.000000,0.000000,131.000000,,,,,,,,,,,,,,,,,,,,,
FB15k-237,structural_r2d3,r2d3,0.351555,22,/education/educational_institution/students_graduates./education/education/student,311,dependency,final,U,2285.000000,2.203765,1.203765,5035.603939,UU,63.000000,1.462834,0.462834,92.158517,1.244457,249.000000,0.244457,309.869793,2.203765,2285.000000,1.203765,5035.603939,,,,,,,,,,,,,,,,,1.462834,63.000000,0.462834,92.158517,,,,,,,,,,,,,,,,,,,,,
FB15k-237,structural_r2d3,r2d3,0.351555,23,/organization/organization_member/member_of./organization/organization_membership/organization,96,rule_only,trial,U,7016.000000,0.538500,0.461500,3778.113895,UU,16645.000000,1.000000,0.000000,16645.000000,0.567585,356.000000,0.432415,202.060118,0.538500,7016.000000,0.461500,3778.113895,,,,,,,,,1.000000,4850.000000,0.000000,4850.000000,1.000000,609.000000,0.000000,609.000000,1.000000,16645.000000,0.000000,16645.000000,,,,,,,,,,,,,,,,,,,,,
FB15k-237,structural_r2d3,r2d3,0.351555,24,/people/person/place_of_birth,170,dependency,final,U,1538.000000,1.872936,0.872936,2880.575414,UU,126.000000,1.720030,0.720030,216.723793,1.645338,460.000000,0.645338,756.855388,1.872936,1538.000000,0.872936,2880.575414,,,,,,,,,1.516450,10.000000,0.516450,15.164503,1.636796,12.000000,0.636796,19.641547,1.720030,126.000000,0.720030,216.723793,,,,,,,,,,,,,,,,,,,,,
FB15k-237,structural_r2d3,r2d3,0.351555,25,/common/topic/webpage./common/webpage/category,402,rule_only,trial,U,3333.000000,1.000000,0.000000,3333.000000,BB,3513.000000,1.000000,0.000000,3513.000000,1.000000,2031.000000,0.000000,2031.000000,1.000000,3333.000000,0.000000,3333.000000,,,,,,,,,1.000000,3513.000000,0.000000,3513.000000,,,,,1.000000,1900.000000,0.000000,1900.000000,,,,,,,,,,,,,,,,,,,,,
FB15k-237,structural_r2d3,r2d3,0.351555,26,/film/film/other_crew./film/film_crew_gig/film_crew_role,606,rule_only,trial,U,42733.000000,0.386647,0.613353,16522.581978,UU,19941.000000,1.000000,0.000000,19941.000000,0.627273,255.000000,0.372727,159.954564,0.386647,42733.000000,0.613353,16522.581978,,,,,,,,,1.000000,13793.000000,0.000000,13793.000000,1.000000,18296.000000,0.000000,18296.000000,1.000000,19941.000000,0.000000,19941.000000,,,,,,,,,,,,,,,,,,,,,
FB15k-237,structural_r2d3,r2d3,0.351555,27,/award/award_ceremony/awards_presented./award/award_honor/award_winner,317,rule_only,trial,U,8462.000000,0.992874,0.007126,8401.698096,UU,16493.000000,1.000000,0.000000,16493.000000,0.874248,449.000000,0.125752,392.537172,0.992874,8462.000000,0.007126,8401.698096,,,,,,,,,1.000000,8286.000000,0.000000,8286.000000,1.000000,1038.000000,0.000000,1038.000000,1.000000,16493.000000,0.000000,16493.000000,,,,,,,,,,,,,,,,,,,,,
FB15k-237,structural_r2d3,r2d3,0.351555,28,/film/film/country,131,rule_only,trial,U,6614.000000,0.832004,0.167996,5502.876440,UU,8317.000000,1.000000,0.000000,8317.000000,0.629912,1792.000000,0.370088,1128.801587,0.832004,6614.000000,0.167996,5502.876440,,,,,,,,,1.000000,2481.000000,0.000000,2481.000000,1.000000,145.000000,0.000000,145.000000,1.000000,8317.000000,0.000000,8317.000000,,,,,,,,,,,,,,,,,,,,,
FB15k-237,structural_r2d3,r2d3,0.351555,29,/olympics/olympic_sport/athletes./olympics/olympic_athlete_affiliation/country,258,rule_only,trial,U,47285.000000,0.436737,0.563263,20651.123231,UU,77774.000000,1.000000,0.000000,77774.000000,0.566198,291.000000,0.433802,164.763676,0.436737,47285.000000,0.563263,20651.123231,,,,,,,,,1.000000,18237.000000,0.000000,18237.000000,1.000000,21872.000000,0.000000,21872.000000,1.000000,77774.000000,0.000000,77774.000000,,,,,,,,,,,,,,,,,,,,,
FB15k-237,structural_r2d3,r2d3,0.351555,30,/award/award_winning_work/awards_won./award/award_honor/award,118,dependency,final,U,19020.000000,0.853791,0.146209,16239.112428,UU,18611.000000,1.050249,0.050249,19546.176695,0.871588,721.000000,0.128412,628.415164,0.853791,19020.000000,0.146209,16239.112428,,,,,,,,,1.048436,16979.000000,0.048436,17801.389750,1.038275,5079.000000,0.038275,5273.401264,1.050249,18611.000000,0.050249,19546.176695,,,,,,,,,,,,,,,,,,,,,
FB15k-237,structural_r2d3,r2d3,0.351555,31,/film/film/genre,722,rule_only,trial,U,15225.000000,1.035263,0.035263,15761.883743,BB,22421.000000,1.000000,0.000000,22421.000000,0.711961,589.000000,0.288039,419.345206,1.035263,15225.000000,0.035263,15761.883743,,,,,,,,,1.000000,22421.000000,0.000000,22421.000000,1.000000,5762.000000,0.000000,5762.000000,1.000000,13923.000000,0.000000,13923.000000,,,,,,,,,,,,,,,,,,,,,
FB15k-237,structural_r2d3,r2d3,0.351555,32,/film/film_distributor/films_distributed./film/film_film_distributor_relationship/film,160,rule_only,trial,U,5158.000000,1.408490,0.408490,7264.992452,BB,10273.000000,1.000000,0.000000,10273.000000,0.899505,663.000000,0.100495,596.371815,1.408490,5158.000000,0.408490,7264.992452,,,,,,,,,1.000000,10273.000000,0.000000,10273.000000,1.000000,302.000000,0.000000,302.000000,1.000000,5603.000000,0.000000,5603.000000,,,,,,,,,,,,,,,,,,,,,
FB15k-237,structural_r2d3,r2d3,0.351555,33,/location/statistical_region/rent50_2./measurement_unit/dated_money_value/currency,46,rule_only,trial,B,393.000000,0.762078,0.237922,299.496850,BB,1860.000000,1.000000,0.000000,1860.000000,0.762078,393.000000,0.237922,299.496850,0.760413,92.000000,0.239587,69.957978,,,,,,,,,1.000000,1860.000000,0.000000,1860.000000,,,,,1.000000,80.000000,0.000000,80.000000,,,,,,,,,,,,,,,,,,,,,
FB15k-237,structural_r2d3,r2d3,0.351555,34,/film/film/estimated_budget./measurement_unit/dated_money_value/currency,151,dependency,final,U,1981.000000,0.695826,0.304174,1378.432098,BB,4774.000000,1.008128,0.008128,4812.802595,0.688180,705.000000,0.311820,485.167041,0.695826,1981.000000,0.304174,1378.432098,,,,,,,,,1.008128,4774.000000,0.008128,4812.802595,,,,,1.007739,607.000000,0.007739,611.697330,,,,,,,,,,,,,,,,,,,,,
FB15k-237,structural_r2d3,r2d3,0.351555,35,/government/legislative_session/members./government/government_position_held/district_represented,117,dependency,final,U,11075.000000,0.508374,0.491626,5630.240943,UU,29509.000000,0.998109,0.001891,29453.186677,0.543115,100.000000,0.456885,54.311470,0.508374,11075.000000,0.491626,5630.240943,,,,,,,,,0.998142,2484.000000,0.001858,2479.385225,0.998164,11277.000000,0.001836,11256.295428,0.998109,29509.000000,0.001891,29453.186677,,,,,,,,,,,,,,,,,,,,,
FB15k-237,structural_r2d3,r2d3,0.351555,36,/sports/sports_team/roster./american_football/football_historical_roster_position/position_s,1,rule_only,trial,U,12794.000000,1.000000,0.000000,12794.000000,UU,24092.000000,1.000000,0.000000,24092.000000,1.000000,257.000000,0.000000,257.000000,1.000000,12794.000000,0.000000,12794.000000,,,,,,,,,1.000000,2440.000000,0.000000,2440.000000,1.000000,3061.000000,0.000000,3061.000000,1.000000,24092.000000,0.000000,24092.000000,,,,,,,,,,,,,,,,,,,,,
FB15k-237,structural_r2d3,r2d3,0.351555,37,/government/government_office_category/officeholders./government/government_position_held/jurisdiction_of_office,91,rule_only,trial,U,3697.000000,0.649263,0.350737,2400.326420,UU,8945.000000,1.000000,0.000000,8945.000000,0.663970,346.000000,0.336030,229.733758,0.649263,3697.000000,0.350737,2400.326420,,,,,,,,,1.000000,6992.000000,0.000000,6992.000000,1.000000,235.000000,0.000000,235.000000,1.000000,8945.000000,0.000000,8945.000000,,,,,,,,,,,,,,,,,,,,,
FB15k-237,structural_r2d3,r2d3,0.351555,38,/award/award_nominee/award_nominations./award/award_nomination/nominated_for,132,rule_only,trial,U,14666.000000,1.000000,0.000000,14666.000000,UU,19015.000000,1.000000,0.000000,19015.000000,1.000000,2547.000000,0.000000,2547.000000,1.000000,14666.000000,0.000000,14666.000000,,,,,,,,,1.000000,5154.000000,0.000000,5154.000000,1.000000,448.000000,0.000000,448.000000,1.000000,19015.000000,0.000000,19015.000000,,,,,,,,,,,,,,,,,,,,,
FB15k-237,structural_r2d3,r2d3,0.351555,39,/people/deceased_person/place_of_death,78,dependency,final,U,425.000000,1.872478,0.872478,795.803320,UU,21.000000,0.996827,0.003173,20.933369,1.430539,131.000000,0.430539,187.400648,1.872478,425.000000,0.872478,795.803320,,,,,,,,,1.000111,1.000000,0.000111,1.000111,,,,,0.996827,21.000000,0.003173,20.933369,,,,,,,,,,,,,,,,,,,,,
FB15k-237,structural_r2d3,r2d3,0.351555,40,/sports/pro_athlete/teams./sports/sports_team_roster/team,16,rule_only,trial,U,1420.000000,1.022494,0.022494,1451.941622,UU,80.000000,1.000000,0.000000,80.000000,1.043454,84.000000,0.043454,87.650161,1.022494,1420.000000,0.022494,1451.941622,,,,,,,,,1.000000,51.000000,0.000000,51.000000,1.000000,50.000000,0.000000,50.000000,1.000000,80.000000,0.000000,80.000000,,,,,,,,,,,,,,,,,,,,,
FB15k-237,structural_r2d3,r2d3,0.351555,41,/music/artist/track_contributions./music/track_contribution/role,152,rule_only,trial,U,23671.000000,0.520973,0.479027,12331.947149,UU,25248.000000,1.000000,0.000000,25248.000000,0.766723,778.000000,0.233277,596.510416,0.520973,23671.000000,0.479027,12331.947149,,,,,,,,,1.000000,20069.000000,0.000000,20069.000000,1.000000,6394.000000,0.000000,6394.000000,1.000000,25248.000000,0.000000,25248.000000,,,,,,,,,,,,,,,,,,,,,
FB15k-237,structural_r2d3,r2d3,0.351555,42,/music/instrument/instrumentalists,153,rule_only,trial,U,21042.000000,0.636055,0.363945,13383.879831,UU,23469.000000,1.000000,0.000000,23469.000000,0.759037,905.000000,0.240963,686.928213,0.636055,21042.000000,0.363945,13383.879831,,,,,,,,,1.000000,20755.000000,0.000000,20755.000000,1.000000,2525.000000,0.000000,2525.000000,1.000000,23469.000000,0.000000,23469.000000,,,,,,,,,,,,,,,,,,,,,
FB15k-237,structural_r2d3,r2d3,0.351555,43,/people/person/gender,436,dependency,final,U,6690.000000,0.565918,0.434082,3785.990751,BB,1645.000000,1.026334,0.026334,1688.319101,0.462965,686.000000,0.537035,317.594059,0.565918,6690.000000,0.434082,3785.990751,,,,,,,,,1.026334,1645.000000,0.026334,1688.319101,,,,,1.023123,1417.000000,0.023123,1449.765433,,,,,,,,,,,,,,,,,,,,,
FB15k-237,structural_r2d3,r2d3,0.351555,44,/business/job_title/people_with_this_title./business/employment_tenure/company,85,rule_only,trial,U,1304.000000,0.825592,0.174408,1076.571446,BB,2987.000000,1.000000,0.000000,2987.000000,0.731983,308.000000,0.268017,225.450702,0.825592,1304.000000,0.174408,1076.571446,,,,,,,,,1.000000,2987.000000,0.000000,2987.000000,1.000000,262.000000,0.000000,262.000000,1.000000,764.000000,0.000000,764.000000,,,,,,,,,,,,,,,,,,,,,
FB15k-237,structural_r2d3,r2d3,0.351555,45,/base/popstra/celebrity/friendship./base/popstra/friendship/participant,32,dependency,final,U,2048.000000,1.290639,0.290639,2643.228058,BB,404.000000,1.226962,0.226962,495.692608,1.338156,863.000000,0.338156,1154.828283,1.290639,2048.000000,0.290639,2643.228058,,,,,,,,,1.226962,404.000000,0.226962,495.692608,1.229584,53.000000,0.229584,65.167963,1.131383,7.000000,0.131383,7.919680,,,,,,,,,,,,,,,,,,,,,
FB15k-237,structural_r2d3,r2d3,0.351555,46,/business/business_operation/industry,41,dependency,final,U,209.000000,0.915209,0.084791,191.278660,UU,54.000000,1.018290,0.018290,54.987655,0.849958,47.000000,0.150042,39.948049,0.915209,209.000000,0.084791,191.278660,,,,,,,,,1.017171,38.000000,0.017171,38.652487,1.016069,4.000000,0.016069,4.064278,1.018290,54.000000,0.018290,54.987655,,,,,,,,,,,,,,,,,,,,,
FB15k-237,structural_r2d3,r2d3,0.351555,47,/award/award_category/winners./award/award_honor/award_winner,217,dependency,final,U,17706.000000,1.008953,0.008953,17864.527130,BB,14847.000000,1.097514,0.097514,16294.790358,0.866401,1150.000000,0.133599,996.361150,1.008953,17706.000000,0.008953,17864.527130,,,,,,,,,1.097514,14847.000000,0.097514,16294.790358,1.084795,3286.000000,0.084795,3564.636370,1.085348,14810.000000,0.085348,16074.005361,,,,,,,,,,,,,,,,,,,,,
FB15k-237,structural_r2d3,r2d3,0.351555,48,/people/person/nationality,494,rule_only,trial,U,6832.000000,1.151623,0.151623,7867.886286,BB,2752.000000,1.000000,0.000000,2752.000000,0.651510,2884.000000,0.348490,1878.955994,1.151623,6832.000000,0.151623,7867.886286,,,,,,,,,1.000000,2752.000000,0.000000,2752.000000,1.000000,47.000000,0.000000,47.000000,1.000000,1411.000000,0.000000,1411.000000,,,,,,,,,,,,,,,,,,,,,
FB15k-237,structural_r2d3,r2d3,0.351555,49,/sports/sports_team/roster./baseball/baseball_roster_position/position,3,dependency,final,U,559.000000,0.794471,0.205529,444.109345,UU,1059.000000,1.017795,0.017795,1077.845329,0.793792,27.000000,0.206208,21.432395,0.794471,559.000000,0.205529,444.109345,,,,,,,,,1.017822,177.000000,0.017822,180.154423,1.017799,168.000000,0.017799,170.990316,1.017795,1059.000000,0.017795,1077.845329,,,,,,,,,,,,,,,,,,,,,
FB15k-237,structural_r2d3,r2d3,0.351555,50,/people/cause_of_death/people,94,dependency,final,U,657.000000,0.941094,0.058906,618.298495,UU,21.000000,1.075613,0.075613,22.587881,0.933293,55.000000,0.066707,51.331098,0.941094,657.000000,0.058906,618.298495,,,,,,,,,1.048484,3.000000,0.048484,3.145453,,,,,1.075613,21.000000,0.075613,22.587881,,,,,,,,,,,,,,,,,,,,,
FB15k-237,structural_r2d3,r2d3,0.351555,51,/tv/tv_program/languages,24,dependency,final,U,261.000000,0.751057,0.248943,196.025981,BB,1142.000000,1.054386,0.054386,1204.109269,0.632921,249.000000,0.367079,157.597404,0.751057,261.000000,0.248943,196.025981,,,,,,,,,1.054386,1142.000000,0.054386,1204.109269,,,,,1.056802,672.000000,0.056802,710.170742,,,,,,,,,,,,,,,,,,,,,
FB15k-237,structural_r2d3,r2d3,0.351555,52,/music/genre/parent_genre,97,rule_only,trial,U,418.000000,1.153797,0.153797,482.287021,BB,109.000000,1.000000,0.000000,109.000000,0.784489,36.000000,0.215511,28.241604,1.153797,418.000000,0.153797,482.287021,,,,,,,,,1.000000,109.000000,0.000000,109.000000,1.000000,32.000000,0.000000,32.000000,1.000000,47.000000,0.000000,47.000000,,,,,,,,,,,,,,,,,,,,,
FB15k-237,structural_r2d3,r2d3,0.351555,53,/base/popstra/celebrity/breakup./base/popstra/breakup/participant,0,rule_only,trial,U,20.000000,1.000000,0.000000,20.000000,BB,8.000000,1.000000,0.000000,8.000000,1.000000,19.000000,0.000000,19.000000,1.000000,20.000000,0.000000,20.000000,,,,,,,,,1.000000,8.000000,0.000000,8.000000,1.000000,1.000000,0.000000,1.000000,,,,,,,,,,,,,,,,,,,,,,,,,
FB15k-237,structural_r2d3,r2d3,0.351555,54,/location/country/capital,11,rule_only,trial,B,27.000000,1.000000,0.000000,27.000000,BB,18.000000,1.000000,0.000000,18.000000,1.000000,27.000000,0.000000,27.000000,,,,,,,,,,,,,1.000000,18.000000,0.000000,18.000000,,,,,,,,,,,,,,,,,,,,,,,,,,,,,
FB15k-237,structural_r2d3,r2d3,0.351555,55,/film/special_film_performance_type/film_performance_type./film/performance/film,11,rule_only,trial,U,221.000000,1.000000,0.000000,221.000000,UU,65.000000,1.000000,0.000000,65.000000,1.000000,44.000000,0.000000,44.000000,1.000000,221.000000,0.000000,221.000000,,,,,,,,,1.000000,9.000000,0.000000,9.000000,,,,,1.000000,65.000000,0.000000,65.000000,,,,,,,,,,,,,,,,,,,,,
FB15k-237,structural_r2d3,r2d3,0.351555,56,/location/hud_county_place/place,48,rule_only,none,B,695.000000,1.000000,0.000000,695.000000,,,,,,1.000000,695.000000,0.000000,695.000000,1.000000,276.000000,0.000000,276.000000,,,,,,,,,,,,,,,,,,,,,,,,,,,,,,,,,,,,,,,,,
FB15k-237,structural_r2d3,r2d3,0.351555,57,/music/performance_role/guest_performances./music/recording_contribution/performance_role,2,rule_only,trial,U,14853.000000,1.000000,0.000000,14853.000000,BU,24180.000000,1.000000,0.000000,24180.000000,1.000000,822.000000,0.000000,822.000000,1.000000,14853.000000,0.000000,14853.000000,,,,,,,,,1.000000,5677.000000,0.000000,5677.000000,1.000000,24180.000000,0.000000,24180.000000,1.000000,12427.000000,0.000000,12427.000000,,,,,,,,,,,,,,,,,,,,,
FB15k-237,structural_r2d3,r2d3,0.351555,58,/location/location/adjoin_s./location/adjoining_relationship/adjoins,55,dependency,final,U,4622.000000,0.930612,0.069388,4301.287277,BB,7108.000000,1.047748,0.047748,7447.392073,0.936995,1297.000000,0.063005,1215.282904,0.930612,4622.000000,0.069388,4301.287277,,,,,,,,,1.047748,7108.000000,0.047748,7447.392073,1.087842,188.000000,0.087842,204.514240,1.060712,1807.000000,0.060712,1916.707126,,,,,,,,,,,,,,,,,,,,,
FB15k-237,structural_r2d3,r2d3,0.351555,59,/film/film_subject/films,77,dependency,final,U,1106.000000,1.620951,0.620951,1792.772138,UU,40.000000,1.043733,0.043733,41.749320,1.132274,79.000000,0.132274,89.449646,1.620951,1106.000000,0.620951,1792.772138,,,,,,,,,1.011053,4.000000,0.011053,4.044211,,,,,1.043733,40.000000,0.043733,41.749320,,,,,,,,,,,,,,,,,,,,,
FB15k-237,structural_r2d3,r2d3,0.351555,60,/base/schemastaging/person_extra/net_worth./measurement_unit/dated_money_value/currency,60,dependency,final,U,808.000000,0.748241,0.251759,604.578890,BB,4189.000000,1.008230,0.008230,4223.473794,0.761654,585.000000,0.238346,445.567707,0.748241,808.000000,0.251759,604.578890,,,,,,,,,1.008230,4189.000000,0.008230,4223.473794,,,,,1.008229,105.000000,0.008229,105.864076,,,,,,,,,,,,,,,,,,,,,
FB15k-237,structural_r2d3,r2d3,0.351555,61,/education/educational_institution/colors,90,dependency,final,U,1376.000000,0.776809,0.223191,1068.889184,UU,2387.000000,1.002350,0.002350,2392.610166,0.758441,105.000000,0.241559,79.636347,0.776809,1376.000000,0.223191,1068.889184,,,,,,,,,1.004146,1589.000000,0.004146,1595.587358,1.003464,261.000000,0.003464,261.904104,1.002350,2387.000000,0.002350,2392.610166,,,,,,,,,,,,,,,,,,,,,
FB15k-237,structural_r2d3,r2d3,0.351555,62,/base/aareas/schema/administrative_area/administrative_parent,25,dependency,final,U,1058.000000,0.931097,0.068903,985.101049,BB,3315.000000,1.084058,0.084058,3593.651275,0.877910,575.000000,0.122090,504.797962,0.931097,1058.000000,0.068903,985.101049,,,,,,,,,1.084058,3315.000000,0.084058,3593.651275,1.107843,82.000000,0.107843,90.843142,1.088882,3135.000000,0.088882,3413.644757,,,,,,,,,,,,,,,,,,,,,
FB15k-237,structural_r2d3,r2d3,0.351555,63,/organization/role/leaders./organization/leadership/organization,70,dependency,final,U,668.000000,0.957028,0.042972,639.294370,BB,2057.000000,1.002472,0.002472,2062.084904,0.675276,303.000000,0.324724,204.608658,0.957028,668.000000,0.042972,639.294370,,,,,,,,,1.002472,2057.000000,0.002472,2062.084904,0.996822,88.000000,0.003178,87.720327,1.003199,1739.000000,0.003199,1744.563061,,,,,,,,,,,,,,,,,,,,,
FB15k-237,structural_r2d3,r2d3,0.351555,64,/government/legislative_session/members./government/government_position_held/legislative_sessions,13,rule_only,trial,U,8275.000000,0.845472,0.154528,6996.279145,UU,13861.000000,1.000000,0.000000,13861.000000,0.844747,36.000000,0.155253,30.410881,0.845472,8275.000000,0.154528,6996.279145,,,,,,,,,1.000000,202.000000,0.000000,202.000000,1.000000,3027.000000,0.000000,3027.000000,1.000000,13861.000000,0.000000,13861.000000,,,,,,,,,,,,,,,,,,,,,
FB15k-237,structural_r2d3,r2d3,0.351555,65,/olympics/olympic_games/sports,13,dependency,final,U,9546.000000,0.536557,0.463443,5121.969304,UU,11804.000000,1.000601,0.000601,11811.096565,0.554617,104.000000,0.445383,57.680168,0.536557,9546.000000,0.463443,5121.969304,,,,,,,,,1.000611,929.000000,0.000611,929.567433,1.000802,8277.000000,0.000802,8283.637326,1.000601,11804.000000,0.000601,11811.096565,,,,,,,,,,,,,,,,,,,,,
FB15k-237,structural_r2d3,r2d3,0.351555,66,/people/person/places_lived./people/place_lived/location,305,dependency,final,U,3542.000000,1.562356,0.562356,5533.866369,UU,1026.000000,1.454927,0.454927,1492.755205,1.243843,977.000000,0.243843,1215.234220,1.562356,3542.000000,0.562356,5533.866369,,,,,,,,,1.383082,236.000000,0.383082,326.407305,1.168591,21.000000,0.168591,24.540405,1.454927,1026.000000,0.454927,1492.755205,,,,,,,,,,,,,,,,,,,,,
FB15k-237,structural_r2d3,r2d3,0.351555,67,/award/award_category/disciplines_or_subjects,15,dependency,final,U,198.000000,0.893444,0.106556,176.901932,UU,182.000000,1.000330,0.000330,182.060060,0.704647,25.000000,0.295353,17.616170,0.893444,198.000000,0.106556,176.901932,,,,,,,,,0.998483,41.000000,0.001517,40.937787,1.001304,4.000000,0.001304,4.005215,1.000330,182.000000,0.000330,182.060060,,,,,,,,,,,,,,,,,,,,,
FB15k-237,structural_r2d3,r2d3,0.351555,68,/sports/professional_sports_team/draft_picks./sports/sports_league_draft_pick/school,86,rule_only,trial,U,3011.000000,1.000000,0.000000,3011.000000,UU,1992.000000,1.000000,0.000000,1992.000000,1.000000,132.000000,0.000000,132.000000,1.000000,3011.000000,0.000000,3011.000000,,,,,,,,,1.000000,398.000000,0.000000,398.000000,1.000000,186.000000,0.000000,186.000000,1.000000,1992.000000,0.000000,1992.000000,,,,,,,,,,,,,,,,,,,,,
FB15k-237,structural_r2d3,r2d3,0.351555,69,/olympics/olympic_participating_country/medals_won./olympics/olympic_medal_honor/olympics,63,rule_only,trial,U,34384.000000,0.471020,0.528980,16195.558557,UU,63445.000000,1.000000,0.000000,63445.000000,0.587386,466.000000,0.412614,273.721643,0.471020,34384.000000,0.528980,16195.558557,,,,,,,,,1.000000,21884.000000,0.000000,21884.000000,1.000000,9803.000000,0.000000,9803.000000,1.000000,63445.000000,0.000000,63445.000000,,,,,,,,,,,,,,,,,,,,,
FB15k-237,structural_r2d3,r2d3,0.351555,70,/language/human_language/countries_spoken_in,25,rule_only,trial,U,1605.000000,1.000000,0.000000,1605.000000,UU,4339.000000,1.000000,0.000000,4339.000000,1.000000,278.000000,0.000000,278.000000,1.000000,1605.000000,0.000000,1605.000000,,,,,,,,,1.000000,3137.000000,0.000000,3137.000000,1.000000,56.000000,0.000000,56.000000,1.000000,4339.000000,0.000000,4339.000000,,,,,,,,,,,,,,,,,,,,,
FB15k-237,structural_r2d3,r2d3,0.351555,71,/people/ethnicity/people,251,rule_only,trial,U,2926.000000,1.475365,0.475365,4316.916820,BB,4781.000000,1.000000,0.000000,4781.000000,0.833322,340.000000,0.166678,283.329548,1.475365,2926.000000,0.475365,4316.916820,,,,,,,,,1.000000,4781.000000,0.000000,4781.000000,1.000000,114.000000,0.000000,114.000000,1.000000,2718.000000,0.000000,2718.000000,,,,,,,,,,,,,,,,,,,,,
FB15k-237,structural_r2d3,r2d3,0.351555,72,/olympics/olympic_participating_country/athletes./olympics/olympic_athlete_affiliation/olympics,31,rule_only,trial,U,18907.000000,0.669291,0.330709,12654.279265,UU,39819.000000,1.000000,0.000000,39819.000000,0.704833,442.000000,0.295167,311.536319,0.669291,18907.000000,0.330709,12654.279265,,,,,,,,,1.000000,15101.000000,0.000000,15101.000000,1.000000,4229.000000,0.000000,4229.000000,1.000000,39819.000000,0.000000,39819.000000,,,,,,,,,,,,,,,,,,,,,
FB15k-237,structural_r2d3,r2d3,0.351555,73,/olympics/olympic_participating_country/medals_won./olympics/olympic_medal_honor/medal,38,rule_only,trial,U,2418.000000,0.756441,0.243559,1829.075547,UU,5071.000000,1.000000,0.000000,5071.000000,0.758806,118.000000,0.241194,89.539155,0.756441,2418.000000,0.243559,1829.075547,,,,,,,,,1.000000,665.000000,0.000000,665.000000,1.000000,1.000000,0.000000,1.000000,1.000000,5071.000000,0.000000,5071.000000,,,,,,,,,,,,,,,,,,,,,
FB15k-237,structural_r2d3,r2d3,0.351555,74,/film/film/other_crew./film/film_crew_gig/crewmember,26,dependency,final,U,1099.000000,1.328821,0.328821,1460.373839,UU,68.000000,1.135376,0.135376,77.205568,0.868894,132.000000,0.131106,114.693955,1.328821,1099.000000,0.328821,1460.373839,,,,,,,,,1.097249,15.000000,0.097249,16.458735,,,,,1.135376,68.000000,0.135376,77.205568,,,,,,,,,,,,,,,,,,,,,
FB15k-237,structural_r2d3,r2d3,0.351555,75,/music/performance_role/track_performances./music/track_contribution/role,53,rule_only,trial,U,112987.000000,0.322715,0.677285,36462.656199,UU,184522.000000,1.000000,0.000000,184522.000000,0.515769,1073.000000,0.484231,553.419922,0.322715,112987.000000,0.677285,36462.656199,,,,,,,,,1.000000,4186.000000,0.000000,4186.000000,1.000000,45456.000000,0.000000,45456.000000,1.000000,184522.000000,0.000000,184522.000000,,,,,,,,,,,,,,,,,,,,,
FB15k-237,structural_r2d3,r2d3,0.351555,76,/music/record_label/artist,266,rule_only,trial,U,4621.000000,1.502266,0.502266,6941.969800,UU,1361.000000,1.000000,0.000000,1361.000000,0.940506,228.000000,0.059494,214.435414,1.502266,4621.000000,0.502266,6941.969800,,,,,,,,,1.000000,903.000000,0.000000,903.000000,1.000000,249.000000,0.000000,249.000000,1.000000,1361.000000,0.000000,1361.000000,,,,,,,,,,,,,,,,,,,,,
FB15k-237,structural_r2d3,r2d3,0.351555,77,/base/popstra/celebrity/dated./base/popstra/dated/participant,11,rule_only,trial,U,1251.000000,1.000000,0.000000,1251.000000,BB,25.000000,1.000000,0.000000,25.000000,1.000000,352.000000,0.000000,352.000000,1.000000,1251.000000,0.000000,1251.000000,,,,,,,,,1.000000,25.000000,0.000000,25.000000,1.000000,3.000000,0.000000,3.000000,1.000000,10.000000,0.000000,10.000000,,,,,,,,,,,,,,,,,,,,,
FB15k-237,structural_r2d3,r2d3,0.351555,78,/base/locations/continents/countries_within,5,dependency,final,U,1031.000000,0.695466,0.304534,717.025961,UU,2593.000000,1.001248,0.001248,2596.235027,0.723254,156.000000,0.276746,112.827640,0.695466,1031.000000,0.304534,717.025961,,,,,,,,,0.998999,2077.000000,0.001001,2074.921546,0.998298,78.000000,0.001702,77.867236,1.001248,2593.000000,0.001248,2596.235027,,,,,,,,,,,,,,,,,,,,,
FB15k-237,structural_r2d3,r2d3,0.351555,79,/sports/sports_league_draft/picks./sports/sports_league_draft_pick/school,42,rule_only,trial,U,1100.000000,0.866112,0.133888,952.723640,UU,495.000000,1.000000,0.000000,495.000000,0.866344,68.000000,0.133656,58.911392,0.866112,1100.000000,0.133888,952.723640,,,,,,,,,1.000000,35.000000,0.000000,35.000000,1.000000,22.000000,0.000000,22.000000,1.000000,495.000000,0.000000,495.000000,,,,,,,,,,,,,,,,,,,,,
FB15k-237,structural_r2d3,r2d3,0.351555,80,/sports/sports_team/sport,53,dependency,final,U,328.000000,0.695781,0.304219,228.216070,UU,1207.000000,1.035489,0.035489,1249.834982,0.649243,77.000000,0.350757,49.991703,0.695781,328.000000,0.304219,228.216070,,,,,,,,,1.031979,176.000000,0.031979,181.628251,,,,,1.035489,1207.000000,0.035489,1249.834982,,,,,,,,,,,,,,,,,,,,,
FB15k-237,structural_r2d3,r2d3,0.351555,81,/education/educational_institution_campus/educational_institution,13,rule_only,none,B,907.000000,1.000000,0.000000,907.000000,,,,,,1.000000,907.000000,0.000000,907.000000,1.000000,664.000000,0.000000,664.000000,,,,,,,,,,,,,,,,,,,,,,,,,,,,,,,,,,,,,,,,,
FB15k-237,structural_r2d3,r2d3,0.351555,82,/people/person/religion,127,rule_only,trial,U,1320.000000,1.277458,0.277458,1686.244032,BB,2034.000000,1.000000,0.000000,2034.000000,0.821817,245.000000,0.178183,201.345140,1.277458,1320.000000,0.277458,1686.244032,,,,,,,,,1.000000,2034.000000,0.000000,2034.000000,1.000000,8.000000,0.000000,8.000000,1.000000,793.000000,0.000000,793.000000,,,,,,,,,,,,,,,,,,,,,
FB15k-237,structural_r2d3,r2d3,0.351555,83,/organization/organization/headquarters./location/mailing_address/citytown,55,dependency,final,U,451.000000,1.876379,0.876379,846.246974,UU,160.000000,1.041113,0.041113,166.578080,1.580805,286.000000,0.580805,452.110316,1.876379,451.000000,0.876379,846.246974,,,,,,,,,1.054639,146.000000,0.054639,153.977221,1.003429,2.000000,0.003429,2.006859,1.041113,160.000000,0.041113,166.578080,,,,,,,,,,,,,,,,,,,,,
FB15k-237,structural_r2d3,r2d3,0.351555,84,/film/film/produced_by,60,rule_only,trial,U,2199.000000,1.000000,0.000000,2199.000000,BB,5719.000000,1.000000,0.000000,5719.000000,1.000000,738.000000,0.000000,738.000000,1.000000,2199.000000,0.000000,2199.000000,,,,,,,,,1.000000,5719.000000,0.000000,5719.000000,1.000000,189.000000,0.000000,189.000000,1.000000,127.000000,0.000000,127.000000,,,,,,,,,,,,,,,,,,,,,
FB15k-237,structural_r2d3,r2d3,0.351555,85,/people/person/spouse_s./people/marriage/type_of_union,346,rule_only,trial,U,4951.000000,0.702470,0.297530,3477.927485,BB,1962.000000,1.000000,0.000000,1962.000000,0.516439,908.000000,0.483561,468.926975,0.702470,4951.000000,0.297530,3477.927485,,,,,,,,,1.000000,1962.000000,0.000000,1962.000000,,,,,1.000000,585.000000,0.000000,585.000000,,,,,,,,,,,,,,,,,,,,,
FB15k-237,structural_r2d3,r2d3,0.351555,86,/film/film/production_companies,84,dependency,final,U,3736.000000,1.431437,0.431437,5347.849006,BB,7938.000000,1.042053,0.042053,8271.817508,0.931650,585.000000,0.068350,545.015074,1.431437,3736.000000,0.431437,5347.849006,,,,,,,,,1.042053,7938.000000,0.042053,8271.817508,1.029842,151.000000,0.029842,155.506157,1.046392,1241.000000,0.046392,1298.571976,,,,,,,,,,,,,,,,,,,,,
FB15k-237,structural_r2d3,r2d3,0.351555,87,/location/country/second_level_divisions,46,dependency,final,B,562.000000,0.684718,0.315282,384.811460,BB,2528.000000,0.993727,0.006273,2512.140845,0.684718,562.000000,0.315282,384.811460,1.161167,163.000000,0.161167,189.270237,,,,,,,,,0.993727,2528.000000,0.006273,2512.140845,0.999899,113.000000,0.000101,112.988576,0.993363,64.000000,0.006637,63.575219,,,,,,,,,,,,,,,,,,,,,
FB15k-237,structural_r2d3,r2d3,0.351555,88,/base/culturalevent/event/entity_involved,20,dependency,final,U,134.000000,0.938321,0.061679,125.734947,BB,123.000000,1.003374,0.003374,123.415039,0.818082,103.000000,0.181918,84.262446,0.938321,134.000000,0.061679,125.734947,,,,,,,,,1.003374,123.000000,0.003374,123.415039,1.003343,52.000000,0.003343,52.173815,1.003262,59.000000,0.003262,59.192446,,,,,,,,,,,,,,,,,,,,,
FB15k-237,structural_r2d3,r2d3,0.351555,89,/education/educational_degree/people_with_this_degree./education/education/institution,287,rule_only,trial,U,13018.000000,0.581829,0.418171,7574.247318,UU,21236.000000,1.000000,0.000000,21236.000000,0.638872,195.000000,0.361128,124.580137,0.581829,13018.000000,0.418171,7574.247318,,,,,,,,,1.000000,6560.000000,0.000000,6560.000000,1.000000,8173.000000,0.000000,8173.000000,1.000000,21236.000000,0.000000,21236.000000,,,,,,,,,,,,,,,,,,,,,
FB15k-237,structural_r2d3,r2d3,0.351555,90,/film/film/distributors./film/film_film_distributor_relationship/film_distribution_medium,38,rule_only,trial,U,738.000000,0.805362,0.194638,594.356935,UU,1109.000000,1.000000,0.000000,1109.000000,0.793676,156.000000,0.206324,123.813425,0.805362,738.000000,0.194638,594.356935,,,,,,,,,1.000000,984.000000,0.000000,984.000000,1.000000,85.000000,0.000000,85.000000,1.000000,1109.000000,0.000000,1109.000000,,,,,,,,,,,,,,,,,,,,,
FB15k-237,structural_r2d3,r2d3,0.351555,91,/tv/tv_program/tv_producer./tv/tv_producer_term/producer_type,11,dependency,final,U,143.000000,0.839691,0.160309,120.075870,UU,413.000000,1.003346,0.003346,414.381815,0.839487,85.000000,0.160513,71.356386,0.839691,143.000000,0.160309,120.075870,,,,,,,,,1.003346,386.000000,0.003346,387.291479,,,,,1.003346,413.000000,0.003346,414.381815,,,,,,,,,,,,,,,,,,,,,
FB15k-237,structural_r2d3,r2d3,0.351555,92,/music/performance_role/regular_performances./music/group_membership/group,167,rule_only,trial,U,28732.000000,0.768828,0.231172,22089.966096,UU,42716.000000,1.000000,0.000000,42716.000000,0.771156,380.000000,0.228844,293.039280,0.768828,28732.000000,0.231172,22089.966096,,,,,,,,,1.000000,15517.000000,0.000000,15517.000000,1.000000,6229.000000,0.000000,6229.000000,1.000000,42716.000000,0.000000,42716.000000,,,,,,,,,,,,,,,,,,,,,
FB15k-237,structural_r2d3,r2d3,0.351555,93,/government/politician/government_positions_held./government/government_position_held/legislative_sessions,30,dependency,final,U,1794.000000,0.746648,0.253352,1339.485615,UU,5190.000000,1.000744,0.000744,5193.861879,0.760040,38.000000,0.239960,28.881516,0.746648,1794.000000,0.253352,1339.485615,,,,,,,,,1.000744,285.000000,0.000744,285.212068,1.000744,284.000000,0.000744,284.211324,1.000744,5190.000000,0.000744,5193.861879,,,,,,,,,,,,,,,,,,,,,
FB15k-237,structural_r2d3,r2d3,0.351555,94,/sports/sports_team_location/teams,53,rule_only,none,B,13.000000,0.913300,0.086700,11.872901,,,,,,0.913300,13.000000,0.086700,11.872901,0.888449,2.000000,0.111551,1.776899,,,,,,,,,,,,,,,,,,,,,,,,,,,,,,,,,,,,,,,,,
FB15k-237,structural_r2d3,r2d3,0.351555,95,/sports/sports_team/colors,77,rule_only,trial,U,806.000000,0.698250,0.301750,562.789661,UU,1884.000000,1.000000,0.000000,1884.000000,0.737783,63.000000,0.262217,46.480335,0.698250,806.000000,0.301750,562.789661,,,,,,,,,1.000000,861.000000,0.000000,861.000000,1.000000,181.000000,0.000000,181.000000,1.000000,1884.000000,0.000000,1884.000000,,,,,,,,,,,,,,,,,,,,,
FB15k-237,structural_r2d3,r2d3,0.351555,96,/sports/professional_sports_team/draft_picks./sports/sports_league_draft_pick/draft,43,dependency,final,U,1788.000000,0.751089,0.248911,1342.946238,UU,5422.000000,1.005230,0.005230,5450.359229,0.751087,51.000000,0.248913,38.305437,0.751089,1788.000000,0.248911,1342.946238,,,,,,,,,1.005230,662.000000,0.005230,665.462061,1.005231,221.000000,0.005231,222.156051,1.005230,5422.000000,0.005230,5450.359229,,,,,,,,,,,,,,,,,,,,,
FB15k-237,structural_r2d3,r2d3,0.351555,97,/award/award_nominated_work/award_nominations./award/award_nomination/nominated_for,16,dependency,final,U,3899.000000,0.970638,0.029362,3784.519122,BU,8148.000000,1.035710,0.035710,8438.962636,0.964555,896.000000,0.035445,864.241280,0.970638,3899.000000,0.029362,3784.519122,,,,,,,,,1.036438,7153.000000,0.036438,7413.640299,1.035710,8148.000000,0.035710,8438.962636,1.037125,3879.000000,0.037125,4023.007875,,,,,,,,,,,,,,,,,,,,,
FB15k-237,structural_r2d3,r2d3,0.351555,98,/baseball/baseball_team/team_stats./baseball/baseball_team_stats/season,27,dependency,final,U,1323.000000,0.728285,0.271715,963.521584,UU,1952.000000,1.000744,0.000744,1953.452483,0.726335,11.000000,0.273665,7.989683,0.728285,1323.000000,0.271715,963.521584,,,,,,,,,1.000744,55.000000,0.000744,55.040925,1.000744,622.000000,0.000744,622.462830,1.000744,1952.000000,0.000744,1953.452483,,,,,,,,,,,,,,,,,,,,,
FB15k-237,structural_r2d3,r2d3,0.351555,99,/user/alexander/philosophy/philosopher/interests,9,rule_only,trial,U,139.000000,0.924890,0.075110,128.559710,BB,96.000000,1.000000,0.000000,96.000000,0.930020,26.000000,0.069980,24.180525,0.924890,139.000000,0.075110,128.559710,,,,,,,,,1.000000,96.000000,0.000000,96.000000,1.000000,4.000000,0.000000,4.000000,1.000000,18.000000,0.000000,18.000000,,,,,,,,,,,,,,,,,,,,,
FB15k-237,structural_r2d3,r2d3,0.351555,100,/people/person/languages,98,dependency,final,U,1149.000000,1.272473,0.272473,1462.071707,BB,3546.000000,1.018340,0.018340,3611.034704,0.769143,543.000000,0.230857,417.644486,1.272473,1149.000000,0.272473,1462.071707,,,,,,,,,1.018340,3546.000000,0.018340,3611.034704,1.009712,37.000000,0.009712,37.359329,1.008785,125.000000,0.008785,126.098112,,,,,,,,,,,,,,,,,,,,,
FB15k-237,structural_r2d3,r2d3,0.351555,101,/education/educational_institution/students_graduates./education/education/major_field_of_study,321,rule_only,trial,U,11768.000000,0.621994,0.378006,7319.624215,UU,13829.000000,1.000000,0.000000,13829.000000,0.757782,313.000000,0.242218,237.185735,0.621994,11768.000000,0.378006,7319.624215,,,,,,,,,1.000000,4759.000000,0.000000,4759.000000,1.000000,8930.000000,0.000000,8930.000000,1.000000,13829.000000,0.000000,13829.000000,,,,,,,,,,,,,,,,,,,,,
FB15k-237,structural_r2d3,r2d3,0.351555,102,/film/director/film,19,rule_only,trial,U,1258.000000,1.000000,0.000000,1258.000000,BB,3510.000000,1.000000,0.000000,3510.000000,1.000000,530.000000,0.000000,530.000000,1.000000,1258.000000,0.000000,1258.000000,,,,,,,,,1.000000,3510.000000,0.000000,3510.000000,1.000000,29.000000,0.000000,29.000000,1.000000,211.000000,0.000000,211.000000,,,,,,,,,,,,,,,,,,,,,
FB15k-237,structural_r2d3,r2d3,0.351555,103,/award/award_ceremony/awards_presented./award/award_honor/honored_for,121,dependency,final,U,2004.000000,1.639215,0.639215,3284.987060,BB,1177.000000,1.750278,0.750278,2060.076735,1.022151,196.000000,0.022151,200.341596,1.639215,2004.000000,0.639215,3284.987060,,,,,,,,,1.750278,1177.000000,0.750278,2060.076735,1.579387,99.000000,0.579387,156.359293,1.486648,91.000000,0.486648,135.284941,,,,,,,,,,,,,,,,,,,,,
FB15k-237,structural_r2d3,r2d3,0.351555,104,/olympics/olympic_sport/athletes./olympics/olympic_athlete_affiliation/olympics,8,rule_only,trial,U,5247.000000,0.584875,0.415125,3068.839125,UU,10969.000000,1.000000,0.000000,10969.000000,0.633090,105.000000,0.366910,66.474418,0.584875,5247.000000,0.415125,3068.839125,,,,,,,,,1.000000,965.000000,0.000000,965.000000,1.000000,700.000000,0.000000,700.000000,1.000000,10969.000000,0.000000,10969.000000,,,,,,,,,,,,,,,,,,,,,
FB15k-237,structural_r2d3,r2d3,0.351555,105,/film/film/costume_design_by,13,rule_only,trial,U,437.000000,1.000000,0.000000,437.000000,BB,120.000000,1.000000,0.000000,120.000000,1.000000,81.000000,0.000000,81.000000,1.000000,437.000000,0.000000,437.000000,,,,,,,,,1.000000,120.000000,0.000000,120.000000,,,,,1.000000,10.000000,0.000000,10.000000,,,,,,,,,,,,,,,,,,,,,
FB15k-237,structural_r2d3,r2d3,0.351555,106,/film/film/featured_film_locations,100,dependency,final,U,1750.000000,1.033074,0.033074,1807.879150,UU,1620.000000,1.037664,0.037664,1681.016166,0.875637,344.000000,0.124363,301.218956,1.033074,1750.000000,0.033074,1807.879150,,,,,,,,,1.028452,143.000000,0.028452,147.068707,,,,,1.037664,1620.000000,0.037664,1681.016166,,,,,,,,,,,,,,,,,,,,,
FB15k-237,structural_r2d3,r2d3,0.351555,107,/tv/tv_program/genre,94,rule_only,trial,U,1400.000000,0.896134,0.103866,1254.588020,BB,3122.000000,1.000000,0.000000,3122.000000,0.711764,186.000000,0.288236,132.388048,0.896134,1400.000000,0.103866,1254.588020,,,,,,,,,1.000000,3122.000000,0.000000,3122.000000,1.000000,403.000000,0.000000,403.000000,1.000000,752.000000,0.000000,752.000000,,,,,,,,,,,,,,,,,,,,,
FB15k-237,structural_r2d3,r2d3,0.351555,108,/organization/endowed_organization/endowment./measurement_unit/dated_money_value/currency,3,rule_only,trial,B,462.000000,0.778231,0.221769,359.542583,BB,2422.000000,1.000000,0.000000,2422.000000,0.778231,462.000000,0.221769,359.542583,0.778742,448.000000,0.221258,348.876371,,,,,,,,,1.000000,2422.000000,0.000000,2422.000000,1.000000,184.000000,0.000000,184.000000,1.000000,990.000000,0.000000,990.000000,,,,,,,,,,,,,,,,,,,,,
FB15k-237,structural_r2d3,r2d3,0.351555,109,/film/film/written_by,26,dependency,final,U,819.000000,0.967775,0.032225,792.607643,BB,2858.000000,1.041756,0.041756,2977.337505,0.957427,612.000000,0.042573,585.945508,0.967775,819.000000,0.032225,792.607643,,,,,,,,,1.041756,2858.000000,0.041756,2977.337505,1.031371,7.000000,0.031371,7.219598,1.042010,23.000000,0.042010,23.966237,,,,,,,,,,,,,,,,,,,,,
FB15k-237,structural_r2d3,r2d3,0.351555,110,/tv/tv_producer/programs_produced./tv/tv_producer_term/producer_type,22,dependency,final,U,373.000000,0.728321,0.271679,271.663770,BB,1514.000000,1.004298,0.004298,1520.507475,0.718328,143.000000,0.281672,102.720933,0.728321,373.000000,0.271679,271.663770,,,,,,,,,1.004298,1514.000000,0.004298,1520.507475,,,,,1.004299,472.000000,0.004299,474.028939,,,,,,,,,,,,,,,,,,,,,
FB15k-237,structural_r2d3,r2d3,0.351555,111,/location/hud_county_place/county,7,rule_only,trial,B,159.000000,1.388692,0.388692,220.802012,BB,20.000000,1.000000,0.000000,20.000000,1.388692,159.000000,0.388692,220.802012,1.247437,157.000000,0.247437,195.847688,,,,,,,,,1.000000,20.000000,0.000000,20.000000,,,,,1.000000,3.000000,0.000000,3.000000,,,,,,,,,,,,,,,,,,,,,
FB15k-237,structural_r2d3,r2d3,0.351555,112,/education/educational_degree/people_with_this_degree./education/education/major_field_of_study,63,rule_only,trial,U,4713.000000,0.742183,0.257817,3497.907065,UU,2916.000000,1.000000,0.000000,2916.000000,0.729770,60.000000,0.270230,43.786176,0.742183,4713.000000,0.257817,3497.907065,,,,,,,,,1.000000,561.000000,0.000000,561.000000,1.000000,526.000000,0.000000,526.000000,1.000000,2916.000000,0.000000,2916.000000,,,,,,,,,,,,,,,,,,,,,
FB15k-237,structural_r2d3,r2d3,0.351555,113,/base/schemastaging/organization_extra/phone_number./base/schemastaging/phone_sandbox/contact_category,20,rule_only,trial,U,164.000000,1.000000,0.000000,164.000000,UU,244.000000,1.000000,0.000000,244.000000,1.000000,46.000000,0.000000,46.000000,1.000000,164.000000,0.000000,164.000000,,,,,,,,,1.000000,237.000000,0.000000,237.000000,1.000000,48.000000,0.000000,48.000000,1.000000,244.000000,0.000000,244.000000,,,,,,,,,,,,,,,,,,,,,
FB15k-237,structural_r2d3,r2d3,0.351555,114,/base/saturdaynightlive/snl_cast_member/seasons./base/saturdaynightlive/snl_season_tenure/cast_members,3,rule_only,trial,U,843.000000,1.000000,0.000000,843.000000,BB,2058.000000,1.000000,0.000000,2058.000000,1.000000,202.000000,0.000000,202.000000,1.000000,843.000000,0.000000,843.000000,,,,,,,,,1.000000,2058.000000,0.000000,2058.000000,1.000000,1502.000000,0.000000,1502.000000,1.000000,620.000000,0.000000,620.000000,,,,,,,,,,,,,,,,,,,,,
FB15k-237,structural_r2d3,r2d3,0.351555,115,/film/film/film_format,39,rule_only,trial,U,771.000000,0.921889,0.078111,710.776265,UU,2721.000000,1.000000,0.000000,2721.000000,0.922052,82.000000,0.077948,75.608289,0.921889,771.000000,0.078111,710.776265,,,,,,,,,1.000000,420.000000,0.000000,420.000000,,,,,1.000000,2721.000000,0.000000,2721.000000,,,,,,,,,,,,,,,,,,,,,
FB15k-237,structural_r2d3,r2d3,0.351555,116,/film/film/music,92,dependency,final,U,2196.000000,1.944341,0.944341,4269.772616,BB,1633.000000,1.035301,0.035301,1690.646370,1.298325,267.000000,0.298325,346.652668,1.944341,2196.000000,0.944341,4269.772616,,,,,,,,,1.035301,1633.000000,0.035301,1690.646370,1.005933,11.000000,0.005933,11.065260,1.026162,320.000000,0.026162,328.371808,,,,,,,,,,,,,,,,,,,,,
FB15k-237,structural_r2d3,r2d3,0.351555,117,/sports/sports_team/roster./american_football/football_roster_position/position,3,rule_only,trial,U,15480.000000,1.000000,0.000000,15480.000000,UU,29590.000000,1.000000,0.000000,29590.000000,1.000000,238.000000,0.000000,238.000000,1.000000,15480.000000,0.000000,15480.000000,,,,,,,,,1.000000,952.000000,0.000000,952.000000,1.000000,1908.000000,0.000000,1908.000000,1.000000,29590.000000,0.000000,29590.000000,,,,,,,,,,,,,,,,,,,,,
FB15k-237,structural_r2d3,r2d3,0.351555,118,/user/tsegaran/random/taxonomy_subject/entry./user/tsegaran/random/taxonomy_entry/taxonomy,50,dependency,final,U,1164.000000,0.870653,0.129347,1013.440674,UU,2519.000000,1.009189,0.009189,2542.145831,0.870760,297.000000,0.129240,258.615720,0.870653,1164.000000,0.129347,1013.440674,,,,,,,,,1.009189,2405.000000,0.009189,2427.098342,,,,,1.009189,2519.000000,0.009189,2542.145831,,,,,,,,,,,,,,,,,,,,,
FB15k-237,structural_r2d3,r2d3,0.351555,119,/celebrities/celebrity/celebrity_friends./celebrities/friendship/friend,1,rule_only,trial,B,203.000000,1.540257,0.540257,312.672171,BB,32.000000,1.000000,0.000000,32.000000,1.540257,203.000000,0.540257,312.672171,1.440946,211.000000,0.440946,304.039627,,,,,,,,,1.000000,32.000000,0.000000,32.000000,1.000000,6.000000,0.000000,6.000000,1.000000,9.000000,0.000000,9.000000,,,,,,,,,,,,,,,,,,,,,
FB15k-237,structural_r2d3,r2d3,0.351555,120,/location/hud_foreclosure_area/estimated_number_of_mortgages./measurement_unit/dated_integer/source,84,dependency,final,U,190.000000,0.887003,0.112997,168.530532,BB,458.000000,1.016024,0.016024,465.338992,0.717708,127.000000,0.282292,91.148891,0.887003,190.000000,0.112997,168.530532,,,,,,,,,1.016024,458.000000,0.016024,465.338992,,,,,1.016233,353.000000,0.016233,358.730355,,,,,,,,,,,,,,,,,,,,,
FB15k-237,structural_r2d3,r2d3,0.351555,121,/base/x2010fifaworldcupsouthafrica/world_cup_squad/current_world_cup_squad./base/x2010fifaworldcupsouthafrica/current_world_cup_squad/current_club,29,rule_only,trial,U,552.000000,0.940863,0.059137,519.356597,BB,2.000000,1.000000,0.000000,2.000000,0.858297,29.000000,0.141703,24.890619,0.940863,552.000000,0.059137,519.356597,,,,,,,,,1.000000,2.000000,0.000000,2.000000,,,,,,,,,,,,,,,,,,,,,,,,,,,,,
FB15k-237,structural_r2d3,r2d3,0.351555,122,/base/popstra/location/vacationers./base/popstra/vacation_choice/vacationer,31,dependency,final,U,488.000000,1.034890,0.034890,505.026564,UU,49.000000,1.007772,0.007772,49.380808,0.885450,77.000000,0.114550,68.179611,1.034890,488.000000,0.034890,505.026564,,,,,,,,,1.008267,5.000000,0.008267,5.041336,,,,,1.007772,49.000000,0.007772,49.380808,,,,,,,,,,,,,,,,,,,,,
FB15k-237,structural_r2d3,r2d3,0.351555,123,/base/popstra/celebrity/canoodled./base/popstra/canoodled/participant,1,rule_only,trial,U,351.000000,1.000000,0.000000,351.000000,BB,5.000000,1.000000,0.000000,5.000000,1.000000,91.000000,0.000000,91.000000,1.000000,351.000000,0.000000,351.000000,,,,,,,,,1.000000,5.000000,0.000000,5.000000,1.000000,1.000000,0.000000,1.000000,1.000000,2.000000,0.000000,2.000000,,,,,,,,,,,,,,,,,,,,,
FB15k-237,structural_r2d3,r2d3,0.351555,124,/education/educational_institution/school_type,80,dependency,final,U,922.000000,0.819811,0.180189,755.865650,UU,3161.000000,1.005264,0.005264,3177.639504,0.712624,112.000000,0.287376,79.813888,0.819811,922.000000,0.180189,755.865650,,,,,,,,,1.005936,869.000000,0.005936,874.158645,1.004080,106.000000,0.004080,106.432427,1.005264,3161.000000,0.005264,3177.639504,,,,,,,,,,,,,,,,,,,,,
FB15k-237,structural_r2d3,r2d3,0.351555,125,/sports/sport/pro_athletes./sports/pro_sports_played/athlete,17,dependency,final,U,83.000000,0.920826,0.079174,76.428575,BB,16.000000,1.003510,0.003510,16.056158,0.941916,22.000000,0.058084,20.722150,0.920826,83.000000,0.079174,76.428575,,,,,,,,,1.003510,16.000000,0.003510,16.056158,,,,,1.004199,7.000000,0.004199,7.029395,,,,,,,,,,,,,,,,,,,,,
FB15k-237,structural_r2d3,r2d3,0.351555,126,/award/hall_of_fame/inductees./award/hall_of_fame_induction/inductee,27,rule_only,trial,U,331.000000,0.891195,0.108805,294.985380,UU,555.000000,1.000000,0.000000,555.000000,0.888965,56.000000,0.111035,49.782051,0.891195,331.000000,0.108805,294.985380,,,,,,,,,1.000000,242.000000,0.000000,242.000000,,,,,1.000000,555.000000,0.000000,555.000000,,,,,,,,,,,,,,,,,,,,,
FB15k-237,structural_r2d3,r2d3,0.351555,127,/base/biblioness/bibs_location/state,7,dependency,final,B,244.000000,0.981004,0.018996,239.365000,BB,315.000000,1.013001,0.013001,319.095410,0.981004,244.000000,0.018996,239.365000,0.983240,216.000000,0.016760,212.379732,,,,,,,,,1.013001,315.000000,0.013001,319.095410,1.006203,15.000000,0.006203,15.093049,1.008760,51.000000,0.008760,51.446770,,,,,,,,,,,,,,,,,,,,,
FB15k-237,structural_r2d3,r2d3,0.351555,128,/education/university/local_tuition./measurement_unit/dated_money_value/currency,1,rule_only,trial,B,432.000000,1.000000,0.000000,432.000000,BB,2263.000000,1.000000,0.000000,2263.000000,1.000000,432.000000,0.000000,432.000000,1.000000,349.000000,0.000000,349.000000,,,,,,,,,1.000000,2263.000000,0.000000,2263.000000,1.000000,158.000000,0.000000,158.000000,1.000000,703.000000,0.000000,703.000000,,,,,,,,,,,,,,,,,,,,,
FB15k-237,structural_r2d3,r2d3,0.351555,129,/business/business_operation/revenue./measurement_unit/dated_money_value/currency,1,rule_only,trial,B,374.000000,1.000000,0.000000,374.000000,BB,1686.000000,1.000000,0.000000,1686.000000,1.000000,374.000000,0.000000,374.000000,1.000000,168.000000,0.000000,168.000000,,,,,,,,,1.000000,1686.000000,0.000000,1686.000000,1.000000,91.000000,0.000000,91.000000,1.000000,391.000000,0.000000,391.000000,,,,,,,,,,,,,,,,,,,,,
FB15k-237,structural_r2d3,r2d3,0.351555,130,/sports/sports_position/players./sports/sports_team_roster/team,22,dependency,final,U,18961.000000,0.507065,0.492935,9614.468945,UU,34049.000000,1.058039,0.058039,36025.166506,0.474550,398.000000,0.525450,188.871099,0.507065,18961.000000,0.492935,9614.468945,,,,,,,,,1.066976,96.000000,0.066976,102.429667,1.057458,5546.000000,0.057458,5864.663732,1.058039,34049.000000,0.058039,36025.166506,,,,,,,,,,,,,,,,,,,,,
FB15k-237,structural_r2d3,r2d3,0.351555,131,/military/military_conflict/combatants./military/military_combatant_group/combatants,34,dependency,final,U,3368.000000,0.700570,0.299430,2359.519760,UU,4662.000000,1.007357,0.007357,4696.296469,0.759092,190.000000,0.240908,144.227537,0.700570,3368.000000,0.299430,2359.519760,,,,,,,,,1.007317,3798.000000,0.007317,3825.791485,1.007773,345.000000,0.007773,347.681823,1.007357,4662.000000,0.007357,4696.296469,,,,,,,,,,,,,,,,,,,,,
FB15k-237,structural_r2d3,r2d3,0.351555,132,/sports/sports_league/teams./sports/sports_league_participation/team,16,rule_only,trial,U,239.000000,1.000000,0.000000,239.000000,UU,910.000000,1.000000,0.000000,910.000000,1.000000,42.000000,0.000000,42.000000,1.000000,239.000000,0.000000,239.000000,,,,,,,,,1.000000,80.000000,0.000000,80.000000,,,,,1.000000,910.000000,0.000000,910.000000,,,,,,,,,,,,,,,,,,,,,
FB15k-237,structural_r2d3,r2d3,0.351555,133,/base/biblioness/bibs_location/country,14,rule_only,trial,B,966.000000,0.682276,0.317724,659.078519,BB,2937.000000,1.000000,0.000000,2937.000000,0.682276,966.000000,0.317724,659.078519,0.701467,397.000000,0.298533,278.482399,,,,,,,,,1.000000,2937.000000,0.000000,2937.000000,1.000000,35.000000,0.000000,35.000000,1.000000,845.000000,0.000000,845.000000,,,,,,,,,,,,,,,,,,,,,
FB15k-237,structural_r2d3,r2d3,0.351555,134,/music/group_member/membership./music/group_membership/role,29,rule_only,trial,U,6419.000000,0.628012,0.371988,4031.209028,UU,8546.000000,1.000000,0.000000,8546.000000,0.797276,637.000000,0.202724,507.864748,0.628012,6419.000000,0.371988,4031.209028,,,,,,,,,1.000000,3763.000000,0.000000,3763.000000,1.000000,2209.000000,0.000000,2209.000000,1.000000,8546.000000,0.000000,8546.000000,,,,,,,,,,,,,,,,,,,,,
FB15k-237,structural_r2d3,r2d3,0.351555,135,/location/administrative_division/country,3,rule_only,trial,B,526.000000,1.000000,0.000000,526.000000,BB,1901.000000,1.000000,0.000000,1901.000000,1.000000,526.000000,0.000000,526.000000,1.000000,324.000000,0.000000,324.000000,,,,,,,,,1.000000,1901.000000,0.000000,1901.000000,1.000000,83.000000,0.000000,83.000000,1.000000,428.000000,0.000000,428.000000,,,,,,,,,,,,,,,,,,,,,
FB15k-237,structural_r2d3,r2d3,0.351555,136,/film/film/executive_produced_by,73,dependency,final,U,1032.000000,1.198061,0.198061,1236.399158,BB,802.000000,1.012105,0.012105,811.707969,0.903186,364.000000,0.096814,328.759777,1.198061,1032.000000,0.198061,1236.399158,,,,,,,,,1.012105,802.000000,0.012105,811.707969,1.009685,61.000000,0.009685,61.590797,1.012181,212.000000,0.012181,214.582414,,,,,,,,,,,,,,,,,,,,,
FB15k-237,structural_r2d3,r2d3,0.351555,137,/food/food/nutrients./food/nutrition_fact/nutrient,105,rule_only,trial,U,4399.000000,0.523226,0.476774,2301.672934,UU,8283.000000,1.000000,0.000000,8283.000000,0.555884,8.000000,0.444116,4.447074,0.523226,4399.000000,0.476774,2301.672934,,,,,,,,,1.000000,3.000000,0.000000,3.000000,1.000000,533.000000,0.000000,533.000000,1.000000,8283.000000,0.000000,8283.000000,,,,,,,,,,,,,,,,,,,,,
FB15k-237,structural_r2d3,r2d3,0.351555,138,/music/group_member/membership./music/group_membership/group,22,rule_only,trial,U,159.000000,0.992861,0.007139,157.864931,BB,52.000000,1.000000,0.000000,52.000000,0.881858,82.000000,0.118142,72.312323,0.992861,159.000000,0.007139,157.864931,,,,,,,,,1.000000,52.000000,0.000000,52.000000,,,,,1.000000,35.000000,0.000000,35.000000,,,,,,,,,,,,,,,,,,,,,
FB15k-237,structural_r2d3,r2d3,0.351555,139,/location/statistical_region/gdp_nominal_per_capita./measurement_unit/dated_money_value/currency,3,rule_only,trial,U,876.000000,0.881681,0.118319,772.352468,BB,2527.000000,1.000000,0.000000,2527.000000,0.882416,335.000000,0.117584,295.609394,0.881681,876.000000,0.118319,772.352468,,,,,,,,,1.000000,2527.000000,0.000000,2527.000000,1.000000,3.000000,0.000000,3.000000,1.000000,2314.000000,0.000000,2314.000000,,,,,,,,,,,,,,,,,,,,,
FB15k-237,structural_r2d3,r2d3,0.351555,140,/education/field_of_study/students_majoring./education/education/student,34,dependency,final,U,250.000000,1.595562,0.595562,398.890400,UU,3.000000,1.002672,0.002672,3.008015,0.942345,44.000000,0.057655,41.463158,1.595562,250.000000,0.595562,398.890400,,,,,,,,,,,,,,,,,1.002672,3.000000,0.002672,3.008015,,,,,,,,,,,,,,,,,,,,,
FB15k-237,structural_r2d3,r2d3,0.351555,141,/award/award_winning_work/awards_won./award/award_honor/honored_for,10,rule_only,trial,U,3009.000000,1.000000,0.000000,3009.000000,BB,7017.000000,1.000000,0.000000,7017.000000,1.000000,504.000000,0.000000,504.000000,1.000000,3009.000000,0.000000,3009.000000,,,,,,,,,1.000000,7017.000000,0.000000,7017.000000,1.000000,5425.000000,0.000000,5425.000000,1.000000,1610.000000,0.000000,1610.000000,,,,,,,,,,,,,,,,,,,,,
FB15k-237,structural_r2d3,r2d3,0.351555,142,/sports/sports_team/roster./basketball/basketball_roster_position/position,2,dependency,final,U,533.000000,0.738179,0.261821,393.449674,UU,382.000000,1.027415,0.027415,392.472530,0.736541,26.000000,0.263459,19.150058,0.738179,533.000000,0.261821,393.449674,,,,,,,,,1.027812,131.000000,0.027812,134.643320,1.027525,149.000000,0.027525,153.101165,1.027415,382.000000,0.027415,392.472530,,,,,,,,,,,,,,,,,,,,,
FB15k-237,structural_r2d3,r2d3,0.351555,143,/organization/organization/headquarters./location/mailing_address/state_province_region,39,rule_only,trial,U,982.000000,1.000000,0.000000,982.000000,UU,875.000000,1.000000,0.000000,875.000000,1.000000,385.000000,0.000000,385.000000,1.000000,982.000000,0.000000,982.000000,,,,,,,,,1.000000,693.000000,0.000000,693.000000,1.000000,15.000000,0.000000,15.000000,1.000000,875.000000,0.000000,875.000000,,,,,,,,,,,,,,,,,,,,,
FB15k-237,structural_r2d3,r2d3,0.351555,144,/base/aareas/schema/administrative_area/capital,0,rule_only,trial,B,67.000000,1.000000,0.000000,67.000000,BB,21.000000,1.000000,0.000000,21.000000,1.000000,67.000000,0.000000,67.000000,,,,,,,,,,,,,1.000000,21.000000,0.000000,21.000000,,,,,,,,,,,,,,,,,,,,,,,,,,,,,
FB15k-237,structural_r2d3,r2d3,0.351555,145,/tv/tv_producer/programs_produced./tv/tv_producer_term/program,4,rule_only,trial,U,474.000000,0.791610,0.208390,375.223093,BB,1712.000000,1.000000,0.000000,1712.000000,0.752623,366.000000,0.247377,275.460128,0.791610,474.000000,0.208390,375.223093,,,,,,,,,1.000000,1712.000000,0.000000,1712.000000,1.000000,176.000000,0.000000,176.000000,1.000000,447.000000,0.000000,447.000000,,,,,,,,,,,,,,,,,,,,,
FB15k-237,structural_r2d3,r2d3,0.351555,146,/education/educational_institution/campuses,13,rule_only,none,B,874.000000,1.000000,0.000000,874.000000,,,,,,1.000000,874.000000,0.000000,874.000000,1.000000,670.000000,0.000000,670.000000,,,,,,,,,,,,,,,,,,,,,,,,,,,,,,,,,,,,,,,,,
FB15k-237,structural_r2d3,r2d3,0.351555,147,/film/film/distributors./film/film_film_distributor_relationship/region,10,dependency,final,U,756.000000,0.812290,0.187710,614.091542,UU,1744.000000,1.042306,0.042306,1817.781838,0.776900,160.000000,0.223100,124.303952,0.812290,756.000000,0.187710,614.091542,,,,,,,,,1.033335,50.000000,0.033335,51.666750,1.035335,20.000000,0.035335,20.706698,1.042306,1744.000000,0.042306,1817.781838,,,,,,,,,,,,,,,,,,,,,
FB15k-237,structural_r2d3,r2d3,0.351555,148,/travel/travel_destination/climate./travel/travel_destination_monthly_climate/month,60,rule_only,trial,U,5085.000000,1.000000,0.000000,5085.000000,UU,12036.000000,1.000000,0.000000,12036.000000,1.000000,64.000000,0.000000,64.000000,1.000000,5085.000000,0.000000,5085.000000,,,,,,,,,1.000000,714.000000,0.000000,714.000000,1.000000,1995.000000,0.000000,1995.000000,1.000000,12036.000000,0.000000,12036.000000,,,,,,,,,,,,,,,,,,,,,
FB15k-237,structural_r2d3,r2d3,0.351555,149,/medicine/disease/notable_people_with_this_condition,15,dependency,final,U,132.000000,1.292359,0.292359,170.591362,UU,5.000000,1.004648,0.004648,5.023240,0.968040,10.000000,0.031960,9.680403,1.292359,132.000000,0.292359,170.591362,,,,,,,,,,,,,,,,,1.004648,5.000000,0.004648,5.023240,,,,,,,,,,,,,,,,,,,,,
FB15k-237,structural_r2d3,r2d3,0.351555,150,/base/schemastaging/organization_extra/phone_number./base/schemastaging/phone_sandbox/service_location,38,rule_only,trial,U,3450.000000,0.708059,0.291941,2442.804585,UU,4188.000000,1.000000,0.000000,4188.000000,0.761668,366.000000,0.238332,278.770378,0.708059,3450.000000,0.291941,2442.804585,,,,,,,,,1.000000,3703.000000,0.000000,3703.000000,1.000000,203.000000,0.000000,203.000000,1.000000,4188.000000,0.000000,4188.000000,,,,,,,,,,,,,,,,,,,,,
FB15k-237,structural_r2d3,r2d3,0.351555,151,/people/ethnicity/geographic_distribution,17,dependency,final,U,1500.000000,0.695822,0.304178,1043.733600,UU,2970.000000,1.001541,0.001541,2974.576473,0.803383,109.000000,0.196617,87.568758,0.695822,1500.000000,0.304178,1043.733600,,,,,,,,,1.001551,417.000000,0.001551,417.646684,1.001589,17.000000,0.001589,17.027006,1.001541,2970.000000,0.001541,2974.576473,,,,,,,,,,,,,,,,,,,,,
FB15k-237,structural_r2d3,r2d3,0.351555,152,/military/military_combatant/military_conflicts./military/military_combatant_group/combatants,17,dependency,final,U,27811.000000,0.542215,0.457785,15079.533022,UU,40678.000000,1.001339,0.001339,40732.451571,0.668199,847.000000,0.331801,565.964976,0.542215,27811.000000,0.457785,15079.533022,,,,,,,,,1.003105,23396.000000,0.003105,23468.644580,1.002280,16062.000000,0.002280,16098.621360,1.001339,40678.000000,0.001339,40732.451571,,,,,,,,,,,,,,,,,,,,,
FB15k-237,structural_r2d3,r2d3,0.351555,153,/film/film/personal_appearances./film/personal_film_appearance/person,11,rule_only,trial,U,313.000000,0.915206,0.084794,286.459321,UU,295.000000,1.000000,0.000000,295.000000,0.891716,64.000000,0.108284,57.069830,0.915206,313.000000,0.084794,286.459321,,,,,,,,,1.000000,16.000000,0.000000,16.000000,,,,,1.000000,295.000000,0.000000,295.000000,,,,,,,,,,,,,,,,,,,,,
FB15k-237,structural_r2d3,r2d3,0.351555,154,/location/location/time_zones,137,dependency,final,U,1435.000000,0.684215,0.315785,981.849099,BB,3076.000000,1.002470,0.002470,3083.596797,0.667449,391.000000,0.332551,260.972676,0.684215,1435.000000,0.315785,981.849099,,,,,,,,,1.002470,3076.000000,0.002470,3083.596797,1.002421,18.000000,0.002421,18.043573,1.002459,2192.000000,0.002459,2197.390128,,,,,,,,,,,,,,,,,,,,,
FB15k-237,structural_r2d3,r2d3,0.351555,155,/film/film/story_by,31,dependency,final,U,292.000000,0.961227,0.038773,280.678226,BB,550.000000,1.054658,0.054658,580.061625,0.941217,225.000000,0.058783,211.773803,0.961227,292.000000,0.038773,280.678226,,,,,,,,,1.054658,550.000000,0.054658,580.061625,1.024031,7.000000,0.024031,7.168217,1.062073,14.000000,0.062073,14.869016,,,,,,,,,,,,,,,,,,,,,
FB15k-237,structural_r2d3,r2d3,0.351555,156,/base/petbreeds/city_with_dogs/top_breeds./base/petbreeds/dog_city_relationship/dog_breed,21,rule_only,trial,U,458.000000,1.000000,0.000000,458.000000,UU,885.000000,1.000000,0.000000,885.000000,1.000000,36.000000,0.000000,36.000000,1.000000,458.000000,0.000000,458.000000,,,,,,,,,1.000000,229.000000,0.000000,229.000000,1.000000,14.000000,0.000000,14.000000,1.000000,885.000000,0.000000,885.000000,,,,,,,,,,,,,,,,,,,,,
FB15k-237,structural_r2d3,r2d3,0.351555,157,/olympics/olympic_games/participating_countries,23,rule_only,trial,U,8569.000000,0.741720,0.258280,6355.797823,UU,19461.000000,1.000000,0.000000,19461.000000,0.759851,391.000000,0.240149,297.101624,0.741720,8569.000000,0.258280,6355.797823,,,,,,,,,1.000000,15838.000000,0.000000,15838.000000,1.000000,541.000000,0.000000,541.000000,1.000000,19461.000000,0.000000,19461.000000,,,,,,,,,,,,,,,,,,,,,
FB15k-237,structural_r2d3,r2d3,0.351555,158,/tv/tv_network/programs./tv/tv_network_duration/program,26,dependency,final,U,292.000000,0.913671,0.086329,266.791961,BB,436.000000,1.072589,0.072589,467.648804,0.827797,77.000000,0.172203,63.740407,0.913671,292.000000,0.086329,266.791961,,,,,,,,,1.072589,436.000000,0.072589,467.648804,1.057639,23.000000,0.057639,24.325695,1.075428,105.000000,0.075428,112.919982,,,,,,,,,,,,,,,,,,,,,
FB15k-237,structural_r2d3,r2d3,0.351555,159,/people/person/employment_history./business/employment_tenure/company,24,dependency,final,U,173.000000,1.232348,0.232348,213.196169,BB,66.000000,1.006148,0.006148,66.405742,1.141381,116.000000,0.141381,132.400184,1.232348,173.000000,0.232348,213.196169,,,,,,,,,1.006148,66.000000,0.006148,66.405742,1.004046,3.000000,0.004046,3.012138,1.000461,43.000000,0.000461,43.019836,,,,,,,,,,,,,,,,,,,,,
FB15k-237,structural_r2d3,r2d3,0.351555,160,/music/artist/origin,34,dependency,final,U,429.000000,0.960251,0.039749,411.947507,UU,42.000000,1.044088,0.044088,43.851688,0.958106,112.000000,0.041894,107.307872,0.960251,429.000000,0.039749,411.947507,,,,,,,,,1.041202,4.000000,0.041202,4.164808,,,,,1.044088,42.000000,0.044088,43.851688,,,,,,,,,,,,,,,,,,,,,
FB15k-237,structural_r2d3,r2d3,0.351555,161,/people/marriage_union_type/unions_of_this_type./people/marriage/location_of_ceremony,53,rule_only,trial,U,857.000000,0.885941,0.114059,759.251351,BB,2805.000000,1.000000,0.000000,2805.000000,0.849307,378.000000,0.150693,321.037970,0.885941,857.000000,0.114059,759.251351,,,,,,,,,1.000000,2805.000000,0.000000,2805.000000,,,,,1.000000,1108.000000,0.000000,1108.000000,,,,,,,,,,,,,,,,,,,,,
FB15k-237,structural_r2d3,r2d3,0.351555,162,/tv/tv_writer/tv_programs./tv/tv_program_writer_relationship/tv_program,9,rule_only,trial,U,619.000000,0.717350,0.282650,444.039712,BB,1547.000000,1.000000,0.000000,1547.000000,0.769782,284.000000,0.230218,218.618202,0.717350,619.000000,0.282650,444.039712,,,,,,,,,1.000000,1547.000000,0.000000,1547.000000,1.000000,191.000000,0.000000,191.000000,1.000000,326.000000,0.000000,326.000000,,,,,,,,,,,,,,,,,,,,,
FB15k-237,structural_r2d3,r2d3,0.351555,163,/time/event/locations,34,rule_only,trial,U,843.000000,0.971163,0.028837,818.690662,UU,343.000000,1.000000,0.000000,343.000000,0.828344,138.000000,0.171656,114.311417,0.971163,843.000000,0.028837,818.690662,,,,,,,,,1.000000,22.000000,0.000000,22.000000,1.000000,9.000000,0.000000,9.000000,1.000000,343.000000,0.000000,343.000000,,,,,,,,,,,,,,,,,,,,,
FB15k-237,structural_r2d3,r2d3,0.351555,164,/celebrities/celebrity/sexual_relationships./celebrities/romantic_relationship/celebrity,0,rule_only,trial,U,102.000000,1.000000,0.000000,102.000000,UU,8.000000,1.000000,0.000000,8.000000,1.000000,29.000000,0.000000,29.000000,1.000000,102.000000,0.000000,102.000000,,,,,,,,,1.000000,8.000000,0.000000,8.000000,,,,,1.000000,8.000000,0.000000,8.000000,,,,,,,,,,,,,,,,,,,,,
FB15k-237,structural_r2d3,r2d3,0.351555,165,/government/political_party/politicians_in_this_party./government/political_party_tenure/politician,11,dependency,final,U,113.000000,0.968658,0.031342,109.458343,UU,41.000000,1.036626,0.036626,42.501666,0.965417,30.000000,0.034583,28.962522,0.968658,113.000000,0.031342,109.458343,,,,,,,,,1.035074,14.000000,0.035074,14.491037,,,,,1.036626,41.000000,0.036626,42.501666,,,,,,,,,,,,,,,,,,,,,
FB15k-237,structural_r2d3,r2d3,0.351555,166,/education/university/domestic_tuition./measurement_unit/dated_money_value/currency,5,rule_only,trial,B,480.000000,1.000000,0.000000,480.000000,BB,2633.000000,1.000000,0.000000,2633.000000,1.000000,480.000000,0.000000,480.000000,1.000000,448.000000,0.000000,448.000000,,,,,,,,,1.000000,2633.000000,0.000000,2633.000000,1.000000,168.000000,0.000000,168.000000,1.000000,911.000000,0.000000,911.000000,,,,,,,,,,,,,,,,,,,,,
FB15k-237,structural_r2d3,r2d3,0.351555,167,/organization/non_profit_organization/registered_with./organization/non_profit_registration/registering_agency,22,dependency,final,U,127.000000,0.941190,0.058810,119.531155,UU,421.000000,1.017866,0.017866,428.521628,0.941162,80.000000,0.058838,75.292960,0.941190,127.000000,0.058810,119.531155,,,,,,,,,1.017866,407.000000,0.017866,414.271503,,,,,1.017866,421.000000,0.017866,428.521628,,,,,,,,,,,,,,,,,,,,,
FB15k-237,structural_r2d3,r2d3,0.351555,168,/user/ktrueman/default_domain/international_organization/member_states,24,rule_only,trial,U,2638.000000,0.583740,0.416260,1539.906911,UU,6074.000000,1.000000,0.000000,6074.000000,0.627136,185.000000,0.372864,116.020123,0.583740,2638.000000,0.416260,1539.906911,,,,,,,,,1.000000,3537.000000,0.000000,3537.000000,1.000000,19.000000,0.000000,19.000000,1.000000,6074.000000,0.000000,6074.000000,,,,,,,,,,,,,,,,,,,,,
FB15k-237,structural_r2d3,r2d3,0.351555,169,/american_football/football_team/current_roster./sports/sports_team_roster/position,0,dependency,final,U,15091.000000,0.637867,0.362133,9626.055424,UU,28582.000000,1.013707,0.013707,28973.767758,0.658952,240.000000,0.341048,158.148384,0.637867,15091.000000,0.362133,9626.055424,,,,,,,,,1.013677,1096.000000,0.013677,1110.989882,1.013840,2207.000000,0.013840,2237.545763,1.013707,28582.000000,0.013707,28973.767758,,,,,,,,,,,,,,,,,,,,,
FB15k-237,structural_r2d3,r2d3,0.351555,170,/soccer/football_player/current_team./sports/sports_team_roster/team,9,rule_only,trial,U,1158.000000,1.252863,0.252863,1450.815586,BB,33.000000,1.000000,0.000000,33.000000,1.124203,55.000000,0.124203,61.831165,1.252863,1158.000000,0.252863,1450.815586,,,,,,,,,1.000000,33.000000,0.000000,33.000000,1.000000,13.000000,0.000000,13.000000,1.000000,1.000000,0.000000,1.000000,,,,,,,,,,,,,,,,,,,,,
FB15k-237,structural_r2d3,r2d3,0.351555,171,/olympics/olympic_games/medals_awarded./olympics/olympic_medal_honor/medal,16,rule_only,trial,U,728.000000,1.000000,0.000000,728.000000,UU,1540.000000,1.000000,0.000000,1540.000000,1.000000,44.000000,0.000000,44.000000,1.000000,728.000000,0.000000,728.000000,,,,,,,,,1.000000,2.000000,0.000000,2.000000,1.000000,4.000000,0.000000,4.000000,1.000000,1540.000000,0.000000,1540.000000,,,,,,,,,,,,,,,,,,,,,
FB15k-237,structural_r2d3,r2d3,0.351555,172,/award/ranked_item/appears_in_ranked_lists./award/ranking/list,48,rule_only,trial,U,560.000000,0.819422,0.180578,458.876208,UU,1292.000000,1.000000,0.000000,1292.000000,0.819201,124.000000,0.180799,101.580912,0.819422,560.000000,0.180578,458.876208,,,,,,,,,1.000000,305.000000,0.000000,305.000000,1.000000,4.000000,0.000000,4.000000,1.000000,1292.000000,0.000000,1292.000000,,,,,,,,,,,,,,,,,,,,,
FB15k-237,structural_r2d3,r2d3,0.351555,173,/film/film_set_designer/film_sets_designed,8,dependency,final,U,245.000000,1.003244,0.003244,245.794755,BB,572.000000,1.115258,0.115258,637.927690,0.850757,115.000000,0.149243,97.837009,1.003244,245.000000,0.003244,245.794755,,,,,,,,,1.115258,572.000000,0.115258,637.927690,1.111390,42.000000,0.111390,46.678372,1.106370,32.000000,0.106370,35.403827,,,,,,,,,,,,,,,,,,,,,
FB15k-237,structural_r2d3,r2d3,0.351555,174,/user/jg/default_domain/olympic_games/sports,11,rule_only,trial,U,8271.000000,0.526705,0.473295,4356.379536,UU,11313.000000,1.000000,0.000000,11313.000000,0.566415,100.000000,0.433585,56.641540,0.526705,8271.000000,0.473295,4356.379536,,,,,,,,,1.000000,922.000000,0.000000,922.000000,1.000000,6050.000000,0.000000,6050.000000,1.000000,11313.000000,0.000000,11313.000000,,,,,,,,,,,,,,,,,,,,,
FB15k-237,structural_r2d3,r2d3,0.351555,175,/people/person/sibling_s./people/sibling_relationship/sibling,7,rule_only,trial,B,61.000000,1.000000,0.000000,61.000000,BB,27.000000,1.000000,0.000000,27.000000,1.000000,61.000000,0.000000,61.000000,,,,,,,,,,,,,1.000000,27.000000,0.000000,27.000000,,,,,,,,,,,,,,,,,,,,,,,,,,,,,
FB15k-237,structural_r2d3,r2d3,0.351555,176,/base/marchmadness/ncaa_basketball_tournament/seeds./base/marchmadness/ncaa_tournament_seed/team,41,dependency,final,U,1512.000000,0.661995,0.338005,1000.936138,UU,2397.000000,1.002461,0.002461,2402.898298,0.676449,10.000000,0.323551,6.764488,0.661995,1512.000000,0.338005,1000.936138,,,,,,,,,1.002275,28.000000,0.002275,28.063700,1.002467,937.000000,0.002467,939.311860,1.002461,2397.000000,0.002461,2402.898298,,,,,,,,,,,,,,,,,,,,,
FB15k-237,structural_r2d3,r2d3,0.351555,177,/music/artist/contribution./music/recording_contribution/performance_role,14,rule_only,trial,U,1007.000000,0.847642,0.152358,853.575695,UU,2526.000000,1.000000,0.000000,2526.000000,0.869955,335.000000,0.130045,291.434925,0.847642,1007.000000,0.152358,853.575695,,,,,,,,,1.000000,12.000000,0.000000,12.000000,1.000000,141.000000,0.000000,141.000000,1.000000,2526.000000,0.000000,2526.000000,,,,,,,,,,,,,,,,,,,,,
FB15k-237,structural_r2d3,r2d3,0.351555,178,/sports/sports_position/players./sports/sports_team_roster/position,0,rule_only,trial,U,2958.000000,1.000000,0.000000,2958.000000,UU,5588.000000,1.000000,0.000000,5588.000000,1.000000,304.000000,0.000000,304.000000,1.000000,2958.000000,0.000000,2958.000000,,,,,,,,,1.000000,1193.000000,0.000000,1193.000000,1.000000,896.000000,0.000000,896.000000,1.000000,5588.000000,0.000000,5588.000000,,,,,,,,,,,,,,,,,,,,,
FB15k-237,structural_r2d3,r2d3,0.351555,179,/government/politician/government_positions_held./government/government_position_held/basic_title,16,rule_only,trial,U,178.000000,0.838849,0.161151,149.315086,BB,196.000000,1.000000,0.000000,196.000000,0.769277,51.000000,0.230723,39.233142,0.838849,178.000000,0.161151,149.315086,,,,,,,,,1.000000,196.000000,0.000000,196.000000,1.000000,12.000000,0.000000,12.000000,1.000000,98.000000,0.000000,98.000000,,,,,,,,,,,,,,,,,,,,,
FB15k-237,structural_r2d3,r2d3,0.351555,180,/sports/sports_position/players./american_football/football_historical_roster_position/position_s,0,rule_only,trial,U,2476.000000,1.000000,0.000000,2476.000000,UU,4994.000000,1.000000,0.000000,4994.000000,1.000000,236.000000,0.000000,236.000000,1.000000,2476.000000,0.000000,2476.000000,,,,,,,,,1.000000,1028.000000,0.000000,1028.000000,1.000000,430.000000,0.000000,430.000000,1.000000,4994.000000,0.000000,4994.000000,,,,,,,,,,,,,,,,,,,,,
FB15k-237,structural_r2d3,r2d3,0.351555,181,/people/profession/specialization_of,13,rule_only,none,B,9.000000,1.000000,0.000000,9.000000,,,,,,1.000000,9.000000,0.000000,9.000000,1.000000,7.000000,0.000000,7.000000,,,,,,,,,,,,,,,,,,,,,,,,,,,,,,,,,,,,,,,,,
FB15k-237,structural_r2d3,r2d3,0.351555,182,/award/award_category/category_of,20,rule_only,trial,U,467.000000,1.000000,0.000000,467.000000,UU,1084.000000,1.000000,0.000000,1084.000000,1.000000,42.000000,0.000000,42.000000,1.000000,467.000000,0.000000,467.000000,,,,,,,,,1.000000,4.000000,0.000000,4.000000,,,,,1.000000,1084.000000,0.000000,1084.000000,,,,,,,,,,,,,,,,,,,,,
FB15k-237,structural_r2d3,r2d3,0.351555,183,/film/film/cinematography,17,dependency,final,U,676.000000,1.545949,0.545949,1045.061659,BB,156.000000,1.014273,0.014273,158.226572,1.102596,121.000000,0.102596,133.414140,1.545949,676.000000,0.545949,1045.061659,,,,,,,,,1.014273,156.000000,0.014273,158.226572,,,,,1.012132,21.000000,0.012132,21.254764,,,,,,,,,,,,,,,,,,,,,
FB15k-237,structural_r2d3,r2d3,0.351555,184,/film/film/film_production_design_by,10,dependency,final,U,378.000000,0.982053,0.017947,371.216034,BB,346.000000,1.016546,0.016546,351.724985,0.864402,126.000000,0.135598,108.914652,0.982053,378.000000,0.017947,371.216034,,,,,,,,,1.016546,346.000000,0.016546,351.724985,,,,,1.019080,10.000000,0.019080,10.190804,,,,,,,,,,,,,,,,,,,,,
FB15k-237,structural_r2d3,r2d3,0.351555,185,/tv/tv_program/country_of_origin,32,dependency,final,B,374.000000,0.680602,0.319398,254.545073,BB,1481.000000,1.016088,0.016088,1504.826328,0.680602,374.000000,0.319398,254.545073,0.731759,261.000000,0.268241,190.989177,,,,,,,,,1.016088,1481.000000,0.016088,1504.826328,1.011710,7.000000,0.011710,7.081967,1.016343,493.000000,0.016343,501.056902,,,,,,,,,,,,,,,,,,,,,
FB15k-237,structural_r2d3,r2d3,0.351555,186,/film/film/edited_by,13,rule_only,trial,U,478.000000,1.035233,0.035233,494.841231,BB,599.000000,1.000000,0.000000,599.000000,0.817529,158.000000,0.182471,129.169598,1.035233,478.000000,0.035233,494.841231,,,,,,,,,1.000000,599.000000,0.000000,599.000000,1.000000,28.000000,0.000000,28.000000,1.000000,66.000000,0.000000,66.000000,,,,,,,,,,,,,,,,,,,,,
FB15k-237,structural_r2d3,r2d3,0.351555,187,/tv/tv_personality/tv_regular_appearances./tv/tv_regular_personal_appearance/program,11,dependency,final,U,225.000000,0.925280,0.074720,208.187933,UU,868.000000,1.058291,0.058291,918.596241,0.806734,150.000000,0.193266,121.010040,0.925280,225.000000,0.074720,208.187933,,,,,,,,,1.063338,115.000000,0.063338,122.283905,,,,,1.058291,868.000000,0.058291,918.596241,,,,,,,,,,,,,,,,,,,,,
FB15k-237,structural_r2d3,r2d3,0.351555,188,/education/field_of_study/students_majoring./education/education/major_field_of_study,11,dependency,final,U,1101.000000,0.841603,0.158397,926.605123,BB,921.000000,1.010641,0.010641,930.800637,0.844860,65.000000,0.155140,54.915887,0.841603,1101.000000,0.158397,926.605123,,,,,,,,,1.010641,921.000000,0.010641,930.800637,1.009009,356.000000,0.009009,359.207204,1.013233,259.000000,0.013233,262.427243,,,,,,,,,,,,,,,,,,,,,
FB15k-237,structural_r2d3,r2d3,0.351555,189,/education/educational_degree/people_with_this_degree./education/education/student,27,rule_only,trial,U,326.000000,1.000000,0.000000,326.000000,UU,25.000000,1.000000,0.000000,25.000000,1.000000,63.000000,0.000000,63.000000,1.000000,326.000000,0.000000,326.000000,,,,,,,,,1.000000,19.000000,0.000000,19.000000,1.000000,5.000000,0.000000,5.000000,1.000000,25.000000,0.000000,25.000000,,,,,,,,,,,,,,,,,,,,,
FB15k-237,structural_r2d3,r2d3,0.351555,190,/location/us_county/county_seat,2,rule_only,trial,B,117.000000,1.000000,0.000000,117.000000,BB,6.000000,1.000000,0.000000,6.000000,1.000000,117.000000,0.000000,117.000000,1.000000,66.000000,0.000000,66.000000,,,,,,,,,1.000000,6.000000,0.000000,6.000000,,,,,,,,,,,,,,,,,,,,,,,,,,,,,
FB15k-237,structural_r2d3,r2d3,0.351555,191,/film/film/film_festivals,18,dependency,final,U,764.000000,0.951356,0.048644,726.835831,UU,154.000000,1.072815,0.072815,165.213464,0.950161,63.000000,0.049839,59.860130,0.951356,764.000000,0.048644,726.835831,,,,,,,,,1.035836,3.000000,0.035836,3.107507,,,,,1.072815,154.000000,0.072815,165.213464,,,,,,,,,,,,,,,,,,,,,
FB15k-237,structural_r2d3,r2d3,0.351555,192,/people/person/spouse_s./people/marriage/spouse,4,rule_only,trial,B,50.000000,1.000000,0.000000,50.000000,BB,7.000000,1.000000,0.000000,7.000000,1.000000,50.000000,0.000000,50.000000,,,,,,,,,,,,,1.000000,7.000000,0.000000,7.000000,,,,,,,,,,,,,,,,,,,,,,,,,,,,,
FB15k-237,structural_r2d3,r2d3,0.351555,193,/film/film/runtime./film/film_cut/film_release_region,9,dependency,final,U,338.000000,1.217971,0.217971,411.674299,UU,164.000000,1.011430,0.011430,165.874569,0.832272,249.000000,0.167728,207.235753,1.217971,338.000000,0.217971,411.674299,,,,,,,,,1.009970,2.000000,0.009970,2.019940,,,,,1.011430,164.000000,0.011430,165.874569,,,,,,,,,,,,,,,,,,,,,
FB15k-237,structural_r2d3,r2d3,0.351555,194,/location/capital_of_administrative_division/capital_of./location/administrative_division_capital_relationship/administrative_division,0,rule_only,trial,B,101.000000,1.000000,0.000000,101.000000,BB,19.000000,1.000000,0.000000,19.000000,1.000000,101.000000,0.000000,101.000000,,,,,,,,,,,,,1.000000,19.000000,0.000000,19.000000,,,,,,,,,,,,,,,,,,,,,,,,,,,,,
FB15k-237,structural_r2d3,r2d3,0.351555,195,/base/aareas/schema/administrative_area/administrative_area_type,20,rule_only,trial,U,848.000000,0.881554,0.118446,747.558131,UU,1837.000000,1.000000,0.000000,1837.000000,0.881548,91.000000,0.118452,80.220877,0.881554,848.000000,0.118446,747.558131,,,,,,,,,1.000000,124.000000,0.000000,124.000000,,,,,1.000000,1837.000000,0.000000,1837.000000,,,,,,,,,,,,,,,,,,,,,
FB15k-237,structural_r2d3,r2d3,0.351555,196,/influence/influence_node/peers./influence/peer_relationship/peers,2,rule_only,trial,B,33.000000,1.000000,0.000000,33.000000,BB,1.000000,1.000000,0.000000,1.000000,1.000000,33.000000,0.000000,33.000000,,,,,,,,,,,,,1.000000,1.000000,0.000000,1.000000,,,,,,,,,,,,,,,,,,,,,,,,,,,,,
FB15k-237,structural_r2d3,r2d3,0.351555,197,/government/governmental_body/members./government/government_position_held/legislative_sessions,12,rule_only,trial,U,342.000000,0.709771,0.290229,242.741614,UU,704.000000,1.000000,0.000000,704.000000,0.725762,10.000000,0.274238,7.257617,0.709771,342.000000,0.290229,242.741614,,,,,,,,,,,,,,,,,1.000000,704.000000,0.000000,704.000000,,,,,,,,,,,,,,,,,,,,,
FB15k-237,structural_r2d3,r2d3,0.351555,198,/base/schemastaging/organization_extra/phone_number./base/schemastaging/phone_sandbox/service_language,21,dependency,final,U,328.000000,0.966930,0.033070,317.152974,BB,878.000000,1.063420,0.063420,933.682848,0.944728,132.000000,0.055272,124.704056,0.966930,328.000000,0.033070,317.152974,,,,,,,,,1.063420,878.000000,0.063420,933.682848,1.053656,42.000000,0.053656,44.253556,1.055992,263.000000,0.055992,277.725896,,,,,,,,,,,,,,,,,,,,,
FB15k-237,structural_r2d3,r2d3,0.351555,199,/organization/organization/place_founded,16,rule_only,trial,U,16.000000,1.422874,0.422874,22.765986,UU,3.000000,1.000000,0.000000,3.000000,1.165236,16.000000,0.165236,18.643770,1.422874,16.000000,0.422874,22.765986,,,,,,,,,,,,,,,,,1.000000,3.000000,0.000000,3.000000,,,,,,,,,,,,,,,,,,,,,
FB15k-237,structural_r2d3,r2d3,0.351555,200,/base/eating/practicer_of_diet/diet,11,rule_only,trial,U,243.000000,0.924977,0.075023,224.769387,UU,87.000000,1.000000,0.000000,87.000000,0.924015,49.000000,0.075985,45.276759,0.924977,243.000000,0.075023,224.769387,,,,,,,,,,,,,1.000000,2.000000,0.000000,2.000000,1.000000,87.000000,0.000000,87.000000,,,,,,,,,,,,,,,,,,,,,
FB15k-237,structural_r2d3,r2d3,0.351555,201,/tv/tv_program/program_creator,2,dependency,final,B,170.000000,0.911696,0.088304,154.988320,BB,38.000000,1.021701,0.021701,38.824634,0.911696,170.000000,0.088304,154.988320,,,,,,,,,,,,,1.021701,38.000000,0.021701,38.824634,,,,,,,,,,,,,,,,,,,,,,,,,,,,,
FB15k-237,structural_r2d3,r2d3,0.351555,202,/people/deceased_person/place_of_burial,9,dependency,final,U,132.000000,1.039128,0.039128,137.164856,UU,8.000000,1.011280,0.011280,8.090241,0.879927,18.000000,0.120073,15.838690,1.039128,132.000000,0.039128,137.164856,,,,,,,,,,,,,1.011275,1.000000,0.011275,1.011275,1.011280,8.000000,0.011280,8.090241,,,,,,,,,,,,,,,,,,,,,
FB15k-237,structural_r2d3,r2d3,0.351555,203,/film/film/release_date_s./film/film_regional_release_date/film_regional_debut_venue,20,dependency,final,U,711.000000,0.975869,0.024131,693.842717,UU,882.000000,1.024130,0.024130,903.282925,0.974591,51.000000,0.025409,49.704136,0.975869,711.000000,0.024131,693.842717,,,,,,,,,1.019597,1.000000,0.019597,1.019597,1.020851,8.000000,0.020851,8.166806,1.024130,882.000000,0.024130,903.282925,,,,,,,,,,,,,,,,,,,,,
FB15k-237,structural_r2d3,r2d3,0.351555,204,/ice_hockey/hockey_team/current_roster./sports/sports_team_roster/position,4,rule_only,trial,U,69.000000,0.781379,0.218621,53.915130,UU,79.000000,1.000000,0.000000,79.000000,0.776755,20.000000,0.223245,15.535092,0.781379,69.000000,0.218621,53.915130,,,,,,,,,1.000000,31.000000,0.000000,31.000000,1.000000,30.000000,0.000000,30.000000,1.000000,79.000000,0.000000,79.000000,,,,,,,,,,,,,,,,,,,,,
FB15k-237,structural_r2d3,r2d3,0.351555,205,/location/administrative_division/first_level_division_of,0,rule_only,trial,B,289.000000,1.000000,0.000000,289.000000,BB,951.000000,1.000000,0.000000,951.000000,1.000000,289.000000,0.000000,289.000000,1.000000,209.000000,0.000000,209.000000,,,,,,,,,1.000000,951.000000,0.000000,951.000000,1.000000,59.000000,0.000000,59.000000,1.000000,854.000000,0.000000,854.000000,,,,,,,,,,,,,,,,,,,,,
FB15k-237,structural_r2d3,r2d3,0.351555,206,/location/statistical_region/gdp_real./measurement_unit/adjusted_money_value/adjustment_currency,0,rule_only,trial,U,846.000000,1.000000,0.000000,846.000000,BB,2431.000000,1.000000,0.000000,2431.000000,1.000000,294.000000,0.000000,294.000000,1.000000,846.000000,0.000000,846.000000,,,,,,,,,1.000000,2431.000000,0.000000,2431.000000,1.000000,6.000000,0.000000,6.000000,1.000000,2123.000000,0.000000,2123.000000,,,,,,,,,,,,,,,,,,,,,
FB15k-237,structural_r2d3,r2d3,0.351555,207,/organization/organization/child./organization/organization_relationship/child,20,dependency,final,U,94.000000,1.002545,0.002545,94.239268,UU,15.000000,1.011811,0.011811,15.177171,0.987315,55.000000,0.012685,54.302330,1.002545,94.000000,0.002545,94.239268,,,,,,,,,1.011945,14.000000,0.011945,14.167226,1.010494,2.000000,0.010494,2.020987,1.011811,15.000000,0.011811,15.177171,,,,,,,,,,,,,,,,,,,,,
FB15k-237,structural_r2d3,r2d3,0.351555,208,/business/business_operation/assets./measurement_unit/dated_money_value/currency,0,rule_only,trial,B,352.000000,1.000000,0.000000,352.000000,BB,1512.000000,1.000000,0.000000,1512.000000,1.000000,352.000000,0.000000,352.000000,1.000000,150.000000,0.000000,150.000000,,,,,,,,,1.000000,1512.000000,0.000000,1512.000000,1.000000,89.000000,0.000000,89.000000,1.000000,407.000000,0.000000,407.000000,,,,,,,,,,,,,,,,,,,,,
FB15k-237,structural_r2d3,r2d3,0.351555,209,/film/person_or_entity_appearing_in_film/films./film/personal_film_appearance/type_of_appearance,3,rule_only,trial,U,69.000000,1.000000,0.000000,69.000000,UU,1.000000,1.000000,0.000000,1.000000,1.000000,12.000000,0.000000,12.000000,1.000000,69.000000,0.000000,69.000000,,,,,,,,,,,,,,,,,1.000000,1.000000,0.000000,1.000000,,,,,,,,,,,,,,,,,,,,,
FB15k-237,structural_r2d3,r2d3,0.351555,210,/time/event/instance_of_recurring_event,11,rule_only,trial,U,198.000000,1.000000,0.000000,198.000000,UU,418.000000,1.000000,0.000000,418.000000,1.000000,10.000000,0.000000,10.000000,1.000000,198.000000,0.000000,198.000000,,,,,,,,,,,,,,,,,1.000000,418.000000,0.000000,418.000000,,,,,,,,,,,,,,,,,,,,,
FB15k-237,structural_r2d3,r2d3,0.351555,211,/tv/non_character_role/tv_regular_personal_appearances./tv/tv_regular_personal_appearance/person,7,rule_only,trial,U,146.000000,0.989223,0.010777,144.426485,UU,12.000000,1.000000,0.000000,12.000000,0.803019,36.000000,0.196981,28.908673,0.989223,146.000000,0.010777,144.426485,,,,,,,,,1.000000,1.000000,0.000000,1.000000,,,,,1.000000,12.000000,0.000000,12.000000,,,,,,,,,,,,,,,,,,,,,
FB15k-237,structural_r2d3,r2d3,0.351555,212,/film/actor/film./film/performance/special_performance_type,16,rule_only,trial,U,234.000000,1.000000,0.000000,234.000000,UU,228.000000,1.000000,0.000000,228.000000,1.000000,60.000000,0.000000,60.000000,1.000000,234.000000,0.000000,234.000000,,,,,,,,,1.000000,19.000000,0.000000,19.000000,,,,,1.000000,228.000000,0.000000,228.000000,,,,,,,,,,,,,,,,,,,,,
FB15k-237,structural_r2d3,r2d3,0.351555,213,/business/business_operation/operating_income./measurement_unit/dated_money_value/currency,0,rule_only,trial,B,378.000000,1.000000,0.000000,378.000000,BB,1700.000000,1.000000,0.000000,1700.000000,1.000000,378.000000,0.000000,378.000000,1.000000,157.000000,0.000000,157.000000,,,,,,,,,1.000000,1700.000000,0.000000,1700.000000,1.000000,114.000000,0.000000,114.000000,1.000000,326.000000,0.000000,326.000000,,,,,,,,,,,,,,,,,,,,,
FB15k-237,structural_r2d3,r2d3,0.351555,214,/people/ethnicity/languages_spoken,29,dependency,final,U,81.000000,0.985221,0.014779,79.802869,BB,174.000000,1.013270,0.013270,176.309067,0.985266,47.000000,0.014734,46.307497,0.985221,81.000000,0.014779,79.802869,,,,,,,,,1.013270,174.000000,0.013270,176.309067,1.013166,4.000000,0.013166,4.052663,1.013212,26.000000,0.013212,26.343517,,,,,,,,,,,,,,,,,,,,,
FB15k-237,structural_r2d3,r2d3,0.351555,215,/base/americancomedy/celebrity_impressionist/celebrities_impersonated,8,dependency,final,U,152.000000,0.990310,0.009690,150.527090,UU,44.000000,1.036025,0.036025,45.585082,0.861651,31.000000,0.138349,26.711178,0.990310,152.000000,0.009690,150.527090,,,,,,,,,1.036161,10.000000,0.036161,10.361609,,,,,1.036025,44.000000,0.036025,45.585082,,,,,,,,,,,,,,,,,,,,,
FB15k-237,structural_r2d3,r2d3,0.351555,216,/medicine/symptom/symptom_of,31,dependency,final,U,82.000000,0.974671,0.025329,79.923014,BB,33.000000,1.025716,0.025716,33.848644,0.974475,18.000000,0.025525,17.540557,0.974671,82.000000,0.025329,79.923014,,,,,,,,,1.025716,33.000000,0.025716,33.848644,1.017851,1.000000,0.017851,1.017851,1.024516,13.000000,0.024516,13.318703,,,,,,,,,,,,,,,,,,,,,
FB15k-237,structural_r2d3,r2d3,0.351555,217,/education/university/fraternities_and_sororities,21,rule_only,trial,U,322.000000,0.921292,0.078708,296.655960,UU,774.000000,1.000000,0.000000,774.000000,0.921630,64.000000,0.078370,58.984339,0.921292,322.000000,0.078708,296.655960,,,,,,,,,1.000000,107.000000,0.000000,107.000000,1.000000,5.000000,0.000000,5.000000,1.000000,774.000000,0.000000,774.000000,,,,,,,,,,,,,,,,,,,,,
FB15k-237,structural_r2d3,r2d3,0.351555,218,/location/statistical_region/places_exported_to./location/imports_and_exports/exported_to,13,dependency,final,U,2138.000000,0.887469,0.112531,1897.408936,UU,4103.000000,1.001604,0.001604,4109.579571,0.894646,468.000000,0.105354,418.694328,0.887469,2138.000000,0.112531,1897.408936,,,,,,,,,1.001600,652.000000,0.001600,653.043526,1.001561,40.000000,0.001561,40.062432,1.001604,4103.000000,0.001604,4109.579571,,,,,,,,,,,,,,,,,,,,,
FB15k-237,structural_r2d3,r2d3,0.351555,219,/location/statistical_region/gdp_nominal./measurement_unit/dated_money_value/currency,4,rule_only,trial,U,952.000000,0.806700,0.193300,767.977924,UU,1804.000000,1.000000,0.000000,1804.000000,0.811079,465.000000,0.188921,377.151689,0.806700,952.000000,0.193300,767.977924,,,,,,,,,1.000000,1557.000000,0.000000,1557.000000,1.000000,36.000000,0.000000,36.000000,1.000000,1804.000000,0.000000,1804.000000,,,,,,,,,,,,,,,,,,,,,
FB15k-237,structural_r2d3,r2d3,0.351555,220,/travel/travel_destination/how_to_get_here./travel/transportation/mode_of_transportation,20,rule_only,trial,U,213.000000,1.000000,0.000000,213.000000,UU,459.000000,1.000000,0.000000,459.000000,1.000000,29.000000,0.000000,29.000000,1.000000,213.000000,0.000000,213.000000,,,,,,,,,1.000000,141.000000,0.000000,141.000000,1.000000,10.000000,0.000000,10.000000,1.000000,459.000000,0.000000,459.000000,,,,,,,,,,,,,,,,,,,,,
FB15k-237,structural_r2d3,r2d3,0.351555,221,/location/country/official_language,16,dependency,final,U,754.000000,0.972131,0.027869,732.986849,UU,2433.000000,1.029682,0.029682,2505.217036,0.967020,237.000000,0.032980,229.183645,0.972131,754.000000,0.027869,732.986849,,,,,,,,,1.029366,1528.000000,0.029366,1572.870942,1.028878,3.000000,0.028878,3.086634,1.029682,2433.000000,0.029682,2505.217036,,,,,,,,,,,,,,,,,,,,,
FB15k-237,structural_r2d3,r2d3,0.351555,222,/location/location/partially_contains,13,dependency,final,U,669.000000,0.801996,0.198004,536.535592,UU,1310.000000,1.001576,0.001576,1312.064036,0.821118,89.000000,0.178882,73.079546,0.801996,669.000000,0.198004,536.535592,,,,,,,,,1.001603,128.000000,0.001603,128.205235,0.998690,1.000000,0.001310,0.998690,1.001576,1310.000000,0.001576,1312.064036,,,,,,,,,,,,,,,,,,,,,
FB15k-237,structural_r2d3,r2d3,0.351555,223,/film/film/film_art_direction_by,3,rule_only,trial,U,181.000000,1.231495,0.231495,222.900595,BB,177.000000,1.000000,0.000000,177.000000,0.823363,81.000000,0.176637,66.692435,1.231495,181.000000,0.231495,222.900595,,,,,,,,,1.000000,177.000000,0.000000,177.000000,,,,,1.000000,21.000000,0.000000,21.000000,,,,,,,,,,,,,,,,,,,,,
FB15k-237,structural_r2d3,r2d3,0.351555,224,/people/person/spouse_s./people/marriage/location_of_ceremony,35,rule_only,trial,U,141.000000,1.000000,0.000000,141.000000,BB,2.000000,1.000000,0.000000,2.000000,1.000000,8.000000,0.000000,8.000000,1.000000,141.000000,0.000000,141.000000,,,,,,,,,1.000000,2.000000,0.000000,2.000000,,,,,,,,,,,,,,,,,,,,,,,,,,,,,
FB15k-237,structural_r2d3,r2d3,0.351555,225,/education/university/international_tuition./measurement_unit/dated_money_value/currency,0,rule_only,trial,U,163.000000,1.000000,0.000000,163.000000,BB,281.000000,1.000000,0.000000,281.000000,1.000000,147.000000,0.000000,147.000000,1.000000,163.000000,0.000000,163.000000,,,,,,,,,1.000000,281.000000,0.000000,281.000000,1.000000,5.000000,0.000000,5.000000,1.000000,174.000000,0.000000,174.000000,,,,,,,,,,,,,,,,,,,,,
FB15k-237,structural_r2d3,r2d3,0.351555,226,/organization/organization_founder/organizations_founded,9,rule_only,trial,U,275.000000,0.877996,0.122004,241.448927,UU,659.000000,1.000000,0.000000,659.000000,0.964039,58.000000,0.035961,55.914279,0.877996,275.000000,0.122004,241.448927,,,,,,,,,1.000000,7.000000,0.000000,7.000000,,,,,1.000000,659.000000,0.000000,659.000000,,,,,,,,,,,,,,,,,,,,,
FB15k-237,structural_r2d3,r2d3,0.351555,227,/film/film/dubbing_performances./film/dubbing_performance/actor,8,rule_only,trial,U,92.000000,1.000000,0.000000,92.000000,UU,3.000000,1.000000,0.000000,3.000000,1.000000,19.000000,0.000000,19.000000,1.000000,92.000000,0.000000,92.000000,,,,,,,,,,,,,,,,,1.000000,3.000000,0.000000,3.000000,,,,,,,,,,,,,,,,,,,,,
FB15k-237,structural_r2d3,r2d3,0.351555,228,/dataworld/gardening_hint/split_to,10,rule_only,none,U,109.000000,1.000000,0.000000,109.000000,,,,,,1.000000,76.000000,0.000000,76.000000,1.000000,109.000000,0.000000,109.000000,,,,,,,,,,,,,,,,,,,,,,,,,,,,,,,,,,,,,,,,,
FB15k-237,structural_r2d3,r2d3,0.351555,229,/medicine/disease/risk_factors,13,dependency,final,U,63.000000,0.981090,0.018910,61.808701,BB,13.000000,1.018608,0.018608,13.241908,0.980474,18.000000,0.019526,17.648536,0.981090,63.000000,0.018910,61.808701,,,,,,,,,1.018608,13.000000,0.018608,13.241908,1.018526,5.000000,0.018526,5.092629,1.018685,10.000000,0.018685,10.186853,,,,,,,,,,,,,,,,,,,,,
FB15k-237,structural_r2d3,r2d3,0.351555,230,/film/film/prequel,18,dependency,final,B,191.000000,0.982902,0.017098,187.734263,BB,10.000000,1.013389,0.013389,10.133885,0.982902,191.000000,0.017098,187.734263,,,,,,,,,,,,,1.013389,10.000000,0.013389,10.133885,,,,,,,,,,,,,,,,,,,,,,,,,,,,,
FB15k-237,structural_r2d3,r2d3,0.351555,231,/base/localfood/seasonal_month/produce_available./base/localfood/produce_availability/seasonal_months,3,rule_only,trial,U,1866.000000,1.000000,0.000000,1866.000000,UU,3762.000000,1.000000,0.000000,3762.000000,1.000000,18.000000,0.000000,18.000000,1.000000,1866.000000,0.000000,1866.000000,,,,,,,,,,,,,1.000000,6.000000,0.000000,6.000000,1.000000,3762.000000,0.000000,3762.000000,,,,,,,,,,,,,,,,,,,,,
FB15k-237,structural_r2d3,r2d3,0.351555,232,/film/actor/dubbing_performances./film/dubbing_performance/language,12,dependency,final,U,90.000000,1.006446,0.006446,90.580158,UU,6.000000,0.998958,0.001042,5.993750,0.992196,89.000000,0.007804,88.305426,1.006446,90.000000,0.006446,90.580158,,,,,,,,,1.005703,4.000000,0.005703,4.022812,,,,,0.998958,6.000000,0.001042,5.993750,,,,,,,,,,,,,,,,,,,,,
FB15k-237,structural_r2d3,r2d3,0.351555,233,/broadcast/content/artist,14,rule_only,trial,U,280.000000,0.831561,0.168439,232.837080,UU,437.000000,1.000000,0.000000,437.000000,0.785073,33.000000,0.214927,25.907419,0.831561,280.000000,0.168439,232.837080,,,,,,,,,1.000000,67.000000,0.000000,67.000000,1.000000,4.000000,0.000000,4.000000,1.000000,437.000000,0.000000,437.000000,,,,,,,,,,,,,,,,,,,,,
FB15k-237,structural_r2d3,r2d3,0.351555,234,/location/statistical_region/gni_per_capita_in_ppp_dollars./measurement_unit/dated_money_value/currency,0,rule_only,trial,U,860.000000,1.000000,0.000000,860.000000,BB,2328.000000,1.000000,0.000000,2328.000000,1.000000,287.000000,0.000000,287.000000,1.000000,860.000000,0.000000,860.000000,,,,,,,,,1.000000,2328.000000,0.000000,2328.000000,,,,,1.000000,2260.000000,0.000000,2260.000000,,,,,,,,,,,,,,,,,,,,,
FB15k-237,structural_r2d3,r2d3,0.351555,235,/music/instrument/family,6,dependency,final,U,618.000000,0.762019,0.237981,470.927495,UU,1195.000000,1.006102,0.006102,1202.291412,0.808006,471.000000,0.191994,380.570732,0.762019,618.000000,0.237981,470.927495,,,,,,,,,1.006236,288.000000,0.006236,289.796026,1.006352,104.000000,0.006352,104.660556,1.006102,1195.000000,0.006102,1202.291412,,,,,,,,,,,,,,,,,,,,,
FB15k-237,structural_r2d3,r2d3,0.351555,236,/government/politician/government_positions_held./government/government_position_held/jurisdiction_of_office,9,dependency,final,U,160.000000,0.866444,0.133556,138.631120,BB,312.000000,1.009405,0.009405,314.934298,0.760976,135.000000,0.239024,102.731720,0.866444,160.000000,0.133556,138.631120,,,,,,,,,1.009405,312.000000,0.009405,314.934298,1.008377,2.000000,0.008377,2.016754,1.009240,160.000000,0.009240,161.478464,,,,,,,,,,,,,,,,,,,,,
codex-l,structural_r3d6,r3d6,0.331726,0,P27,3277,dependency,final,Uc,12884.000000,1.393789,0.393789,17957.576188,BB,3835.000000,1.000000,0.000000,3835.000000,0.695376,933.000000,0.304624,648.786088,,,,,1.393789,12884.000000,0.393789,17957.576188,0.523797,1634.000000,0.476203,855.884788,1.000000,3835.000000,0.000000,3835.000000,,,,,,,,,1.000000,482.000000,0.000000,482.000000,,,,,1.000000,1478.000000,0.000000,1478.000000,1.000000,244.000000,0.000000,244.000000,1.000000,5.000000,0.000000,5.000000,True
codex-l,structural_r3d6,r3d6,0.331726,1,P17,396,dependency,final,Uc,2531.000000,2.442804,1.442804,6182.735912,BB,4523.000000,1.403429,0.403429,6347.709367,1.100871,688.000000,0.100871,757.399523,,,,,2.442804,2531.000000,1.442804,6182.735912,1.211650,1715.000000,0.211650,2077.980436,1.403429,4523.000000,0.403429,6347.709367,,,,,,,,,1.275849,360.000000,0.275849,459.305640,,,,,1.414576,431.000000,0.414576,609.682213,1.291536,202.000000,0.291536,260.890211,1.192129,71.000000,0.192129,84.641180,False
codex-l,structural_r3d6,r3d6,0.331726,2,P106,9426,dependency,final,Uc,54249.000000,2.298151,1.298151,124672.409874,B_Uc,18168.000000,1.570760,0.570760,28537.574947,1.022887,277.000000,0.022887,283.339699,,,,,2.298151,54249.000000,1.298151,124672.409874,1.423670,13510.000000,0.423670,19233.783051,1.702173,10982.000000,0.702173,18693.261690,,,,,,,,,1.570760,18168.000000,0.570760,28537.574947,,,,,1.752640,11247.000000,0.752640,19711.942080,1.534576,3693.000000,0.534576,5667.190276,1.050732,177.000000,0.050732,185.979564,False
codex-l,structural_r3d6,r3d6,0.331726,3,P19,1925,dependency,final,Uc,4551.000000,1.210349,0.210349,5508.299664,BB,1147.000000,1.389119,0.389119,1593.319952,0.750416,391.000000,0.249584,293.412773,,,,,1.210349,4551.000000,0.210349,5508.299664,0.501966,988.000000,0.498034,495.942803,1.389119,1147.000000,0.389119,1593.319952,,,,,,,,,1.072688,131.000000,0.072688,140.522141,,,,,1.390188,432.000000,0.390188,600.561216,1.086484,8.000000,0.086484,8.691872,,,,,True
codex-l,structural_r3d6,r3d6,0.331726,4,P102,631,dependency,final,Uc,2265.000000,2.782314,1.782314,6301.941889,Uc_Ud,585.000000,1.273015,0.273015,744.713716,0.748811,89.000000,0.251189,66.644135,,,,,2.782314,2265.000000,1.782314,6301.941889,1.031191,420.000000,0.031191,433.100220,1.297223,206.000000,0.297223,267.227959,,,,,,,,,0.979667,158.000000,0.020333,154.787370,,,,,1.276478,577.000000,0.276478,736.527921,1.273015,585.000000,0.273015,744.713716,1.070900,3.000000,0.070900,3.212701,False
codex-l,structural_r3d6,r3d6,0.331726,5,P69,1687,dependency,final,Uc,5609.000000,1.500382,0.500382,8415.645442,Uc_Uc,315.000000,1.605031,0.605031,505.584891,0.637124,129.000000,0.362876,82.189009,,,,,1.500382,5609.000000,0.500382,8415.645442,0.787383,1419.000000,0.212617,1117.297045,1.522636,40.000000,0.522636,60.905432,,,,,,,,,1.533736,33.000000,0.533736,50.613295,,,,,1.605031,315.000000,0.605031,505.584891,1.464566,6.000000,0.464566,8.787397,,,,,False
codex-l,structural_r3d6,r3d6,0.331726,6,P136,1401,dependency,final,Uc,6840.000000,2.476044,1.476044,16936.143696,Uc_Uc,2291.000000,2.059683,1.059683,4718.733295,1.092656,160.000000,0.092656,174.824944,,,,,2.476044,6840.000000,1.476044,16936.143696,1.708184,2433.000000,0.708184,4156.012889,1.646653,657.000000,0.646653,1081.850758,,,,,,,,,1.761841,1126.000000,0.761841,1983.832628,,,,,2.059683,2291.000000,1.059683,4718.733295,1.891464,839.000000,0.891464,1586.938128,1.341821,37.000000,0.341821,49.647381,False
codex-l,structural_r3d6,r3d6,0.331726,7,P463,970,dependency,final,Uc,32667.000000,0.750989,0.249011,24532.544596,Uc_Uc,101558.000000,1.000000,0.000000,101558.000000,0.649719,254.000000,0.350281,165.028601,,,,,0.750989,32667.000000,0.249011,24532.544596,1.329712,3010.000000,0.329712,4002.434324,1.000000,2007.000000,0.000000,2007.000000,,,,,,,,,1.000000,18046.000000,0.000000,18046.000000,,,,,1.000000,101558.000000,0.000000,101558.000000,1.000000,3557.000000,0.000000,3557.000000,1.000000,154.000000,0.000000,154.000000,False
codex-l,structural_r3d6,r3d6,0.331726,8,P131,322,dependency,final,Uc,2234.000000,2.522572,1.522572,5635.424954,B_Uc,548.000000,1.189857,0.189857,652.041746,1.052894,234.000000,0.052894,246.377219,,,,,2.522572,2234.000000,1.522572,5635.424954,1.393139,981.000000,0.393139,1366.669261,1.105541,302.000000,0.105541,333.873533,,,,,,,,,1.189857,548.000000,0.189857,652.041746,,,,,1.151876,240.000000,0.151876,276.450288,1.163805,85.000000,0.163805,98.923442,1.059121,9.000000,0.059121,9.532090,False
codex-l,structural_r3d6,r3d6,0.331726,9,P1412,1993,rule_only,trial,Uc,7701.000000,2.834425,1.834425,21827.908465,BB,7471.000000,1.000000,0.000000,7471.000000,0.783847,347.000000,0.216153,271.994874,,,,,2.834425,7701.000000,1.834425,21827.908465,1.828980,939.000000,0.828980,1717.411938,1.000000,7471.000000,0.000000,7471.000000,,,,,,,,,1.000000,201.000000,0.000000,201.000000,,,,,1.000000,1062.000000,0.000000,1062.000000,1.000000,560.000000,0.000000,560.000000,1.000000,8.000000,0.000000,8.000000,False
codex-l,structural_r3d6,r3d6,0.331726,10,P140,346,dependency,final,Uc,1599.000000,2.911842,1.911842,4656.035518,Uc_Ud,370.000000,1.398501,0.398501,517.445481,1.149104,127.000000,0.149104,145.936221,,,,,2.911842,1599.000000,1.911842,4656.035518,1.575539,491.000000,0.575539,773.589600,1.377323,203.000000,0.377323,279.596569,,,,,,,,,1.122564,3.000000,0.122564,3.367692,,,,,1.414206,124.000000,0.414206,175.361507,1.398501,370.000000,0.398501,517.445481,1.208727,10.000000,0.208727,12.087269,False
codex-l,structural_r3d6,r3d6,0.331726,11,P1303,584,dependency,final,Uc,2515.000000,2.150930,1.150930,5409.588698,Uc_Uc,1402.000000,1.104161,0.104161,1548.033722,0.793317,85.000000,0.206683,67.431979,,,,,2.150930,2515.000000,1.150930,5409.588698,2.074410,445.000000,1.074410,923.112628,1.155403,705.000000,0.155403,814.559326,,,,,,,,,1.077203,345.000000,0.077203,371.634897,,,,,1.104161,1402.000000,0.104161,1548.033722,1.064558,497.000000,0.064558,529.085525,1.000762,5.000000,0.000762,5.003810,False
codex-l,structural_r3d6,r3d6,0.331726,12,P3373,132,dependency,final,Uc,3069.000000,0.333554,0.666446,1023.678147,B_Uc,4343.000000,1.320506,0.320506,5734.955387,1.169922,138.000000,0.169922,161.449236,,,,,0.333554,3069.000000,0.666446,1023.678147,0.735473,453.000000,0.264527,333.169133,1.227966,312.000000,0.227966,383.125548,,,,,,,,,1.320506,4343.000000,0.320506,5734.955387,,,,,1.379298,3729.000000,0.379298,5143.402242,,,,,,,,,False
codex-l,structural_r3d6,r3d6,0.331726,13,P20,1230,dependency,final,Uc,3333.000000,2.315876,1.315876,7718.816374,BB,1150.000000,1.803740,0.803740,2074.300425,1.045621,339.000000,0.045621,354.465688,,,,,2.315876,3333.000000,1.315876,7718.816374,0.814664,658.000000,0.185336,536.048649,1.803740,1150.000000,0.803740,2074.300425,,,,,,,,,1.613686,202.000000,0.613686,325.964491,,,,,1.810781,607.000000,0.810781,1099.144128,1.456803,273.000000,0.456803,397.707328,1.708459,8.000000,0.708459,13.667672,True
codex-l,structural_r3d6,r3d6,0.331726,14,P47,427,dependency,final,Uc,5403.000000,1.000000,0.000000,5403.000000,B_Uc,4323.000000,1.000000,0.000000,4323.000000,1.000000,398.000000,0.000000,398.000000,,,,,1.000000,5403.000000,0.000000,5403.000000,1.000000,4474.000000,0.000000,4474.000000,1.000000,2148.000000,0.000000,2148.000000,,,,,,,,,1.000000,4323.000000,0.000000,4323.000000,,,,,1.000000,1391.000000,0.000000,1391.000000,1.000000,67.000000,0.000000,67.000000,,,,,False
codex-l,structural_r3d6,r3d6,0.331726,15,P26,111,rule_only,trial,B,13.000000,1.000000,0.000000,13.000000,BB,4.000000,1.000000,0.000000,4.000000,1.000000,13.000000,0.000000,13.000000,,,,,,,,,,,,,1.000000,4.000000,0.000000,4.000000,,,,,,,,,,,,,,,,,,,,,,,,,,,,,
codex-l,structural_r3d6,r3d6,0.331726,16,P119,324,dependency,final,Uc,1168.000000,2.566887,1.566887,2998.123666,BB,126.000000,1.140214,0.140214,143.666977,0.914488,82.000000,0.085512,74.988008,,,,,2.566887,1168.000000,1.566887,2998.123666,1.160186,286.000000,0.160186,331.813139,1.140214,126.000000,0.140214,143.666977,,,,,,,,,1.048630,4.000000,0.048630,4.194521,,,,,1.094605,122.000000,0.094605,133.541847,,,,,,,,,False
codex-l,structural_r3d6,r3d6,0.331726,17,P161,1239,rule_only,trial,Ud,3884.000000,1.000000,0.000000,3884.000000,Uc_Uc,265.000000,1.000000,0.000000,265.000000,1.000000,68.000000,0.000000,68.000000,,,,,1.000000,3689.000000,0.000000,3689.000000,1.000000,3884.000000,0.000000,3884.000000,1.000000,39.000000,0.000000,39.000000,,,,,,,,,1.000000,171.000000,0.000000,171.000000,,,,,1.000000,265.000000,0.000000,265.000000,,,,,,,,,False
codex-l,structural_r3d6,r3d6,0.331726,18,P264,390,dependency,final,Uc,1994.000000,2.682325,1.682325,5348.555252,BB,135.000000,1.106879,0.106879,149.428692,1.585102,120.000000,0.585102,190.212204,,,,,2.682325,1994.000000,1.682325,5348.555252,1.863036,878.000000,0.863036,1635.745432,1.106879,135.000000,0.106879,149.428692,,,,,,,,,,,,,,,,,1.132447,124.000000,0.132447,140.423478,1.072801,22.000000,0.072801,23.601633,,,,,False
codex-l,structural_r3d6,r3d6,0.331726,19,P101,286,rule_only,trial,Uc,1156.000000,2.822527,1.822527,3262.841674,Uc_Uc,270.000000,1.000000,0.000000,270.000000,1.305170,50.000000,0.305170,65.258480,,,,,2.822527,1156.000000,1.822527,3262.841674,1.811164,388.000000,0.811164,702.731787,1.000000,13.000000,0.000000,13.000000,,,,,,,,,1.000000,4.000000,0.000000,4.000000,,,,,1.000000,270.000000,0.000000,270.000000,1.000000,140.000000,0.000000,140.000000,1.000000,3.000000,0.000000,3.000000,False
codex-l,structural_r3d6,r3d6,0.331726,20,P108,644,dependency,final,Uc,2456.000000,1.932535,0.932535,4746.306451,Uc_Uc,179.000000,1.000000,0.000000,179.000000,0.995855,81.000000,0.004145,80.664255,,,,,1.932535,2456.000000,0.932535,4746.306451,1.353165,652.000000,0.353165,882.263580,1.000000,1.000000,0.000000,1.000000,,,,,,,,,1.000000,2.000000,0.000000,2.000000,,,,,1.000000,179.000000,0.000000,179.000000,1.000000,11.000000,0.000000,11.000000,,,,,False
codex-l,structural_r3d6,r3d6,0.331726,21,P737,90,dependency,final,Uc,308.000000,2.571261,1.571261,791.948296,B_Uc,12.000000,1.297868,0.297868,15.574420,1.422046,21.000000,0.422046,29.862956,,,,,2.571261,308.000000,1.571261,791.948296,2.579804,293.000000,1.579804,755.882689,,,,,,,,,,,,,1.297868,12.000000,0.297868,15.574420,,,,,1.034300,1.000000,0.034300,1.034300,,,,,,,,,False
codex-l,structural_r3d6,r3d6,0.331726,22,P740,72,dependency,final,Uc,71.000000,1.892560,0.892560,134.371746,BB,34.000000,1.007073,0.007073,34.240489,1.156689,71.000000,0.156689,82.124940,,,,,1.892560,71.000000,0.892560,134.371746,1.112207,49.000000,0.112207,54.498158,1.007073,34.000000,0.007073,34.240489,,,,,,,,,1.010529,1.000000,0.010529,1.010529,,,,,1.004817,8.000000,0.004817,8.038536,,,,,,,,,True
codex-l,structural_r3d6,r3d6,0.331726,23,P530,315,rule_only,trial,Uc,47178.000000,0.628120,0.371880,29633.426489,Uc_Uc,101868.000000,1.000000,0.000000,101868.000000,0.668035,376.000000,0.331965,251.181160,,,,,0.628120,47178.000000,0.371880,29633.426489,0.656451,5730.000000,0.343549,3761.465949,1.000000,26966.000000,0.000000,26966.000000,,,,,,,,,1.000000,81788.000000,0.000000,81788.000000,,,,,1.000000,101868.000000,0.000000,101868.000000,1.000000,2216.000000,0.000000,2216.000000,1.000000,298.000000,0.000000,298.000000,False
codex-l,structural_r3d6,r3d6,0.331726,24,P509,392,dependency,final,Uc,1370.000000,2.863483,1.863483,3922.971710,Uc_Ud,51.000000,0.956103,0.043897,48.761233,1.320923,42.000000,0.320923,55.478774,,,,,2.863483,1370.000000,1.863483,3922.971710,1.496245,538.000000,0.496245,804.979810,1.039390,3.000000,0.039390,3.118169,,,,,,,,,,,,,,,,,1.003767,13.000000,0.003767,13.048971,0.956103,51.000000,0.043897,48.761233,,,,,False
codex-l,structural_r3d6,r3d6,0.331726,25,P495,337,dependency,final,Uc,2670.000000,1.972444,0.972444,5266.426014,BB,1998.000000,1.112594,0.112594,2222.961813,0.853843,279.000000,0.146157,238.222225,,,,,1.972444,2670.000000,0.972444,5266.426014,0.746053,395.000000,0.253947,294.690777,1.112594,1998.000000,0.112594,2222.961813,,,,,,,,,1.078626,391.000000,0.078626,421.742844,,,,,1.123986,453.000000,0.123986,509.165839,1.148087,335.000000,0.148087,384.608977,1.022669,14.000000,0.022669,14.317369,True
codex-l,structural_r3d6,r3d6,0.331726,26,P551,245,dependency,final,Uc,410.000000,2.160852,1.160852,885.949115,Uc_Ud,28.000000,1.125363,0.125363,31.510167,1.427684,116.000000,0.427684,165.611390,,,,,2.160852,410.000000,1.160852,885.949115,2.268380,351.000000,1.268380,796.201345,,,,,,,,,,,,,,,,,,,,,1.084257,8.000000,0.084257,8.674058,1.125363,28.000000,0.125363,31.510167,0.998789,2.000000,0.001211,1.997579,False
codex-l,structural_r3d6,r3d6,0.331726,27,P113,20,dependency,final,Ud,30.000000,1.193579,0.193579,35.807373,BB,32.000000,1.023043,0.023043,32.737363,0.938260,37.000000,0.061740,34.715631,,,,,1.592390,9.000000,0.592390,14.331512,1.193579,30.000000,0.193579,35.807373,1.023043,32.000000,0.023043,32.737363,,,,,,,,,,,,,,,,,,,,,1.018813,1.000000,0.018813,1.018813,,,,,False
codex-l,structural_r3d6,r3d6,0.331726,28,P37,111,dependency,final,Uc,1064.000000,1.446403,0.446403,1538.972260,BB,2917.000000,1.122912,0.122912,3275.535179,0.847891,163.000000,0.152109,138.206282,,,,,1.446403,1064.000000,0.446403,1538.972260,0.769416,352.000000,0.230584,270.834432,1.122912,2917.000000,0.122912,3275.535179,,,,,,,,,1.010983,30.000000,0.010983,30.329493,,,,,1.146405,2775.000000,0.146405,3181.272488,1.192916,432.000000,0.192916,515.339712,1.130523,20.000000,0.130523,22.610466,True
codex-l,structural_r3d6,r3d6,0.331726,29,P840,155,dependency,final,Uc,559.000000,2.587993,1.587993,1446.688143,Uc_Uc,60.000000,1.792417,0.792417,107.545032,1.314696,83.000000,0.314696,109.119743,,,,,2.587993,559.000000,1.587993,1446.688143,2.199707,464.000000,1.199707,1020.664048,1.600459,26.000000,0.600459,41.611942,,,,,,,,,1.485825,7.000000,0.485825,10.400776,,,,,1.792417,60.000000,0.792417,107.545032,1.731588,42.000000,0.731588,72.726717,,,,,False
codex-l,structural_r3d6,r3d6,0.331726,30,P36,46,dependency,final,B,111.000000,1.237539,0.237539,137.366796,BB,417.000000,1.489299,0.489299,621.037892,1.237539,111.000000,0.237539,137.366796,,,,,2.109060,50.000000,1.109060,105.453000,1.177551,94.000000,0.177551,110.689766,1.489299,417.000000,0.489299,621.037892,,,,,,,,,,,,,,,,,1.095666,1.000000,0.095666,1.095666,,,,,,,,,True
codex-l,structural_r3d6,r3d6,0.331726,31,P172,197,dependency,final,Uc,1307.000000,2.447206,1.447206,3198.498634,Uc_Uc,984.000000,1.070094,0.070094,1052.972594,0.962488,109.000000,0.037512,104.911236,,,,,2.447206,1307.000000,1.447206,3198.498634,1.211212,328.000000,0.211212,397.277438,1.076200,309.000000,0.076200,332.545707,,,,,,,,,1.001674,87.000000,0.001674,87.145595,,,,,1.070094,984.000000,0.070094,1052.972594,1.025194,330.000000,0.025194,338.314020,1.074405,7.000000,0.074405,7.520836,False
codex-l,structural_r3d6,r3d6,0.331726,32,P54,38,dependency,final,Uc,196.000000,2.167863,1.167863,424.901128,Uc_Uc,9.000000,1.080156,0.080156,9.721406,0.989880,13.000000,0.010120,12.868439,,,,,2.167863,196.000000,1.167863,424.901128,0.913495,114.000000,0.086505,104.138384,1.032652,1.000000,0.032652,1.032652,,,,,,,,,1.110756,5.000000,0.110756,5.553781,,,,,1.080156,9.000000,0.080156,9.721406,1.072698,3.000000,0.072698,3.218095,,,,,True
codex-l,structural_r3d6,r3d6,0.331726,33,P407,50,dependency,final,Uc,114.000000,1.863712,0.863712,212.463168,BB,97.000000,1.017754,0.017754,98.722119,1.127375,62.000000,0.127375,69.897225,,,,,1.863712,114.000000,0.863712,212.463168,1.682579,43.000000,0.682579,72.350918,1.017754,97.000000,0.017754,98.722119,,,,,,,,,,,,,,,,,1.009157,43.000000,0.009157,43.393738,1.009566,82.000000,0.009566,82.784420,1.008608,6.000000,0.008608,6.051646,False
codex-l,structural_r3d6,r3d6,0.331726,34,P2348,35,dependency,final,Uc,122.000000,1.013006,0.013006,123.586683,BB,99.000000,1.019455,0.019455,100.926055,0.983979,53.000000,0.016021,52.150866,,,,,1.013006,122.000000,0.013006,123.586683,0.976966,55.000000,0.023034,53.733119,1.019455,99.000000,0.019455,100.926055,,,,,,,,,1.019639,2.000000,0.019639,2.039278,,,,,1.012058,8.000000,0.012058,8.096467,1.020981,16.000000,0.020981,16.335688,,,,,True
codex-l,structural_r3d6,r3d6,0.331726,35,P159,32,dependency,final,B,84.000000,1.629246,0.629246,136.856664,BB,63.000000,1.064073,0.064073,67.036612,1.629246,84.000000,0.629246,136.856664,,,,,2.062924,50.000000,1.062924,103.146220,1.766737,70.000000,0.766737,123.671569,1.064073,63.000000,0.064073,67.036612,,,,,,,,,1.049253,3.000000,0.049253,3.147758,,,,,1.069501,4.000000,0.069501,4.278003,1.070766,15.000000,0.070766,16.061493,,,,,False
codex-l,structural_r3d6,r3d6,0.331726,36,P40,84,rule_only,trial,B,66.000000,1.875069,0.875069,123.754580,Uc_Uc,214.000000,1.000000,0.000000,214.000000,1.875069,66.000000,0.875069,123.754580,,,,,0.739571,145.000000,0.260429,107.237766,1.150357,46.000000,0.150357,52.916440,1.000000,18.000000,0.000000,18.000000,,,,,,,,,1.000000,6.000000,0.000000,6.000000,,,,,1.000000,214.000000,0.000000,214.000000,,,,,,,,,False
codex-l,structural_r3d6,r3d6,0.331726,37,P641,185,dependency,final,Uc,461.000000,2.544649,1.544649,1173.083235,Uc_Ud,67.000000,1.322367,0.322367,88.598609,1.216734,45.000000,0.216734,54.753012,,,,,2.544649,461.000000,1.544649,1173.083235,1.686516,149.000000,0.686516,251.290839,1.084478,11.000000,0.084478,11.929255,,,,,,,,,0.987815,3.000000,0.012185,2.963444,,,,,1.314471,47.000000,0.314471,61.780142,1.322367,67.000000,0.322367,88.598609,1.268079,9.000000,0.268079,11.412707,False
codex-l,structural_r3d6,r3d6,0.331726,38,P1050,35,rule_only,trial,Uc,121.000000,1.622910,0.622910,196.372086,Uc_Ud,3.000000,1.000000,0.000000,3.000000,0.802220,8.000000,0.197780,6.417762,,,,,1.622910,121.000000,0.622910,196.372086,0.791620,77.000000,0.208380,60.954709,,,,,,,,,,,,,,,,,,,,,,,,,1.000000,3.000000,0.000000,3.000000,,,,,True
codex-l,structural_r3d6,r3d6,0.331726,39,P135,51,dependency,final,Uc,189.000000,1.669557,0.669557,315.546311,Uc_Ud,12.000000,1.012335,0.012335,12.148016,1.114011,26.000000,0.114011,28.964291,,,,,1.669557,189.000000,0.669557,315.546311,1.011269,73.000000,0.011269,73.822652,,,,,,,,,,,,,1.003060,1.000000,0.003060,1.003060,,,,,1.007146,4.000000,0.007146,4.028582,1.012335,12.000000,0.012335,12.148016,,,,,True
codex-l,structural_r3d6,r3d6,0.331726,40,P57,78,dependency,final,Uc,153.000000,2.767026,1.767026,423.355009,Uc_Uc,4.000000,1.010837,0.010837,4.043349,1.789953,22.000000,0.789953,39.378970,,,,,2.767026,153.000000,1.767026,423.355009,1.851490,118.000000,0.851490,218.475808,1.004340,1.000000,0.004340,1.004340,,,,,,,,,0.994719,2.000000,0.005281,1.989439,,,,,1.010837,4.000000,0.010837,4.043349,,,,,,,,,False
codex-l,structural_r3d6,r3d6,0.331726,41,P2283,6,rule_only,trial,Ud,22.000000,0.960490,0.039510,21.130782,Uc_Ud,5.000000,1.000000,0.000000,5.000000,0.960383,14.000000,0.039617,13.445366,,,,,0.960636,16.000000,0.039364,15.370176,0.960490,22.000000,0.039510,21.130782,1.000000,1.000000,0.000000,1.000000,,,,,,,,,,,,,,,,,,,,,1.000000,5.000000,0.000000,5.000000,1.000000,2.000000,0.000000,2.000000,False
codex-l,structural_r3d6,r3d6,0.331726,42,P112,15,rule_only,none,B,3.000000,1.000000,0.000000,3.000000,,,,,,1.000000,3.000000,0.000000,3.000000,,,,,,,,,1.000000,1.000000,0.000000,1.000000,,,,,,,,,,,,,,,,,,,,,,,,,,,,,,,,,
codex-l,structural_r3d6,r3d6,0.331726,43,P749,18,dependency,final,Ud,36.000000,1.200054,0.200054,43.201944,Ud_Ud,8.000000,1.006543,0.006543,8.052347,0.895750,30.000000,0.104250,26.872488,,,,,1.283842,19.000000,0.283842,24.393004,1.200054,36.000000,0.200054,43.201944,1.001380,1.000000,0.001380,1.001380,,,,,,,,,,,,,,,,,,,,,0.999957,5.000000,0.000043,4.999787,1.006543,8.000000,0.006543,8.052347,False
codex-l,structural_r3d6,r3d6,0.331726,44,P30,54,dependency,final,Uc,914.000000,0.787657,0.212343,719.918498,Uc_Uc,2398.000000,1.004171,0.004171,2408.001578,0.678131,129.000000,0.321869,87.478899,,,,,0.787657,914.000000,0.212343,719.918498,0.811031,156.000000,0.188969,126.520805,1.001982,1242.000000,0.001982,1244.462265,,,,,,,,,0.995711,7.000000,0.004289,6.969979,,,,,1.004171,2398.000000,0.004171,2408.001578,1.004664,460.000000,0.004664,462.145578,0.997020,16.000000,0.002980,15.952328,False
codex-l,structural_r3d6,r3d6,0.331726,45,P466,4,rule_only,trial,Ud,7.000000,1.000000,0.000000,7.000000,Ud_Ud,2.000000,1.000000,0.000000,2.000000,1.000000,4.000000,0.000000,4.000000,,,,,1.000000,2.000000,0.000000,2.000000,1.000000,7.000000,0.000000,7.000000,,,,,,,,,,,,,,,,,,,,,,,,,1.000000,1.000000,0.000000,1.000000,1.000000,2.000000,0.000000,2.000000,False
codex-l,structural_r3d6,r3d6,0.331726,46,P4552,19,dependency,final,Uc,74.000000,1.655282,0.655282,122.490846,Uc_Uc,8.000000,1.001932,0.001932,8.015454,0.741771,6.000000,0.258229,4.450624,,,,,1.655282,74.000000,0.655282,122.490846,0.970567,44.000000,0.029433,42.704935,1.002099,1.000000,0.002099,1.002099,,,,,,,,,,,,,,,,,1.001932,8.000000,0.001932,8.015454,,,,,,,,,False
codex-l,structural_r3d6,r3d6,0.331726,47,P780,6,dependency,final,Uc,55.000000,0.997001,0.002999,54.835049,Uc_Ud,11.000000,1.001573,0.001573,11.017303,0.997001,4.000000,0.002999,3.988003,,,,,0.997001,55.000000,0.002999,54.835049,0.997001,43.000000,0.002999,42.871039,1.001572,5.000000,0.001572,5.007858,,,,,,,,,1.001573,7.000000,0.001573,7.011010,,,,,,,,,1.001573,11.000000,0.001573,11.017303,1.001569,1.000000,0.001569,1.001569,False
codex-l,structural_r3d6,r3d6,0.331726,48,P361,69,dependency,final,Uc,638.000000,1.294941,0.294941,826.172294,Uc_Uc,803.000000,1.063298,0.063298,853.827892,0.864214,95.000000,0.135786,82.100311,,,,,1.294941,638.000000,0.294941,826.172294,0.805138,231.000000,0.194862,185.986993,1.063522,118.000000,0.063522,125.495549,,,,,,,,,1.059352,86.000000,0.059352,91.104246,,,,,1.063298,803.000000,0.063298,853.827892,1.054752,36.000000,0.054752,37.971090,1.010382,1.000000,0.010382,1.010382,True
codex-l,structural_r3d6,r3d6,0.331726,49,P123,7,dependency,final,Uc,26.000000,1.137636,0.137636,29.578541,Uc_Ud,7.000000,1.001572,0.001572,7.011004,0.851197,6.000000,0.148803,5.107181,,,,,1.137636,26.000000,0.137636,29.578541,0.907378,21.000000,0.092622,19.054938,,,,,,,,,,,,,,,,,,,,,1.001568,1.000000,0.001568,1.001568,1.001572,7.000000,0.001572,7.011004,1.001570,1.000000,0.001570,1.001570,False
codex-l,structural_r3d6,r3d6,0.331726,50,P2176,3,rule_only,trial,Uc,83.000000,0.960202,0.039798,79.696741,Uc_Uc,11.000000,1.000000,0.000000,11.000000,0.960203,2.000000,0.039797,1.920406,,,,,0.960202,83.000000,0.039798,79.696741,0.960219,37.000000,0.039781,35.528103,1.000000,1.000000,0.000000,1.000000,,,,,,,,,1.000000,4.000000,0.000000,4.000000,,,,,1.000000,11.000000,0.000000,11.000000,1.000000,9.000000,0.000000,9.000000,,,,,False
codex-l,structural_r3d6,r3d6,0.331726,51,P452,7,rule_only,trial,Ud,25.000000,1.000000,0.000000,25.000000,Ud_Ud,4.000000,1.000000,0.000000,4.000000,1.000000,9.000000,0.000000,9.000000,,,,,1.000000,7.000000,0.000000,7.000000,1.000000,25.000000,0.000000,25.000000,,,,,,,,,,,,,,,,,,,,,,,,,1.000000,4.000000,0.000000,4.000000,1.000000,4.000000,0.000000,4.000000,False
codex-l,structural_r3d6,r3d6,0.331726,52,P138,21,rule_only,trial,B,25.000000,1.000000,0.000000,25.000000,BB,4.000000,1.000000,0.000000,4.000000,1.000000,25.000000,0.000000,25.000000,,,,,1.000000,5.000000,0.000000,5.000000,1.000000,3.000000,0.000000,3.000000,1.000000,4.000000,0.000000,4.000000,,,,,,,,,,,,,,,,,,,,,,,,,,,,,False
codex-l,structural_r3d6,r3d6,0.331726,53,P451,27,rule_only,none,B,3.000000,1.000000,0.000000,3.000000,,,,,,1.000000,3.000000,0.000000,3.000000,,,,,,,,,1.000000,2.000000,0.000000,2.000000,,,,,,,,,,,,,,,,,,,,,,,,,,,,,,,,,
codex-l,structural_r3d6,r3d6,0.331726,54,P114,1,dependency,final,Ud,25.000000,0.853874,0.146126,21.346857,Ud_Ud,7.000000,1.004280,0.004280,7.029957,0.908898,7.000000,0.091102,6.362283,,,,,0.852725,8.000000,0.147275,6.821799,0.853874,25.000000,0.146126,21.346857,1.004275,2.000000,0.004275,2.008549,,,,,,,,,,,,,,,,,,,,,1.004282,3.000000,0.004282,3.012844,1.004280,7.000000,0.004280,7.029957,False
codex-l,structural_r3d6,r3d6,0.331726,55,P170,28,rule_only,trial,Uc,102.000000,1.000000,0.000000,102.000000,Uc_Uc,17.000000,1.000000,0.000000,17.000000,1.000000,11.000000,0.000000,11.000000,,,,,1.000000,102.000000,0.000000,102.000000,1.000000,55.000000,0.000000,55.000000,1.000000,4.000000,0.000000,4.000000,,,,,,,,,1.000000,17.000000,0.000000,17.000000,,,,,1.000000,17.000000,0.000000,17.000000,1.000000,11.000000,0.000000,11.000000,,,,,False
codex-l,structural_r3d6,r3d6,0.331726,56,P1454,2,dependency,final,Ud,36.000000,0.957899,0.042101,34.484360,BB,7.000000,1.001573,0.001573,7.011008,0.957378,12.000000,0.042622,11.488540,,,,,0.961016,18.000000,0.038984,17.298295,0.957899,36.000000,0.042101,34.484360,1.001573,7.000000,0.001573,7.011008,,,,,,,,,,,,,,,,,1.001548,2.000000,0.001548,2.003096,1.001572,4.000000,0.001572,4.006290,1.001572,7.000000,0.001572,7.011005,False
codex-l,structural_r3d6,r3d6,0.331726,57,P50,11,dependency,final,Uc,26.000000,1.225761,0.225761,31.869781,Uc_Ud,1.000000,1.003343,0.003343,1.003343,0.906989,7.000000,0.093011,6.348920,,,,,1.225761,26.000000,0.225761,31.869781,0.932817,13.000000,0.067183,12.126616,,,,,,,,,,,,,,,,,,,,,,,,,1.003343,1.000000,0.003343,1.003343,,,,,False
codex-l,structural_r3d6,r3d6,0.331726,58,P488,4,rule_only,trial,Uc,8.000000,1.000000,0.000000,8.000000,BB,2.000000,1.000000,0.000000,2.000000,1.000000,5.000000,0.000000,5.000000,,,,,1.000000,8.000000,0.000000,8.000000,1.000000,2.000000,0.000000,2.000000,1.000000,2.000000,0.000000,2.000000,,,,,,,,,,,,,,,,,,,,,,,,,,,,,False
codex-l,structural_r3d6,r3d6,0.331726,59,P1995,4,rule_only,trial,Uc,14.000000,1.000000,0.000000,14.000000,Ud_Ud,1.000000,1.000000,0.000000,1.000000,1.000000,2.000000,0.000000,2.000000,,,,,1.000000,14.000000,0.000000,14.000000,1.000000,7.000000,0.000000,7.000000,,,,,,,,,,,,,,,,,,,,,1.000000,1.000000,0.000000,1.000000,1.000000,1.000000,0.000000,1.000000,1.000000,1.000000,0.000000,1.000000,False
codex-l,structural_r3d6,r3d6,0.331726,60,P84,2,rule_only,none,Ud,6.000000,1.000000,0.000000,6.000000,,,,,,1.000000,2.000000,0.000000,2.000000,,,,,1.000000,6.000000,0.000000,6.000000,1.000000,6.000000,0.000000,6.000000,,,,,,,,,,,,,,,,,,,,,,,,,,,,,,,,,False
codex-l,structural_r3d6,r3d6,0.331726,61,P169,1,rule_only,none,B,5.000000,1.000000,0.000000,5.000000,,,,,,1.000000,5.000000,0.000000,5.000000,,,,,1.000000,1.000000,0.000000,1.000000,1.000000,3.000000,0.000000,3.000000,,,,,,,,,,,,,,,,,,,,,,,,,,,,,,,,,False
codex-l,structural_r3d6,r3d6,0.331726,62,P1056,0,rule_only,none,Ud,3.000000,1.000000,0.000000,3.000000,,,,,,,,,,,,,,,,,,1.000000,3.000000,0.000000,3.000000,,,,,,,,,,,,,,,,,,,,,,,,,,,,,,,,,
codex-l,structural_r3d6,r3d6,0.331726,63,P149,2,rule_only,none,Ud,1.000000,1.000000,0.000000,1.000000,,,,,,,,,,,,,,1.000000,1.000000,0.000000,1.000000,1.000000,1.000000,0.000000,1.000000,,,,,,,,,,,,,,,,,,,,,,,,,,,,,,,,,
codex-l,structural_r3d6,r3d6,0.331726,64,P194,0,rule_only,none,Ud,5.000000,0.961224,0.038776,4.806121,,,,,,0.960192,3.000000,0.039808,2.880577,,,,,1.040074,4.000000,0.040074,4.160294,0.961224,5.000000,0.038776,4.806121,,,,,,,,,,,,,,,,,,,,,,,,,,,,,,,,,False
YAGO3-10,structural_r2d3,r2d3,0.576659,0,isLocatedIn,411,dependency,final,U,19673.000000,1.101726,0.101726,21674.251663,BB,7908.000000,2.520935,1.520935,19935.552398,0.397604,704.000000,0.602396,279.913146,1.101726,19673.000000,0.101726,21674.251663,,,,,,,,,2.520935,7908.000000,1.520935,19935.552398,2.106232,3668.000000,1.106232,7725.658609,2.244678,5176.000000,1.244678,11618.454881,,,,,,,,,,,,,,,,,,,,,
YAGO3-10,structural_r2d3,r2d3,0.576659,1,playsFor,1492,dependency,final,U,273095.000000,0.873316,0.126684,238498.178401,BU,177507.000000,1.485293,0.485293,263649.975554,1.341854,43.000000,0.341854,57.699718,0.873316,273095.000000,0.126684,238498.178401,,,,,,,,,1.138132,99.000000,0.138132,112.675088,1.485293,177507.000000,0.485293,263649.975554,1.227424,79014.000000,0.227424,96983.687837,,,,,,,,,,,,,,,,,,,,,
YAGO3-10,structural_r2d3,r2d3,0.576659,2,isAffiliatedTo,1673,rule_only,trial,U,330487.000000,1.210866,0.210866,400175.537839,BU,203366.000000,1.000000,0.000000,203366.000000,1.092073,120.000000,0.092073,131.048760,1.210866,330487.000000,0.210866,400175.537839,,,,,,,,,1.000000,796.000000,0.000000,796.000000,1.000000,203366.000000,0.000000,203366.000000,1.000000,109406.000000,0.000000,109406.000000,,,,,,,,,,,,,,,,,,,,,
YAGO3-10,structural_r2d3,r2d3,0.576659,3,diedIn,49,dependency,final,U,1328.000000,1.964765,0.964765,2609.208318,BB,660.000000,1.264187,0.264187,834.363090,1.075498,164.000000,0.075498,176.381721,1.964765,1328.000000,0.964765,2609.208318,,,,,,,,,1.264187,660.000000,0.264187,834.363090,1.173928,124.000000,0.173928,145.567035,1.198245,176.000000,0.198245,210.891155,,,,,,,,,,,,,,,,,,,,,
YAGO3-10,structural_r2d3,r2d3,0.576659,4,actedIn,173,dependency,final,U,7071.000000,2.845429,1.845429,20120.024924,BU,779.000000,1.334145,0.334145,1039.299344,1.139492,64.000000,0.139492,72.927475,2.845429,7071.000000,1.845429,20120.024924,,,,,,,,,1.174492,52.000000,0.174492,61.073605,1.334145,779.000000,0.334145,1039.299344,1.332329,337.000000,0.332329,448.995041,,,,,,,,,,,,,,,,,,,,,
YAGO3-10,structural_r2d3,r2d3,0.576659,5,graduatedFrom,42,rule_only,trial,U,1657.000000,2.169831,1.169831,3595.409304,BB,152.000000,1.000000,0.000000,152.000000,1.104076,100.000000,0.104076,110.407600,2.169831,1657.000000,1.169831,3595.409304,,,,,,,,,1.000000,152.000000,0.000000,152.000000,1.000000,78.000000,0.000000,78.000000,1.000000,119.000000,0.000000,119.000000,,,,,,,,,,,,,,,,,,,,,
YAGO3-10,structural_r2d3,r2d3,0.576659,6,wasBornIn,210,dependency,final,U,11955.000000,1.229435,0.229435,14697.890643,UU,5106.000000,3.135970,2.135970,16012.264862,0.672859,190.000000,0.327141,127.843115,1.229435,11955.000000,0.229435,14697.890643,,,,,,,,,2.678444,486.000000,1.678444,1301.723638,2.015214,81.000000,1.015214,163.232366,3.135970,5106.000000,2.135970,16012.264862,,,,,,,,,,,,,,,,,,,,,
YAGO3-10,structural_r2d3,r2d3,0.576659,7,hasGender,297,dependency,final,U,20213.000000,0.979233,0.020767,19793.242693,UU,1775.000000,1.197916,0.197916,2126.301432,0.423376,148.000000,0.576624,62.659618,0.979233,20213.000000,0.020767,19793.242693,,,,,,,,,1.158711,583.000000,0.158711,675.528688,,,,,1.197916,1775.000000,0.197916,2126.301432,,,,,,,,,,,,,,,,,,,,,
YAGO3-10,structural_r2d3,r2d3,0.576659,8,happenedIn,21,dependency,final,U,4745.000000,2.309695,1.309695,10959.501826,BU,2529.000000,1.198085,0.198085,3029.956206,1.126884,129.000000,0.126884,145.368075,2.309695,4745.000000,1.309695,10959.501826,,,,,,,,,1.189951,1360.000000,0.189951,1618.333496,1.198085,2529.000000,0.198085,3029.956206,1.173752,1262.000000,0.173752,1481.275024,,,,,,,,,,,,,,,,,,,,,
YAGO3-10,structural_r2d3,r2d3,0.576659,9,hasMusicalRole,36,dependency,final,U,3886.000000,0.911124,0.088876,3540.629030,UU,596.000000,1.179604,0.179604,703.044044,0.887519,18.000000,0.112481,15.975346,0.911124,3886.000000,0.088876,3540.629030,,,,,,,,,1.175746,58.000000,0.175746,68.193245,1.167547,248.000000,0.167547,289.551780,1.179604,596.000000,0.179604,703.044044,,,,,,,,,,,,,,,,,,,,,
YAGO3-10,structural_r2d3,r2d3,0.576659,10,isConnectedTo,150,rule_only,trial,U,262971.000000,0.348559,0.651441,91660.935086,UU,706443.000000,1.000000,0.000000,706443.000000,0.720906,59.000000,0.279094,42.533472,0.348559,262971.000000,0.651441,91660.935086,,,,,,,,,1.000000,471.000000,0.000000,471.000000,1.000000,345206.000000,0.000000,345206.000000,1.000000,706443.000000,0.000000,706443.000000,,,,,,,,,,,,,,,,,,,,,
YAGO3-10,structural_r2d3,r2d3,0.576659,11,isMarriedTo,17,rule_only,trial,B,71.000000,1.000000,0.000000,71.000000,BB,23.000000,1.000000,0.000000,23.000000,1.000000,71.000000,0.000000,71.000000,1.000000,20.000000,0.000000,20.000000,,,,,,,,,1.000000,23.000000,0.000000,23.000000,,,,,,,,,,,,,,,,,,,,,,,,,,,,,
YAGO3-10,structural_r2d3,r2d3,0.576659,12,participatedIn,19,dependency,final,U,8500.000000,1.729480,0.729480,14700.584250,BU,8786.000000,2.137849,1.137849,18783.140435,0.877779,116.000000,0.122221,101.822399,1.729480,8500.000000,0.729480,14700.584250,,,,,,,,,1.980267,1345.000000,0.980267,2663.459518,2.137849,8786.000000,1.137849,18783.140435,1.822768,5634.000000,0.822768,10269.477166,,,,,,,,,,,,,,,,,,,,,
YAGO3-10,structural_r2d3,r2d3,0.576659,13,hasOfficialLanguage,2,rule_only,trial,U,298.000000,1.000000,0.000000,298.000000,UU,418.000000,1.000000,0.000000,418.000000,1.000000,27.000000,0.000000,27.000000,1.000000,298.000000,0.000000,298.000000,,,,,,,,,1.000000,150.000000,0.000000,150.000000,1.000000,12.000000,0.000000,12.000000,1.000000,418.000000,0.000000,418.000000,,,,,,,,,,,,,,,,,,,,,
YAGO3-10,structural_r2d3,r2d3,0.576659,14,hasWonPrize,111,dependency,final,U,19754.000000,2.215352,1.215352,43762.065383,UU,4410.000000,1.181741,0.181741,5211.476928,1.008595,91.000000,0.008595,91.782163,2.215352,19754.000000,1.215352,43762.065383,,,,,,,,,1.134647,659.000000,0.134647,747.732637,1.170528,1897.000000,0.170528,2220.491047,1.181741,4410.000000,0.181741,5211.476928,,,,,,,,,,,,,,,,,,,,,
YAGO3-10,structural_r2d3,r2d3,0.576659,15,influences,47,dependency,final,U,5981.000000,2.690830,1.690830,16093.853034,BU,1417.000000,1.602386,0.602386,2270.581245,1.232758,82.000000,0.232758,101.086123,2.690830,5981.000000,1.690830,16093.853034,,,,,,,,,1.596160,119.000000,0.596160,189.943088,1.602386,1417.000000,0.602386,2270.581245,1.631583,1003.000000,0.631583,1636.477649,,,,,,,,,,,,,,,,,,,,,
YAGO3-10,structural_r2d3,r2d3,0.576659,16,worksAt,15,dependency,final,U,1188.000000,2.184511,1.184511,2595.199543,UU,109.000000,1.239239,0.239239,135.077084,1.360664,60.000000,0.360664,81.639852,2.184511,1188.000000,1.184511,2595.199543,,,,,,,,,1.199741,39.000000,0.199741,46.789915,1.195700,17.000000,0.195700,20.326895,1.239239,109.000000,0.239239,135.077084,,,,,,,,,,,,,,,,,,,,,
YAGO3-10,structural_r2d3,r2d3,0.576659,17,created,49,rule_only,trial,U,806.000000,1.000000,0.000000,806.000000,UU,70.000000,1.000000,0.000000,70.000000,1.000000,55.000000,0.000000,55.000000,1.000000,806.000000,0.000000,806.000000,,,,,,,,,1.000000,33.000000,0.000000,33.000000,1.000000,62.000000,0.000000,62.000000,1.000000,70.000000,0.000000,70.000000,,,,,,,,,,,,,,,,,,,,,
YAGO3-10,structural_r2d3,r2d3,0.576659,18,edited,22,dependency,final,U,669.000000,2.200141,1.200141,1471.894128,BB,43.000000,1.170489,0.170489,50.331010,1.315628,15.000000,0.315628,19.734416,2.200141,669.000000,1.200141,1471.894128,,,,,,,,,1.170489,43.000000,0.170489,50.331010,1.007394,10.000000,0.007394,10.073935,1.049955,17.000000,0.049955,17.849238,,,,,,,,,,,,,,,,,,,,,
YAGO3-10,structural_r2d3,r2d3,0.576659,19,directed,30,rule_only,trial,U,771.000000,1.000000,0.000000,771.000000,UU,79.000000,1.000000,0.000000,79.000000,1.000000,36.000000,0.000000,36.000000,1.000000,771.000000,0.000000,771.000000,,,,,,,,,1.000000,19.000000,0.000000,19.000000,1.000000,25.000000,0.000000,25.000000,1.000000,79.000000,0.000000,79.000000,,,,,,,,,,,,,,,,,,,,,
YAGO3-10,structural_r2d3,r2d3,0.576659,20,hasAcademicAdvisor,5,rule_only,trial,U,61.000000,1.000000,0.000000,61.000000,BU,2.000000,1.000000,0.000000,2.000000,1.000000,22.000000,0.000000,22.000000,1.000000,61.000000,0.000000,61.000000,,,,,,,,,,,,,1.000000,2.000000,0.000000,2.000000,1.000000,1.000000,0.000000,1.000000,,,,,,,,,,,,,,,,,,,,,
YAGO3-10,structural_r2d3,r2d3,0.576659,21,imports,0,rule_only,trial,U,634.000000,1.000000,0.000000,634.000000,UU,642.000000,1.000000,0.000000,642.000000,1.000000,42.000000,0.000000,42.000000,1.000000,634.000000,0.000000,634.000000,,,,,,,,,1.000000,476.000000,0.000000,476.000000,1.000000,167.000000,0.000000,167.000000,1.000000,642.000000,0.000000,642.000000,,,,,,,,,,,,,,,,,,,,,
YAGO3-10,structural_r2d3,r2d3,0.576659,22,isPoliticianOf,10,dependency,final,U,588.000000,2.221960,1.221960,1306.512656,BB,1261.000000,1.176857,0.176857,1484.016803,0.997450,132.000000,0.002550,131.663387,2.221960,588.000000,1.221960,1306.512656,,,,,,,,,1.176857,1261.000000,0.176857,1484.016803,1.101061,107.000000,0.101061,117.813495,1.124819,120.000000,0.124819,134.978328,,,,,,,,,,,,,,,,,,,,,
YAGO3-10,structural_r2d3,r2d3,0.576659,23,wroteMusicFor,32,dependency,final,U,1003.000000,2.345720,1.345720,2352.757461,BB,48.000000,1.186081,0.186081,56.931878,1.189976,27.000000,0.189976,32.129357,2.345720,1003.000000,1.345720,2352.757461,,,,,,,,,1.186081,48.000000,0.186081,56.931878,1.140626,23.000000,0.140626,26.234398,1.151826,41.000000,0.151826,47.224862,,,,,,,,,,,,,,,,,,,,,
YAGO3-10,structural_r2d3,r2d3,0.576659,24,isInterestedIn,2,rule_only,trial,U,100.000000,1.000000,0.000000,100.000000,UU,58.000000,1.000000,0.000000,58.000000,1.000000,10.000000,0.000000,10.000000,1.000000,100.000000,0.000000,100.000000,,,,,,,,,1.000000,26.000000,0.000000,26.000000,1.000000,11.000000,0.000000,11.000000,1.000000,58.000000,0.000000,58.000000,,,,,,,,,,,,,,,,,,,,,
YAGO3-10,structural_r2d3,r2d3,0.576659,25,isCitizenOf,15,dependency,final,U,999.000000,2.149306,1.149306,2147.157193,BB,1406.000000,1.354672,0.354672,1904.668832,1.105771,202.000000,0.105771,223.365803,2.149306,999.000000,1.149306,2147.157193,,,,,,,,,1.354672,1406.000000,0.354672,1904.668832,1.407768,226.000000,0.407768,318.155591,1.379663,581.000000,0.379663,801.584145,,,,,,,,,,,,,,,,,,,,,
YAGO3-10,structural_r2d3,r2d3,0.576659,26,hasChild,24,dependency,final,U,328.000000,2.176818,1.176818,713.996337,BB,151.000000,1.138040,0.138040,171.843995,1.447388,159.000000,0.447388,230.134708,2.176818,328.000000,1.176818,713.996337,,,,,,,,,1.138040,151.000000,0.138040,171.843995,1.102498,21.000000,0.102498,23.152464,1.139764,16.000000,0.139764,18.236226,,,,,,,,,,,,,,,,,,,,,
YAGO3-10,structural_r2d3,r2d3,0.576659,27,isLeaderOf,4,rule_only,trial,U,159.000000,2.379767,1.379767,378.383017,UU,38.000000,1.000000,0.000000,38.000000,1.576043,47.000000,0.576043,74.074007,2.379767,159.000000,1.379767,378.383017,,,,,,,,,1.000000,14.000000,0.000000,14.000000,1.000000,5.000000,0.000000,5.000000,1.000000,38.000000,0.000000,38.000000,,,,,,,,,,,,,,,,,,,,,
YAGO3-10,structural_r2d3,r2d3,0.576659,28,dealsWith,7,dependency,final,U,5013.000000,0.742733,0.257267,3723.322534,BU,7431.000000,1.014751,0.014751,7540.616910,0.741774,160.000000,0.258226,118.683856,0.742733,5013.000000,0.257267,3723.322534,,,,,,,,,1.014736,3299.000000,0.014736,3347.613404,1.014751,7431.000000,0.014751,7540.616910,1.014571,4651.000000,0.014571,4718.768326,,,,,,,,,,,,,,,,,,,,,
YAGO3-10,structural_r2d3,r2d3,0.576659,29,livesIn,11,rule_only,trial,U,661.000000,2.267405,1.267405,1498.754573,BB,283.000000,1.000000,0.000000,283.000000,1.339951,164.000000,0.339951,219.751898,2.267405,661.000000,1.267405,1498.754573,,,,,,,,,1.000000,283.000000,0.000000,283.000000,1.000000,148.000000,0.000000,148.000000,1.000000,166.000000,0.000000,166.000000,,,,,,,,,,,,,,,,,,,,,
YAGO3-10,structural_r2d3,r2d3,0.576659,30,hasCapital,13,rule_only,trial,U,112.000000,2.465280,1.465280,276.111338,BB,106.000000,1.000000,0.000000,106.000000,1.924781,62.000000,0.924781,119.336397,2.465280,112.000000,1.465280,276.111338,,,,,,,,,1.000000,106.000000,0.000000,106.000000,,,,,1.000000,3.000000,0.000000,3.000000,,,,,,,,,,,,,,,,,,,,,
YAGO3-10,structural_r2d3,r2d3,0.576659,31,hasNeighbor,2,rule_only,trial,U,1152.000000,1.000000,0.000000,1152.000000,BB,1299.000000,1.000000,0.000000,1299.000000,1.000000,139.000000,0.000000,139.000000,1.000000,1152.000000,0.000000,1152.000000,,,,,,,,,1.000000,1299.000000,0.000000,1299.000000,1.000000,326.000000,0.000000,326.000000,1.000000,201.000000,0.000000,201.000000,,,,,,,,,,,,,,,,,,,,,
YAGO3-10,structural_r2d3,r2d3,0.576659,32,exports,3,rule_only,trial,U,701.000000,1.000000,0.000000,701.000000,BB,558.000000,1.000000,0.000000,558.000000,1.000000,42.000000,0.000000,42.000000,1.000000,701.000000,0.000000,701.000000,,,,,,,,,1.000000,558.000000,0.000000,558.000000,1.000000,158.000000,0.000000,158.000000,1.000000,457.000000,0.000000,457.000000,,,,,,,,,,,,,,,,,,,,,
YAGO3-10,structural_r2d3,r2d3,0.576659,33,owns,5,rule_only,trial,U,262.000000,1.000000,0.000000,262.000000,UU,569.000000,1.000000,0.000000,569.000000,1.000000,27.000000,0.000000,27.000000,1.000000,262.000000,0.000000,262.000000,,,,,,,,,1.000000,18.000000,0.000000,18.000000,1.000000,1.000000,0.000000,1.000000,1.000000,569.000000,0.000000,569.000000,,,,,,,,,,,,,,,,,,,,,
YAGO3-10,structural_r2d3,r2d3,0.576659,34,hasCurrency,0,rule_only,trial,U,90.000000,1.000000,0.000000,90.000000,UU,19.000000,1.000000,0.000000,19.000000,1.000000,15.000000,0.000000,15.000000,1.000000,90.000000,0.000000,90.000000,,,,,,,,,1.000000,8.000000,0.000000,8.000000,,,,,1.000000,19.000000,0.000000,19.000000,,,,,,,,,,,,,,,,,,,,,
YAGO3-10,structural_r2d3,r2d3,0.576659,35,hasWebsite,1,rule_only,none,U,4.000000,1.000000,0.000000,4.000000,,,,,,1.000000,1.000000,0.000000,1.000000,1.000000,4.000000,0.000000,4.000000,,,,,,,,,,,,,,,,,,,,,,,,,,,,,,,,,,,,,,,,,
YAGO3-10,structural_r2d3,r2d3,0.576659,36,isKnownFor,0,rule_only,none,B,3.000000,1.000000,0.000000,3.000000,,,,,,1.000000,3.000000,0.000000,3.000000,,,,,,,,,,,,,,,,,,,,,,,,,,,,,,,,,,,,,,,,,,,,,
hetionet,structural_r2d3,r2d3,0.369847,0,AdG,10464,dependency,final,U,236063.000000,0.631787,0.368213,149141.605400,BU,131085.000000,0.892709,0.107291,117020.706831,0.639779,245.000000,0.360221,156.745904,0.631787,236063.000000,0.368213,149141.605400,,,,,,,,,0.896100,12032.000000,0.103900,10781.878810,0.892709,131085.000000,0.107291,117020.706831,0.891443,10382.000000,0.108557,9254.965379,,,,,,,,,,,,,,,,,,,,,
hetionet,structural_r2d3,r2d3,0.369847,1,AeG,53477,rule_only,trial,U,1748472.000000,0.202209,0.797791,353555.900412,UU,1463036.000000,1.000000,0.000000,1463036.000000,0.411025,257.000000,0.588975,105.633451,0.202209,1748472.000000,0.797791,353555.900412,,,,,,,,,1.000000,32051.000000,0.000000,32051.000000,1.000000,630097.000000,0.000000,630097.000000,1.000000,1463036.000000,0.000000,1463036.000000,,,,,,,,,,,,,,,,,,,,,
hetionet,structural_r2d3,r2d3,0.369847,2,AuG,10036,dependency,final,U,218909.000000,0.709058,0.290942,155219.112049,BU,25897.000000,0.980394,0.019606,25389.266008,0.685587,242.000000,0.314413,165.911957,0.709058,218909.000000,0.290942,155219.112049,,,,,,,,,0.973411,9552.000000,0.026589,9298.022827,0.980394,25897.000000,0.019606,25389.266008,0.991537,6066.000000,0.008463,6014.665868,,,,,,,,,,,,,,,,,,,,,
hetionet,structural_r2d3,r2d3,0.369847,3,CbG,1068,rule_only,trial,U,20235.000000,0.961111,0.038889,19448.075014,UU,5908.000000,1.000000,0.000000,5908.000000,0.716522,33.000000,0.283478,23.645233,0.961111,20235.000000,0.038889,19448.075014,,,,,,,,,1.000000,55.000000,0.000000,55.000000,1.000000,348.000000,0.000000,348.000000,1.000000,5908.000000,0.000000,5908.000000,,,,,,,,,,,,,,,,,,,,,
hetionet,structural_r2d3,r2d3,0.369847,4,CcSE,13524,rule_only,trial,U,368294.000000,0.376298,0.623702,138588.148294,UU,848026.000000,1.000000,0.000000,848026.000000,0.774386,20.000000,0.225614,15.487718,0.376298,368294.000000,0.623702,138588.148294,,,,,,,,,1.000000,190.000000,0.000000,190.000000,1.000000,109973.000000,0.000000,109973.000000,1.000000,848026.000000,0.000000,848026.000000,,,,,,,,,,,,,,,,,,,,,
hetionet,structural_r2d3,r2d3,0.369847,5,CrC,663,dependency,final,U,10422.000000,1.028944,0.028944,10723.659579,UU,676.000000,1.224787,0.224787,827.956350,0.827836,37.000000,0.172164,30.629950,1.028944,10422.000000,0.028944,10723.659579,,,,,,,,,1.136890,120.000000,0.136890,136.426752,1.193029,393.000000,0.193029,468.860279,1.224787,676.000000,0.224787,827.956350,,,,,,,,,,,,,,,,,,,,,
hetionet,structural_r2d3,r2d3,0.369847,6,CtD,71,dependency,final,U,937.000000,1.150336,0.150336,1077.864738,BB,45.000000,1.000000,0.000000,45.000000,0.824218,27.000000,0.175782,22.253878,1.150336,937.000000,0.150336,1077.864738,,,,,,,,,1.000000,45.000000,0.000000,45.000000,1.000000,3.000000,0.000000,3.000000,1.000000,36.000000,0.000000,36.000000,,,,,,,,,,,,,,,,,,,,,
hetionet,structural_r2d3,r2d3,0.369847,7,CuG,1920,rule_only,trial,U,43825.000000,1.110540,0.110540,48669.428648,UU,3210.000000,1.000000,0.000000,3210.000000,0.807082,108.000000,0.192918,87.164878,1.110540,43825.000000,0.110540,48669.428648,,,,,,,,,1.000000,15.000000,0.000000,15.000000,1.000000,334.000000,0.000000,334.000000,1.000000,3210.000000,0.000000,3210.000000,,,,,,,,,,,,,,,,,,,,,
hetionet,structural_r2d3,r2d3,0.369847,8,CdG,2134,rule_only,trial,U,54193.000000,0.920789,0.079211,49900.302019,UU,24341.000000,1.000000,0.000000,24341.000000,0.804842,103.000000,0.195158,82.898695,0.920789,54193.000000,0.079211,49900.302019,,,,,,,,,1.000000,15.000000,0.000000,15.000000,1.000000,534.000000,0.000000,534.000000,1.000000,24341.000000,0.000000,24341.000000,,,,,,,,,,,,,,,,,,,,,
hetionet,structural_r2d3,r2d3,0.369847,9,CpD,33,dependency,final,U,384.000000,0.973929,0.026071,373.988621,UU,7.000000,1.032237,0.032237,7.225661,0.841492,12.000000,0.158508,10.097903,0.973929,384.000000,0.026071,373.988621,,,,,,,,,1.028346,7.000000,0.028346,7.198421,,,,,1.032237,7.000000,0.032237,7.225661,,,,,,,,,,,,,,,,,,,,,
hetionet,structural_r2d3,r2d3,0.369847,10,DaG,1302,dependency,final,U,23912.000000,1.294598,0.294598,30956.432158,UU,3878.000000,1.005903,0.005903,3900.891446,0.837686,142.000000,0.162314,118.951469,1.294598,23912.000000,0.294598,30956.432158,,,,,,,,,0.983912,78.000000,0.016088,76.745175,1.011657,709.000000,0.011657,717.264671,1.005903,3878.000000,0.005903,3900.891446,,,,,,,,,,,,,,,,,,,,,
hetionet,structural_r2d3,r2d3,0.369847,11,DdG,777,rule_only,none,U,8790.000000,1.326251,0.326251,11657.750685,,,,,,0.875959,105.000000,0.124041,91.975663,1.326251,8790.000000,0.326251,11657.750685,,,,,,,,,,,,,,,,,,,,,,,,,,,,,,,,,,,,,,,,,
hetionet,structural_r2d3,r2d3,0.369847,12,DlA,366,dependency,final,U,5457.000000,1.021331,0.021331,5573.402176,BB,1373.000000,1.023208,0.023208,1404.864996,0.726196,53.000000,0.273804,38.488404,1.021331,5457.000000,0.021331,5573.402176,,,,,,,,,1.023208,1373.000000,0.023208,1404.864996,1.021036,312.000000,0.021036,318.563357,1.017071,743.000000,0.017071,755.683604,,,,,,,,,,,,,,,,,,,,,
hetionet,structural_r2d3,r2d3,0.369847,13,DpS,344,rule_only,trial,U,3476.000000,0.896934,0.103066,3117.741889,BU,198.000000,1.000000,0.000000,198.000000,0.707142,14.000000,0.292858,9.899994,0.896934,3476.000000,0.103066,3117.741889,,,,,,,,,1.000000,91.000000,0.000000,91.000000,1.000000,198.000000,0.000000,198.000000,1.000000,65.000000,0.000000,65.000000,,,,,,,,,,,,,,,,,,,,,
hetionet,structural_r2d3,r2d3,0.369847,14,DrD,62,dependency,final,U,551.000000,1.033576,0.033576,569.500596,BB,182.000000,1.263249,0.263249,229.911300,0.902311,32.000000,0.097689,28.873965,1.033576,551.000000,0.033576,569.500596,,,,,,,,,1.263249,182.000000,0.263249,229.911300,,,,,,,,,,,,,,,,,,,,,,,,,,,,,
hetionet,structural_r2d3,r2d3,0.369847,15,DuG,764,dependency,final,U,9656.000000,1.507421,0.507421,14555.652348,UU,140.000000,1.056726,0.056726,147.941640,0.912930,111.000000,0.087070,101.335263,1.507421,9656.000000,0.507421,14555.652348,,,,,,,,,,,,,,,,,1.056726,140.000000,0.056726,147.941640,,,,,,,,,,,,,,,,,,,,,
hetionet,structural_r2d3,r2d3,0.369847,16,GiG,14560,rule_only,trial,U,308390.000000,1.140912,0.140912,351845.944197,UU,381504.000000,1.000000,0.000000,381504.000000,0.810162,224.000000,0.189838,181.476221,1.140912,308390.000000,0.140912,351845.944197,,,,,,,,,,,,,,,,,1.000000,381504.000000,0.000000,381504.000000,,,,,,,,,,,,,,,,,,,,,
hetionet,structural_r2d3,r2d3,0.369847,17,GpCC,7150,dependency,final,U,139968.000000,1.440400,0.440400,201609.935194,UU,84620.000000,1.000000,0.000000,84620.000000,0.757737,56.000000,0.242263,42.433272,1.440400,139968.000000,0.440400,201609.935194,,,,,,,,,1.000000,28.000000,0.000000,28.000000,1.000000,3829.000000,0.000000,3829.000000,1.000000,84620.000000,0.000000,84620.000000,,,,,,,,,,,,,,,,,,,,,
hetionet,structural_r2d3,r2d3,0.369847,18,GcG,5251,rule_only,trial,U,69293.000000,1.512042,0.512042,104773.954023,UU,10863.000000,1.000000,0.000000,10863.000000,0.891468,11.000000,0.108532,9.806146,1.512042,69293.000000,0.512042,104773.954023,,,,,,,,,,,,,,,,,1.000000,10863.000000,0.000000,10863.000000,,,,,,,,,,,,,,,,,,,,,
hetionet,structural_r2d3,r2d3,0.369847,19,GpBP,55675,rule_only,trial,U,1556327.000000,1.000000,0.000000,1556327.000000,UU,2599455.000000,1.000000,0.000000,2599455.000000,1.000000,73.000000,0.000000,73.000000,1.000000,1556327.000000,0.000000,1556327.000000,,,,,,,,,1.000000,21.000000,0.000000,21.000000,1.000000,196760.000000,0.000000,196760.000000,1.000000,2599455.000000,0.000000,2599455.000000,,,,,,,,,,,,,,,,,,,,,
hetionet,structural_r2d3,r2d3,0.369847,20,GpMF,9629,rule_only,trial,U,185387.000000,1.597448,0.597448,296146.110915,UU,71832.000000,1.000000,0.000000,71832.000000,0.744120,61.000000,0.255880,45.391308,1.597448,185387.000000,0.597448,296146.110915,,,,,,,,,1.000000,21.000000,0.000000,21.000000,1.000000,4805.000000,0.000000,4805.000000,1.000000,71832.000000,0.000000,71832.000000,,,,,,,,,,,,,,,,,,,,,
hetionet,structural_r2d3,r2d3,0.369847,21,GpPW,8361,dependency,final,U,192737.000000,0.996128,0.003872,191990.683789,UU,361351.000000,1.000000,0.000000,361351.000000,0.749997,63.000000,0.250003,47.249836,0.996128,192737.000000,0.003872,191990.683789,,,,,,,,,1.000000,36.000000,0.000000,36.000000,1.000000,10764.000000,0.000000,10764.000000,1.000000,361351.000000,0.000000,361351.000000,,,,,,,,,,,,,,,,,,,,,
hetionet,structural_r2d3,r2d3,0.369847,22,Gr>G,27325,rule_only,trial,U,895345.000000,0.815870,0.184130,730484.677478,UU,106495.000000,1.000000,0.000000,106495.000000,0.805693,294.000000,0.194307,236.873713,0.815870,895345.000000,0.184130,730484.677478,,,,,,,,,,,,,,,,,1.000000,106495.000000,0.000000,106495.000000,,,,,,,,,,,,,,,,,,,,,
hetionet,structural_r2d3,r2d3,0.369847,23,PCiC,64,dependency,final,U,553.000000,1.631388,0.631388,902.157730,BB,13.000000,1.145128,0.145128,14.886669,1.178844,11.000000,0.178844,12.967281,1.631388,553.000000,0.631388,902.157730,,,,,,,,,1.145128,13.000000,0.145128,14.886669,,,,,1.104200,4.000000,0.104200,4.416802,,,,,,,,,,,,,,,,,,,,,
