dataset,aggregation,relation,relation_name,train_triple_count,valid_triple_count,test_triple_count,baseline_stage1_mrr,selected_config_stage1_mrr,final_test_mrr,gain_vs_baseline,rel_gain_pct,selected_stage1_gain_vs_baseline,stage2_gain_vs_selected_stage1,gain_bucket,selected_stage,dependency_stage_attempted,dependency_stage_accepted,valid_stage1_mrr,valid_stage2_mrr,selected_valid_mrr,num_relation_rules,num_relation_dependencies,num_relation_rule_types,num_relation_dependency_types,num_relation_dependency_type_source_pairs,parsed_total_rules,B_rule_count,Uc_rule_count,Ud_rule_count,Z_rule_count,B_ratio,Uc_ratio,Ud_ratio,filtered_synergy_count,filtered_redundancy_count,filtered_dep_total,filtered_dep_per_rule,dep_per_rule,stage1_headroom,relation_time_seconds,rule_weight_B,rule_weight_U,rule_weight_Uc,rule_weight_Ud,dep_weight_BB,dep_weight_BU,dep_weight_UU,dep_weight_B_Uc,dep_weight_B_Ud,dep_weight_Uc_Uc,dep_weight_Uc_Ud,dep_weight_Ud_Ud,stage1_bucket,dep_density_bucket
KG20C,init_dep_with_lift,0,author_in_affiliation,6302,462,480,0.483102,0.483102,0.486952,0.003850,0.796982,0.000000,0.003850,neutral,dependency,True,True,0.481283,0.486726,0.486726,4182,104,0,0,0,4182,2,3277,896,7,0.000478,0.783596,0.214252,38,66,104,0.024868,0.024868,0.516898,131.815872,,,,,,,,,,,,,"[0.4,0.6)",Q1
KG20C,init_dep_with_lift,1,author_write_paper,12465,801,830,0.230513,0.230513,0.247912,0.017398,7.547699,0.000000,0.017398,positive,dependency,True,True,0.227215,0.241596,0.241596,16644,3659,0,0,0,16644,10,11248,5386,0,0.000601,0.675799,0.323600,3608,51,3659,0.219839,0.219839,0.769487,340.029509,,,,,,,,,,,,,"[0.2,0.4)",Q2
KG20C,init_dep_with_lift,2,paper_cite_paper,7382,602,599,0.182023,0.182023,0.184105,0.002082,1.144086,0.000000,0.002082,neutral,dependency,True,True,0.160026,0.164956,0.164956,26711,10677,0,0,0,26711,27,18418,8266,0,0.001011,0.689529,0.309461,10150,527,10677,0.399723,0.399723,0.817977,127.138984,,,,,,,,,,,,,"[0.0,0.2)",Q2
KG20C,init_dep_with_lift,3,paper_in_domain,17776,1415,1446,0.116107,0.116107,0.117858,0.001751,1.507999,0.000000,0.001751,neutral,dependency,True,True,0.130839,0.133793,0.133793,101322,153519,0,0,0,101322,9,93452,7839,22,0.000089,0.922327,0.077367,152730,789,153519,1.515160,1.515160,0.883893,203.311588,,,,,,,,,,,,,"[0.0,0.2)",Q3
KG20C,init_dep_with_lift,4,paper_in_venue,4288,390,369,0.406636,0.406636,0.406306,-0.000329,-0.080986,0.000000,-0.000329,negative,dependency,True,True,0.404846,0.406519,0.406519,5931,356,0,0,0,5931,8,5829,79,15,0.001349,0.982802,0.013320,195,161,356,0.060024,0.060024,0.593364,65.148204,,,,,,,,,,,,,"[0.4,0.6)",Q1
codex-m,structural_r3d6,0,P161,8366,435,448,0.118255,0.118255,0.118255,0.000000,0.000000,0.000000,0.000000,neutral,rule_only,True,False,0.086491,0.086491,0.086491,6332,287,3,0,0,6332,74,3371,2887,0,0.011687,0.532375,0.455938,259,28,287,0.045325,0.045325,0.881745,155.620612,1.000000,,1.000000,1.000000,1.000000,,,1.000000,,1.000000,,,"[0.0,0.2)",Q1
codex-m,structural_r3d6,1,P463,10340,567,583,0.424337,0.437891,0.437891,0.013554,3.194176,0.013554,0.000000,positive,rule_only,True,False,0.403056,0.403056,0.403056,63030,192516,3,0,0,63030,270,59983,2750,27,0.004284,0.951658,0.043630,66456,126060,192516,3.054355,3.054355,0.575663,233.819701,0.599860,,0.372211,0.867985,1.000000,,,1.000000,,1.000000,1.000000,1.000000,"[0.4,0.6)",Q4
codex-m,structural_r3d6,2,P106,64345,3616,3635,0.295044,0.297142,0.297142,0.002098,0.710942,0.002098,0.000000,neutral,rule_only,True,False,0.302745,0.302745,0.302745,268476,172961,3,0,0,268476,301,256085,11999,91,0.001121,0.953847,0.044693,127676,45285,172961,0.644233,0.644233,0.704956,783.097270,0.694230,,0.899298,0.936829,1.000000,,,1.000000,,1.000000,1.000000,1.000000,"[0.2,0.4)",Q2
codex-m,structural_r3d6,3,P27,15169,830,829,0.477478,0.480279,0.482721,0.005243,1.098143,0.002801,0.002443,neutral,dependency,True,True,0.478939,0.485184,0.485184,8233,5640,3,5,5640,8233,712,6208,1291,22,0.086481,0.754039,0.156808,4292,1348,5640,0.685048,0.685048,0.522522,445.648566,0.907973,,2.616468,0.829229,1.606403,,,1.410291,,1.520840,1.483980,1.119938,"[0.4,0.6)",Q2
codex-m,structural_r3d6,4,P69,8772,482,498,0.186535,0.186715,0.187366,0.000831,0.445264,0.000180,0.000650,neutral,dependency,True,True,0.188781,0.188781,0.188781,5346,408,3,4,408,5346,150,3452,1734,10,0.028058,0.645716,0.324355,376,32,408,0.076319,0.076319,0.813465,277.032545,0.943082,,2.452381,1.429997,1.000000,,,1.000000,,1.000000,1.000000,,"[0.0,0.2)",Q1
codex-m,structural_r3d6,5,P172,2054,107,132,0.469218,0.465310,0.470789,0.001571,0.334896,-0.003908,0.005479,neutral,dependency,True,True,0.478691,0.479095,0.479095,1883,2733,3,5,2733,1883,131,1333,417,2,0.069570,0.707913,0.221455,1685,1048,2733,1.451407,1.451407,0.530782,42.546250,0.807832,,1.632194,0.800072,1.033923,,,1.044896,,1.044939,1.045389,1.012806,"[0.4,0.6)",Q3
codex-m,structural_r3d6,6,P840,1348,73,85,0.166816,0.164583,0.166517,-0.000299,-0.179162,-0.002233,0.001934,negative,dependency,True,True,0.208836,0.217274,0.217274,793,205,3,5,205,793,103,351,337,2,0.129887,0.442623,0.424968,162,43,205,0.258512,0.258512,0.833184,56.997120,0.948702,,1.907244,1.385524,1.265345,,,1.015578,,1.246533,1.233815,1.156265,"[0.0,0.2)",Q2
codex-m,structural_r3d6,7,P530,5626,302,297,0.787819,0.797135,0.797135,0.009316,1.182463,0.009316,0.000000,neutral,rule_only,True,False,0.795794,0.795794,0.795794,116457,465828,3,0,0,116457,429,110891,5125,12,0.003684,0.952206,0.044008,232914,232914,465828,4.000000,4.000000,0.212181,195.416064,0.670368,,0.631709,0.661043,1.000000,,,1.000000,,1.000000,1.000000,1.000000,"[0.6,1.0]",Q4
codex-m,structural_r3d6,8,P509,2898,164,148,0.167524,0.166555,0.167802,0.000278,0.166071,-0.000968,0.001246,neutral,dependency,True,True,0.172739,0.175007,0.175007,1795,111,3,4,111,1795,61,1148,579,7,0.033983,0.639554,0.322563,108,3,111,0.061838,0.061838,0.832476,85.358199,1.095933,,1.977472,0.990086,1.001766,,,,,0.991104,0.994687,0.989330,"[0.0,0.2)",Q1
codex-m,structural_r3d6,9,P17,1176,68,79,0.624215,0.616458,0.613674,-0.010540,-1.688585,-0.007757,-0.002784,negative,dependency,True,True,0.608537,0.613264,0.613264,2043,4302,3,5,4302,2043,334,1146,562,1,0.163485,0.560940,0.275086,4086,216,4302,2.105727,2.105727,0.375785,47.887527,0.849003,,1.415453,0.850771,1.094102,,,1.079323,,1.072159,1.094637,1.028563,"[0.6,1.0]",Q3
codex-m,structural_r3d6,10,P136,10621,549,591,0.281182,0.279799,0.276979,-0.004203,-1.494692,-0.001383,-0.002820,negative,dependency,True,True,0.252700,0.253215,0.253215,7145,5738,3,5,5738,7145,198,5005,1915,27,0.027712,0.700490,0.268020,4046,1692,5738,0.803079,0.803079,0.718818,264.549964,0.980010,,2.014428,1.764717,1.556319,,,1.480995,,1.530674,1.525042,1.395551,"[0.2,0.4)",Q3
codex-m,structural_r3d6,11,P1412,11352,634,598,0.491221,0.489717,0.489717,-0.001504,-0.306159,-0.001504,0.000000,negative,rule_only,True,False,0.483073,0.483073,0.483073,6269,5063,3,0,0,6269,350,5068,840,11,0.055830,0.808422,0.133993,3938,1125,5063,0.807625,0.807625,0.508779,209.851962,0.630267,,1.804958,0.831705,1.000000,,,1.000000,,1.000000,1.000000,1.000000,"[0.4,0.6)",Q3
codex-m,structural_r3d6,12,P159,156,5,8,0.261812,0.277483,0.276642,0.014830,5.664475,0.015672,-0.000842,positive,dependency,True,True,0.614184,0.614254,0.614254,82,13,3,3,13,82,53,7,22,0,0.646341,0.085366,0.268293,11,2,13,0.158537,0.158537,0.738188,35.351057,1.326787,,1.666736,1.221070,1.032448,,,1.023454,,,1.026237,,"[0.2,0.4)",Q2
codex-m,structural_r3d6,13,P19,6470,405,339,0.252830,0.252767,0.252764,-0.000066,-0.025931,-0.000063,-0.000003,negative,dependency,True,True,0.270935,0.277074,0.277074,3356,504,3,4,504,3356,279,2177,891,9,0.083135,0.648689,0.265495,416,88,504,0.150179,0.150179,0.747170,259.576221,1.232170,,2.890798,1.649672,1.606671,,,1.269709,,1.453276,1.109787,,"[0.2,0.4)",Q1
codex-m,structural_r3d6,14,P1303,5462,317,297,0.447350,0.447270,0.446728,-0.000622,-0.138990,-0.000080,-0.000542,negative,dependency,True,True,0.465470,0.473203,0.473203,2845,4209,3,5,4209,2845,126,2231,481,7,0.044288,0.784183,0.169069,2902,1307,4209,1.479438,1.479438,0.552650,111.675157,0.745448,,1.697336,1.139682,1.176256,,,1.165101,,1.167191,1.149530,1.102660,"[0.4,0.6)",Q3
codex-m,structural_r3d6,15,P108,4301,235,259,0.220583,0.222356,0.223856,0.003273,1.483644,0.001773,0.001500,neutral,dependency,True,True,0.232856,0.233165,0.233165,2760,340,3,4,340,2760,89,1733,936,2,0.032246,0.627899,0.339130,335,5,340,0.123188,0.123188,0.779417,155.127060,1.232856,,2.651758,1.918285,0.998139,,,0.989255,,1.003281,0.998270,,"[0.2,0.4)",Q1
codex-m,structural_r3d6,16,P135,404,23,19,0.317221,0.317221,0.318857,0.001636,0.515814,0.000000,0.001636,neutral,dependency,True,True,0.279801,0.280518,0.280518,329,38,3,3,38,329,43,179,107,0,0.130699,0.544073,0.325228,37,1,38,0.115502,0.115502,0.682779,28.389541,0.946452,,1.084867,0.931215,1.099208,,,,,1.115377,1.120238,,"[0.2,0.4)",Q1
codex-m,structural_r3d6,17,P264,3104,183,169,0.147635,0.144990,0.146172,-0.001463,-0.990873,-0.002644,0.001181,negative,dependency,True,True,0.164571,0.164839,0.164839,2816,304,3,4,304,2816,146,1787,877,6,0.051847,0.634588,0.311435,281,23,304,0.107955,0.107955,0.852365,85.771968,1.218406,,2.005699,1.522610,1.001450,,,0.993578,,1.003788,0.997451,,"[0.0,0.2)",Q1
codex-m,structural_r3d6,18,P495,1842,92,115,0.511636,0.510919,0.509932,-0.001704,-0.333090,-0.000717,-0.000987,negative,dependency,True,True,0.527884,0.529037,0.529037,2643,5850,3,5,5850,2643,155,2153,331,4,0.058645,0.814605,0.125236,5286,564,5850,2.213394,2.213394,0.488364,58.169434,0.717210,,0.919649,0.704519,1.009403,,,1.005783,,1.030577,1.015152,1.002024,"[0.4,0.6)",Q3
codex-m,structural_r3d6,19,P30,359,14,18,0.659735,0.662993,0.638178,-0.021557,-3.267518,0.003259,-0.024815,negative,dependency,True,True,0.613736,0.615050,0.615050,1196,3417,3,5,3417,1196,100,1000,95,1,0.083612,0.836120,0.079431,1025,2392,3417,2.857023,2.857023,0.340265,32.912251,0.707680,,0.714172,0.706573,1.006911,,,1.006175,,1.007417,1.007043,1.005853,"[0.6,1.0]",Q4
codex-m,structural_r3d6,20,P102,2399,136,133,0.430819,0.435371,0.435371,0.004551,1.056473,0.004551,0.000000,neutral,rule_only,True,False,0.443276,0.443276,0.443276,1466,1222,3,0,0,1466,80,1022,357,7,0.054570,0.697135,0.243520,1153,69,1222,0.833561,0.833561,0.569181,76.077872,0.868395,,2.376880,1.036705,1.000000,,,1.000000,,1.000000,1.000000,1.000000,"[0.4,0.6)",Q3
codex-m,structural_r3d6,21,P551,1741,89,104,0.171179,0.175228,0.175228,0.004049,2.365528,0.004049,0.000000,neutral,rule_only,True,False,0.226476,0.226476,0.226476,1005,110,3,0,0,1005,157,465,381,2,0.156219,0.462687,0.379104,109,1,110,0.109453,0.109453,0.828821,80.428485,1.438681,,1.766708,2.023027,,,,,,1.000000,1.000000,1.000000,"[0.0,0.2)",Q1
codex-m,structural_r3d6,22,P20,4872,310,260,0.331718,0.327009,0.335630,0.003911,1.179149,-0.004709,0.008621,neutral,dependency,True,True,0.308946,0.311437,0.311437,2619,1685,3,5,1685,2619,261,1726,623,9,0.099656,0.659030,0.237877,1629,56,1685,0.643375,0.643375,0.668282,262.812435,1.141485,,2.585106,1.331074,1.616254,,,1.272309,,1.767760,1.701254,1.104043,"[0.2,0.4)",Q2
codex-m,structural_r3d6,23,P737,1381,56,71,0.113389,0.118545,0.121248,0.007859,6.930869,0.005156,0.002703,positive,dependency,True,True,0.150713,0.151893,0.151893,1026,24,3,3,24,1026,46,495,485,0,0.044834,0.482456,0.472710,24,0,24,0.023392,0.023392,0.886611,78.236948,1.259933,,2.434640,2.311422,,,,1.078637,,1.050304,1.059900,,"[0.0,0.2)",Q1
codex-m,structural_r3d6,24,P119,1790,91,91,0.348023,0.348754,0.348754,0.000732,0.210242,0.000732,0.000000,neutral,rule_only,True,False,0.361523,0.361523,0.361523,1132,149,3,0,0,1132,53,742,335,2,0.046820,0.655477,0.295936,137,12,149,0.131625,0.131625,0.651977,92.194351,1.117212,,2.501805,1.479830,1.000000,,,1.000000,,1.000000,1.000000,,"[0.2,0.4)",Q1
codex-m,structural_r3d6,25,P140,2397,134,120,0.275079,0.276588,0.276588,0.001509,0.548646,0.001509,0.000000,neutral,rule_only,True,False,0.286281,0.286281,0.286281,1647,601,3,0,0,1647,99,1102,440,6,0.060109,0.669095,0.267152,588,13,601,0.364906,0.364906,0.724921,68.156949,1.031125,,2.172659,1.105877,1.000000,,,1.000000,,1.000000,1.000000,1.000000,"[0.2,0.4)",Q2
codex-m,structural_r3d6,26,P641,391,16,11,0.634534,0.689837,0.689837,0.055303,8.715530,0.055303,0.000000,positive,rule_only,True,False,0.636574,0.636574,0.636574,209,6,3,0,0,209,10,116,83,0,0.047847,0.555024,0.397129,6,0,6,0.028708,0.028708,0.365466,19.993977,0.773465,,1.316704,0.798162,,,,,,,1.000000,,"[0.6,1.0]",Q1
codex-m,structural_r3d6,27,P101,2156,139,126,0.340617,0.342858,0.345875,0.005257,1.543506,0.002240,0.003017,neutral,dependency,True,True,0.354719,0.357430,0.357430,1408,533,3,5,533,1408,54,904,447,3,0.038352,0.642045,0.317472,500,33,533,0.378551,0.378551,0.659383,76.274421,0.937268,,2.591152,1.782889,1.055301,,,1.056842,,1.141606,1.158730,1.041595,"[0.2,0.4)",Q2
codex-m,structural_r3d6,28,P57,497,33,31,0.227731,0.227731,0.227467,-0.000264,-0.116137,0.000000,-0.000264,negative,dependency,True,True,0.255362,0.257146,0.257146,153,1,3,1,1,153,16,52,85,0,0.104575,0.339869,0.555556,1,0,1,0.006536,0.006536,0.772269,31.514564,0.955355,,1.033686,0.962081,,,,1.013108,,,,,"[0.2,0.4)",Q1
codex-m,structural_r3d6,29,P3373,707,35,43,0.967057,0.967057,0.967057,0.000000,0.000000,0.000000,0.000000,neutral,rule_only,True,False,1.000000,1.000000,1.000000,1571,3290,3,0,0,1571,131,1226,214,0,0.083386,0.780395,0.136219,148,3142,3290,2.094208,2.094208,0.032943,26.735779,0.930872,,0.631144,0.806883,1.000000,,,1.000000,,1.000000,,,"[0.6,1.0]",Q3
codex-m,structural_r3d6,30,P40,357,19,15,0.203108,0.203108,0.203108,0.000000,0.000000,0.000000,0.000000,neutral,rule_only,True,False,0.371373,0.371373,0.371373,154,21,3,0,0,154,40,91,23,0,0.259740,0.590909,0.149351,7,14,21,0.136364,0.136364,0.796892,19.820143,1.467931,,0.788321,0.795380,1.000000,,,1.000000,,,,,"[0.2,0.4)",Q1
codex-m,structural_r3d6,31,P451,358,15,20,0.683342,0.683342,0.683342,0.000000,0.000000,0.000000,0.000000,neutral,rule_only,False,False,0.455575,,0.455575,4,0,1,0,0,4,4,0,0,0,1.000000,0.000000,0.000000,0,0,0,0.000000,0.000000,0.316658,12.879796,1.000000,,,,,,,,,,,,"[0.6,1.0]",Q1
codex-m,structural_r3d6,32,P1050,360,28,20,0.285561,0.285561,0.285439,-0.000122,-0.042856,0.000000,-0.000122,negative,dependency,True,True,0.254683,0.256996,0.256996,244,2,3,1,2,244,12,128,104,0,0.049180,0.524590,0.426230,2,0,2,0.008197,0.008197,0.714439,16.161184,0.986499,,1.014580,0.987017,,,,,,,1.012050,,"[0.2,0.4)",Q1
codex-m,structural_r3d6,33,P26,772,41,53,0.943403,0.943403,0.943403,0.000000,0.000000,0.000000,0.000000,neutral,rule_only,True,False,0.857152,0.857152,0.857152,10,3,1,0,0,10,10,0,0,0,1.000000,0.000000,0.000000,0,3,3,0.300000,0.300000,0.056597,15.470561,1.000000,,,,1.000000,,,,,,,,"[0.6,1.0]",Q2
codex-m,structural_r3d6,34,P407,41,1,1,0.500058,0.500058,0.500058,0.000000,0.000000,0.000000,0.000000,neutral,rule_only,True,False,0.500058,0.500058,0.500058,35,1,3,0,0,35,7,16,12,0,0.200000,0.457143,0.342857,1,0,1,0.028571,0.028571,0.499942,13.044778,1.000000,,1.000000,1.000000,,,,,,,1.000000,,"[0.4,0.6)",Q1
codex-m,structural_r3d6,35,P37,373,17,13,0.458884,0.453756,0.444305,-0.014579,-3.177027,-0.005128,-0.009451,negative,dependency,True,True,0.596600,0.651938,0.651938,861,3444,3,5,3444,861,111,626,124,0,0.128920,0.727062,0.144019,1722,1722,3444,4.000000,4.000000,0.541116,15.920074,0.776972,,0.870372,0.742646,1.010024,,,1.005569,,1.009963,1.010134,1.000520,"[0.4,0.6)",Q4
codex-m,structural_r3d6,36,P112,61,3,3,0.000039,0.000039,0.000039,0.000000,0.000000,0.000000,0.000000,neutral,rule_only,False,False,0.097009,,0.097009,4,0,1,0,0,4,4,0,0,0,1.000000,0.000000,0.000000,0,0,0,0.000000,0.000000,0.999961,10.840206,1.000000,,,,,,,,,,,,"[0.0,0.2)",Q1
codex-m,structural_r3d6,37,P131,184,16,12,0.317460,0.317460,0.317460,0.000000,0.000000,0.000000,0.000000,neutral,rule_only,True,False,0.360908,0.360908,0.360908,96,37,3,0,0,96,68,14,14,0,0.708333,0.145833,0.145833,36,1,37,0.385417,0.385417,0.682540,12.349813,1.000000,,1.000000,1.000000,1.000000,,,1.000000,,1.000000,1.000000,,"[0.2,0.4)",Q2
codex-m,structural_r3d6,38,P749,76,5,1,0.500058,0.500058,0.500058,0.000000,0.000000,0.000000,0.000000,neutral,rule_only,True,False,0.270798,0.270798,0.270798,33,5,3,0,0,33,9,9,15,0,0.272727,0.272727,0.454545,4,1,5,0.151515,0.151515,0.499942,10.955420,1.000000,,1.000000,1.000000,1.000000,,,,,,1.000000,1.000000,"[0.4,0.6)",Q1
codex-m,structural_r3d6,39,P361,151,8,12,0.426715,0.427112,0.427112,0.000397,0.093060,0.000397,0.000000,neutral,rule_only,True,False,0.350399,0.350399,0.350399,550,1605,3,0,0,550,50,449,51,0,0.090909,0.816364,0.092727,1100,505,1605,2.918182,2.918182,0.573285,10.938473,0.755168,,0.832825,0.762869,1.000000,,,1.000000,,1.000000,1.000000,1.000000,"[0.4,0.6)",Q4
codex-m,structural_r3d6,40,P740,123,2,8,0.096999,0.096999,0.096999,0.000000,0.000000,0.000000,0.000000,neutral,rule_only,False,False,0.500058,,0.500058,29,0,3,0,0,29,16,6,7,0,0.551724,0.206897,0.241379,0,0,0,0.000000,0.000000,0.903001,9.958441,0.975825,,1.264471,1.331112,,,,,,,,,"[0.0,0.2)",Q1
codex-m,structural_r3d6,41,P2348,131,7,14,0.507185,0.507185,0.507185,0.000000,0.000000,0.000000,0.000000,neutral,rule_only,True,False,0.432014,0.432014,0.432014,126,1,3,0,0,126,22,68,36,0,0.174603,0.539683,0.285714,1,0,1,0.007937,0.007937,0.492815,9.574627,1.000000,,1.000000,1.000000,1.000000,,,,,,,,"[0.4,0.6)",Q1
codex-m,structural_r3d6,42,P138,51,4,2,0.166725,0.166725,0.166725,0.000000,0.000000,0.000000,0.000000,neutral,rule_only,False,False,0.011393,,0.011393,32,0,3,0,0,32,24,6,2,0,0.750000,0.187500,0.062500,0,0,0,0.000000,0.000000,0.833275,9.217486,1.000000,,1.000000,1.000000,,,,,,,,,"[0.0,0.2)",Q1
codex-m,structural_r3d6,43,P50,16,1,0,0.000000,0.000000,0.000000,0.000000,0.000000,0.000000,0.000000,neutral,rule_only,False,False,0.000059,,0.000059,14,0,3,0,0,14,3,5,6,0,0.214286,0.357143,0.428571,0,0,0,0.000000,0.000000,1.000000,9.290436,1.000000,,1.000000,1.000000,,,,,,,,,"[0.0,0.2)",Q1
codex-m,structural_r3d6,44,P452,17,0,0,0.000000,0.000000,0.000000,0.000000,0.000000,0.000000,0.000000,neutral,rule_only,False,False,0.000000,,0.000000,10,0,3,0,0,10,3,1,6,0,0.300000,0.100000,0.600000,0,0,0,0.000000,0.000000,1.000000,9.265072,1.000000,,1.000000,1.000000,,,,,,,,,"[0.0,0.2)",Q1
codex-m,structural_r3d6,45,P2283,9,3,0,0.000000,0.000000,0.000000,0.000000,0.000000,0.000000,0.000000,neutral,rule_only,False,False,0.666706,,0.666706,12,0,3,0,0,12,6,2,4,0,0.500000,0.166667,0.333333,0,0,0,0.000000,0.000000,1.000000,8.996339,1.000000,,1.000000,1.000000,,,,,,,,,"[0.0,0.2)",Q1
WN18RR,structural_rd,0,_hypernym,34796,1174,1251,0.184215,0.186728,0.187550,0.003335,1.810387,0.002513,0.000822,neutral,dependency,True,True,0.180671,0.180793,0.180793,8876,451,0,0,0,8876,2422,3883,2552,19,0.272871,0.437472,0.287517,346,105,451,0.050811,0.050811,0.815785,1285.301169,,,,,,,,,,,,,"[0.0,0.2)",Q1
WN18RR,structural_rd,1,_derivationally_related_form,29715,1078,1074,0.959727,0.959727,0.959727,0.000000,0.000000,0.000000,0.000000,neutral,rule_only,True,False,0.948339,0.948339,0.948339,46349,34783,0,0,0,46349,3366,38068,4915,0,0.072623,0.821334,0.106043,23410,11373,34783,0.750458,0.750458,0.040273,597.719740,,,,,,,,,,,,,"[0.6,1.0]",Q2
WN18RR,structural_rd,2,_instance_hypernym,2921,107,122,0.364871,0.364871,0.364871,0.000000,0.000000,0.000000,0.000000,neutral,rule_only,True,False,0.299672,0.299672,0.299672,7445,1050,0,0,0,7445,273,6472,696,4,0.036669,0.869308,0.093486,983,67,1050,0.141034,0.141034,0.635129,53.322748,,,,,,,,,,,,,"[0.2,0.4)",Q1
WN18RR,structural_rd,3,_also_see,1299,41,56,0.660213,0.651104,0.651146,-0.009067,-1.373282,-0.009108,0.000041,negative,dependency,True,True,0.620847,0.634230,0.634230,2406,2618,0,0,0,2406,324,1001,1081,0,0.134663,0.416043,0.449293,1581,1037,2618,1.088113,1.088113,0.339787,39.866906,,,,,,,,,,,,,"[0.6,1.0]",Q3
WN18RR,structural_rd,4,_member_meronym,7402,273,253,0.321906,0.317931,0.328616,0.006711,2.084745,-0.003974,0.010685,neutral,dependency,True,True,0.333338,0.342928,0.342928,2129,591,0,0,0,2129,314,1269,545,1,0.147487,0.596054,0.255989,575,16,591,0.277595,0.277595,0.678094,250.119979,,,,,,,,,,,,,"[0.2,0.4)",Q2
WN18RR,structural_rd,5,_synset_domain_topic_of,3116,105,114,0.394953,0.396579,0.396579,0.001625,0.411538,0.001625,0.000000,neutral,rule_only,True,False,0.393422,0.390862,0.393422,2280,3897,0,0,0,2280,848,981,448,3,0.371930,0.430263,0.196491,3855,42,3897,1.709211,1.709211,0.605047,73.672234,,,,,,,,,,,,,"[0.2,0.4)",Q3
WN18RR,structural_rd,6,_has_part,4816,154,172,0.209144,0.205160,0.219265,0.010121,4.839075,-0.003984,0.014105,positive,dependency,True,True,0.255478,0.265968,0.265968,5002,1372,0,0,0,5002,606,2639,1757,0,0.121152,0.527589,0.351259,1308,64,1372,0.274290,0.274290,0.790856,138.221103,,,,,,,,,,,,,"[0.2,0.4)",Q2
WN18RR,structural_rd,7,_member_of_domain_usage,629,22,24,0.347316,0.347606,0.355021,0.007705,2.218481,0.000290,0.007415,neutral,dependency,True,True,0.394515,0.412102,0.412102,432,107,0,0,0,432,38,328,64,2,0.087963,0.759259,0.148148,102,5,107,0.247685,0.247685,0.652684,11.599660,,,,,,,,,,,,,"[0.2,0.4)",Q2
WN18RR,structural_rd,8,_member_of_domain_region,923,34,26,0.380717,0.375527,0.380648,-0.000069,-0.018041,-0.005190,0.005121,negative,dependency,True,True,0.249832,0.251115,0.251115,612,42,0,0,0,612,121,264,226,1,0.197712,0.431373,0.369281,32,10,42,0.068627,0.068627,0.619283,21.425887,,,,,,,,,,,,,"[0.2,0.4)",Q1
WN18RR,structural_rd,9,_verb_group,1138,43,39,0.974360,0.974360,0.974360,0.000000,0.000000,0.000000,0.000000,neutral,dependency,True,True,0.930871,0.931044,0.931044,1370,301,0,0,0,1370,467,599,304,0,0.340876,0.437226,0.221898,35,266,301,0.219708,0.219708,0.025640,38.072517,,,,,,,,,,,,,"[0.6,1.0]",Q2
WN18RR,structural_rd,10,_similar_to,80,3,3,1.000000,1.000000,1.000000,0.000000,0.000000,0.000000,0.000000,neutral,rule_only,False,False,1.000000,,1.000000,8,0,0,0,0,8,2,6,0,0,0.250000,0.750000,0.000000,0,0,0,0.000000,0.000000,0.000000,2.448638,,,,,,,,,,,,,"[0.6,1.0]",Q1
FB15k-237,structural_r2d3,0,/location/country/form_of_government,298,28,43,0.492042,0.496951,0.496951,0.004909,0.997698,0.004909,0.000000,neutral,rule_only,True,False,0.431582,0.431582,0.431582,2413,6226,2,0,0,2413,105,2021,287,0,0.043514,0.837547,0.118939,1400,4826,6226,2.580191,2.580191,0.507958,44.223630,0.813809,0.813515,,,1.000000,1.000000,1.000000,,,,,,"[0.4,0.6)",Q4
FB15k-237,structural_r2d3,1,/tv/tv_program/regular_cast./tv/regular_tv_appearance/actor,1272,63,91,0.076051,0.076051,0.076051,0.000000,0.000000,0.000000,0.000000,neutral,rule_only,True,False,0.112824,0.112824,0.112824,2646,8634,2,0,0,2646,447,1316,883,0,0.168934,0.497354,0.333711,3342,5292,8634,3.263039,3.263039,0.923949,51.905218,1.000000,1.000000,,,1.000000,1.000000,1.000000,,,,,,"[0.0,0.2)",Q4
FB15k-237,structural_r2d3,2,/media_common/netflix_genre/titles,2671,106,124,0.366901,0.368513,0.347527,-0.019373,-5.280293,0.001613,-0.020986,negative,dependency,True,True,0.334302,0.335334,0.335334,5987,16603,2,3,16603,5987,809,3865,1306,7,0.135126,0.645565,0.218139,11974,4629,16603,2.773175,2.773175,0.633099,69.401992,0.776204,0.995185,,,1.025682,1.031829,1.033547,,,,,,"[0.2,0.4)",Q4
FB15k-237,structural_r2d3,3,/award/award_winner/awards_won./award/award_honor/award_winner,8423,27,41,0.265339,0.234427,0.372275,0.106935,40.301379,-0.030912,0.137848,positive,dependency,True,True,0.284630,0.347712,0.347712,79116,316464,2,3,316464,79116,2576,60254,16286,0,0.032560,0.761591,0.205850,158232,158232,316464,4.000000,4.000000,0.734661,163.643155,0.676034,0.186178,,,1.085411,1.186650,1.159572,,,,,,"[0.2,0.4)",Q4
FB15k-237,structural_r2d3,4,/soccer/football_team/current_roster./sports/sports_team_roster/position,2262,5,12,0.375460,0.375460,0.375460,0.000000,0.000000,0.000000,0.000000,neutral,rule_only,True,False,0.450068,0.450068,0.450068,795,2171,2,0,0,795,104,626,61,4,0.130818,0.787421,0.076730,581,1590,2171,2.730818,2.730818,0.624540,43.672018,1.000000,1.000000,,,1.000000,1.000000,1.000000,,,,,,"[0.2,0.4)",Q4
FB15k-237,structural_r2d3,5,/soccer/football_team/current_roster./soccer/football_roster_position/position,2265,8,10,0.410555,0.410555,0.410555,0.000000,0.000000,0.000000,0.000000,neutral,rule_only,True,False,0.477135,0.477135,0.477135,820,2196,2,0,0,820,102,648,66,4,0.124390,0.790244,0.080488,556,1640,2196,2.678049,2.678049,0.589445,40.374533,0.716812,0.720540,,,1.000000,1.000000,1.000000,,,,,,"[0.4,0.6)",Q4
FB15k-237,structural_r2d3,6,/film/actor/film./film/performance/film,9494,715,836,0.079503,0.079804,0.077888,-0.001615,-2.031552,0.000301,-0.001916,negative,dependency,True,True,0.068485,0.068535,0.068535,29447,16690,2,3,16690,29447,1621,9929,17897,0,0.055048,0.337182,0.607770,11084,5606,16690,0.566781,0.566781,0.920497,268.472403,1.224652,2.347138,,,1.888259,1.866230,1.851273,,,,,,"[0.0,0.2)",Q2
FB15k-237,structural_r2d3,7,/award/award_category/nominees./award/award_nomination/nominated_for,9465,746,858,0.204203,0.212515,0.211409,0.007206,3.528935,0.008312,-0.001106,positive,dependency,True,True,0.210028,0.211848,0.211848,90670,212019,2,3,212019,90670,1025,80807,8810,28,0.011305,0.891221,0.097166,131861,80158,212019,2.338359,2.338359,0.795797,250.965196,0.742552,0.627500,,,1.035701,1.041194,1.049875,,,,,,"[0.2,0.4)",Q4
FB15k-237,structural_r2d3,8,/award/award_nominee/award_nominations./award/award_nomination/award_nominee,15989,188,214,0.270753,0.319213,0.319121,0.048368,17.864263,0.048460,-0.000092,positive,dependency,True,True,0.269425,0.274080,0.274080,126142,379530,2,3,379530,126142,3694,90398,32050,0,0.029284,0.716637,0.254079,127246,252284,379530,3.008752,3.008752,0.729247,214.791989,0.654894,0.264287,,,0.989761,0.995623,0.996152,,,,,,"[0.2,0.4)",Q4
FB15k-237,structural_r2d3,9,/music/performance_role/regular_performances./music/group_membership/role,2655,16,40,0.099127,0.103144,0.114321,0.015194,15.327705,0.004017,0.011177,positive,dependency,True,True,0.131250,0.131670,0.131670,91633,194070,2,3,194070,91633,1069,87714,2850,0,0.011666,0.957232,0.031102,10804,183266,194070,2.117905,2.117905,0.900873,79.251009,0.566269,0.474740,,,1.004026,1.004029,1.004008,,,,,,"[0.0,0.2)",Q3
FB15k-237,structural_r2d3,10,/award/award_category/winners./award/award_honor/ceremony,2834,283,323,0.826187,0.834702,0.834702,0.008515,1.030606,0.008515,0.000000,neutral,rule_only,True,False,0.841600,0.841600,0.841600,28288,78126,2,0,0,28288,149,26910,1229,0,0.005267,0.951287,0.043446,21550,56576,78126,2.761807,2.761807,0.173813,102.242095,0.604842,0.304038,,,1.000000,1.000000,1.000000,,,,,,"[0.6,1.0]",Q4
FB15k-237,structural_r2d3,11,/film/film/release_date_s./film/film_regional_release_date/film_release_distribution_medium,1429,162,158,0.505956,0.508125,0.508125,0.002169,0.428742,0.002169,0.000000,neutral,rule_only,True,False,0.510681,0.510681,0.510681,2546,8167,2,0,0,2546,299,2099,147,1,0.117439,0.824430,0.057738,5092,3075,8167,3.207777,3.207777,0.494044,49.575214,0.542076,0.490441,,,1.000000,1.000000,1.000000,,,,,,"[0.4,0.6)",Q4
FB15k-237,structural_r2d3,12,/award/award_winning_work/awards_won./award/award_honor/award_winner,2992,24,24,0.229233,0.229233,0.229233,0.000000,0.000000,0.000000,0.000000,neutral,rule_only,True,False,0.170388,0.170388,0.170388,6938,19198,2,0,0,6938,1560,3084,2294,0,0.224849,0.444509,0.330643,8882,10316,19198,2.767080,2.767080,0.770767,69.641807,1.000000,1.000000,,,1.000000,1.000000,1.000000,,,,,,"[0.2,0.4)",Q4
FB15k-237,structural_r2d3,13,/film/film/release_date_s./film/film_regional_release_date/film_release_region,12893,1228,1447,0.334509,0.379904,0.379904,0.045395,13.570593,0.045395,0.000000,positive,rule_only,True,False,0.370671,0.370671,0.370671,299952,636550,2,0,0,299952,2148,270892,26868,44,0.007161,0.903118,0.089574,36646,599904,636550,2.122173,2.122173,0.665491,221.195408,0.595855,0.088888,,,1.000000,1.000000,1.000000,,,,,,"[0.2,0.4)",Q3
FB15k-237,structural_r2d3,14,/film/film/language,2570,241,314,0.523242,0.522907,0.522907,-0.000334,-0.063903,-0.000334,0.000000,negative,rule_only,True,False,0.492179,0.492179,0.492179,5666,13817,2,0,0,5666,839,3846,977,4,0.148076,0.678786,0.172432,7308,6509,13817,2.438581,2.438581,0.476758,117.703789,0.606243,0.884675,,,1.000000,1.000000,1.000000,,,,,,"[0.4,0.6)",Q4
FB15k-237,structural_r2d3,15,/location/location/contains,5201,303,330,0.436598,0.434767,0.434767,-0.001831,-0.419444,-0.001831,0.000000,negative,rule_only,True,False,0.451572,0.451572,0.451572,8788,19600,2,0,0,8788,3284,3608,1891,5,0.373691,0.410560,0.215180,2024,17576,19600,2.230314,2.230314,0.563402,88.846105,0.927916,1.123294,,,1.000000,1.000000,1.000000,,,,,,"[0.4,0.6)",Q4
FB15k-237,structural_r2d3,16,/organization/organization/headquarters./location/mailing_address/country,182,12,7,0.449891,0.449891,0.485168,0.035277,7.841143,0.000000,0.035277,positive,dependency,True,True,0.521292,0.646540,0.646540,580,2033,2,3,2033,580,412,120,47,1,0.710345,0.206897,0.081034,1160,873,2033,3.505172,3.505172,0.550109,43.408451,0.947682,0.981312,,,1.040871,1.038268,1.040825,,,,,,"[0.4,0.6)",Q4
FB15k-237,structural_r2d3,17,/people/person/profession,10945,1126,1311,0.404856,0.404673,0.404673,-0.000182,-0.045007,-0.000182,0.000000,negative,rule_only,True,False,0.394438,0.394418,0.394438,23315,28042,2,0,0,23315,936,19105,3255,19,0.040146,0.819430,0.139610,16358,11684,28042,1.202745,1.202745,0.595144,117.684537,0.607777,0.946163,,,1.000000,1.000000,1.000000,,,,,,"[0.4,0.6)",Q3
FB15k-237,structural_r2d3,18,/location/statistical_region/religions./location/religion_percentage/religion,596,70,60,0.588592,0.615283,0.615283,0.026692,4.534818,0.026692,0.000000,positive,rule_only,True,False,0.583387,0.583387,0.583387,4881,19524,2,0,0,4881,163,3977,741,0,0.033395,0.814792,0.151813,9762,9762,19524,4.000000,4.000000,0.411408,51.338953,0.604725,0.578719,,,1.000000,1.000000,1.000000,,,,,,"[0.4,0.6)",Q4
FB15k-237,structural_r2d3,19,/award/award_nominee/award_nominations./award/award_nomination/award,12157,827,1067,0.199418,0.201715,0.211396,0.011978,6.006484,0.002297,0.009681,positive,dependency,True,True,0.204405,0.214115,0.214115,50398,97814,2,3,97814,50398,1476,36657,12246,19,0.029287,0.727350,0.242986,64595,33219,97814,1.940831,1.940831,0.800582,196.465379,0.800959,1.038583,,,1.037117,1.073667,1.067342,,,,,,"[0.0,0.2)",Q3
FB15k-237,structural_r2d3,20,/music/genre/artists,5880,590,664,0.260295,0.264726,0.264726,0.004432,1.702586,0.004432,0.000000,neutral,rule_only,True,False,0.255804,0.255804,0.255804,17774,42913,2,0,0,17774,412,12377,4972,13,0.023180,0.696354,0.279734,35548,7365,42913,2.414369,2.414369,0.739705,135.455563,0.738250,0.970947,,,1.000000,1.000000,1.000000,,,,,,"[0.2,0.4)",Q4
FB15k-237,structural_r2d3,21,/influence/influence_node/influenced_by,1908,178,235,0.144396,0.141838,0.141838,-0.002558,-1.771420,-0.002558,0.000000,negative,rule_only,True,False,0.158373,0.158373,0.158373,3523,692,2,0,0,3523,232,1290,2001,0,0.065853,0.366165,0.567982,680,12,692,0.196424,0.196424,0.855604,56.056657,0.967566,2.055557,,,1.000000,1.000000,1.000000,,,,,,"[0.0,0.2)",Q2
FB15k-237,structural_r2d3,22,/education/educational_institution/students_graduates./education/education/student,2640,278,311,0.107327,0.108454,0.108968,0.001641,1.528552,0.001127,0.000514,neutral,dependency,True,True,0.128095,0.130079,0.130079,2534,63,2,1,63,2534,249,699,1585,1,0.098264,0.275848,0.625493,62,1,63,0.024862,0.024862,0.892673,85.449897,1.244457,2.203765,,,,,1.462834,,,,,,"[0.0,0.2)",Q1
FB15k-237,structural_r2d3,23,/organization/organization_member/member_of./organization/organization_membership/organization,797,84,96,0.516314,0.520049,0.520049,0.003736,0.723513,0.003736,0.000000,neutral,rule_only,True,False,0.571558,0.571558,0.571558,7372,22104,2,0,0,7372,356,6294,720,2,0.048291,0.853771,0.097667,7360,14744,22104,2.998372,2.998372,0.483686,47.424960,0.567585,0.538500,,,1.000000,1.000000,1.000000,,,,,,"[0.4,0.6)",Q4
FB15k-237,structural_r2d3,24,/people/person/place_of_birth,2465,148,170,0.131485,0.134055,0.137906,0.006421,4.883266,0.002570,0.003851,positive,dependency,True,True,0.122835,0.124749,0.124749,1998,148,2,3,148,1998,460,588,948,2,0.230230,0.294294,0.474474,125,23,148,0.074074,0.074074,0.868515,102.285883,1.645338,1.872936,,,1.516450,1.636796,1.720030,,,,,,"[0.0,0.2)",Q1
FB15k-237,structural_r2d3,25,/common/topic/webpage./common/webpage/category,3612,350,402,0.495022,0.495022,0.495022,0.000000,0.000000,0.000000,0.000000,neutral,rule_only,True,False,0.502821,0.502821,0.502821,5364,5413,2,0,0,5364,2031,3060,272,1,0.378635,0.570470,0.050708,0,5413,5413,1.009135,1.009135,0.504978,55.884820,1.000000,1.000000,,,1.000000,,1.000000,,,,,,"[0.4,0.6)",Q3
FB15k-237,structural_r2d3,26,/film/film/other_crew./film/film_crew_gig/film_crew_role,5305,534,606,0.388225,0.388754,0.388754,0.000528,0.136104,0.000528,0.000000,neutral,rule_only,True,False,0.411722,0.411722,0.411722,42988,52030,2,0,0,42988,255,41167,1555,11,0.005932,0.957639,0.036173,25877,26153,52030,1.210338,1.210338,0.611775,81.553361,0.627273,0.386647,,,1.000000,1.000000,1.000000,,,,,,"[0.2,0.4)",Q3
FB15k-237,structural_r2d3,27,/award/award_ceremony/awards_presented./award/award_honor/award_winner,2727,293,317,0.375390,0.377006,0.377006,0.001617,0.430639,0.001617,0.000000,neutral,rule_only,True,False,0.379536,0.379527,0.379536,8911,25817,2,0,0,8911,449,5491,2971,0,0.050387,0.616205,0.333408,11751,14066,25817,2.897206,2.897206,0.624610,76.494496,0.874248,0.992874,,,1.000000,1.000000,1.000000,,,,,,"[0.2,0.4)",Q4
FB15k-237,structural_r2d3,28,/film/film/country,2407,135,131,0.420187,0.424601,0.424601,0.004414,1.050447,0.004414,0.000000,neutral,rule_only,True,False,0.416153,0.416153,0.416153,8406,10943,2,0,0,8406,1792,5498,1112,4,0.213181,0.654057,0.132286,6689,4254,10943,1.301808,1.301808,0.579813,53.390690,0.629912,0.832004,,,1.000000,1.000000,1.000000,,,,,,"[0.4,0.6)",Q3
FB15k-237,structural_r2d3,29,/olympics/olympic_sport/athletes./olympics/olympic_athlete_affiliation/country,2130,234,258,0.408775,0.412948,0.412948,0.004174,1.021019,0.004174,0.000000,neutral,rule_only,True,False,0.489746,0.489746,0.489746,47576,117883,2,0,0,47576,291,43813,3469,3,0.006117,0.920905,0.072915,22731,95152,117883,2.477783,2.477783,0.591225,63.192153,0.566198,0.436737,,,1.000000,1.000000,1.000000,,,,,,"[0.4,0.6)",Q4
FB15k-237,structural_r2d3,30,/award/award_winning_work/awards_won./award/award_honor/award,3310,108,118,0.177426,0.178574,0.195921,0.018495,10.424152,0.001148,0.017347,positive,dependency,True,True,0.237248,0.261875,0.261875,19741,40669,2,3,40669,19741,721,14305,4715,0,0.036523,0.724634,0.238843,38818,1851,40669,2.060129,2.060129,0.822574,67.091385,0.871588,0.853791,,,1.048436,1.038275,1.050249,,,,,,"[0.0,0.2)",Q3
FB15k-237,structural_r2d3,31,/film/film/genre,7268,659,722,0.303148,0.304329,0.304329,0.001181,0.389674,0.001181,0.000000,neutral,rule_only,True,False,0.323438,0.323438,0.323438,15814,42106,2,0,0,15814,589,11614,3591,20,0.037245,0.734413,0.227077,29045,13061,42106,2.662577,2.662577,0.696852,106.297687,0.711961,1.035263,,,1.000000,1.000000,1.000000,,,,,,"[0.2,0.4)",Q4
FB15k-237,structural_r2d3,32,/film/film_distributor/films_distributed./film/film_film_distributor_relationship/film,2337,146,160,0.280374,0.282595,0.282595,0.002220,0.791869,0.002220,0.000000,neutral,rule_only,True,False,0.270099,0.270099,0.270099,5821,16178,2,0,0,5821,663,3818,1334,6,0.113898,0.655901,0.229170,11642,4536,16178,2.779248,2.779248,0.719626,77.287357,0.899505,1.408490,,,1.000000,1.000000,1.000000,,,,,,"[0.2,0.4)",Q4
FB15k-237,structural_r2d3,33,/location/statistical_region/rent50_2./measurement_unit/dated_money_value/currency,373,39,46,0.531031,0.542399,0.542399,0.011369,2.140901,0.011369,0.000000,neutral,rule_only,True,False,0.541870,0.541870,0.541870,485,1940,2,0,0,485,393,59,32,1,0.810309,0.121649,0.065979,970,970,1940,4.000000,4.000000,0.468969,40.180207,0.762078,0.760413,,,1.000000,,1.000000,,,,,,"[0.4,0.6)",Q4
FB15k-237,structural_r2d3,34,/film/film/estimated_budget./measurement_unit/dated_money_value/currency,1210,110,151,0.510887,0.510889,0.510237,-0.000650,-0.127156,0.000003,-0.000652,negative,dependency,True,True,0.496138,0.496166,0.496166,2686,5381,2,2,5381,2686,705,1880,100,1,0.262472,0.699926,0.037230,9,5372,5381,2.003351,2.003351,0.489113,43.033201,0.688180,0.695826,,,1.008128,,1.007739,,,,,,"[0.4,0.6)",Q3
FB15k-237,structural_r2d3,35,/government/legislative_session/members./government/government_position_held/district_represented,1070,123,117,0.865809,0.848871,0.874161,0.008352,0.964680,-0.016938,0.025290,neutral,dependency,True,True,0.873719,0.901550,0.901550,11175,43270,2,3,43270,11175,100,9580,1495,0,0.008949,0.857271,0.133781,20920,22350,43270,3.872036,3.872036,0.134191,48.881265,0.543115,0.508374,,,0.998142,0.998164,0.998109,,,,,,"[0.6,1.0]",Q4
FB15k-237,structural_r2d3,36,/sports/sports_team/roster./american_football/football_historical_roster_position/position_s,622,3,1,0.106061,0.106061,0.106061,0.000000,0.000000,0.000000,0.000000,neutral,rule_only,True,False,0.276315,0.276315,0.276315,13051,29593,2,0,0,13051,257,12146,648,0,0.019692,0.930657,0.049651,3491,26102,29593,2.267489,2.267489,0.893939,41.364793,1.000000,1.000000,,,1.000000,1.000000,1.000000,,,,,,"[0.0,0.2)",Q4
FB15k-237,structural_r2d3,37,/government/government_office_category/officeholders./government/government_position_held/jurisdiction_of_office,760,85,91,0.531664,0.524239,0.524239,-0.007425,-1.396475,-0.007425,0.000000,negative,rule_only,True,False,0.587019,0.587019,0.587019,4043,16172,2,0,0,4043,346,3018,676,3,0.085580,0.746475,0.167203,8086,8086,16172,4.000000,4.000000,0.468336,50.279398,0.663970,0.649263,,,1.000000,1.000000,1.000000,,,,,,"[0.4,0.6)",Q4
FB15k-237,structural_r2d3,38,/award/award_nominee/award_nominations./award/award_nomination/nominated_for,6277,74,132,0.158475,0.158475,0.158475,0.000000,0.000000,0.000000,0.000000,neutral,rule_only,True,False,0.123936,0.123936,0.123936,17213,24617,2,0,0,17213,2547,6942,7724,0,0.147970,0.403300,0.448731,8103,16514,24617,1.430140,1.430140,0.841525,68.520584,1.000000,1.000000,,,1.000000,1.000000,1.000000,,,,,,"[0.0,0.2)",Q3
FB15k-237,structural_r2d3,39,/people/deceased_person/place_of_death,695,61,78,0.195955,0.202697,0.202270,0.006315,3.222558,0.006742,-0.000427,positive,dependency,True,True,0.188702,0.189139,0.189139,556,22,2,2,22,556,131,182,242,1,0.235612,0.327338,0.435252,20,2,22,0.039568,0.039568,0.804045,45.154564,1.430539,1.872478,,,1.000111,,0.996827,,,,,,"[0.0,0.2)",Q1
FB15k-237,structural_r2d3,40,/sports/pro_athlete/teams./sports/sports_team_roster/team,676,18,16,0.165455,0.171991,0.171991,0.006537,3.950693,0.006537,0.000000,positive,rule_only,True,False,0.125707,0.125707,0.125707,1504,181,2,0,0,1504,84,915,505,0,0.055851,0.608378,0.335771,136,45,181,0.120346,0.120346,0.834545,39.770749,1.043454,1.022494,,,1.000000,1.000000,1.000000,,,,,,"[0.0,0.2)",Q1
FB15k-237,structural_r2d3,41,/music/artist/track_contributions./music/track_contribution/role,1772,116,152,0.229149,0.234281,0.234281,0.005132,2.239595,0.005132,0.000000,neutral,rule_only,True,False,0.200054,0.200054,0.200054,24449,51711,2,0,0,24449,778,21152,2516,3,0.031821,0.865148,0.102908,48898,2813,51711,2.115056,2.115056,0.770851,54.465213,0.766723,0.520973,,,1.000000,1.000000,1.000000,,,,,,"[0.2,0.4)",Q3
FB15k-237,structural_r2d3,42,/music/instrument/instrumentalists,1938,136,153,0.249292,0.250271,0.250271,0.000979,0.392839,0.000979,0.000000,neutral,rule_only,True,False,0.246762,0.246762,0.246762,21947,46749,2,0,0,21947,905,18580,2458,4,0.041236,0.846585,0.111997,43894,2855,46749,2.130086,2.130086,0.750708,55.976784,0.759037,0.636055,,,1.000000,1.000000,1.000000,,,,,,"[0.2,0.4)",Q3
FB15k-237,structural_r2d3,43,/people/person/gender,3717,377,436,0.561938,0.553461,0.565837,0.003899,0.693915,-0.008478,0.012377,neutral,dependency,True,True,0.537572,0.544311,0.544311,7376,3062,2,2,3062,7376,686,6492,196,2,0.093004,0.880152,0.026573,35,3027,3062,0.415130,0.415130,0.438062,57.183619,0.462965,0.565918,,,1.026334,,1.023123,,,,,,"[0.4,0.6)",Q2
FB15k-237,structural_r2d3,44,/business/job_title/people_with_this_title./business/employment_tenure/company,734,48,85,0.263085,0.265966,0.265966,0.002881,1.094990,0.002881,0.000000,neutral,rule_only,True,False,0.300432,0.300432,0.300432,1612,4013,2,0,0,1612,308,837,466,1,0.191067,0.519231,0.289082,3224,789,4013,2.489454,2.489454,0.736915,46.927517,0.731983,0.825592,,,1.000000,1.000000,1.000000,,,,,,"[0.2,0.4)",Q4
FB15k-237,structural_r2d3,45,/base/popstra/celebrity/friendship./base/popstra/friendship/participant,1511,30,32,0.053121,0.054782,0.063078,0.009957,18.744641,0.001661,0.008296,positive,dependency,True,True,0.079628,0.080471,0.080471,2911,464,2,3,464,2911,863,432,1616,0,0.296462,0.148403,0.555136,449,15,464,0.159395,0.159395,0.946879,49.472087,1.338156,1.290639,,,1.226962,1.229584,1.131383,,,,,,"[0.0,0.2)",Q2
FB15k-237,structural_r2d3,46,/business/business_operation/industry,330,33,41,0.338501,0.338673,0.338666,0.000164,0.048512,0.000172,-0.000007,neutral,dependency,True,True,0.392487,0.392857,0.392857,256,96,2,3,96,256,47,82,127,0,0.183594,0.320312,0.496094,86,10,96,0.375000,0.375000,0.661499,42.319820,0.849958,0.915209,,,1.017171,1.016069,1.018290,,,,,,"[0.2,0.4)",Q2
FB15k-237,structural_r2d3,47,/award/award_category/winners./award/award_honor/award_winner,5673,180,217,0.173772,0.174306,0.176883,0.003111,1.790337,0.000534,0.002577,neutral,dependency,True,True,0.194290,0.195970,0.195970,18856,32943,2,3,32943,18856,1150,10789,6915,2,0.060989,0.572179,0.366727,23559,9384,32943,1.747083,1.747083,0.826228,88.922744,0.866401,1.008953,,,1.097514,1.084795,1.085348,,,,,,"[0.0,0.2)",Q3
FB15k-237,structural_r2d3,48,/people/person/nationality,4197,406,494,0.515065,0.506928,0.506928,-0.008137,-1.579863,-0.008137,0.000000,negative,rule_only,True,False,0.506883,0.506883,0.506883,9716,4210,2,0,0,9716,2884,6081,746,5,0.296830,0.625875,0.076781,145,4065,4210,0.433306,0.433306,0.484935,93.666473,0.651510,1.151623,,,1.000000,1.000000,1.000000,,,,,,"[0.4,0.6)",Q2
FB15k-237,structural_r2d3,49,/sports/sports_team/roster./baseball/baseball_roster_position/position,183,7,3,0.644444,0.644444,0.644444,0.000000,0.000000,0.000000,0.000000,neutral,dependency,True,True,0.498512,0.583333,0.583333,586,1404,2,3,1404,586,27,450,109,0,0.046075,0.767918,0.186007,438,966,1404,2.395904,2.395904,0.355556,39.566276,0.793792,0.794471,,,1.017822,1.017799,1.017795,,,,,,"[0.6,1.0]",Q4
FB15k-237,structural_r2d3,50,/people/cause_of_death/people,737,64,94,0.173829,0.173829,0.173547,-0.000282,-0.162042,0.000000,-0.000282,negative,dependency,True,True,0.174981,0.175229,0.175229,712,24,2,2,24,712,55,224,432,1,0.077247,0.314607,0.606742,23,1,24,0.033708,0.033708,0.826171,42.904881,0.933293,0.941094,,,1.048484,,1.075613,,,,,,"[0.0,0.2)",Q1
FB15k-237,structural_r2d3,51,/tv/tv_program/languages,254,29,24,0.631639,0.629086,0.706997,0.075358,11.930533,-0.002554,0.077912,positive,dependency,True,True,0.584332,0.610146,0.610146,510,1814,2,2,1814,510,249,198,62,1,0.488235,0.388235,0.121569,1020,794,1814,3.556863,3.556863,0.368361,43.307592,0.632921,0.751057,,,1.054386,,1.056802,,,,,,"[0.6,1.0]",Q4
FB15k-237,structural_r2d3,52,/music/genre/parent_genre,678,76,97,0.162703,0.160835,0.160835,-0.001868,-1.148204,-0.001868,0.000000,negative,rule_only,True,False,0.174974,0.174974,0.174974,454,188,2,0,0,454,36,185,233,0,0.079295,0.407489,0.513216,158,30,188,0.414097,0.414097,0.837297,42.908625,0.784489,1.153797,,,1.000000,1.000000,1.000000,,,,,,"[0.0,0.2)",Q2
FB15k-237,structural_r2d3,53,/base/popstra/celebrity/breakup./base/popstra/breakup/participant,153,0,0,0.000000,0.000000,0.000000,0.000000,0.000000,0.000000,0.000000,neutral,rule_only,True,False,0.000000,0.000000,0.000000,39,9,2,0,0,39,19,9,11,0,0.487179,0.230769,0.282051,8,1,9,0.230769,0.230769,1.000000,38.645385,1.000000,1.000000,,,1.000000,1.000000,,,,,,,"[0.0,0.2)",Q2
FB15k-237,structural_r2d3,54,/location/country/capital,142,7,11,0.098048,0.098048,0.098048,0.000000,0.000000,0.000000,0.000000,neutral,rule_only,True,False,0.154850,0.154850,0.154850,27,18,1,0,0,27,27,0,0,0,1.000000,0.000000,0.000000,5,13,18,0.666667,0.666667,0.901952,38.558148,1.000000,,,,1.000000,,,,,,,,"[0.0,0.2)",Q2
FB15k-237,structural_r2d3,55,/film/special_film_performance_type/film_performance_type./film/performance/film,93,9,11,0.470106,0.470106,0.470106,0.000000,0.000000,0.000000,0.000000,neutral,rule_only,True,False,0.473909,0.473909,0.473909,265,74,2,0,0,265,44,143,78,0,0.166038,0.539623,0.294340,74,0,74,0.279245,0.279245,0.529894,38.111506,1.000000,1.000000,,,1.000000,,1.000000,,,,,,"[0.4,0.6)",Q2
FB15k-237,structural_r2d3,56,/location/hud_county_place/place,459,56,48,0.000137,0.000137,0.000137,0.000000,0.000000,0.000000,0.000000,neutral,rule_only,False,False,0.000137,,0.000137,971,0,2,0,0,971,695,208,66,2,0.715757,0.214212,0.067971,0,0,0,0.000000,0.000000,0.999863,38.164633,1.000000,1.000000,,,,,,,,,,,"[0.0,0.2)",Q1
FB15k-237,structural_r2d3,57,/music/performance_role/guest_performances./music/recording_contribution/performance_role,497,0,2,0.035442,0.035442,0.035442,0.000000,0.000000,0.000000,0.000000,neutral,rule_only,True,False,0.000000,0.000000,0.000000,15675,42284,2,0,0,15675,822,14066,787,0,0.052440,0.897352,0.050207,31350,10934,42284,2.697544,2.697544,0.964558,42.254421,1.000000,1.000000,,,1.000000,1.000000,1.000000,,,,,,"[0.0,0.2)",Q4
FB15k-237,structural_r2d3,58,/location/location/adjoin_s./location/adjoining_relationship/adjoins,2051,51,55,0.399967,0.399967,0.425042,0.025075,6.269181,0.000000,0.025075,positive,dependency,True,True,0.324398,0.332001,0.332001,5919,9103,2,3,9103,5919,1297,2520,2102,0,0.219125,0.425748,0.355128,9050,53,9103,1.537929,1.537929,0.600033,52.801154,0.936995,0.930612,,,1.047748,1.087842,1.060712,,,,,,"[0.2,0.4)",Q3
FB15k-237,structural_r2d3,59,/film/film_subject/films,603,46,77,0.202503,0.202706,0.203106,0.000603,0.297987,0.000203,0.000401,neutral,dependency,True,True,0.203477,0.206250,0.206250,1185,44,2,2,44,1185,79,501,605,0,0.066667,0.422785,0.510549,44,0,44,0.037131,0.037131,0.797497,42.140950,1.132274,1.620951,,,1.011053,,1.043733,,,,,,"[0.2,0.4)",Q1
FB15k-237,structural_r2d3,60,/base/schemastaging/person_extra/net_worth./measurement_unit/dated_money_value/currency,475,48,60,0.497571,0.497526,0.498377,0.000805,0.161884,-0.000046,0.000851,neutral,dependency,True,True,0.521958,0.528977,0.528977,1393,4294,2,2,4294,1393,585,701,106,1,0.419957,0.503230,0.076095,2786,1508,4294,3.082556,3.082556,0.502429,42.059281,0.761654,0.748241,,,1.008230,,1.008229,,,,,,"[0.4,0.6)",Q4
FB15k-237,structural_r2d3,61,/education/educational_institution/colors,856,67,90,0.224034,0.227117,0.222086,-0.001948,-0.869507,0.003083,-0.005031,negative,dependency,True,True,0.269909,0.271849,0.271849,1481,4237,2,3,4237,1481,105,886,487,3,0.070898,0.598244,0.328832,2322,1915,4237,2.860905,2.860905,0.775966,43.326616,0.758441,0.776809,,,1.004146,1.003464,1.002350,,,,,,"[0.2,0.4)",Q4
FB15k-237,structural_r2d3,62,/base/aareas/schema/administrative_area/administrative_parent,579,15,25,0.521899,0.521899,0.578937,0.057038,10.928921,0.000000,0.057038,positive,dependency,True,True,0.566851,0.622397,0.622397,1633,6532,2,3,6532,1633,575,893,164,1,0.352113,0.546846,0.100429,3266,3266,6532,4.000000,4.000000,0.478101,45.459004,0.877910,0.931097,,,1.084058,1.107843,1.088882,,,,,,"[0.4,0.6)",Q4
FB15k-237,structural_r2d3,63,/organization/role/leaders./organization/leadership/organization,756,57,70,0.461535,0.471519,0.471734,0.010199,2.209737,0.009984,0.000214,neutral,dependency,True,True,0.448253,0.458686,0.458686,971,3884,2,3,3884,971,303,493,172,3,0.312049,0.507724,0.177137,1942,1942,3884,4.000000,4.000000,0.538465,44.169339,0.675276,0.957028,,,1.002472,0.996822,1.003199,,,,,,"[0.4,0.6)",Q4
FB15k-237,structural_r2d3,64,/government/legislative_session/members./government/government_position_held/legislative_sessions,814,11,13,0.391825,0.389535,0.389535,-0.002289,-0.584288,-0.002289,0.000000,negative,rule_only,True,False,0.323455,0.323455,0.323455,8311,17090,2,0,0,8311,36,7759,516,0,0.004332,0.933582,0.062086,468,16622,17090,2.056311,2.056311,0.608175,41.691729,0.844747,0.845472,,,1.000000,1.000000,1.000000,,,,,,"[0.2,0.4)",Q3
FB15k-237,structural_r2d3,65,/olympics/olympic_games/sports,664,8,13,0.263227,0.286661,0.466026,0.202799,77.043251,0.023434,0.179365,positive,dependency,True,True,0.316667,0.479175,0.479175,9650,21010,2,3,21010,9650,104,9057,489,0,0.010777,0.938549,0.050674,1710,19300,21010,2.177202,2.177202,0.736773,42.365194,0.554617,0.536557,,,1.000611,1.000802,1.000601,,,,,,"[0.2,0.4)",Q3
FB15k-237,structural_r2d3,66,/people/person/places_lived./people/place_lived/location,3738,232,305,0.129771,0.130588,0.131426,0.001654,1.274712,0.000816,0.000838,neutral,dependency,True,True,0.135941,0.139781,0.139781,4519,1283,2,3,1283,4519,977,1479,2059,4,0.216198,0.327285,0.455632,1081,202,1283,0.283912,0.283912,0.870229,67.447416,1.243843,1.562356,,,1.383082,1.168591,1.454927,,,,,,"[0.0,0.2)",Q2
FB15k-237,structural_r2d3,67,/award/award_category/disciplines_or_subjects,204,21,15,0.672263,0.672176,0.682568,0.010306,1.532965,-0.000086,0.010392,neutral,dependency,True,True,0.496596,0.497019,0.497019,223,227,2,3,227,223,25,159,39,0,0.112108,0.713004,0.174888,56,171,227,1.017937,1.017937,0.327737,43.468539,0.704647,0.893444,,,0.998483,1.001304,1.000330,,,,,,"[0.6,1.0]",Q3
FB15k-237,structural_r2d3,68,/sports/professional_sports_team/draft_picks./sports/sports_league_draft_pick/school,688,70,86,0.191026,0.191026,0.191026,0.000000,0.000000,0.000000,0.000000,neutral,rule_only,True,False,0.175038,0.175038,0.175038,3143,2576,2,0,0,3143,132,1769,1241,1,0.041998,0.562838,0.394846,1903,673,2576,0.819599,0.819599,0.808974,40.434957,1.000000,1.000000,,,1.000000,1.000000,1.000000,,,,,,"[0.0,0.2)",Q3
FB15k-237,structural_r2d3,69,/olympics/olympic_participating_country/medals_won./olympics/olympic_medal_honor/olympics,1153,53,63,0.376384,0.342023,0.342023,-0.034361,-9.129202,-0.034361,0.000000,negative,rule_only,True,False,0.343267,0.343267,0.343267,34850,95132,2,0,0,34850,466,31624,2760,0,0.013372,0.907432,0.079197,25432,69700,95132,2.729756,2.729756,0.623616,52.730318,0.587386,0.471020,,,1.000000,1.000000,1.000000,,,,,,"[0.2,0.4)",Q4
FB15k-237,structural_r2d3,70,/language/human_language/countries_spoken_in,335,19,25,0.306433,0.306433,0.306433,0.000000,0.000000,0.000000,0.000000,neutral,rule_only,True,False,0.372515,0.372515,0.372515,1883,7532,2,0,0,1883,278,1114,491,0,0.147637,0.591609,0.260754,3766,3766,7532,4.000000,4.000000,0.693567,40.222921,1.000000,1.000000,,,1.000000,1.000000,1.000000,,,,,,"[0.2,0.4)",Q4
FB15k-237,structural_r2d3,71,/people/ethnicity/people,2063,169,251,0.316000,0.311327,0.311327,-0.004674,-1.478956,-0.004674,0.000000,negative,rule_only,True,False,0.284362,0.284362,0.284362,3266,7613,2,0,0,3266,340,1622,1300,4,0.104103,0.496632,0.398040,6532,1081,7613,2.330986,2.330986,0.684000,51.741473,0.833322,1.475365,,,1.000000,1.000000,1.000000,,,,,,"[0.2,0.4)",Q4
FB15k-237,structural_r2d3,72,/olympics/olympic_participating_country/athletes./olympics/olympic_athlete_affiliation/olympics,760,30,31,0.357720,0.362454,0.362454,0.004734,1.323265,0.004734,0.000000,neutral,rule_only,True,False,0.436862,0.436862,0.436862,19349,59149,2,0,0,19349,442,17085,1821,1,0.022844,0.882991,0.094113,20451,38698,59149,3.056954,3.056954,0.642280,46.632983,0.704833,0.669291,,,1.000000,1.000000,1.000000,,,,,,"[0.2,0.4)",Q4
FB15k-237,structural_r2d3,73,/olympics/olympic_participating_country/medals_won./olympics/olympic_medal_honor/medal,256,26,38,0.660760,0.665812,0.665812,0.005052,0.764502,0.005052,0.000000,neutral,rule_only,True,False,0.694980,0.694980,0.694980,2536,5737,2,0,0,2536,118,2239,179,0,0.046530,0.882886,0.070584,665,5072,5737,2.262224,2.262224,0.339240,39.370250,0.758806,0.756441,,,1.000000,1.000000,1.000000,,,,,,"[0.6,1.0]",Q4
FB15k-237,structural_r2d3,74,/film/film/other_crew./film/film_crew_gig/crewmember,384,37,26,0.149019,0.147941,0.150186,0.001167,0.783376,-0.001078,0.002246,neutral,dependency,True,True,0.160614,0.167726,0.167726,1231,83,2,2,83,1231,132,510,589,0,0.107230,0.414297,0.478473,82,1,83,0.067425,0.067425,0.850981,41.730181,0.868894,1.328821,,,1.097249,,1.135376,,,,,,"[0.0,0.2)",Q1
FB15k-237,structural_r2d3,75,/music/performance_role/track_performances./music/track_contribution/role,3795,39,53,0.223067,0.228340,0.228340,0.005273,2.363952,0.005273,0.000000,neutral,rule_only,True,False,0.143571,0.143571,0.143571,114060,234164,2,0,0,114060,1073,109841,3146,0,0.009407,0.963011,0.027582,6044,228120,234164,2.052990,2.052990,0.776933,73.266731,0.515769,0.322715,,,1.000000,1.000000,1.000000,,,,,,"[0.2,0.4)",Q3
FB15k-237,structural_r2d3,76,/music/record_label/artist,2226,252,266,0.156877,0.152864,0.152864,-0.004014,-2.558509,-0.004014,0.000000,negative,rule_only,True,False,0.186998,0.186998,0.186998,4849,2513,2,0,0,4849,228,2800,1819,2,0.047020,0.577439,0.375129,2066,447,2513,0.518251,0.518251,0.843123,52.164284,0.940506,1.502266,,,1.000000,1.000000,1.000000,,,,,,"[0.0,0.2)",Q2
FB15k-237,structural_r2d3,77,/base/popstra/celebrity/dated./base/popstra/dated/participant,1404,17,11,0.013772,0.013772,0.013772,0.000000,0.000000,0.000000,0.000000,neutral,rule_only,True,False,0.019287,0.019287,0.019287,1603,38,2,0,0,1603,352,279,972,0,0.219588,0.174049,0.606363,31,7,38,0.023706,0.023706,0.986228,46.203030,1.000000,1.000000,,,1.000000,1.000000,1.000000,,,,,,"[0.0,0.2)",Q1
FB15k-237,structural_r2d3,78,/base/locations/continents/countries_within,125,4,5,0.819608,0.820115,0.529417,-0.290191,-35.406029,0.000507,-0.290698,negative,dependency,True,True,0.392954,0.393599,0.393599,1187,4748,2,3,4748,1187,156,875,156,0,0.131424,0.737152,0.131424,2374,2374,4748,4.000000,4.000000,0.180392,42.161977,0.723254,0.695466,,,0.998999,0.998298,1.001248,,,,,,"[0.6,1.0]",Q4
FB15k-237,structural_r2d3,79,/sports/sports_league_draft/picks./sports/sports_league_draft_pick/school,269,26,42,0.217798,0.217805,0.217805,0.000007,0.003029,0.000007,0.000000,neutral,rule_only,True,False,0.251346,0.251346,0.251346,1168,552,2,0,0,1168,68,653,447,0,0.058219,0.559075,0.382705,550,2,552,0.472603,0.472603,0.782202,39.635516,0.866344,0.866112,,,1.000000,1.000000,1.000000,,,,,,"[0.2,0.4)",Q2
FB15k-237,structural_r2d3,80,/sports/sports_team/sport,423,47,53,0.693506,0.698223,0.731074,0.037568,5.417104,0.004717,0.032851,positive,dependency,True,True,0.688030,0.710386,0.710386,405,1383,2,2,1383,405,77,275,52,1,0.190123,0.679012,0.128395,730,653,1383,3.414815,3.414815,0.306494,42.259278,0.649243,0.695781,,,1.031979,,1.035489,,,,,,"[0.6,1.0]",Q4
FB15k-237,structural_r2d3,81,/education/educational_institution_campus/educational_institution,526,13,13,0.000137,0.000137,0.000137,0.000000,0.000000,0.000000,0.000000,neutral,rule_only,False,False,0.000137,,0.000137,1571,0,2,0,0,1571,907,586,76,2,0.577339,0.373011,0.048377,0,0,0,0.000000,0.000000,0.999863,40.499756,1.000000,1.000000,,,,,,,,,,,"[0.0,0.2)",Q1
FB15k-237,structural_r2d3,82,/people/person/religion,1085,125,127,0.316297,0.314909,0.314909,-0.001388,-0.438705,-0.001388,0.000000,negative,rule_only,True,False,0.319674,0.319674,0.319674,1565,2835,2,0,0,1565,245,724,593,3,0.156550,0.462620,0.378914,2775,60,2835,1.811502,1.811502,0.683703,45.257136,0.821817,1.277458,,,1.000000,1.000000,1.000000,,,,,,"[0.2,0.4)",Q3
FB15k-237,structural_r2d3,83,/organization/organization/headquarters./location/mailing_address/citytown,852,44,55,0.227846,0.230953,0.249940,0.022094,9.696878,0.003107,0.018987,positive,dependency,True,True,0.325929,0.328367,0.328367,737,308,2,3,308,737,286,190,261,0,0.388060,0.257802,0.354138,255,53,308,0.417910,0.417910,0.772154,46.578492,1.580805,1.876379,,,1.054639,1.003429,1.041113,,,,,,"[0.2,0.4)",Q2
FB15k-237,structural_r2d3,84,/film/film/produced_by,1285,54,60,0.387985,0.387985,0.387985,0.000000,0.000000,0.000000,0.000000,neutral,rule_only,True,False,0.396212,0.396212,0.396212,2937,6035,2,0,0,2937,738,930,1269,0,0.251277,0.316650,0.432074,5874,161,6035,2.054818,2.054818,0.612015,48.022772,1.000000,1.000000,,,1.000000,1.000000,1.000000,,,,,,"[0.2,0.4)",Q3
FB15k-237,structural_r2d3,85,/people/person/spouse_s./people/marriage/type_of_union,2909,302,346,0.491234,0.491287,0.491287,0.000053,0.010846,0.000053,0.000000,neutral,rule_only,True,False,0.496858,0.496858,0.496858,5859,2547,2,0,0,5859,908,4758,191,2,0.154975,0.812084,0.032599,238,2309,2547,0.434716,0.434716,0.508766,52.042727,0.516439,0.702470,,,1.000000,,1.000000,,,,,,"[0.4,0.6)",Q2
FB15k-237,structural_r2d3,86,/film/film/production_companies,1568,82,84,0.394222,0.394205,0.396128,0.001906,0.483607,-0.000017,0.001923,neutral,dependency,True,True,0.449827,0.453744,0.453744,4321,9330,2,3,9330,4321,585,2462,1271,3,0.135385,0.569776,0.294145,8642,688,9330,2.159222,2.159222,0.605778,53.244183,0.931650,1.431437,,,1.042053,1.029842,1.046392,,,,,,"[0.2,0.4)",Q3
FB15k-237,structural_r2d3,87,/location/country/second_level_divisions,463,32,46,0.646846,0.662283,0.700498,0.053652,8.294353,0.015437,0.038215,positive,dependency,True,True,0.678167,0.709161,0.709161,725,2705,2,3,2705,725,562,90,72,1,0.775172,0.124138,0.099310,1450,1255,2705,3.731034,3.731034,0.353154,42.232580,0.684718,1.161167,,,0.993727,0.999899,0.993363,,,,,,"[0.6,1.0]",Q4
FB15k-237,structural_r2d3,88,/base/culturalevent/event/entity_involved,276,20,20,0.108017,0.123572,0.126113,0.018096,16.752485,0.015555,0.002541,positive,dependency,True,True,0.197579,0.221180,0.221180,237,234,2,3,234,237,103,51,83,0,0.434599,0.215190,0.350211,234,0,234,0.987342,0.987342,0.891983,40.087716,0.818082,0.938321,,,1.003374,1.003343,1.003262,,,,,,"[0.0,0.2)",Q3
FB15k-237,structural_r2d3,89,/education/educational_degree/people_with_this_degree./education/education/institution,2257,244,287,0.406914,0.409416,0.409416,0.002502,0.614898,0.002502,0.000000,neutral,rule_only,True,False,0.381651,0.381651,0.381651,13213,35969,2,0,0,13213,195,11791,1219,8,0.014758,0.892379,0.092258,20660,15309,35969,2.722243,2.722243,0.593086,47.922263,0.638872,0.581829,,,1.000000,1.000000,1.000000,,,,,,"[0.4,0.6)",Q4
FB15k-237,structural_r2d3,90,/film/film/distributors./film/film_film_distributor_relationship/film_distribution_medium,285,21,38,0.550902,0.551137,0.551137,0.000235,0.042648,0.000235,0.000000,neutral,rule_only,True,False,0.574232,0.574232,0.574232,894,2178,2,0,0,894,156,578,159,1,0.174497,0.646532,0.177852,1788,390,2178,2.436242,2.436242,0.449098,38.749751,0.793676,0.805362,,,1.000000,1.000000,1.000000,,,,,,"[0.4,0.6)",Q4
FB15k-237,structural_r2d3,91,/tv/tv_program/tv_producer./tv/tv_producer_term/producer_type,121,15,11,0.684264,0.676744,0.676688,-0.007576,-1.107137,-0.007520,-0.000056,negative,dependency,True,True,0.627648,0.639015,0.639015,228,799,2,2,799,228,85,125,17,1,0.372807,0.548246,0.074561,456,343,799,3.504386,3.504386,0.315736,38.741757,0.839487,0.839691,,,1.003346,,1.003346,,,,,,"[0.6,1.0]",Q4
FB15k-237,structural_r2d3,92,/music/performance_role/regular_performances./music/group_membership/group,1327,105,167,0.431384,0.434879,0.434879,0.003495,0.810233,0.003495,0.000000,neutral,rule_only,True,False,0.450133,0.450133,0.450133,29112,64462,2,0,0,29112,380,26815,1912,5,0.013053,0.921098,0.065677,58224,6238,64462,2.214276,2.214276,0.568616,50.594012,0.771156,0.768828,,,1.000000,1.000000,1.000000,,,,,,"[0.4,0.6)",Q3
FB15k-237,structural_r2d3,93,/government/politician/government_positions_held./government/government_position_held/legislative_sessions,215,18,30,0.734527,0.734527,0.725209,-0.009318,-1.268606,0.000000,-0.009318,negative,dependency,True,True,0.840432,0.846759,0.846759,1832,5759,2,3,5759,1832,38,1566,228,0,0.020742,0.854803,0.124454,2095,3664,5759,3.143559,3.143559,0.265473,38.731682,0.760040,0.746648,,,1.000744,1.000744,1.000744,,,,,,"[0.6,1.0]",Q4
FB15k-237,structural_r2d3,94,/sports/sports_team_location/teams,331,35,53,0.060412,0.061408,0.061408,0.000996,1.649115,0.000996,0.000000,neutral,rule_only,False,False,0.093856,,0.093856,15,0,2,0,0,15,13,0,2,0,0.866667,0.000000,0.133333,0,0,0,0.000000,0.000000,0.939588,38.925210,0.913300,0.888449,,,,,,,,,,,"[0.0,0.2)",Q1
FB15k-237,structural_r2d3,95,/sports/sports_team/colors,689,67,77,0.308285,0.305888,0.305888,-0.002398,-0.777730,-0.002398,0.000000,negative,rule_only,True,False,0.315941,0.315941,0.315941,869,2926,2,0,0,869,63,644,160,2,0.072497,0.741082,0.184120,1343,1583,2926,3.367089,3.367089,0.691715,42.364492,0.737783,0.698250,,,1.000000,1.000000,1.000000,,,,,,"[0.2,0.4)",Q4
FB15k-237,structural_r2d3,96,/sports/professional_sports_team/draft_picks./sports/sports_league_draft_pick/draft,437,48,43,0.619394,0.618812,0.612223,-0.007171,-1.157676,-0.000581,-0.006589,negative,dependency,True,True,0.700372,0.706721,0.706721,1839,6305,2,3,6305,1839,51,1481,307,0,0.027732,0.805329,0.166939,3678,2627,6305,3.428494,3.428494,0.380606,41.860787,0.751087,0.751089,,,1.005230,1.005231,1.005230,,,,,,"[0.6,1.0]",Q4
FB15k-237,structural_r2d3,97,/award/award_nominated_work/award_nominations./award/award_nomination/nominated_for,717,12,16,0.588541,0.588541,0.609225,0.020684,3.514495,0.000000,0.020684,positive,dependency,True,True,0.527566,0.527575,0.527575,4795,19180,2,3,19180,4795,896,2511,1388,0,0.186861,0.523670,0.289468,9590,9590,19180,4.000000,4.000000,0.411459,43.710120,0.964555,0.970638,,,1.036438,1.035710,1.037125,,,,,,"[0.4,0.6)",Q4
FB15k-237,structural_r2d3,98,/baseball/baseball_team/team_stats./baseball/baseball_team_stats/season,233,27,27,0.844691,0.869004,0.869224,0.024533,2.904329,0.024312,0.000220,neutral,dependency,True,True,0.978395,0.981481,0.981481,1334,2629,2,3,2629,1334,11,1168,155,0,0.008246,0.875562,0.116192,588,2041,2629,1.970765,1.970765,0.155309,39.625156,0.726335,0.728285,,,1.000744,1.000744,1.000744,,,,,,"[0.6,1.0]",Q3
FB15k-237,structural_r2d3,99,/user/alexander/philosophy/philosopher/interests,100,14,9,0.254114,0.254114,0.254114,0.000000,0.000000,0.000000,0.000000,neutral,rule_only,True,False,0.280556,0.280556,0.280556,165,118,2,0,0,165,26,60,79,0,0.157576,0.363636,0.478788,114,4,118,0.715152,0.715152,0.745886,38.753700,0.930020,0.924890,,,1.000000,1.000000,1.000000,,,,,,"[0.2,0.4)",Q2
FB15k-237,structural_r2d3,100,/people/person/languages,783,98,98,0.427993,0.422990,0.421955,-0.006038,-1.410758,-0.005003,-0.001035,negative,dependency,True,True,0.414096,0.415764,0.415764,1692,3708,2,3,3708,1692,543,846,302,1,0.320922,0.500000,0.178487,3384,324,3708,2.191489,2.191489,0.572007,45.067234,0.769143,1.272473,,,1.018340,1.009712,1.008785,,,,,,"[0.4,0.6)",Q3
FB15k-237,structural_r2d3,101,/education/educational_institution/students_graduates./education/education/major_field_of_study,2622,276,321,0.236662,0.239517,0.239517,0.002854,1.206072,0.002854,0.000000,neutral,rule_only,True,False,0.227116,0.227116,0.227116,12081,27518,2,0,0,12081,313,9094,2669,5,0.025908,0.752752,0.220925,24162,3356,27518,2.277792,2.277792,0.763338,53.693525,0.757782,0.621994,,,1.000000,1.000000,1.000000,,,,,,"[0.2,0.4)",Q4
FB15k-237,structural_r2d3,102,/film/director/film,859,8,19,0.349018,0.349018,0.349018,0.000000,0.000000,0.000000,0.000000,neutral,rule_only,True,False,0.312793,0.312793,0.312793,1788,3750,2,0,0,1788,530,500,758,0,0.296421,0.279642,0.423937,3576,174,3750,2.097315,2.097315,0.650982,44.300446,1.000000,1.000000,,,1.000000,1.000000,1.000000,,,,,,"[0.2,0.4)",Q3
FB15k-237,structural_r2d3,103,/award/award_ceremony/awards_presented./award/award_honor/honored_for,909,114,121,0.382738,0.388224,0.412970,0.030232,7.898899,0.005486,0.024746,positive,dependency,True,True,0.388298,0.430602,0.430602,2200,1367,2,3,1367,2200,196,745,1259,0,0.089091,0.338636,0.572273,1347,20,1367,0.621364,0.621364,0.617262,56.395256,1.022151,1.639215,,,1.750278,1.579387,1.486648,,,,,,"[0.2,0.4)",Q2
FB15k-237,structural_r2d3,104,/olympics/olympic_sport/athletes./olympics/olympic_athlete_affiliation/olympics,381,8,8,0.846429,0.845313,0.845313,-0.001116,-0.131856,-0.001116,0.000000,negative,rule_only,True,False,0.848958,0.848958,0.848958,5352,12634,2,0,0,5352,105,4877,370,0,0.019619,0.911248,0.069133,1930,10704,12634,2.360613,2.360613,0.153571,40.736654,0.633090,0.584875,,,1.000000,1.000000,1.000000,,,,,,"[0.6,1.0]",Q4
FB15k-237,structural_r2d3,105,/film/film/costume_design_by,192,14,13,0.363245,0.363245,0.363245,0.000000,0.000000,0.000000,0.000000,neutral,rule_only,True,False,0.277938,0.277938,0.277938,518,130,2,0,0,518,81,204,233,0,0.156371,0.393822,0.449807,126,4,130,0.250965,0.250965,0.636755,39.478968,1.000000,1.000000,,,1.000000,,1.000000,,,,,,"[0.2,0.4)",Q2
FB15k-237,structural_r2d3,106,/film/film/featured_film_locations,977,108,100,0.147719,0.148781,0.147641,-0.000078,-0.052902,0.001061,-0.001140,negative,dependency,True,True,0.222848,0.226154,0.226154,2094,1763,2,2,1763,2094,344,972,777,1,0.164279,0.464183,0.371060,693,1070,1763,0.841929,0.841929,0.852281,45.094955,0.875637,1.033074,,,1.028452,,1.037664,,,,,,"[0.0,0.2)",Q3
FB15k-237,structural_r2d3,107,/tv/tv_program/genre,1006,83,94,0.501085,0.505982,0.505982,0.004897,0.977282,0.004897,0.000000,neutral,rule_only,True,False,0.520833,0.520833,0.520833,1586,4277,2,0,0,1586,186,798,601,1,0.117276,0.503153,0.378941,3172,1105,4277,2.696721,2.696721,0.498915,43.134538,0.711764,0.896134,,,1.000000,1.000000,1.000000,,,,,,"[0.4,0.6)",Q4
FB15k-237,structural_r2d3,108,/organization/endowed_organization/endowment./measurement_unit/dated_money_value/currency,456,1,3,0.422665,0.422665,0.422665,0.000000,0.000000,0.000000,0.000000,neutral,rule_only,True,False,0.266667,0.266667,0.266667,910,3596,2,0,0,910,462,361,86,1,0.507692,0.396703,0.094505,1820,1776,3596,3.951648,3.951648,0.577335,38.268442,0.778231,0.778742,,,1.000000,1.000000,1.000000,,,,,,"[0.4,0.6)",Q4
FB15k-237,structural_r2d3,109,/film/film/written_by,787,10,26,0.123972,0.123972,0.113293,-0.010679,-8.614025,0.000000,-0.010679,negative,dependency,True,True,0.284452,0.286118,0.286118,1431,2888,2,3,2888,1431,612,290,529,0,0.427673,0.202655,0.369672,2862,26,2888,2.018169,2.018169,0.876028,43.650939,0.957427,0.967775,,,1.041756,1.031371,1.042010,,,,,,"[0.0,0.2)",Q3
FB15k-237,structural_r2d3,110,/tv/tv_producer/programs_produced./tv/tv_producer_term/producer_type,225,19,22,0.527192,0.531070,0.540437,0.013245,2.512370,0.003877,0.009368,neutral,dependency,True,True,0.596092,0.598358,0.598358,516,1986,2,2,1986,516,143,306,66,1,0.277132,0.593023,0.127907,1032,954,1986,3.848837,3.848837,0.472808,39.540444,0.718328,0.728321,,,1.004298,,1.004299,,,,,,"[0.4,0.6)",Q4
FB15k-237,structural_r2d3,111,/location/hud_county_place/county,305,1,7,0.281559,0.246671,0.246671,-0.034888,-12.390873,-0.034888,0.000000,negative,rule_only,True,False,0.103741,0.103741,0.103741,316,23,2,0,0,316,159,74,83,0,0.503165,0.234177,0.262658,15,8,23,0.072785,0.072785,0.718441,40.135895,1.388692,1.247437,,,1.000000,,1.000000,,,,,,"[0.2,0.4)",Q1
FB15k-237,structural_r2d3,112,/education/educational_degree/people_with_this_degree./education/education/major_field_of_study,494,61,63,0.398266,0.399610,0.399610,0.001344,0.337424,0.001344,0.000000,neutral,rule_only,True,False,0.455187,0.455187,0.455187,4773,4003,2,0,0,4773,60,4421,292,0,0.012571,0.926252,0.061177,1139,2864,4003,0.838676,0.838676,0.601734,40.399501,0.729770,0.742183,,,1.000000,1.000000,1.000000,,,,,,"[0.2,0.4)",Q3
FB15k-237,structural_r2d3,113,/base/schemastaging/organization_extra/phone_number./base/schemastaging/phone_sandbox/contact_category,142,17,20,0.584199,0.584199,0.584199,0.000000,0.000000,0.000000,0.000000,neutral,rule_only,True,False,0.572375,0.572375,0.572375,210,529,2,0,0,210,46,98,66,0,0.219048,0.466667,0.314286,420,109,529,2.519048,2.519048,0.415801,37.722899,1.000000,1.000000,,,1.000000,1.000000,1.000000,,,,,,"[0.4,0.6)",Q4
FB15k-237,structural_r2d3,114,/base/saturdaynightlive/snl_cast_member/seasons./base/saturdaynightlive/snl_season_tenure/cast_members,100,1,3,0.464286,0.464286,0.464286,0.000000,0.000000,0.000000,0.000000,neutral,rule_only,True,False,1.000000,1.000000,1.000000,1045,4180,2,0,0,1045,202,568,275,0,0.193301,0.543541,0.263158,2090,2090,4180,4.000000,4.000000,0.535714,38.040791,1.000000,1.000000,,,1.000000,1.000000,1.000000,,,,,,"[0.4,0.6)",Q4
FB15k-237,structural_r2d3,115,/film/film/film_format,345,37,39,0.459446,0.459702,0.459702,0.000256,0.055803,0.000256,0.000000,neutral,rule_only,True,False,0.465717,0.465717,0.465717,853,3141,2,0,0,853,82,651,118,2,0.096131,0.763189,0.138335,1435,1706,3141,3.682298,3.682298,0.540554,38.775605,0.922052,0.921889,,,1.000000,,1.000000,,,,,,"[0.4,0.6)",Q4
FB15k-237,structural_r2d3,116,/film/film/music,1039,65,92,0.186182,0.196427,0.198346,0.012163,6.533090,0.010245,0.001918,positive,dependency,True,True,0.286440,0.292052,0.292052,2463,1964,2,3,1964,2463,267,1099,1097,0,0.108404,0.446204,0.445392,1953,11,1964,0.797402,0.797402,0.813818,47.760464,1.298325,1.944341,,,1.035301,1.005933,1.026162,,,,,,"[0.0,0.2)",Q2
FB15k-237,structural_r2d3,117,/sports/sports_team/roster./american_football/football_roster_position/position,607,0,3,0.212054,0.212054,0.212054,0.000000,0.000000,0.000000,0.000000,neutral,rule_only,True,False,0.000000,0.000000,0.000000,15718,32450,2,0,0,15718,238,14848,632,0,0.015142,0.944649,0.040209,1014,31436,32450,2.064512,2.064512,0.787946,41.025210,1.000000,1.000000,,,1.000000,1.000000,1.000000,,,,,,"[0.2,0.4)",Q3
FB15k-237,structural_r2d3,118,/user/tsegaran/random/taxonomy_subject/entry./user/tsegaran/random/taxonomy_entry/taxonomy,411,32,50,0.470965,0.470846,0.470932,-0.000033,-0.006976,-0.000119,0.000086,negative,dependency,True,True,0.476490,0.476570,0.476570,1461,4924,2,2,4924,1461,297,1053,110,1,0.203285,0.720739,0.075291,2002,2922,4924,3.370294,3.370294,0.529035,39.375402,0.870760,0.870653,,,1.009189,,1.009189,,,,,,"[0.4,0.6)",Q4
FB15k-237,structural_r2d3,119,/celebrities/celebrity/celebrity_friends./celebrities/friendship/friend,250,1,1,0.061438,0.061473,0.061473,0.000035,0.056654,0.000035,0.000000,neutral,rule_only,True,False,0.125068,0.125068,0.125068,414,47,2,0,0,414,203,41,170,0,0.490338,0.099034,0.410628,47,0,47,0.113527,0.113527,0.938562,39.564901,1.540257,1.440946,,,1.000000,1.000000,1.000000,,,,,,"[0.0,0.2)",Q1
FB15k-237,structural_r2d3,120,/location/hud_foreclosure_area/estimated_number_of_mortgages./measurement_unit/dated_integer/source,788,94,84,0.754341,0.754533,0.766589,0.012248,1.623666,0.000192,0.012056,neutral,dependency,True,True,0.664236,0.669618,0.669618,317,811,2,2,811,317,127,147,42,1,0.400631,0.463722,0.132492,177,634,811,2.558360,2.558360,0.245659,41.948700,0.717708,0.887003,,,1.016024,,1.016233,,,,,,"[0.6,1.0]",Q4
FB15k-237,structural_r2d3,121,/base/x2010fifaworldcupsouthafrica/world_cup_squad/current_world_cup_squad./base/x2010fifaworldcupsouthafrica/current_world_cup_squad/current_club,246,29,29,0.121554,0.119360,0.119360,-0.002194,-1.804633,-0.002194,0.000000,negative,rule_only,True,False,0.142096,0.142096,0.142096,581,2,2,0,0,581,29,345,207,0,0.049914,0.593804,0.356282,2,0,2,0.003442,0.003442,0.878446,39.886487,0.858297,0.940863,,,1.000000,,,,,,,,"[0.0,0.2)",Q1
FB15k-237,structural_r2d3,122,/base/popstra/location/vacationers./base/popstra/vacation_choice/vacationer,349,46,31,0.124488,0.122576,0.121510,-0.002978,-2.392221,-0.001913,-0.001065,negative,dependency,True,True,0.137394,0.138333,0.138333,565,54,2,2,54,565,77,95,393,0,0.136283,0.168142,0.695575,53,1,54,0.095575,0.095575,0.875512,40.068648,0.885450,1.034890,,,1.008267,,1.007772,,,,,,"[0.0,0.2)",Q1
FB15k-237,structural_r2d3,123,/base/popstra/celebrity/canoodled./base/popstra/canoodled/participant,449,3,1,0.006604,0.006604,0.006604,0.000000,0.000000,0.000000,0.000000,neutral,rule_only,True,False,0.000137,0.000137,0.000137,442,8,2,0,0,442,91,86,265,0,0.205882,0.194570,0.599548,4,4,8,0.018100,0.018100,0.993396,39.332821,1.000000,1.000000,,,1.000000,1.000000,1.000000,,,,,,"[0.0,0.2)",Q1
FB15k-237,structural_r2d3,124,/education/educational_institution/school_type,728,75,80,0.351355,0.354968,0.377823,0.026469,7.533402,0.003614,0.022855,positive,dependency,True,True,0.317476,0.324815,0.324815,1034,4136,2,3,4136,1034,112,655,264,3,0.108317,0.633462,0.255319,2068,2068,4136,4.000000,4.000000,0.648645,42.675207,0.712624,0.819811,,,1.005936,1.004080,1.005264,,,,,,"[0.2,0.4)",Q4
FB15k-237,structural_r2d3,125,/sports/sport/pro_athletes./sports/pro_sports_played/athlete,128,19,17,0.640565,0.640565,0.640565,0.000000,0.000000,0.000000,0.000000,neutral,dependency,True,True,0.769882,0.771751,0.771751,105,23,2,2,23,105,22,38,45,0,0.209524,0.361905,0.428571,5,18,23,0.219048,0.219048,0.359435,39.048467,0.941916,0.920826,,,1.003510,,1.004199,,,,,,"[0.6,1.0]",Q2
FB15k-237,structural_r2d3,126,/award/hall_of_fame/inductees./award/hall_of_fame_induction/inductee,154,10,27,0.434100,0.434026,0.434026,-0.000074,-0.017029,-0.000074,0.000000,negative,rule_only,True,False,0.455944,0.455944,0.455944,387,797,2,0,0,387,56,218,113,0,0.144703,0.563307,0.291990,774,23,797,2.059432,2.059432,0.565900,37.906363,0.888965,0.891195,,,1.000000,,1.000000,,,,,,"[0.4,0.6)",Q3
FB15k-237,structural_r2d3,127,/base/biblioness/bibs_location/state,300,7,7,0.617691,0.617691,0.618688,0.000997,0.161397,0.000000,0.000997,neutral,dependency,True,True,0.399622,0.399651,0.399651,460,381,2,3,381,460,244,91,125,0,0.530435,0.197826,0.271739,368,13,381,0.828261,0.828261,0.382309,38.795790,0.981004,0.983240,,,1.013001,1.006203,1.008760,,,,,,"[0.6,1.0]",Q3
FB15k-237,structural_r2d3,128,/education/university/local_tuition./measurement_unit/dated_money_value/currency,360,0,1,0.500068,0.500068,0.500068,0.000000,0.000000,0.000000,0.000000,neutral,rule_only,True,False,0.000000,0.000000,0.000000,781,3124,2,0,0,781,432,279,69,1,0.553137,0.357234,0.088348,1562,1562,3124,4.000000,4.000000,0.499932,38.017770,1.000000,1.000000,,,1.000000,1.000000,1.000000,,,,,,"[0.4,0.6)",Q4
FB15k-237,structural_r2d3,129,/business/business_operation/revenue./measurement_unit/dated_money_value/currency,215,3,1,0.510989,0.510989,0.510989,0.000000,0.000000,0.000000,0.000000,neutral,rule_only,True,False,0.391759,0.391759,0.391759,542,2168,2,0,0,542,374,128,39,1,0.690037,0.236162,0.071956,1084,1084,2168,4.000000,4.000000,0.489011,38.075417,1.000000,1.000000,,,1.000000,1.000000,1.000000,,,,,,"[0.4,0.6)",Q4
FB15k-237,structural_r2d3,130,/sports/sports_position/players./sports/sports_team_roster/team,3500,29,22,0.379659,0.379518,0.382606,0.002947,0.776236,-0.000141,0.003088,neutral,dependency,True,True,0.391646,0.398725,0.398725,19359,39691,2,3,39691,19359,398,17930,1027,4,0.020559,0.926184,0.053050,973,38718,39691,2.050261,2.050261,0.620341,48.214156,0.474550,0.507065,,,1.066976,1.057458,1.058039,,,,,,"[0.2,0.4)",Q3
FB15k-237,structural_r2d3,131,/military/military_conflict/combatants./military/military_combatant_group/combatants,424,32,34,0.342125,0.349308,0.329767,-0.012358,-3.612172,0.007183,-0.019541,negative,dependency,True,True,0.382521,0.382781,0.382781,3558,8805,2,3,8805,3558,190,2668,700,0,0.053401,0.749859,0.196740,7116,1689,8805,2.474705,2.474705,0.657875,41.904735,0.759092,0.700570,,,1.007317,1.007773,1.007357,,,,,,"[0.2,0.4)",Q4
FB15k-237,structural_r2d3,132,/sports/sports_league/teams./sports/sports_league_participation/team,161,14,16,0.603390,0.603390,0.603390,0.000000,0.000000,0.000000,0.000000,neutral,rule_only,True,False,0.513071,0.513071,0.513071,281,990,2,0,0,281,42,182,57,0,0.149466,0.647687,0.202847,562,428,990,3.523132,3.523132,0.396610,38.611294,1.000000,1.000000,,,1.000000,,1.000000,,,,,,"[0.6,1.0]",Q4
FB15k-237,structural_r2d3,133,/base/biblioness/bibs_location/country,610,4,14,0.550693,0.550922,0.550922,0.000229,0.041572,0.000229,0.000000,neutral,rule_only,True,False,0.702381,0.702381,0.702381,1363,3817,2,0,0,1363,966,239,157,1,0.708731,0.175348,0.115187,2726,1091,3817,2.800440,2.800440,0.449307,41.851914,0.682276,0.701467,,,1.000000,1.000000,1.000000,,,,,,"[0.4,0.6)",Q4
FB15k-237,structural_r2d3,134,/music/group_member/membership./music/group_membership/role,750,30,29,0.255637,0.252470,0.252470,-0.003168,-1.239066,-0.003168,0.000000,negative,rule_only,True,False,0.238135,0.238135,0.238135,7056,14518,2,0,0,7056,637,5459,959,1,0.090278,0.773668,0.135913,14112,406,14518,2.057540,2.057540,0.744363,42.363105,0.797276,0.628012,,,1.000000,1.000000,1.000000,,,,,,"[0.2,0.4)",Q3
FB15k-237,structural_r2d3,135,/location/administrative_division/country,386,2,3,0.348553,0.348553,0.348553,0.000000,0.000000,0.000000,0.000000,neutral,rule_only,True,False,0.389740,0.389740,0.389740,850,2412,2,0,0,850,526,184,140,0,0.618824,0.216471,0.164706,1700,712,2412,2.837647,2.837647,0.651447,39.514482,1.000000,1.000000,,,1.000000,1.000000,1.000000,,,,,,"[0.2,0.4)",Q4
FB15k-237,structural_r2d3,136,/film/film/executive_produced_by,662,68,73,0.420567,0.427468,0.428227,0.007660,1.821305,0.006901,0.000759,neutral,dependency,True,True,0.428606,0.428999,0.428999,1396,1075,2,3,1075,1396,364,537,495,0,0.260745,0.384670,0.354585,1067,8,1075,0.770057,0.770057,0.579433,41.995621,0.903186,1.198061,,,1.012105,1.009685,1.012181,,,,,,"[0.4,0.6)",Q2
FB15k-237,structural_r2d3,137,/food/food/nutrients./food/nutrition_fact/nutrient,966,108,105,0.810726,0.822725,0.822725,0.011999,1.480085,0.011999,0.000000,neutral,rule_only,True,False,0.819236,0.819236,0.819236,4407,8819,2,0,0,4407,8,4310,89,0,0.001815,0.977990,0.020195,5,8814,8819,2.001135,2.001135,0.189274,41.280659,0.555884,0.523226,,,1.000000,1.000000,1.000000,,,,,,"[0.6,1.0]",Q3
FB15k-237,structural_r2d3,138,/music/group_member/membership./music/group_membership/group,218,20,22,0.342871,0.341643,0.341643,-0.001227,-0.357898,-0.001227,0.000000,negative,rule_only,True,False,0.217930,0.217930,0.217930,241,87,2,0,0,241,82,73,86,0,0.340249,0.302905,0.356846,85,2,87,0.360996,0.360996,0.657129,39.639683,0.881858,0.992861,,,1.000000,,1.000000,,,,,,"[0.2,0.4)",Q2
FB15k-237,structural_r2d3,139,/location/statistical_region/gdp_nominal_per_capita./measurement_unit/dated_money_value/currency,190,1,3,0.422874,0.422874,0.422874,0.000000,0.000000,0.000000,0.000000,neutral,rule_only,True,False,1.000000,1.000000,1.000000,1211,4844,2,0,0,1211,335,807,68,1,0.276631,0.666391,0.056152,2422,2422,4844,4.000000,4.000000,0.577126,38.043953,0.882416,0.881681,,,1.000000,1.000000,1.000000,,,,,,"[0.4,0.6)",Q4
FB15k-237,structural_r2d3,140,/education/field_of_study/students_majoring./education/education/student,259,31,34,0.158878,0.154870,0.156351,-0.002527,-1.590437,-0.004008,0.001481,negative,dependency,True,True,0.163943,0.168107,0.168107,294,3,2,1,3,294,44,57,193,0,0.149660,0.193878,0.656463,3,0,3,0.010204,0.010204,0.841122,42.165360,0.942345,1.595562,,,,,1.002672,,,,,,"[0.0,0.2)",Q1
FB15k-237,structural_r2d3,141,/award/award_winning_work/awards_won./award/award_honor/honored_for,475,10,10,0.316508,0.316508,0.316508,0.000000,0.000000,0.000000,0.000000,neutral,rule_only,True,False,0.448839,0.448839,0.448839,3513,14052,2,0,0,3513,504,2102,907,0,0.143467,0.598349,0.258184,7026,7026,14052,4.000000,4.000000,0.683492,41.611542,1.000000,1.000000,,,1.000000,1.000000,1.000000,,,,,,"[0.2,0.4)",Q4
FB15k-237,structural_r2d3,142,/sports/sports_team/roster./basketball/basketball_roster_position/position,178,4,2,0.535539,0.535539,0.534722,-0.000817,-0.152555,0.000000,-0.000817,negative,dependency,True,True,0.390625,0.418750,0.418750,559,662,2,3,662,559,26,447,86,0,0.046512,0.799642,0.153846,333,329,662,1.184258,1.184258,0.464461,38.469909,0.736541,0.738179,,,1.027812,1.027525,1.027415,,,,,,"[0.4,0.6)",Q3
FB15k-237,structural_r2d3,143,/organization/organization/headquarters./location/mailing_address/state_province_region,721,40,39,0.546727,0.546727,0.546727,0.000000,0.000000,0.000000,0.000000,neutral,rule_only,True,False,0.578869,0.578869,0.578869,1367,1583,2,0,0,1367,385,508,472,2,0.281639,0.371617,0.345282,1187,396,1583,1.158010,1.158010,0.453273,42.507136,1.000000,1.000000,,,1.000000,1.000000,1.000000,,,,,,"[0.4,0.6)",Q3
FB15k-237,structural_r2d3,144,/base/aareas/schema/administrative_area/capital,137,0,0,0.000000,0.000000,0.000000,0.000000,0.000000,0.000000,0.000000,neutral,rule_only,True,False,0.000000,0.000000,0.000000,67,21,1,0,0,67,67,0,0,0,1.000000,0.000000,0.000000,17,4,21,0.313433,0.313433,1.000000,38.151501,1.000000,,,,1.000000,,,,,,,,"[0.0,0.2)",Q2
FB15k-237,structural_r2d3,145,/tv/tv_producer/programs_produced./tv/tv_producer_term/program,416,5,4,0.336699,0.326282,0.326282,-0.010417,-3.093764,-0.010417,0.000000,negative,rule_only,True,False,0.301425,0.301425,0.301425,840,2335,2,0,0,840,366,286,188,0,0.435714,0.340476,0.223810,1680,655,2335,2.779762,2.779762,0.663301,39.804660,0.752623,0.791610,,,1.000000,1.000000,1.000000,,,,,,"[0.2,0.4)",Q4
FB15k-237,structural_r2d3,146,/education/educational_institution/campuses,533,13,13,0.000137,0.000137,0.000137,0.000000,0.000000,0.000000,0.000000,neutral,rule_only,False,False,0.000137,,0.000137,1544,0,2,0,0,1544,874,592,76,2,0.566062,0.383420,0.049223,0,0,0,0.000000,0.000000,0.999863,39.437033,1.000000,1.000000,,,,,,,,,,,"[0.0,0.2)",Q1
FB15k-237,structural_r2d3,147,/film/film/distributors./film/film_film_distributor_relationship/region,157,11,10,0.564971,0.561878,0.645238,0.080267,14.207265,-0.003093,0.083360,positive,dependency,True,True,0.521609,0.576767,0.576767,916,1814,2,3,1814,916,160,624,131,1,0.174672,0.681223,0.143013,1474,340,1814,1.980349,1.980349,0.435029,39.550940,0.776900,0.812290,,,1.033335,1.035335,1.042306,,,,,,"[0.4,0.6)",Q3
FB15k-237,structural_r2d3,148,/travel/travel_destination/climate./travel/travel_destination_monthly_climate/month,535,57,60,0.954861,0.954861,0.954861,0.000000,0.000000,0.000000,0.000000,neutral,rule_only,True,False,0.967836,0.967836,0.967836,5149,14745,2,0,0,5149,64,4455,630,0,0.012430,0.865217,0.122354,4447,10298,14745,2.863663,2.863663,0.045139,39.464328,1.000000,1.000000,,,1.000000,1.000000,1.000000,,,,,,"[0.6,1.0]",Q4
FB15k-237,structural_r2d3,149,/medicine/disease/notable_people_with_this_condition,121,9,15,0.337043,0.338948,0.338948,0.001905,0.565137,0.001905,0.000000,neutral,dependency,True,True,0.280308,0.282761,0.282761,142,5,2,1,5,142,10,28,104,0,0.070423,0.197183,0.732394,5,0,5,0.035211,0.035211,0.662957,38.332470,0.968040,1.292359,,,,,1.004648,,,,,,"[0.2,0.4)",Q1
FB15k-237,structural_r2d3,150,/base/schemastaging/organization_extra/phone_number./base/schemastaging/phone_sandbox/service_location,345,31,38,0.445351,0.448796,0.448796,0.003445,0.773645,0.003445,0.000000,neutral,rule_only,True,False,0.444654,0.444654,0.444654,3816,8094,2,0,0,3816,366,2771,678,1,0.095912,0.726153,0.177673,7632,462,8094,2.121069,2.121069,0.554649,41.338522,0.761668,0.708059,,,1.000000,1.000000,1.000000,,,,,,"[0.4,0.6)",Q3
FB15k-237,structural_r2d3,151,/people/ethnicity/geographic_distribution,122,14,17,0.393870,0.390799,0.416203,0.022333,5.670106,-0.003071,0.025404,positive,dependency,True,True,0.395201,0.403040,0.403040,1609,3404,2,3,3404,1609,109,1264,236,0,0.067744,0.785581,0.146675,2496,908,3404,2.115600,2.115600,0.606130,39.321080,0.803383,0.695822,,,1.001551,1.001589,1.001541,,,,,,"[0.2,0.4)",Q3
FB15k-237,structural_r2d3,152,/military/military_combatant/military_conflicts./military/military_combatant_group/combatants,747,15,17,0.260356,0.273106,0.294319,0.033964,13.045168,0.012750,0.021214,positive,dependency,True,True,0.273417,0.360003,0.360003,28658,80136,2,3,80136,28658,847,24701,3110,0,0.029555,0.861923,0.108521,37586,42550,80136,2.796287,2.796287,0.739644,51.201005,0.668199,0.542215,,,1.003105,1.002280,1.001339,,,,,,"[0.2,0.4)",Q4
FB15k-237,structural_r2d3,153,/film/film/personal_appearances./film/personal_film_appearance/person,217,18,11,0.179935,0.179935,0.179935,0.000000,0.000000,0.000000,0.000000,neutral,rule_only,True,False,0.341886,0.341886,0.341886,377,311,2,0,0,377,64,131,182,0,0.169761,0.347480,0.482759,25,286,311,0.824934,0.824934,0.820065,38.690883,0.891716,0.915206,,,1.000000,,1.000000,,,,,,"[0.0,0.2)",Q3
FB15k-237,structural_r2d3,154,/location/location/time_zones,1151,129,137,0.548013,0.551974,0.550086,0.002074,0.378377,0.003961,-0.001887,neutral,dependency,True,True,0.583622,0.588017,0.588017,1826,5286,2,3,5286,1826,391,1019,412,4,0.214129,0.558050,0.225630,3652,1634,5286,2.894852,2.894852,0.451987,44.360349,0.667449,0.684215,,,1.002470,1.002421,1.002459,,,,,,"[0.4,0.6)",Q4
FB15k-237,structural_r2d3,155,/film/film/story_by,394,14,31,0.411258,0.411258,0.401473,-0.009785,-2.379323,0.000000,-0.009785,negative,dependency,True,True,0.267240,0.271097,0.271097,517,571,2,3,571,517,225,138,154,0,0.435203,0.266925,0.297872,558,13,571,1.104449,1.104449,0.588742,42.587940,0.941217,0.961227,,,1.054658,1.024031,1.062073,,,,,,"[0.4,0.6)",Q3
FB15k-237,structural_r2d3,156,/base/petbreeds/city_with_dogs/top_breeds./base/petbreeds/dog_city_relationship/dog_breed,192,22,21,0.853175,0.853175,0.853175,0.000000,0.000000,0.000000,0.000000,neutral,rule_only,True,False,0.859848,0.859848,0.859848,494,1128,2,0,0,494,36,283,175,0,0.072874,0.572874,0.354251,988,140,1128,2.283401,2.283401,0.146825,37.816640,1.000000,1.000000,,,1.000000,1.000000,1.000000,,,,,,"[0.6,1.0]",Q4
FB15k-237,structural_r2d3,157,/olympics/olympic_games/participating_countries,490,23,23,0.458732,0.389300,0.389300,-0.069431,-15.135515,-0.069431,0.000000,negative,rule_only,True,False,0.457243,0.457243,0.457243,8960,35840,2,0,0,8960,391,7732,836,1,0.043638,0.862946,0.093304,17920,17920,35840,4.000000,4.000000,0.541268,42.690622,0.759851,0.741720,,,1.000000,1.000000,1.000000,,,,,,"[0.4,0.6)",Q4
FB15k-237,structural_r2d3,158,/tv/tv_network/programs./tv/tv_network_duration/program,305,27,26,0.190744,0.190879,0.164210,-0.026534,-13.910943,0.000135,-0.026669,negative,dependency,True,True,0.186417,0.202070,0.202070,369,564,2,3,564,369,77,138,154,0,0.208672,0.373984,0.417344,503,61,564,1.528455,1.528455,0.809256,40.032632,0.827797,0.913671,,,1.072589,1.057639,1.075428,,,,,,"[0.0,0.2)",Q3
FB15k-237,structural_r2d3,159,/people/person/employment_history./business/employment_tenure/company,316,21,24,0.094256,0.106179,0.104440,0.010184,10.804679,0.011923,-0.001739,positive,dependency,True,True,0.190583,0.192420,0.192420,289,112,2,3,112,289,116,64,109,0,0.401384,0.221453,0.377163,111,1,112,0.387543,0.387543,0.905744,39.996678,1.141381,1.232348,,,1.006148,1.004046,1.000461,,,,,,"[0.0,0.2)",Q2
FB15k-237,structural_r2d3,160,/music/artist/origin,552,23,34,0.159664,0.159664,0.158658,-0.001007,-0.630505,0.000000,-0.001007,negative,dependency,True,True,0.227964,0.229867,0.229867,541,46,2,2,46,541,112,202,227,0,0.207024,0.373383,0.419593,42,4,46,0.085028,0.085028,0.840336,40.852622,0.958106,0.960251,,,1.041202,,1.044088,,,,,,"[0.0,0.2)",Q1
FB15k-237,structural_r2d3,161,/people/marriage_union_type/unions_of_this_type./people/marriage/location_of_ceremony,417,58,53,0.586429,0.581704,0.581704,-0.004724,-0.805596,-0.004724,0.000000,negative,rule_only,True,False,0.546009,0.546009,0.546009,1235,3913,2,0,0,1235,378,763,93,1,0.306073,0.617814,0.075304,2470,1443,3913,3.168421,3.168421,0.413571,39.428257,0.849307,0.885941,,,1.000000,,1.000000,,,,,,"[0.4,0.6)",Q4
FB15k-237,structural_r2d3,162,/tv/tv_writer/tv_programs./tv/tv_program_writer_relationship/tv_program,271,6,9,0.251112,0.251193,0.251193,0.000082,0.032505,0.000082,0.000000,neutral,rule_only,True,False,0.275251,0.275251,0.275251,903,2064,2,0,0,903,284,453,166,0,0.314507,0.501661,0.183832,1640,424,2064,2.285714,2.285714,0.748888,39.575974,0.769782,0.717350,,,1.000000,1.000000,1.000000,,,,,,"[0.2,0.4)",Q4
FB15k-237,structural_r2d3,163,/time/event/locations,363,32,34,0.178773,0.177453,0.177453,-0.001320,-0.738452,-0.001320,0.000000,negative,rule_only,True,False,0.204696,0.204696,0.204696,981,374,2,0,0,981,138,387,456,0,0.140673,0.394495,0.464832,355,19,374,0.381244,0.381244,0.821227,40.418243,0.828344,0.971163,,,1.000000,1.000000,1.000000,,,,,,"[0.0,0.2)",Q2
FB15k-237,structural_r2d3,164,/celebrities/celebrity/sexual_relationships./celebrities/romantic_relationship/celebrity,236,0,0,0.000000,0.000000,0.000000,0.000000,0.000000,0.000000,0.000000,neutral,rule_only,True,False,0.000000,0.000000,0.000000,131,16,2,0,0,131,29,24,78,0,0.221374,0.183206,0.595420,14,2,16,0.122137,0.122137,1.000000,37.978461,1.000000,1.000000,,,1.000000,,1.000000,,,,,,"[0.0,0.2)",Q1
FB15k-237,structural_r2d3,165,/government/political_party/politicians_in_this_party./government/political_party_tenure/politician,107,10,11,0.394219,0.394219,0.394950,0.000731,0.185452,0.000000,0.000731,neutral,dependency,True,True,0.349386,0.353243,0.353243,143,55,2,2,55,143,30,49,64,0,0.209790,0.342657,0.447552,42,13,55,0.384615,0.384615,0.605781,38.525116,0.965417,0.968658,,,1.035074,,1.036626,,,,,,"[0.2,0.4)",Q2
FB15k-237,structural_r2d3,166,/education/university/domestic_tuition./measurement_unit/dated_money_value/currency,476,0,5,0.384796,0.384796,0.384796,0.000000,0.000000,0.000000,0.000000,neutral,rule_only,True,False,0.000000,0.000000,0.000000,928,3712,2,0,0,928,480,359,88,1,0.517241,0.386853,0.094828,1856,1856,3712,4.000000,4.000000,0.615204,37.634606,1.000000,1.000000,,,1.000000,1.000000,1.000000,,,,,,"[0.2,0.4)",Q4
FB15k-237,structural_r2d3,167,/organization/non_profit_organization/registered_with./organization/non_profit_registration/registering_agency,125,15,22,0.774937,0.790113,0.735776,-0.039162,-5.053506,0.015176,-0.054337,negative,dependency,True,True,0.691599,0.736139,0.736139,207,828,2,2,828,207,80,93,33,1,0.386473,0.449275,0.159420,414,414,828,4.000000,4.000000,0.225063,38.447836,0.941162,0.941190,,,1.017866,,1.017866,,,,,,"[0.6,1.0]",Q4
FB15k-237,structural_r2d3,168,/user/ktrueman/default_domain/international_organization/member_states,179,15,24,0.588157,0.590068,0.590068,0.001911,0.324928,0.001911,0.000000,neutral,rule_only,True,False,0.558635,0.558635,0.558635,2823,9630,2,0,0,2823,185,2424,213,1,0.065533,0.858661,0.075452,3984,5646,9630,3.411265,3.411265,0.411843,40.177399,0.627136,0.583740,,,1.000000,1.000000,1.000000,,,,,,"[0.4,0.6)",Q4
FB15k-237,structural_r2d3,169,/american_football/football_team/current_roster./sports/sports_team_roster/position,573,1,0,0.000000,0.000000,0.000000,0.000000,0.000000,0.000000,0.000000,neutral,dependency,True,True,0.081044,0.092262,0.092262,15331,31885,2,3,31885,15331,240,14455,636,0,0.015655,0.942861,0.041485,1223,30662,31885,2.079773,2.079773,1.000000,41.362331,0.658952,0.637867,,,1.013677,1.013840,1.013707,,,,,,"[0.0,0.2)",Q3
FB15k-237,structural_r2d3,170,/soccer/football_player/current_team./sports/sports_team_roster/team,536,7,9,0.047945,0.046726,0.046726,-0.001219,-2.541576,-0.001219,0.000000,negative,rule_only,True,False,0.054138,0.054138,0.054138,1213,47,2,0,0,1213,55,737,421,0,0.045342,0.607585,0.347073,43,4,47,0.038747,0.038747,0.952055,39.450398,1.124203,1.252863,,,1.000000,1.000000,1.000000,,,,,,"[0.0,0.2)",Q1
FB15k-237,structural_r2d3,171,/olympics/olympic_games/medals_awarded./olympics/olympic_medal_honor/medal,101,12,16,1.000000,1.000000,1.000000,0.000000,0.000000,0.000000,0.000000,neutral,rule_only,True,False,1.000000,1.000000,1.000000,772,1546,2,0,0,772,44,704,24,0,0.056995,0.911917,0.031088,2,1544,1546,2.002591,2.002591,0.000000,37.645898,1.000000,1.000000,,,1.000000,1.000000,1.000000,,,,,,"[0.6,1.0]",Q3
FB15k-237,structural_r2d3,172,/award/ranked_item/appears_in_ranked_lists./award/ranking/list,335,43,48,0.613103,0.621792,0.621792,0.008689,1.417285,0.008689,0.000000,neutral,rule_only,True,False,0.563551,0.563551,0.563551,684,1601,2,0,0,684,124,391,168,1,0.181287,0.571637,0.245614,1368,233,1601,2.340643,2.340643,0.386897,36.960727,0.819201,0.819422,,,1.000000,1.000000,1.000000,,,,,,"[0.6,1.0]",Q4
FB15k-237,structural_r2d3,173,/film/film_set_designer/film_sets_designed,113,8,8,0.230477,0.230134,0.197280,-0.033198,-14.403852,-0.000343,-0.032854,negative,dependency,True,True,0.379590,0.467428,0.467428,360,646,2,3,646,360,115,84,161,0,0.319444,0.233333,0.447222,645,1,646,1.794444,1.794444,0.769523,37.839280,0.850757,1.003244,,,1.115258,1.111390,1.106370,,,,,,"[0.2,0.4)",Q3
FB15k-237,structural_r2d3,174,/user/jg/default_domain/olympic_games/sports,581,7,11,0.240422,0.271374,0.271374,0.030952,12.874182,0.030952,0.000000,positive,rule_only,True,False,0.399490,0.399490,0.399490,8371,18285,2,0,0,8371,100,7827,444,0,0.011946,0.935014,0.053040,1543,16742,18285,2.184327,2.184327,0.759578,38.736842,0.566415,0.526705,,,1.000000,1.000000,1.000000,,,,,,"[0.2,0.4)",Q3
FB15k-237,structural_r2d3,175,/people/person/sibling_s./people/sibling_relationship/sibling,131,5,7,0.466450,0.466450,0.466450,0.000000,0.000000,0.000000,0.000000,neutral,rule_only,True,False,0.371135,0.371135,0.371135,61,27,1,0,0,61,61,0,0,0,1.000000,0.000000,0.000000,27,0,27,0.442623,0.442623,0.533550,36.397447,1.000000,,,,1.000000,,,,,,,,"[0.4,0.6)",Q2
FB15k-237,structural_r2d3,176,/base/marchmadness/ncaa_basketball_tournament/seeds./base/marchmadness/ncaa_tournament_seed/team,352,33,41,0.427135,0.428268,0.429378,0.002242,0.524969,0.001132,0.001110,neutral,dependency,True,True,0.450729,0.460029,0.460029,1522,3362,2,3,3362,1522,10,1282,230,0,0.006570,0.842313,0.151117,318,3044,3362,2.208936,2.208936,0.572865,37.607809,0.676449,0.661995,,,1.002275,1.002467,1.002461,,,,,,"[0.4,0.6)",Q3
FB15k-237,structural_r2d3,177,/music/artist/contribution./music/recording_contribution/performance_role,218,9,14,0.200585,0.200585,0.200585,0.000000,0.000000,0.000000,0.000000,neutral,rule_only,True,False,0.284426,0.284426,0.284426,1342,2679,2,0,0,1342,335,779,228,0,0.249627,0.580477,0.169896,2667,12,2679,1.996274,1.996274,0.799415,37.606887,0.869955,0.847642,,,1.000000,1.000000,1.000000,,,,,,"[0.2,0.4)",Q3
FB15k-237,structural_r2d3,178,/sports/sports_position/players./sports/sports_team_roster/position,125,0,0,0.000000,0.000000,0.000000,0.000000,0.000000,0.000000,0.000000,neutral,rule_only,True,False,0.000000,0.000000,0.000000,3262,7677,2,0,0,3262,304,2762,196,0,0.093194,0.846720,0.060086,1153,6524,7677,2.353464,2.353464,1.000000,36.481911,1.000000,1.000000,,,1.000000,1.000000,1.000000,,,,,,"[0.0,0.2)",Q4
FB15k-237,structural_r2d3,179,/government/politician/government_positions_held./government/government_position_held/basic_title,114,6,16,0.543978,0.575453,0.575453,0.031475,5.786157,0.031475,0.000000,positive,rule_only,True,False,0.216998,0.216998,0.216998,229,306,2,0,0,229,51,80,98,0,0.222707,0.349345,0.427948,296,10,306,1.336245,1.336245,0.456022,36.811846,0.769277,0.838849,,,1.000000,1.000000,1.000000,,,,,,"[0.4,0.6)",Q3
FB15k-237,structural_r2d3,180,/sports/sports_position/players./american_football/football_historical_roster_position/position_s,102,0,0,0.000000,0.000000,0.000000,0.000000,0.000000,0.000000,0.000000,neutral,rule_only,True,False,0.000000,0.000000,0.000000,2712,6452,2,0,0,2712,236,2268,208,0,0.087021,0.836283,0.076696,1028,5424,6452,2.379056,2.379056,1.000000,36.385113,1.000000,1.000000,,,1.000000,1.000000,1.000000,,,,,,"[0.0,0.2)",Q4
FB15k-237,structural_r2d3,181,/people/profession/specialization_of,102,10,13,0.087801,0.087481,0.087481,-0.000321,-0.365043,-0.000321,0.000000,negative,rule_only,False,False,0.143559,,0.143559,16,0,2,0,0,16,9,2,5,0,0.562500,0.125000,0.312500,0,0,0,0.000000,0.000000,0.912199,36.126206,1.000000,1.000000,,,,,,,,,,,"[0.0,0.2)",Q1
FB15k-237,structural_r2d3,182,/award/award_category/category_of,148,13,20,0.750017,0.750017,0.750017,0.000000,0.000000,0.000000,0.000000,neutral,rule_only,True,False,0.923082,0.923082,0.923082,509,1088,2,0,0,509,42,447,20,0,0.082515,0.878193,0.039293,70,1018,1088,2.137525,2.137525,0.249983,36.477656,1.000000,1.000000,,,1.000000,,1.000000,,,,,,"[0.6,1.0]",Q3
FB15k-237,structural_r2d3,183,/film/film/cinematography,336,20,17,0.339533,0.339743,0.339136,-0.000397,-0.116876,0.000210,-0.000607,negative,dependency,True,True,0.228749,0.232002,0.232002,797,177,2,2,177,797,121,220,456,0,0.151819,0.276035,0.572146,167,10,177,0.222083,0.222083,0.660467,38.839921,1.102596,1.545949,,,1.014273,,1.012132,,,,,,"[0.2,0.4)",Q2
FB15k-237,structural_r2d3,184,/film/film/film_production_design_by,158,14,10,0.373635,0.373635,0.373739,0.000104,0.027879,0.000000,0.000104,neutral,dependency,True,True,0.273080,0.273922,0.273922,504,356,2,2,356,504,126,144,234,0,0.250000,0.285714,0.464286,355,1,356,0.706349,0.706349,0.626365,37.391146,0.864402,0.982053,,,1.016546,,1.019080,,,,,,"[0.2,0.4)",Q2
FB15k-237,structural_r2d3,185,/tv/tv_program/country_of_origin,268,22,32,0.555608,0.547934,0.556714,0.001106,0.199072,-0.007674,0.008780,neutral,dependency,True,True,0.721167,0.745342,0.745342,635,1981,2,3,1981,635,374,195,65,1,0.588976,0.307087,0.102362,1270,711,1981,3.119685,3.119685,0.444392,38.391928,0.680602,0.731759,,,1.016088,1.011710,1.016343,,,,,,"[0.4,0.6)",Q4
FB15k-237,structural_r2d3,186,/film/film/edited_by,179,8,13,0.400764,0.404025,0.404025,0.003261,0.813607,0.003261,0.000000,neutral,rule_only,True,False,0.354807,0.354807,0.354807,636,693,2,0,0,636,158,219,259,0,0.248428,0.344340,0.407233,670,23,693,1.089623,1.089623,0.599236,37.579896,0.817529,1.035233,,,1.000000,1.000000,1.000000,,,,,,"[0.4,0.6)",Q3
FB15k-237,structural_r2d3,187,/tv/tv_personality/tv_regular_appearances./tv/tv_regular_personal_appearance/program,103,9,11,0.449993,0.447223,0.457771,0.007778,1.728474,-0.002769,0.010547,neutral,dependency,True,True,0.425865,0.427836,0.427836,375,983,2,2,983,375,150,123,102,0,0.400000,0.328000,0.272000,233,750,983,2.621333,2.621333,0.550007,37.593459,0.806734,0.925280,,,1.063338,,1.058291,,,,,,"[0.4,0.6)",Q4
FB15k-237,structural_r2d3,188,/education/field_of_study/students_majoring./education/education/major_field_of_study,343,7,11,0.231113,0.231744,0.254608,0.023496,10.166325,0.000631,0.022864,positive,dependency,True,True,0.226552,0.377044,0.377044,1166,1536,2,3,1536,1166,65,852,249,0,0.055746,0.730703,0.213551,1433,103,1536,1.317324,1.317324,0.768887,37.856958,0.844860,0.841603,,,1.010641,1.009009,1.013233,,,,,,"[0.2,0.4)",Q3
FB15k-237,structural_r2d3,189,/education/educational_degree/people_with_this_degree./education/education/student,260,35,27,0.343743,0.343743,0.343743,0.000000,0.000000,0.000000,0.000000,neutral,rule_only,True,False,0.314731,0.314731,0.314731,389,49,2,0,0,389,63,110,216,0,0.161954,0.282776,0.555270,44,5,49,0.125964,0.125964,0.656257,37.085004,1.000000,1.000000,,,1.000000,1.000000,1.000000,,,,,,"[0.2,0.4)",Q1
FB15k-237,structural_r2d3,190,/location/us_county/county_seat,181,1,2,0.000137,0.000137,0.000137,0.000000,0.000000,0.000000,0.000000,neutral,rule_only,True,False,0.000137,0.000137,0.000137,183,6,2,0,0,183,117,26,40,0,0.639344,0.142077,0.218579,3,3,6,0.032787,0.032787,0.999863,36.714672,1.000000,1.000000,,,1.000000,,,,,,,,"[0.0,0.2)",Q1
FB15k-237,structural_r2d3,191,/film/film/film_festivals,264,16,18,0.198953,0.198953,0.205026,0.006073,3.052272,0.000000,0.006073,positive,dependency,True,True,0.185254,0.197031,0.197031,827,157,2,2,157,827,63,426,338,0,0.076179,0.515115,0.408706,155,2,157,0.189843,0.189843,0.801047,37.793531,0.950161,0.951356,,,1.035836,,1.072815,,,,,,"[0.0,0.2)",Q2
FB15k-237,structural_r2d3,192,/people/person/spouse_s./people/marriage/spouse,427,6,4,0.000103,0.000103,0.000103,0.000000,0.000000,0.000000,0.000000,neutral,rule_only,True,False,0.012796,0.012796,0.012796,50,7,1,0,0,50,50,0,0,0,1.000000,0.000000,0.000000,3,4,7,0.140000,0.140000,0.999897,37.015949,1.000000,,,,1.000000,,,,,,,,"[0.0,0.2)",Q1
FB15k-237,structural_r2d3,193,/film/film/runtime./film/film_cut/film_release_region,187,4,9,0.119407,0.117042,0.117468,-0.001939,-1.624078,-0.002366,0.000426,negative,dependency,True,True,0.323025,0.323680,0.323680,587,166,2,2,166,587,249,194,144,0,0.424191,0.330494,0.245315,78,88,166,0.282794,0.282794,0.880593,37.395989,0.832272,1.217971,,,1.009970,,1.011430,,,,,,"[0.0,0.2)",Q2
FB15k-237,structural_r2d3,194,/location/capital_of_administrative_division/capital_of./location/administrative_division_capital_relationship/administrative_division,296,0,0,0.000000,0.000000,0.000000,0.000000,0.000000,0.000000,0.000000,neutral,rule_only,True,False,0.000000,0.000000,0.000000,101,19,1,0,0,101,101,0,0,0,1.000000,0.000000,0.000000,5,14,19,0.188119,0.188119,1.000000,37.266475,1.000000,,,,1.000000,,,,,,,,"[0.0,0.2)",Q2
FB15k-237,structural_r2d3,195,/base/aareas/schema/administrative_area/administrative_area_type,156,15,20,0.805060,0.806250,0.806250,0.001190,0.147875,0.001190,0.000000,neutral,rule_only,True,False,0.809722,0.809722,0.809722,939,1961,2,0,0,939,91,786,61,1,0.096912,0.837061,0.064963,83,1878,1961,2.088392,2.088392,0.194940,36.494948,0.881548,0.881554,,,1.000000,,1.000000,,,,,,"[0.6,1.0]",Q3
FB15k-237,structural_r2d3,196,/influence/influence_node/peers./influence/peer_relationship/peers,166,0,2,0.000069,0.000069,0.000069,0.000000,0.000000,0.000000,0.000000,neutral,rule_only,True,False,0.000000,0.000000,0.000000,33,1,1,0,0,33,33,0,0,0,1.000000,0.000000,0.000000,1,0,1,0.030303,0.030303,0.999931,36.333356,1.000000,,,,1.000000,,,,,,,,"[0.0,0.2)",Q1
FB15k-237,structural_r2d3,197,/government/governmental_body/members./government/government_position_held/legislative_sessions,101,8,12,0.979167,0.979167,0.979167,0.000000,0.000000,0.000000,0.000000,neutral,rule_only,True,False,1.000000,1.000000,1.000000,352,704,2,0,0,352,10,328,14,0,0.028409,0.931818,0.039773,0,704,704,2.000000,2.000000,0.020833,36.376018,0.725762,0.709771,,,,,1.000000,,,,,,"[0.6,1.0]",Q3
FB15k-237,structural_r2d3,198,/base/schemastaging/organization_extra/phone_number./base/schemastaging/phone_sandbox/service_language,208,15,21,0.660704,0.660704,0.674529,0.013825,2.092488,0.000000,0.013825,neutral,dependency,True,True,0.613810,0.700726,0.700726,460,1183,2,3,1183,460,132,190,137,1,0.286957,0.413043,0.297826,920,263,1183,2.571739,2.571739,0.339296,38.088406,0.944728,0.966930,,,1.063420,1.053656,1.055992,,,,,,"[0.6,1.0]",Q4
FB15k-237,structural_r2d3,199,/organization/organization/place_founded,104,13,16,0.093596,0.093968,0.093968,0.000372,0.397480,0.000372,0.000000,neutral,rule_only,True,False,0.034034,0.034034,0.034034,32,3,2,0,0,32,16,4,12,0,0.500000,0.125000,0.375000,3,0,3,0.093750,0.093750,0.906404,36.689873,1.165236,1.422874,,,,,1.000000,,,,,,"[0.0,0.2)",Q1
FB15k-237,structural_r2d3,200,/base/eating/practicer_of_diet/diet,137,17,11,0.416691,0.416691,0.416691,0.000000,0.000000,0.000000,0.000000,neutral,rule_only,True,False,0.464544,0.464544,0.464544,292,89,2,0,0,292,49,137,105,1,0.167808,0.469178,0.359589,84,5,89,0.304795,0.304795,0.583309,36.344680,0.924015,0.924977,,,,1.000000,1.000000,,,,,,"[0.4,0.6)",Q2
FB15k-237,structural_r2d3,201,/tv/tv_program/program_creator,144,3,2,0.000137,0.000137,0.000137,0.000000,0.000000,0.000000,0.000000,neutral,dependency,True,True,0.333995,0.336895,0.336895,170,38,1,1,38,170,170,0,0,0,1.000000,0.000000,0.000000,31,7,38,0.223529,0.223529,0.999863,36.859695,0.911696,,,,1.021701,,,,,,,,"[0.0,0.2)",Q2
FB15k-237,structural_r2d3,202,/people/deceased_person/place_of_burial,142,15,9,0.235976,0.235969,0.235993,0.000017,0.007148,-0.000006,0.000023,neutral,dependency,True,True,0.234897,0.240450,0.240450,150,9,2,2,9,150,18,39,93,0,0.120000,0.260000,0.620000,9,0,9,0.060000,0.060000,0.764024,37.159961,0.879927,1.039128,,,,1.011275,1.011280,,,,,,"[0.2,0.4)",Q1
FB15k-237,structural_r2d3,203,/film/film/release_date_s./film/film_regional_release_date/film_regional_debut_venue,246,16,20,0.258194,0.258194,0.263772,0.005579,2.160616,0.000000,0.005579,neutral,dependency,True,True,0.194142,0.195954,0.195954,762,891,2,3,891,762,51,506,205,0,0.066929,0.664042,0.269029,249,642,891,1.169291,1.169291,0.741806,37.095267,0.974591,0.975869,,,1.019597,1.020851,1.024130,,,,,,"[0.2,0.4)",Q3
FB15k-237,structural_r2d3,204,/ice_hockey/hockey_team/current_roster./sports/sports_team_roster/position,121,3,4,0.587996,0.587996,0.587996,0.000000,0.000000,0.000000,0.000000,neutral,rule_only,True,False,0.701229,0.701229,0.701229,89,140,2,0,0,89,20,46,23,0,0.224719,0.516854,0.258427,36,104,140,1.573034,1.573034,0.412004,36.145691,0.776755,0.781379,,,1.000000,1.000000,1.000000,,,,,,"[0.4,0.6)",Q3
FB15k-237,structural_r2d3,205,/location/administrative_division/first_level_division_of,141,0,0,0.000000,0.000000,0.000000,0.000000,0.000000,0.000000,0.000000,neutral,rule_only,True,False,0.000000,0.000000,0.000000,498,1864,2,0,0,498,289,141,68,0,0.580321,0.283133,0.136546,996,868,1864,3.742972,3.742972,1.000000,36.166596,1.000000,1.000000,,,1.000000,1.000000,1.000000,,,,,,"[0.0,0.2)",Q4
FB15k-237,structural_r2d3,206,/location/statistical_region/gdp_real./measurement_unit/adjusted_money_value/adjustment_currency,160,0,0,0.000000,0.000000,0.000000,0.000000,0.000000,0.000000,0.000000,neutral,rule_only,True,False,0.000000,0.000000,0.000000,1140,4560,2,0,0,1140,294,787,58,1,0.257895,0.690351,0.050877,2280,2280,4560,4.000000,4.000000,1.000000,36.230471,1.000000,1.000000,,,1.000000,1.000000,1.000000,,,,,,"[0.0,0.2)",Q4
FB15k-237,structural_r2d3,207,/organization/organization/child./organization/organization_relationship/child,191,20,20,0.228578,0.228578,0.228578,0.000000,0.000000,0.000000,0.000000,neutral,dependency,True,True,0.092739,0.093803,0.093803,149,31,2,3,31,149,55,28,66,0,0.369128,0.187919,0.442953,31,0,31,0.208054,0.208054,0.771422,37.130869,0.987315,1.002545,,,1.011945,1.010494,1.011811,,,,,,"[0.2,0.4)",Q2
FB15k-237,structural_r2d3,208,/business/business_operation/assets./measurement_unit/dated_money_value/currency,181,1,0,0.000000,0.000000,0.000000,0.000000,0.000000,0.000000,0.000000,neutral,rule_only,True,False,0.500068,0.500068,0.500068,502,2008,2,0,0,502,352,118,31,1,0.701195,0.235060,0.061753,1004,1004,2008,4.000000,4.000000,1.000000,36.091570,1.000000,1.000000,,,1.000000,1.000000,1.000000,,,,,,"[0.0,0.2)",Q4
FB15k-237,structural_r2d3,209,/film/person_or_entity_appearing_in_film/films./film/personal_film_appearance/type_of_appearance,37,5,3,0.500068,0.500068,0.500068,0.000000,0.000000,0.000000,0.000000,neutral,rule_only,True,False,0.501370,0.501370,0.501370,81,1,2,0,0,81,12,28,41,0,0.148148,0.345679,0.506173,1,0,1,0.012346,0.012346,0.499932,35.845586,1.000000,1.000000,,,,,1.000000,,,,,,"[0.4,0.6)",Q1
FB15k-237,structural_r2d3,210,/time/event/instance_of_recurring_event,109,14,11,0.818182,0.818182,0.818182,0.000000,0.000000,0.000000,0.000000,neutral,rule_only,True,False,0.972222,0.972222,0.972222,208,418,2,0,0,208,10,188,10,0,0.048077,0.903846,0.048077,2,416,418,2.009615,2.009615,0.181818,36.042688,1.000000,1.000000,,,,,1.000000,,,,,,"[0.6,1.0]",Q3
FB15k-237,structural_r2d3,211,/tv/non_character_role/tv_regular_personal_appearances./tv/tv_regular_personal_appearance/person,90,7,7,0.573849,0.613675,0.613675,0.039827,6.940307,0.039827,0.000000,positive,rule_only,True,False,0.493742,0.493742,0.493742,182,13,2,0,0,182,36,59,87,0,0.197802,0.324176,0.478022,11,2,13,0.071429,0.071429,0.426151,36.093216,0.803019,0.989223,,,1.000000,,1.000000,,,,,,"[0.4,0.6)",Q1
FB15k-237,structural_r2d3,212,/film/actor/film./film/performance/special_performance_type,180,8,16,0.520149,0.520149,0.520149,0.000000,0.000000,0.000000,0.000000,neutral,rule_only,True,False,0.481301,0.481301,0.481301,294,247,2,0,0,294,60,119,114,1,0.204082,0.404762,0.387755,247,0,247,0.840136,0.840136,0.479851,35.491735,1.000000,1.000000,,,1.000000,,1.000000,,,,,,"[0.4,0.6)",Q3
FB15k-237,structural_r2d3,213,/business/business_operation/operating_income./measurement_unit/dated_money_value/currency,198,1,0,0.000000,0.000000,0.000000,0.000000,0.000000,0.000000,0.000000,neutral,rule_only,True,False,0.500068,0.500068,0.500068,535,2140,2,0,0,535,378,123,33,1,0.706542,0.229907,0.061682,1070,1070,2140,4.000000,4.000000,1.000000,35.669533,1.000000,1.000000,,,1.000000,1.000000,1.000000,,,,,,"[0.0,0.2)",Q4
FB15k-237,structural_r2d3,214,/people/ethnicity/languages_spoken,192,21,29,0.343031,0.343031,0.341220,-0.001810,-0.527793,0.000000,-0.001810,negative,dependency,True,True,0.327759,0.339440,0.339440,128,204,2,3,204,128,47,22,59,0,0.367188,0.171875,0.460938,197,7,204,1.593750,1.593750,0.656969,35.727370,0.985266,0.985221,,,1.013270,1.013166,1.013212,,,,,,"[0.2,0.4)",Q3
FB15k-237,structural_r2d3,215,/base/americancomedy/celebrity_impressionist/celebrities_impersonated,121,21,8,0.371935,0.371935,0.371935,0.000000,0.000000,0.000000,0.000000,neutral,dependency,True,True,0.348164,0.349168,0.349168,183,54,2,2,54,183,31,64,88,0,0.169399,0.349727,0.480874,51,3,54,0.295082,0.295082,0.628065,35.890838,0.861651,0.990310,,,1.036161,,1.036025,,,,,,"[0.2,0.4)",Q2
FB15k-237,structural_r2d3,216,/medicine/symptom/symptom_of,154,12,31,0.329899,0.329899,0.322604,-0.007295,-2.211253,0.000000,-0.007295,negative,dependency,True,True,0.285124,0.311797,0.311797,100,47,2,3,47,100,18,39,43,0,0.180000,0.390000,0.430000,36,11,47,0.470000,0.470000,0.670101,35.868336,0.974475,0.974671,,,1.025716,1.017851,1.024516,,,,,,"[0.2,0.4)",Q2
FB15k-237,structural_r2d3,217,/education/university/fraternities_and_sororities,131,10,21,0.490282,0.490296,0.490296,0.000014,0.002873,0.000014,0.000000,neutral,rule_only,True,False,0.515807,0.515807,0.515807,386,886,2,0,0,386,64,243,79,0,0.165803,0.629534,0.204663,772,114,886,2.295337,2.295337,0.509718,34.667538,0.921630,0.921292,,,1.000000,1.000000,1.000000,,,,,,"[0.4,0.6)",Q4
FB15k-237,structural_r2d3,218,/location/statistical_region/places_exported_to./location/imports_and_exports/exported_to,172,17,13,0.185489,0.186201,0.186157,0.000668,0.360175,0.000712,-0.000043,neutral,dependency,True,True,0.199113,0.199561,0.199561,2606,4795,2,3,4795,2606,468,1618,520,0,0.179586,0.620875,0.199540,3697,1098,4795,1.839985,1.839985,0.814511,35.688506,0.894646,0.887469,,,1.001600,1.001561,1.001604,,,,,,"[0.0,0.2)",Q3
FB15k-237,structural_r2d3,219,/location/statistical_region/gdp_nominal./measurement_unit/dated_money_value/currency,220,9,4,0.509289,0.509289,0.509289,0.000000,0.000000,0.000000,0.000000,neutral,rule_only,True,False,0.512968,0.512968,0.512968,1417,3397,2,0,0,1417,465,884,67,1,0.328158,0.623853,0.047283,563,2834,3397,2.397318,2.397318,0.490711,34.893193,0.811079,0.806700,,,1.000000,1.000000,1.000000,,,,,,"[0.4,0.6)",Q4
FB15k-237,structural_r2d3,220,/travel/travel_destination/how_to_get_here./travel/transportation/mode_of_transportation,146,16,20,0.813988,0.813988,0.813988,0.000000,0.000000,0.000000,0.000000,neutral,rule_only,True,False,0.715849,0.715849,0.715849,242,610,2,0,0,242,29,95,118,0,0.119835,0.392562,0.487603,484,126,610,2.520661,2.520661,0.186012,35.005634,1.000000,1.000000,,,1.000000,1.000000,1.000000,,,,,,"[0.6,1.0]",Q4
FB15k-237,structural_r2d3,221,/location/country/official_language,225,7,16,0.278615,0.278615,0.285677,0.007062,2.534634,0.000000,0.007062,neutral,dependency,True,True,0.327652,0.348233,0.348233,991,3964,2,3,3964,991,237,562,192,0,0.239152,0.567104,0.193744,1982,1982,3964,4.000000,4.000000,0.721385,36.475809,0.967020,0.972131,,,1.029366,1.028878,1.029682,,,,,,"[0.2,0.4)",Q4
FB15k-237,structural_r2d3,222,/location/location/partially_contains,133,8,13,0.328284,0.328246,0.379450,0.051166,15.586001,-0.000038,0.051204,positive,dependency,True,True,0.412748,0.423140,0.423140,758,1439,2,3,1439,758,89,448,221,0,0.117414,0.591029,0.291557,1280,159,1439,1.898417,1.898417,0.671716,35.300970,0.821118,0.801996,,,1.001603,0.998690,1.001576,,,,,,"[0.2,0.4)",Q3
FB15k-237,structural_r2d3,223,/film/film/film_art_direction_by,101,4,3,0.750000,0.750000,0.750000,0.000000,0.000000,0.000000,0.000000,neutral,rule_only,True,False,0.276405,0.276405,0.276405,262,198,2,0,0,262,81,62,119,0,0.309160,0.236641,0.454198,198,0,198,0.755725,0.755725,0.250000,35.095941,0.823363,1.231495,,,1.000000,,1.000000,,,,,,"[0.6,1.0]",Q2
FB15k-237,structural_r2d3,224,/people/person/spouse_s./people/marriage/location_of_ceremony,251,21,35,0.230814,0.230814,0.230814,0.000000,0.000000,0.000000,0.000000,neutral,rule_only,True,False,0.368584,0.368584,0.368584,149,2,2,0,0,149,8,31,110,0,0.053691,0.208054,0.738255,1,1,2,0.013423,0.013423,0.769186,35.466777,1.000000,1.000000,,,1.000000,,,,,,,,"[0.2,0.4)",Q1
FB15k-237,structural_r2d3,225,/education/university/international_tuition./measurement_unit/dated_money_value/currency,117,2,0,0.000000,0.000000,0.000000,0.000000,0.000000,0.000000,0.000000,neutral,rule_only,True,False,0.312568,0.312568,0.312568,310,460,2,0,0,310,147,100,63,0,0.474194,0.322581,0.203226,283,177,460,1.483871,1.483871,1.000000,34.751712,1.000000,1.000000,,,1.000000,1.000000,1.000000,,,,,,"[0.0,0.2)",Q3
FB15k-237,structural_r2d3,226,/organization/organization_founder/organizations_founded,137,11,9,0.137939,0.137939,0.137939,0.000000,0.000000,0.000000,0.000000,neutral,rule_only,True,False,0.270856,0.270856,0.270856,333,666,2,0,0,333,58,218,57,0,0.174174,0.654655,0.171171,666,0,666,2.000000,2.000000,0.862061,35.292308,0.964039,0.877996,,,1.000000,,1.000000,,,,,,"[0.0,0.2)",Q3
FB15k-237,structural_r2d3,227,/film/film/dubbing_performances./film/dubbing_performance/actor,114,19,8,0.439260,0.439260,0.439260,0.000000,0.000000,0.000000,0.000000,neutral,rule_only,True,False,0.330139,0.330139,0.330139,111,3,2,0,0,111,19,36,56,0,0.171171,0.324324,0.504505,3,0,3,0.027027,0.027027,0.560740,35.265413,1.000000,1.000000,,,,,1.000000,,,,,,"[0.4,0.6)",Q1
FB15k-237,structural_r2d3,228,/dataworld/gardening_hint/split_to,99,4,10,0.000014,0.000014,0.000014,0.000000,0.000000,0.000000,0.000000,neutral,rule_only,False,False,0.000034,,0.000034,185,0,2,0,0,185,76,58,51,0,0.410811,0.313514,0.275676,0,0,0,0.000000,0.000000,0.999986,34.216518,1.000000,1.000000,,,,,,,,,,,"[0.0,0.2)",Q1
FB15k-237,structural_r2d3,229,/medicine/disease/risk_factors,162,19,13,0.357057,0.357057,0.357402,0.000345,0.096638,0.000000,0.000345,neutral,dependency,True,True,0.256795,0.257028,0.257028,81,28,2,3,28,81,18,23,40,0,0.222222,0.283951,0.493827,25,3,28,0.345679,0.345679,0.642943,35.296678,0.980474,0.981090,,,1.018608,1.018526,1.018685,,,,,,"[0.2,0.4)",Q2
FB15k-237,structural_r2d3,230,/film/film/prequel,180,13,18,0.351427,0.351427,0.364864,0.013438,3.823742,0.000000,0.013438,positive,dependency,True,True,0.678228,0.697750,0.697750,191,10,1,1,10,191,191,0,0,0,1.000000,0.000000,0.000000,9,1,10,0.052356,0.052356,0.648573,35.344370,0.982902,,,,1.013389,,,,,,,,"[0.2,0.4)",Q1
FB15k-237,structural_r2d3,231,/base/localfood/seasonal_month/produce_available./base/localfood/produce_availability/seasonal_months,108,3,3,0.638889,0.638889,0.638889,0.000000,0.000000,0.000000,0.000000,neutral,rule_only,True,False,0.677778,0.677778,0.677778,1884,3768,2,0,0,1884,18,1794,72,0,0.009554,0.952229,0.038217,0,3768,3768,2.000000,2.000000,0.361111,33.628137,1.000000,1.000000,,,,1.000000,1.000000,,,,,,"[0.6,1.0]",Q3
FB15k-237,structural_r2d3,232,/film/actor/dubbing_performances./film/dubbing_performance/language,112,15,12,0.570687,0.570687,0.570658,-0.000029,-0.005042,0.000000,-0.000029,negative,dependency,True,True,0.651937,0.651959,0.651959,179,10,2,2,10,179,89,46,43,1,0.497207,0.256983,0.240223,6,4,10,0.055866,0.055866,0.429313,33.119022,0.992196,1.006446,,,1.005703,,0.998958,,,,,,"[0.4,0.6)",Q1
FB15k-237,structural_r2d3,233,/broadcast/content/artist,102,11,14,0.644148,0.644304,0.644304,0.000157,0.024322,0.000157,0.000000,neutral,rule_only,True,False,0.678681,0.678681,0.678681,313,508,2,0,0,313,33,195,85,0,0.105431,0.623003,0.271565,491,17,508,1.623003,1.623003,0.355852,33.143367,0.785073,0.831561,,,1.000000,1.000000,1.000000,,,,,,"[0.6,1.0]",Q3
FB15k-237,structural_r2d3,234,/location/statistical_region/gni_per_capita_in_ppp_dollars./measurement_unit/dated_money_value/currency,149,0,0,0.000000,0.000000,0.000000,0.000000,0.000000,0.000000,0.000000,neutral,rule_only,True,False,0.000000,0.000000,0.000000,1147,4588,2,0,0,1147,287,800,59,1,0.250218,0.697472,0.051439,2294,2294,4588,4.000000,4.000000,1.000000,32.747268,1.000000,1.000000,,,1.000000,,1.000000,,,,,,"[0.0,0.2)",Q4
FB15k-237,structural_r2d3,235,/music/instrument/family,100,3,6,0.203944,0.203226,0.224150,0.020206,9.907839,-0.000718,0.020924,positive,dependency,True,True,0.327484,0.465915,0.465915,1089,1587,2,3,1587,1089,471,537,81,0,0.432507,0.493113,0.074380,1088,499,1587,1.457300,1.457300,0.796056,33.154675,0.808006,0.762019,,,1.006236,1.006352,1.006102,,,,,,"[0.2,0.4)",Q3
FB15k-237,structural_r2d3,236,/government/politician/government_positions_held./government/government_position_held/jurisdiction_of_office,106,6,9,0.311925,0.315166,0.315166,0.003241,1.038950,0.003241,0.000000,neutral,dependency,True,True,0.627789,0.630567,0.630567,295,474,2,3,474,295,135,90,70,0,0.457627,0.305085,0.237288,404,70,474,1.606780,1.606780,0.688075,32.249892,0.760976,0.866444,,,1.009405,1.008377,1.009240,,,,,,"[0.2,0.4)",Q3
codex-l,structural_dep_scale,0,P27,60262,3310,3277,0.466921,0.466921,0.470184,0.003263,0.698860,0.000000,0.003263,neutral,dependency,True,True,0.460723,0.464901,0.464901,15451,6044,0,0,0,15451,933,12826,1634,58,0.060384,0.830108,0.105754,4435,1609,6044,0.391172,0.391172,0.533079,1857.482480,,,,,,,,,,,,,"[0.4,0.6)",Q2
codex-l,structural_dep_scale,1,P17,7230,397,396,0.643609,0.643610,0.640410,-0.003199,-0.497017,0.000001,-0.003200,negative,dependency,True,True,0.594033,0.601073,0.601073,4934,5587,0,0,0,4934,688,2523,1715,8,0.139441,0.511350,0.347588,5098,489,5587,1.132347,1.132347,0.356391,173.463158,,,,,,,,,,,,,"[0.6,1.0]",Q3
codex-l,structural_dep_scale,2,P106,169091,9415,9426,0.293734,0.293734,0.301089,0.007354,2.503649,0.000000,0.007354,neutral,dependency,True,True,0.290650,0.299035,0.299035,68036,44267,0,0,0,68036,277,54094,13510,155,0.004071,0.795079,0.198571,37088,7179,44267,0.650641,0.650641,0.706266,2283.853141,,,,,,,,,,,,,"[0.2,0.4)",Q2
codex-l,structural_dep_scale,3,P19,35979,1944,1925,0.172977,0.172977,0.174821,0.001844,1.065998,0.000000,0.001844,neutral,dependency,True,True,0.180278,0.180593,0.180593,5930,1718,0,0,0,5930,391,4510,988,41,0.065936,0.760540,0.166610,1447,271,1718,0.289713,0.289713,0.827023,1152.606332,,,,,,,,,,,,,"[0.0,0.2)",Q2
codex-l,structural_dep_scale,4,P102,11453,654,631,0.338872,0.338872,0.338872,0.000000,0.000000,0.000000,0.000000,neutral,rule_only,True,False,0.338627,0.338627,0.338627,2774,1529,0,0,0,2774,89,2249,420,16,0.032084,0.810743,0.151406,1453,76,1529,0.551190,0.551190,0.661128,389.500684,,,,,,,,,,,,,"[0.2,0.4)",Q2
codex-l,structural_dep_scale,5,P69,30318,1713,1687,0.172584,0.172584,0.173153,0.000569,0.329739,0.000000,0.000569,neutral,dependency,True,True,0.167432,0.169313,0.169313,7157,394,0,0,0,7157,129,5575,1419,34,0.018024,0.778958,0.198267,335,59,394,0.055051,0.055051,0.827416,773.320856,,,,,,,,,,,,,"[0.0,0.2)",Q1
codex-l,structural_dep_scale,6,P136,24352,1328,1401,0.252657,0.252657,0.256396,0.003739,1.479858,0.000000,0.003739,neutral,dependency,True,True,0.249230,0.254584,0.254584,9433,4950,0,0,0,9433,160,6793,2433,47,0.016962,0.720131,0.257924,4090,860,4950,0.524754,0.524754,0.747343,557.774759,,,,,,,,,,,,,"[0.2,0.4)",Q2
codex-l,structural_dep_scale,7,P463,17057,921,970,0.363188,0.363188,0.362783,-0.000404,-0.111303,0.000000,-0.000404,negative,dependency,True,True,0.353095,0.354028,0.354028,35931,125322,0,0,0,35931,254,32627,3010,40,0.007069,0.908046,0.083772,53460,71862,125322,3.487852,3.487852,0.636812,231.545285,,,,,,,,,,,,,"[0.2,0.4)",Q4
codex-l,structural_dep_scale,8,P131,5915,344,322,0.597491,0.597491,0.608018,0.010527,1.761855,0.000000,0.010527,neutral,dependency,True,True,0.583495,0.587921,0.587921,3449,1184,0,0,0,3449,234,2227,981,7,0.067846,0.645694,0.284430,577,607,1184,0.343288,0.343288,0.402509,134.554483,,,,,,,,,,,,,"[0.4,0.6)",Q2
codex-l,structural_dep_scale,9,P1412,34372,1952,1993,0.478848,0.478848,0.478451,-0.000398,-0.083026,0.000000,-0.000398,negative,dependency,True,True,0.474995,0.476241,0.476241,8987,9302,0,0,0,8987,347,7673,939,28,0.038611,0.853789,0.104484,8403,899,9302,1.035051,1.035051,0.521152,506.708114,,,,,,,,,,,,,"[0.4,0.6)",Q3
codex-l,structural_dep_scale,10,P140,6006,326,346,0.302097,0.302097,0.308190,0.006094,2.017190,0.000000,0.006094,neutral,dependency,True,True,0.355148,0.355995,0.355995,2217,710,0,0,0,2217,127,1586,491,13,0.057285,0.715381,0.221470,659,51,710,0.320253,0.320253,0.697903,121.557352,,,,,,,,,,,,,"[0.2,0.4)",Q2
codex-l,structural_dep_scale,11,P1303,10609,584,584,0.418652,0.418652,0.422062,0.003409,0.814392,0.000000,0.003409,neutral,dependency,True,True,0.422899,0.426962,0.426962,3045,2954,0,0,0,3045,85,2503,445,12,0.027915,0.822003,0.146141,2428,526,2954,0.970115,0.970115,0.581348,162.393651,,,,,,,,,,,,,"[0.4,0.6)",Q3
codex-l,structural_dep_scale,12,P3373,2618,135,132,0.996970,0.996970,0.996970,0.000000,0.000000,0.000000,0.000000,neutral,dependency,True,True,0.992845,0.996364,0.996364,3660,8384,0,0,0,3660,138,3069,453,0,0.037705,0.838525,0.123770,1064,7320,8384,2.290710,2.290710,0.003030,74.605567,,,,,,,,,,,,,"[0.6,1.0]",Q4
codex-l,structural_dep_scale,13,P20,22132,1218,1230,0.259736,0.259736,0.260724,0.000988,0.380318,0.000000,0.000988,neutral,dependency,True,True,0.262238,0.263845,0.263845,4330,2240,0,0,0,4330,339,3308,658,25,0.078291,0.763972,0.151963,2127,113,2240,0.517321,0.517321,0.740264,643.557915,,,,,,,,,,,,,"[0.2,0.4)",Q2
codex-l,structural_dep_scale,14,P47,7229,434,427,0.862971,0.862971,0.858435,-0.004536,-0.525606,0.000000,-0.004536,negative,dependency,True,True,0.862089,0.863094,0.863094,10275,7929,0,0,0,10275,398,5403,4474,0,0.038735,0.525839,0.435426,6691,1238,7929,0.771679,0.771679,0.137029,129.464284,,,,,,,,,,,,,"[0.6,1.0]",Q2
codex-l,structural_dep_scale,15,P26,1974,107,111,0.862340,0.862340,0.862340,0.000000,0.000000,0.000000,0.000000,neutral,rule_only,True,False,0.840178,0.840178,0.840178,13,4,0,0,0,13,13,0,0,0,1.000000,0.000000,0.000000,0,4,4,0.307692,0.307692,0.137660,40.219747,,,,,,,,,,,,,"[0.6,1.0]",Q2
codex-l,structural_dep_scale,16,P119,6013,347,324,0.291318,0.291318,0.291318,0.000000,0.000000,0.000000,0.000000,neutral,rule_only,True,False,0.256254,0.256254,0.256254,1536,252,0,0,0,1536,82,1163,286,5,0.053385,0.757161,0.186198,248,4,252,0.164062,0.164062,0.708682,148.467832,,,,,,,,,,,,,"[0.2,0.4)",Q2
codex-l,structural_dep_scale,17,P161,23171,1259,1239,0.081281,0.081281,0.084330,0.003049,3.751515,0.000000,0.003049,positive,dependency,True,True,0.073632,0.075389,0.075389,7641,475,0,0,0,7641,68,3689,3884,0,0.008899,0.482790,0.508310,402,73,475,0.062165,0.062165,0.918719,245.410116,,,,,,,,,,,,,"[0.0,0.2)",Q1
codex-l,structural_dep_scale,18,P264,7063,393,390,0.151372,0.151372,0.153194,0.001822,1.203654,0.000000,0.001822,neutral,dependency,True,True,0.144040,0.146867,0.146867,2992,281,0,0,0,2992,120,1982,878,12,0.040107,0.662433,0.293449,270,11,281,0.093917,0.093917,0.848628,156.890104,,,,,,,,,,,,,"[0.0,0.2)",Q1
codex-l,structural_dep_scale,19,P101,5185,309,286,0.273157,0.273157,0.273021,-0.000135,-0.049492,0.000000,-0.000135,negative,dependency,True,True,0.234130,0.235171,0.235171,1594,430,0,0,0,1594,50,1150,388,6,0.031368,0.721455,0.243413,429,1,430,0.269762,0.269762,0.726843,135.310169,,,,,,,,,,,,,"[0.2,0.4)",Q2
codex-l,structural_dep_scale,20,P108,11999,648,644,0.195579,0.195579,0.195579,0.000000,0.000000,0.000000,0.000000,neutral,rule_only,True,False,0.176991,0.176991,0.176991,3189,193,0,0,0,3189,81,2448,652,8,0.025400,0.767639,0.204453,191,2,193,0.060521,0.060521,0.804421,140.271335,,,,,,,,,,,,,"[0.0,0.2)",Q1
codex-l,structural_dep_scale,21,P737,1634,84,90,0.113942,0.113942,0.119452,0.005511,4.836455,0.000000,0.005511,positive,dependency,True,True,0.082443,0.083412,0.083412,622,13,0,0,0,622,21,308,293,0,0.033762,0.495177,0.471061,13,0,13,0.020900,0.020900,0.886058,46.842007,,,,,,,,,,,,,"[0.0,0.2)",Q1
codex-l,structural_dep_scale,22,P740,1140,70,72,0.231186,0.231186,0.236537,0.005352,2.314832,0.000000,0.005352,neutral,dependency,True,True,0.254396,0.260090,0.260090,191,43,0,0,0,191,71,71,49,0,0.371728,0.371728,0.256545,41,2,43,0.225131,0.225131,0.768814,48.202701,,,,,,,,,,,,,"[0.2,0.4)",Q2
codex-l,structural_dep_scale,23,P530,5640,330,315,0.764310,0.764310,0.764310,0.000000,0.000000,0.000000,0.000000,neutral,rule_only,True,False,0.778045,0.778045,0.778045,53284,213136,0,0,0,53284,376,47166,5730,12,0.007057,0.885181,0.107537,106568,106568,213136,4.000000,4.000000,0.235690,56.002754,,,,,,,,,,,,,"[0.6,1.0]",Q4
codex-l,structural_dep_scale,24,P509,6558,365,392,0.166090,0.166090,0.166045,-0.000045,-0.027046,0.000000,-0.000045,negative,dependency,True,True,0.161812,0.161855,0.161855,1950,67,0,0,0,1950,42,1355,538,15,0.021538,0.694872,0.275897,66,1,67,0.034359,0.034359,0.833910,70.694029,,,,,,,,,,,,,"[0.0,0.2)",Q1
codex-l,structural_dep_scale,25,P495,6413,404,337,0.466647,0.466647,0.468436,0.001789,0.383369,0.000000,0.001789,neutral,dependency,True,True,0.471718,0.485568,0.485568,3344,3191,0,0,0,3344,279,2662,395,8,0.083433,0.796053,0.118122,2545,646,3191,0.954246,0.954246,0.533353,89.317545,,,,,,,,,,,,,"[0.4,0.6)",Q3
codex-l,structural_dep_scale,26,P551,3774,194,245,0.193974,0.193974,0.199474,0.005500,2.835599,0.000000,0.005500,neutral,dependency,True,True,0.193506,0.199272,0.199272,877,38,0,0,0,877,116,407,351,3,0.132269,0.464082,0.400228,38,0,38,0.043330,0.043330,0.806026,77.750693,,,,,,,,,,,,,"[0.0,0.2)",Q1
codex-l,structural_dep_scale,27,P113,241,24,20,0.402246,0.402246,0.403672,0.001427,0.354701,0.000000,0.001427,neutral,dependency,True,True,0.576634,0.579297,0.579297,76,33,0,0,0,76,37,9,30,0,0.486842,0.118421,0.394737,33,0,33,0.434211,0.434211,0.597754,24.046289,,,,,,,,,,,,,"[0.4,0.6)",Q2
codex-l,structural_dep_scale,28,P37,2197,118,111,0.556790,0.556790,0.551494,-0.005296,-0.951218,0.000000,-0.005296,negative,dependency,True,True,0.523294,0.531963,0.531963,1579,6174,0,0,0,1579,163,1059,352,5,0.103230,0.670678,0.222926,3158,3016,6174,3.910070,3.910070,0.443210,33.029059,,,,,,,,,,,,,"[0.4,0.6)",Q4
codex-l,structural_dep_scale,29,P840,2948,156,155,0.190853,0.190853,0.193581,0.002728,1.429290,0.000000,0.002728,neutral,dependency,True,True,0.188104,0.190058,0.190058,1106,135,0,0,0,1106,83,555,464,4,0.075045,0.501808,0.419530,121,14,135,0.122061,0.122061,0.809147,43.601383,,,,,,,,,,,,,"[0.0,0.2)",Q1
codex-l,structural_dep_scale,30,P36,621,31,46,0.470766,0.470766,0.470766,0.000000,0.000000,0.000000,0.000000,neutral,rule_only,True,False,0.484277,0.484277,0.484277,255,418,0,0,0,255,111,50,94,0,0.435294,0.196078,0.368627,408,10,418,1.639216,1.639216,0.529234,25.916676,,,,,,,,,,,,,"[0.4,0.6)",Q3
codex-l,structural_dep_scale,31,P172,3605,210,197,0.445394,0.445394,0.446312,0.000919,0.206256,0.000000,0.000919,neutral,dependency,True,True,0.398855,0.402565,0.402565,1744,1717,0,0,0,1744,109,1302,328,5,0.062500,0.746560,0.188073,1270,447,1717,0.984518,0.984518,0.554606,45.640311,,,,,,,,,,,,,"[0.4,0.6)",Q3
codex-l,structural_dep_scale,32,P54,668,38,38,0.289543,0.289543,0.280581,-0.008962,-3.095087,0.000000,-0.008962,negative,dependency,True,True,0.261180,0.269473,0.269473,323,18,0,0,0,323,13,196,114,0,0.040248,0.606811,0.352941,17,1,18,0.055728,0.055728,0.710457,25.997506,,,,,,,,,,,,,"[0.2,0.4)",Q1
codex-l,structural_dep_scale,33,P407,936,47,50,0.517914,0.517914,0.523993,0.006078,1.173638,0.000000,0.006078,neutral,dependency,True,True,0.525563,0.526174,0.526174,219,228,0,0,0,219,62,112,43,2,0.283105,0.511416,0.196347,185,43,228,1.041096,1.041096,0.482086,23.017942,,,,,,,,,,,,,"[0.4,0.6)",Q3
codex-l,structural_dep_scale,34,P2348,499,18,35,0.421856,0.421856,0.421855,-0.000002,-0.000364,0.000000,-0.000002,negative,dependency,True,True,0.417808,0.418146,0.418146,230,125,0,0,0,230,53,120,55,2,0.230435,0.521739,0.239130,119,6,125,0.543478,0.543478,0.578144,19.011510,,,,,,,,,,,,,"[0.4,0.6)",Q2
codex-l,structural_dep_scale,35,P159,842,49,32,0.345184,0.345184,0.355934,0.010750,3.114369,0.000000,0.010750,positive,dependency,True,True,0.373773,0.376102,0.376102,204,85,0,0,0,204,84,50,70,0,0.411765,0.245098,0.343137,85,0,85,0.416667,0.416667,0.654816,23.081593,,,,,,,,,,,,,"[0.2,0.4)",Q2
codex-l,structural_dep_scale,36,P40,1678,92,84,0.464210,0.464210,0.464755,0.000546,0.117534,0.000000,0.000546,neutral,dependency,True,True,0.496474,0.497095,0.497095,257,238,0,0,0,257,66,145,46,0,0.256809,0.564202,0.178988,0,238,238,0.926070,0.926070,0.535790,30.659259,,,,,,,,,,,,,"[0.4,0.6)",Q3
codex-l,structural_dep_scale,37,P641,3024,166,185,0.549123,0.549123,0.546468,-0.002655,-0.483555,0.000000,-0.002655,negative,dependency,True,True,0.570662,0.571554,0.571554,655,137,0,0,0,655,45,455,149,6,0.068702,0.694656,0.227481,100,37,137,0.209160,0.209160,0.450877,30.192343,,,,,,,,,,,,,"[0.4,0.6)",Q2
codex-l,structural_dep_scale,38,P1050,702,36,35,0.314312,0.314312,0.313798,-0.000514,-0.163405,0.000000,-0.000514,negative,dependency,True,True,0.295553,0.296412,0.296412,206,3,0,0,0,206,8,121,77,0,0.038835,0.587379,0.373786,3,0,3,0.014563,0.014563,0.685688,19.785013,,,,,,,,,,,,,"[0.2,0.4)",Q1
codex-l,structural_dep_scale,39,P135,832,50,51,0.288187,0.288187,0.296654,0.008468,2.938202,0.000000,0.008468,neutral,dependency,True,True,0.226679,0.228525,0.228525,288,17,0,0,0,288,26,189,73,0,0.090278,0.656250,0.253472,17,0,17,0.059028,0.059028,0.711813,23.426985,,,,,,,,,,,,,"[0.2,0.4)",Q1
codex-l,structural_dep_scale,40,P57,1533,76,78,0.295654,0.295654,0.296315,0.000661,0.223689,0.000000,0.000661,neutral,dependency,True,True,0.294011,0.296427,0.296427,293,7,0,0,0,293,22,153,118,0,0.075085,0.522184,0.402730,7,0,7,0.023891,0.023891,0.704346,33.453471,,,,,,,,,,,,,"[0.2,0.4)",Q1
codex-l,structural_dep_scale,41,P2283,132,6,6,0.521677,0.521677,0.521677,0.000000,0.000000,0.000000,0.000000,neutral,rule_only,True,False,0.532080,0.532080,0.532080,52,8,0,0,0,52,14,16,22,0,0.269231,0.307692,0.423077,6,2,8,0.153846,0.153846,0.478323,19.426556,,,,,,,,,,,,,"[0.4,0.6)",Q2
codex-l,structural_dep_scale,42,P112,265,13,15,0.102730,0.102730,0.102730,0.000000,0.000000,0.000000,0.000000,neutral,rule_only,False,False,0.072485,,0.072485,4,0,0,0,0,4,3,0,1,0,0.750000,0.000000,0.250000,0,0,0,0.000000,0.000000,0.897270,17.349688,,,,,,,,,,,,,"[0.0,0.2)",Q1
codex-l,structural_dep_scale,43,P749,330,25,18,0.275026,0.275026,0.293195,0.018169,6.606321,0.000000,0.018169,positive,dependency,True,True,0.274596,0.291809,0.291809,85,14,0,0,0,85,30,19,36,0,0.352941,0.223529,0.423529,14,0,14,0.164706,0.164706,0.724974,19.060491,,,,,,,,,,,,,"[0.2,0.4)",Q2
codex-l,structural_dep_scale,44,P30,1004,52,54,0.591382,0.591382,0.591382,0.000000,0.000000,0.000000,0.000000,neutral,rule_only,True,False,0.566480,0.566480,0.566480,1199,4123,0,0,0,1199,129,912,156,2,0.107590,0.760634,0.130108,1725,2398,4123,3.438699,3.438699,0.408618,20.553804,,,,,,,,,,,,,"[0.4,0.6)",Q4
codex-l,structural_dep_scale,45,P466,77,2,4,0.523528,0.523528,0.523528,0.000000,0.000000,0.000000,0.000000,neutral,rule_only,True,False,0.291673,0.291673,0.291673,13,3,0,0,0,13,4,2,7,0,0.307692,0.153846,0.538462,3,0,3,0.230769,0.230769,0.476472,16.327691,,,,,,,,,,,,,"[0.4,0.6)",Q2
codex-l,structural_dep_scale,46,P4552,258,21,19,0.435228,0.435228,0.446619,0.011391,2.617277,0.000000,0.011391,neutral,dependency,True,True,0.542196,0.561676,0.561676,124,9,0,0,0,124,6,74,44,0,0.048387,0.596774,0.354839,9,0,9,0.072581,0.072581,0.564772,17.230350,,,,,,,,,,,,,"[0.4,0.6)",Q1
codex-l,structural_dep_scale,47,P780,168,10,6,0.331142,0.331142,0.331142,0.000000,0.000000,0.000000,0.000000,neutral,rule_only,True,False,0.221777,0.221777,0.221777,102,24,0,0,0,102,4,55,43,0,0.039216,0.539216,0.421569,7,17,24,0.235294,0.235294,0.668858,17.040140,,,,,,,,,,,,,"[0.2,0.4)",Q2
codex-l,structural_dep_scale,48,P361,1138,63,69,0.533335,0.533335,0.532227,-0.001107,-0.207580,0.000000,-0.001107,negative,dependency,True,True,0.558067,0.561504,0.561504,964,1044,0,0,0,964,95,637,231,1,0.098548,0.660788,0.239627,801,243,1044,1.082988,1.082988,0.466665,20.928366,,,,,,,,,,,,,"[0.4,0.6)",Q3
codex-l,structural_dep_scale,49,P123,147,8,7,0.273136,0.273136,0.273136,0.000000,0.000000,0.000000,0.000000,neutral,rule_only,True,False,0.261246,0.261246,0.261246,53,9,0,0,0,53,6,26,21,0,0.113208,0.490566,0.396226,9,0,9,0.169811,0.169811,0.726864,17.600982,,,,,,,,,,,,,"[0.2,0.4)",Q2
codex-l,structural_dep_scale,50,P2176,113,7,3,0.713889,0.713889,0.713889,0.000000,0.000000,0.000000,0.000000,neutral,rule_only,True,False,0.549620,0.549620,0.549620,122,25,0,0,0,122,2,83,37,0,0.016393,0.680328,0.303279,5,20,25,0.204918,0.204918,0.286111,17.058038,,,,,,,,,,,,,"[0.6,1.0]",Q2
codex-l,structural_dep_scale,51,P452,108,1,7,0.302378,0.302378,0.302378,0.000000,0.000000,0.000000,0.000000,neutral,rule_only,True,False,0.500013,0.500013,0.500013,41,8,0,0,0,41,9,7,25,0,0.219512,0.170732,0.609756,8,0,8,0.195122,0.195122,0.697622,15.892113,,,,,,,,,,,,,"[0.2,0.4)",Q2
codex-l,structural_dep_scale,52,P138,324,16,21,0.112337,0.112337,0.112337,0.000000,0.000000,0.000000,0.000000,neutral,rule_only,True,False,0.205493,0.205493,0.205493,33,4,0,0,0,33,25,5,3,0,0.757576,0.151515,0.090909,3,1,4,0.121212,0.121212,0.887663,17.622498,,,,,,,,,,,,,"[0.0,0.2)",Q1
codex-l,structural_dep_scale,53,P451,601,42,27,0.842594,0.842594,0.842594,0.000000,0.000000,0.000000,0.000000,neutral,rule_only,False,False,0.626987,,0.626987,5,0,0,0,0,5,3,0,2,0,0.600000,0.000000,0.400000,0,0,0,0.000000,0.000000,0.157406,15.978284,,,,,,,,,,,,,"[0.6,1.0]",Q1
codex-l,structural_dep_scale,54,P114,97,5,1,0.538462,0.538462,0.538462,0.000000,0.000000,0.000000,0.000000,neutral,dependency,True,True,0.544327,0.544996,0.544996,40,12,0,0,0,40,7,8,25,0,0.175000,0.200000,0.625000,12,0,12,0.300000,0.300000,0.461538,16.282838,,,,,,,,,,,,,"[0.4,0.6)",Q2
codex-l,structural_dep_scale,55,P170,376,23,28,0.772963,0.772963,0.772963,0.000000,0.000000,0.000000,0.000000,neutral,rule_only,True,False,0.640872,0.640872,0.640872,168,49,0,0,0,168,11,102,55,0,0.065476,0.607143,0.327381,15,34,49,0.291667,0.291667,0.227037,17.878606,,,,,,,,,,,,,"[0.6,1.0]",Q2
codex-l,structural_dep_scale,56,P1454,163,5,2,0.151329,0.151329,0.151329,0.000000,0.000000,0.000000,0.000000,neutral,rule_only,True,False,0.383469,0.383469,0.383469,66,20,0,0,0,66,12,18,36,0,0.181818,0.272727,0.545455,17,3,20,0.303030,0.303030,0.848671,15.957566,,,,,,,,,,,,,"[0.0,0.2)",Q2
codex-l,structural_dep_scale,57,P50,138,18,11,0.424815,0.424815,0.417239,-0.007576,-1.783306,0.000000,-0.007576,negative,dependency,True,True,0.387059,0.388906,0.388906,46,1,0,0,0,46,7,26,13,0,0.152174,0.565217,0.282609,1,0,1,0.021739,0.021739,0.575185,17.756746,,,,,,,,,,,,,"[0.4,0.6)",Q1
codex-l,structural_dep_scale,58,P488,75,2,4,0.062503,0.062503,0.062503,0.000000,0.000000,0.000000,0.000000,neutral,rule_only,True,False,0.266673,0.266673,0.266673,15,2,0,0,0,15,5,8,2,0,0.333333,0.533333,0.133333,2,0,2,0.133333,0.133333,0.937497,15.809281,,,,,,,,,,,,,"[0.0,0.2)",Q1
codex-l,structural_dep_scale,59,P1995,58,5,4,0.453954,0.453954,0.453954,0.000000,0.000000,0.000000,0.000000,neutral,rule_only,True,False,0.552860,0.552860,0.552860,23,3,0,0,0,23,2,14,7,0,0.086957,0.608696,0.304348,0,3,3,0.130435,0.130435,0.546046,16.878840,,,,,,,,,,,,,"[0.4,0.6)",Q1
codex-l,structural_dep_scale,60,P84,43,0,2,0.564777,0.564777,0.564777,0.000000,0.000000,0.000000,0.000000,neutral,rule_only,False,False,0.000000,,0.000000,14,0,0,0,0,14,2,6,6,0,0.142857,0.428571,0.428571,0,0,0,0.000000,0.000000,0.435223,15.704140,,,,,,,,,,,,,"[0.4,0.6)",Q1
codex-l,structural_dep_scale,61,P169,16,0,1,0.000013,0.000013,0.000013,0.000000,0.000000,0.000000,0.000000,neutral,rule_only,False,False,0.000000,,0.000000,9,0,0,0,0,9,5,1,3,0,0.555556,0.111111,0.333333,0,0,0,0.000000,0.000000,0.999987,16.674463,,,,,,,,,,,,,"[0.0,0.2)",Q1
codex-l,structural_dep_scale,62,P1056,11,0,0,0.000000,0.000000,0.000000,0.000000,0.000000,0.000000,0.000000,neutral,rule_only,False,False,0.000000,,0.000000,3,0,0,0,0,3,0,0,3,0,0.000000,0.000000,1.000000,0,0,0,0.000000,0.000000,1.000000,15.638450,,,,,,,,,,,,,"[0.0,0.2)",Q1
codex-l,structural_dep_scale,63,P149,15,0,2,0.000006,0.000006,0.000006,0.000000,0.000000,0.000000,0.000000,neutral,rule_only,False,False,0.000000,,0.000000,2,0,0,0,0,2,0,1,1,0,0.000000,0.500000,0.500000,0,0,0,0.000000,0.000000,0.999994,16.844986,,,,,,,,,,,,,"[0.0,0.2)",Q1
codex-l,structural_dep_scale,64,P194,11,1,0,0.000000,0.000000,0.000000,0.000000,0.000000,0.000000,0.000000,neutral,rule_only,False,False,0.590909,,0.590909,12,0,0,0,0,12,3,4,5,0,0.250000,0.333333,0.416667,0,0,0,0.000000,0.000000,1.000000,15.555535,,,,,,,,,,,,,"[0.0,0.2)",Q1
YAGO3-10,structural_dep_scale,0,isLocatedIn,88672,438,411,0.387986,0.387986,0.406665,0.018678,4.814172,0.000000,0.018678,positive,dependency,True,True,0.395999,0.412172,0.412172,20377,16752,0,0,0,20377,704,15515,4044,114,0.034549,0.761398,0.198459,13955,2797,16752,0.822103,0.822103,0.612014,1225.624038,,,,,,,,,,,,,"[0.2,0.4)",Q3
YAGO3-10,structural_dep_scale,1,playsFor,321024,1533,1492,0.665555,0.665555,0.671608,0.006054,0.909559,0.000000,0.006054,neutral,dependency,True,True,0.652110,0.657864,0.657864,273138,256620,0,0,0,273138,43,230831,41407,857,0.000157,0.845108,0.151597,122710,133910,256620,0.939525,0.939525,0.334445,1851.399376,,,,,,,,,,,,,"[0.6,1.0]",Q3
YAGO3-10,structural_dep_scale,2,isAffiliatedTo,373783,1688,1673,0.739701,0.739701,0.744655,0.004954,0.669796,0.000000,0.004954,neutral,dependency,True,True,0.746757,0.750752,0.750752,330607,313568,0,0,0,330607,120,282966,46517,1004,0.000363,0.855898,0.140702,172286,141282,313568,0.948461,0.948461,0.260299,1399.992785,,,,,,,,,,,,,"[0.6,1.0]",Q3
YAGO3-10,structural_dep_scale,3,diedIn,9248,43,49,0.179998,0.179998,0.200778,0.020780,11.544642,0.000000,0.020780,positive,dependency,True,True,0.282052,0.294210,0.294210,1492,960,0,0,0,1492,164,875,444,9,0.109920,0.586461,0.297587,934,26,960,0.643432,0.643432,0.820002,260.631481,,,,,,,,,,,,,"[0.0,0.2)",Q2
YAGO3-10,structural_dep_scale,4,actedIn,32155,151,173,0.123255,0.123255,0.121466,-0.001789,-1.451621,0.000000,-0.001789,negative,dependency,True,True,0.093482,0.093699,0.093699,7135,1168,0,0,0,7135,64,3506,3563,2,0.008970,0.491381,0.499369,920,248,1168,0.163700,0.163700,0.876745,237.275188,,,,,,,,,,,,,"[0.0,0.2)",Q2
YAGO3-10,structural_dep_scale,5,graduatedFrom,7348,42,42,0.239313,0.239313,0.236386,-0.002927,-1.223116,0.000000,-0.002927,negative,dependency,True,True,0.204572,0.205122,0.205122,1757,349,0,0,0,1757,100,750,897,10,0.056915,0.426864,0.510529,307,42,349,0.198634,0.198634,0.760687,122.399313,,,,,,,,,,,,,"[0.2,0.4)",Q2
YAGO3-10,structural_dep_scale,6,wasBornIn,44978,223,210,0.202588,0.202588,0.206539,0.003950,1.949963,0.000000,0.003950,neutral,dependency,True,True,0.192403,0.198207,0.198207,12145,5673,0,0,0,12145,190,11021,871,63,0.015644,0.907452,0.071717,4900,773,5673,0.467106,0.467106,0.797412,823.558670,,,,,,,,,,,,,"[0.2,0.4)",Q2
YAGO3-10,structural_dep_scale,7,hasGender,66163,311,297,0.495790,0.495790,0.495790,0.000000,0.000000,0.000000,0.000000,neutral,rule_only,True,False,0.481863,0.481863,0.481863,20361,2358,0,0,0,20361,148,20152,59,2,0.007269,0.989735,0.002898,173,2185,2358,0.115810,0.115810,0.504210,57.781689,,,,,,,,,,,,,"[0.4,0.6)",Q1
YAGO3-10,structural_dep_scale,8,happenedIn,5056,22,21,0.405910,0.405910,0.405910,0.000000,0.000000,0.000000,0.000000,neutral,rule_only,True,False,0.393520,0.393520,0.393520,4874,5151,0,0,0,4874,129,2816,1928,1,0.026467,0.577760,0.395568,4921,230,5151,1.056832,1.056832,0.594090,56.103972,,,,,,,,,,,,,"[0.4,0.6)",Q3
YAGO3-10,structural_dep_scale,9,hasMusicalRole,7754,37,36,0.299542,0.299542,0.298884,-0.000658,-0.219591,0.000000,-0.000658,negative,dependency,True,True,0.260088,0.271896,0.271896,3904,902,0,0,0,3904,18,3164,708,14,0.004611,0.810451,0.181352,439,463,902,0.231045,0.231045,0.700458,49.210441,,,,,,,,,,,,,"[0.2,0.4)",Q2
YAGO3-10,structural_dep_scale,10,isConnectedTo,32055,133,150,0.507983,0.507983,0.507983,0.000000,0.000000,0.000000,0.000000,neutral,rule_only,True,False,0.546566,0.546566,0.546566,263030,1052120,0,0,0,263030,59,257217,5666,88,0.000224,0.977900,0.021541,526060,526060,1052120,4.000000,4.000000,0.492017,239.145322,,,,,,,,,,,,,"[0.4,0.6)",Q4
YAGO3-10,structural_dep_scale,11,isMarriedTo,3757,21,17,0.990196,0.990196,0.990196,0.000000,0.000000,0.000000,0.000000,neutral,rule_only,True,False,1.000000,1.000000,1.000000,91,23,0,0,0,91,71,12,8,0,0.780220,0.131868,0.087912,21,2,23,0.252747,0.252747,0.009804,67.624802,,,,,,,,,,,,,"[0.6,1.0]",Q2
YAGO3-10,structural_dep_scale,12,participatedIn,5150,21,19,0.333964,0.333964,0.366734,0.032770,9.812399,0.000000,0.032770,positive,dependency,True,True,0.431530,0.435057,0.435057,8616,15765,0,0,0,8616,116,5917,2580,3,0.013463,0.686746,0.299443,13426,2339,15765,1.829735,1.829735,0.666036,58.535376,,,,,,,,,,,,,"[0.2,0.4)",Q3
YAGO3-10,structural_dep_scale,13,hasOfficialLanguage,298,0,2,0.175595,0.175595,0.175595,0.000000,0.000000,0.000000,0.000000,neutral,rule_only,True,False,0.000000,0.000000,0.000000,325,580,0,0,0,325,27,179,119,0,0.083077,0.550769,0.366154,493,87,580,1.784615,1.784615,0.824405,13.064653,,,,,,,,,,,,,"[0.0,0.2)",Q3
YAGO3-10,structural_dep_scale,14,hasWonPrize,24068,100,111,0.263690,0.263690,0.268180,0.004489,1.702549,0.000000,0.004489,neutral,dependency,True,True,0.260756,0.262144,0.262144,19845,6966,0,0,0,19845,91,16078,3628,48,0.004586,0.810179,0.182817,4872,2094,6966,0.351020,0.351020,0.736310,182.207516,,,,,,,,,,,,,"[0.2,0.4)",Q2
YAGO3-10,structural_dep_scale,15,influences,10710,44,47,0.140658,0.140658,0.143234,0.002576,1.831667,0.000000,0.002576,neutral,dependency,True,True,0.133078,0.138337,0.138337,6063,2539,0,0,0,6063,82,3254,2724,3,0.013525,0.536698,0.449283,2501,38,2539,0.418770,0.418770,0.859342,96.825160,,,,,,,,,,,,,"[0.0,0.2)",Q2
YAGO3-10,structural_dep_scale,16,worksAt,3389,15,15,0.402777,0.402777,0.402777,0.000000,0.000000,0.000000,0.000000,neutral,rule_only,True,False,0.156565,0.156565,0.156565,1248,165,0,0,0,1248,60,439,748,1,0.048077,0.351763,0.599359,161,4,165,0.132212,0.132212,0.597223,73.188882,,,,,,,,,,,,,"[0.4,0.6)",Q1
YAGO3-10,structural_dep_scale,17,created,6933,24,49,0.318557,0.318557,0.318557,0.000000,0.000000,0.000000,0.000000,neutral,rule_only,True,False,0.377018,0.377018,0.377018,861,165,0,0,0,861,55,470,336,0,0.063879,0.545877,0.390244,116,49,165,0.191638,0.191638,0.681443,80.196942,,,,,,,,,,,,,"[0.2,0.4)",Q2
YAGO3-10,structural_dep_scale,18,edited,3083,9,22,0.276437,0.276437,0.275894,-0.000542,-0.196228,0.000000,-0.000542,negative,dependency,True,True,0.567467,0.581971,0.581971,684,70,0,0,0,684,15,270,399,0,0.021930,0.394737,0.583333,63,7,70,0.102339,0.102339,0.723563,68.047671,,,,,,,,,,,,,"[0.2,0.4)",Q1
YAGO3-10,structural_dep_scale,19,directed,5481,19,30,0.387915,0.387915,0.387915,0.000000,0.000000,0.000000,0.000000,neutral,rule_only,True,False,0.464784,0.464784,0.464784,807,123,0,0,0,807,36,444,327,0,0.044610,0.550186,0.405204,82,41,123,0.152416,0.152416,0.612085,69.429383,,,,,,,,,,,,,"[0.2,0.4)",Q1
YAGO3-10,structural_dep_scale,20,hasAcademicAdvisor,914,2,5,0.116899,0.116899,0.116899,0.000000,0.000000,0.000000,0.000000,neutral,rule_only,True,False,0.013812,0.013812,0.013812,83,3,0,0,0,83,22,18,43,0,0.265060,0.216867,0.518072,3,0,3,0.036145,0.036145,0.883101,26.932782,,,,,,,,,,,,,"[0.0,0.2)",Q1
YAGO3-10,structural_dep_scale,21,imports,393,1,0,0.000000,0.000000,0.000000,0.000000,0.000000,0.000000,0.000000,neutral,rule_only,True,False,0.125008,0.125008,0.125008,676,1285,0,0,0,676,42,406,228,0,0.062130,0.600592,0.337278,962,323,1285,1.900888,1.900888,1.000000,14.252775,,,,,,,,,,,,,"[0.0,0.2)",Q3
YAGO3-10,structural_dep_scale,22,isPoliticianOf,2163,13,10,0.722485,0.722485,0.722485,0.000000,0.000000,0.000000,0.000000,neutral,dependency,True,True,0.729305,0.731137,0.731137,720,1488,0,0,0,720,132,375,210,3,0.183333,0.520833,0.291667,1440,48,1488,2.066667,2.066667,0.277515,20.090182,,,,,,,,,,,,,"[0.6,1.0]",Q3
YAGO3-10,structural_dep_scale,23,wroteMusicFor,6047,23,32,0.183876,0.183876,0.185398,0.001522,0.827633,0.000000,0.001522,neutral,dependency,True,True,0.164195,0.164237,0.164237,1030,112,0,0,0,1030,27,426,577,0,0.026214,0.413592,0.560194,101,11,112,0.108738,0.108738,0.816124,38.663297,,,,,,,,,,,,,"[0.0,0.2)",Q1
YAGO3-10,structural_dep_scale,24,isInterestedIn,239,2,2,0.645833,0.645833,0.645833,0.000000,0.000000,0.000000,0.000000,neutral,rule_only,True,False,0.156140,0.156140,0.156140,110,95,0,0,0,110,10,63,37,0,0.090909,0.572727,0.336364,93,2,95,0.863636,0.863636,0.354167,11.159462,,,,,,,,,,,,,"[0.6,1.0]",Q3
YAGO3-10,structural_dep_scale,25,isCitizenOf,3455,12,15,0.383839,0.383839,0.383839,0.000000,0.000000,0.000000,0.000000,neutral,rule_only,True,False,0.446449,0.446449,0.446449,1201,2213,0,0,0,1201,202,699,295,5,0.168193,0.582015,0.245629,2053,160,2213,1.842631,1.842631,0.616161,53.867401,,,,,,,,,,,,,"[0.2,0.4)",Q3
YAGO3-10,structural_dep_scale,26,hasChild,5064,23,24,0.456167,0.456167,0.445634,-0.010533,-2.309049,0.000000,-0.010533,negative,dependency,True,True,0.350861,0.365390,0.365390,487,188,0,0,0,487,159,129,199,0,0.326489,0.264887,0.408624,152,36,188,0.386037,0.386037,0.543833,75.473833,,,,,,,,,,,,,"[0.4,0.6)",Q2
YAGO3-10,structural_dep_scale,27,isLeaderOf,957,5,4,0.062404,0.062404,0.062404,0.000000,0.000000,0.000000,0.000000,neutral,rule_only,True,False,0.101891,0.101891,0.101891,206,57,0,0,0,206,47,92,67,0,0.228155,0.446602,0.325243,49,8,57,0.276699,0.276699,0.937596,28.252997,,,,,,,,,,,,,"[0.0,0.2)",Q2
YAGO3-10,structural_dep_scale,28,dealsWith,1302,11,7,0.264733,0.264733,0.325161,0.060429,22.826267,0.000000,0.060429,positive,dependency,True,True,0.335640,0.377115,0.377115,5173,15381,0,0,0,5173,160,2636,2375,2,0.030930,0.509569,0.459115,9040,6341,15381,2.973323,2.973323,0.735267,18.969877,,,,,,,,,,,,,"[0.2,0.4)",Q4
YAGO3-10,structural_dep_scale,29,livesIn,2980,20,11,0.195339,0.195339,0.195339,0.000000,0.000000,0.000000,0.000000,neutral,rule_only,True,False,0.322892,0.322892,0.322892,825,597,0,0,0,825,164,322,336,3,0.198788,0.390303,0.407273,577,20,597,0.723636,0.723636,0.804661,24.376686,,,,,,,,,,,,,"[0.0,0.2)",Q2
YAGO3-10,structural_dep_scale,30,hasCapital,2566,10,13,0.621489,0.621489,0.626498,0.005009,0.805991,0.000000,0.005009,neutral,dependency,True,True,0.412610,0.446744,0.446744,174,109,0,0,0,174,62,31,81,0,0.356322,0.178161,0.465517,109,0,109,0.626437,0.626437,0.378511,47.147523,,,,,,,,,,,,,"[0.6,1.0]",Q2
YAGO3-10,structural_dep_scale,31,hasNeighbor,555,1,2,1.000000,1.000000,1.000000,0.000000,0.000000,0.000000,0.000000,neutral,rule_only,True,False,1.000000,1.000000,1.000000,1291,1826,0,0,0,1291,139,398,754,0,0.107668,0.308288,0.584043,1745,81,1826,1.414407,1.414407,0.000000,13.576869,,,,,,,,,,,,,"[0.6,1.0]",Q3
YAGO3-10,structural_dep_scale,32,exports,378,0,3,0.132925,0.132925,0.132925,0.000000,0.000000,0.000000,0.000000,neutral,rule_only,True,False,0.000000,0.000000,0.000000,743,1173,0,0,0,743,42,340,361,0,0.056528,0.457604,0.485868,1089,84,1173,1.578735,1.578735,0.867075,13.591213,,,,,,,,,,,,,"[0.0,0.2)",Q3
YAGO3-10,structural_dep_scale,33,owns,726,2,5,0.243699,0.243699,0.243699,0.000000,0.000000,0.000000,0.000000,neutral,rule_only,True,False,0.269239,0.269239,0.269239,289,588,0,0,0,289,27,189,73,0,0.093426,0.653979,0.252595,575,13,588,2.034602,2.034602,0.756301,17.003638,,,,,,,,,,,,,"[0.2,0.4)",Q3
YAGO3-10,structural_dep_scale,34,hasCurrency,109,1,0,0.000000,0.000000,0.000000,0.000000,0.000000,0.000000,0.000000,neutral,rule_only,True,False,0.833333,0.833333,0.833333,105,27,0,0,0,105,15,36,54,0,0.142857,0.342857,0.514286,25,2,27,0.257143,0.257143,1.000000,11.928104,,,,,,,,,,,,,"[0.0,0.2)",Q2
YAGO3-10,structural_dep_scale,35,hasWebsite,68,0,1,0.500008,0.500008,0.500008,0.000000,0.000000,0.000000,0.000000,neutral,rule_only,False,False,0.000000,,0.000000,5,0,0,0,0,5,1,3,1,0,0.200000,0.600000,0.200000,0,0,0,0.000000,0.000000,0.499992,11.255647,,,,,,,,,,,,,"[0.4,0.6)",Q1
YAGO3-10,structural_dep_scale,36,isKnownFor,19,0,0,0.000000,0.000000,0.000000,0.000000,0.000000,0.000000,0.000000,neutral,rule_only,False,False,0.000000,,0.000000,3,0,0,0,0,3,3,0,0,0,1.000000,0.000000,0.000000,0,0,0,0.000000,0.000000,1.000000,10.455587,,,,,,,,,,,,,"[0.0,0.2)",Q1
hetionet,structural_r2d3,0,AdG,81434,10342,10464,0.238215,0.242113,0.247699,0.009484,3.981173,0.003897,0.005586,positive,dependency,True,True,0.239659,0.246576,0.246576,236308,153499,2,3,153499,236308,245,206032,29995,36,0.001037,0.871879,0.126932,129285,24214,153499,0.649572,0.649572,0.761785,1173.637476,0.639779,0.631787,,,0.896100,0.892709,0.891443,,,,,,"[0.2,0.4)",Q2
hetionet,structural_r2d3,1,AeG,419428,53502,53477,0.322277,0.352352,0.352352,0.030075,9.332029,0.030075,0.000000,positive,rule_only,True,False,0.344511,0.344511,0.344511,1748729,2125184,2,0,0,1748729,257,1687266,61114,92,0.000147,0.964853,0.034948,75700,2049484,2125184,1.215273,1.215273,0.677723,1451.802324,0.411025,0.202209,,,1.000000,1.000000,1.000000,,,,,,"[0.2,0.4)",Q3
hetionet,structural_r2d3,2,AuG,77903,9909,10036,0.233201,0.236270,0.239002,0.005801,2.487696,0.003069,0.002732,neutral,dependency,True,True,0.234478,0.235854,0.235854,219151,41515,2,3,41515,219151,242,187850,31023,36,0.001104,0.857172,0.141560,38967,2548,41515,0.189436,0.189436,0.766799,1124.076474,0.685587,0.709058,,,0.973411,0.980394,0.991537,,,,,,"[0.2,0.4)",Q2
hetionet,structural_r2d3,3,CbG,9476,1027,1068,0.358167,0.358330,0.358330,0.000163,0.045398,0.000163,0.000000,neutral,rule_only,True,False,0.345718,0.345718,0.345718,20268,6311,2,0,0,20268,33,16804,3419,12,0.001628,0.829090,0.168690,1955,4356,6311,0.311378,0.311378,0.641833,74.037272,0.716522,0.961111,,,1.000000,1.000000,1.000000,,,,,,"[0.2,0.4)",Q2
hetionet,structural_r2d3,4,CcSE,111871,13549,13524,0.214763,0.244922,0.244922,0.030159,14.042896,0.030159,0.000000,positive,rule_only,True,False,0.247511,0.247511,0.247511,368314,958189,2,0,0,368314,20,354467,13156,671,0.000054,0.962404,0.035720,736628,221561,958189,2.601555,2.601555,0.785237,840.550412,0.774386,0.376298,,,1.000000,1.000000,1.000000,,,,,,"[0.2,0.4)",Q4
hetionet,structural_r2d3,5,CrC,5124,699,663,0.474743,0.474062,0.490038,0.015295,3.221736,-0.000681,0.015976,positive,dependency,True,True,0.466830,0.474354,0.474354,10459,1189,2,3,1189,10459,37,7175,3247,0,0.003538,0.686012,0.310450,283,906,1189,0.113682,0.113682,0.525257,79.538173,0.827836,1.028944,,,1.136890,1.193029,1.224787,,,,,,"[0.4,0.6)",Q1
hetionet,structural_r2d3,6,CtD,599,85,71,0.351955,0.349564,0.344819,-0.007137,-2.027696,-0.002392,-0.004745,negative,dependency,True,True,0.355893,0.355895,0.355895,964,84,2,3,84,964,27,573,364,0,0.028008,0.594398,0.377593,64,20,84,0.087137,0.087137,0.648045,17.435939,0.824218,1.150336,,,1.000000,1.000000,1.000000,,,,,,"[0.2,0.4)",Q1
hetionet,structural_r2d3,7,CuG,14879,1957,1920,0.241393,0.240389,0.240389,-0.001004,-0.416044,-0.001004,0.000000,negative,rule_only,True,False,0.234864,0.234864,0.234864,43933,3559,2,0,0,43933,108,37238,6538,49,0.002458,0.847609,0.148818,3391,168,3559,0.081010,0.081010,0.758607,191.151438,0.807082,1.110540,,,1.000000,1.000000,1.000000,,,,,,"[0.2,0.4)",Q1
hetionet,structural_r2d3,8,CdG,16797,2171,2134,0.204298,0.203241,0.203241,-0.001056,-0.517032,-0.001056,0.000000,negative,rule_only,True,False,0.209568,0.209568,0.209568,54296,24890,2,0,0,54296,103,46988,7148,57,0.001897,0.865404,0.131649,23932,958,24890,0.458413,0.458413,0.795702,320.348090,0.804842,0.920789,,,1.000000,1.000000,1.000000,,,,,,"[0.2,0.4)",Q2
hetionet,structural_r2d3,9,CpD,316,41,33,0.300593,0.300597,0.284838,-0.015755,-5.241426,0.000004,-0.015759,negative,dependency,True,True,0.305632,0.307444,0.307444,396,14,2,2,14,396,12,254,130,0,0.030303,0.641414,0.328283,14,0,14,0.035354,0.035354,0.699407,18.647114,0.841492,0.973929,,,1.028346,,1.032237,,,,,,"[0.2,0.4)",Q1
hetionet,structural_r2d3,10,DaG,10127,1194,1302,0.158584,0.160457,0.159953,0.001370,0.863611,0.001873,-0.000503,neutral,dependency,True,True,0.164836,0.165040,0.165040,24054,4665,2,3,4665,24054,142,20143,3737,32,0.005903,0.837407,0.155359,4559,106,4665,0.193939,0.193939,0.841416,100.549345,0.837686,1.294598,,,0.983912,1.011657,1.005903,,,,,,"[0.0,0.2)",Q2
hetionet,structural_r2d3,11,DdG,6082,764,777,0.121173,0.118204,0.118204,-0.002969,-2.450585,-0.002969,0.000000,negative,rule_only,False,False,0.118313,,0.118313,8895,0,2,0,0,8895,105,8113,647,30,0.011804,0.912085,0.072737,0,0,0,0.000000,0.000000,0.878827,71.425152,0.875959,1.326251,,,,,,,,,,,"[0.0,0.2)",Q1
hetionet,structural_r2d3,12,DlA,2906,330,366,0.286592,0.286528,0.293007,0.006415,2.238536,-0.000064,0.006480,neutral,dependency,True,True,0.289954,0.298475,0.298475,5510,2428,2,3,2428,5510,53,3616,1840,1,0.009619,0.656261,0.333938,1619,809,2428,0.440653,0.440653,0.713408,32.102651,0.726196,1.021331,,,1.023208,1.021036,1.017071,,,,,,"[0.2,0.4)",Q2
hetionet,structural_r2d3,13,DpS,2706,307,344,0.239803,0.240651,0.240651,0.000848,0.353821,0.000848,0.000000,neutral,rule_only,True,False,0.264245,0.264245,0.264245,3490,354,2,0,0,3490,14,2164,1312,0,0.004011,0.620057,0.375931,192,162,354,0.101433,0.101433,0.760197,25.289868,0.707142,0.896934,,,1.000000,1.000000,1.000000,,,,,,"[0.2,0.4)",Q1
hetionet,structural_r2d3,14,DrD,423,58,62,0.221109,0.222443,0.302496,0.081387,36.808806,0.001334,0.080053,positive,dependency,True,True,0.204633,0.284489,0.284489,583,182,2,1,182,583,32,196,355,0,0.054889,0.336192,0.608919,182,0,182,0.312178,0.312178,0.778891,16.890335,0.902311,1.033576,,,1.263249,,,,,,,,"[0.2,0.4)",Q2
hetionet,structural_r2d3,15,DuG,6212,755,764,0.125872,0.126322,0.127352,0.001480,1.176105,0.000451,0.001030,neutral,dependency,True,True,0.133487,0.135863,0.135863,9767,140,2,1,140,9767,111,8958,668,30,0.011365,0.917170,0.068394,137,3,140,0.014334,0.014334,0.874128,83.142234,0.912930,1.507421,,,,,1.056726,,,,,,"[0.0,0.2)",Q1
hetionet,structural_r2d3,16,GiG,118198,14406,14560,0.198874,0.191601,0.191601,-0.007273,-3.657163,-0.007273,0.000000,negative,rule_only,True,False,0.189012,0.189011,0.189012,308614,381504,2,0,0,308614,224,273134,35005,251,0.000726,0.885034,0.113426,349829,31675,381504,1.236185,1.236185,0.801126,1835.197255,0.810162,1.140912,,,,,1.000000,,,,,,"[0.0,0.2)",Q3
hetionet,structural_r2d3,17,GpCC,59015,7401,7150,0.658918,0.651772,0.651771,-0.007147,-1.084606,-0.007146,-0.000001,negative,dependency,True,True,0.642953,0.642954,0.642954,140024,88477,2,3,88477,140024,56,129166,10654,148,0.000400,0.922456,0.076087,78416,10061,88477,0.631870,0.631870,0.341082,650.013427,0.757737,1.440400,,,1.000000,1.000000,1.000000,,,,,,"[0.6,1.0]",Q2
hetionet,structural_r2d3,18,GcG,50979,5460,5251,0.089689,0.087400,0.087400,-0.002289,-2.551716,-0.002289,0.000000,negative,rule_only,True,False,0.084255,0.084255,0.084255,69304,10863,2,0,0,69304,11,62109,7128,56,0.000159,0.896182,0.102851,7848,3015,10863,0.156744,0.156744,0.910311,778.890555,0.891468,1.512042,,,,,1.000000,,,,,,"[0.0,0.2)",Q2
hetionet,structural_r2d3,19,GpBP,448012,55817,55675,0.598280,0.598280,0.598280,0.000000,0.000000,0.000000,0.000000,neutral,rule_only,True,False,0.578293,0.578293,0.578293,1556400,2796236,2,0,0,1556400,73,1493085,61332,1910,0.000047,0.959320,0.039406,2546445,249791,2796236,1.796605,1.796605,0.401720,3333.763519,1.000000,1.000000,,,1.000000,1.000000,1.000000,,,,,,"[0.4,0.6)",Q3
hetionet,structural_r2d3,20,GpMF,78111,9482,9629,0.667833,0.657329,0.657329,-0.010505,-1.572960,-0.010505,0.000000,negative,rule_only,True,False,0.643627,0.643627,0.643627,185448,76658,2,0,0,185448,61,171217,13997,173,0.000329,0.923262,0.075477,59550,17108,76658,0.413367,0.413367,0.332167,841.118887,0.744120,1.597448,,,1.000000,1.000000,1.000000,,,,,,"[0.6,1.0]",Q2
hetionet,structural_r2d3,21,GpPW,67558,8453,8361,0.625002,0.626217,0.626217,0.001215,0.194425,0.001215,-0.000000,neutral,dependency,True,True,0.603532,0.603532,0.603532,192800,372151,2,3,372151,192800,63,176941,15664,132,0.000327,0.917744,0.081245,331572,40579,372151,1.930244,1.930244,0.374998,918.378163,0.749997,0.996128,,,1.000000,1.000000,1.000000,,,,,,"[0.6,1.0]",Q3
hetionet,structural_r2d3,22,Gr>G,211099,27248,27325,0.036598,0.037130,0.037130,0.000532,1.454055,0.000532,0.000000,neutral,rule_only,True,False,0.036174,0.036174,0.036174,895639,106495,2,0,0,895639,294,823578,70543,1224,0.000328,0.919542,0.078763,90108,16387,106495,0.118904,0.118904,0.963402,782.723048,0.805693,0.815870,,,,,1.000000,,,,,,"[0.0,0.2)",Q1
hetionet,structural_r2d3,23,PCiC,902,63,64,0.511210,0.498677,0.522633,0.011423,2.234550,-0.012533,0.023956,neutral,dependency,True,True,0.466927,0.500419,0.500419,564,17,2,2,17,564,11,325,228,0,0.019504,0.576241,0.404255,17,0,17,0.030142,0.030142,0.488790,16.489637,1.178844,1.631388,,,1.145128,,1.104200,,,,,,"[0.4,0.6)",Q1
