dataset,feature,sort_direction,full_gain_pt,best_coverage_ge_20,best_n,best_threshold,best_mrr_stage1,best_mrr_stage2,best_delta_mrr,best_gain_pt,gain_lift_vs_full
FB15k-237,sum_negative_dep,desc,0.01000038856250618,0.2,8164,5388.0,0.17550661671577958,0.18387409062295648,0.008367473907176903,0.04767611651204828,0.037675727949542104
FB15k-237,avg_candidate_dep_score,asc,0.010000388562610318,0.2,8164,-0.399449691,0.20144706545560714,0.21069597440720875,0.009248908951601603,0.04591235385178538,0.03591196528917506
FB15k-237,abs_dep_mass,desc,0.01000038856250729,0.2,8164,47.39957,0.22342080165542422,0.2332569807799962,0.009836179124571992,0.044025350601606394,0.034024962039099105
FB15k-237,num_dependencies,desc,0.010000388562507956,0.22,8980,172.0,0.21659521302164225,0.2260709737905605,0.009475760768918234,0.04374870818576859,0.033748319623260636
FB15k-237,num_dependency_edges,desc,0.010000388562507956,0.22,8980,172.0,0.21659521302164225,0.2260709737905605,0.009475760768918234,0.04374870818576859,0.033748319623260636
FB15k-237,query_num_edges,desc,0.010000388562507956,0.22,8980,172.0,0.21659521302164225,0.2260709737905605,0.009475760768918234,0.04374870818576859,0.033748319623260636
FB15k-237,sum_positive_dep,desc,0.01000038856253016,0.2,8164,1786.0,0.209219980011142,0.2181228806646346,0.008902900653492585,0.042552822407393665,0.032552433844863504
FB15k-237,avg_positive_dep,desc,0.010000388562533935,0.2,8164,18.43,0.2170444377808142,0.22615953861805144,0.009115100837237239,0.04199647284415686,0.03199608428162293
FB15k-237,candidate_dep_coverage,desc,0.010000388562517948,0.2,8164,0.9801980198019802,0.19376003531234015,0.20179292570548799,0.008032890393147835,0.04145793212825777,0.03145754356573982
FB15k-237,dep_candidate_ratio,desc,0.010000388562517948,0.2,8164,0.9801980198019802,0.19376003531234015,0.20179292570548799,0.008032890393147835,0.04145793212825777,0.03145754356573982
FB15k-237,max_candidate_dep_score,desc,0.010000388562589446,0.2,8164,0.1402367,0.22919925365332738,0.23823901407114684,0.009039760417819453,0.03944061891009665,0.0294402303475072
FB15k-237,avg_negative_dep,desc,0.010000388562504847,0.24,9797,33.65,0.21980009662258415,0.22836431952036487,0.008564222897780721,0.038963690323058575,0.028963301760553728
FB15k-237,pos_mass,desc,0.010000388562616536,0.2,8164,36.1648,0.24190795204170523,0.2511946707929614,0.009286718751256196,0.03838947282582583,0.028389084263209297
FB15k-237,net_dep_mass,desc,0.010000388562623641,0.2,8164,33.40809,0.24667934906318056,0.25614371168487343,0.009464362621692868,0.038367065008221735,0.028366676445598094
FB15k-237,num_pos_dep,desc,0.010000388562616758,0.22,8980,110.0,0.24898170838311995,0.2583161766502868,0.009334468267166829,0.03749057843559922,0.027490189872982462
FB15k-237,unique_synergy_edges,desc,0.010000388562616758,0.22,8980,110.0,0.24898170838311995,0.2583161766502868,0.009334468267166829,0.03749057843559922,0.027490189872982462
FB15k-237,max_negative_dep,desc,0.010000388562504403,0.22,8980,251.0,0.24124700374245006,0.25027506885605855,0.009028065113608486,0.037422496335940636,0.027422107773436233
FB15k-237,max_positive_dep,desc,0.010000388562536378,0.24,9797,90.0,0.2563792730091538,0.2658323460053722,0.009453072996218392,0.03687144005545595,0.026871051492919573
FB15k-237,synergy_weight_top10_mean,desc,0.010000388562615425,0.22,8980,0.656407,0.2672094576009396,0.27704592763283753,0.009836470031897915,0.036811833384236214,0.02681144482162079
FB15k-237,synergy_weight_top5_mean,desc,0.010000388562614315,0.22,8980,0.745552,0.26884728934106267,0.27856421598864173,0.00971692664757906,0.03614292214511439,0.02614253358250007
FB15k-237,synergy_weight_top5_sum,desc,0.010000388562614315,0.22,8980,3.68194,0.2670213521725125,0.2765113246007421,0.009489972428229632,0.03554012572784271,0.025539737165228393
FB15k-237,synergy_weight_top10_sum,desc,0.010000388562615647,0.22,8980,6.39946,0.26145290455650394,0.27070532920555507,0.009252424649051127,0.035388494401107584,0.025388105838491937
FB15k-237,synergy_weight_top3_sum,desc,0.010000388562614537,0.22,8980,2.42693,0.2695191414366376,0.2787460759396917,0.009226934503054118,0.03423480222544173,0.024234413662827192
FB15k-237,topk_synergy_sum,desc,0.010000388562614537,0.22,8980,2.42693,0.2695191414366376,0.2787460759396917,0.009226934503054118,0.03423480222544173,0.024234413662827192
FB15k-237,synergy_weight_max,desc,0.01000038856261587,0.26,10613,0.65036,0.28021795807297384,0.2898069579464531,0.009588999873479276,0.034219790692294305,0.024219402129678436
FB15k-237,synergy_weight_top1_mean,desc,0.01000038856261587,0.26,10613,0.65036,0.28021795807297384,0.2898069579464531,0.009588999873479276,0.034219790692294305,0.024219402129678436
FB15k-237,synergy_weight_top1_sum,desc,0.01000038856261587,0.26,10613,0.65036,0.28021795807297384,0.2898069579464531,0.009588999873479276,0.034219790692294305,0.024219402129678436
FB15k-237,synergy_weight_top3_mean,desc,0.010000388562615203,0.22,8980,0.81063,0.269735842629546,0.278913017147811,0.009177174518265052,0.03402282184229022,0.024022433279675015
FB15k-237,topk_synergy,desc,0.010000388562615203,0.22,8980,0.81063,0.269735842629546,0.278913017147811,0.009177174518265052,0.03402282184229022,0.024022433279675015
FB15k-237,synergy_weight_mean,desc,0.010000388562620088,0.2,8164,0.2545023529411764,0.29247530821808015,0.30191311616548694,0.009437807947406784,0.03226873408530473,0.02226834552268464
FB15k-237,syn_rule_ratio,desc,0.010000388562608986,0.2,8164,0.1906308598059823,0.30266942964009697,0.31210270960833986,0.009433279968242891,0.031166940048950265,0.02116655148634128
FB15k-237,dep_rule_ratio,desc,0.010000388562482643,0.22,8980,0.1720551813605069,0.3067948901983773,0.3160380399563384,0.009243149757961089,0.030128108561340072,0.02012771999885743
FB15k-237,dep_density,desc,0.010000388562508622,0.24,9797,0.0104298356510745,0.3422091708003112,0.35232561723164973,0.010116446431338522,0.029562172187494573,0.01956178362498595
FB15k-237,num_neg_dep,desc,0.010000388562592333,0.2,8164,14.0,0.23284784594687605,0.239729340884474,0.0068814949375979595,0.029553612186594913,0.01955322362400258
FB15k-237,unique_redundancy_edges,desc,0.010000388562592333,0.2,8164,14.0,0.23284784594687605,0.239729340884474,0.0068814949375979595,0.029553612186594913,0.01955322362400258
FB15k-237,neg_mass,desc,0.010000388562592555,0.2,8164,0.82848,0.2860228884564523,0.29364308238253595,0.0076201939260836515,0.02664190256663268,0.016641514004040125
FB15k-237,pos_dep_ratio,desc,0.010000388562606544,0.38,15511,0.0,0.30757509822159346,0.3156552618459209,0.008080163624327452,0.02627053903598542,0.016270150473378875
FB15k-237,redundancy_weight_top10_sum,desc,0.010000388562592999,0.24,9797,0.41417,0.31292365865761995,0.32065543807076263,0.007731779413142681,0.02470819702898286,0.01470780846638986
FB15k-237,redundancy_weight_top5_sum,desc,0.010000388562590778,0.2,8164,0.4466199999999999,0.31060934390214595,0.31807251825988714,0.007463174357741187,0.024027526873410476,0.014027138310819698
FB15k-237,redundancy_weight_top3_sum,desc,0.010000388562589224,0.28,11429,0.14549,0.3379525255609196,0.3458498744303361,0.00789734886941651,0.023368219711655813,0.013367831149066589
FB15k-237,redundancy_weight_top5_mean,desc,0.010000388562590556,0.32,13062,0.0293119999999999,0.34418874634114166,0.35217212524292796,0.007983378901786298,0.023194770272569,0.013194381709978442
FB15k-237,redundancy_weight_top3_mean,desc,0.010000388562591,0.3,12246,0.04395,0.3426839454187648,0.3506315486635321,0.007947603244767287,0.023192225229738073,0.013191836667147072
FB15k-237,topk_redundancy,desc,0.010000388562591,0.3,12246,0.04395,0.3426839454187648,0.3506315486635321,0.007947603244767287,0.023192225229738073,0.013191836667147072
FB15k-237,red_rule_ratio,desc,0.010000388562590556,0.32,13062,0.0007717883665282,0.3503900135253584,0.3585065835280511,0.008116570002692669,0.023164387366608752,0.013163998804018195
FB15k-237,redundancy_weight_mean,desc,0.010000388562589002,0.32,13062,0.02518,0.3468794390418648,0.35489988341664497,0.008020444374780167,0.023121705907199086,0.013121317344610084
FB15k-237,redundancy_weight_max,desc,0.010000388562588558,0.34,13878,0.02642,0.3430886482337053,0.3509835316695157,0.007894883435810407,0.02301120563578829,0.013010817073199732
FB15k-237,redundancy_weight_top1_mean,desc,0.010000388562588558,0.34,13878,0.02642,0.3430886482337053,0.3509835316695157,0.007894883435810407,0.02301120563578829,0.013010817073199732
FB15k-237,redundancy_weight_top1_sum,desc,0.010000388562588558,0.34,13878,0.02642,0.3430886482337053,0.3509835316695157,0.007894883435810407,0.02301120563578829,0.013010817073199732
FB15k-237,redundancy_weight_top10_mean,desc,0.010000388562589446,0.32,13062,0.027354,0.34596986041336486,0.3539284512134383,0.00795859080007344,0.023003711336486043,0.013003322773896597
FB15k-237,neg_dep_ratio,desc,0.010000388562593221,0.36,14695,0.0024691358024691,0.344218478918086,0.3519773551076818,0.007758876189595809,0.02254055684047751,0.01254016827788429
FB15k-237,num_candidate_rule_edges,desc,0.010000388562632523,0.5,20410,5298.0,0.20363172968966195,0.20771465572894743,0.004082926039285478,0.020050539498475572,0.01005015093584305
FB15k-237,rule_dominance_ratio,asc,0.010000388562572349,0.58,23675,0.0060418705995234,0.2329063780085078,0.2372933929811092,0.004387014972601411,0.01883595893814971,0.008835570375577362
FB15k-237,rule_mass,desc,0.01000038856251484,0.44,17960,220.22037759055857,0.24839845255950005,0.25248381346777143,0.004085360908271385,0.016446804986809616,0.006446416424294776
FB15k-237,avg_rules_per_candidate,desc,0.010000388562618312,0.36,14695,86.32,0.2230737912187274,0.22658013139336167,0.003506340174634276,0.01571829731981489,0.005717908757196577
FB15k-237,max_stage2_score,asc,0.01000038856266805,0.4,16328,0.5401689942490492,0.2555342406107061,0.2594737991340188,0.003939558523312681,0.015416949657695467,0.005416561095027417
FB15k-237,max_stage1_score,asc,0.010000388562667828,0.4,16328,0.5445347465227289,0.25675154573315684,0.2605100599660541,0.0037585142328972476,0.0146387209555634,0.004638332392895572
FB15k-237,s1_top1,asc,0.010000388562667828,0.4,16328,0.5445347465227289,0.25675154573315684,0.2605100599660541,0.0037585142328972476,0.0146387209555634,0.004638332392895572
FB15k-237,candidate_rule_coverage,asc,0.010000388562633855,0.2,8164,1.0,0.3048065387930997,0.30906861791098605,0.0042620791178863415,0.01398289923425633,0.0039825106716224745
FB15k-237,effective_candidates,desc,0.010000388562646068,0.26,10613,102.81877089826054,0.16423831868596844,0.16648675208236413,0.002248433396395688,0.013690065840815224,0.0036896772781691567
FB15k-237,s1_entropy,desc,0.010000388562646068,0.26,10613,4.632967932638973,0.16423831868596844,0.16648675208236413,0.002248433396395688,0.013690065840815224,0.0036896772781691567
FB15k-237,max_rules_per_candidate,desc,0.010000388562606988,0.2,8164,200.0,0.22956093555839108,0.23261474213583533,0.0030538065774442513,0.013302814653617157,0.003302426091010169
FB15k-237,rule_weight_top10_mean,asc,0.010000388562668494,0.46,18777,0.753985167715412,0.2875411454181073,0.2913382444040091,0.003797098985901748,0.01320541093477412,0.003205022372105626
FB15k-237,rule_weight_top10_sum,asc,0.010000388562668272,0.46,18777,7.5377180237638015,0.2877154479928512,0.291513749477899,0.0037983014850477836,0.01320159036139823,0.003201201798729958
FB15k-237,rule_weight_top5_mean,asc,0.010000388562667384,0.4,16328,0.7173970292865193,0.26838409000543884,0.27186275727078035,0.0034786672653415174,0.012961525645097005,0.0029611370824296213
FB15k-237,rule_weight_top5_sum,asc,0.010000388562667162,0.4,16328,3.5869424269076307,0.26862263620209964,0.2721012911830118,0.0034786549809121547,0.012949969630612124,0.002949581067944962
FB15k-237,rule_weight_top3_mean,asc,0.010000388562670048,0.42,17144,0.7985076962177717,0.26689923046906355,0.2703430180296015,0.0034437875605379253,0.01290295050489898,0.0029025619422289317
FB15k-237,rule_weight_top3_sum,asc,0.010000388562670048,0.42,17144,2.395523088653315,0.2668992304690635,0.2703430180296015,0.003443787560537981,0.01290295050489898,0.0029025619422289317
FB15k-237,topk_rule_weight,asc,0.010000388562670048,0.42,17144,0.7985076962177717,0.26689923046906355,0.2703430180296015,0.0034437875605379253,0.01290295050489898,0.0029025619422289317
FB15k-237,rule_weight_max,asc,0.010000388562663609,0.38,15511,0.78845736036427,0.2541951342167527,0.2574724549855159,0.0032773207687631922,0.012892932741854102,0.0028925441791904927
FB15k-237,rule_weight_top1_mean,asc,0.010000388562663609,0.38,15511,0.78845736036427,0.2541951342167527,0.2574724549855159,0.0032773207687631922,0.012892932741854102,0.0028925441791904927
FB15k-237,rule_weight_top1_sum,asc,0.010000388562663609,0.38,15511,0.78845736036427,0.2541951342167527,0.2574724549855159,0.0032773207687631922,0.012892932741854102,0.0028925441791904927
FB15k-237,top1_rule_weight,asc,0.010000388562663609,0.38,15511,0.78845736036427,0.2541951342167527,0.2574724549855159,0.0032773207687631922,0.012892932741854102,0.0028925441791904927
FB15k-237,weak_rule_score,desc,0.010000388562663387,0.38,15511,0.2115426396357299,0.25408415143309915,0.25733457886626937,0.003250427433170222,0.01279272010803112,0.002792331545367732
FB15k-237,stage2_top_margin,asc,0.010000388562594553,0.62,25308,0.0341438707144297,0.2649366240932384,0.2682688408365356,0.0033322167432972005,0.012577410747577566,0.0025770221849830133
FB15k-237,avg_stage2_score,desc,0.010000388562507068,0.2,8164,0.5362484016314037,0.2433044346983899,0.2463578228276186,0.0030533881292287013,0.012549660810802,0.0025492722482949315
FB15k-237,s1_norm_margin,asc,0.010000388562565465,0.66,26941,0.127033949213466,0.2850738308106948,0.2886288273967437,0.0035549965860489086,0.01247044169553968,0.002470053132974215
FB15k-237,num_candidates,desc,0.010000388562587004,0.56,22859,100.0,0.26078445677916195,0.2640110663488436,0.0032266095696816266,0.012372706600431993,0.0023723180378449893
FB15k-237,avg_stage1_score,desc,0.01000038856250729,0.64,26124,0.081393247898348,0.3277330389662859,0.33177694578573286,0.004043906819446941,0.012339027008695824,0.0023386384461885346
FB15k-237,s1_margin,desc,0.01000038856265939,0.76,31022,5.551115123125784e-16,0.3342262328543993,0.3383500372061206,0.004123804351721327,0.01233836230179386,0.002337973739134469
FB15k-237,stage1_top_margin,desc,0.01000038856265939,0.76,31022,5.551115123125784e-16,0.3342262328543993,0.3383500372061206,0.004123804351721327,0.01233836230179386,0.002337973739134469
FB15k-237,s1_norm_margin,desc,0.010000388562693363,0.76,31022,8.220374735512292e-16,0.3342677493016514,0.3383909650935113,0.004123215791859924,0.012335069118914799,0.0023346805562214357
FB15k-237,s1_margin,asc,0.010000388562595663,0.66,26941,0.0433281660460694,0.26492168952601447,0.26816149764547076,0.003239808119456289,0.012229304913662586,0.002228916351066923
FB15k-237,stage1_top_margin,asc,0.010000388562595663,0.66,26941,0.0433281660460694,0.26492168952601447,0.26816149764547076,0.003239808119456289,0.012229304913662586,0.002228916351066923
FB15k-237,avg_stage2_score,asc,0.010000388562696472,0.58,23675,0.2439897464427996,0.3865077227055583,0.39111298638531006,0.004605263679751781,0.01191506251806529,0.0019146739553688175
FB15k-237,num_rule_nodes,desc,0.010000388562631857,0.78,31839,87.0,0.293634053885038,0.29708025790409054,0.0034462040190525456,0.01173639083565492,0.0017360022730230629
FB15k-237,num_rules,desc,0.010000388562631857,0.78,31839,87.0,0.293634053885038,0.29708025790409054,0.0034462040190525456,0.01173639083565492,0.0017360022730230629
FB15k-237,query_num_nodes,desc,0.010000388562631857,0.78,31839,87.0,0.293634053885038,0.29708025790409054,0.0034462040190525456,0.01173639083565492,0.0017360022730230629
FB15k-237,avg_stage1_score,asc,0.010000388562690699,0.6,24491,0.2824809174564133,0.3888473162586501,0.39337980540155143,0.00453248914290133,0.01165621814369544,0.0016558295810047419
FB15k-237,rule_weight_mean,desc,0.010000388562501517,0.76,31022,0.0800060865072403,0.38161394077179467,0.386025984692794,0.004412043920999309,0.011561537589733106,0.0015611490272315898
FB15k-237,max_stage1_score,desc,0.010000388562530382,0.2,8164,0.7906950707002603,0.3861079930273381,0.3905582902734163,0.004450297246078205,0.011526042781929924,0.0015256542193995415
FB15k-237,s1_top1,desc,0.010000388562530382,0.2,8164,0.7906950707002603,0.3861079930273381,0.3905582902734163,0.004450297246078205,0.011526042781929924,0.0015256542193995415
FB15k-237,rule_weight_max,desc,0.010000388562531048,0.2,8164,1.5639755383573428,0.3788215932841786,0.383175567833493,0.00435397454931441,0.011493469819309432,0.0014930812567783835
FB15k-237,rule_weight_top1_mean,desc,0.010000388562531048,0.2,8164,1.5639755383573428,0.3788215932841786,0.383175567833493,0.00435397454931441,0.011493469819309432,0.0014930812567783835
FB15k-237,rule_weight_top1_sum,desc,0.010000388562531048,0.2,8164,1.5639755383573428,0.3788215932841786,0.383175567833493,0.00435397454931441,0.011493469819309432,0.0014930812567783835
FB15k-237,top1_rule_weight,desc,0.010000388562531048,0.2,8164,1.5639755383573428,0.3788215932841786,0.383175567833493,0.00435397454931441,0.011493469819309432,0.0014930812567783835
FB15k-237,max_stage2_score,desc,0.01000038856252905,0.2,8164,0.7906950707002603,0.3862818003645484,0.390616343897001,0.004334543532452606,0.011221195325179512,0.0012208067626504615
FB15k-237,rule_weight_top10_sum,desc,0.010000388562530604,0.8,32655,3.1515698420525524,0.3795168835632505,0.3837296816264354,0.004212798063184919,0.011100423316168007,0.0011000347536374022
FB15k-237,rule_weight_top10_mean,desc,0.010000388562530604,0.8,32655,0.3153075349832669,0.3796629280549436,0.3838766147248069,0.00421368666986327,0.011098493844132973,0.0010981052816023684
FB15k-237,rule_weight_top5_mean,desc,0.010000388562527274,0.8,32655,0.3716748093708674,0.3799079432444398,0.38411285639414927,0.004204913149709444,0.011068242253107874,0.0010678536905806002
FB15k-237,rule_weight_top5_sum,desc,0.010000388562527274,0.8,32655,1.8583740468543368,0.3798893899832101,0.3840938243411935,0.0042044343579834,0.011067522465339819,0.0010671339028125448
FB15k-237,weak_rule_score,asc,0.010000388562532159,0.2,8164,-0.5639755383573428,0.37754645918204816,0.3816425993063508,0.00409614012430265,0.010849367077039762,0.0008489785145076034
FB15k-237,max_rules_per_candidate,asc,0.010000388562646956,0.68,27757,200.0,0.39247840490591246,0.3967297375132977,0.00425133260738525,0.010832016626250773,0.0008316280636038176
FB15k-237,candidate_rule_coverage,desc,0.010000388562519724,0.7,28573,1.0,0.35477801173032714,0.3586036487392914,0.0038256370089642666,0.010783185210114343,0.0007827966475946191
FB15k-237,num_rule_nodes,asc,0.010000388562602547,0.8,32655,265.0,0.37317876212159,0.3772022162466667,0.004023454125076709,0.010781573158672453,0.000781184596069906
FB15k-237,num_rules,asc,0.010000388562602547,0.8,32655,265.0,0.37317876212159,0.3772022162466667,0.004023454125076709,0.010781573158672453,0.000781184596069906
FB15k-237,query_num_nodes,asc,0.010000388562602547,0.8,32655,265.0,0.37317876212159,0.3772022162466667,0.004023454125076709,0.010781573158672453,0.000781184596069906
FB15k-237,stage2_top_margin,desc,0.010000388562662499,0.92,37553,0.0,0.346067493439064,0.3497739942880772,0.0037065008490131945,0.010710340957423181,0.0007099523947606823
FB15k-237,rule_weight_mean,asc,0.01000038856270491,0.62,25308,0.3474719200165607,0.3604254153801964,0.3642623825031878,0.0038369671229914193,0.01064566192965044,0.0006452733669455313
FB15k-237,avg_rules_per_candidate,asc,0.010000388562639406,0.84,34288,135.02884615384616,0.3700510897023747,0.37398410745838434,0.003933017756009627,0.010628310158937504,0.0006279215962980977
FB15k-237,rule_weight_top3_sum,desc,0.010000388562531048,0.84,34288,1.007473126381123,0.37620655272305553,0.3802041835990081,0.0039976308759525625,0.010626159611035302,0.0006257710485042534
FB15k-237,rule_weight_top3_mean,desc,0.010000388562531048,0.84,34288,0.3359045798960666,0.3761920484390036,0.38018911383321663,0.003997065394213017,0.010625066135232508,0.0006246775727014597
FB15k-237,topk_rule_weight,desc,0.010000388562531048,0.84,34288,0.3359045798960666,0.3761920484390036,0.38018911383321663,0.003997065394213017,0.010625066135232508,0.0006246775727014597
FB15k-237,rule_mass,asc,0.010000388562692253,0.76,31022,511.1386576033024,0.4011752138570723,0.40541989243880266,0.004244678581730388,0.01058061025485646,0.0005802216921642067
FB15k-237,num_candidate_rule_edges,asc,0.01000038856261587,0.92,37553,19479.0,0.36949036625213094,0.37332645688354266,0.003836090631411715,0.010382112720075831,0.0003817241574599617
FB15k-237,neg_dep_ratio,asc,0.010000388562700024,0.98,40003,1.0,0.34381323943004494,0.3473662430345168,0.0035530036044718605,0.010334109327383212,0.00033372076468318745
FB15k-237,pos_dep_ratio,asc,0.01000038856265939,0.92,37553,1.0,0.35368810045259685,0.3572825821714783,0.003594481718881437,0.01016285737145739,0.00016246880879799974
FB15k-237,candidate_dep_coverage,asc,0.010000388562711127,0.98,40003,1.0,0.3534563295529885,0.35704653981762297,0.0035902102646344636,0.010157436617912463,0.00015704805520133647
FB15k-237,dep_candidate_ratio,asc,0.010000388562711127,0.98,40003,1.0,0.3534563295529885,0.35704653981762297,0.0035902102646344636,0.010157436617912463,0.00015704805520133647
FB15k-237,num_candidates,asc,0.01000038856270713,0.98,40003,166.0,0.3548307176648767,0.358430606308525,0.003599888643648297,0.010145369226596257,0.00014498066388912711
FB15k-237,effective_candidates,asc,0.010000388562601215,0.98,40003,165.96783336299018,0.35483071766488616,0.3584306063084965,0.0035998886436103272,0.01014536922648901,0.00014498066388779485
FB15k-237,s1_entropy,asc,0.010000388562601215,0.98,40003,5.111793994658012,0.35483071766488616,0.3584306063084965,0.0035998886436103272,0.01014536922648901,0.00014498066388779485
FB15k-237,rule_dominance_ratio,desc,0.010000388562667162,0.98,40003,0.0006930222283272,0.3568434355391663,0.3604522508697924,0.0036088153306260695,0.010113161603136689,0.00011277304046952707
FB15k-237,max_negative_dep,asc,0.01000038856269403,0.98,40003,1531.0,0.3559358655614623,0.35950453303145447,0.0035686674699921817,0.010026153066544419,2.576450385038953e-05
FB15k-237,max_candidate_dep_score,asc,0.010000388562742657,1.0,40819,6.011376100000017,0.3521072717743722,0.3556284813078831,0.0035212095335109272,0.010000388562742657,0.0
FB15k-237,net_dep_mass,asc,0.010000388562705353,1.0,40819,456.47989,0.35210727177437484,0.3556284813078727,0.003521209533497882,0.010000388562705353,0.0
FB15k-237,dep_rule_ratio,asc,0.010000388562703577,1.0,40819,3.1150427932672287,0.35210727177439355,0.355628481307891,0.003521209533497438,0.010000388562703577,0.0
FB15k-237,dep_density,asc,0.010000388562703355,1.0,40819,0.6505747126436782,0.3521072717743934,0.3556284813078907,0.003521209533497327,0.010000388562703355,0.0
FB15k-237,num_dependencies,asc,0.010000388562700913,1.0,40819,1484.0,0.3521072717743939,0.3556284813078904,0.0035212095334964943,0.010000388562700913,0.0
FB15k-237,num_dependency_edges,asc,0.010000388562700913,1.0,40819,1484.0,0.3521072717743939,0.3556284813078904,0.0035212095334964943,0.010000388562700913,0.0
FB15k-237,query_num_edges,asc,0.010000388562700913,1.0,40819,1484.0,0.3521072717743939,0.3556284813078904,0.0035212095334964943,0.010000388562700913,0.0
FB15k-237,neg_mass,asc,0.010000388562700024,1.0,40819,66.58936,0.3521072717743893,0.3556284813078854,0.0035212095334961058,0.010000388562700024,0.0
FB15k-237,num_neg_dep,asc,0.010000388562700024,1.0,40819,369.0,0.3521072717743893,0.3556284813078854,0.0035212095334961058,0.010000388562700024,0.0
FB15k-237,red_rule_ratio,asc,0.010000388562700024,1.0,40819,0.5168306077917446,0.3521072717743893,0.3556284813078854,0.0035212095334961058,0.010000388562700024,0.0
FB15k-237,redundancy_weight_max,asc,0.010000388562700024,1.0,40819,1.16499,0.3521072717743893,0.3556284813078854,0.0035212095334961058,0.010000388562700024,0.0
FB15k-237,redundancy_weight_mean,asc,0.010000388562700024,1.0,40819,0.6633,0.3521072717743893,0.3556284813078854,0.0035212095334961058,0.010000388562700024,0.0
FB15k-237,redundancy_weight_top10_mean,asc,0.010000388562700024,1.0,40819,0.903415,0.3521072717743893,0.3556284813078854,0.0035212095334961058,0.010000388562700024,0.0
FB15k-237,redundancy_weight_top10_sum,asc,0.010000388562700024,1.0,40819,9.03415,0.3521072717743893,0.3556284813078854,0.0035212095334961058,0.010000388562700024,0.0
FB15k-237,redundancy_weight_top1_mean,asc,0.010000388562700024,1.0,40819,1.16499,0.3521072717743893,0.3556284813078854,0.0035212095334961058,0.010000388562700024,0.0
FB15k-237,redundancy_weight_top1_sum,asc,0.010000388562700024,1.0,40819,1.16499,0.3521072717743893,0.3556284813078854,0.0035212095334961058,0.010000388562700024,0.0
FB15k-237,redundancy_weight_top3_mean,asc,0.010000388562700024,1.0,40819,1.0057333333333334,0.3521072717743893,0.3556284813078854,0.0035212095334961058,0.010000388562700024,0.0
FB15k-237,redundancy_weight_top3_sum,asc,0.010000388562700024,1.0,40819,3.0172,0.3521072717743893,0.3556284813078854,0.0035212095334961058,0.010000388562700024,0.0
FB15k-237,redundancy_weight_top5_mean,asc,0.010000388562700024,1.0,40819,0.962406,0.3521072717743893,0.3556284813078854,0.0035212095334961058,0.010000388562700024,0.0
FB15k-237,redundancy_weight_top5_sum,asc,0.010000388562700024,1.0,40819,4.81203,0.3521072717743893,0.3556284813078854,0.0035212095334961058,0.010000388562700024,0.0
FB15k-237,topk_redundancy,asc,0.010000388562700024,1.0,40819,1.0057333333333334,0.3521072717743893,0.3556284813078854,0.0035212095334961058,0.010000388562700024,0.0
FB15k-237,unique_redundancy_edges,asc,0.010000388562700024,1.0,40819,369.0,0.3521072717743893,0.3556284813078854,0.0035212095334961058,0.010000388562700024,0.0
FB15k-237,avg_positive_dep,asc,0.01000038856269847,1.0,40819,1516.7358490566037,0.35210727177438994,0.3556284813078855,0.0035212095334955507,0.01000038856269847,0.0
FB15k-237,max_positive_dep,asc,0.01000038856269847,1.0,40819,5213.0,0.35210727177438994,0.3556284813078855,0.0035212095334955507,0.01000038856269847,0.0
FB15k-237,sum_positive_dep,asc,0.01000038856269847,1.0,40819,160774.0,0.35210727177438994,0.3556284813078855,0.0035212095334955507,0.01000038856269847,0.0
FB15k-237,avg_negative_dep,asc,0.010000388562698248,1.0,40819,1353.0,0.3521072717743959,0.35562848130789143,0.0035212095334955507,0.010000388562698248,0.0
FB15k-237,abs_dep_mass,asc,0.010000388562698026,1.0,40819,457.80523,0.3521072717743947,0.35562848130789015,0.0035212095334954396,0.010000388562698026,0.0
FB15k-237,sum_negative_dep,asc,0.010000388562697582,1.0,40819,115087.0,0.35210727177439544,0.35562848130789076,0.0035212095334953286,0.010000388562697582,0.0
FB15k-237,avg_candidate_dep_score,desc,0.01000038856268426,1.0,40819,-19.125658899999983,0.3521072717743884,0.35562848130787894,0.0035212095334905547,0.01000038856268426,0.0
FB15k-237,num_pos_dep,asc,0.01000038856265939,1.0,40819,1479.0,0.3521072717743852,0.35562848130786695,0.0035212095334817284,0.01000038856265939,0.0
FB15k-237,pos_mass,asc,0.01000038856265939,1.0,40819,457.14256,0.3521072717743852,0.35562848130786695,0.0035212095334817284,0.01000038856265939,0.0
FB15k-237,syn_rule_ratio,asc,0.01000038856265939,1.0,40819,3.1150427932672287,0.3521072717743852,0.35562848130786695,0.0035212095334817284,0.01000038856265939,0.0
FB15k-237,synergy_weight_max,asc,0.01000038856265939,1.0,40819,2.75514,0.3521072717743852,0.35562848130786695,0.0035212095334817284,0.01000038856265939,0.0
FB15k-237,synergy_weight_mean,asc,0.01000038856265939,1.0,40819,1.2758816666666666,0.3521072717743852,0.35562848130786695,0.0035212095334817284,0.01000038856265939,0.0
FB15k-237,synergy_weight_top10_mean,asc,0.01000038856265939,1.0,40819,2.225872,0.3521072717743852,0.35562848130786695,0.0035212095334817284,0.01000038856265939,0.0
FB15k-237,synergy_weight_top10_sum,asc,0.01000038856265939,1.0,40819,22.25872,0.3521072717743852,0.35562848130786695,0.0035212095334817284,0.01000038856265939,0.0
FB15k-237,synergy_weight_top1_mean,asc,0.01000038856265939,1.0,40819,2.75514,0.3521072717743852,0.35562848130786695,0.0035212095334817284,0.01000038856265939,0.0
FB15k-237,synergy_weight_top1_sum,asc,0.01000038856265939,1.0,40819,2.75514,0.3521072717743852,0.35562848130786695,0.0035212095334817284,0.01000038856265939,0.0
FB15k-237,synergy_weight_top3_mean,asc,0.01000038856265939,1.0,40819,2.475963333333333,0.3521072717743852,0.35562848130786695,0.0035212095334817284,0.01000038856265939,0.0
FB15k-237,synergy_weight_top3_sum,asc,0.01000038856265939,1.0,40819,7.42789,0.3521072717743852,0.35562848130786695,0.0035212095334817284,0.01000038856265939,0.0
FB15k-237,synergy_weight_top5_mean,asc,0.01000038856265939,1.0,40819,2.364568,0.3521072717743852,0.35562848130786695,0.0035212095334817284,0.01000038856265939,0.0
FB15k-237,synergy_weight_top5_sum,asc,0.01000038856265939,1.0,40819,11.82284,0.3521072717743852,0.35562848130786695,0.0035212095334817284,0.01000038856265939,0.0
FB15k-237,topk_synergy,asc,0.01000038856265939,1.0,40819,2.475963333333333,0.3521072717743852,0.35562848130786695,0.0035212095334817284,0.01000038856265939,0.0
FB15k-237,topk_synergy_sum,asc,0.01000038856265939,1.0,40819,7.42789,0.3521072717743852,0.35562848130786695,0.0035212095334817284,0.01000038856265939,0.0
FB15k-237,unique_synergy_edges,asc,0.01000038856265939,1.0,40819,1479.0,0.3521072717743852,0.35562848130786695,0.0035212095334817284,0.01000038856265939,0.0
KG20C,rule_weight_top3_mean,asc,0.033444703381185326,0.2,1490,0.163658646728842,0.17143281093981602,0.1830872357854954,0.011654424845679384,0.06798246369401739,0.034537760312832066
KG20C,rule_weight_top3_sum,asc,0.033444703381185326,0.2,1490,0.490975940186526,0.17143281093981602,0.1830872357854954,0.011654424845679384,0.06798246369401739,0.034537760312832066
KG20C,topk_rule_weight,asc,0.033444703381185326,0.2,1490,0.163658646728842,0.17143281093981602,0.1830872357854954,0.011654424845679384,0.06798246369401739,0.034537760312832066
KG20C,rule_weight_top5_mean,asc,0.03344470338117955,0.2,1490,0.1378454181578686,0.17837918679757955,0.19046167336251024,0.012082486564930689,0.06773484497741089,0.03429014159623134
KG20C,rule_weight_top5_sum,asc,0.03344470338117955,0.2,1490,0.689227090789343,0.17837918679757955,0.19046167336251024,0.012082486564930689,0.06773484497741089,0.03429014159623134
KG20C,rule_weight_max,asc,0.03344470338119221,0.22,1639,0.2231435513142097,0.1589770372208661,0.16966879520170144,0.010691757980835354,0.06725347363205247,0.033808770250860265
KG20C,rule_weight_top1_mean,asc,0.03344470338119221,0.22,1639,0.2231435513142097,0.1589770372208661,0.16966879520170144,0.010691757980835354,0.06725347363205247,0.033808770250860265
KG20C,rule_weight_top1_sum,asc,0.03344470338119221,0.22,1639,0.2231435513142097,0.1589770372208661,0.16966879520170144,0.010691757980835354,0.06725347363205247,0.033808770250860265
KG20C,top1_rule_weight,asc,0.03344470338119221,0.22,1639,0.2231435513142097,0.1589770372208661,0.16966879520170144,0.010691757980835354,0.06725347363205247,0.033808770250860265
KG20C,weak_rule_score,desc,0.03344470338119154,0.2,1490,0.7923606352217555,0.15850215513189225,0.1691490805726872,0.010646925440794958,0.06717211782978905,0.033727414448597504
KG20C,avg_candidate_dep_score,desc,0.03344470338118133,0.24,1788,2.3504815088891137e-05,0.20980284146019476,0.22339813141832232,0.01359528995812756,0.06480031377795692,0.03135561039677559
KG20C,max_candidate_dep_score,desc,0.03344470338122951,0.26,1936,0.0023404514030211,0.19808764084473,0.21066801281774902,0.012580371973019033,0.06350912111109497,0.030064417729865456
KG20C,pos_dep_ratio,desc,0.0334447033812193,0.4,2979,0.9818181818181818,0.17494307315660673,0.18597420380073645,0.011031130644129722,0.06305554398404101,0.02961084060282171
KG20C,syn_rule_ratio,desc,0.03344470338121397,0.56,4171,0.022910068715956,0.16592783715992626,0.17593515794477999,0.010007320784853724,0.060311283243018154,0.026866579861804185
KG20C,synergy_weight_max,desc,0.03344470338121375,0.56,4171,0.23538,0.16575744073505752,0.17571247939984813,0.00995503866479061,0.06005786902020582,0.026613165638992076
KG20C,synergy_weight_top1_mean,desc,0.03344470338121375,0.56,4171,0.23538,0.16575744073505752,0.17571247939984813,0.00995503866479061,0.06005786902020582,0.026613165638992076
KG20C,synergy_weight_top1_sum,desc,0.03344470338121375,0.56,4171,0.23538,0.16575744073505752,0.17571247939984813,0.00995503866479061,0.06005786902020582,0.026613165638992076
KG20C,synergy_weight_top10_mean,desc,0.0334447033812173,0.58,4320,0.078503,0.16460537889611698,0.17448604853871558,0.009880669642598594,0.060026408060664505,0.026581704679447204
KG20C,synergy_weight_mean,desc,0.03344470338121597,0.58,4320,0.07328,0.1654211086750214,0.17534734011257222,0.009926231437550809,0.060005833095046146,0.02656112971383018
KG20C,synergy_weight_top3_sum,desc,0.03344470338121708,0.58,4320,0.22426,0.16627651145747713,0.17624272787095488,0.009966216413477752,0.05993760830149775,0.02649290492028067
KG20C,topk_synergy_sum,desc,0.03344470338121708,0.58,4320,0.22426,0.16627651145747713,0.17624272787095488,0.009966216413477752,0.05993760830149775,0.02649290492028067
KG20C,synergy_weight_top5_mean,desc,0.033444703381217966,0.58,4320,0.08671,0.16505404594030848,0.17494653466135773,0.009892488721049253,0.05993484536953941,0.026490141988321447
KG20C,synergy_weight_top3_mean,desc,0.03344470338121619,0.58,4320,0.0981866666666666,0.16602680707134412,0.17597211548088465,0.009945308409540526,0.05990182299456537,0.026457119613349178
KG20C,topk_synergy,desc,0.03344470338121619,0.58,4320,0.0981866666666666,0.16602680707134412,0.17597211548088465,0.009945308409540526,0.05990182299456537,0.026457119613349178
KG20C,net_dep_mass,desc,0.03344470338121708,0.58,4320,0.23538,0.16521323215465766,0.17509229940673884,0.00987906725208118,0.059795859709549815,0.026351156328332737
KG20C,synergy_weight_top5_sum,desc,0.0334447033812173,0.58,4320,0.23538,0.16527178114576513,0.175144095434468,0.00987231428870286,0.059733816748763324,0.026289113367546024
KG20C,synergy_weight_top10_sum,desc,0.033444703381215524,0.58,4320,0.23538,0.1648576514434593,0.1746987006834504,0.009841049239991101,0.0596942219777179,0.026249518596502375
KG20C,pos_mass,desc,0.03344470338121597,0.58,4320,0.23538,0.16496708710245328,0.17481349004768298,0.009846402945229704,0.05968707527165451,0.026242371890438543
KG20C,dep_rule_ratio,desc,0.0334447033812173,0.46,3426,0.0867781837745178,0.170654142357758,0.1807966363370832,0.010142493979325207,0.05943303713110315,0.02598833374988585
KG20C,max_positive_dep,desc,0.03344470338122152,0.58,4320,1.0,0.16488985220325517,0.17460971072204812,0.009719858518792951,0.05894758463857164,0.02550288125735012
KG20C,num_pos_dep,desc,0.03344470338121641,0.62,4618,0.0,0.16584511665681254,0.17559424435295265,0.009749127696140114,0.05878453277773765,0.02533982939652124
KG20C,unique_synergy_edges,desc,0.03344470338121641,0.62,4618,0.0,0.16584511665681254,0.17559424435295265,0.009749127696140114,0.05878453277773765,0.02533982939652124
KG20C,max_negative_dep,desc,0.03344470338122996,0.54,4022,1.0,0.16082278632574018,0.170205469451111,0.009382683125370828,0.05834175205972736,0.024897048678497402
KG20C,dep_density,desc,0.03344470338121952,0.36,2681,0.0002298322224775,0.142470517776783,0.15077274920691222,0.008302231430129231,0.05827332952588016,0.024828626144660637
KG20C,avg_positive_dep,desc,0.0334447033812213,0.58,4320,0.01,0.16520485824880743,0.17481601060313118,0.009611152354323749,0.058177177452304996,0.0247324740710837
KG20C,abs_dep_mass,desc,0.0334447033812193,0.48,3575,1.1338,0.15662112828760305,0.16571495927070848,0.009093830983105428,0.05806260676660724,0.02461790338538794
KG20C,sum_positive_dep,desc,0.033444703381221075,0.58,4320,1.0,0.16345185560677644,0.1729012928226463,0.009449437215869855,0.057811746344457404,0.02436704296323633
KG20C,num_dependencies,desc,0.03344470338122019,0.62,4618,1.0,0.163321004379906,0.17273723658661097,0.009416232206704983,0.05765475324166869,0.0242100498604485
KG20C,num_dependency_edges,desc,0.03344470338122019,0.62,4618,1.0,0.163321004379906,0.17273723658661097,0.009416232206704983,0.05765475324166869,0.0242100498604485
KG20C,query_num_edges,desc,0.03344470338122019,0.62,4618,1.0,0.163321004379906,0.17273723658661097,0.009416232206704983,0.05765475324166869,0.0242100498604485
KG20C,candidate_dep_coverage,desc,0.033444703381218854,0.62,4618,0.01,0.1621493784035059,0.17135760932297395,0.009208230919468041,0.05678856749332417,0.023343864112105317
KG20C,dep_candidate_ratio,desc,0.033444703381218854,0.62,4618,0.01,0.1621493784035059,0.17135760932297395,0.009208230919468041,0.05678856749332417,0.023343864112105317
KG20C,avg_negative_dep,desc,0.033444703381229735,0.56,4171,0.01,0.16123800632133276,0.1703727121056809,0.009134705784348135,0.05665355205486411,0.023208848673634375
KG20C,sum_negative_dep,desc,0.03344470338122951,0.56,4171,1.0,0.1597408216863508,0.16875165050765012,0.009010828821299333,0.05640905515680883,0.022964351775579317
KG20C,num_rule_nodes,desc,0.0334447033812002,0.48,3575,215.0,0.14808812547616404,0.15630275517975203,0.008214629703587994,0.055471224834365396,0.022026521453165193
KG20C,num_rules,desc,0.0334447033812002,0.48,3575,215.0,0.14808812547616404,0.15630275517975203,0.008214629703587994,0.055471224834365396,0.022026521453165193
KG20C,query_num_nodes,desc,0.0334447033812002,0.48,3575,215.0,0.14808812547616404,0.15630275517975203,0.008214629703587994,0.055471224834365396,0.022026521453165193
KG20C,avg_rules_per_candidate,desc,0.03344470338122041,0.2,1490,11.647058823529411,0.09535156397236012,0.10051979137558019,0.005168227403220066,0.05420181052004769,0.02075710713882728
KG20C,num_candidates,desc,0.03344470338119798,0.86,6405,100.0,0.16144608599707616,0.17018274462205168,0.008736658624975524,0.05411502280169089,0.02067031942049291
KG20C,num_candidate_rule_edges,desc,0.03344470338119887,0.68,5065,419.0,0.14523978652356984,0.15298876549959134,0.007748978976021503,0.05335300444526592,0.019908301064067047
KG20C,max_rules_per_candidate,desc,0.03344470338121974,0.2,1490,24.0,0.128401911745099,0.13511195703922027,0.006710045294121281,0.05225814166569376,0.018813438284474016
KG20C,rule_dominance_ratio,asc,0.033444703381200425,0.74,5512,0.0320494777717675,0.1406593030894483,0.1475855875024894,0.006926284413041106,0.04924156640131039,0.015796863020109964
KG20C,rule_weight_top10_mean,asc,0.03344470338117622,0.2,1490,0.1038106966571823,0.22719134577028252,0.2383369683336605,0.011145622563377977,0.04905830600892491,0.01561360262774869
KG20C,rule_weight_top10_sum,asc,0.03344470338117622,0.2,1490,1.038106966571823,0.22719134577028252,0.2383369683336605,0.011145622563377977,0.04905830600892491,0.01561360262774869
KG20C,num_neg_dep,desc,0.03344470338123551,0.2,1490,1.0,0.13199528745268943,0.13823275109893662,0.006237463646247193,0.04725519953492929,0.013810496153693785
KG20C,unique_redundancy_edges,desc,0.03344470338123551,0.2,1490,1.0,0.13199528745268943,0.13823275109893662,0.006237463646247193,0.04725519953492929,0.013810496153693785
KG20C,avg_candidate_dep_score,asc,0.033444703381181995,0.2,1490,-5.3927466815779954e-05,0.1425201912079893,0.14917105128425495,0.006650860076265641,0.046666090045863085,0.01322138666468109
KG20C,candidate_rule_coverage,desc,0.03344470338122019,0.88,6554,1.0,0.19079709305794176,0.1995631528904684,0.008766059832526624,0.04594440980222125,0.012499706421001067
KG20C,redundancy_weight_max,desc,0.033444703381235064,0.9,6703,0.0,0.1931264142270962,0.20168399745445273,0.00855758322735653,0.04431078608073635,0.01086608269950129
KG20C,redundancy_weight_top1_mean,desc,0.033444703381235064,0.9,6703,0.0,0.1931264142270962,0.20168399745445273,0.00855758322735653,0.04431078608073635,0.01086608269950129
KG20C,redundancy_weight_top1_sum,desc,0.033444703381235064,0.9,6703,0.0,0.1931264142270962,0.20168399745445273,0.00855758322735653,0.04431078608073635,0.01086608269950129
KG20C,redundancy_weight_top3_mean,desc,0.03344470338123462,0.9,6703,0.0,0.1931264142270963,0.20168399745445276,0.008557583227356447,0.04431078608073591,0.01086608269950129
KG20C,topk_redundancy,desc,0.03344470338123462,0.9,6703,0.0,0.1931264142270963,0.20168399745445276,0.008557583227356447,0.04431078608073591,0.01086608269950129
KG20C,redundancy_weight_top10_sum,desc,0.0334447033812344,0.9,6703,0.0,0.19312641422709623,0.20168399745445262,0.008557583227356391,0.04431078608073569,0.01086608269950129
KG20C,redundancy_weight_top3_sum,desc,0.0334447033812344,0.9,6703,0.0,0.1931264142270962,0.2016839974544526,0.008557583227356391,0.04431078608073569,0.01086608269950129
KG20C,redundancy_weight_top5_sum,desc,0.0334447033812344,0.9,6703,0.0,0.19312641422709623,0.20168399745445262,0.008557583227356391,0.04431078608073569,0.01086608269950129
KG20C,neg_mass,desc,0.0334447033812344,0.9,6703,0.0,0.19312641422709623,0.2016839974544526,0.008557583227356363,0.044310786080735465,0.010866082699501067
KG20C,redundancy_weight_top5_mean,desc,0.0334447033812344,0.9,6703,0.0,0.19312641422709634,0.20168399745445273,0.008557583227356391,0.044310786080735465,0.010866082699501067
KG20C,redundancy_weight_mean,desc,0.033444703381234175,0.9,6703,0.0,0.19312641422709637,0.2016839974544527,0.008557583227356336,0.04431078608073524,0.010866082699501067
KG20C,redundancy_weight_top10_mean,desc,0.033444703381234175,0.9,6703,0.0,0.19312641422709637,0.2016839974544527,0.008557583227356336,0.04431078608073524,0.010866082699501067
KG20C,neg_dep_ratio,desc,0.03344470338123351,0.9,6703,0.0,0.19312641422709637,0.2016839974544525,0.008557583227356141,0.044310786080734355,0.010866082699500845
KG20C,red_rule_ratio,desc,0.033444703381231955,0.9,6703,0.0,0.1931264142270965,0.20168399745445229,0.00855758322735578,0.044310786080732356,0.010866082699500401
KG20C,s1_margin,asc,0.03344470338117844,0.66,4916,0.0370955274604559,0.15254669865449194,0.15908152886469573,0.00653483021020379,0.04283822768924517,0.009393524308066725
KG20C,stage1_top_margin,asc,0.03344470338117844,0.66,4916,0.0370955274604559,0.15254669865449194,0.15908152886469573,0.00653483021020379,0.04283822768924517,0.009393524308066725
KG20C,stage2_top_margin,asc,0.033444703381178886,0.66,4916,0.037113550101459,0.15268185204319404,0.15921846386762561,0.006536611824431576,0.04281197625623734,0.009367272875058452
KG20C,rule_weight_mean,asc,0.03344470338117422,0.5,3724,0.0319079618162993,0.26218032272507924,0.2732974834210955,0.01111716069601626,0.042402727178247,0.008958023797072778
KG20C,max_stage1_score,asc,0.033444703381175556,0.28,2085,0.1208302026189952,0.1982514587718485,0.2063260262339959,0.008074567462147408,0.04072891827464309,0.007284214893467533
KG20C,s1_top1,asc,0.033444703381175556,0.28,2085,0.1208302026189952,0.1982514587718485,0.2063260262339959,0.008074567462147408,0.04072891827464309,0.007284214893467533
KG20C,max_stage2_score,asc,0.033444703381175334,0.28,2085,0.1209854243840022,0.19824343472993838,0.2063175407763347,0.008074106046396329,0.040728239285177104,0.00728353590400177
KG20C,candidate_rule_coverage,asc,0.03344470338116512,0.9,6703,1.0,0.20657399052170686,0.21497579407350878,0.008401803551801923,0.04067212687610389,0.007227423494938767
KG20C,avg_stage1_score,desc,0.03344470338121197,0.88,6554,0.0065857147017972,0.18770344771635503,0.19526562238161194,0.00756217466525691,0.0402878836657512,0.00684318028453923
KG20C,avg_stage2_score,desc,0.03344470338121153,0.88,6554,0.0066000301877829,0.18770344771635508,0.1952656223816119,0.007562174665256827,0.04028788366575076,0.00684318028453923
KG20C,s1_norm_margin,asc,0.033444703381187324,0.78,5809,0.3354302959448152,0.1649680626197962,0.17161123347100793,0.006643170851211716,0.04026943606970956,0.006824732688522239
KG20C,rule_mass,desc,0.0334447033812173,0.44,3277,21.99066742802882,0.12667526522398695,0.1317644090110395,0.0050891437870525524,0.040174723755690867,0.0067300203744735665
KG20C,neg_dep_ratio,asc,0.03344470338116734,0.64,4767,0.0,0.2297129439874912,0.23885713896208247,0.009144194974591263,0.03980705142627583,0.00636234804510849
KG20C,neg_mass,asc,0.03344470338116734,0.64,4767,0.0,0.2297129439874912,0.23885713896208247,0.009144194974591263,0.03980705142627583,0.00636234804510849
KG20C,num_neg_dep,asc,0.03344470338116734,0.64,4767,0.0,0.2297129439874912,0.23885713896208247,0.009144194974591263,0.03980705142627583,0.00636234804510849
KG20C,red_rule_ratio,asc,0.03344470338116734,0.64,4767,0.0,0.2297129439874912,0.23885713896208247,0.009144194974591263,0.03980705142627583,0.00636234804510849
KG20C,redundancy_weight_max,asc,0.03344470338116734,0.64,4767,0.0,0.2297129439874912,0.23885713896208247,0.009144194974591263,0.03980705142627583,0.00636234804510849
KG20C,redundancy_weight_mean,asc,0.03344470338116734,0.64,4767,0.0,0.2297129439874912,0.23885713896208247,0.009144194974591263,0.03980705142627583,0.00636234804510849
KG20C,redundancy_weight_top10_mean,asc,0.03344470338116734,0.64,4767,0.0,0.2297129439874912,0.23885713896208247,0.009144194974591263,0.03980705142627583,0.00636234804510849
KG20C,redundancy_weight_top10_sum,asc,0.03344470338116734,0.64,4767,0.0,0.2297129439874912,0.23885713896208247,0.009144194974591263,0.03980705142627583,0.00636234804510849
KG20C,redundancy_weight_top1_mean,asc,0.03344470338116734,0.64,4767,0.0,0.2297129439874912,0.23885713896208247,0.009144194974591263,0.03980705142627583,0.00636234804510849
KG20C,redundancy_weight_top1_sum,asc,0.03344470338116734,0.64,4767,0.0,0.2297129439874912,0.23885713896208247,0.009144194974591263,0.03980705142627583,0.00636234804510849
KG20C,redundancy_weight_top3_mean,asc,0.03344470338116734,0.64,4767,0.0,0.2297129439874912,0.23885713896208247,0.009144194974591263,0.03980705142627583,0.00636234804510849
KG20C,redundancy_weight_top3_sum,asc,0.03344470338116734,0.64,4767,0.0,0.2297129439874912,0.23885713896208247,0.009144194974591263,0.03980705142627583,0.00636234804510849
KG20C,redundancy_weight_top5_mean,asc,0.03344470338116734,0.64,4767,0.0,0.2297129439874912,0.23885713896208247,0.009144194974591263,0.03980705142627583,0.00636234804510849
KG20C,redundancy_weight_top5_sum,asc,0.03344470338116734,0.64,4767,0.0,0.2297129439874912,0.23885713896208247,0.009144194974591263,0.03980705142627583,0.00636234804510849
KG20C,topk_redundancy,asc,0.03344470338116734,0.64,4767,0.0,0.2297129439874912,0.23885713896208247,0.009144194974591263,0.03980705142627583,0.00636234804510849
KG20C,unique_redundancy_edges,asc,0.03344470338116734,0.64,4767,0.0,0.2297129439874912,0.23885713896208247,0.009144194974591263,0.03980705142627583,0.00636234804510849
KG20C,effective_candidates,desc,0.03344470338117422,0.34,2532,99.99862596278648,0.1449529736093247,0.15072129307768223,0.005768319468357541,0.03979441969851716,0.006349716317342935
KG20C,s1_entropy,desc,0.03344470338117422,0.34,2532,4.605156445521557,0.1449529736093247,0.15072129307768223,0.005768319468357541,0.03979441969851716,0.006349716317342935
KG20C,avg_stage2_score,asc,0.033444703381172,0.6,4469,0.0575732272067844,0.2635282200746343,0.27360501736229026,0.01007679728765598,0.038238019764267106,0.004793316383095103
KG20C,avg_stage1_score,asc,0.033444703381172,0.6,4469,0.0576005441543709,0.26342932918822165,0.2734954914259581,0.010066162237736431,0.03821200269824199,0.004767299317069984
KG20C,effective_candidates,asc,0.033444703381217744,0.86,6405,101.85771900634587,0.24501657342753524,0.25346866345428254,0.008452090026747294,0.03449599310165463,0.0010512897204368876
KG20C,s1_entropy,asc,0.033444703381217744,0.86,6405,4.6235769277867735,0.24501657342753524,0.25346866345428254,0.008452090026747294,0.03449599310165463,0.0010512897204368876
KG20C,num_candidates,asc,0.033444703381146246,0.88,6554,102.0,0.24365172842495114,0.25204082303495506,0.008389094610003922,0.034430679659996466,0.0009859762788502202
KG20C,s1_margin,desc,0.03344470338121597,0.98,7299,0.0,0.22491207303801947,0.23265296983029451,0.007740896792275048,0.03441743561256727,0.0009727322313513032
KG20C,stage1_top_margin,desc,0.03344470338121597,0.98,7299,0.0,0.22491207303801947,0.23265296983029451,0.007740896792275048,0.03441743561256727,0.0009727322313513032
KG20C,stage2_top_margin,desc,0.03344470338121619,0.98,7299,0.0,0.22491207303801947,0.23265296983029454,0.007740896792275076,0.03441743561256727,0.0009727322313510811
KG20C,s1_norm_margin,desc,0.03344470338120065,0.98,7299,0.0,0.22491207303802194,0.23265296983029352,0.007740896792271579,0.034417435612551506,0.0009727322313508591
KG20C,max_stage2_score,desc,0.03344470338122063,0.56,4171,0.1693132477510348,0.2268691119824157,0.23464733509977898,0.0077782231173632865,0.034285068819620346,0.000840365438399715
KG20C,max_stage1_score,desc,0.03344470338122063,0.56,4171,0.1692817250107041,0.22684740998194292,0.23462116498018878,0.007773754998245869,0.03426865221368258,0.0008239488324619515
KG20C,s1_top1,desc,0.03344470338122063,0.56,4171,0.1692817250107041,0.22684740998194292,0.23462116498018878,0.007773754998245869,0.03426865221368258,0.0008239488324619515
KG20C,rule_mass,asc,0.03344470338116867,0.82,6107,71.72111894673935,0.2607600078429878,0.26964421136225597,0.008884203519268163,0.03407042204346622,0.0006257186622975475
KG20C,rule_dominance_ratio,desc,0.0334447033811911,0.96,7150,0.0032334979824327,0.23350413785408491,0.24137018895389906,0.007866051099814142,0.033686988042711086,0.00024228466151998695
KG20C,rule_weight_top10_mean,desc,0.033444703381221075,1.0,7448,0.0022469676777647,0.22638080233585425,0.23395204112117973,0.007571238785325479,0.033444703381221075,0.0
KG20C,rule_weight_top10_sum,desc,0.033444703381221075,1.0,7448,0.0224696767776479,0.22638080233585425,0.23395204112117973,0.007571238785325479,0.033444703381221075,0.0
KG20C,rule_weight_top3_mean,desc,0.033444703381218854,1.0,7448,0.0026635885458146,0.22638080233585928,0.23395204112118442,0.007571238785325146,0.033444703381218854,0.0
KG20C,rule_weight_top3_sum,desc,0.033444703381218854,1.0,7448,0.0079907656374438,0.22638080233585928,0.23395204112118442,0.007571238785325146,0.033444703381218854,0.0
KG20C,topk_rule_weight,desc,0.033444703381218854,1.0,7448,0.0026635885458146,0.22638080233585928,0.23395204112118442,0.007571238785325146,0.033444703381218854,0.0
KG20C,rule_weight_top5_mean,desc,0.03344470338121863,1.0,7448,0.0024969301985934,0.2263808023358557,0.23395204112118068,0.00757123878532498,0.03344470338121863,0.0
KG20C,rule_weight_top5_sum,desc,0.03344470338121863,1.0,7448,0.0124846509929671,0.2263808023358557,0.23395204112118068,0.00757123878532498,0.03344470338121863,0.0
KG20C,rule_weight_max,desc,0.03344470338121308,1.0,7448,0.0029970052402695,0.226380802335864,0.23395204112118798,0.00757123878532398,0.03344470338121308,0.0
KG20C,rule_weight_top1_mean,desc,0.03344470338121308,1.0,7448,0.0029970052402695,0.226380802335864,0.23395204112118798,0.00757123878532398,0.03344470338121308,0.0
KG20C,rule_weight_top1_sum,desc,0.03344470338121308,1.0,7448,0.0029970052402695,0.226380802335864,0.23395204112118798,0.00757123878532398,0.03344470338121308,0.0
KG20C,top1_rule_weight,desc,0.03344470338121308,1.0,7448,0.0029970052402695,0.226380802335864,0.23395204112118798,0.00757123878532398,0.03344470338121308,0.0
KG20C,weak_rule_score,asc,0.03344470338121197,1.0,7448,0.9970029947597304,0.22638080233586627,0.2339520411211901,0.007571238785323842,0.03344470338121197,0.0
KG20C,rule_weight_mean,desc,0.03344470338120509,1.0,7448,0.0016372899346159,0.22638080233585806,0.23395204112118004,0.007571238785321982,0.03344470338120509,0.0
KG20C,pos_dep_ratio,asc,0.03344470338117689,1.0,7448,1.0,0.22638080233587116,0.23395204112118723,0.00757123878531607,0.03344470338117689,0.0
KG20C,dep_rule_ratio,asc,0.033444703381176666,1.0,7448,2.0727633949428075,0.22638080233587066,0.23395204112118664,0.007571238785315987,0.033444703381176666,0.0
KG20C,synergy_weight_mean,asc,0.033444703381176666,1.0,7448,1.99003,0.22638080233587077,0.23395204112118675,0.007571238785315987,0.033444703381176666,0.0
KG20C,synergy_weight_top3_mean,asc,0.033444703381175334,1.0,7448,1.99003,0.22638080233587132,0.233952041121187,0.0075712387853156815,0.033444703381175334,0.0
KG20C,topk_synergy,asc,0.033444703381175334,1.0,7448,1.99003,0.22638080233587132,0.233952041121187,0.0075712387853156815,0.033444703381175334,0.0
KG20C,num_rule_nodes,asc,0.03344470338117511,1.0,7448,758.0,0.22638080233587268,0.23395204112118836,0.0075712387853156815,0.03344470338117511,0.0
KG20C,num_rules,asc,0.03344470338117511,1.0,7448,758.0,0.22638080233587268,0.23395204112118836,0.0075712387853156815,0.03344470338117511,0.0
KG20C,query_num_nodes,asc,0.03344470338117511,1.0,7448,758.0,0.22638080233587268,0.23395204112118836,0.0075712387853156815,0.03344470338117511,0.0
KG20C,synergy_weight_top10_mean,asc,0.03344470338117511,1.0,7448,1.99003,0.2263808023358712,0.23395204112118687,0.007571238785315654,0.03344470338117511,0.0
KG20C,dep_density,asc,0.03344470338117489,1.0,7448,0.0122807017543859,0.22638080233587007,0.23395204112118562,0.007571238785315543,0.03344470338117489,0.0
KG20C,max_negative_dep,asc,0.03344470338117467,1.0,7448,35.0,0.22638080233587046,0.233952041121186,0.007571238785315543,0.03344470338117467,0.0
KG20C,synergy_weight_top5_mean,asc,0.03344470338117467,1.0,7448,1.99003,0.22638080233587138,0.23395204112118695,0.0075712387853155705,0.03344470338117467,0.0
KG20C,avg_negative_dep,asc,0.033444703381174,1.0,7448,5.450980392156863,0.22638080233587063,0.233952041121186,0.007571238785315376,0.033444703381174,0.0
KG20C,syn_rule_ratio,asc,0.033444703381174,1.0,7448,2.0727633949428075,0.22638080233587105,0.23395204112118642,0.007571238785315376,0.033444703381174,0.0
KG20C,sum_negative_dep,asc,0.03344470338117378,1.0,7448,587.0,0.22638080233587068,0.23395204112118603,0.0075712387853153484,0.03344470338117378,0.0
KG20C,synergy_weight_max,asc,0.03344470338117267,1.0,7448,1.99003,0.22638080233587157,0.23395204112118667,0.007571238785315099,0.03344470338117267,0.0
KG20C,synergy_weight_top1_mean,asc,0.03344470338117267,1.0,7448,1.99003,0.22638080233587157,0.23395204112118667,0.007571238785315099,0.03344470338117267,0.0
KG20C,synergy_weight_top1_sum,asc,0.03344470338117267,1.0,7448,1.99003,0.22638080233587157,0.23395204112118667,0.007571238785315099,0.03344470338117267,0.0
KG20C,candidate_dep_coverage,asc,0.033444703381172225,1.0,7448,0.9,0.22638080233587135,0.23395204112118637,0.007571238785315015,0.033444703381172225,0.0
KG20C,dep_candidate_ratio,asc,0.033444703381172225,1.0,7448,0.9,0.22638080233587135,0.23395204112118637,0.007571238785315015,0.033444703381172225,0.0
KG20C,max_candidate_dep_score,asc,0.033444703381172225,1.0,7448,0.225547,0.22638080233587096,0.23395204112118595,0.007571238785314988,0.033444703381172225,0.0
KG20C,abs_dep_mass,asc,0.03344470338117156,1.0,7448,36.58332,0.22638080233587207,0.23395204112118692,0.007571238785314849,0.03344470338117156,0.0
KG20C,synergy_weight_top3_sum,asc,0.03344470338117134,1.0,7448,5.24151,0.22638080233587196,0.23395204112118678,0.007571238785314821,0.03344470338117134,0.0
KG20C,topk_synergy_sum,asc,0.03344470338117134,1.0,7448,5.24151,0.22638080233587196,0.23395204112118678,0.007571238785314821,0.03344470338117134,0.0
KG20C,net_dep_mass,asc,0.03344470338117067,1.0,7448,28.57343,0.22638080233587224,0.23395204112118692,0.007571238785314682,0.03344470338117067,0.0
KG20C,synergy_weight_top5_sum,asc,0.03344470338117045,1.0,7448,8.32203,0.22638080233587216,0.23395204112118678,0.007571238785314627,0.03344470338117045,0.0
KG20C,sum_positive_dep,asc,0.03344470338116978,1.0,7448,312.0,0.2263808023358725,0.23395204112118695,0.00757123878531446,0.03344470338116978,0.0
KG20C,pos_mass,asc,0.03344470338116956,1.0,7448,28.62463,0.22638080233587238,0.23395204112118678,0.007571238785314405,0.03344470338116956,0.0
KG20C,synergy_weight_top10_sum,asc,0.03344470338116956,1.0,7448,14.37213,0.22638080233587238,0.23395204112118678,0.007571238785314405,0.03344470338116956,0.0
KG20C,avg_positive_dep,asc,0.033444703381168894,1.0,7448,2.8623853211009176,0.22638080233587268,0.23395204112118698,0.007571238785314294,0.033444703381168894,0.0
KG20C,num_pos_dep,asc,0.03344470338116845,1.0,7448,102.0,0.22638080233587232,0.2339520411211865,0.007571238785314183,0.03344470338116845,0.0
KG20C,unique_synergy_edges,asc,0.03344470338116845,1.0,7448,102.0,0.22638080233587232,0.2339520411211865,0.007571238785314183,0.03344470338116845,0.0
KG20C,num_dependencies,asc,0.03344470338116823,1.0,7448,106.0,0.22638080233587252,0.23395204112118664,0.007571238785314127,0.03344470338116823,0.0
KG20C,num_dependency_edges,asc,0.03344470338116823,1.0,7448,106.0,0.22638080233587252,0.23395204112118664,0.007571238785314127,0.03344470338116823,0.0
KG20C,query_num_edges,asc,0.03344470338116823,1.0,7448,106.0,0.22638080233587252,0.23395204112118664,0.007571238785314127,0.03344470338116823,0.0
KG20C,max_rules_per_candidate,asc,0.03344470338116756,1.0,7448,65.0,0.2263808023358703,0.2339520411211842,0.007571238785313905,0.03344470338116756,0.0
KG20C,num_candidate_rule_edges,asc,0.033444703381165786,1.0,7448,2716.0,0.22638080233587377,0.23395204112118737,0.0075712387853136,0.033444703381165786,0.0
KG20C,max_positive_dep,asc,0.03344470338116379,1.0,7448,23.0,0.22638080233587363,0.23395204112118678,0.007571238785313156,0.03344470338116379,0.0
KG20C,avg_rules_per_candidate,asc,0.033444703381163565,1.0,7448,26.368932038834952,0.22638080233587324,0.23395204112118634,0.0075712387853131,0.033444703381163565,0.0
WN18RR,rule_dominance_ratio,asc,0.005345182455681163,0.22,1332,0.0103679299620793,0.09849460483373809,0.10121474128481892,0.0027201364510808235,0.0276171111673833,0.022271928711702138
WN18RR,avg_candidate_dep_score,desc,0.00534518245573623,0.22,1332,0.0,0.37069504341804516,0.38005697446922826,0.009361931051183103,0.02525507480450817,0.01990989234877194
WN18RR,net_dep_mass,desc,0.005345182455742448,0.26,1574,0.0,0.3729580781129391,0.381551278291191,0.008593200178251936,0.023040659748492454,0.017695477292750006
WN18RR,max_negative_dep,desc,0.0053451824557413374,0.2,1211,0.0,0.350758871793208,0.3587074389681374,0.007948567174929366,0.0226610581060811,0.017315875650339763
WN18RR,sum_negative_dep,desc,0.0053451824557413374,0.2,1211,0.0,0.35075887179320797,0.3587074389681373,0.00794856717492931,0.0226610581060811,0.017315875650339763
WN18RR,avg_negative_dep,desc,0.0053451824557413374,0.2,1211,0.0,0.350758871793208,0.3587074389681373,0.007948567174929255,0.022661058106080878,0.01731587565033954
WN18RR,neg_dep_ratio,desc,0.0053451824557417815,0.26,1574,0.0,0.3687445990052795,0.377031110134546,0.008286511129266483,0.022472223733229102,0.01712704127748732
WN18RR,neg_mass,desc,0.0053451824557417815,0.26,1574,0.0,0.3687445990052795,0.377031110134546,0.008286511129266483,0.022472223733229102,0.01712704127748732
WN18RR,redundancy_weight_top10_sum,desc,0.0053451824557417815,0.26,1574,0.0,0.3687445990052795,0.377031110134546,0.008286511129266483,0.022472223733229102,0.01712704127748732
WN18RR,redundancy_weight_top3_sum,desc,0.0053451824557417815,0.26,1574,0.0,0.3687445990052795,0.377031110134546,0.008286511129266483,0.022472223733229102,0.01712704127748732
WN18RR,redundancy_weight_top5_mean,desc,0.0053451824557417815,0.26,1574,0.0,0.3687445990052795,0.377031110134546,0.008286511129266483,0.022472223733229102,0.01712704127748732
WN18RR,redundancy_weight_top5_sum,desc,0.0053451824557417815,0.26,1574,0.0,0.3687445990052795,0.377031110134546,0.008286511129266483,0.022472223733229102,0.01712704127748732
WN18RR,num_neg_dep,desc,0.0053451824557417815,0.26,1574,0.0,0.3687445990052796,0.377031110134546,0.008286511129266372,0.02247222373322888,0.0171270412774871
WN18RR,red_rule_ratio,desc,0.0053451824557417815,0.26,1574,0.0,0.3687445990052795,0.3770311101345459,0.008286511129266372,0.02247222373322888,0.0171270412774871
WN18RR,redundancy_weight_max,desc,0.0053451824557417815,0.26,1574,0.0,0.3687445990052795,0.3770311101345459,0.008286511129266372,0.02247222373322888,0.0171270412774871
WN18RR,redundancy_weight_mean,desc,0.0053451824557417815,0.26,1574,0.0,0.3687445990052795,0.3770311101345459,0.008286511129266372,0.02247222373322888,0.0171270412774871
WN18RR,redundancy_weight_top10_mean,desc,0.0053451824557417815,0.26,1574,0.0,0.3687445990052795,0.3770311101345459,0.008286511129266372,0.02247222373322888,0.0171270412774871
WN18RR,redundancy_weight_top1_mean,desc,0.0053451824557417815,0.26,1574,0.0,0.3687445990052795,0.3770311101345459,0.008286511129266372,0.02247222373322888,0.0171270412774871
WN18RR,redundancy_weight_top1_sum,desc,0.0053451824557417815,0.26,1574,0.0,0.3687445990052795,0.3770311101345459,0.008286511129266372,0.02247222373322888,0.0171270412774871
WN18RR,redundancy_weight_top3_mean,desc,0.0053451824557417815,0.26,1574,0.0,0.3687445990052795,0.3770311101345459,0.008286511129266372,0.02247222373322888,0.0171270412774871
WN18RR,topk_redundancy,desc,0.0053451824557417815,0.26,1574,0.0,0.3687445990052795,0.3770311101345459,0.008286511129266372,0.02247222373322888,0.0171270412774871
WN18RR,unique_redundancy_edges,desc,0.0053451824557417815,0.26,1574,0.0,0.3687445990052796,0.377031110134546,0.008286511129266372,0.02247222373322888,0.0171270412774871
WN18RR,candidate_rule_coverage,desc,0.0053451824557415595,0.26,1574,1.0,0.36874459900527967,0.37703111013454554,0.008286511129265872,0.022472223733227326,0.017127041277485766
WN18RR,max_candidate_dep_score,desc,0.0053451824557417815,0.26,1574,0.0,0.36874459900527945,0.37703111013454516,0.008286511129265706,0.02247222373322688,0.0171270412774851
WN18RR,synergy_weight_max,desc,0.0053451824557415595,0.26,1574,0.0,0.36874459900527945,0.3770311101345451,0.00828651112926565,0.02247222373322688,0.017127041277485322
WN18RR,synergy_weight_top1_mean,desc,0.0053451824557415595,0.26,1574,0.0,0.36874459900527945,0.3770311101345451,0.00828651112926565,0.02247222373322688,0.017127041277485322
WN18RR,synergy_weight_top1_sum,desc,0.0053451824557415595,0.26,1574,0.0,0.36874459900527945,0.3770311101345451,0.00828651112926565,0.02247222373322688,0.017127041277485322
WN18RR,synergy_weight_top10_mean,desc,0.0053451824557415595,0.26,1574,0.0,0.36874459900527945,0.37703111013454504,0.008286511129265595,0.02247222373322666,0.0171270412774851
WN18RR,synergy_weight_top3_mean,desc,0.0053451824557415595,0.26,1574,0.0,0.36874459900527945,0.37703111013454504,0.008286511129265595,0.02247222373322666,0.0171270412774851
WN18RR,synergy_weight_top3_sum,desc,0.0053451824557413374,0.26,1574,0.0,0.3687445990052795,0.3770311101345451,0.008286511129265595,0.02247222373322666,0.017127041277485322
WN18RR,topk_synergy,desc,0.0053451824557415595,0.26,1574,0.0,0.36874459900527945,0.37703111013454504,0.008286511129265595,0.02247222373322666,0.0171270412774851
WN18RR,topk_synergy_sum,desc,0.0053451824557413374,0.26,1574,0.0,0.3687445990052795,0.3770311101345451,0.008286511129265595,0.02247222373322666,0.017127041277485322
WN18RR,abs_dep_mass,desc,0.0053451824557415595,0.26,1574,0.0,0.36874459900527945,0.37703111013454493,0.008286511129265484,0.022472223733226437,0.017127041277484878
WN18RR,dep_density,desc,0.0053451824557415595,0.26,1574,0.0,0.3687445990052794,0.3770311101345449,0.008286511129265484,0.022472223733226437,0.017127041277484878
WN18RR,max_positive_dep,desc,0.0053451824557413374,0.26,1574,0.0,0.3687445990052795,0.37703111013454504,0.008286511129265539,0.022472223733226437,0.0171270412774851
WN18RR,synergy_weight_mean,desc,0.0053451824557415595,0.26,1574,0.0,0.3687445990052794,0.3770311101345449,0.008286511129265484,0.022472223733226437,0.017127041277484878
WN18RR,synergy_weight_top5_mean,desc,0.0053451824557415595,0.26,1574,0.0,0.36874459900527945,0.37703111013454493,0.008286511129265484,0.022472223733226437,0.017127041277484878
WN18RR,synergy_weight_top5_sum,desc,0.0053451824557415595,0.26,1574,0.0,0.36874459900527945,0.37703111013454493,0.008286511129265484,0.022472223733226437,0.017127041277484878
WN18RR,avg_positive_dep,desc,0.0053451824557413374,0.26,1574,0.0,0.3687445990052793,0.37703111013454466,0.008286511129265373,0.022472223733225993,0.017127041277484656
WN18RR,dep_rule_ratio,desc,0.005345182455741115,0.26,1574,0.0,0.3687445990052798,0.3770311101345451,0.008286511129265317,0.022472223733225993,0.017127041277484878
WN18RR,num_dependencies,desc,0.0053451824557413374,0.26,1574,0.0,0.3687445990052794,0.37703111013454477,0.008286511129265373,0.022472223733225993,0.017127041277484656
WN18RR,num_dependency_edges,desc,0.0053451824557413374,0.26,1574,0.0,0.3687445990052794,0.37703111013454477,0.008286511129265373,0.022472223733225993,0.017127041277484656
WN18RR,num_pos_dep,desc,0.0053451824557413374,0.26,1574,0.0,0.3687445990052793,0.37703111013454466,0.008286511129265373,0.022472223733225993,0.017127041277484656
WN18RR,pos_mass,desc,0.0053451824557413374,0.26,1574,0.0,0.3687445990052795,0.3770311101345449,0.008286511129265373,0.022472223733225993,0.017127041277484656
WN18RR,query_num_edges,desc,0.0053451824557413374,0.26,1574,0.0,0.3687445990052794,0.37703111013454477,0.008286511129265373,0.022472223733225993,0.017127041277484656
WN18RR,sum_positive_dep,desc,0.0053451824557413374,0.26,1574,0.0,0.3687445990052793,0.3770311101345446,0.008286511129265317,0.022472223733225993,0.017127041277484656
WN18RR,unique_synergy_edges,desc,0.0053451824557413374,0.26,1574,0.0,0.3687445990052793,0.37703111013454466,0.008286511129265373,0.022472223733225993,0.017127041277484656
WN18RR,synergy_weight_top10_sum,desc,0.005345182455741115,0.26,1574,0.0,0.3687445990052796,0.3770311101345448,0.008286511129265206,0.02247222373322555,0.017127041277484434
WN18RR,candidate_dep_coverage,desc,0.005345182455741115,0.26,1574,0.0,0.3687445990052792,0.37703111013454416,0.008286511129264928,0.022472223733224883,0.017127041277483768
WN18RR,dep_candidate_ratio,desc,0.005345182455741115,0.26,1574,0.0,0.3687445990052792,0.37703111013454416,0.008286511129264928,0.022472223733224883,0.017127041277483768
WN18RR,syn_rule_ratio,desc,0.005345182455741115,0.26,1574,0.0,0.3687445990052799,0.3770311101345449,0.008286511129264984,0.022472223733224883,0.017127041277483768
WN18RR,pos_dep_ratio,desc,0.005345182455740671,0.26,1574,0.0,0.36874459900527995,0.3770311101345444,0.008286511129264429,0.02247222373322355,0.01712704127748288
WN18RR,num_candidates,desc,0.005345182455733122,0.3,1817,100.0,0.3836510610201601,0.39115518412232014,0.007504123102160032,0.01955976110741342,0.014214578651680299
WN18RR,s1_norm_margin,asc,0.0053451824556915994,0.36,2180,0.2568969962740443,0.19622553438673504,0.19982195216288473,0.0035964177761496907,0.01832798054233664,0.012982798086645042
WN18RR,num_rule_nodes,asc,0.005345182455684716,0.24,1453,55.0,0.3084333157291779,0.31402001768780125,0.005586701958623319,0.018113159875143836,0.01276797741945912
WN18RR,num_rules,asc,0.005345182455684716,0.24,1453,55.0,0.3084333157291779,0.31402001768780125,0.005586701958623319,0.018113159875143836,0.01276797741945912
WN18RR,query_num_nodes,asc,0.005345182455684716,0.24,1453,55.0,0.3084333157291779,0.31402001768780125,0.005586701958623319,0.018113159875143836,0.01276797741945912
WN18RR,weak_rule_score,desc,0.005345182455684494,0.52,3149,0.4534562936319301,0.19392239043709222,0.19739888108034012,0.003476490643247898,0.017927226636450078,0.012582044180765584
WN18RR,rule_weight_max,asc,0.005345182455684494,0.52,3149,0.5465437063680699,0.19416305032691408,0.19756100673607208,0.003397956409157993,0.01750053062844259,0.012155348172758096
WN18RR,rule_weight_top1_mean,asc,0.005345182455684494,0.52,3149,0.5465437063680699,0.19416305032691408,0.19756100673607208,0.003397956409157993,0.01750053062844259,0.012155348172758096
WN18RR,rule_weight_top1_sum,asc,0.005345182455684494,0.52,3149,0.5465437063680699,0.19416305032691408,0.19756100673607208,0.003397956409157993,0.01750053062844259,0.012155348172758096
WN18RR,top1_rule_weight,asc,0.005345182455684494,0.52,3149,0.5465437063680699,0.19416305032691408,0.19756100673607208,0.003397956409157993,0.01750053062844259,0.012155348172758096
WN18RR,rule_weight_top3_mean,asc,0.005345182455684938,0.6,3633,0.808802350049292,0.23549230542484967,0.2395036247990031,0.004011319374153444,0.01703375983736133,0.01168857738167639
WN18RR,topk_rule_weight,asc,0.005345182455684938,0.6,3633,0.808802350049292,0.23549230542484967,0.2395036247990031,0.004011319374153444,0.01703375983736133,0.01168857738167639
WN18RR,rule_weight_top3_sum,asc,0.005345182455684938,0.6,3633,2.4264070501478763,0.2359851496989301,0.23999252330679544,0.004007373607865322,0.01698146520227195,0.011636282746587012
WN18RR,s1_margin,asc,0.00534518245568516,0.52,3149,0.0288249262514943,0.17852691218435357,0.1815244781306944,0.002997565946340819,0.016790555046655387,0.011445372590970226
WN18RR,stage1_top_margin,asc,0.00534518245568516,0.52,3149,0.0288249262514943,0.17852691218435357,0.1815244781306944,0.002997565946340819,0.016790555046655387,0.011445372590970226
WN18RR,rule_weight_top5_mean,asc,0.0053451824556867145,0.56,3391,0.507873390836891,0.22782335297052972,0.2315261778733917,0.003702824902861973,0.016253052439891613,0.010907869984204899
WN18RR,rule_weight_top5_sum,asc,0.005345182455686492,0.56,3391,2.518336920662075,0.22864692215149757,0.2323447179395097,0.0036977957880121315,0.01617251504291861,0.010827332587232119
WN18RR,max_stage1_score,asc,0.005345182455686048,0.54,3270,0.2468243443876153,0.20715151371311882,0.21043543839924936,0.003283924686130535,0.015852767026739656,0.010507584571053608
WN18RR,s1_top1,asc,0.005345182455686048,0.54,3270,0.2468243443876153,0.20715151371311882,0.21043543839924936,0.003283924686130535,0.015852767026739656,0.010507584571053608
WN18RR,max_stage2_score,asc,0.005345182455686048,0.58,3512,0.3347798540342213,0.22574166624362504,0.22926771395982898,0.003526047716203934,0.01561983560623914,0.010274653150553092
WN18RR,max_rules_per_candidate,asc,0.005345182455686492,0.32,1938,13.0,0.37198956150261614,0.3776767189061793,0.005687157403563181,0.015288486538682644,0.009943304082996152
WN18RR,rule_weight_top10_mean,asc,0.005345182455690711,0.28,1695,0.0719351250571851,0.13190098247441825,0.13384198898336852,0.001941006508950266,0.01471563344364557,0.00937045098795486
WN18RR,rule_weight_top10_sum,asc,0.005345182455690711,0.28,1695,0.7193512505718517,0.13190098247441828,0.1338419889833685,0.0019410065089502104,0.014715633443645126,0.009370450987954415
WN18RR,stage2_top_margin,asc,0.005345182455685382,0.66,3996,0.3475161860232316,0.2580754920379287,0.2618595622993894,0.0037840702614607147,0.014662648636564857,0.009317466180879475
WN18RR,effective_candidates,desc,0.005345182455680719,0.56,3391,99.92531782466934,0.21584581739883404,0.21901008472368666,0.0031642673248526154,0.014659850086442772,0.009314667630762052
WN18RR,s1_entropy,desc,0.005345182455680719,0.56,3391,4.6044230852244965,0.21584581739883404,0.21901008472368666,0.0031642673248526154,0.014659850086442772,0.009314667630762052
WN18RR,avg_stage1_score,asc,0.005345182455679165,0.2,1211,0.0004364469726222,0.12212597554494094,0.12352609127497567,0.0014001157300347344,0.011464520334738326,0.006119337879059161
WN18RR,avg_stage2_score,asc,0.005345182455679165,0.2,1211,0.0004371564621307,0.12136954929255164,0.12275941313054796,0.0013898638379963163,0.011451503660495188,0.006106321204816023
WN18RR,num_candidate_rule_edges,asc,0.005345182455682274,0.2,1211,289.0,0.3886777933217468,0.3930918198798225,0.004414026558075712,0.011356518519754388,0.006011336064072115
WN18RR,rule_weight_mean,asc,0.0053451824556818295,0.2,1211,0.0110719091681714,0.21417552236266893,0.21659798804456284,0.002422465681893915,0.011310656115930406,0.005965473660248577
WN18RR,avg_rules_per_candidate,asc,0.0053451824556820515,0.2,1211,2.9,0.3917346106018469,0.3961514673672825,0.004416856765435628,0.011275125163563438,0.005929942707881386
WN18RR,rule_mass,asc,0.005345182455681163,0.2,1211,3.899600260099197,0.29866574900516746,0.3017379977441034,0.0030722487389359676,0.010286578722767503,0.00494139626708634
WN18RR,rule_weight_mean,desc,0.005345182455709807,0.2,1211,0.0432446924644397,0.5096394207040922,0.5148010773009905,0.0051616565968982675,0.010128056008240405,0.004782873552530598
WN18RR,abs_dep_mass,asc,0.005345182455693598,0.38,2301,0.0,0.1859520735290832,0.1871585098783674,0.0012064363492842178,0.006487888660706487,0.0011427062050128889
WN18RR,avg_negative_dep,asc,0.005345182455693598,0.38,2301,0.0,0.1859520735290832,0.1871585098783674,0.0012064363492842178,0.006487888660706487,0.0011427062050128889
WN18RR,avg_positive_dep,asc,0.005345182455693598,0.38,2301,0.0,0.1859520735290832,0.1871585098783674,0.0012064363492842178,0.006487888660706487,0.0011427062050128889
WN18RR,candidate_dep_coverage,asc,0.005345182455693598,0.38,2301,0.0,0.1859520735290832,0.1871585098783674,0.0012064363492842178,0.006487888660706487,0.0011427062050128889
WN18RR,candidate_rule_coverage,asc,0.005345182455693598,0.38,2301,1.0,0.1859520735290832,0.1871585098783674,0.0012064363492842178,0.006487888660706487,0.0011427062050128889
WN18RR,dep_candidate_ratio,asc,0.005345182455693598,0.38,2301,0.0,0.1859520735290832,0.1871585098783674,0.0012064363492842178,0.006487888660706487,0.0011427062050128889
WN18RR,dep_density,asc,0.005345182455693598,0.38,2301,0.0,0.1859520735290832,0.1871585098783674,0.0012064363492842178,0.006487888660706487,0.0011427062050128889
WN18RR,dep_rule_ratio,asc,0.005345182455693598,0.38,2301,0.0,0.1859520735290832,0.1871585098783674,0.0012064363492842178,0.006487888660706487,0.0011427062050128889
WN18RR,max_candidate_dep_score,asc,0.005345182455693598,0.38,2301,0.0,0.1859520735290832,0.1871585098783674,0.0012064363492842178,0.006487888660706487,0.0011427062050128889
WN18RR,max_negative_dep,asc,0.005345182455693598,0.38,2301,0.0,0.1859520735290832,0.1871585098783674,0.0012064363492842178,0.006487888660706487,0.0011427062050128889
WN18RR,max_positive_dep,asc,0.005345182455693598,0.38,2301,0.0,0.1859520735290832,0.1871585098783674,0.0012064363492842178,0.006487888660706487,0.0011427062050128889
WN18RR,neg_dep_ratio,asc,0.005345182455693598,0.38,2301,0.0,0.1859520735290832,0.1871585098783674,0.0012064363492842178,0.006487888660706487,0.0011427062050128889
WN18RR,neg_mass,asc,0.005345182455693598,0.38,2301,0.0,0.1859520735290832,0.1871585098783674,0.0012064363492842178,0.006487888660706487,0.0011427062050128889
WN18RR,num_dependencies,asc,0.005345182455693598,0.38,2301,0.0,0.1859520735290832,0.1871585098783674,0.0012064363492842178,0.006487888660706487,0.0011427062050128889
WN18RR,num_dependency_edges,asc,0.005345182455693598,0.38,2301,0.0,0.1859520735290832,0.1871585098783674,0.0012064363492842178,0.006487888660706487,0.0011427062050128889
WN18RR,num_neg_dep,asc,0.005345182455693598,0.38,2301,0.0,0.1859520735290832,0.1871585098783674,0.0012064363492842178,0.006487888660706487,0.0011427062050128889
WN18RR,num_pos_dep,asc,0.005345182455693598,0.38,2301,0.0,0.1859520735290832,0.1871585098783674,0.0012064363492842178,0.006487888660706487,0.0011427062050128889
WN18RR,pos_dep_ratio,asc,0.005345182455693598,0.38,2301,0.0,0.1859520735290832,0.1871585098783674,0.0012064363492842178,0.006487888660706487,0.0011427062050128889
WN18RR,pos_mass,asc,0.005345182455693598,0.38,2301,0.0,0.1859520735290832,0.1871585098783674,0.0012064363492842178,0.006487888660706487,0.0011427062050128889
WN18RR,query_num_edges,asc,0.005345182455693598,0.38,2301,0.0,0.1859520735290832,0.1871585098783674,0.0012064363492842178,0.006487888660706487,0.0011427062050128889
WN18RR,red_rule_ratio,asc,0.005345182455693598,0.38,2301,0.0,0.1859520735290832,0.1871585098783674,0.0012064363492842178,0.006487888660706487,0.0011427062050128889
WN18RR,redundancy_weight_max,asc,0.005345182455693598,0.38,2301,0.0,0.1859520735290832,0.1871585098783674,0.0012064363492842178,0.006487888660706487,0.0011427062050128889
WN18RR,redundancy_weight_mean,asc,0.005345182455693598,0.38,2301,0.0,0.1859520735290832,0.1871585098783674,0.0012064363492842178,0.006487888660706487,0.0011427062050128889
WN18RR,redundancy_weight_top10_mean,asc,0.005345182455693598,0.38,2301,0.0,0.1859520735290832,0.1871585098783674,0.0012064363492842178,0.006487888660706487,0.0011427062050128889
WN18RR,redundancy_weight_top10_sum,asc,0.005345182455693598,0.38,2301,0.0,0.1859520735290832,0.1871585098783674,0.0012064363492842178,0.006487888660706487,0.0011427062050128889
WN18RR,redundancy_weight_top1_mean,asc,0.005345182455693598,0.38,2301,0.0,0.1859520735290832,0.1871585098783674,0.0012064363492842178,0.006487888660706487,0.0011427062050128889
WN18RR,redundancy_weight_top1_sum,asc,0.005345182455693598,0.38,2301,0.0,0.1859520735290832,0.1871585098783674,0.0012064363492842178,0.006487888660706487,0.0011427062050128889
WN18RR,redundancy_weight_top3_mean,asc,0.005345182455693598,0.38,2301,0.0,0.1859520735290832,0.1871585098783674,0.0012064363492842178,0.006487888660706487,0.0011427062050128889
WN18RR,redundancy_weight_top3_sum,asc,0.005345182455693598,0.38,2301,0.0,0.1859520735290832,0.1871585098783674,0.0012064363492842178,0.006487888660706487,0.0011427062050128889
WN18RR,redundancy_weight_top5_mean,asc,0.005345182455693598,0.38,2301,0.0,0.1859520735290832,0.1871585098783674,0.0012064363492842178,0.006487888660706487,0.0011427062050128889
WN18RR,redundancy_weight_top5_sum,asc,0.005345182455693598,0.38,2301,0.0,0.1859520735290832,0.1871585098783674,0.0012064363492842178,0.006487888660706487,0.0011427062050128889
WN18RR,sum_negative_dep,asc,0.005345182455693598,0.38,2301,0.0,0.1859520735290832,0.1871585098783674,0.0012064363492842178,0.006487888660706487,0.0011427062050128889
WN18RR,sum_positive_dep,asc,0.005345182455693598,0.38,2301,0.0,0.1859520735290832,0.1871585098783674,0.0012064363492842178,0.006487888660706487,0.0011427062050128889
WN18RR,syn_rule_ratio,asc,0.005345182455693598,0.38,2301,0.0,0.1859520735290832,0.1871585098783674,0.0012064363492842178,0.006487888660706487,0.0011427062050128889
WN18RR,synergy_weight_max,asc,0.005345182455693598,0.38,2301,0.0,0.1859520735290832,0.1871585098783674,0.0012064363492842178,0.006487888660706487,0.0011427062050128889
WN18RR,synergy_weight_mean,asc,0.005345182455693598,0.38,2301,0.0,0.1859520735290832,0.1871585098783674,0.0012064363492842178,0.006487888660706487,0.0011427062050128889
WN18RR,synergy_weight_top10_mean,asc,0.005345182455693598,0.38,2301,0.0,0.1859520735290832,0.1871585098783674,0.0012064363492842178,0.006487888660706487,0.0011427062050128889
WN18RR,synergy_weight_top10_sum,asc,0.005345182455693598,0.38,2301,0.0,0.1859520735290832,0.1871585098783674,0.0012064363492842178,0.006487888660706487,0.0011427062050128889
WN18RR,synergy_weight_top1_mean,asc,0.005345182455693598,0.38,2301,0.0,0.1859520735290832,0.1871585098783674,0.0012064363492842178,0.006487888660706487,0.0011427062050128889
WN18RR,synergy_weight_top1_sum,asc,0.005345182455693598,0.38,2301,0.0,0.1859520735290832,0.1871585098783674,0.0012064363492842178,0.006487888660706487,0.0011427062050128889
WN18RR,synergy_weight_top3_mean,asc,0.005345182455693598,0.38,2301,0.0,0.1859520735290832,0.1871585098783674,0.0012064363492842178,0.006487888660706487,0.0011427062050128889
WN18RR,synergy_weight_top3_sum,asc,0.005345182455693598,0.38,2301,0.0,0.1859520735290832,0.1871585098783674,0.0012064363492842178,0.006487888660706487,0.0011427062050128889
WN18RR,synergy_weight_top5_mean,asc,0.005345182455693598,0.38,2301,0.0,0.1859520735290832,0.1871585098783674,0.0012064363492842178,0.006487888660706487,0.0011427062050128889
WN18RR,synergy_weight_top5_sum,asc,0.005345182455693598,0.38,2301,0.0,0.1859520735290832,0.1871585098783674,0.0012064363492842178,0.006487888660706487,0.0011427062050128889
WN18RR,topk_redundancy,asc,0.005345182455693598,0.38,2301,0.0,0.1859520735290832,0.1871585098783674,0.0012064363492842178,0.006487888660706487,0.0011427062050128889
WN18RR,topk_synergy,asc,0.005345182455693598,0.38,2301,0.0,0.1859520735290832,0.1871585098783674,0.0012064363492842178,0.006487888660706487,0.0011427062050128889
WN18RR,topk_synergy_sum,asc,0.005345182455693598,0.38,2301,0.0,0.1859520735290832,0.1871585098783674,0.0012064363492842178,0.006487888660706487,0.0011427062050128889
WN18RR,unique_redundancy_edges,asc,0.005345182455693598,0.38,2301,0.0,0.1859520735290832,0.1871585098783674,0.0012064363492842178,0.006487888660706487,0.0011427062050128889
WN18RR,unique_synergy_edges,asc,0.005345182455693598,0.38,2301,0.0,0.1859520735290832,0.1871585098783674,0.0012064363492842178,0.006487888660706487,0.0011427062050128889
WN18RR,net_dep_mass,asc,0.005345182455692488,0.38,2301,0.0,0.1871595220406867,0.1883733533462974,0.001213831305610702,0.0064855439486901645,0.0011403614929976769
WN18RR,num_candidates,asc,0.005345182455702258,0.36,2180,100.0,0.21009090757020846,0.2113987396977807,0.0013078321275722393,0.006225077242503652,0.000879894786801394
WN18RR,avg_candidate_dep_score,asc,0.00534518245569604,0.42,2543,0.0,0.20190287291390147,0.20315720196243867,0.0012543290485372005,0.0062125369017016485,0.0008673544460056082
WN18RR,rule_mass,desc,0.005345182455704034,0.2,1211,30.086974201911566,0.5733088334076452,0.5767985322895192,0.003489698881874004,0.006086944206200151,0.0007417617504961171
WN18RR,avg_stage2_score,desc,0.00534518245574489,0.22,1332,0.0397152696441709,0.7033147136142418,0.7072739388582653,0.003959225244023479,0.005629379234336707,0.00028419677859181647
WN18RR,avg_stage1_score,desc,0.005345182455745112,0.2,1211,0.0423255994575434,0.6961009756157256,0.6999968274699608,0.003895851854235244,0.005596676331029782,0.0002514938752846696
WN18RR,max_stage1_score,desc,0.005345182455743114,0.76,4602,0.0062166085909715,0.6376718702216557,0.641183682761541,0.003511812539885306,0.005507240798727109,0.00016205834298399502
WN18RR,s1_top1,desc,0.005345182455743114,0.76,4602,0.0062166085909715,0.6376718702216557,0.641183682761541,0.003511812539885306,0.005507240798727109,0.00016205834298399502
WN18RR,max_stage2_score,desc,0.005345182455743336,0.74,4481,0.0080284750252728,0.6517661143815742,0.655347459386686,0.003581345005111869,0.005494831544763601,0.00014964908902026508
WN18RR,s1_margin,desc,0.005345182455744224,0.82,4965,6.239360207935566e-05,0.5796093091984985,0.5827792927543689,0.0031699835558703926,0.0054691729507483355,0.00012399049500411152
WN18RR,stage1_top_margin,desc,0.005345182455744224,0.82,4965,6.239360207935566e-05,0.5796093091984985,0.5827792927543689,0.0031699835558703926,0.0054691729507483355,0.00012399049500411152
WN18RR,stage2_top_margin,desc,0.005345182455744002,0.92,5571,0.0,0.5283030041754884,0.53116615781324,0.002863153637751581,0.005419529351759156,7.434689601515387e-05
WN18RR,s1_norm_margin,desc,0.005345182455728681,0.92,5571,0.0,0.5283030041754799,0.531166157813223,0.0028631536377430322,0.005419529351742947,7.43468960142657e-05
WN18RR,max_rules_per_candidate,desc,0.0053451824557018135,0.98,5934,2.0,0.5148967769403248,0.5176506636533357,0.0027538867130109113,0.00534842484230591,3.242386604096481e-06
WN18RR,effective_candidates,asc,0.005345182455750441,1.0,6055,106.93570556619112,0.5098022893664951,0.5125272756195183,0.0027249862530231983,0.005345182455750441,0.0
WN18RR,s1_entropy,asc,0.005345182455750441,1.0,6055,4.672227771300669,0.5098022893664951,0.5125272756195183,0.0027249862530231983,0.005345182455750441,0.0
WN18RR,rule_weight_max,desc,0.00534518245574378,1.0,6055,0.0009980040748513,0.5098022893665006,0.5125272756195205,0.0027249862530198676,0.00534518245574378,0.0
WN18RR,rule_weight_top1_mean,desc,0.00534518245574378,1.0,6055,0.0009980040748513,0.5098022893665006,0.5125272756195205,0.0027249862530198676,0.00534518245574378,0.0
WN18RR,rule_weight_top1_sum,desc,0.00534518245574378,1.0,6055,0.0009980040748513,0.5098022893665006,0.5125272756195205,0.0027249862530198676,0.00534518245574378,0.0
WN18RR,top1_rule_weight,desc,0.00534518245574378,1.0,6055,0.0009980040748513,0.5098022893665006,0.5125272756195205,0.0027249862530198676,0.00534518245574378,0.0
WN18RR,weak_rule_score,asc,0.00534518245574378,1.0,6055,0.9990019959251488,0.5098022893665005,0.5125272756195204,0.0027249862530198676,0.00534518245574378,0.0
WN18RR,rule_weight_top3_mean,desc,0.005345182455742226,1.0,6055,0.0009980040748513,0.5098022893664993,0.5125272756195183,0.0027249862530189795,0.005345182455742226,0.0
WN18RR,rule_weight_top3_sum,desc,0.005345182455742226,1.0,6055,0.0009980040748513,0.5098022893664994,0.5125272756195185,0.0027249862530190905,0.005345182455742226,0.0
WN18RR,topk_rule_weight,desc,0.005345182455742226,1.0,6055,0.0009980040748513,0.5098022893664993,0.5125272756195183,0.0027249862530189795,0.005345182455742226,0.0
WN18RR,rule_dominance_ratio,desc,0.005345182455741115,1.0,6055,0.001514743076581,0.5098022893664882,0.5125272756195066,0.0027249862530184243,0.005345182455741115,0.0
WN18RR,rule_weight_top10_mean,desc,0.005345182455739561,1.0,6055,0.0009980040748513,0.5098022893664913,0.512527275619509,0.002724986253017647,0.005345182455739561,0.0
WN18RR,rule_weight_top10_sum,desc,0.005345182455739561,1.0,6055,0.0009980040748513,0.5098022893664914,0.5125272756195091,0.002724986253017647,0.005345182455739561,0.0
WN18RR,rule_weight_top5_mean,desc,0.005345182455737341,1.0,6055,0.0009980040748513,0.5098022893664962,0.5125272756195127,0.002724986253016537,0.005345182455737341,0.0
WN18RR,rule_weight_top5_sum,desc,0.005345182455737341,1.0,6055,0.0009980040748513,0.5098022893664964,0.512527275619513,0.002724986253016537,0.005345182455737341,0.0
WN18RR,num_rule_nodes,desc,0.005345182455706032,1.0,6055,1.0,0.5098022893664902,0.5125272756194907,0.0027249862530005498,0.005345182455706032,0.0
WN18RR,num_rules,desc,0.005345182455706032,1.0,6055,1.0,0.5098022893664902,0.5125272756194907,0.0027249862530005498,0.005345182455706032,0.0
WN18RR,query_num_nodes,desc,0.005345182455706032,1.0,6055,1.0,0.5098022893664902,0.5125272756194907,0.0027249862530005498,0.005345182455706032,0.0
WN18RR,num_candidate_rule_edges,desc,0.005345182455695374,1.0,6055,1.0,0.5098022893664901,0.5125272756194852,0.0027249862529951097,0.005345182455695374,0.0
WN18RR,avg_rules_per_candidate,desc,0.005345182455695152,1.0,6055,1.0,0.5098022893664901,0.5125272756194851,0.0027249862529949986,0.005345182455695152,0.0
YAGO3-10,max_stage2_score,asc,0.03342845900342617,0.2,1995,0.1193113787096314,0.21005773408218367,0.22406380654601568,0.014006072463832009,0.06667725197089025,0.03324879296746408
YAGO3-10,stage2_top_margin,asc,0.03342845900345415,0.22,2194,0.0049484581760338,0.2829853577689891,0.30024319491453,0.01725783714554091,0.06098491201664613,0.027556453013191984
YAGO3-10,num_dependencies,desc,0.033428459003383315,0.2,1995,137.0,0.4377707875567551,0.46323241075265487,0.025461623195899785,0.05816199691624879,0.024733537912865478
YAGO3-10,num_dependency_edges,desc,0.033428459003383315,0.2,1995,137.0,0.4377707875567551,0.46323241075265487,0.025461623195899785,0.05816199691624879,0.024733537912865478
YAGO3-10,query_num_edges,desc,0.033428459003383315,0.2,1995,137.0,0.4377707875567551,0.46323241075265487,0.025461623195899785,0.05816199691624879,0.024733537912865478
YAGO3-10,max_stage1_score,asc,0.03342845900342084,0.28,2793,0.2885145190282427,0.28499755336880056,0.30153506415661996,0.0165375107878194,0.05802685178289613,0.024598392779475287
YAGO3-10,s1_top1,asc,0.03342845900342084,0.28,2793,0.2885145190282427,0.28499755336880056,0.30153506415661996,0.0165375107878194,0.05802685178289613,0.024598392779475287
YAGO3-10,rule_dominance_ratio,asc,0.03342845900340108,0.22,2194,0.0081407151613914,0.22388275933908697,0.23629552198789472,0.012412762648807751,0.055443137673713005,0.022014678670311927
YAGO3-10,effective_candidates,desc,0.03342845900338087,0.36,3591,99.95008819952128,0.3256286336692394,0.343399357753196,0.017770724083956635,0.05457359165167097,0.0211451326482901
YAGO3-10,s1_entropy,desc,0.03342845900338087,0.36,3591,4.604670943382451,0.3256286336692394,0.343399357753196,0.017770724083956635,0.05457359165167097,0.0211451326482901
YAGO3-10,num_pos_dep,desc,0.03342845900339575,0.2,1995,82.0,0.5442399684691496,0.5738180118206337,0.029578043351484173,0.054347429562518146,0.020918970559122396
YAGO3-10,unique_synergy_edges,desc,0.03342845900339575,0.2,1995,82.0,0.5442399684691496,0.5738180118206337,0.029578043351484173,0.054347429562518146,0.020918970559122396
YAGO3-10,synergy_weight_top10_mean,desc,0.03342845900341729,0.2,1995,2.89238,0.7751865015989848,0.8150311985444346,0.03984469694544979,0.05140014288595296,0.01797168388253567
YAGO3-10,synergy_weight_top10_sum,desc,0.03342845900341662,0.2,1995,28.9238,0.7751865015989848,0.8150311985444346,0.03984469694544979,0.05140014288595296,0.017971683882536338
YAGO3-10,synergy_weight_top5_mean,desc,0.033428459003420175,0.22,2194,2.920498,0.7723148159852494,0.8110742908644664,0.03875947487921694,0.050186108147842745,0.01675764914442257
YAGO3-10,synergy_weight_top5_sum,desc,0.033428459003419064,0.22,2194,14.60249,0.7723148159852494,0.8110742908644664,0.03875947487921694,0.050186108147842745,0.01675764914442368
YAGO3-10,net_dep_mass,desc,0.03342845900339553,0.22,2194,75.75738,0.7187675588714529,0.7544093733129859,0.035641814441532915,0.04958739998991413,0.0161589409865186
YAGO3-10,synergy_weight_top3_mean,desc,0.0334284590034204,0.24,2394,2.920236666666667,0.7600379455828887,0.7976655080030898,0.037627562420201044,0.049507478723767706,0.01607901972034731
YAGO3-10,synergy_weight_top3_sum,desc,0.0334284590034204,0.24,2394,8.76071,0.7600379455828887,0.7976655080030898,0.037627562420201044,0.049507478723767706,0.01607901972034731
YAGO3-10,topk_synergy,desc,0.0334284590034204,0.24,2394,2.920236666666667,0.7600379455828887,0.7976655080030898,0.037627562420201044,0.049507478723767706,0.01607901972034731
YAGO3-10,topk_synergy_sum,desc,0.0334284590034204,0.24,2394,8.76071,0.7600379455828887,0.7976655080030898,0.037627562420201044,0.049507478723767706,0.01607901972034731
YAGO3-10,redundancy_weight_top10_sum,desc,0.03342845900340019,0.2,1995,5.82132,0.5015857545730994,0.5263921201009324,0.024806365527832996,0.04945588127586631,0.01602742227246612
YAGO3-10,rule_mass,desc,0.03342845900340019,0.2,1995,198.57046070860451,0.36852684945529146,0.386629111845505,0.018102262390213564,0.049120606590727256,0.015692147587327065
YAGO3-10,pos_mass,desc,0.03342845900339686,0.2,1995,86.30987,0.6867243661757232,0.7204371275328814,0.03371276135715817,0.04909212927000106,0.0156636702666042
YAGO3-10,abs_dep_mass,desc,0.03342845900338953,0.2,1995,106.65514,0.579691940453714,0.6081452961953653,0.02845335574165131,0.04908358001213786,0.01565512100874833
YAGO3-10,num_candidates,desc,0.03342845900335312,0.2,1995,100.0,0.4237891774991337,0.4444410466977897,0.020651869198656025,0.04873146907744763,0.015303010074094514
YAGO3-10,max_rules_per_candidate,desc,0.033428459003384425,0.24,2394,38.0,0.4315600652270318,0.4525174702655227,0.020957405038490917,0.04856196559212633,0.015133506588741907
YAGO3-10,synergy_weight_max,desc,0.033428459003417954,0.24,2394,2.95071,0.7535416944969451,0.7898701859453563,0.036328491448411215,0.04821032693176153,0.014781867928343573
YAGO3-10,synergy_weight_top1_mean,desc,0.033428459003417954,0.24,2394,2.95071,0.7535416944969451,0.7898701859453563,0.036328491448411215,0.04821032693176153,0.014781867928343573
YAGO3-10,synergy_weight_top1_sum,desc,0.033428459003417954,0.24,2394,2.95071,0.7535416944969451,0.7898701859453563,0.036328491448411215,0.04821032693176153,0.014781867928343573
YAGO3-10,max_negative_dep,desc,0.033428459003376654,0.28,2793,24.0,0.5005700710708324,0.524690357998278,0.02412028692744561,0.04818563538137011,0.014757176377993453
YAGO3-10,avg_negative_dep,desc,0.03342845900340574,0.4,3990,7.42,0.6731976089832689,0.7054659466454788,0.032268337662209934,0.04793293563675127,0.014504476633345531
YAGO3-10,neg_mass,desc,0.033428459003399524,0.2,1995,12.49454,0.40839937630219286,0.42792048342438815,0.01952110712219529,0.047799062033216044,0.01437060302981652
YAGO3-10,num_candidate_rule_edges,desc,0.03342845900340352,0.3,2993,1999.0,0.537619854749172,0.5632997890861882,0.025679934337016208,0.04776597089963741,0.01433751189623389
YAGO3-10,sum_positive_dep,desc,0.03342845900338154,0.28,2793,900.0,0.6602613540544493,0.6916728984500895,0.0314115443956402,0.047574410046494764,0.014145951043113225
YAGO3-10,avg_positive_dep,desc,0.03342845900337754,0.28,2793,8.98,0.659934108244248,0.6912923643104186,0.0313582560661706,0.04751725312334454,0.014088794119966996
YAGO3-10,sum_negative_dep,desc,0.03342845900340774,0.4,3990,744.0,0.6724703732593366,0.7044202094149653,0.03194983615562874,0.04751114313151672,0.01408268412810898
YAGO3-10,num_neg_dep,desc,0.033428459003405075,0.2,1995,48.0,0.4655511317538478,0.4876562105400798,0.02210507878623197,0.04748152733075006,0.014053068327344986
YAGO3-10,unique_redundancy_edges,desc,0.033428459003405075,0.2,1995,48.0,0.4655511317538478,0.4876562105400798,0.02210507878623197,0.04748152733075006,0.014053068327344986
YAGO3-10,avg_stage2_score,asc,0.033428459003380206,0.26,2594,0.0063324730661371,0.4860947731816346,0.5091101922299534,0.023015419048318775,0.04734759622629969,0.013919137222919487
YAGO3-10,redundancy_weight_top10_mean,desc,0.033428459003401745,0.22,2194,0.582678,0.5452986088492858,0.5709131702407636,0.025614561391477775,0.04697345816731646,0.013544999163914717
YAGO3-10,max_positive_dep,desc,0.03342845900337954,0.24,2394,30.0,0.5367580460172227,0.5619109478807188,0.02515290186349617,0.04686078215339706,0.013432323150017522
YAGO3-10,avg_rules_per_candidate,desc,0.033428459003386646,0.3,2993,20.02,0.5403212735672304,0.5653073578511382,0.024986084283907806,0.04624301412185439,0.012814555118467741
YAGO3-10,syn_rule_ratio,desc,0.03342845900338132,0.2,1995,0.7248153106512499,0.7935068306531576,0.8294459036114326,0.03593907295827492,0.04529144749603797,0.011862988492656656
YAGO3-10,dep_rule_ratio,desc,0.0334284590033862,0.2,1995,0.7816153722616711,0.7930004374697717,0.8288486945254908,0.035848257055719146,0.045205847767373575,0.011777388763987373
YAGO3-10,avg_candidate_dep_score,asc,0.03342845900340974,0.22,2194,-1.7944221729999998,0.846327933380007,0.8844988704845202,0.03817093710451325,0.04510182826185205,0.011673369258442312
YAGO3-10,candidate_dep_coverage,desc,0.033428459003433275,0.28,2793,1.0,0.7401588696646664,0.7732809578589056,0.03312208819423923,0.04474997132608216,0.011321512322648886
YAGO3-10,dep_candidate_ratio,desc,0.033428459003433275,0.28,2793,1.0,0.7401588696646664,0.7732809578589056,0.03312208819423923,0.04474997132608216,0.011321512322648886
YAGO3-10,max_candidate_dep_score,asc,0.03342845900344771,0.2,1995,0.0,0.65192698424316,0.6807558168848838,0.028828832641723867,0.04422095317191399,0.010792494168466282
YAGO3-10,red_rule_ratio,desc,0.03342845900339264,0.2,1995,0.0807116027678299,0.49592423641176225,0.517687905662392,0.021763669250629725,0.043885068832488994,0.010456609829096353
YAGO3-10,redundancy_weight_top5_sum,desc,0.033428459003399746,0.26,2594,2.92791,0.5947508659892887,0.6207799143665595,0.026029048377270825,0.04376462459449293,0.010336165591093183
YAGO3-10,redundancy_weight_top5_mean,desc,0.03342845900340241,0.26,2594,0.586882,0.6132868507421102,0.6395587059746992,0.026271855232589014,0.042837793115568346,0.009409334112165935
YAGO3-10,weak_rule_score,desc,0.03342845900336844,0.26,2594,0.2221645584894126,0.21705204208227907,0.22633685098183653,0.009284808899557462,0.04277687880972714,0.009348419806358699
YAGO3-10,rule_weight_max,asc,0.03342845900336999,0.26,2594,0.7778354415105874,0.2171069099928429,0.22639299590010278,0.009286085907259878,0.04277195003865142,0.009343491035281426
YAGO3-10,rule_weight_top1_mean,asc,0.03342845900336999,0.26,2594,0.7778354415105874,0.2171069099928429,0.22639299590010278,0.009286085907259878,0.04277195003865142,0.009343491035281426
YAGO3-10,rule_weight_top1_sum,asc,0.03342845900336999,0.26,2594,0.7778354415105874,0.2171069099928429,0.22639299590010278,0.009286085907259878,0.04277195003865142,0.009343491035281426
YAGO3-10,top1_rule_weight,asc,0.03342845900336999,0.26,2594,0.7778354415105874,0.2171069099928429,0.22639299590010278,0.009286085907259878,0.04277195003865142,0.009343491035281426
YAGO3-10,s1_margin,asc,0.033428459003426614,0.36,3591,0.025683674590215,0.2818989619969456,0.29387673867642805,0.011977776679482466,0.0424896090238609,0.009061150020434283
YAGO3-10,stage1_top_margin,asc,0.033428459003426614,0.36,3591,0.025683674590215,0.2818989619969456,0.29387673867642805,0.011977776679482466,0.0424896090238609,0.009061150020434283
YAGO3-10,redundancy_weight_top3_sum,desc,0.033428459003408406,0.3,2993,1.75874,0.6176878764394932,0.6438627271828105,0.02617485074331727,0.042375529359901964,0.008947070356493558
YAGO3-10,redundancy_weight_top3_mean,desc,0.03342845900340885,0.28,2793,0.58858,0.6377621394027451,0.6647349836762301,0.026972844273485008,0.04229295313570147,0.008864494132292622
YAGO3-10,topk_redundancy,desc,0.03342845900340885,0.28,2793,0.58858,0.6377621394027451,0.6647349836762301,0.026972844273485008,0.04229295313570147,0.008864494132292622
YAGO3-10,rule_weight_top3_sum,asc,0.03342845900340685,0.28,2793,2.189366708290484,0.2522040926080161,0.2628064633366366,0.010602370728620525,0.04203885281552133,0.00861039381211448
YAGO3-10,rule_weight_top3_mean,asc,0.03342845900340685,0.28,2793,0.7303649408687982,0.2522266563919413,0.26282408956062536,0.010597433168684056,0.042015516203872005,0.008587057200465154
YAGO3-10,topk_rule_weight,asc,0.03342845900340685,0.28,2793,0.7303649408687982,0.2522266563919413,0.26282408956062536,0.010597433168684056,0.042015516203872005,0.008587057200465154
YAGO3-10,redundancy_weight_mean,desc,0.03342845900339997,0.24,2394,0.40678,0.563336494048493,0.5869028425891101,0.02356634854061712,0.04183352008895147,0.008405061085551502
YAGO3-10,rule_weight_top5_mean,asc,0.0334284590034164,0.24,2394,0.5172565140962812,0.2501575610385746,0.26059242471259664,0.010434863674022021,0.04171316521755242,0.008284706214136017
YAGO3-10,num_rule_nodes,desc,0.033428459003385314,0.48,4788,168.0,0.6432610076586845,0.6700821712183079,0.026821163559623384,0.041695615372748795,0.008267156369363482
YAGO3-10,num_rules,desc,0.033428459003385314,0.48,4788,168.0,0.6432610076586845,0.6700821712183079,0.026821163559623384,0.041695615372748795,0.008267156369363482
YAGO3-10,query_num_nodes,desc,0.033428459003385314,0.48,4788,168.0,0.6432610076586845,0.6700821712183079,0.026821163559623384,0.041695615372748795,0.008267156369363482
YAGO3-10,rule_weight_top5_sum,asc,0.03342845900341618,0.24,2394,2.58383846059767,0.2505689725670468,0.26100533854776914,0.01043636598072234,0.0416506715648115,0.008222212561395326
YAGO3-10,synergy_weight_mean,desc,0.033428459003386646,0.34,3392,1.11222417721519,0.7386714927862558,0.7685585228801707,0.029887030093914912,0.04046051646203597,0.007032057458649321
YAGO3-10,redundancy_weight_max,desc,0.03342845900341018,0.24,2394,0.88033,0.6758517094947454,0.7029128021504701,0.02706109265572476,0.040039985510956555,0.0066115265075463725
YAGO3-10,redundancy_weight_top1_mean,desc,0.03342845900341018,0.24,2394,0.88033,0.6758517094947454,0.7029128021504701,0.02706109265572476,0.040039985510956555,0.0066115265075463725
YAGO3-10,redundancy_weight_top1_sum,desc,0.03342845900341018,0.24,2394,0.88033,0.6758517094947454,0.7029128021504701,0.02706109265572476,0.040039985510956555,0.0066115265075463725
YAGO3-10,rule_weight_top10_mean,asc,0.03342845900341285,0.48,4788,0.7856854606756147,0.5078318477506304,0.5280868828154937,0.020255035064863258,0.039885318643523515,0.006456859640110668
YAGO3-10,neg_dep_ratio,desc,0.03342845900340463,0.32,3192,0.336283185840708,0.5618946158495604,0.5841324203794885,0.022237804529928185,0.039576468438491164,0.006148009435086532
YAGO3-10,rule_weight_top10_sum,asc,0.03342845900341307,0.48,4788,7.841705613238574,0.5080166472545261,0.5281195119179517,0.02010286466342559,0.03957127147716011,0.006142812473747039
YAGO3-10,s1_norm_margin,asc,0.03342845900340441,0.64,6384,0.4855948042584683,0.4026889382166621,0.41841240107841043,0.01572346286174836,0.03904617527211163,0.005617716268707218
YAGO3-10,max_candidate_dep_score,desc,0.03342845900337177,0.38,3790,0.1563038,0.6761404723400476,0.7021301718684338,0.025989699528386256,0.03843831362207739,0.0050098546187056225
YAGO3-10,pos_dep_ratio,desc,0.033428459003405075,0.68,6783,0.5341614906832298,0.6249259251405013,0.6488746895256837,0.023948764385182453,0.03832256499808051,0.004894105994675435
YAGO3-10,candidate_rule_coverage,desc,0.03342845900331182,0.66,6584,1.0,0.5322284361016852,0.5525979592206995,0.0203695231190143,0.03827214357092812,0.004843684567616302
YAGO3-10,candidate_rule_coverage,asc,0.03342845900340907,0.64,6384,1.0,0.6555252004270973,0.6802047307787994,0.024679530351702117,0.0376484845061984,0.004220025502789326
YAGO3-10,avg_stage1_score,asc,0.03342845900339064,0.28,2793,0.0119154331361611,0.4617280728823724,0.4790104226276473,0.017282349745274928,0.03742971406825779,0.0040012550648671485
YAGO3-10,rule_weight_top10_mean,desc,0.03342845900338309,0.2,1995,1.961492268802556,0.503943620896578,0.5226684512878783,0.01872483039130035,0.03715659771223323,0.003728138708850137
YAGO3-10,rule_weight_top10_sum,desc,0.03342845900338354,0.2,1995,19.61492268802556,0.503943620896578,0.5226684512878783,0.01872483039130035,0.03715659771223323,0.003728138708849693
YAGO3-10,dep_density,desc,0.03342845900339375,0.7,6983,0.0009705685344415,0.5836273380028487,0.6051586212447025,0.021531283241853827,0.036892177319063135,0.003463718315669384
YAGO3-10,avg_stage1_score,desc,0.03342845900339997,0.24,2394,0.1167863770253157,0.41196979566343866,0.4270852902444847,0.015115494581046052,0.03669078349956201,0.003262324496162039
YAGO3-10,rule_weight_mean,asc,0.033428459003397526,0.88,8778,0.3567204021991182,0.5803710553245724,0.6016049021548131,0.021233846830240655,0.036586674396374974,0.003158215392977448
YAGO3-10,redundancy_weight_top10_mean,asc,0.03342845900342306,0.46,4588,0.119687,0.45716789298985105,0.4737638438955017,0.016595950905650636,0.03630165451277456,0.0028731955093515005
YAGO3-10,redundancy_weight_mean,asc,0.03342845900341063,0.52,5187,0.1175314893617021,0.5048666254215187,0.5230024315360497,0.018135806114531028,0.03592197463912217,0.0024935156357115407
YAGO3-10,dep_density,asc,0.033428459003357336,0.76,7581,0.0129613975767821,0.5726289495989774,0.5931988275974938,0.020569877998516395,0.03592182688793821,0.002493367884580877
YAGO3-10,redundancy_weight_top3_sum,asc,0.03342845900349212,0.48,4788,0.62444,0.4642771187100509,0.4808485110909405,0.016571392380889616,0.03569289054548208,0.002264431541989964
YAGO3-10,redundancy_weight_top5_mean,asc,0.03342845900348279,0.48,4788,0.205758,0.4606330558568206,0.4770576252301518,0.016424569373331255,0.03565651479957288,0.0022280557960900893
YAGO3-10,weak_rule_score,asc,0.03342845900332936,0.46,4588,-0.9614922688025562,0.734345369084088,0.7602044341676967,0.02585906508360869,0.03521376476556437,0.0017853057622350121
YAGO3-10,rule_weight_mean,desc,0.033428459003375544,0.86,8578,0.0415315881493553,0.6057618788013727,0.6270802384216476,0.02131835962027495,0.03519263982483967,0.001764180821464123
YAGO3-10,rule_weight_max,desc,0.033428459003329136,0.52,5187,1.8362112317988888,0.7291584190922974,0.7548042443555361,0.025645825263238664,0.03517181533083602,0.0017433563275068842
YAGO3-10,rule_weight_top1_mean,desc,0.033428459003329136,0.52,5187,1.8362112317988888,0.7291584190922974,0.7548042443555361,0.025645825263238664,0.03517181533083602,0.0017433563275068842
YAGO3-10,rule_weight_top1_sum,desc,0.033428459003329136,0.52,5187,1.8362112317988888,0.7291584190922974,0.7548042443555361,0.025645825263238664,0.03517181533083602,0.0017433563275068842
YAGO3-10,top1_rule_weight,desc,0.033428459003329136,0.52,5187,1.8362112317988888,0.7291584190922974,0.7548042443555361,0.025645825263238664,0.03517181533083602,0.0017433563275068842
YAGO3-10,rule_mass,asc,0.03342845900338132,0.9,8978,322.3551135045684,0.5945389134641679,0.6153020987785425,0.0207631853143746,0.03492317297348113,0.0014947139700998147
YAGO3-10,redundancy_weight_max,asc,0.033428459003493005,0.52,5187,0.52092,0.4704207828329573,0.486825528973035,0.016404746140077697,0.034872494453338954,0.0014440354498459484
YAGO3-10,redundancy_weight_top1_mean,asc,0.033428459003493005,0.52,5187,0.52092,0.4704207828329573,0.486825528973035,0.016404746140077697,0.034872494453338954,0.0014440354498459484
YAGO3-10,redundancy_weight_top1_sum,asc,0.033428459003493005,0.52,5187,0.52092,0.4704207828329573,0.486825528973035,0.016404746140077697,0.034872494453338954,0.0014440354498459484
YAGO3-10,redundancy_weight_top5_sum,asc,0.03342845900346991,0.48,4788,0.75331,0.4682945152431629,0.4846010219292963,0.016306506686133426,0.034821049906309964,0.0013925909028400518
YAGO3-10,s1_norm_margin,desc,0.03342845900334668,0.86,8578,0.0032181347569199,0.5922081505242117,0.6128175288403527,0.02060937831614096,0.03480090285467696,0.001372443851330285
YAGO3-10,redundancy_weight_top3_mean,asc,0.03342845900349234,0.46,4588,0.1759933333333333,0.4538090463068678,0.4695615418512996,0.01575249554443181,0.034711726600927806,0.0012832675974354668
YAGO3-10,topk_redundancy,asc,0.03342845900349234,0.46,4588,0.1759933333333333,0.4538090463068678,0.4695615418512996,0.01575249554443181,0.034711726600927806,0.0012832675974354668
YAGO3-10,s1_margin,desc,0.03342845900336178,0.88,8778,5.105979222987133e-06,0.5843264581614648,0.6045999522220998,0.020273494060635056,0.034695492181586296,0.0012670331782245192
YAGO3-10,stage1_top_margin,desc,0.03342845900336178,0.88,8778,5.105979222987133e-06,0.5843264581614648,0.6045999522220998,0.020273494060635056,0.034695492181586296,0.0012670331782245192
YAGO3-10,avg_negative_dep,asc,0.03342845900345126,0.94,9376,16.61,0.5674342590413995,0.5871105051950067,0.01967624615360719,0.0346758163436367,0.0012473573401854399
YAGO3-10,sum_negative_dep,asc,0.03342845900345148,0.94,9376,1664.0,0.567595239029707,0.5872679252121864,0.019672686182479415,0.034659709648215964,0.001231250644764481
YAGO3-10,max_rules_per_candidate,asc,0.03342845900339575,0.96,9576,58.0,0.5656373219926408,0.5852156805007098,0.019578358508068994,0.03461291846708048,0.0011844594636847283
YAGO3-10,avg_positive_dep,asc,0.03342845900345215,0.94,9376,18.02970297029703,0.5596841582696741,0.5790177975185299,0.019333639248855783,0.034543838633253277,0.0011153796298011276
YAGO3-10,neg_dep_ratio,asc,0.03342845900336644,0.84,8379,0.4852941176470588,0.5785620177155328,0.598527207921634,0.019965190206101213,0.034508297459508785,0.0010798384561423457
YAGO3-10,sum_positive_dep,asc,0.033428459003450595,0.96,9576,2133.0,0.5622193647364714,0.5815372679683738,0.01931790323190241,0.034360081568796996,0.0009316225653464016
YAGO3-10,max_positive_dep,asc,0.03342845900345037,0.94,9376,56.0,0.5682743127236889,0.587760815174903,0.019486502451214083,0.03429066212374976,0.0008622031202993874
YAGO3-10,max_negative_dep,asc,0.03342845900343239,0.94,9376,55.0,0.5716127590473273,0.5912069723377102,0.01959421329038291,0.03427882422190742,0.0008503652184750354
YAGO3-10,rule_weight_top3_mean,desc,0.03342845900336178,0.2,1995,2.02593857924781,0.5364348526982169,0.554799203514737,0.018364350816520103,0.03423407469546236,0.0008056156921005808
YAGO3-10,rule_weight_top3_sum,desc,0.03342845900336178,0.2,1995,6.077815737743432,0.5364348526982169,0.554799203514737,0.018364350816520103,0.03423407469546236,0.0008056156921005808
YAGO3-10,topk_rule_weight,desc,0.03342845900336178,0.2,1995,2.02593857924781,0.5364348526982169,0.554799203514737,0.018364350816520103,0.03423407469546236,0.0008056156921005808
YAGO3-10,redundancy_weight_top10_sum,asc,0.03342845900340441,0.6,5985,2.96261,0.5312752409955794,0.5494618666480394,0.018186625652459987,0.03423202183933749,0.0008035628359330804
YAGO3-10,rule_dominance_ratio,desc,0.03342845900338087,0.92,9177,0.0034822900802898,0.5971287043894774,0.6175644408844675,0.020435736494990087,0.03422333635071895,0.0007948773473380744
YAGO3-10,num_candidate_rule_edges,asc,0.033428459003400635,0.88,8778,2748.0,0.5866578485671194,0.6067219161244611,0.02006406755734169,0.0342006292191388,0.000772170215738166
YAGO3-10,avg_rules_per_candidate,asc,0.03342845900339908,0.88,8778,25.79,0.56472723370072,0.584038882311942,0.019311648611222032,0.034196418126801964,0.0007679591234028837
YAGO3-10,max_stage1_score,desc,0.033428459003376654,0.88,8778,0.0546595671625498,0.616027007293009,0.6370828790107613,0.02105587171775236,0.03418011137251531,0.0007516523691386556
YAGO3-10,s1_top1,desc,0.033428459003376654,0.88,8778,0.0546595671625498,0.616027007293009,0.6370828790107613,0.02105587171775236,0.03418011137251531,0.0007516523691386556
YAGO3-10,pos_dep_ratio,asc,0.03342845900338931,0.76,7581,0.9,0.5728514765030003,0.5923804508678903,0.019528974364889984,0.03409081614680565,0.0006623571434163367
YAGO3-10,neg_mass,asc,0.033428459003401745,0.58,5786,2.9767900000000003,0.5278708213522154,0.5458334656253746,0.01796264427315919,0.03402848489928911,0.0006000258958873683
YAGO3-10,avg_stage2_score,desc,0.03342845900339464,0.94,9376,0.0015302994720934,0.5806026680709826,0.600348520503905,0.019745852432922373,0.03400923474658968,0.0005807757431950389
YAGO3-10,rule_weight_top5_mean,desc,0.03342845900337488,0.86,8578,0.2616105692301795,0.6213029887174962,0.6424060296609047,0.021103040943408424,0.033965780507461796,0.0005373215040869184
YAGO3-10,rule_weight_top5_sum,desc,0.0334284590033751,0.86,8578,1.307891645183778,0.6213519088978811,0.6424557869305294,0.02110387803264835,0.03396445352534805,0.0005359945219729489
YAGO3-10,max_stage2_score,desc,0.03342845900335911,0.92,9177,0.022143941143534,0.5981110504859853,0.6183998751450858,0.020288824659100424,0.033921501103540974,0.0004930421001818619
YAGO3-10,num_dependencies,asc,0.03342845900341462,0.92,9177,212.0,0.5841306747265532,0.6039266731353109,0.019795998408757676,0.033889674460299,0.0004612154568843785
YAGO3-10,num_dependency_edges,asc,0.03342845900341462,0.92,9177,212.0,0.5841306747265532,0.6039266731353109,0.019795998408757676,0.033889674460299,0.0004612154568843785
YAGO3-10,query_num_edges,asc,0.03342845900341462,0.92,9177,212.0,0.5841306747265532,0.6039266731353109,0.019795998408757676,0.033889674460299,0.0004612154568843785
YAGO3-10,num_pos_dep,asc,0.03342845900341418,0.98,9776,168.0,0.5657142972454999,0.5848291137392329,0.019114816493732922,0.03378881634564346,0.0003603573422292783
YAGO3-10,unique_synergy_edges,asc,0.03342845900341418,0.98,9776,168.0,0.5657142972454999,0.5848291137392329,0.019114816493732922,0.03378881634564346,0.0003603573422292783
YAGO3-10,stage2_top_margin,desc,0.033428459003370437,0.46,4588,0.0929425410002428,0.8408961316056368,0.8692451259604532,0.028348994354816415,0.03371283716180962,0.00028437815843918024
YAGO3-10,candidate_dep_coverage,asc,0.033428459003486344,0.96,9576,1.0,0.5630334428890901,0.582005884963429,0.018972442074338902,0.03369682976021049,0.00026837075672414556
YAGO3-10,dep_candidate_ratio,asc,0.033428459003486344,0.96,9576,1.0,0.5630334428890901,0.582005884963429,0.018972442074338902,0.03369682976021049,0.00026837075672414556
YAGO3-10,num_neg_dep,asc,0.03342845900339064,0.92,9177,92.0,0.5817175717178874,0.6012935609459642,0.019575989228076796,0.03365205071984745,0.00022359171645680576
YAGO3-10,unique_redundancy_edges,asc,0.03342845900339064,0.92,9177,92.0,0.5817175717178874,0.6012935609459642,0.019575989228076796,0.03365205071984745,0.00022359171645680576
YAGO3-10,num_candidates,asc,0.03342845900337443,0.56,5586,100.0,0.7083250063560834,0.7321482066762403,0.023823200320156834,0.03363314877546575,0.00020468977209131545
YAGO3-10,num_rule_nodes,asc,0.03342845900340241,0.98,9776,550.0,0.5588809063013628,0.5776095055752206,0.018728599273857838,0.033510894830532933,8.243582713052255e-05
YAGO3-10,num_rules,asc,0.03342845900340241,0.98,9776,550.0,0.5588809063013628,0.5776095055752206,0.018728599273857838,0.033510894830532933,8.243582713052255e-05
YAGO3-10,query_num_nodes,asc,0.03342845900340241,0.98,9776,550.0,0.5588809063013628,0.5776095055752206,0.018728599273857838,0.033510894830532933,8.243582713052255e-05
YAGO3-10,synergy_weight_top5_sum,asc,0.033428459003474575,0.98,9776,16.16817,0.555585117809493,0.574196634448525,0.018611516639031933,0.03349894740235593,7.048839888135205e-05
YAGO3-10,synergy_weight_top5_mean,asc,0.03342845900347435,0.98,9776,3.233634,0.5555851178094934,0.5741966344485251,0.01861151663903171,0.03349894740235548,7.048839888113001e-05
YAGO3-10,abs_dep_mass,asc,0.03342845900346836,0.98,9776,523.64499,0.5718865015168092,0.5910118831598982,0.019125381643088968,0.033442617708868694,1.4158705400335592e-05
YAGO3-10,effective_candidates,asc,0.033428459003401745,0.98,9776,127.99931951394994,0.5718865015168343,0.591011883159886,0.019125381643051664,0.03344261770880186,1.4158705400113547e-05
YAGO3-10,s1_entropy,asc,0.033428459003401745,0.98,9776,4.85202494760822,0.5718865015168343,0.591011883159886,0.019125381643051664,0.03344261770880186,1.4158705400113547e-05
YAGO3-10,net_dep_mass,asc,0.03342845900348301,1.0,9975,332.51,0.5607274620553125,0.5794717170327557,0.018744254977443142,0.03342845900348301,0.0
YAGO3-10,dep_rule_ratio,asc,0.033428459003478794,1.0,9975,4.033001075310605,0.5607274620553166,0.5794717170327575,0.01874425497744081,0.033428459003478794,0.0
YAGO3-10,syn_rule_ratio,asc,0.033428459003478794,1.0,9975,4.033001075310605,0.5607274620553168,0.5794717170327576,0.01874425497744081,0.033428459003478794,0.0
YAGO3-10,synergy_weight_top10_mean,asc,0.03342845900347613,1.0,9975,3.541414,0.5607274620553109,0.57947171703275,0.018744254977439145,0.03342845900347613,0.0
YAGO3-10,synergy_weight_top10_sum,asc,0.03342845900347613,1.0,9975,35.41414,0.5607274620553105,0.5794717170327497,0.018744254977439145,0.03342845900347613,0.0
YAGO3-10,synergy_weight_top3_sum,asc,0.03342845900347391,1.0,9975,12.99993,0.5607274620553122,0.5794717170327502,0.018744254977438035,0.03342845900347391,0.0
YAGO3-10,topk_synergy_sum,asc,0.03342845900347391,1.0,9975,12.99993,0.5607274620553122,0.5794717170327502,0.018744254977438035,0.03342845900347391,0.0
YAGO3-10,synergy_weight_top3_mean,asc,0.03342845900347369,1.0,9975,4.33331,0.5607274620553124,0.5794717170327502,0.018744254977437813,0.03342845900347369,0.0
YAGO3-10,topk_synergy,asc,0.03342845900347369,1.0,9975,4.33331,0.5607274620553124,0.5794717170327502,0.018744254977437813,0.03342845900347369,0.0
YAGO3-10,synergy_weight_max,asc,0.03342845900347058,1.0,9975,4.4703,0.5607274620553145,0.5794717170327507,0.018744254977436148,0.03342845900347058,0.0
YAGO3-10,synergy_weight_top1_mean,asc,0.03342845900347058,1.0,9975,4.4703,0.5607274620553145,0.5794717170327507,0.018744254977436148,0.03342845900347058,0.0
YAGO3-10,synergy_weight_top1_sum,asc,0.03342845900347058,1.0,9975,4.4703,0.5607274620553145,0.5794717170327507,0.018744254977436148,0.03342845900347058,0.0
YAGO3-10,pos_mass,asc,0.033428459003469246,1.0,9975,333.57187,0.5607274620553173,0.5794717170327528,0.01874425497743548,0.033428459003469246,0.0
YAGO3-10,synergy_weight_mean,asc,0.03342845900345104,1.0,9975,2.9979566666666666,0.5607274620553223,0.5794717170327478,0.01874425497742549,0.03342845900345104,0.0
YAGO3-10,avg_candidate_dep_score,desc,0.03342845900341507,1.0,9975,-2.914725143,0.5607274620553425,0.5794717170327485,0.01874425497740595,0.03342845900341507,0.0
YAGO3-10,red_rule_ratio,asc,0.03342845900340419,1.0,9975,0.7031386088004615,0.5607274620553404,0.5794717170327403,0.018744254977399843,0.03342845900340419,0.0
codex-l,num_rule_nodes,desc,0.014819848478728082,0.2,12226,279.0,0.4290369536396672,0.44788947546677493,0.018852521827107727,0.04394148724760272,0.029121638768874636
codex-l,num_rules,desc,0.014819848478728082,0.2,12226,279.0,0.4290369536396672,0.44788947546677493,0.018852521827107727,0.04394148724760272,0.029121638768874636
codex-l,query_num_nodes,desc,0.014819848478728082,0.2,12226,279.0,0.4290369536396672,0.44788947546677493,0.018852521827107727,0.04394148724760272,0.029121638768874636
codex-l,stage2_top_margin,asc,0.01481984847882667,0.2,12226,0.0001212995373457,0.17927554618530073,0.18597437027991565,0.006698824094614919,0.0373660782920775,0.02254622981325083
codex-l,max_rules_per_candidate,asc,0.014819848478903497,0.36,22006,23.0,0.36907758863135076,0.38122887357655244,0.012151284945201679,0.03292338879275292,0.01810354031384942
codex-l,stage2_top_margin,desc,0.014819848478645037,0.22,13448,0.0850929731183091,0.7200231740087082,0.7432568343318204,0.02323366032311225,0.03226793409128703,0.017448085612641995
codex-l,effective_candidates,desc,0.014819848478791364,0.2,12226,106.28303469732586,0.056693297283599405,0.05842380299756178,0.0017305057139623756,0.030523991316042,0.015704142837250634
codex-l,s1_entropy,desc,0.014819848478791364,0.2,12226,4.6661056742788976,0.056693297283599405,0.05842380299756178,0.0017305057139623756,0.030523991316042,0.015704142837250634
codex-l,rule_dominance_ratio,asc,0.014819848478763165,0.2,12226,0.0033886789013917,0.0815470367941125,0.08403020195458558,0.002483165160473075,0.03045070989817189,0.015630861419408726
codex-l,synergy_weight_mean,desc,0.014819848478833997,0.22,13448,1.2503819191919192,0.37560968247945875,0.3865933083623341,0.010983625882875325,0.02924212658835268,0.014422278109518682
codex-l,rule_mass,desc,0.014819848478701214,0.2,12226,374.2961788555632,0.10857511766612099,0.11169127932970511,0.0031161616635841244,0.028700513806179995,0.01388066532747878
codex-l,max_stage2_score,desc,0.014819848478646813,0.56,34232,0.1469343924835476,0.35167129326211943,0.3617211315362013,0.010049838274081846,0.02857736319862525,0.013757514719978436
codex-l,avg_stage1_score,desc,0.014819848478802466,0.2,12226,0.2984004622166814,0.10376704167465038,0.10659724537841626,0.0028302037037658823,0.02727459179803593,0.012454743319233463
codex-l,dep_density,asc,0.014819848479046493,0.6,36677,0.0016246646767672,0.37305542838411293,0.3829938200432764,0.009938391659163492,0.026640522836543612,0.011820674357497118
codex-l,synergy_weight_max,desc,0.014819848478875075,0.34,20784,1.36105,0.2982258229789052,0.30610771709659607,0.007881894117690857,0.02642928113655807,0.011609432657682994
codex-l,synergy_weight_top1_mean,desc,0.014819848478875075,0.34,20784,1.36105,0.2982258229789052,0.30610771709659607,0.007881894117690857,0.02642928113655807,0.011609432657682994
codex-l,synergy_weight_top1_sum,desc,0.014819848478875075,0.34,20784,1.36105,0.2982258229789052,0.30610771709659607,0.007881894117690857,0.02642928113655807,0.011609432657682994
codex-l,synergy_weight_top5_mean,desc,0.014819848478851316,0.34,20784,1.035792,0.29667356424779895,0.30443061770355057,0.007757053455751617,0.02614676327976584,0.011326914800914523
codex-l,synergy_weight_top3_mean,desc,0.014819848478848208,0.34,20784,1.1304533333333333,0.29790368880989554,0.3056856264102469,0.007781937600351341,0.02612232708980433,0.011302478610956124
codex-l,topk_synergy,desc,0.014819848478848208,0.34,20784,1.1304533333333333,0.29790368880989554,0.3056856264102469,0.007781937600351341,0.02612232708980433,0.011302478610956124
codex-l,synergy_weight_top10_mean,desc,0.014819848478854203,0.34,20784,0.895448,0.2962305982171605,0.30396805845329056,0.007737460236130034,0.026119719848986866,0.011299871370132664
codex-l,synergy_weight_top3_sum,desc,0.014819848478848208,0.34,20784,3.33778,0.2971574488699506,0.3049064966084709,0.007749047738520309,0.026077245473700605,0.011257396994852398
codex-l,topk_synergy_sum,desc,0.014819848478848208,0.34,20784,3.33778,0.2971574488699506,0.3049064966084709,0.007749047738520309,0.026077245473700605,0.011257396994852398
codex-l,synergy_weight_top5_sum,desc,0.014819848478851538,0.34,20784,5.05746,0.295781708971735,0.30346310026898826,0.007681391297253259,0.025969798213544282,0.011149949734692743
codex-l,synergy_weight_top10_sum,desc,0.01481984847884954,0.32,19561,15.22505,0.2924784935689912,0.3000478358837152,0.0075693423147240035,0.025879996243000747,0.011060147764151207
codex-l,candidate_rule_coverage,asc,0.014819848478649034,0.28,17116,1.0,0.5154667965177188,0.5285079294287406,0.013041132911021824,0.02529965654261801,0.010479808063968976
codex-l,avg_stage2_score,desc,0.014819848478701214,0.7,42790,0.0029849457508609,0.3128992901655115,0.3207831593994434,0.007883869233931917,0.02519618766076981,0.010376339182068595
codex-l,avg_rules_per_candidate,asc,0.01481984847879847,0.52,31787,12.91,0.4465338357376967,0.45773342300750736,0.011199587269810629,0.0250811615458173,0.010261313067018829
codex-l,rule_weight_mean,asc,0.014819848478957676,0.54,33010,0.0939182510132206,0.3779263267767721,0.38737978831728437,0.009453461540512242,0.025014032817290532,0.010194184338332857
codex-l,num_candidates,desc,0.01481984847889728,0.2,12226,108.0,0.06024252421412726,0.06174457210793629,0.0015020478938090262,0.024933349214752543,0.010113500735855263
codex-l,rule_weight_mean,desc,0.014819848478640818,0.2,12226,0.3561363155779934,0.12603389813147411,0.12917087838460173,0.0031369802531276136,0.024889972456895837,0.010070123978255019
codex-l,num_candidate_rule_edges,asc,0.014819848478806685,0.52,31787,1301.0,0.4476061720438088,0.45871827041257646,0.011112098368767642,0.02482561470953093,0.010005766230724245
codex-l,max_positive_dep,asc,0.01481984847897011,0.72,44013,25.0,0.36327083864408094,0.37219893051143077,0.00892809186734983,0.02457695723850062,0.009757108759530508
codex-l,max_negative_dep,asc,0.014819848478958786,0.74,45235,45.0,0.3756450316969339,0.38481382942455306,0.009168797727619138,0.024408143204237565,0.009588294725278779
codex-l,num_candidate_rule_edges,desc,0.014819848478745845,0.2,12226,3355.0,0.11248595716694712,0.11519289054147828,0.0027069333745311647,0.024064633868151608,0.009244785389405763
codex-l,num_dependencies,asc,0.014819848478962339,0.7,42790,92.0,0.3824071551889493,0.39160707335476175,0.009199918165812448,0.024057913250254748,0.009238064771292409
codex-l,num_dependency_edges,asc,0.014819848478962339,0.7,42790,92.0,0.3824071551889493,0.39160707335476175,0.009199918165812448,0.024057913250254748,0.009238064771292409
codex-l,query_num_edges,asc,0.014819848478962339,0.7,42790,92.0,0.3824071551889493,0.39160707335476175,0.009199918165812448,0.024057913250254748,0.009238064771292409
codex-l,num_pos_dep,asc,0.014819848478980768,0.72,44013,83.0,0.3796189775297701,0.3886251199654874,0.00900614243571729,0.023724162828532513,0.008904314349551745
codex-l,unique_synergy_edges,asc,0.014819848478980768,0.72,44013,83.0,0.3796189775297701,0.3886251199654874,0.00900614243571729,0.023724162828532513,0.008904314349551745
codex-l,rule_mass,asc,0.014819848478875741,0.6,36677,87.34302904503781,0.41879916467460343,0.4286250292017582,0.009825864527154782,0.02346199647936076,0.008642148000485017
codex-l,avg_negative_dep,asc,0.01481984847893525,0.76,46458,11.49,0.37335562819061585,0.38192839480167995,0.008572766611064098,0.022961396491088415,0.008141548012153166
codex-l,pos_mass,asc,0.014819848478959452,0.8,48903,128.45706,0.370274557364416,0.3787045105626727,0.008429953198256679,0.02276676328576399,0.00794691480680454
codex-l,net_dep_mass,asc,0.01481984847893214,0.8,48903,126.79717,0.37012240059912416,0.3785402782447758,0.008417877645651661,0.022743496832468013,0.007923648353535873
codex-l,avg_stage1_score,asc,0.014819848478773823,0.54,33010,0.0218428632872826,0.44514958157315365,0.4552392842913116,0.010089702718157956,0.02266587038563772,0.007846021906863898
codex-l,abs_dep_mass,asc,0.014819848478955455,0.8,48903,132.74854000000002,0.371850023161913,0.38026106686338523,0.00841104370147222,0.022619451869201113,0.007799603390245657
codex-l,sum_negative_dep,asc,0.014819848478936803,0.76,46458,1291.0,0.37985548695630267,0.3884215970077467,0.008566110051444031,0.022550970949721805,0.007731122470785001
codex-l,sum_positive_dep,asc,0.0148198484789408,0.7,42790,255.0,0.3807456538606457,0.38932505559687686,0.008579401736231174,0.022533157369594825,0.007713308890654025
codex-l,avg_positive_dep,asc,0.014819848478939246,0.7,42790,2.51,0.37993265324320813,0.3884732272157267,0.008540573972518561,0.022479178611298334,0.007659330132359088
codex-l,avg_candidate_dep_score,desc,0.014819848478795361,0.8,48903,-0.0517128458083886,0.37382107557824595,0.38220114268342315,0.008380067105177191,0.02241732115348083,0.007597472674685468
codex-l,candidate_dep_coverage,desc,0.014819848478828002,0.4,24452,0.580952380952381,0.26934516328994856,0.27536846745601945,0.006023304166070886,0.022362770849487346,0.007542922370659344
codex-l,dep_candidate_ratio,desc,0.014819848478828002,0.4,24452,0.580952380952381,0.26934516328994856,0.27536846745601945,0.006023304166070886,0.022362770849487346,0.007542922370659344
codex-l,num_candidates,asc,0.014819848478860198,0.24,14671,100.0,0.6422697944975765,0.6564902367439267,0.014220442246350218,0.022140917054139786,0.007321068575279588
codex-l,s1_norm_margin,desc,0.014819848478733189,0.2,12226,0.6702873200471016,0.7209808107777451,0.7369359031786852,0.015955092400940063,0.02212970465015407,0.007309856171420881
codex-l,synergy_weight_top10_mean,asc,0.014819848478950792,0.82,50126,2.24055,0.36204058991709853,0.37002458226925533,0.007983992352156799,0.02205275478637625,0.007232906307425457
codex-l,synergy_weight_top10_sum,asc,0.014819848478950126,0.82,50126,22.4055,0.3620405899170989,0.3700245822692555,0.007983992352156577,0.022052754786375584,0.007232906307425457
codex-l,neg_dep_ratio,asc,0.014819848478694997,0.2,12226,0.0,0.3857332015920691,0.39420148665394006,0.008468285061870973,0.02195373648656407,0.007133888007869071
codex-l,neg_mass,asc,0.01481984847874429,0.2,12226,0.0,0.3857332015920691,0.39420148665394006,0.008468285061870973,0.02195373648656407,0.0071338880078197775
codex-l,num_neg_dep,asc,0.014819848478730968,0.2,12226,0.0,0.3857332015920691,0.39420148665394006,0.008468285061870973,0.02195373648656407,0.0071338880078331
codex-l,red_rule_ratio,asc,0.01481984847865303,0.2,12226,0.0,0.3857332015920691,0.39420148665394006,0.008468285061870973,0.02195373648656407,0.007133888007911038
codex-l,redundancy_weight_max,asc,0.014819848478765385,0.2,12226,0.0,0.3857332015920691,0.39420148665394006,0.008468285061870973,0.02195373648656407,0.007133888007798683
codex-l,redundancy_weight_mean,asc,0.01481984847879847,0.2,12226,0.0,0.3857332015920691,0.39420148665394006,0.008468285061870973,0.02195373648656407,0.007133888007765599
codex-l,redundancy_weight_top10_mean,asc,0.014819848478772046,0.2,12226,0.0,0.3857332015920691,0.39420148665394006,0.008468285061870973,0.02195373648656407,0.007133888007792022
codex-l,redundancy_weight_top10_sum,asc,0.014819848478752506,0.2,12226,0.0,0.3857332015920691,0.39420148665394006,0.008468285061870973,0.02195373648656407,0.007133888007811562
codex-l,redundancy_weight_top1_mean,asc,0.014819848478765385,0.2,12226,0.0,0.3857332015920691,0.39420148665394006,0.008468285061870973,0.02195373648656407,0.007133888007798683
codex-l,redundancy_weight_top1_sum,asc,0.014819848478765385,0.2,12226,0.0,0.3857332015920691,0.39420148665394006,0.008468285061870973,0.02195373648656407,0.007133888007798683
codex-l,redundancy_weight_top3_mean,asc,0.014819848478763165,0.2,12226,0.0,0.3857332015920691,0.39420148665394006,0.008468285061870973,0.02195373648656407,0.007133888007800904
codex-l,redundancy_weight_top3_sum,asc,0.014819848478761832,0.2,12226,0.0,0.3857332015920691,0.39420148665394006,0.008468285061870973,0.02195373648656407,0.007133888007802236
codex-l,redundancy_weight_top5_mean,asc,0.014819848478765829,0.2,12226,0.0,0.3857332015920691,0.39420148665394006,0.008468285061870973,0.02195373648656407,0.007133888007798239
codex-l,redundancy_weight_top5_sum,asc,0.014819848478762943,0.2,12226,0.0,0.3857332015920691,0.39420148665394006,0.008468285061870973,0.02195373648656407,0.007133888007801126
codex-l,topk_redundancy,asc,0.014819848478763165,0.2,12226,0.0,0.3857332015920691,0.39420148665394006,0.008468285061870973,0.02195373648656407,0.007133888007800904
codex-l,unique_redundancy_edges,asc,0.014819848478730968,0.2,12226,0.0,0.3857332015920691,0.39420148665394006,0.008468285061870973,0.02195373648656407,0.0071338880078331
codex-l,synergy_weight_top5_mean,asc,0.014819848478957454,0.82,50126,2.388144,0.35624614212275274,0.36399849365893416,0.007752351536181423,0.021761222423315907,0.006941373944358453
codex-l,synergy_weight_top5_sum,asc,0.014819848478956343,0.82,50126,11.94072,0.3562461421227532,0.3639984936589343,0.00775235153618109,0.02176122242331502,0.006941373944358675
codex-l,sum_negative_dep,desc,0.014819848478817121,0.4,24452,96.0,0.28027869685404455,0.2863659536631635,0.006087256809118924,0.021718585384635558,0.006898736905818437
codex-l,synergy_weight_top3_mean,asc,0.014819848478958564,0.82,50126,2.4831666666666665,0.35372606739888746,0.36140215798249287,0.0076760905836054105,0.021700664132703773,0.006880815653745209
codex-l,topk_synergy,asc,0.014819848478958564,0.82,50126,2.4831666666666665,0.35372606739888746,0.36140215798249287,0.0076760905836054105,0.021700664132703773,0.006880815653745209
codex-l,synergy_weight_top3_sum,asc,0.014819848478958564,0.82,50126,7.4495,0.3537260673988875,0.36140215798249287,0.007676090583605355,0.02170066413270355,0.006880815653744987
codex-l,topk_synergy_sum,asc,0.014819848478958564,0.82,50126,7.4495,0.3537260673988875,0.36140215798249287,0.007676090583605355,0.02170066413270355,0.006880815653744987
codex-l,rule_weight_top10_mean,asc,0.014819848478911934,0.54,33010,0.5885817982292054,0.3305316669391827,0.3377024090701232,0.007170742130940544,0.021694569229458782,0.006874720750546848
codex-l,avg_negative_dep,desc,0.014819848478818898,0.4,24452,1.0,0.28286362820244854,0.28893702794477755,0.006073399742329011,0.021471122960998734,0.006651274482179836
codex-l,pos_mass,desc,0.01481984847884421,0.38,23229,21.7763,0.283200610528655,0.2892673054348732,0.006066694906218251,0.021421899108527542,0.0066020506296833315
codex-l,rule_weight_top10_sum,asc,0.01481984847890816,0.56,34232,6.140357658197662,0.33904579474941005,0.34630257517420704,0.007256780424796994,0.021403540575279933,0.006583692096371774
codex-l,abs_dep_mass,desc,0.014819848478846431,0.38,23229,22.19502,0.2828119581375872,0.2888613781641585,0.006049420026571328,0.021390255441844808,0.006570406962998376
codex-l,syn_rule_ratio,desc,0.01481984847879958,0.34,20784,0.2293738336578611,0.37627904275825547,0.3842663092202999,0.007987266462044451,0.021226976670013276,0.006407128191213696
codex-l,net_dep_mass,desc,0.014819848478918152,0.38,23229,16.11145,0.3005114157598055,0.30688614920811574,0.006374733448310244,0.021212949372297674,0.006393100893379522
codex-l,synergy_weight_max,asc,0.01481984847895812,0.8,48903,2.51459,0.355290828562751,0.36281362920584154,0.007522800643090521,0.021173641530580323,0.006353793051622203
codex-l,synergy_weight_top1_mean,asc,0.01481984847895812,0.8,48903,2.51459,0.355290828562751,0.36281362920584154,0.007522800643090521,0.021173641530580323,0.006353793051622203
codex-l,synergy_weight_top1_sum,asc,0.01481984847895812,0.8,48903,2.51459,0.355290828562751,0.36281362920584154,0.007522800643090521,0.021173641530580323,0.006353793051622203
codex-l,neg_dep_ratio,desc,0.014819848478914155,0.3,18339,0.0537383177570093,0.30562290214217325,0.31208874087682076,0.006465838734647511,0.0211562637790792,0.006336415300165044
codex-l,dep_rule_ratio,desc,0.01481984847882778,0.34,20784,0.2306602584826517,0.37655868102582696,0.3844948526825758,0.00793617165674887,0.021075524364832177,0.006255675886004397
codex-l,avg_candidate_dep_score,asc,0.014819848478798026,0.36,22006,-0.0037723859321864,0.29566488887109577,0.3017920504604604,0.00612716158936466,0.02072333178538477,0.005903483306586743
codex-l,max_candidate_dep_score,desc,0.014819848478746955,0.92,56239,-0.0114392603799327,0.3322704643079754,0.33901060362602037,0.006740139318044958,0.020285099164870868,0.0054652506861239125
codex-l,rule_dominance_ratio,desc,0.014819848478780484,0.22,13448,0.0215701180688026,0.6535778922652252,0.6666544715079609,0.013076579242735642,0.020007682936480142,0.005187834457699658
codex-l,dep_rule_ratio,asc,0.014819848478817788,0.9,55016,1.742324144900958,0.3355677186816761,0.34215416332101234,0.00658644463933622,0.019627765940096964,0.004807917461279176
codex-l,rule_weight_top5_mean,asc,0.01481984847885287,0.6,36677,0.8143048473814453,0.3244118991870147,0.3307745486352283,0.006362649448213631,0.019612873215065774,0.004793024736212903
codex-l,rule_weight_top5_sum,asc,0.014819848478859976,0.6,36677,4.023216862773327,0.3254341099358013,0.331777535165453,0.0063434252296517,0.019492195304613436,0.0046723468257534595
codex-l,syn_rule_ratio,asc,0.014819848478820452,0.9,55016,1.7313633722407729,0.33564598802806783,0.34217550381139983,0.006529515783331996,0.0194535791167747,0.0046337306379542476
codex-l,weak_rule_score,desc,0.014819848478651032,0.7,42790,-0.4192504488031863,0.30316166152472374,0.30888068689821535,0.005719025373491615,0.018864606245817095,0.004044757767166063
codex-l,rule_weight_max,asc,0.014819848478652364,0.7,42790,1.4192504488031863,0.30318900367712487,0.3089080491730759,0.005719045495951036,0.018862971369639103,0.004043122890986739
codex-l,rule_weight_top1_mean,asc,0.014819848478652364,0.7,42790,1.4192504488031863,0.30318900367712487,0.3089080491730759,0.005719045495951036,0.018862971369639103,0.004043122890986739
codex-l,rule_weight_top1_sum,asc,0.014819848478652364,0.7,42790,1.4192504488031863,0.30318900367712487,0.3089080491730759,0.005719045495951036,0.018862971369639103,0.004043122890986739
codex-l,top1_rule_weight,asc,0.014819848478652364,0.7,42790,1.4192504488031863,0.30318900367712487,0.3089080491730759,0.005719045495951036,0.018862971369639103,0.004043122890986739
codex-l,red_rule_ratio,desc,0.014819848478909714,0.38,23229,0.000336366505107,0.29054433913921324,0.29594486149167815,0.005400522352464909,0.01858760135704207,0.0037677528781323577
codex-l,candidate_dep_coverage,asc,0.014819848478832665,0.78,47681,1.0,0.35818116739908973,0.3648122822139267,0.006631114814836969,0.018513298348398433,0.003693449869565768
codex-l,dep_candidate_ratio,asc,0.014819848478832665,0.78,47681,1.0,0.35818116739908973,0.3648122822139267,0.006631114814836969,0.018513298348398433,0.003693449869565768
codex-l,num_neg_dep,desc,0.014819848478909492,0.36,22006,2.0,0.2720970069203594,0.2771231637121566,0.005026156791797243,0.018471929730812464,0.003652081251902972
codex-l,unique_redundancy_edges,desc,0.014819848478909492,0.36,22006,2.0,0.2720970069203594,0.2771231637121566,0.005026156791797243,0.018471929730812464,0.003652081251902972
codex-l,redundancy_weight_top10_sum,desc,0.014819848478906605,0.38,23229,0.02763,0.2807711687280887,0.28592244473711503,0.005151276009026318,0.018346883807058623,0.0035270353281520173
codex-l,redundancy_weight_top3_sum,desc,0.014819848478905717,0.38,23229,0.02763,0.2807711687280875,0.28592244473711304,0.0051512760090255405,0.018346883807055958,0.003527035328150241
codex-l,neg_mass,desc,0.014819848478903497,0.38,23229,0.02763,0.2807711687280905,0.2859224447371141,0.005151276009023598,0.018346883807048853,0.003527035328145356
codex-l,redundancy_weight_top5_sum,desc,0.014819848478903053,0.38,23229,0.02763,0.2807711687280908,0.2859224447371141,0.0051512760090232645,0.018346883807047742,0.00352703532814469
codex-l,redundancy_weight_mean,desc,0.014819848478909492,0.4,24452,0.0,0.28569670969667327,0.2909211671588131,0.005224457462139842,0.01828672604485604,0.0034668775659465467
codex-l,redundancy_weight_max,desc,0.014819848478906605,0.4,24452,0.0,0.2856967096966781,0.29092116715881583,0.005224457462137733,0.01828672604484849,0.003466877565941884
codex-l,redundancy_weight_top1_mean,desc,0.014819848478906605,0.4,24452,0.0,0.2856967096966781,0.29092116715881583,0.005224457462137733,0.01828672604484849,0.003466877565941884
codex-l,redundancy_weight_top1_sum,desc,0.014819848478906605,0.4,24452,0.0,0.2856967096966781,0.29092116715881583,0.005224457462137733,0.01828672604484849,0.003466877565941884
codex-l,redundancy_weight_top10_mean,desc,0.014819848478906383,0.4,24452,0.0,0.28569670969667815,0.29092116715881555,0.0052244574621374,0.018286726044847157,0.0034668775659407736
codex-l,redundancy_weight_top5_mean,desc,0.014819848478902609,0.4,24452,0.0,0.28569670969668054,0.29092116715881483,0.005224457462134291,0.018286726044836277,0.003466877565933668
codex-l,redundancy_weight_top3_mean,desc,0.014819848478902609,0.4,24452,0.0,0.2856967096966813,0.29092116715881555,0.0052244574621342355,0.018286726044835833,0.003466877565933224
codex-l,topk_redundancy,desc,0.014819848478902609,0.4,24452,0.0,0.2856967096966813,0.29092116715881555,0.0052244574621342355,0.018286726044835833,0.003466877565933224
codex-l,rule_weight_top3_sum,asc,0.014819848478692332,0.44,26897,1.7874118872112883,0.26480755426772307,0.2696236104666917,0.004816056198968632,0.018187004567473686,0.0033671560887813534
codex-l,rule_weight_top3_mean,asc,0.014819848478690556,0.42,25674,0.5674288620652113,0.2570348267024214,0.26170864065648763,0.0046738139540662416,0.018183582411877897,0.0033637339331873406
codex-l,topk_rule_weight,asc,0.014819848478690556,0.42,25674,0.5674288620652113,0.2570348267024214,0.26170864065648763,0.0046738139540662416,0.018183582411877897,0.0033637339331873406
codex-l,avg_positive_dep,desc,0.014819848478803355,0.44,26897,0.17,0.30918517796838196,0.3147524957251344,0.0055673177567524545,0.018006418656077328,0.003186570177273973
codex-l,max_stage1_score,asc,0.014819848478674569,0.54,33010,0.4257665605038422,0.30147796208829,0.3069017582446563,0.005423796156366345,0.01799068866857323,0.0031708401898986605
codex-l,s1_top1,asc,0.014819848478674569,0.54,33010,0.4257665605038422,0.30147796208829,0.3069017582446563,0.005423796156366345,0.01799068866857323,0.0031708401898986605
codex-l,max_negative_dep,desc,0.014819848478814013,0.44,26897,5.0,0.31410717391754583,0.3197154717081135,0.005608297790567651,0.017854726845684343,0.0030348783668703305
codex-l,sum_positive_dep,desc,0.014819848478798914,0.44,26897,17.0,0.30971559111517527,0.3152016009689782,0.005486009853802931,0.017713056788809967,0.002893208310011053
codex-l,s1_margin,desc,0.014819848478660136,0.26,15894,0.0860135488009036,0.7060946085342937,0.7185464001655599,0.012451791631266196,0.017634735460044793,0.0028148869813846567
codex-l,stage1_top_margin,desc,0.014819848478660136,0.26,15894,0.0860135488009036,0.7060946085342937,0.7185464001655599,0.012451791631266196,0.017634735460044793,0.0028148869813846567
codex-l,rule_weight_top10_sum,desc,0.014819848478619724,0.2,12226,13.72688709064112,0.13037897307690946,0.1326644814168755,0.002285508339966047,0.01752973110639422,0.002709882627774496
codex-l,avg_rules_per_candidate,desc,0.014819848478741404,0.76,46458,6.36,0.2832620838673158,0.2882062906706027,0.0049442068032869435,0.01745453092692384,0.002634682448182435
codex-l,pos_dep_ratio,asc,0.014819848478964559,0.88,53794,1.0,0.30696939277251734,0.312311425471265,0.005342032698747667,0.017402492966803518,0.0025826444878389587
codex-l,max_candidate_dep_score,asc,0.014819848478768272,0.36,22006,0.0,0.3794298269210616,0.38598427375448796,0.006554446833426375,0.01727446386229925,0.002454615383530978
codex-l,num_dependencies,desc,0.014819848478793807,0.46,28119,11.0,0.33018766917121933,0.33582371619142615,0.005636047020206814,0.017069223191627625,0.002249374712833818
codex-l,num_dependency_edges,desc,0.014819848478793807,0.46,28119,11.0,0.33018766917121933,0.33582371619142615,0.005636047020206814,0.017069223191627625,0.002249374712833818
codex-l,query_num_edges,desc,0.014819848478793807,0.46,28119,11.0,0.33018766917121933,0.33582371619142615,0.005636047020206814,0.017069223191627625,0.002249374712833818
codex-l,pos_dep_ratio,desc,0.014819848478753395,0.48,29342,0.6538461538461539,0.33801644921779617,0.3436991267361532,0.005682677518357049,0.016811837209423697,0.001991988730670302
codex-l,num_pos_dep,desc,0.014819848478774489,0.48,29342,5.0,0.33505163471935323,0.3406586953761895,0.005607060656836249,0.0167349150871412,0.0019150666083667112
codex-l,unique_synergy_edges,desc,0.014819848478774489,0.48,29342,5.0,0.33505163471935323,0.3406586953761895,0.005607060656836249,0.0167349150871412,0.0019150666083667112
codex-l,max_positive_dep,desc,0.014819848478812236,0.6,36677,0.0,0.34206290510472487,0.34777521967939923,0.00571231457467436,0.016699602586037532,0.0018797541072252955
codex-l,rule_weight_top10_mean,desc,0.014819848478627717,0.7,42790,0.2548942040066688,0.3614714496584175,0.3675049772968834,0.00603352763846593,0.01669157451900416,0.0018717260403764424
codex-l,rule_weight_top5_mean,desc,0.014819848478669462,0.7,42790,0.3001045924503381,0.36863710477234274,0.3747708285297162,0.006133723757373477,0.01663892125335953,0.001819072774690067
codex-l,rule_weight_top5_sum,desc,0.014819848478670128,0.7,42790,1.4951253692634632,0.3681167830143182,0.3742317316137145,0.006114948599396264,0.01661143659173625,0.0017915881130661226
codex-l,dep_density,desc,0.014819848478772268,0.62,37900,0.0,0.34009691534288045,0.34570459203993475,0.005607676697054309,0.01648846679894378,0.001668618320171511
codex-l,rule_weight_top3_sum,desc,0.014819848478670572,0.7,42790,1.0081382257272429,0.371906322987802,0.3779835835809274,0.006077260593125355,0.016340836972875694,0.0015209884942051222
codex-l,rule_weight_top3_mean,desc,0.014819848478683673,0.7,42790,0.3361309805591187,0.3719256386141274,0.3780024688530191,0.006076830238891662,0.016338831228562833,0.0015189827498791608
codex-l,topk_rule_weight,desc,0.014819848478683673,0.7,42790,0.3361309805591187,0.3719256386141274,0.3780024688530191,0.006076830238891662,0.016338831228562833,0.0015189827498791608
codex-l,weak_rule_score,asc,0.014819848478676567,0.74,45235,0.696317586201778,0.3735439636334363,0.3795115798511932,0.0059676162177569325,0.01597567300970515,0.001155824531028582
codex-l,rule_weight_max,desc,0.01481984847868234,0.74,45235,0.303682413798222,0.3735567703675278,0.3795234343380934,0.0059666639705655555,0.015972576175490527,0.0011527276968081868
codex-l,rule_weight_top1_mean,desc,0.01481984847868234,0.74,45235,0.303682413798222,0.3735567703675278,0.3795234343380934,0.0059666639705655555,0.015972576175490527,0.0011527276968081868
codex-l,rule_weight_top1_sum,desc,0.01481984847868234,0.74,45235,0.303682413798222,0.3735567703675278,0.3795234343380934,0.0059666639705655555,0.015972576175490527,0.0011527276968081868
codex-l,top1_rule_weight,desc,0.01481984847868234,0.74,45235,0.303682413798222,0.3735567703675278,0.3795234343380934,0.0059666639705655555,0.015972576175490527,0.0011527276968081868
codex-l,synergy_weight_mean,asc,0.014819848478794695,0.98,59906,1.624686375,0.3233408370206368,0.3284333707528469,0.0050925337322100805,0.01574973881781916,0.0009298903390244639
codex-l,s1_norm_margin,asc,0.014819848478841324,0.94,57461,0.939283901902182,0.2910175252819068,0.2955526225778848,0.004535097295978008,0.015583588279038718,0.0007637398001973938
codex-l,avg_stage2_score,asc,0.014819848478717201,0.62,37900,0.0245432056421414,0.43897594860614064,0.4458066264400656,0.006830677833924936,0.015560483109869905,0.0007406346311527034
codex-l,max_rules_per_candidate,desc,0.014819848478579534,0.92,56239,10.0,0.3348573608742681,0.33998045313851327,0.005123092264245177,0.015299327005592556,0.00047947852701302196
codex-l,max_stage1_score,desc,0.014819848478716535,0.8,48903,0.0502174260066673,0.35515939477160025,0.36057525964429626,0.005415864872696019,0.015249110547051359,0.0004292620683348236
codex-l,s1_top1,desc,0.014819848478716535,0.8,48903,0.0502174260066673,0.35515939477160025,0.36057525964429626,0.005415864872696019,0.015249110547051359,0.0004292620683348236
codex-l,effective_candidates,asc,0.014819848478779596,0.96,58684,155.80334202823315,0.33958485342302125,0.3446761785287504,0.0050913251057291276,0.014992792094254082,0.00017294361547448567
codex-l,s1_entropy,asc,0.014819848478779596,0.96,58684,5.048594583965461,0.33958485342302125,0.3446761785287504,0.0050913251057291276,0.014992792094254082,0.00017294361547448567
codex-l,max_stage2_score,asc,0.014819848478760722,0.96,58684,0.8891850121452683,0.3384091004019665,0.3434535746429098,0.005044474240943342,0.014906437902974412,8.658942421368998e-05
codex-l,s1_margin,asc,0.014819848478790698,0.98,59906,0.6859230353115001,0.31532895798292476,0.320014936763201,0.004685978780276212,0.014860604018898771,4.075554010807281e-05
codex-l,stage1_top_margin,asc,0.014819848478790698,0.98,59906,0.6859230353115001,0.31532895798292476,0.320014936763201,0.004685978780276212,0.014860604018898771,4.075554010807281e-05
codex-l,candidate_rule_coverage,desc,0.014819848478895281,1.0,61129,1.0,0.329320606617803,0.33420108810885674,0.004880481491053745,0.014819848478895281,0.0
codex-l,num_rule_nodes,asc,0.0148198484785671,1.0,61129,974.0,0.3293206066178858,0.3342010881088327,0.004880481490946886,0.0148198484785671,0.0
codex-l,num_rules,asc,0.0148198484785671,1.0,61129,974.0,0.3293206066178858,0.3342010881088327,0.004880481490946886,0.0148198484785671,0.0
codex-l,query_num_nodes,asc,0.0148198484785671,1.0,61129,974.0,0.3293206066178858,0.3342010881088327,0.004880481490946886,0.0148198484785671,0.0
codex-m,effective_candidates,desc,0.008576136224767383,0.2,4119,104.33241788498292,0.08443005854170033,0.08652657594764655,0.002096517405946227,0.024831410070748072,0.01625527384598069
codex-m,s1_entropy,desc,0.008576136224767383,0.2,4119,4.64758212756821,0.08443005854170033,0.08652657594764655,0.002096517405946227,0.024831410070748072,0.01625527384598069
codex-m,num_candidates,desc,0.008576136224810238,0.2,4119,106.0,0.09319105786012855,0.09511956246110864,0.0019285046009800966,0.02069409496214325,0.012117958737333012
codex-m,rule_dominance_ratio,asc,0.008576136224808906,0.24,4943,0.0031001223664336,0.11694762358476922,0.11897894002295906,0.002031316438189837,0.017369454597916167,0.008793318373107262
codex-m,avg_stage1_score,desc,0.008576136224839992,0.2,4119,0.4731910917998819,0.16438657986108693,0.1672056942735074,0.0028191144124204703,0.01714929780036023,0.008573161575520238
codex-m,avg_stage2_score,desc,0.008576136224841324,0.2,4119,0.4731910917998819,0.1643865798610871,0.1672056942735072,0.0028191144124201095,0.01714929780035801,0.008573161575516686
codex-m,rule_mass,desc,0.008576136224867081,0.24,4943,416.5587743748808,0.16090196863252457,0.16356031321188136,0.0026583445793567917,0.016521516808958747,0.007945380584091666
codex-m,avg_candidate_dep_score,desc,0.008576136224852648,0.4,8238,0.0,0.37705004646292717,0.3827638043862081,0.005713757923280938,0.01515384489905558,0.006577708674202931
codex-m,stage2_top_margin,asc,0.008576136224780928,0.2,4119,0.0,0.2290991517953316,0.23228476554094155,0.0031856137456099387,0.013904956524919188,0.0053288203001382595
codex-m,num_candidate_rule_edges,desc,0.008576136224806019,0.28,5766,3411.0,0.17608127951455763,0.1783619590428372,0.0022806795282795667,0.012952424781142113,0.004376288556336094
codex-m,avg_stage1_score,asc,0.008576136224768938,0.3,6178,0.0163335920305805,0.4273123278235356,0.4328272353325158,0.005514907508980205,0.01290603418129721,0.0043298979565282725
codex-m,avg_stage2_score,asc,0.00857613622476805,0.3,6178,0.0162705223619309,0.4263589523015532,0.43179337193245837,0.005434419630905185,0.012746113577700946,0.0041699773529328965
codex-m,rule_weight_top10_sum,desc,0.00857613622485709,0.22,4531,12.960063888753474,0.2538819614959137,0.257089707995766,0.0032077464998523375,0.01263479485092911,0.00405865862607202
codex-m,net_dep_mass,desc,0.008576136224879516,0.54,11121,0.0,0.3770440891699512,0.38178884593798756,0.004744756768036373,0.012584090042312424,0.004007953817432908
codex-m,max_rules_per_candidate,desc,0.008576136224840658,0.38,7826,52.0,0.23216808316887447,0.2350708095479326,0.0029027263790581403,0.012502693477237203,0.003926557252396545
codex-m,s1_margin,asc,0.008576136224782482,0.4,8238,0.0072534778528952,0.1933654721958146,0.19575799791692206,0.002392525721107458,0.01237307619575767,0.0037969399709751883
codex-m,stage1_top_margin,asc,0.008576136224782482,0.4,8238,0.0072534778528952,0.1933654721958146,0.19575799791692206,0.002392525721107458,0.01237307619575767,0.0037969399709751883
codex-m,red_rule_ratio,desc,0.008576136224879294,0.56,11533,0.0,0.37187122703293385,0.37647141089441444,0.004600183861480589,0.01237036782378742,0.0037942315989081266
codex-m,dep_rule_ratio,desc,0.008576136224878628,0.56,11533,0.0,0.37187122703293757,0.3764714108944178,0.004600183861480256,0.012370367823786532,0.0037942315989079045
codex-m,syn_rule_ratio,desc,0.008576136224878628,0.56,11533,0.0,0.3718712270329374,0.37647141089441766,0.004600183861480256,0.012370367823786532,0.0037942315989079045
codex-m,redundancy_weight_top3_sum,desc,0.008576136224877962,0.56,11533,0.0,0.3718712270329331,0.37647141089441294,0.004600183861479812,0.012370367823785422,0.0037942315989074604
codex-m,num_neg_dep,desc,0.00857613622487774,0.56,11533,0.0,0.37187122703293385,0.3764714108944135,0.004600183861479645,0.012370367823784978,0.0037942315989072384
codex-m,synergy_weight_mean,desc,0.008576136224877517,0.56,11533,0.0,0.3718712270329373,0.37647141089441694,0.004600183861479645,0.012370367823784978,0.0037942315989074604
codex-m,unique_redundancy_edges,desc,0.00857613622487774,0.56,11533,0.0,0.37187122703293385,0.3764714108944135,0.004600183861479645,0.012370367823784978,0.0037942315989072384
codex-m,synergy_weight_top3_sum,desc,0.008576136224877517,0.56,11533,0.0,0.3718712270329377,0.37647141089441727,0.00460018386147959,0.012370367823784756,0.0037942315989072384
codex-m,topk_synergy_sum,desc,0.008576136224877517,0.56,11533,0.0,0.3718712270329377,0.37647141089441727,0.00460018386147959,0.012370367823784756,0.0037942315989072384
codex-m,redundancy_weight_top5_sum,desc,0.008576136224877517,0.56,11533,0.0,0.3718712270329335,0.376471410894413,0.004600183861479479,0.012370367823784534,0.0037942315989070163
codex-m,redundancy_weight_top10_sum,desc,0.008576136224877295,0.56,11533,0.0,0.37187122703293374,0.37647141089441316,0.004600183861479423,0.012370367823784312,0.0037942315989070163
codex-m,synergy_weight_top3_mean,desc,0.008576136224877295,0.56,11533,0.0,0.37187122703293796,0.3764714108944173,0.004600183861479368,0.01237036782378409,0.0037942315989067943
codex-m,topk_synergy,desc,0.008576136224877295,0.56,11533,0.0,0.37187122703293796,0.3764714108944173,0.004600183861479368,0.01237036782378409,0.0037942315989067943
codex-m,redundancy_weight_mean,desc,0.008576136224877073,0.56,11533,0.0,0.3718712270329333,0.3764714108944125,0.004600183861479201,0.012370367823783868,0.0037942315989067943
codex-m,redundancy_weight_top5_mean,desc,0.008576136224877073,0.56,11533,0.0,0.37187122703293346,0.37647141089441266,0.004600183861479201,0.012370367823783868,0.0037942315989067943
codex-m,synergy_weight_top5_sum,desc,0.008576136224877073,0.56,11533,0.0,0.37187122703293785,0.3764714108944171,0.004600183861479257,0.012370367823783868,0.0037942315989067943
codex-m,neg_mass,desc,0.008576136224877073,0.56,11533,0.0,0.3718712270329337,0.37647141089441283,0.004600183861479146,0.012370367823783646,0.0037942315989065722
codex-m,redundancy_weight_max,desc,0.008576136224876851,0.56,11533,0.0,0.3718712270329335,0.37647141089441266,0.004600183861479146,0.012370367823783646,0.0037942315989067943
codex-m,redundancy_weight_top1_mean,desc,0.008576136224876851,0.56,11533,0.0,0.3718712270329335,0.37647141089441266,0.004600183861479146,0.012370367823783646,0.0037942315989067943
codex-m,redundancy_weight_top1_sum,desc,0.008576136224876851,0.56,11533,0.0,0.3718712270329335,0.37647141089441266,0.004600183861479146,0.012370367823783646,0.0037942315989067943
codex-m,redundancy_weight_top3_mean,desc,0.008576136224877073,0.56,11533,0.0,0.37187122703293346,0.3764714108944126,0.004600183861479146,0.012370367823783646,0.0037942315989065722
codex-m,topk_redundancy,desc,0.008576136224877073,0.56,11533,0.0,0.37187122703293346,0.3764714108944126,0.004600183861479146,0.012370367823783646,0.0037942315989065722
codex-m,candidate_rule_coverage,desc,0.00857613622487663,0.56,11533,1.0,0.37187122703292924,0.3764714108944083,0.004600183861479035,0.012370367823783424,0.0037942315989067943
codex-m,synergy_weight_top10_sum,desc,0.008576136224876851,0.56,11533,0.0,0.371871227032938,0.3764714108944171,0.00460018386147909,0.012370367823783424,0.0037942315989065722
codex-m,avg_negative_dep,desc,0.00857613622487663,0.56,11533,0.0,0.3718712270329354,0.37647141089441444,0.004600183861479035,0.012370367823783202,0.0037942315989065722
codex-m,redundancy_weight_top10_mean,desc,0.00857613622487663,0.56,11533,0.0,0.3718712270329337,0.37647141089441266,0.004600183861478979,0.012370367823783202,0.0037942315989065722
codex-m,sum_negative_dep,desc,0.00857613622487663,0.56,11533,0.0,0.3718712270329355,0.37647141089441444,0.004600183861478924,0.01237036782378298,0.00379423159890635
codex-m,synergy_weight_top10_mean,desc,0.008576136224876407,0.56,11533,0.0,0.3718712270329382,0.3764714108944171,0.004600183861478924,0.01237036782378298,0.0037942315989065722
codex-m,neg_dep_ratio,desc,0.008576136224876407,0.56,11533,0.0,0.37187122703293407,0.37647141089441283,0.004600183861478757,0.012370367823782535,0.003794231598906128
codex-m,synergy_weight_max,desc,0.008576136224876407,0.56,11533,0.0,0.37187122703293796,0.37647141089441677,0.004600183861478813,0.012370367823782535,0.003794231598906128
codex-m,synergy_weight_top1_mean,desc,0.008576136224876407,0.56,11533,0.0,0.37187122703293796,0.37647141089441677,0.004600183861478813,0.012370367823782535,0.003794231598906128
codex-m,synergy_weight_top1_sum,desc,0.008576136224876407,0.56,11533,0.0,0.37187122703293796,0.37647141089441677,0.004600183861478813,0.012370367823782535,0.003794231598906128
codex-m,synergy_weight_top5_mean,desc,0.008576136224876185,0.56,11533,0.0,0.37187122703293823,0.376471410894417,0.004600183861478757,0.012370367823782535,0.00379423159890635
codex-m,max_negative_dep,desc,0.008576136224875963,0.56,11533,0.0,0.37187122703293535,0.37647141089441394,0.004600183861478591,0.012370367823782091,0.003794231598906128
codex-m,abs_dep_mass,desc,0.008576136224874853,0.56,11533,0.0,0.3718712270329373,0.3764714108944152,0.0046001838614779245,0.012370367823780315,0.003794231598905462
codex-m,pos_mass,desc,0.008576136224874631,0.56,11533,0.0,0.37187122703293723,0.37647141089441505,0.0046001838614778134,0.012370367823779871,0.00379423159890524
codex-m,num_dependencies,desc,0.008576136224872632,0.56,11533,0.0,0.3718712270329378,0.37647141089441444,0.004600183861476648,0.012370367823776762,0.0037942315989041298
codex-m,num_dependency_edges,desc,0.008576136224872632,0.56,11533,0.0,0.3718712270329378,0.37647141089441444,0.004600183861476648,0.012370367823776762,0.0037942315989041298
codex-m,num_pos_dep,desc,0.008576136224872632,0.56,11533,0.0,0.3718712270329374,0.376471410894414,0.004600183861476592,0.012370367823776762,0.0037942315989041298
codex-m,query_num_edges,desc,0.008576136224872632,0.56,11533,0.0,0.3718712270329378,0.37647141089441444,0.004600183861476648,0.012370367823776762,0.0037942315989041298
codex-m,unique_synergy_edges,desc,0.008576136224872632,0.56,11533,0.0,0.3718712270329374,0.376471410894414,0.004600183861476592,0.012370367823776762,0.0037942315989041298
codex-m,candidate_dep_coverage,desc,0.008576136224870634,0.56,11533,0.0,0.3718712270329389,0.37647141089441427,0.004600183861475371,0.012370367823773432,0.0037942315989027975
codex-m,dep_candidate_ratio,desc,0.008576136224870634,0.56,11533,0.0,0.3718712270329389,0.37647141089441427,0.004600183861475371,0.012370367823773432,0.0037942315989027975
codex-m,dep_density,desc,0.008576136224870412,0.56,11533,0.0,0.3718712270329377,0.37647141089441294,0.00460018386147526,0.012370367823772987,0.0037942315989025754
codex-m,pos_dep_ratio,desc,0.008576136224870634,0.56,11533,0.0,0.37187122703293796,0.3764714108944132,0.00460018386147526,0.012370367823772987,0.0037942315989023534
codex-m,max_positive_dep,desc,0.008576136224868636,0.56,11533,0.0,0.37187122703293934,0.3764714108944135,0.00460018386147415,0.012370367823770101,0.0037942315989014652
codex-m,sum_positive_dep,desc,0.00857613622486797,0.56,11533,0.0,0.3718712270329389,0.37647141089441266,0.004600183861473761,0.01237036782376899,0.003794231598901021
codex-m,avg_positive_dep,desc,0.008576136224867748,0.56,11533,0.0,0.3718712270329391,0.3764714108944126,0.004600183861473484,0.012370367823768325,0.003794231598900577
codex-m,rule_weight_mean,desc,0.008576136224866415,0.2,4119,0.5013713174815738,0.19735173979484105,0.19979248110163078,0.0024407413067897288,0.01236746789933063,0.0037913316744642156
codex-m,s1_norm_margin,asc,0.008576136224787367,0.36,7414,0.0233350059077881,0.1996065791185788,0.20204192156597214,0.0024353424473933516,0.012200712311925432,0.003624576087138065
codex-m,avg_rules_per_candidate,desc,0.008576136224808906,0.34,7002,26.92156862745098,0.17185762859086146,0.17395338009507058,0.0020957515042091257,0.012194695815327838,0.0036185595905189327
codex-m,rule_weight_top10_mean,desc,0.008576136224857533,0.22,4531,1.3028787828153612,0.26225412384562213,0.2654376899550171,0.003183566109394964,0.01213924136906619,0.003563105144208656
codex-m,max_candidate_dep_score,desc,0.008576136224864195,0.54,11121,0.0,0.3794204068341164,0.3840113146179448,0.004590907783828424,0.012099791421697592,0.0035236551968333973
codex-m,avg_negative_dep,asc,0.008576136224773157,0.7,14416,0.0,0.32911530933992184,0.3329567867853802,0.0038414774454583744,0.011672132339157537,0.0030959961143843806
codex-m,max_negative_dep,asc,0.008576136224773157,0.7,14416,0.0,0.32911530933992184,0.3329567867853802,0.0038414774454583744,0.011672132339157537,0.0030959961143843806
codex-m,sum_negative_dep,asc,0.008576136224773157,0.7,14416,0.0,0.32911530933992184,0.3329567867853802,0.0038414774454583744,0.011672132339157537,0.0030959961143843806
codex-m,rule_weight_top5_sum,desc,0.008576136224857533,0.26,5354,6.6255913120177805,0.31297824622539544,0.31651005372643704,0.003531807501041595,0.01128451431892219,0.0027083780940646562
codex-m,candidate_rule_coverage,asc,0.0085761362247736,0.64,13180,1.0,0.3349392207474814,0.3386808479589875,0.0037416272115061155,0.011171063225011268,0.002594927000237668
codex-m,max_candidate_dep_score,asc,0.008576136224770936,0.62,12768,0.0,0.3352949011657149,0.33901365376147247,0.0037187525957575462,0.011090990596124728,0.002514854371353792
codex-m,neg_dep_ratio,asc,0.008576136224771602,0.62,12768,0.0,0.339195800949485,0.3429561569568177,0.0037603560073327102,0.011086092448098217,0.002509956223326615
codex-m,neg_mass,asc,0.008576136224771602,0.62,12768,0.0,0.339195800949485,0.3429561569568177,0.0037603560073327102,0.011086092448098217,0.002509956223326615
codex-m,num_neg_dep,asc,0.008576136224771602,0.62,12768,0.0,0.339195800949485,0.3429561569568177,0.0037603560073327102,0.011086092448098217,0.002509956223326615
codex-m,red_rule_ratio,asc,0.008576136224771602,0.62,12768,0.0,0.339195800949485,0.3429561569568177,0.0037603560073327102,0.011086092448098217,0.002509956223326615
codex-m,redundancy_weight_max,asc,0.008576136224771602,0.62,12768,0.0,0.339195800949485,0.3429561569568177,0.0037603560073327102,0.011086092448098217,0.002509956223326615
codex-m,redundancy_weight_mean,asc,0.008576136224771602,0.62,12768,0.0,0.339195800949485,0.3429561569568177,0.0037603560073327102,0.011086092448098217,0.002509956223326615
codex-m,redundancy_weight_top10_mean,asc,0.008576136224771602,0.62,12768,0.0,0.339195800949485,0.3429561569568177,0.0037603560073327102,0.011086092448098217,0.002509956223326615
codex-m,redundancy_weight_top10_sum,asc,0.008576136224771602,0.62,12768,0.0,0.339195800949485,0.3429561569568177,0.0037603560073327102,0.011086092448098217,0.002509956223326615
codex-m,redundancy_weight_top1_mean,asc,0.008576136224771602,0.62,12768,0.0,0.339195800949485,0.3429561569568177,0.0037603560073327102,0.011086092448098217,0.002509956223326615
codex-m,redundancy_weight_top1_sum,asc,0.008576136224771602,0.62,12768,0.0,0.339195800949485,0.3429561569568177,0.0037603560073327102,0.011086092448098217,0.002509956223326615
codex-m,redundancy_weight_top3_mean,asc,0.008576136224771602,0.62,12768,0.0,0.339195800949485,0.3429561569568177,0.0037603560073327102,0.011086092448098217,0.002509956223326615
codex-m,redundancy_weight_top3_sum,asc,0.008576136224771602,0.62,12768,0.0,0.339195800949485,0.3429561569568177,0.0037603560073327102,0.011086092448098217,0.002509956223326615
codex-m,redundancy_weight_top5_mean,asc,0.008576136224771602,0.62,12768,0.0,0.339195800949485,0.3429561569568177,0.0037603560073327102,0.011086092448098217,0.002509956223326615
codex-m,redundancy_weight_top5_sum,asc,0.008576136224771602,0.62,12768,0.0,0.339195800949485,0.3429561569568177,0.0037603560073327102,0.011086092448098217,0.002509956223326615
codex-m,topk_redundancy,asc,0.008576136224771602,0.62,12768,0.0,0.339195800949485,0.3429561569568177,0.0037603560073327102,0.011086092448098217,0.002509956223326615
codex-m,unique_redundancy_edges,asc,0.008576136224771602,0.62,12768,0.0,0.339195800949485,0.3429561569568177,0.0037603560073327102,0.011086092448098217,0.002509956223326615
codex-m,num_pos_dep,asc,0.008576136224774933,0.66,13592,0.0,0.3298657772907217,0.33350409399345593,0.0036383167027342345,0.01102968829508999,0.002453552070315057
codex-m,pos_dep_ratio,asc,0.008576136224774933,0.66,13592,0.0,0.3298657772907217,0.33350409399345593,0.0036383167027342345,0.01102968829508999,0.002453552070315057
codex-m,pos_mass,asc,0.008576136224774933,0.66,13592,0.0,0.3298657772907217,0.33350409399345593,0.0036383167027342345,0.01102968829508999,0.002453552070315057
codex-m,syn_rule_ratio,asc,0.008576136224774933,0.66,13592,0.0,0.3298657772907217,0.33350409399345593,0.0036383167027342345,0.01102968829508999,0.002453552070315057
codex-m,synergy_weight_max,asc,0.008576136224774933,0.66,13592,0.0,0.3298657772907217,0.33350409399345593,0.0036383167027342345,0.01102968829508999,0.002453552070315057
codex-m,synergy_weight_mean,asc,0.008576136224774933,0.66,13592,0.0,0.3298657772907217,0.33350409399345593,0.0036383167027342345,0.01102968829508999,0.002453552070315057
codex-m,synergy_weight_top10_mean,asc,0.008576136224774933,0.66,13592,0.0,0.3298657772907217,0.33350409399345593,0.0036383167027342345,0.01102968829508999,0.002453552070315057
codex-m,synergy_weight_top10_sum,asc,0.008576136224774933,0.66,13592,0.0,0.3298657772907217,0.33350409399345593,0.0036383167027342345,0.01102968829508999,0.002453552070315057
codex-m,synergy_weight_top1_mean,asc,0.008576136224774933,0.66,13592,0.0,0.3298657772907217,0.33350409399345593,0.0036383167027342345,0.01102968829508999,0.002453552070315057
codex-m,synergy_weight_top1_sum,asc,0.008576136224774933,0.66,13592,0.0,0.3298657772907217,0.33350409399345593,0.0036383167027342345,0.01102968829508999,0.002453552070315057
codex-m,synergy_weight_top3_mean,asc,0.008576136224774933,0.66,13592,0.0,0.3298657772907217,0.33350409399345593,0.0036383167027342345,0.01102968829508999,0.002453552070315057
codex-m,synergy_weight_top3_sum,asc,0.008576136224774933,0.66,13592,0.0,0.3298657772907217,0.33350409399345593,0.0036383167027342345,0.01102968829508999,0.002453552070315057
codex-m,synergy_weight_top5_mean,asc,0.008576136224774933,0.66,13592,0.0,0.3298657772907217,0.33350409399345593,0.0036383167027342345,0.01102968829508999,0.002453552070315057
codex-m,synergy_weight_top5_sum,asc,0.008576136224774933,0.66,13592,0.0,0.3298657772907217,0.33350409399345593,0.0036383167027342345,0.01102968829508999,0.002453552070315057
codex-m,topk_synergy,asc,0.008576136224774933,0.66,13592,0.0,0.3298657772907217,0.33350409399345593,0.0036383167027342345,0.01102968829508999,0.002453552070315057
codex-m,topk_synergy_sum,asc,0.008576136224774933,0.66,13592,0.0,0.3298657772907217,0.33350409399345593,0.0036383167027342345,0.01102968829508999,0.002453552070315057
codex-m,unique_synergy_edges,asc,0.008576136224774933,0.66,13592,0.0,0.3298657772907217,0.33350409399345593,0.0036383167027342345,0.01102968829508999,0.002453552070315057
codex-m,candidate_dep_coverage,asc,0.008576136224775155,0.64,13180,0.0,0.332396681094409,0.3360552809785913,0.0036585998841822676,0.01100672808205072,0.002430591857275566
codex-m,dep_candidate_ratio,asc,0.008576136224775155,0.64,13180,0.0,0.332396681094409,0.3360552809785913,0.0036585998841822676,0.01100672808205072,0.002430591857275566
codex-m,abs_dep_mass,asc,0.008576136224775155,0.64,13180,0.0,0.33195972689460773,0.3355978302374861,0.003638103342878396,0.01095947203268266,0.002383335807907505
codex-m,dep_density,asc,0.008576136224775155,0.64,13180,0.0,0.33195972689460773,0.3355978302374861,0.003638103342878396,0.01095947203268266,0.002383335807907505
codex-m,dep_rule_ratio,asc,0.008576136224775155,0.64,13180,0.0,0.33195972689460773,0.3355978302374861,0.003638103342878396,0.01095947203268266,0.002383335807907505
codex-m,num_dependencies,asc,0.008576136224775155,0.64,13180,0.0,0.33195972689460773,0.3355978302374861,0.003638103342878396,0.01095947203268266,0.002383335807907505
codex-m,num_dependency_edges,asc,0.008576136224775155,0.64,13180,0.0,0.33195972689460773,0.3355978302374861,0.003638103342878396,0.01095947203268266,0.002383335807907505
codex-m,query_num_edges,asc,0.008576136224775155,0.64,13180,0.0,0.33195972689460773,0.3355978302374861,0.003638103342878396,0.01095947203268266,0.002383335807907505
codex-m,avg_positive_dep,asc,0.008576136224773379,0.66,13592,0.0,0.33085704595286275,0.33448215475870774,0.00362510880584499,0.010956722397749585,0.0023805861729762068
codex-m,max_positive_dep,asc,0.008576136224773379,0.66,13592,0.0,0.33085704595286275,0.33448215475870774,0.00362510880584499,0.010956722397749585,0.0023805861729762068
codex-m,sum_positive_dep,asc,0.008576136224773379,0.66,13592,0.0,0.33085704595286275,0.33448215475870774,0.00362510880584499,0.010956722397749585,0.0023805861729762068
codex-m,rule_weight_top5_mean,desc,0.008576136224860642,0.26,5354,1.3328739285662965,0.31663440716356517,0.32009681784077426,0.0034624106772090935,0.010935042430245012,0.00235890620538437
codex-m,max_stage2_score,asc,0.008576136224738962,0.3,6178,0.2436001906145731,0.24406365903087698,0.2467103036853037,0.002646644654426711,0.01084407512751362,0.0022679389027746577
codex-m,max_stage1_score,asc,0.00857613622473985,0.3,6178,0.2440678513069565,0.24348660486920695,0.2461268337527734,0.0026402288835664367,0.010843425596182898,0.0022672893714430487
codex-m,s1_top1,asc,0.00857613622473985,0.3,6178,0.2440678513069565,0.24348660486920695,0.2461268337527734,0.0026402288835664367,0.010843425596182898,0.0022672893714430487
codex-m,net_dep_mass,asc,0.008576136224764275,0.66,13592,0.0,0.3290316701242374,0.33259355402127183,0.0035618838970344346,0.010825352756132833,0.0022492165313685586
codex-m,num_rule_nodes,asc,0.008576136224805575,0.64,13180,297.0,0.3289082062999912,0.332293014812103,0.0033848085121118143,0.01029104305480466,0.0017149068299990855
codex-m,num_rules,asc,0.008576136224805575,0.64,13180,297.0,0.3289082062999912,0.332293014812103,0.0033848085121118143,0.01029104305480466,0.0017149068299990855
codex-m,query_num_nodes,asc,0.008576136224805575,0.64,13180,297.0,0.3289082062999912,0.332293014812103,0.0033848085121118143,0.01029104305480466,0.0017149068299990855
codex-m,rule_weight_top3_sum,desc,0.008576136224872188,0.32,6590,3.781175216931424,0.3670460500064501,0.37079774589693326,0.0037516958904831865,0.010221322066855887,0.0016451858419836984
codex-m,rule_weight_top3_mean,desc,0.008576136224873965,0.32,6590,1.2736215182593564,0.3689174444467865,0.37262377665933843,0.003706332212551955,0.010046508421714284,0.0014703721968403194
codex-m,topk_rule_weight,desc,0.008576136224873965,0.32,6590,1.2736215182593564,0.3689174444467865,0.37262377665933843,0.003706332212551955,0.010046508421714284,0.0014703721968403194
codex-m,num_candidates,asc,0.008576136224803133,0.38,7826,100.0,0.49277814405398507,0.4975998218207772,0.004821677766792154,0.009784682671039713,0.0012085464462365803
codex-m,avg_candidate_dep_score,asc,0.008576136224729192,0.8,16475,0.0,0.3364377353265442,0.3396889394962704,0.003251204169726185,0.009663613288118711,0.0010874770633895192
codex-m,s1_norm_margin,desc,0.008576136224767605,0.2,4119,0.5443258990816864,0.6606383452536794,0.6669857216603148,0.006347376406635408,0.00960794427425804,0.0010318080494904347
codex-m,rule_weight_top10_sum,asc,0.008576136224754505,0.2,4119,1.7282337350805448,0.26196434011518566,0.26447863391024035,0.0025142937950546895,0.00959784753126769,0.0010217113065131844
codex-m,rule_weight_top10_mean,asc,0.008576136224750952,0.2,4119,0.1728428128394108,0.2618929359629858,0.26440544980431385,0.0025125138413280568,0.009593667855490207,0.0010175316307392546
codex-m,weak_rule_score,desc,0.008576136224758724,0.3,6178,0.4475527015431898,0.24001166834888604,0.24229060079409442,0.0022789324452083815,0.009495090221595781,0.0009189539968370575
codex-m,rule_weight_max,asc,0.008576136224758057,0.3,6178,0.5524472984568102,0.2400116683488861,0.24229060079409445,0.0022789324452083537,0.009495090221595559,0.0009189539968375016
codex-m,rule_weight_top1_mean,asc,0.008576136224758057,0.3,6178,0.5524472984568102,0.2400116683488861,0.24229060079409445,0.0022789324452083537,0.009495090221595559,0.0009189539968375016
codex-m,rule_weight_top1_sum,asc,0.008576136224758057,0.3,6178,0.5524472984568102,0.2400116683488861,0.24229060079409445,0.0022789324452083537,0.009495090221595559,0.0009189539968375016
codex-m,top1_rule_weight,asc,0.008576136224758057,0.3,6178,0.5524472984568102,0.2400116683488861,0.24229060079409445,0.0022789324452083537,0.009495090221595559,0.0009189539968375016
codex-m,rule_weight_top3_mean,asc,0.008576136224749398,0.3,6178,0.4800116768163929,0.2571881732131133,0.25961674308663635,0.0024285698735230232,0.009442774304830204,0.000866638080080806
codex-m,rule_weight_top3_sum,asc,0.008576136224749176,0.3,6178,1.440035030449179,0.2571881732131133,0.25961674308663635,0.0024285698735230232,0.009442774304830204,0.000866638080081028
codex-m,topk_rule_weight,asc,0.008576136224749398,0.3,6178,0.4800116768163929,0.2571881732131133,0.25961674308663635,0.0024285698735230232,0.009442774304830204,0.000866638080080806
codex-m,num_rule_nodes,desc,0.008576136224765385,0.84,17299,85.0,0.36552414002929084,0.3689410389745082,0.0034168989452173504,0.009347943325832109,0.0007718071010667238
codex-m,num_rules,desc,0.008576136224765385,0.84,17299,85.0,0.36552414002929084,0.3689410389745082,0.0034168989452173504,0.009347943325832109,0.0007718071010667238
codex-m,query_num_nodes,desc,0.008576136224765385,0.84,17299,85.0,0.36552414002929084,0.3689410389745082,0.0034168989452173504,0.009347943325832109,0.0007718071010667238
codex-m,rule_weight_top5_mean,asc,0.008576136224745845,0.22,4531,0.248412879515876,0.25004121313567856,0.2523241382074264,0.002282925071747821,0.009130195151105136,0.000554058926359291
codex-m,rule_weight_top5_sum,asc,0.008576136224743403,0.22,4531,1.24206439757938,0.25004121313567856,0.2523241382074264,0.002282925071747821,0.009130195151105136,0.0005540589263617335
codex-m,rule_weight_mean,asc,0.008576136224751396,0.32,6590,0.0700773165230081,0.3122813958735383,0.31511322247158574,0.0028318265980474266,0.009068188612792794,0.0004920523880413974
codex-m,rule_weight_max,desc,0.008576136224883735,0.38,7826,1.2216723814253367,0.42392680996709897,0.4277645636780119,0.003837753710912939,0.009052868610057496,0.0004767323851737615
codex-m,rule_weight_top1_mean,desc,0.008576136224883735,0.38,7826,1.2216723814253367,0.42392680996709897,0.4277645636780119,0.003837753710912939,0.009052868610057496,0.0004767323851737615
codex-m,rule_weight_top1_sum,desc,0.008576136224883735,0.38,7826,1.2216723814253367,0.42392680996709897,0.4277645636780119,0.003837753710912939,0.009052868610057496,0.0004767323851737615
codex-m,top1_rule_weight,desc,0.008576136224883735,0.38,7826,1.2216723814253367,0.42392680996709897,0.4277645636780119,0.003837753710912939,0.009052868610057496,0.0004767323851737615
codex-m,weak_rule_score,asc,0.008576136224883735,0.38,7826,-0.2216723814253367,0.4243113654598443,0.4281466834896944,0.003835318029850099,0.009038923634990592,0.0004627874101068574
codex-m,stage2_top_margin,desc,0.00857613622477782,0.9,18535,0.0,0.3573900536761245,0.3606104554757177,0.003220401799593209,0.009010888149986407,0.0004347519252085874
codex-m,s1_margin,desc,0.008576136224776487,0.9,18535,0.0,0.35739005367612475,0.36061045547571735,0.003220401799592598,0.00901088814998463,0.0004347519252081433
codex-m,stage1_top_margin,desc,0.008576136224776487,0.9,18535,0.0,0.35739005367612475,0.36061045547571735,0.003220401799592598,0.00901088814998463,0.0004347519252081433
codex-m,max_stage2_score,desc,0.008576136224878184,0.3,6178,0.7300367232497681,0.39119296409664606,0.3946647733911899,0.003471809294543826,0.008874927754800144,0.0002987915299219601
codex-m,max_stage1_score,desc,0.008576136224877295,0.3,6178,0.7300367232497681,0.39201314454316283,0.3954683286736195,0.0034551841304566455,0.008813949681414801,0.00023781345653750563
codex-m,s1_top1,desc,0.008576136224877295,0.3,6178,0.7300367232497681,0.39201314454316283,0.3954683286736195,0.0034551841304566455,0.008813949681414801,0.00023781345653750563
codex-m,max_rules_per_candidate,asc,0.008576136224763387,0.88,18123,122.0,0.343644665813573,0.34664781452828397,0.003003148714710968,0.008739110521622795,0.00016297429685940834
codex-m,rule_mass,asc,0.008576136224771602,0.2,4119,21.87582889916936,0.35329974963710414,0.35635529035013563,0.0030555407130314904,0.00864857876681202,7.244254204041845e-05
codex-m,effective_candidates,asc,0.008576136224820896,1.0,20594,185.69088551118836,0.34183711089165936,0.34476875252136546,0.0029316416297061054,0.008576136224820896,0.0
codex-m,s1_entropy,asc,0.008576136224820896,1.0,20594,5.224083385361909,0.34183711089165936,0.34476875252136546,0.0029316416297061054,0.008576136224820896,0.0
codex-m,rule_dominance_ratio,desc,0.00857613622479625,1.0,20594,0.0010806872730519,0.34183711089165747,0.3447687525213551,0.0029316416296976122,0.00857613622479625,0.0
codex-m,avg_rules_per_candidate,asc,0.008576136224763609,1.0,20594,190.59,0.3418371108916653,0.34476875252135186,0.0029316416296865655,0.008576136224763609,0.0
codex-m,num_candidate_rule_edges,asc,0.008576136224756059,1.0,20594,19503.0,0.34183711089166796,0.344768752521352,0.002931641629684012,0.008576136224756059,0.0
hetionet,candidate_rule_coverage,desc,0.045735098315215605,0.22,99009,1.0,0.592213095690998,0.6609697916971116,0.06875669600611356,0.11610127588598451,0.0703661775707689
hetionet,synergy_weight_top5_sum,desc,0.04573509831361888,0.2,90008,24.41493,0.5833699631625131,0.6510999599952026,0.06772999683268954,0.11610127553622696,0.07036617722260807
hetionet,synergy_weight_max,desc,0.04573509831347877,0.22,99009,5.23096,0.5914118249750959,0.6600754865892614,0.06866366161416548,0.1161012660121512,0.07036616769867243
hetionet,synergy_weight_top1_mean,desc,0.04573509831347877,0.22,99009,5.23096,0.5914118249750959,0.6600754865892614,0.06866366161416548,0.1161012660121512,0.07036616769867243
hetionet,synergy_weight_top1_sum,desc,0.04573509831347877,0.22,99009,5.23096,0.5914118249750959,0.6600754865892614,0.06866366161416548,0.1161012660121512,0.07036616769867243
hetionet,synergy_weight_top3_sum,desc,0.04573509831348832,0.22,99009,15.17221,0.588515078802072,0.6568424244369596,0.06832734563488763,0.11610126587405123,0.07036616756056291
hetionet,topk_synergy_sum,desc,0.04573509831348832,0.22,99009,15.17221,0.588515078802072,0.6568424244369596,0.06832734563488763,0.11610126587405123,0.07036616756056291
hetionet,synergy_weight_top3_mean,desc,0.04573509831349032,0.22,99009,5.057403333333333,0.5884892361433295,0.6568135814120956,0.06832434526876607,0.11610126587281422,0.0703661675593239
hetionet,topk_synergy,desc,0.04573509831349032,0.22,99009,5.057403333333333,0.5884892361433295,0.6568135814120956,0.06832434526876607,0.11610126587281422,0.0703661675593239
hetionet,synergy_weight_top5_mean,desc,0.04573509831364597,0.2,90008,4.94916,0.5845812001927875,0.6524518157710429,0.06787061557825547,0.11610126284573052,0.07036616453208455
hetionet,max_rules_per_candidate,desc,0.04573509831220601,0.2,90008,200.0,0.3820898821042433,0.42274931733232757,0.040659435228084295,0.10641327376732646,0.06067817545512044
hetionet,synergy_weight_top10_mean,desc,0.045735098313457234,0.2,90008,3.859209,0.5815333599316337,0.6391074079578306,0.05757404802619692,0.09900386115934157,0.05326876284588433
hetionet,synergy_weight_mean,desc,0.04573509831348632,0.2,90008,1.5857025862068963,0.5889384058887539,0.6448782624072439,0.05593985651848998,0.09498422238921989,0.049249124075733564
hetionet,synergy_weight_top10_sum,desc,0.04573509831347766,0.2,90008,37.56614,0.5799993432031523,0.6348630866192108,0.054863743416058486,0.0945927681798111,0.04885766986633344
hetionet,avg_candidate_dep_score,asc,0.04573509831347877,0.24,108010,-0.0011313387007083,0.5662270408127176,0.6168432270468514,0.050616186234133775,0.08939203285219888,0.043656934538720105
hetionet,candidate_dep_coverage,desc,0.045735098313228306,0.2,90008,1.0,0.5599269368301864,0.6093219678138155,0.049395030983629185,0.08821692212784127,0.04248182381461296
hetionet,dep_candidate_ratio,desc,0.045735098313228306,0.2,90008,1.0,0.5599269368301864,0.6093219678138155,0.049395030983629185,0.08821692212784127,0.04248182381461296
hetionet,avg_stage1_score,desc,0.04573509831528533,0.2,90008,0.6314064534477459,0.2541576271524565,0.27548751400665084,0.021329886854194346,0.08392385108867728,0.038188752773391954
hetionet,avg_stage2_score,desc,0.045735098315328404,0.2,90008,0.6315229471844312,0.25420051459257564,0.27550970743604614,0.021309192843470492,0.08382828365876516,0.03809318534343675
hetionet,num_rule_nodes,desc,0.04573509831274336,0.36,162014,558.0,0.24627008064040212,0.2668254666736534,0.0205553860332513,0.08346684249990477,0.03773174418716141
hetionet,num_rules,desc,0.04573509831274336,0.36,162014,558.0,0.24627008064040212,0.2668254666736534,0.0205553860332513,0.08346684249990477,0.03773174418716141
hetionet,query_num_nodes,desc,0.04573509831274336,0.36,162014,558.0,0.24627008064040212,0.2668254666736534,0.0205553860332513,0.08346684249990477,0.03773174418716141
hetionet,avg_negative_dep,desc,0.04573509831387579,0.32,144013,5.705882352941177,0.5520658659159692,0.5977670682199996,0.04570120230403041,0.08278215540133882,0.03704705708746303
hetionet,sum_negative_dep,desc,0.04573509831388045,0.32,144013,597.0,0.5532274859010328,0.5989623609352163,0.0457348750341835,0.08266920245239784,0.03693410413851739
hetionet,redundancy_weight_top5_sum,desc,0.04573509831395706,0.2,90008,0.60595,0.5954651268023571,0.6442988570758413,0.048833730273484255,0.0820093874106802,0.036274289096723145
hetionet,redundancy_weight_top5_mean,desc,0.04573509831394218,0.2,90008,0.122584,0.5930883232377274,0.6416805739092712,0.048592250671543824,0.08193088409880334,0.036195785784861156
hetionet,neg_dep_ratio,desc,0.04573509831402722,0.2,90008,0.425531914893617,0.6016535288380223,0.6508801476844946,0.04922661884647239,0.08181888161039153,0.0360837832963643
hetionet,redundancy_weight_top3_sum,desc,0.04573509831395506,0.2,90008,0.42621,0.5936401798897805,0.6421594902973505,0.04851931040757007,0.0817318504562452,0.035996752142290145
hetionet,redundancy_weight_top3_mean,desc,0.045735098313949285,0.2,90008,0.1428966666666666,0.5930043687206761,0.6414397239400692,0.04843535521939313,0.08167790622501747,0.035942807911068186
hetionet,topk_redundancy,desc,0.045735098313949285,0.2,90008,0.1428966666666666,0.5930043687206761,0.6414397239400692,0.04843535521939313,0.08167790622501747,0.035942807911068186
hetionet,max_stage1_score,desc,0.04573509831611133,0.22,99009,0.8181587252742367,0.3159608544687089,0.34169975217820986,0.02573889770950094,0.08146229934964921,0.03572720103353788
hetionet,max_stage2_score,desc,0.04573509831610312,0.22,99009,0.8181587252742162,0.3159608544687089,0.34169975217820986,0.02573889770950094,0.08146229934964921,0.0357272010335461
hetionet,s1_top1,desc,0.04573509831611133,0.22,99009,0.8181587252742367,0.3159608544687089,0.34169975217820986,0.02573889770950094,0.08146229934964921,0.03572720103353788
hetionet,redundancy_weight_max,desc,0.04573509831389777,0.24,108010,0.14648,0.5905912801467235,0.6386987385737729,0.04810745842704944,0.08145643195933716,0.03572133364543939
hetionet,redundancy_weight_top1_mean,desc,0.04573509831389777,0.24,108010,0.14648,0.5905912801467235,0.6386987385737729,0.04810745842704944,0.08145643195933716,0.03572133364543939
hetionet,redundancy_weight_top1_sum,desc,0.04573509831389777,0.24,108010,0.14648,0.5905912801467235,0.6386987385737729,0.04810745842704944,0.08145643195933716,0.03572133364543939
hetionet,redundancy_weight_mean,desc,0.04573509831400435,0.2,90008,0.0538533333333333,0.55432862820902,0.5994416179028373,0.045112989693817385,0.08138311355048167,0.035648015236477315
hetionet,redundancy_weight_top10_mean,desc,0.0457350983139837,0.2,90008,0.0945366666666666,0.5927447447720516,0.6409682397821109,0.04822349501005929,0.0813562590565089,0.03562116074252519
hetionet,rule_weight_top10_mean,desc,0.04573509831614131,0.2,90008,1.6542284699934349,0.2892744999737267,0.31271636114267737,0.023441861168950695,0.08103673559570512,0.03530163727956381
hetionet,rule_weight_top10_sum,desc,0.04573509831614131,0.2,90008,16.54228469993435,0.2892744999737267,0.31271636114267737,0.023441861168950695,0.08103673559570512,0.03530163727956381
hetionet,rule_weight_top3_mean,desc,0.04573509831619904,0.22,99009,1.6880810397532136,0.3133788600753816,0.33876439953757204,0.02538553946219041,0.08100590912891836,0.03527081081271932
hetionet,rule_weight_top3_sum,desc,0.04573509831619904,0.22,99009,5.064243119259641,0.3133788600753816,0.33876439953757204,0.02538553946219041,0.08100590912891836,0.03527081081271932
hetionet,topk_rule_weight,desc,0.04573509831619904,0.22,99009,1.6880810397532136,0.3133788600753816,0.33876439953757204,0.02538553946219041,0.08100590912891836,0.03527081081271932
hetionet,rule_weight_top5_mean,desc,0.04573509831614375,0.2,90008,1.6889514891495296,0.28428781402260145,0.3073055466279896,0.02301773260538814,0.08096630059408105,0.0352312022779373
hetionet,rule_weight_top5_sum,desc,0.04573509831614375,0.2,90008,8.444757445747648,0.28428781402260145,0.3073055466279896,0.02301773260538814,0.08096630059408105,0.0352312022779373
hetionet,redundancy_weight_top10_sum,desc,0.04573509831396172,0.2,90008,0.88497,0.6033440030236835,0.6520001172697089,0.04865611424602534,0.08064406706983607,0.03490896875587435
hetionet,weak_rule_score,asc,0.045735098316134426,0.22,99009,-0.711377950777095,0.30902843314691836,0.33371326784641847,0.024684834699500113,0.07987884625413888,0.034143747938004454
hetionet,rule_weight_max,desc,0.04573509831613065,0.22,99009,1.711377950777095,0.3090579315948038,0.333743086004943,0.024685154410139187,0.0798722565790777,0.034137158262947054
hetionet,rule_weight_top1_mean,desc,0.04573509831613065,0.22,99009,1.711377950777095,0.3090579315948038,0.333743086004943,0.024685154410139187,0.0798722565790777,0.034137158262947054
hetionet,rule_weight_top1_sum,desc,0.04573509831613065,0.22,99009,1.711377950777095,0.3090579315948038,0.333743086004943,0.024685154410139187,0.0798722565790777,0.034137158262947054
hetionet,top1_rule_weight,desc,0.04573509831613065,0.22,99009,1.711377950777095,0.3090579315948038,0.333743086004943,0.024685154410139187,0.0798722565790777,0.034137158262947054
hetionet,net_dep_mass,desc,0.04573509831367306,0.3,135012,25.98593,0.5854585934341999,0.6320809961771374,0.0466224027429375,0.07963398823725254,0.03389888992357948
hetionet,pos_mass,desc,0.045735098313486544,0.3,135012,29.18778,0.5871960815579175,0.6338953937693682,0.04669931221145074,0.07952933215690172,0.03379423384341518
hetionet,max_negative_dep,desc,0.04573509831379763,0.36,162014,15.0,0.5528864508223842,0.5968290132936235,0.04394256247123929,0.07947845783863472,0.03374335952483709
hetionet,abs_dep_mass,desc,0.04573509831338307,0.36,162014,14.90307,0.5909888765094812,0.6375092731223913,0.046520396612910075,0.07871619663583251,0.03298109832244944
hetionet,effective_candidates,desc,0.045735098313587796,0.34,153014,109.46667723957532,0.31297877357806236,0.3371191319627692,0.02414035838470685,0.07713097635576815,0.03139587804218036
hetionet,s1_entropy,desc,0.045735098313587796,0.34,153014,4.695620185495804,0.31297877357806236,0.3371191319627692,0.02414035838470685,0.07713097635576815,0.03139587804218036
hetionet,num_candidates,desc,0.04573509831533862,0.34,153014,111.0,0.32613699201083113,0.3512285868808539,0.02509159487002277,0.07693575241286776,0.031200654097529146
hetionet,rule_mass,desc,0.04573509831511191,0.2,90008,921.0602011981314,0.24901604202631633,0.2677072082637241,0.01869116623740774,0.07506008884131421,0.0293249905262023
hetionet,num_neg_dep,desc,0.045735098314002576,0.4,180016,1.0,0.5659290248409734,0.608381525126839,0.04245250028586556,0.07501382403525736,0.029278725721254784
hetionet,unique_redundancy_edges,desc,0.045735098314002576,0.4,180016,1.0,0.5659290248409734,0.608381525126839,0.04245250028586556,0.07501382403525736,0.029278725721254784
hetionet,num_candidate_rule_edges,desc,0.04573509831328626,0.2,90008,21009.0,0.15850388103290866,0.17037936396961983,0.011875482936711174,0.07492234801648534,0.02918724970319908
hetionet,neg_mass,desc,0.04573509831406919,0.44,198018,0.0,0.5423763985104817,0.5830100809026163,0.04063368239213461,0.07491786608658879,0.029182767772519602
hetionet,red_rule_ratio,desc,0.04573509831403744,0.44,198018,0.0,0.5423763985104644,0.5830100809025714,0.04063368239210707,0.07491786608654039,0.02918276777250295
hetionet,num_dependencies,desc,0.04573509831352651,0.44,198018,10.0,0.5435025878190717,0.5837770119672446,0.04027442414817295,0.07410162352636318,0.02836652521283667
hetionet,num_dependency_edges,desc,0.04573509831352651,0.44,198018,10.0,0.5435025878190717,0.5837770119672446,0.04027442414817295,0.07410162352636318,0.02836652521283667
hetionet,query_num_edges,desc,0.04573509831352651,0.44,198018,10.0,0.5435025878190717,0.5837770119672446,0.04027442414817295,0.07410162352636318,0.02836652521283667
hetionet,num_pos_dep,desc,0.04573509831367106,0.44,198018,2.0,0.546540211920129,0.5869446568316009,0.04040444491147188,0.07392767088357721,0.02819257256990615
hetionet,unique_synergy_edges,desc,0.04573509831367106,0.44,198018,2.0,0.546540211920129,0.5869446568316009,0.04040444491147188,0.07392767088357721,0.02819257256990615
hetionet,syn_rule_ratio,desc,0.04573509831349076,0.42,189017,0.0071937274593273,0.5597958812133124,0.6011236499734425,0.04132776876013011,0.07382649666974239,0.02809139835625163
hetionet,s1_norm_margin,desc,0.04573509831337508,0.64,288026,0.0,0.36834872416055253,0.3954859168233235,0.02713719266277098,0.0736725577769144,0.027937459463539316
hetionet,s1_margin,desc,0.045735098313329114,0.64,288026,0.0,0.3683487241605609,0.39548591682330553,0.027137192662744614,0.07367255777684112,0.027937459463512004
hetionet,stage1_top_margin,desc,0.045735098313329114,0.64,288026,0.0,0.3683487241605609,0.39548591682330553,0.027137192662744614,0.07367255777684112,0.027937459463512004
hetionet,pos_dep_ratio,desc,0.04573509831358935,0.44,198018,0.075,0.5387321934745246,0.5784176486524655,0.039685455177940865,0.07366453250545812,0.027929434191868774
hetionet,stage2_top_margin,desc,0.04573509831332889,0.64,288026,0.0,0.3683631982908294,0.3954860364091546,0.027122838118325165,0.07363069449981041,0.02789559618648152
hetionet,dep_rule_ratio,desc,0.045735098313389067,0.46,207018,0.000440094583114,0.5300305457453938,0.5690469370357838,0.03901639129039003,0.07361159013113183,0.027876491817742766
hetionet,dep_density,desc,0.0457350983136402,0.46,207018,2.8788493814792103e-05,0.5284641854717916,0.5673552533069447,0.03889106783515306,0.07359262728548521,0.027857528971845014
hetionet,sum_positive_dep,desc,0.04573509831389844,0.48,216019,0.0,0.5089845333257041,0.546389658405012,0.03740512507930782,0.07348970868506122,0.02775461037116278
hetionet,avg_positive_dep,desc,0.04573509831388334,0.48,216019,0.0,0.508984533325704,0.5463896584050002,0.037405125079296164,0.07348970868503835,0.02775461037115501
hetionet,max_positive_dep,desc,0.04573509831383271,0.48,216019,0.0,0.5089845333257319,0.5463896584049899,0.03740512507925797,0.0734897086849593,0.027754610371126587
hetionet,rule_dominance_ratio,asc,0.045735098313504086,0.22,99009,0.0017728915228607,0.22394569675855497,0.24010684056972337,0.0161611438111684,0.0721654581672646,0.02643035985376052
hetionet,rule_weight_mean,desc,0.04573509831513434,0.2,90008,0.6973279322309702,0.24240945514692402,0.2597187037448796,0.017309248597955573,0.07140500599477217,0.025669907679637838
hetionet,avg_rules_per_candidate,desc,0.04573509831328826,0.46,207018,125.54368932038837,0.1882092515266271,0.20145657053623933,0.013247319009612235,0.07038612024732505,0.024651021934036788
hetionet,max_candidate_dep_score,desc,0.04573509831495759,0.38,171015,0.0,0.5395044520479367,0.5773860238148802,0.03788157176694351,0.07021549428025398,0.024480395965296387
hetionet,rule_weight_mean,asc,0.045735098312742695,0.56,252022,0.483664015751506,0.3604031233449002,0.381103210524287,0.02070008717938676,0.057435926157546335,0.01170082784480364
hetionet,rule_dominance_ratio,desc,0.045735098312857714,0.48,216019,0.0031659098102342,0.39392354418117576,0.416512374521196,0.02258883034002024,0.05734318416273965,0.011608085849881933
hetionet,rule_mass,asc,0.04573509831284217,0.54,243022,502.7524534334893,0.3560363915032722,0.3758376318086532,0.019801240305380996,0.05561577630245984,0.00988067798961767
hetionet,avg_positive_dep,asc,0.04573509831342548,0.82,369033,2.14,0.34660561303957954,0.3658349480223457,0.019229334982766133,0.0554790062807502,0.009743907967324716
hetionet,max_candidate_dep_score,asc,0.045735098311289635,0.2,90008,0.0,0.32448678746362253,0.34243642887447046,0.017949641410847927,0.05531701783962539,0.009581919528335758
hetionet,sum_positive_dep,asc,0.04573509831336575,0.84,378034,362.0,0.351253858392569,0.3705250076567343,0.019271149264165288,0.05486387922500047,0.009128780911634715
hetionet,stage2_top_margin,asc,0.045735098314461764,0.56,252022,8.971972933063954e-07,0.4685017932321549,0.49337378627379824,0.024871993041643337,0.05308836252269922,0.007353264208237453
hetionet,s1_norm_margin,asc,0.045735098314728884,0.56,252022,3.5250924773446027e-06,0.4686454667528503,0.49347163545787903,0.02482616870502874,0.05297430673349779,0.007239208418768905
hetionet,s1_margin,asc,0.045735098314466205,0.56,252022,9.261658766301916e-07,0.4684491738723924,0.4932579856679237,0.02480881179553135,0.05295945254946566,0.007224354234999453
hetionet,stage1_top_margin,asc,0.045735098314466205,0.56,252022,9.261658766301916e-07,0.4684491738723924,0.4932579856679237,0.02480881179553135,0.05295945254946566,0.007224354234999453
hetionet,max_positive_dep,asc,0.045735098313081535,0.86,387034,26.0,0.3578851664181083,0.3764641523014757,0.01857898588336737,0.051913260527993055,0.00617816221491152
hetionet,max_rules_per_candidate,asc,0.04573509831286349,0.2,90008,129.0,0.4710934062312312,0.4953832104209973,0.024289804189766118,0.05156048432960603,0.00582538601674254
hetionet,dep_density,asc,0.04573509831302425,0.9,405036,0.0014960773581463,0.3487674870672825,0.3661497548735485,0.017382267806266005,0.049839129078315336,0.004104030765291089
hetionet,avg_rules_per_candidate,asc,0.04573509831389999,0.74,333030,171.89423076923077,0.48449579727071207,0.5071926301284522,0.0226968328577401,0.046846294613074324,0.001111196299174333
hetionet,num_rule_nodes,asc,0.04573509831333089,0.88,396035,841.0,0.41365429401394277,0.4329521158704368,0.019297821856494035,0.04665205253699978,0.0009169542236688866
hetionet,num_rules,asc,0.04573509831333089,0.88,396035,841.0,0.41365429401394277,0.4329521158704368,0.019297821856494035,0.04665205253699978,0.0009169542236688866
hetionet,query_num_nodes,asc,0.04573509831333089,0.88,396035,841.0,0.41365429401394277,0.4329521158704368,0.019297821856494035,0.04665205253699978,0.0009169542236688866
hetionet,avg_candidate_dep_score,desc,0.04573509831150924,0.96,432038,-0.204312627688935,0.3803761742452821,0.3981044038367093,0.017728229591427225,0.046607097898816674,0.0008719995873074371
hetionet,dep_rule_ratio,asc,0.04573509831194067,0.94,423038,0.4266538857842469,0.3663865122117577,0.3834573073433761,0.017070795131618355,0.04659231320653001,0.0008572148945893421
hetionet,syn_rule_ratio,asc,0.04573509831190359,0.94,423038,0.4189764265811136,0.36659746195074333,0.383648940546703,0.01705147859595968,0.04651281136870167,0.0007777130567980794
hetionet,avg_negative_dep,asc,0.045735098312260636,0.96,432038,327.51,0.3798920073358602,0.3974888832910519,0.017596875955191715,0.046320732248610996,0.0005856339363503604
hetionet,red_rule_ratio,asc,0.04573509831219269,0.98,441039,0.0213432250261057,0.3651080245350794,0.38201880358000534,0.01691077904492594,0.046317193566095316,0.0005820952539026258
hetionet,num_candidate_rule_edges,asc,0.04573509831368483,0.92,414037,32608.0,0.40135528751662747,0.4199036679167652,0.01854838040013773,0.04621436661493905,0.00047926830125422093
hetionet,sum_negative_dep,asc,0.045735098312297495,0.96,432038,35805.0,0.379697475585329,0.3972312426161482,0.01753376703081916,0.04617825547507182,0.0004431571627743214
hetionet,net_dep_mass,asc,0.04573509831110445,0.98,441039,107.02807,0.369284763841951,0.38630886498239364,0.017024101140442616,0.0461001991073986,0.0003651007962941488
hetionet,pos_mass,asc,0.04573509831119682,0.98,441039,108.95766,0.3691693105959076,0.38618610222248656,0.017016791626578986,0.04609481649249436,0.0003597181812975414
hetionet,abs_dep_mass,asc,0.04573509831123723,0.98,441039,110.86611,0.3689897748319522,0.385985464822057,0.016995689990104756,0.04606005680738723,0.0003249584961499963
hetionet,avg_stage2_score,asc,0.04573509831219047,0.92,414037,0.7742363214637447,0.40032508560741525,0.4187478138077678,0.018422728200352567,0.04601941987322555,0.00028432156103508355
hetionet,avg_stage1_score,asc,0.04573509831217848,0.92,414037,0.7742363214637447,0.40032508560741914,0.41874781380776704,0.018422728200347904,0.04601941987321334,0.0002843215610348615
hetionet,effective_candidates,asc,0.045735098312418065,0.96,432038,192.96141108297695,0.3844933857602919,0.40215661327385444,0.01766322751356253,0.04593896323765234,0.00020386492523427613
hetionet,s1_entropy,asc,0.045735098312418065,0.96,432038,5.262490226338455,0.3844933857602919,0.40215661327385444,0.01766322751356253,0.04593896323765234,0.00020386492523427613
hetionet,num_pos_dep,asc,0.045735098312754685,0.9,405036,72.0,0.3569466039057059,0.3733306812813731,0.016384077375667216,0.04590063946930112,0.00016554115654643375
hetionet,unique_synergy_edges,asc,0.045735098312754685,0.9,405036,72.0,0.3569466039057059,0.3733306812813731,0.016384077375667216,0.04590063946930112,0.00016554115654643375
hetionet,num_candidates,asc,0.04573509831200906,0.96,432038,193.0,0.3841446946091435,0.4017646674422646,0.017619972833121056,0.04586806242644825,0.00013296411443919354
hetionet,redundancy_weight_max,asc,0.04573509831188538,0.98,441039,0.48343,0.3677258205848648,0.3845917851618391,0.016865964576974313,0.04586559777104893,0.00013049945916354666
hetionet,redundancy_weight_top1_mean,asc,0.04573509831188538,0.98,441039,0.48343,0.3677258205848648,0.3845917851618391,0.016865964576974313,0.04586559777104893,0.00013049945916354666
hetionet,redundancy_weight_top1_sum,asc,0.04573509831188538,0.98,441039,0.48343,0.3677258205848648,0.3845917851618391,0.016865964576974313,0.04586559777104893,0.00013049945916354666
hetionet,redundancy_weight_top10_mean,asc,0.04573509831188027,0.98,441039,0.270005,0.3681885788499342,0.38504921884864757,0.016860639998713345,0.045793489986514224,5.8391674633950785e-05
hetionet,redundancy_weight_top10_sum,asc,0.04573509831187095,0.98,441039,2.69479,0.36811291234720617,0.3849677279215607,0.01685481557435453,0.04578708056417469,5.198225230373943e-05
hetionet,redundancy_weight_top5_mean,asc,0.04573509831192024,0.98,441039,0.339742,0.3678950834905068,0.38473905597683833,0.016843972486331515,0.045784717551861975,4.9619239941733895e-05
hetionet,redundancy_weight_top5_sum,asc,0.045735098311921574,0.98,441039,1.6969,0.3678933003113422,0.3847349529255955,0.0168416526142533,0.04577863364187529,4.353532995371445e-05
hetionet,pos_dep_ratio,asc,0.04573509831301936,1.0,450040,1.0,0.3731884578803899,0.39025626869083363,0.01706781081044373,0.04573509831301936,0.0
hetionet,max_negative_dep,asc,0.04573509831250333,1.0,450040,4959.0,0.37318845788049027,0.39025626869074603,0.017067810810255768,0.04573509831250333,0.0
hetionet,rule_weight_top3_mean,asc,0.045735098312429834,1.0,450040,2.1269080789187598,0.3731884578806314,0.39025626869086616,0.017067810810234785,0.045735098312429834,0.0
hetionet,rule_weight_top3_sum,asc,0.045735098312429834,1.0,450040,6.3807242367562775,0.3731884578806314,0.39025626869086616,0.017067810810234785,0.045735098312429834,0.0
hetionet,topk_rule_weight,asc,0.045735098312429834,1.0,450040,2.1269080789187598,0.3731884578806314,0.39025626869086616,0.017067810810234785,0.045735098312429834,0.0
hetionet,num_dependencies,asc,0.04573509831241229,1.0,450040,1419.0,0.3731884578804929,0.3902562686907148,0.017067810810221906,0.04573509831241229,0.0
hetionet,num_dependency_edges,asc,0.04573509831241229,1.0,450040,1419.0,0.3731884578804929,0.3902562686907148,0.017067810810221906,0.04573509831241229,0.0
hetionet,query_num_edges,asc,0.04573509831241229,1.0,450040,1419.0,0.3731884578804929,0.3902562686907148,0.017067810810221906,0.04573509831241229,0.0
hetionet,max_stage1_score,asc,0.045735098312382094,1.0,450040,0.8807603449407687,0.3731884578806341,0.39025626869085117,0.017067810810217077,0.045735098312382094,0.0
hetionet,s1_top1,asc,0.045735098312382094,1.0,450040,0.8807603449407687,0.3731884578806341,0.39025626869085117,0.017067810810217077,0.045735098312382094,0.0
hetionet,max_stage2_score,asc,0.04573509831238143,1.0,450040,0.8807603449407492,0.37318845788063426,0.3902562686908511,0.017067810810216855,0.04573509831238143,0.0
hetionet,weak_rule_score,desc,0.045735098312360556,1.0,450040,-1.126908078918759,0.3731884578806436,0.39025626869085306,0.01706781081020947,0.045735098312360556,0.0
hetionet,rule_weight_max,asc,0.04573509831235212,1.0,450040,2.1269080789187598,0.3731884578806455,0.3902562686908519,0.01706781081020642,0.04573509831235212,0.0
hetionet,rule_weight_top1_mean,asc,0.04573509831235212,1.0,450040,2.1269080789187598,0.3731884578806455,0.3902562686908519,0.01706781081020642,0.04573509831235212,0.0
hetionet,rule_weight_top1_sum,asc,0.04573509831235212,1.0,450040,2.1269080789187598,0.3731884578806455,0.3902562686908519,0.01706781081020642,0.04573509831235212,0.0
hetionet,top1_rule_weight,asc,0.04573509831235212,1.0,450040,2.1269080789187598,0.3731884578806455,0.3902562686908519,0.01706781081020642,0.04573509831235212,0.0
hetionet,rule_weight_top5_mean,asc,0.04573509831232725,1.0,450040,2.1269080789187598,0.3731884578806422,0.3902562686908392,0.01706781081019698,0.04573509831232725,0.0
hetionet,rule_weight_top5_sum,asc,0.04573509831232725,1.0,450040,10.634540394593795,0.3731884578806422,0.3902562686908392,0.01706781081019698,0.04573509831232725,0.0
hetionet,rule_weight_top10_mean,asc,0.04573509831225797,1.0,450040,2.1269080789187598,0.3731884578806631,0.3902562686908352,0.017067810810172057,0.04573509831225797,0.0
hetionet,rule_weight_top10_sum,asc,0.04573509831225797,1.0,450040,21.269080789187598,0.3731884578806631,0.3902562686908352,0.017067810810172057,0.04573509831225797,0.0
hetionet,redundancy_weight_mean,asc,0.04573509831200284,1.0,450040,0.65716,0.37318845788061417,0.39025626869068875,0.01706781081007458,0.04573509831200284,0.0
hetionet,neg_dep_ratio,asc,0.04573509831197775,1.0,450040,1.0,0.3731884578806758,0.39025626869074387,0.017067810810068085,0.04573509831197775,0.0
hetionet,neg_mass,asc,0.04573509831195999,1.0,450040,43.72546,0.3731884578806117,0.39025626869067026,0.017067810810058537,0.04573509831195999,0.0
hetionet,num_neg_dep,asc,0.04573509831195466,1.0,450040,500.0,0.3731884578806258,0.390256268690683,0.01706781081005715,0.04573509831195466,0.0
hetionet,unique_redundancy_edges,asc,0.04573509831195466,1.0,450040,500.0,0.3731884578806258,0.390256268690683,0.01706781081005715,0.04573509831195466,0.0
hetionet,redundancy_weight_top3_sum,asc,0.0457350983119007,1.0,450040,2.84087,0.3731884578806605,0.3902562686906991,0.01706781081003861,0.0457350983119007,0.0
hetionet,redundancy_weight_top3_mean,asc,0.04573509831189582,1.0,450040,0.9469566666666668,0.3731884578806584,0.39025626869069513,0.01706781081003672,0.04573509831189582,0.0
hetionet,topk_redundancy,asc,0.04573509831189582,1.0,450040,0.9469566666666668,0.3731884578806584,0.39025626869069513,0.01706781081003672,0.04573509831189582,0.0
hetionet,synergy_weight_mean,asc,0.0457350983117808,1.0,450040,5.42046,0.3731884578807593,0.3902562686907577,0.017067810809998418,0.0457350983117808,0.0
hetionet,synergy_weight_top3_mean,asc,0.045735098311582956,1.0,450040,5.666206666666667,0.37318845788082694,0.3902562686907546,0.01706781080992764,0.045735098311582956,0.0
hetionet,topk_synergy,asc,0.045735098311582956,1.0,450040,5.666206666666667,0.37318845788082694,0.3902562686907546,0.01706781080992764,0.045735098311582956,0.0
hetionet,synergy_weight_top3_sum,asc,0.0457350983115814,1.0,450040,16.99862,0.37318845788082716,0.39025626869075425,0.017067810809927086,0.0457350983115814,0.0
hetionet,topk_synergy_sum,asc,0.0457350983115814,1.0,450040,16.99862,0.37318845788082716,0.39025626869075425,0.017067810809927086,0.0457350983115814,0.0
hetionet,synergy_weight_top5_mean,asc,0.045735098311579625,1.0,450040,5.578564,0.37318845788082394,0.39025626869075025,0.01706781080992631,0.045735098311579625,0.0
hetionet,synergy_weight_top5_sum,asc,0.045735098311567635,1.0,450040,27.89282,0.3731884578808275,0.3902562686907494,0.017067810809921924,0.045735098311567635,0.0
hetionet,synergy_weight_max,asc,0.045735098311566524,1.0,450040,5.72351,0.3731884578808236,0.390256268690745,0.01706781080992137,0.045735098311566524,0.0
hetionet,synergy_weight_top1_mean,asc,0.045735098311566524,1.0,450040,5.72351,0.3731884578808236,0.390256268690745,0.01706781080992137,0.045735098311566524,0.0
hetionet,synergy_weight_top1_sum,asc,0.045735098311566524,1.0,450040,5.72351,0.3731884578808236,0.390256268690745,0.01706781080992137,0.045735098311566524,0.0
hetionet,synergy_weight_top10_sum,asc,0.04573509831156364,1.0,450040,53.96788,0.3731884578808333,0.390256268690754,0.017067810809920703,0.04573509831156364,0.0
hetionet,synergy_weight_top10_mean,asc,0.0457350983115552,1.0,450040,5.42046,0.3731884578808364,0.39025626869075414,0.01706781080991776,0.0457350983115552,0.0
hetionet,candidate_dep_coverage,asc,0.04573509831142841,1.0,450040,1.0,0.37318845788089283,0.3902562686907658,0.017067810809872963,0.04573509831142841,0.0
hetionet,dep_candidate_ratio,asc,0.04573509831142841,1.0,450040,1.0,0.37318845788089283,0.3902562686907658,0.017067810809872963,0.04573509831142841,0.0
hetionet,candidate_rule_coverage,asc,0.0457350983110012,1.0,450040,1.0,0.37318845788112937,0.3902562686908537,0.01706781080972436,0.0457350983110012,0.0
