dataset,aggregation,relation,relation_name,train_triple_count,valid_triple_count,test_triple_count,stage1_mrr,final_test_mrr,abs_gain,rel_gain_pct,gain_bucket,selected_stage,dependency_stage_attempted,dependency_stage_accepted,valid_stage1_mrr,valid_stage2_mrr,valid_gain,num_relation_rules,num_relation_dependencies,num_relation_rule_types,num_relation_dependency_types,num_relation_dependency_type_source_pairs,parsed_total_rules,B_rule_count,Uc_rule_count,Ud_rule_count,Z_rule_count,B_ratio,Uc_ratio,Ud_ratio,filtered_synergy_count,filtered_redundancy_count,filtered_dep_total,filtered_dep_per_rule,dep_per_rule,stage1_headroom,rule_weight_B,rule_weight_U,rule_weight_Uc,rule_weight_Ud,dep_weight_BB,dep_weight_BU,dep_weight_UU,dep_weight_B_Uc,dep_weight_B_Ud,dep_weight_Uc_Uc,dep_weight_Uc_Ud,dep_weight_Ud_Ud,stage1_bucket,dep_density_bucket
FB15k-237,structural_r2d3,0.00000,/location/country/form_of_government,298.00000,28.00000,43.00000,0.49695,0.49695,0.00000,0.00000,neutral,rule_only,1.00000,0.00000,0.43158,0.43158,0.00000,2413.00000,6226.00000,2.00000,0.00000,0.00000,2413.00000,105.00000,2021.00000,287.00000,0.00000,0.04351,0.83755,0.11894,1400.00000,4826.00000,6226.00000,2.58019,2.58019,0.50305,0.81381,0.81352,,,1.00000,1.00000,1.00000,,,,,,"[0.4,0.6)",Q4
FB15k-237,structural_r2d3,1.00000,/tv/tv_program/regular_cast./tv/regular_tv_appearance/actor,1272.00000,63.00000,91.00000,0.07605,0.07605,0.00000,0.00000,neutral,rule_only,1.00000,0.00000,0.11282,0.11282,0.00000,2646.00000,8634.00000,2.00000,0.00000,0.00000,2646.00000,447.00000,1316.00000,883.00000,0.00000,0.16893,0.49735,0.33371,3342.00000,5292.00000,8634.00000,3.26304,3.26304,0.92395,1.00000,1.00000,,,1.00000,1.00000,1.00000,,,,,,"[0.0,0.2)",Q4
FB15k-237,structural_r2d3,2.00000,/media_common/netflix_genre/titles,2671.00000,106.00000,124.00000,0.36851,0.34753,-0.02099,-5.69478,negative,dependency,1.00000,1.00000,0.33430,0.33533,0.00103,5987.00000,16603.00000,2.00000,3.00000,16603.00000,5987.00000,809.00000,3865.00000,1306.00000,7.00000,0.13513,0.64557,0.21814,11974.00000,4629.00000,16603.00000,2.77318,2.77318,0.63149,0.77620,0.99519,,,1.02568,1.03183,1.03355,,,,,,"[0.2,0.4)",Q4
FB15k-237,structural_r2d3,3.00000,/award/award_winner/awards_won./award/award_honor/award_winner,8423.00000,27.00000,41.00000,0.23443,0.37227,0.13785,58.80201,positive,dependency,1.00000,1.00000,0.28463,0.34771,0.06308,79116.00000,316464.00000,2.00000,3.00000,316464.00000,79116.00000,2576.00000,60254.00000,16286.00000,0.00000,0.03256,0.76159,0.20585,158232.00000,158232.00000,316464.00000,4.00000,4.00000,0.76557,0.67603,0.18618,,,1.08541,1.18665,1.15957,,,,,,"[0.2,0.4)",Q4
FB15k-237,structural_r2d3,4.00000,/soccer/football_team/current_roster./sports/sports_team_roster/position,2262.00000,5.00000,12.00000,0.37546,0.37546,0.00000,0.00000,neutral,rule_only,1.00000,0.00000,0.45007,0.45007,0.00000,795.00000,2171.00000,2.00000,0.00000,0.00000,795.00000,104.00000,626.00000,61.00000,4.00000,0.13082,0.78742,0.07673,581.00000,1590.00000,2171.00000,2.73082,2.73082,0.62454,1.00000,1.00000,,,1.00000,1.00000,1.00000,,,,,,"[0.2,0.4)",Q4
FB15k-237,structural_r2d3,5.00000,/soccer/football_team/current_roster./soccer/football_roster_position/position,2265.00000,8.00000,10.00000,0.41056,0.41056,0.00000,0.00000,neutral,rule_only,1.00000,0.00000,0.47713,0.47713,0.00000,820.00000,2196.00000,2.00000,0.00000,0.00000,820.00000,102.00000,648.00000,66.00000,4.00000,0.12439,0.79024,0.08049,556.00000,1640.00000,2196.00000,2.67805,2.67805,0.58944,0.71681,0.72054,,,1.00000,1.00000,1.00000,,,,,,"[0.4,0.6)",Q4
FB15k-237,structural_r2d3,6.00000,/film/actor/film./film/performance/film,9494.00000,715.00000,836.00000,0.07980,0.07789,-0.00192,-2.40063,neutral,dependency,1.00000,1.00000,0.06848,0.06854,0.00005,29447.00000,16690.00000,2.00000,3.00000,16690.00000,29447.00000,1621.00000,9929.00000,17897.00000,0.00000,0.05505,0.33718,0.60777,11084.00000,5606.00000,16690.00000,0.56678,0.56678,0.92020,1.22465,2.34714,,,1.88826,1.86623,1.85127,,,,,,"[0.0,0.2)",Q2
FB15k-237,structural_r2d3,7.00000,/award/award_category/nominees./award/award_nomination/nominated_for,9465.00000,746.00000,858.00000,0.21251,0.21141,-0.00111,-0.52030,neutral,dependency,1.00000,1.00000,0.21003,0.21185,0.00182,90670.00000,212019.00000,2.00000,3.00000,212019.00000,90670.00000,1025.00000,80807.00000,8810.00000,28.00000,0.01130,0.89122,0.09717,131861.00000,80158.00000,212019.00000,2.33836,2.33836,0.78749,0.74255,0.62750,,,1.03570,1.04119,1.04987,,,,,,"[0.2,0.4)",Q4
FB15k-237,structural_r2d3,8.00000,/award/award_nominee/award_nominations./award/award_nomination/award_nominee,15989.00000,188.00000,214.00000,0.31921,0.31912,-0.00009,-0.02868,neutral,dependency,1.00000,1.00000,0.26943,0.27408,0.00465,126142.00000,379530.00000,2.00000,3.00000,379530.00000,126142.00000,3694.00000,90398.00000,32050.00000,0.00000,0.02928,0.71664,0.25408,127246.00000,252284.00000,379530.00000,3.00875,3.00875,0.68079,0.65489,0.26429,,,0.98976,0.99562,0.99615,,,,,,"[0.2,0.4)",Q4
FB15k-237,structural_r2d3,9.00000,/music/performance_role/regular_performances./music/group_membership/role,2655.00000,16.00000,40.00000,0.10314,0.11432,0.01118,10.83662,positive,dependency,1.00000,1.00000,0.13125,0.13167,0.00042,91633.00000,194070.00000,2.00000,3.00000,194070.00000,91633.00000,1069.00000,87714.00000,2850.00000,0.00000,0.01167,0.95723,0.03110,10804.00000,183266.00000,194070.00000,2.11791,2.11791,0.89686,0.56627,0.47474,,,1.00403,1.00403,1.00401,,,,,,"[0.0,0.2)",Q3
FB15k-237,structural_r2d3,10.00000,/award/award_category/winners./award/award_honor/ceremony,2834.00000,283.00000,323.00000,0.83470,0.83470,0.00000,0.00000,neutral,rule_only,1.00000,0.00000,0.84160,0.84160,0.00000,28288.00000,78126.00000,2.00000,0.00000,0.00000,28288.00000,149.00000,26910.00000,1229.00000,0.00000,0.00527,0.95129,0.04345,21550.00000,56576.00000,78126.00000,2.76181,2.76181,0.16530,0.60484,0.30404,,,1.00000,1.00000,1.00000,,,,,,"[0.6,1.0]",Q4
FB15k-237,structural_r2d3,11.00000,/film/film/release_date_s./film/film_regional_release_date/film_release_distribution_medium,1429.00000,162.00000,158.00000,0.50813,0.50813,0.00000,0.00000,neutral,rule_only,1.00000,0.00000,0.51068,0.51068,0.00000,2546.00000,8167.00000,2.00000,0.00000,0.00000,2546.00000,299.00000,2099.00000,147.00000,1.00000,0.11744,0.82443,0.05774,5092.00000,3075.00000,8167.00000,3.20778,3.20778,0.49187,0.54208,0.49044,,,1.00000,1.00000,1.00000,,,,,,"[0.4,0.6)",Q4
FB15k-237,structural_r2d3,12.00000,/award/award_winning_work/awards_won./award/award_honor/award_winner,2992.00000,24.00000,24.00000,0.22923,0.22923,0.00000,0.00000,neutral,rule_only,1.00000,0.00000,0.17039,0.17039,0.00000,6938.00000,19198.00000,2.00000,0.00000,0.00000,6938.00000,1560.00000,3084.00000,2294.00000,0.00000,0.22485,0.44451,0.33064,8882.00000,10316.00000,19198.00000,2.76708,2.76708,0.77077,1.00000,1.00000,,,1.00000,1.00000,1.00000,,,,,,"[0.2,0.4)",Q4
FB15k-237,structural_r2d3,13.00000,/film/film/release_date_s./film/film_regional_release_date/film_release_region,12893.00000,1228.00000,1447.00000,0.37990,0.37990,0.00000,0.00000,neutral,rule_only,1.00000,0.00000,0.37067,0.37067,0.00000,299952.00000,636550.00000,2.00000,0.00000,0.00000,299952.00000,2148.00000,270892.00000,26868.00000,44.00000,0.00716,0.90312,0.08957,36646.00000,599904.00000,636550.00000,2.12217,2.12217,0.62010,0.59586,0.08889,,,1.00000,1.00000,1.00000,,,,,,"[0.2,0.4)",Q3
FB15k-237,structural_r2d3,14.00000,/film/film/language,2570.00000,241.00000,314.00000,0.52291,0.52291,0.00000,0.00000,neutral,rule_only,1.00000,0.00000,0.49218,0.49218,0.00000,5666.00000,13817.00000,2.00000,0.00000,0.00000,5666.00000,839.00000,3846.00000,977.00000,4.00000,0.14808,0.67879,0.17243,7308.00000,6509.00000,13817.00000,2.43858,2.43858,0.47709,0.60624,0.88468,,,1.00000,1.00000,1.00000,,,,,,"[0.4,0.6)",Q4
FB15k-237,structural_r2d3,15.00000,/location/location/contains,5201.00000,303.00000,330.00000,0.43477,0.43477,0.00000,0.00000,neutral,rule_only,1.00000,0.00000,0.45157,0.45157,0.00000,8788.00000,19600.00000,2.00000,0.00000,0.00000,8788.00000,3284.00000,3608.00000,1891.00000,5.00000,0.37369,0.41056,0.21518,2024.00000,17576.00000,19600.00000,2.23031,2.23031,0.56523,0.92792,1.12329,,,1.00000,1.00000,1.00000,,,,,,"[0.4,0.6)",Q4
FB15k-237,structural_r2d3,16.00000,/organization/organization/headquarters./location/mailing_address/country,182.00000,12.00000,7.00000,0.44989,0.48517,0.03528,7.84114,positive,dependency,1.00000,1.00000,0.52129,0.64654,0.12525,580.00000,2033.00000,2.00000,3.00000,2033.00000,580.00000,412.00000,120.00000,47.00000,1.00000,0.71034,0.20690,0.08103,1160.00000,873.00000,2033.00000,3.50517,3.50517,0.55011,0.94768,0.98131,,,1.04087,1.03827,1.04082,,,,,,"[0.4,0.6)",Q4
FB15k-237,structural_r2d3,17.00000,/people/person/profession,10945.00000,1126.00000,1311.00000,0.40467,0.40467,0.00000,0.00000,neutral,rule_only,1.00000,0.00000,0.39444,0.39442,-0.00002,23315.00000,28042.00000,2.00000,0.00000,0.00000,23315.00000,936.00000,19105.00000,3255.00000,19.00000,0.04015,0.81943,0.13961,16358.00000,11684.00000,28042.00000,1.20275,1.20275,0.59533,0.60778,0.94616,,,1.00000,1.00000,1.00000,,,,,,"[0.4,0.6)",Q3
FB15k-237,structural_r2d3,18.00000,/location/statistical_region/religions./location/religion_percentage/religion,596.00000,70.00000,60.00000,0.61528,0.61528,0.00000,0.00000,neutral,rule_only,1.00000,0.00000,0.58339,0.58339,0.00000,4881.00000,19524.00000,2.00000,0.00000,0.00000,4881.00000,163.00000,3977.00000,741.00000,0.00000,0.03339,0.81479,0.15181,9762.00000,9762.00000,19524.00000,4.00000,4.00000,0.38472,0.60472,0.57872,,,1.00000,1.00000,1.00000,,,,,,"[0.6,1.0]",Q4
FB15k-237,structural_r2d3,19.00000,/award/award_nominee/award_nominations./award/award_nomination/award,12157.00000,827.00000,1067.00000,0.20171,0.21140,0.00968,4.79935,positive,dependency,1.00000,1.00000,0.20440,0.21412,0.00971,50398.00000,97814.00000,2.00000,3.00000,97814.00000,50398.00000,1476.00000,36657.00000,12246.00000,19.00000,0.02929,0.72735,0.24299,64595.00000,33219.00000,97814.00000,1.94083,1.94083,0.79829,0.80096,1.03858,,,1.03712,1.07367,1.06734,,,,,,"[0.2,0.4)",Q3
FB15k-237,structural_r2d3,20.00000,/music/genre/artists,5880.00000,590.00000,664.00000,0.26473,0.26473,0.00000,0.00000,neutral,rule_only,1.00000,0.00000,0.25580,0.25580,0.00000,17774.00000,42913.00000,2.00000,0.00000,0.00000,17774.00000,412.00000,12377.00000,4972.00000,13.00000,0.02318,0.69635,0.27973,35548.00000,7365.00000,42913.00000,2.41437,2.41437,0.73527,0.73825,0.97095,,,1.00000,1.00000,1.00000,,,,,,"[0.2,0.4)",Q4
FB15k-237,structural_r2d3,21.00000,/influence/influence_node/influenced_by,1908.00000,178.00000,235.00000,0.14184,0.14184,0.00000,0.00000,neutral,rule_only,1.00000,0.00000,0.15837,0.15837,0.00000,3523.00000,692.00000,2.00000,0.00000,0.00000,3523.00000,232.00000,1290.00000,2001.00000,0.00000,0.06585,0.36617,0.56798,680.00000,12.00000,692.00000,0.19642,0.19642,0.85816,0.96757,2.05556,,,1.00000,1.00000,1.00000,,,,,,"[0.0,0.2)",Q2
FB15k-237,structural_r2d3,22.00000,/education/educational_institution/students_graduates./education/education/student,2640.00000,278.00000,311.00000,0.10845,0.10897,0.00051,0.47381,neutral,dependency,1.00000,1.00000,0.12810,0.13008,0.00198,2534.00000,63.00000,2.00000,1.00000,63.00000,2534.00000,249.00000,699.00000,1585.00000,1.00000,0.09826,0.27585,0.62549,62.00000,1.00000,63.00000,0.02486,0.02486,0.89155,1.24446,2.20377,,,,,1.46283,,,,,,"[0.0,0.2)",Q1
FB15k-237,structural_r2d3,23.00000,/organization/organization_member/member_of./organization/organization_membership/organization,797.00000,84.00000,96.00000,0.52005,0.52005,0.00000,0.00000,neutral,rule_only,1.00000,0.00000,0.57156,0.57156,0.00000,7372.00000,22104.00000,2.00000,0.00000,0.00000,7372.00000,356.00000,6294.00000,720.00000,2.00000,0.04829,0.85377,0.09767,7360.00000,14744.00000,22104.00000,2.99837,2.99837,0.47995,0.56758,0.53850,,,1.00000,1.00000,1.00000,,,,,,"[0.4,0.6)",Q4
FB15k-237,structural_r2d3,24.00000,/people/person/place_of_birth,2465.00000,148.00000,170.00000,0.13406,0.13791,0.00385,2.87239,neutral,dependency,1.00000,1.00000,0.12284,0.12475,0.00191,1998.00000,148.00000,2.00000,3.00000,148.00000,1998.00000,460.00000,588.00000,948.00000,2.00000,0.23023,0.29429,0.47447,125.00000,23.00000,148.00000,0.07407,0.07407,0.86594,1.64534,1.87294,,,1.51645,1.63680,1.72003,,,,,,"[0.0,0.2)",Q1
FB15k-237,structural_r2d3,25.00000,/common/topic/webpage./common/webpage/category,3612.00000,350.00000,402.00000,0.49502,0.49502,0.00000,0.00000,neutral,rule_only,1.00000,0.00000,0.50282,0.50282,0.00000,5364.00000,5413.00000,2.00000,0.00000,0.00000,5364.00000,2031.00000,3060.00000,272.00000,1.00000,0.37864,0.57047,0.05071,0.00000,5413.00000,5413.00000,1.00913,1.00913,0.50498,1.00000,1.00000,,,1.00000,,1.00000,,,,,,"[0.4,0.6)",Q3
FB15k-237,structural_r2d3,26.00000,/film/film/other_crew./film/film_crew_gig/film_crew_role,5305.00000,534.00000,606.00000,0.38875,0.38875,0.00000,0.00000,neutral,rule_only,1.00000,0.00000,0.41172,0.41172,0.00000,42988.00000,52030.00000,2.00000,0.00000,0.00000,42988.00000,255.00000,41167.00000,1555.00000,11.00000,0.00593,0.95764,0.03617,25877.00000,26153.00000,52030.00000,1.21034,1.21034,0.61125,0.62727,0.38665,,,1.00000,1.00000,1.00000,,,,,,"[0.2,0.4)",Q3
FB15k-237,structural_r2d3,27.00000,/award/award_ceremony/awards_presented./award/award_honor/award_winner,2727.00000,293.00000,317.00000,0.37701,0.37701,0.00000,0.00000,neutral,rule_only,1.00000,0.00000,0.37954,0.37953,-0.00001,8911.00000,25817.00000,2.00000,0.00000,0.00000,8911.00000,449.00000,5491.00000,2971.00000,0.00000,0.05039,0.61620,0.33341,11751.00000,14066.00000,25817.00000,2.89721,2.89721,0.62299,0.87425,0.99287,,,1.00000,1.00000,1.00000,,,,,,"[0.2,0.4)",Q4
FB15k-237,structural_r2d3,28.00000,/film/film/country,2407.00000,135.00000,131.00000,0.42460,0.42460,0.00000,0.00000,neutral,rule_only,1.00000,0.00000,0.41615,0.41615,0.00000,8406.00000,10943.00000,2.00000,0.00000,0.00000,8406.00000,1792.00000,5498.00000,1112.00000,4.00000,0.21318,0.65406,0.13229,6689.00000,4254.00000,10943.00000,1.30181,1.30181,0.57540,0.62991,0.83200,,,1.00000,1.00000,1.00000,,,,,,"[0.4,0.6)",Q3
FB15k-237,structural_r2d3,29.00000,/olympics/olympic_sport/athletes./olympics/olympic_athlete_affiliation/country,2130.00000,234.00000,258.00000,0.41295,0.41295,0.00000,0.00000,neutral,rule_only,1.00000,0.00000,0.48975,0.48975,0.00000,47576.00000,117883.00000,2.00000,0.00000,0.00000,47576.00000,291.00000,43813.00000,3469.00000,3.00000,0.00612,0.92091,0.07291,22731.00000,95152.00000,117883.00000,2.47778,2.47778,0.58705,0.56620,0.43674,,,1.00000,1.00000,1.00000,,,,,,"[0.4,0.6)",Q4
FB15k-237,structural_r2d3,30.00000,/award/award_winning_work/awards_won./award/award_honor/award,3310.00000,108.00000,118.00000,0.17857,0.19592,0.01735,9.71435,positive,dependency,1.00000,1.00000,0.23725,0.26188,0.02463,19741.00000,40669.00000,2.00000,3.00000,40669.00000,19741.00000,721.00000,14305.00000,4715.00000,0.00000,0.03652,0.72463,0.23884,38818.00000,1851.00000,40669.00000,2.06013,2.06013,0.82143,0.87159,0.85379,,,1.04844,1.03828,1.05025,,,,,,"[0.0,0.2)",Q3
FB15k-237,structural_r2d3,31.00000,/film/film/genre,7268.00000,659.00000,722.00000,0.30433,0.30433,0.00000,0.00000,neutral,rule_only,1.00000,0.00000,0.32344,0.32344,0.00000,15814.00000,42106.00000,2.00000,0.00000,0.00000,15814.00000,589.00000,11614.00000,3591.00000,20.00000,0.03725,0.73441,0.22708,29045.00000,13061.00000,42106.00000,2.66258,2.66258,0.69567,0.71196,1.03526,,,1.00000,1.00000,1.00000,,,,,,"[0.2,0.4)",Q4
FB15k-237,structural_r2d3,32.00000,/film/film_distributor/films_distributed./film/film_film_distributor_relationship/film,2337.00000,146.00000,160.00000,0.28259,0.28259,0.00000,0.00000,neutral,rule_only,1.00000,0.00000,0.27010,0.27010,0.00000,5821.00000,16178.00000,2.00000,0.00000,0.00000,5821.00000,663.00000,3818.00000,1334.00000,6.00000,0.11390,0.65590,0.22917,11642.00000,4536.00000,16178.00000,2.77925,2.77925,0.71741,0.89950,1.40849,,,1.00000,1.00000,1.00000,,,,,,"[0.2,0.4)",Q4
FB15k-237,structural_r2d3,33.00000,/location/statistical_region/rent50_2./measurement_unit/dated_money_value/currency,373.00000,39.00000,46.00000,0.54240,0.54240,0.00000,0.00000,neutral,rule_only,1.00000,0.00000,0.54187,0.54187,0.00000,485.00000,1940.00000,2.00000,0.00000,0.00000,485.00000,393.00000,59.00000,32.00000,1.00000,0.81031,0.12165,0.06598,970.00000,970.00000,1940.00000,4.00000,4.00000,0.45760,0.76208,0.76041,,,1.00000,,1.00000,,,,,,"[0.4,0.6)",Q4
FB15k-237,structural_r2d3,34.00000,/film/film/estimated_budget./measurement_unit/dated_money_value/currency,1210.00000,110.00000,151.00000,0.51089,0.51024,-0.00065,-0.12767,neutral,dependency,1.00000,1.00000,0.49614,0.49617,0.00003,2686.00000,5381.00000,2.00000,2.00000,5381.00000,2686.00000,705.00000,1880.00000,100.00000,1.00000,0.26247,0.69993,0.03723,9.00000,5372.00000,5381.00000,2.00335,2.00335,0.48911,0.68818,0.69583,,,1.00813,,1.00774,,,,,,"[0.4,0.6)",Q3
FB15k-237,structural_r2d3,35.00000,/government/legislative_session/members./government/government_position_held/district_represented,1070.00000,123.00000,117.00000,0.84887,0.87416,0.02529,2.97929,neutral,dependency,1.00000,1.00000,0.87372,0.90155,0.02783,11175.00000,43270.00000,2.00000,3.00000,43270.00000,11175.00000,100.00000,9580.00000,1495.00000,0.00000,0.00895,0.85727,0.13378,20920.00000,22350.00000,43270.00000,3.87204,3.87204,0.15113,0.54311,0.50837,,,0.99814,0.99816,0.99811,,,,,,"[0.6,1.0]",Q4
FB15k-237,structural_r2d3,36.00000,/sports/sports_team/roster./american_football/football_historical_roster_position/position_s,622.00000,3.00000,1.00000,0.10606,0.10606,0.00000,0.00000,neutral,rule_only,1.00000,0.00000,0.27632,0.27632,0.00000,13051.00000,29593.00000,2.00000,0.00000,0.00000,13051.00000,257.00000,12146.00000,648.00000,0.00000,0.01969,0.93066,0.04965,3491.00000,26102.00000,29593.00000,2.26749,2.26749,0.89394,1.00000,1.00000,,,1.00000,1.00000,1.00000,,,,,,"[0.0,0.2)",Q4
FB15k-237,structural_r2d3,37.00000,/government/government_office_category/officeholders./government/government_position_held/jurisdiction_of_office,760.00000,85.00000,91.00000,0.52424,0.52424,0.00000,0.00000,neutral,rule_only,1.00000,0.00000,0.58702,0.58702,0.00000,4043.00000,16172.00000,2.00000,0.00000,0.00000,4043.00000,346.00000,3018.00000,676.00000,3.00000,0.08558,0.74648,0.16720,8086.00000,8086.00000,16172.00000,4.00000,4.00000,0.47576,0.66397,0.64926,,,1.00000,1.00000,1.00000,,,,,,"[0.4,0.6)",Q4
FB15k-237,structural_r2d3,38.00000,/award/award_nominee/award_nominations./award/award_nomination/nominated_for,6277.00000,74.00000,132.00000,0.15847,0.15847,0.00000,0.00000,neutral,rule_only,1.00000,0.00000,0.12394,0.12394,0.00000,17213.00000,24617.00000,2.00000,0.00000,0.00000,17213.00000,2547.00000,6942.00000,7724.00000,0.00000,0.14797,0.40330,0.44873,8103.00000,16514.00000,24617.00000,1.43014,1.43014,0.84153,1.00000,1.00000,,,1.00000,1.00000,1.00000,,,,,,"[0.0,0.2)",Q3
FB15k-237,structural_r2d3,39.00000,/people/deceased_person/place_of_death,695.00000,61.00000,78.00000,0.20270,0.20227,-0.00043,-0.21059,neutral,dependency,1.00000,1.00000,0.18870,0.18914,0.00044,556.00000,22.00000,2.00000,2.00000,22.00000,556.00000,131.00000,182.00000,242.00000,1.00000,0.23561,0.32734,0.43525,20.00000,2.00000,22.00000,0.03957,0.03957,0.79730,1.43054,1.87248,,,1.00011,,0.99683,,,,,,"[0.2,0.4)",Q1
FB15k-237,structural_r2d3,40.00000,/sports/pro_athlete/teams./sports/sports_team_roster/team,676.00000,18.00000,16.00000,0.17199,0.17199,0.00000,0.00000,neutral,rule_only,1.00000,0.00000,0.12571,0.12571,0.00000,1504.00000,181.00000,2.00000,0.00000,0.00000,1504.00000,84.00000,915.00000,505.00000,0.00000,0.05585,0.60838,0.33577,136.00000,45.00000,181.00000,0.12035,0.12035,0.82801,1.04345,1.02249,,,1.00000,1.00000,1.00000,,,,,,"[0.0,0.2)",Q1
FB15k-237,structural_r2d3,41.00000,/music/artist/track_contributions./music/track_contribution/role,1772.00000,116.00000,152.00000,0.23428,0.23428,0.00000,0.00000,neutral,rule_only,1.00000,0.00000,0.20005,0.20005,0.00000,24449.00000,51711.00000,2.00000,0.00000,0.00000,24449.00000,778.00000,21152.00000,2516.00000,3.00000,0.03182,0.86515,0.10291,48898.00000,2813.00000,51711.00000,2.11506,2.11506,0.76572,0.76672,0.52097,,,1.00000,1.00000,1.00000,,,,,,"[0.2,0.4)",Q3
FB15k-237,structural_r2d3,42.00000,/music/instrument/instrumentalists,1938.00000,136.00000,153.00000,0.25027,0.25027,0.00000,0.00000,neutral,rule_only,1.00000,0.00000,0.24676,0.24676,0.00000,21947.00000,46749.00000,2.00000,0.00000,0.00000,21947.00000,905.00000,18580.00000,2458.00000,4.00000,0.04124,0.84658,0.11200,43894.00000,2855.00000,46749.00000,2.13009,2.13009,0.74973,0.75904,0.63606,,,1.00000,1.00000,1.00000,,,,,,"[0.2,0.4)",Q3
FB15k-237,structural_r2d3,43.00000,/people/person/gender,3717.00000,377.00000,436.00000,0.55346,0.56584,0.01238,2.23628,neutral,dependency,1.00000,1.00000,0.53757,0.54431,0.00674,7376.00000,3062.00000,2.00000,2.00000,3062.00000,7376.00000,686.00000,6492.00000,196.00000,2.00000,0.09300,0.88015,0.02657,35.00000,3027.00000,3062.00000,0.41513,0.41513,0.44654,0.46297,0.56592,,,1.02633,,1.02312,,,,,,"[0.4,0.6)",Q2
FB15k-237,structural_r2d3,44.00000,/business/job_title/people_with_this_title./business/employment_tenure/company,734.00000,48.00000,85.00000,0.26597,0.26597,0.00000,0.00000,neutral,rule_only,1.00000,0.00000,0.30043,0.30043,0.00000,1612.00000,4013.00000,2.00000,0.00000,0.00000,1612.00000,308.00000,837.00000,466.00000,1.00000,0.19107,0.51923,0.28908,3224.00000,789.00000,4013.00000,2.48945,2.48945,0.73403,0.73198,0.82559,,,1.00000,1.00000,1.00000,,,,,,"[0.2,0.4)",Q4
FB15k-237,structural_r2d3,45.00000,/base/popstra/celebrity/friendship./base/popstra/friendship/participant,1511.00000,30.00000,32.00000,0.05478,0.06308,0.00830,15.14381,positive,dependency,1.00000,1.00000,0.07963,0.08047,0.00084,2911.00000,464.00000,2.00000,3.00000,464.00000,2911.00000,863.00000,432.00000,1616.00000,0.00000,0.29646,0.14840,0.55514,449.00000,15.00000,464.00000,0.15940,0.15940,0.94522,1.33816,1.29064,,,1.22696,1.22958,1.13138,,,,,,"[0.0,0.2)",Q2
FB15k-237,structural_r2d3,46.00000,/business/business_operation/industry,330.00000,33.00000,41.00000,0.33867,0.33867,-0.00001,-0.00220,neutral,dependency,1.00000,1.00000,0.39249,0.39286,0.00037,256.00000,96.00000,2.00000,3.00000,96.00000,256.00000,47.00000,82.00000,127.00000,0.00000,0.18359,0.32031,0.49609,86.00000,10.00000,96.00000,0.37500,0.37500,0.66133,0.84996,0.91521,,,1.01717,1.01607,1.01829,,,,,,"[0.2,0.4)",Q2
FB15k-237,structural_r2d3,47.00000,/award/award_category/winners./award/award_honor/award_winner,5673.00000,180.00000,217.00000,0.17431,0.17688,0.00258,1.47836,neutral,dependency,1.00000,1.00000,0.19429,0.19597,0.00168,18856.00000,32943.00000,2.00000,3.00000,32943.00000,18856.00000,1150.00000,10789.00000,6915.00000,2.00000,0.06099,0.57218,0.36673,23559.00000,9384.00000,32943.00000,1.74708,1.74708,0.82569,0.86640,1.00895,,,1.09751,1.08479,1.08535,,,,,,"[0.0,0.2)",Q3
FB15k-237,structural_r2d3,48.00000,/people/person/nationality,4197.00000,406.00000,494.00000,0.50693,0.50693,0.00000,0.00000,neutral,rule_only,1.00000,0.00000,0.50688,0.50688,0.00000,9716.00000,4210.00000,2.00000,0.00000,0.00000,9716.00000,2884.00000,6081.00000,746.00000,5.00000,0.29683,0.62587,0.07678,145.00000,4065.00000,4210.00000,0.43331,0.43331,0.49307,0.65151,1.15162,,,1.00000,1.00000,1.00000,,,,,,"[0.4,0.6)",Q2
FB15k-237,structural_r2d3,49.00000,/sports/sports_team/roster./baseball/baseball_roster_position/position,183.00000,7.00000,3.00000,0.64444,0.64444,0.00000,0.00000,neutral,dependency,1.00000,1.00000,0.49851,0.58333,0.08482,586.00000,1404.00000,2.00000,3.00000,1404.00000,586.00000,27.00000,450.00000,109.00000,0.00000,0.04608,0.76792,0.18601,438.00000,966.00000,1404.00000,2.39590,2.39590,0.35556,0.79379,0.79447,,,1.01782,1.01780,1.01780,,,,,,"[0.6,1.0]",Q4
FB15k-237,structural_r2d3,50.00000,/people/cause_of_death/people,737.00000,64.00000,94.00000,0.17383,0.17355,-0.00028,-0.16204,neutral,dependency,1.00000,1.00000,0.17498,0.17523,0.00025,712.00000,24.00000,2.00000,2.00000,24.00000,712.00000,55.00000,224.00000,432.00000,1.00000,0.07725,0.31461,0.60674,23.00000,1.00000,24.00000,0.03371,0.03371,0.82617,0.93329,0.94109,,,1.04848,,1.07561,,,,,,"[0.0,0.2)",Q1
FB15k-237,structural_r2d3,51.00000,/tv/tv_program/languages,254.00000,29.00000,24.00000,0.62909,0.70700,0.07791,12.38491,positive,dependency,1.00000,1.00000,0.58433,0.61015,0.02581,510.00000,1814.00000,2.00000,2.00000,1814.00000,510.00000,249.00000,198.00000,62.00000,1.00000,0.48824,0.38824,0.12157,1020.00000,794.00000,1814.00000,3.55686,3.55686,0.37091,0.63292,0.75106,,,1.05439,,1.05680,,,,,,"[0.6,1.0]",Q4
FB15k-237,structural_r2d3,52.00000,/music/genre/parent_genre,678.00000,76.00000,97.00000,0.16084,0.16084,0.00000,0.00000,neutral,rule_only,1.00000,0.00000,0.17497,0.17497,0.00000,454.00000,188.00000,2.00000,0.00000,0.00000,454.00000,36.00000,185.00000,233.00000,0.00000,0.07930,0.40749,0.51322,158.00000,30.00000,188.00000,0.41410,0.41410,0.83916,0.78449,1.15380,,,1.00000,1.00000,1.00000,,,,,,"[0.0,0.2)",Q2
FB15k-237,structural_r2d3,53.00000,/base/popstra/celebrity/breakup./base/popstra/breakup/participant,153.00000,0.00000,0.00000,0.00000,0.00000,0.00000,0.00000,neutral,rule_only,1.00000,0.00000,0.00000,0.00000,0.00000,39.00000,9.00000,2.00000,0.00000,0.00000,39.00000,19.00000,9.00000,11.00000,0.00000,0.48718,0.23077,0.28205,8.00000,1.00000,9.00000,0.23077,0.23077,1.00000,1.00000,1.00000,,,1.00000,1.00000,,,,,,,"[0.0,0.2)",Q2
FB15k-237,structural_r2d3,54.00000,/location/country/capital,142.00000,7.00000,11.00000,0.09805,0.09805,0.00000,0.00000,neutral,rule_only,1.00000,0.00000,0.15485,0.15485,0.00000,27.00000,18.00000,1.00000,0.00000,0.00000,27.00000,27.00000,0.00000,0.00000,0.00000,1.00000,0.00000,0.00000,5.00000,13.00000,18.00000,0.66667,0.66667,0.90195,1.00000,,,,1.00000,,,,,,,,"[0.0,0.2)",Q2
FB15k-237,structural_r2d3,55.00000,/film/special_film_performance_type/film_performance_type./film/performance/film,93.00000,9.00000,11.00000,0.47011,0.47011,0.00000,0.00000,neutral,rule_only,1.00000,0.00000,0.47391,0.47391,0.00000,265.00000,74.00000,2.00000,0.00000,0.00000,265.00000,44.00000,143.00000,78.00000,0.00000,0.16604,0.53962,0.29434,74.00000,0.00000,74.00000,0.27925,0.27925,0.52989,1.00000,1.00000,,,1.00000,,1.00000,,,,,,"[0.4,0.6)",Q2
FB15k-237,structural_r2d3,56.00000,/location/hud_county_place/place,459.00000,56.00000,48.00000,0.00014,0.00014,0.00000,0.00000,neutral,rule_only,0.00000,0.00000,0.00014,,,971.00000,0.00000,2.00000,0.00000,0.00000,971.00000,695.00000,208.00000,66.00000,2.00000,0.71576,0.21421,0.06797,0.00000,0.00000,0.00000,0.00000,0.00000,0.99986,1.00000,1.00000,,,,,,,,,,,"[0.0,0.2)",Q1
FB15k-237,structural_r2d3,57.00000,/music/performance_role/guest_performances./music/recording_contribution/performance_role,497.00000,0.00000,2.00000,0.03544,0.03544,0.00000,0.00000,neutral,rule_only,1.00000,0.00000,0.00000,0.00000,0.00000,15675.00000,42284.00000,2.00000,0.00000,0.00000,15675.00000,822.00000,14066.00000,787.00000,0.00000,0.05244,0.89735,0.05021,31350.00000,10934.00000,42284.00000,2.69754,2.69754,0.96456,1.00000,1.00000,,,1.00000,1.00000,1.00000,,,,,,"[0.0,0.2)",Q4
FB15k-237,structural_r2d3,58.00000,/location/location/adjoin_s./location/adjoining_relationship/adjoins,2051.00000,51.00000,55.00000,0.39997,0.42504,0.02507,6.26918,positive,dependency,1.00000,1.00000,0.32440,0.33200,0.00760,5919.00000,9103.00000,2.00000,3.00000,9103.00000,5919.00000,1297.00000,2520.00000,2102.00000,0.00000,0.21912,0.42575,0.35513,9050.00000,53.00000,9103.00000,1.53793,1.53793,0.60003,0.93700,0.93061,,,1.04775,1.08784,1.06071,,,,,,"[0.2,0.4)",Q3
FB15k-237,structural_r2d3,59.00000,/film/film_subject/films,603.00000,46.00000,77.00000,0.20271,0.20311,0.00040,0.19767,neutral,dependency,1.00000,1.00000,0.20348,0.20625,0.00277,1185.00000,44.00000,2.00000,2.00000,44.00000,1185.00000,79.00000,501.00000,605.00000,0.00000,0.06667,0.42278,0.51055,44.00000,0.00000,44.00000,0.03713,0.03713,0.79729,1.13227,1.62095,,,1.01105,,1.04373,,,,,,"[0.2,0.4)",Q1
FB15k-237,structural_r2d3,60.00000,/base/schemastaging/person_extra/net_worth./measurement_unit/dated_money_value/currency,475.00000,48.00000,60.00000,0.49753,0.49838,0.00085,0.17105,neutral,dependency,1.00000,1.00000,0.52196,0.52898,0.00702,1393.00000,4294.00000,2.00000,2.00000,4294.00000,1393.00000,585.00000,701.00000,106.00000,1.00000,0.41996,0.50323,0.07609,2786.00000,1508.00000,4294.00000,3.08256,3.08256,0.50247,0.76165,0.74824,,,1.00823,,1.00823,,,,,,"[0.4,0.6)",Q4
FB15k-237,structural_r2d3,61.00000,/education/educational_institution/colors,856.00000,67.00000,90.00000,0.22712,0.22209,-0.00503,-2.21500,neutral,dependency,1.00000,1.00000,0.26991,0.27185,0.00194,1481.00000,4237.00000,2.00000,3.00000,4237.00000,1481.00000,105.00000,886.00000,487.00000,3.00000,0.07090,0.59824,0.32883,2322.00000,1915.00000,4237.00000,2.86090,2.86090,0.77288,0.75844,0.77681,,,1.00415,1.00346,1.00235,,,,,,"[0.2,0.4)",Q4
FB15k-237,structural_r2d3,62.00000,/base/aareas/schema/administrative_area/administrative_parent,579.00000,15.00000,25.00000,0.52190,0.57894,0.05704,10.92892,positive,dependency,1.00000,1.00000,0.56685,0.62240,0.05555,1633.00000,6532.00000,2.00000,3.00000,6532.00000,1633.00000,575.00000,893.00000,164.00000,1.00000,0.35211,0.54685,0.10043,3266.00000,3266.00000,6532.00000,4.00000,4.00000,0.47810,0.87791,0.93110,,,1.08406,1.10784,1.08888,,,,,,"[0.4,0.6)",Q4
FB15k-237,structural_r2d3,63.00000,/organization/role/leaders./organization/leadership/organization,756.00000,57.00000,70.00000,0.47152,0.47173,0.00021,0.04548,neutral,dependency,1.00000,1.00000,0.44825,0.45869,0.01043,971.00000,3884.00000,2.00000,3.00000,3884.00000,971.00000,303.00000,493.00000,172.00000,3.00000,0.31205,0.50772,0.17714,1942.00000,1942.00000,3884.00000,4.00000,4.00000,0.52848,0.67528,0.95703,,,1.00247,0.99682,1.00320,,,,,,"[0.4,0.6)",Q4
FB15k-237,structural_r2d3,64.00000,/government/legislative_session/members./government/government_position_held/legislative_sessions,814.00000,11.00000,13.00000,0.38954,0.38954,0.00000,0.00000,neutral,rule_only,1.00000,0.00000,0.32346,0.32346,0.00000,8311.00000,17090.00000,2.00000,0.00000,0.00000,8311.00000,36.00000,7759.00000,516.00000,0.00000,0.00433,0.93358,0.06209,468.00000,16622.00000,17090.00000,2.05631,2.05631,0.61046,0.84475,0.84547,,,1.00000,1.00000,1.00000,,,,,,"[0.2,0.4)",Q3
FB15k-237,structural_r2d3,65.00000,/olympics/olympic_games/sports,664.00000,8.00000,13.00000,0.28666,0.46603,0.17937,62.57054,positive,dependency,1.00000,1.00000,0.31667,0.47917,0.16251,9650.00000,21010.00000,2.00000,3.00000,21010.00000,9650.00000,104.00000,9057.00000,489.00000,0.00000,0.01078,0.93855,0.05067,1710.00000,19300.00000,21010.00000,2.17720,2.17720,0.71334,0.55462,0.53656,,,1.00061,1.00080,1.00060,,,,,,"[0.2,0.4)",Q3
FB15k-237,structural_r2d3,66.00000,/people/person/places_lived./people/place_lived/location,3738.00000,232.00000,305.00000,0.13059,0.13143,0.00084,0.64160,neutral,dependency,1.00000,1.00000,0.13594,0.13978,0.00384,4519.00000,1283.00000,2.00000,3.00000,1283.00000,4519.00000,977.00000,1479.00000,2059.00000,4.00000,0.21620,0.32728,0.45563,1081.00000,202.00000,1283.00000,0.28391,0.28391,0.86941,1.24384,1.56236,,,1.38308,1.16859,1.45493,,,,,,"[0.0,0.2)",Q2
FB15k-237,structural_r2d3,67.00000,/award/award_category/disciplines_or_subjects,204.00000,21.00000,15.00000,0.67218,0.68257,0.01039,1.54602,neutral,dependency,1.00000,1.00000,0.49660,0.49702,0.00042,223.00000,227.00000,2.00000,3.00000,227.00000,223.00000,25.00000,159.00000,39.00000,0.00000,0.11211,0.71300,0.17489,56.00000,171.00000,227.00000,1.01794,1.01794,0.32782,0.70465,0.89344,,,0.99848,1.00130,1.00033,,,,,,"[0.6,1.0]",Q3
FB15k-237,structural_r2d3,68.00000,/sports/professional_sports_team/draft_picks./sports/sports_league_draft_pick/school,688.00000,70.00000,86.00000,0.19103,0.19103,0.00000,0.00000,neutral,rule_only,1.00000,0.00000,0.17504,0.17504,0.00000,3143.00000,2576.00000,2.00000,0.00000,0.00000,3143.00000,132.00000,1769.00000,1241.00000,1.00000,0.04200,0.56284,0.39485,1903.00000,673.00000,2576.00000,0.81960,0.81960,0.80897,1.00000,1.00000,,,1.00000,1.00000,1.00000,,,,,,"[0.0,0.2)",Q3
FB15k-237,structural_r2d3,69.00000,/olympics/olympic_participating_country/medals_won./olympics/olympic_medal_honor/olympics,1153.00000,53.00000,63.00000,0.34202,0.34202,0.00000,0.00000,neutral,rule_only,1.00000,0.00000,0.34327,0.34327,0.00000,34850.00000,95132.00000,2.00000,0.00000,0.00000,34850.00000,466.00000,31624.00000,2760.00000,0.00000,0.01337,0.90743,0.07920,25432.00000,69700.00000,95132.00000,2.72976,2.72976,0.65798,0.58739,0.47102,,,1.00000,1.00000,1.00000,,,,,,"[0.2,0.4)",Q4
FB15k-237,structural_r2d3,70.00000,/language/human_language/countries_spoken_in,335.00000,19.00000,25.00000,0.30643,0.30643,0.00000,0.00000,neutral,rule_only,1.00000,0.00000,0.37252,0.37252,0.00000,1883.00000,7532.00000,2.00000,0.00000,0.00000,1883.00000,278.00000,1114.00000,491.00000,0.00000,0.14764,0.59161,0.26075,3766.00000,3766.00000,7532.00000,4.00000,4.00000,0.69357,1.00000,1.00000,,,1.00000,1.00000,1.00000,,,,,,"[0.2,0.4)",Q4
FB15k-237,structural_r2d3,71.00000,/people/ethnicity/people,2063.00000,169.00000,251.00000,0.31133,0.31133,0.00000,0.00000,neutral,rule_only,1.00000,0.00000,0.28436,0.28436,0.00000,3266.00000,7613.00000,2.00000,0.00000,0.00000,3266.00000,340.00000,1622.00000,1300.00000,4.00000,0.10410,0.49663,0.39804,6532.00000,1081.00000,7613.00000,2.33099,2.33099,0.68867,0.83332,1.47536,,,1.00000,1.00000,1.00000,,,,,,"[0.2,0.4)",Q4
FB15k-237,structural_r2d3,72.00000,/olympics/olympic_participating_country/athletes./olympics/olympic_athlete_affiliation/olympics,760.00000,30.00000,31.00000,0.36245,0.36245,0.00000,0.00000,neutral,rule_only,1.00000,0.00000,0.43686,0.43686,0.00000,19349.00000,59149.00000,2.00000,0.00000,0.00000,19349.00000,442.00000,17085.00000,1821.00000,1.00000,0.02284,0.88299,0.09411,20451.00000,38698.00000,59149.00000,3.05695,3.05695,0.63755,0.70483,0.66929,,,1.00000,1.00000,1.00000,,,,,,"[0.2,0.4)",Q4
FB15k-237,structural_r2d3,73.00000,/olympics/olympic_participating_country/medals_won./olympics/olympic_medal_honor/medal,256.00000,26.00000,38.00000,0.66581,0.66581,0.00000,0.00000,neutral,rule_only,1.00000,0.00000,0.69498,0.69498,0.00000,2536.00000,5737.00000,2.00000,0.00000,0.00000,2536.00000,118.00000,2239.00000,179.00000,0.00000,0.04653,0.88289,0.07058,665.00000,5072.00000,5737.00000,2.26222,2.26222,0.33419,0.75881,0.75644,,,1.00000,1.00000,1.00000,,,,,,"[0.6,1.0]",Q4
FB15k-237,structural_r2d3,74.00000,/film/film/other_crew./film/film_crew_gig/crewmember,384.00000,37.00000,26.00000,0.14794,0.15019,0.00225,1.51804,neutral,dependency,1.00000,1.00000,0.16061,0.16773,0.00711,1231.00000,83.00000,2.00000,2.00000,83.00000,1231.00000,132.00000,510.00000,589.00000,0.00000,0.10723,0.41430,0.47847,82.00000,1.00000,83.00000,0.06742,0.06742,0.85206,0.86889,1.32882,,,1.09725,,1.13538,,,,,,"[0.0,0.2)",Q1
FB15k-237,structural_r2d3,75.00000,/music/performance_role/track_performances./music/track_contribution/role,3795.00000,39.00000,53.00000,0.22834,0.22834,0.00000,0.00000,neutral,rule_only,1.00000,0.00000,0.14357,0.14357,0.00000,114060.00000,234164.00000,2.00000,0.00000,0.00000,114060.00000,1073.00000,109841.00000,3146.00000,0.00000,0.00941,0.96301,0.02758,6044.00000,228120.00000,234164.00000,2.05299,2.05299,0.77166,0.51577,0.32272,,,1.00000,1.00000,1.00000,,,,,,"[0.2,0.4)",Q3
FB15k-237,structural_r2d3,76.00000,/music/record_label/artist,2226.00000,252.00000,266.00000,0.15286,0.15286,0.00000,0.00000,neutral,rule_only,1.00000,0.00000,0.18700,0.18700,0.00000,4849.00000,2513.00000,2.00000,0.00000,0.00000,4849.00000,228.00000,2800.00000,1819.00000,2.00000,0.04702,0.57744,0.37513,2066.00000,447.00000,2513.00000,0.51825,0.51825,0.84714,0.94051,1.50227,,,1.00000,1.00000,1.00000,,,,,,"[0.0,0.2)",Q2
FB15k-237,structural_r2d3,77.00000,/base/popstra/celebrity/dated./base/popstra/dated/participant,1404.00000,17.00000,11.00000,0.01377,0.01377,0.00000,0.00000,neutral,rule_only,1.00000,0.00000,0.01929,0.01929,0.00000,1603.00000,38.00000,2.00000,0.00000,0.00000,1603.00000,352.00000,279.00000,972.00000,0.00000,0.21959,0.17405,0.60636,31.00000,7.00000,38.00000,0.02371,0.02371,0.98623,1.00000,1.00000,,,1.00000,1.00000,1.00000,,,,,,"[0.0,0.2)",Q1
FB15k-237,structural_r2d3,78.00000,/base/locations/continents/countries_within,125.00000,4.00000,5.00000,0.82011,0.52942,-0.29070,-35.44597,negative,dependency,1.00000,1.00000,0.39295,0.39360,0.00065,1187.00000,4748.00000,2.00000,3.00000,4748.00000,1187.00000,156.00000,875.00000,156.00000,0.00000,0.13142,0.73715,0.13142,2374.00000,2374.00000,4748.00000,4.00000,4.00000,0.17989,0.72325,0.69547,,,0.99900,0.99830,1.00125,,,,,,"[0.6,1.0]",Q4
FB15k-237,structural_r2d3,79.00000,/sports/sports_league_draft/picks./sports/sports_league_draft_pick/school,269.00000,26.00000,42.00000,0.21780,0.21780,0.00000,0.00000,neutral,rule_only,1.00000,0.00000,0.25135,0.25135,0.00000,1168.00000,552.00000,2.00000,0.00000,0.00000,1168.00000,68.00000,653.00000,447.00000,0.00000,0.05822,0.55908,0.38271,550.00000,2.00000,552.00000,0.47260,0.47260,0.78220,0.86634,0.86611,,,1.00000,1.00000,1.00000,,,,,,"[0.2,0.4)",Q2
FB15k-237,structural_r2d3,80.00000,/sports/sports_team/sport,423.00000,47.00000,53.00000,0.69822,0.73107,0.03285,4.70494,positive,dependency,1.00000,1.00000,0.68803,0.71039,0.02236,405.00000,1383.00000,2.00000,2.00000,1383.00000,405.00000,77.00000,275.00000,52.00000,1.00000,0.19012,0.67901,0.12840,730.00000,653.00000,1383.00000,3.41481,3.41481,0.30178,0.64924,0.69578,,,1.03198,,1.03549,,,,,,"[0.6,1.0]",Q4
FB15k-237,structural_r2d3,81.00000,/education/educational_institution_campus/educational_institution,526.00000,13.00000,13.00000,0.00014,0.00014,0.00000,0.00000,neutral,rule_only,0.00000,0.00000,0.00014,,,1571.00000,0.00000,2.00000,0.00000,0.00000,1571.00000,907.00000,586.00000,76.00000,2.00000,0.57734,0.37301,0.04838,0.00000,0.00000,0.00000,0.00000,0.00000,0.99986,1.00000,1.00000,,,,,,,,,,,"[0.0,0.2)",Q1
FB15k-237,structural_r2d3,82.00000,/people/person/religion,1085.00000,125.00000,127.00000,0.31491,0.31491,0.00000,0.00000,neutral,rule_only,1.00000,0.00000,0.31967,0.31967,0.00000,1565.00000,2835.00000,2.00000,0.00000,0.00000,1565.00000,245.00000,724.00000,593.00000,3.00000,0.15655,0.46262,0.37891,2775.00000,60.00000,2835.00000,1.81150,1.81150,0.68509,0.82182,1.27746,,,1.00000,1.00000,1.00000,,,,,,"[0.2,0.4)",Q3
FB15k-237,structural_r2d3,83.00000,/organization/organization/headquarters./location/mailing_address/citytown,852.00000,44.00000,55.00000,0.23095,0.24994,0.01899,8.22116,positive,dependency,1.00000,1.00000,0.32593,0.32837,0.00244,737.00000,308.00000,2.00000,3.00000,308.00000,737.00000,286.00000,190.00000,261.00000,0.00000,0.38806,0.25780,0.35414,255.00000,53.00000,308.00000,0.41791,0.41791,0.76905,1.58081,1.87638,,,1.05464,1.00343,1.04111,,,,,,"[0.2,0.4)",Q2
FB15k-237,structural_r2d3,84.00000,/film/film/produced_by,1285.00000,54.00000,60.00000,0.38798,0.38798,0.00000,0.00000,neutral,rule_only,1.00000,0.00000,0.39621,0.39621,0.00000,2937.00000,6035.00000,2.00000,0.00000,0.00000,2937.00000,738.00000,930.00000,1269.00000,0.00000,0.25128,0.31665,0.43207,5874.00000,161.00000,6035.00000,2.05482,2.05482,0.61202,1.00000,1.00000,,,1.00000,1.00000,1.00000,,,,,,"[0.2,0.4)",Q3
FB15k-237,structural_r2d3,85.00000,/people/person/spouse_s./people/marriage/type_of_union,2909.00000,302.00000,346.00000,0.49129,0.49129,0.00000,0.00000,neutral,rule_only,1.00000,0.00000,0.49686,0.49686,0.00000,5859.00000,2547.00000,2.00000,0.00000,0.00000,5859.00000,908.00000,4758.00000,191.00000,2.00000,0.15498,0.81208,0.03260,238.00000,2309.00000,2547.00000,0.43472,0.43472,0.50871,0.51644,0.70247,,,1.00000,,1.00000,,,,,,"[0.4,0.6)",Q2
FB15k-237,structural_r2d3,86.00000,/film/film/production_companies,1568.00000,82.00000,84.00000,0.39421,0.39613,0.00192,0.48784,neutral,dependency,1.00000,1.00000,0.44983,0.45374,0.00392,4321.00000,9330.00000,2.00000,3.00000,9330.00000,4321.00000,585.00000,2462.00000,1271.00000,3.00000,0.13539,0.56978,0.29414,8642.00000,688.00000,9330.00000,2.15922,2.15922,0.60579,0.93165,1.43144,,,1.04205,1.02984,1.04639,,,,,,"[0.2,0.4)",Q3
FB15k-237,structural_r2d3,87.00000,/location/country/second_level_divisions,463.00000,32.00000,46.00000,0.66228,0.70050,0.03821,5.77017,positive,dependency,1.00000,1.00000,0.67817,0.70916,0.03099,725.00000,2705.00000,2.00000,3.00000,2705.00000,725.00000,562.00000,90.00000,72.00000,1.00000,0.77517,0.12414,0.09931,1450.00000,1255.00000,2705.00000,3.73103,3.73103,0.33772,0.68472,1.16117,,,0.99373,0.99990,0.99336,,,,,,"[0.6,1.0]",Q4
FB15k-237,structural_r2d3,88.00000,/base/culturalevent/event/entity_involved,276.00000,20.00000,20.00000,0.12357,0.12611,0.00254,2.05596,neutral,dependency,1.00000,1.00000,0.19758,0.22118,0.02360,237.00000,234.00000,2.00000,3.00000,234.00000,237.00000,103.00000,51.00000,83.00000,0.00000,0.43460,0.21519,0.35021,234.00000,0.00000,234.00000,0.98734,0.98734,0.87643,0.81808,0.93832,,,1.00337,1.00334,1.00326,,,,,,"[0.0,0.2)",Q3
FB15k-237,structural_r2d3,89.00000,/education/educational_degree/people_with_this_degree./education/education/institution,2257.00000,244.00000,287.00000,0.40942,0.40942,0.00000,0.00000,neutral,rule_only,1.00000,0.00000,0.38165,0.38165,0.00000,13213.00000,35969.00000,2.00000,0.00000,0.00000,13213.00000,195.00000,11791.00000,1219.00000,8.00000,0.01476,0.89238,0.09226,20660.00000,15309.00000,35969.00000,2.72224,2.72224,0.59058,0.63887,0.58183,,,1.00000,1.00000,1.00000,,,,,,"[0.4,0.6)",Q4
FB15k-237,structural_r2d3,90.00000,/film/film/distributors./film/film_film_distributor_relationship/film_distribution_medium,285.00000,21.00000,38.00000,0.55114,0.55114,0.00000,0.00000,neutral,rule_only,1.00000,0.00000,0.57423,0.57423,0.00000,894.00000,2178.00000,2.00000,0.00000,0.00000,894.00000,156.00000,578.00000,159.00000,1.00000,0.17450,0.64653,0.17785,1788.00000,390.00000,2178.00000,2.43624,2.43624,0.44886,0.79368,0.80536,,,1.00000,1.00000,1.00000,,,,,,"[0.4,0.6)",Q4
FB15k-237,structural_r2d3,91.00000,/tv/tv_program/tv_producer./tv/tv_producer_term/producer_type,121.00000,15.00000,11.00000,0.67674,0.67669,-0.00006,-0.00827,neutral,dependency,1.00000,1.00000,0.62765,0.63901,0.01137,228.00000,799.00000,2.00000,2.00000,799.00000,228.00000,85.00000,125.00000,17.00000,1.00000,0.37281,0.54825,0.07456,456.00000,343.00000,799.00000,3.50439,3.50439,0.32326,0.83949,0.83969,,,1.00335,,1.00335,,,,,,"[0.6,1.0]",Q4
FB15k-237,structural_r2d3,92.00000,/music/performance_role/regular_performances./music/group_membership/group,1327.00000,105.00000,167.00000,0.43488,0.43488,0.00000,0.00000,neutral,rule_only,1.00000,0.00000,0.45013,0.45013,0.00000,29112.00000,64462.00000,2.00000,0.00000,0.00000,29112.00000,380.00000,26815.00000,1912.00000,5.00000,0.01305,0.92110,0.06568,58224.00000,6238.00000,64462.00000,2.21428,2.21428,0.56512,0.77116,0.76883,,,1.00000,1.00000,1.00000,,,,,,"[0.4,0.6)",Q3
FB15k-237,structural_r2d3,93.00000,/government/politician/government_positions_held./government/government_position_held/legislative_sessions,215.00000,18.00000,30.00000,0.73453,0.72521,-0.00932,-1.26861,neutral,dependency,1.00000,1.00000,0.84043,0.84676,0.00633,1832.00000,5759.00000,2.00000,3.00000,5759.00000,1832.00000,38.00000,1566.00000,228.00000,0.00000,0.02074,0.85480,0.12445,2095.00000,3664.00000,5759.00000,3.14356,3.14356,0.26547,0.76004,0.74665,,,1.00074,1.00074,1.00074,,,,,,"[0.6,1.0]",Q4
FB15k-237,structural_r2d3,94.00000,/sports/sports_team_location/teams,331.00000,35.00000,53.00000,0.06141,0.06141,0.00000,0.00000,neutral,rule_only,0.00000,0.00000,0.09386,,,15.00000,0.00000,2.00000,0.00000,0.00000,15.00000,13.00000,0.00000,2.00000,0.00000,0.86667,0.00000,0.13333,0.00000,0.00000,0.00000,0.00000,0.00000,0.93859,0.91330,0.88845,,,,,,,,,,,"[0.0,0.2)",Q1
FB15k-237,structural_r2d3,95.00000,/sports/sports_team/colors,689.00000,67.00000,77.00000,0.30589,0.30589,0.00000,0.00000,neutral,rule_only,1.00000,0.00000,0.31594,0.31594,0.00000,869.00000,2926.00000,2.00000,0.00000,0.00000,869.00000,63.00000,644.00000,160.00000,2.00000,0.07250,0.74108,0.18412,1343.00000,1583.00000,2926.00000,3.36709,3.36709,0.69411,0.73778,0.69825,,,1.00000,1.00000,1.00000,,,,,,"[0.2,0.4)",Q4
FB15k-237,structural_r2d3,96.00000,/sports/professional_sports_team/draft_picks./sports/sports_league_draft_pick/draft,437.00000,48.00000,43.00000,0.61881,0.61222,-0.00659,-1.06481,neutral,dependency,1.00000,1.00000,0.70037,0.70672,0.00635,1839.00000,6305.00000,2.00000,3.00000,6305.00000,1839.00000,51.00000,1481.00000,307.00000,0.00000,0.02773,0.80533,0.16694,3678.00000,2627.00000,6305.00000,3.42849,3.42849,0.38119,0.75109,0.75109,,,1.00523,1.00523,1.00523,,,,,,"[0.6,1.0]",Q4
FB15k-237,structural_r2d3,97.00000,/award/award_nominated_work/award_nominations./award/award_nomination/nominated_for,717.00000,12.00000,16.00000,0.58854,0.60923,0.02068,3.51449,positive,dependency,1.00000,1.00000,0.52757,0.52758,0.00001,4795.00000,19180.00000,2.00000,3.00000,19180.00000,4795.00000,896.00000,2511.00000,1388.00000,0.00000,0.18686,0.52367,0.28947,9590.00000,9590.00000,19180.00000,4.00000,4.00000,0.41146,0.96456,0.97064,,,1.03644,1.03571,1.03713,,,,,,"[0.4,0.6)",Q4
FB15k-237,structural_r2d3,98.00000,/baseball/baseball_team/team_stats./baseball/baseball_team_stats/season,233.00000,27.00000,27.00000,0.86900,0.86922,0.00022,0.02536,neutral,dependency,1.00000,1.00000,0.97840,0.98148,0.00309,1334.00000,2629.00000,2.00000,3.00000,2629.00000,1334.00000,11.00000,1168.00000,155.00000,0.00000,0.00825,0.87556,0.11619,588.00000,2041.00000,2629.00000,1.97076,1.97076,0.13100,0.72633,0.72829,,,1.00074,1.00074,1.00074,,,,,,"[0.6,1.0]",Q3
FB15k-237,structural_r2d3,99.00000,/user/alexander/philosophy/philosopher/interests,100.00000,14.00000,9.00000,0.25411,0.25411,0.00000,0.00000,neutral,rule_only,1.00000,0.00000,0.28056,0.28056,0.00000,165.00000,118.00000,2.00000,0.00000,0.00000,165.00000,26.00000,60.00000,79.00000,0.00000,0.15758,0.36364,0.47879,114.00000,4.00000,118.00000,0.71515,0.71515,0.74589,0.93002,0.92489,,,1.00000,1.00000,1.00000,,,,,,"[0.2,0.4)",Q2
FB15k-237,structural_r2d3,100.00000,/people/person/languages,783.00000,98.00000,98.00000,0.42299,0.42195,-0.00103,-0.24459,neutral,dependency,1.00000,1.00000,0.41410,0.41576,0.00167,1692.00000,3708.00000,2.00000,3.00000,3708.00000,1692.00000,543.00000,846.00000,302.00000,1.00000,0.32092,0.50000,0.17849,3384.00000,324.00000,3708.00000,2.19149,2.19149,0.57701,0.76914,1.27247,,,1.01834,1.00971,1.00878,,,,,,"[0.4,0.6)",Q3
FB15k-237,structural_r2d3,101.00000,/education/educational_institution/students_graduates./education/education/major_field_of_study,2622.00000,276.00000,321.00000,0.23952,0.23952,0.00000,0.00000,neutral,rule_only,1.00000,0.00000,0.22712,0.22712,0.00000,12081.00000,27518.00000,2.00000,0.00000,0.00000,12081.00000,313.00000,9094.00000,2669.00000,5.00000,0.02591,0.75275,0.22093,24162.00000,3356.00000,27518.00000,2.27779,2.27779,0.76048,0.75778,0.62199,,,1.00000,1.00000,1.00000,,,,,,"[0.2,0.4)",Q4
FB15k-237,structural_r2d3,102.00000,/film/director/film,859.00000,8.00000,19.00000,0.34902,0.34902,0.00000,0.00000,neutral,rule_only,1.00000,0.00000,0.31279,0.31279,0.00000,1788.00000,3750.00000,2.00000,0.00000,0.00000,1788.00000,530.00000,500.00000,758.00000,0.00000,0.29642,0.27964,0.42394,3576.00000,174.00000,3750.00000,2.09732,2.09732,0.65098,1.00000,1.00000,,,1.00000,1.00000,1.00000,,,,,,"[0.2,0.4)",Q3
FB15k-237,structural_r2d3,103.00000,/award/award_ceremony/awards_presented./award/award_honor/honored_for,909.00000,114.00000,121.00000,0.38822,0.41297,0.02475,6.37418,positive,dependency,1.00000,1.00000,0.38830,0.43060,0.04230,2200.00000,1367.00000,2.00000,3.00000,1367.00000,2200.00000,196.00000,745.00000,1259.00000,0.00000,0.08909,0.33864,0.57227,1347.00000,20.00000,1367.00000,0.62136,0.62136,0.61178,1.02215,1.63922,,,1.75028,1.57939,1.48665,,,,,,"[0.2,0.4)",Q2
FB15k-237,structural_r2d3,104.00000,/olympics/olympic_sport/athletes./olympics/olympic_athlete_affiliation/olympics,381.00000,8.00000,8.00000,0.84531,0.84531,0.00000,0.00000,neutral,rule_only,1.00000,0.00000,0.84896,0.84896,0.00000,5352.00000,12634.00000,2.00000,0.00000,0.00000,5352.00000,105.00000,4877.00000,370.00000,0.00000,0.01962,0.91125,0.06913,1930.00000,10704.00000,12634.00000,2.36061,2.36061,0.15469,0.63309,0.58488,,,1.00000,1.00000,1.00000,,,,,,"[0.6,1.0]",Q4
FB15k-237,structural_r2d3,105.00000,/film/film/costume_design_by,192.00000,14.00000,13.00000,0.36325,0.36325,0.00000,0.00000,neutral,rule_only,1.00000,0.00000,0.27794,0.27794,0.00000,518.00000,130.00000,2.00000,0.00000,0.00000,518.00000,81.00000,204.00000,233.00000,0.00000,0.15637,0.39382,0.44981,126.00000,4.00000,130.00000,0.25097,0.25097,0.63675,1.00000,1.00000,,,1.00000,,1.00000,,,,,,"[0.2,0.4)",Q2
FB15k-237,structural_r2d3,106.00000,/film/film/featured_film_locations,977.00000,108.00000,100.00000,0.14878,0.14764,-0.00114,-0.76594,neutral,dependency,1.00000,1.00000,0.22285,0.22615,0.00331,2094.00000,1763.00000,2.00000,2.00000,1763.00000,2094.00000,344.00000,972.00000,777.00000,1.00000,0.16428,0.46418,0.37106,693.00000,1070.00000,1763.00000,0.84193,0.84193,0.85122,0.87564,1.03307,,,1.02845,,1.03766,,,,,,"[0.0,0.2)",Q3
FB15k-237,structural_r2d3,107.00000,/tv/tv_program/genre,1006.00000,83.00000,94.00000,0.50598,0.50598,0.00000,0.00000,neutral,rule_only,1.00000,0.00000,0.52083,0.52083,0.00000,1586.00000,4277.00000,2.00000,0.00000,0.00000,1586.00000,186.00000,798.00000,601.00000,1.00000,0.11728,0.50315,0.37894,3172.00000,1105.00000,4277.00000,2.69672,2.69672,0.49402,0.71176,0.89613,,,1.00000,1.00000,1.00000,,,,,,"[0.4,0.6)",Q4
FB15k-237,structural_r2d3,108.00000,/organization/endowed_organization/endowment./measurement_unit/dated_money_value/currency,456.00000,1.00000,3.00000,0.42266,0.42266,0.00000,0.00000,neutral,rule_only,1.00000,0.00000,0.26667,0.26667,0.00000,910.00000,3596.00000,2.00000,0.00000,0.00000,910.00000,462.00000,361.00000,86.00000,1.00000,0.50769,0.39670,0.09451,1820.00000,1776.00000,3596.00000,3.95165,3.95165,0.57734,0.77823,0.77874,,,1.00000,1.00000,1.00000,,,,,,"[0.4,0.6)",Q4
FB15k-237,structural_r2d3,109.00000,/film/film/written_by,787.00000,10.00000,26.00000,0.12397,0.11329,-0.01068,-8.61402,negative,dependency,1.00000,1.00000,0.28445,0.28612,0.00167,1431.00000,2888.00000,2.00000,3.00000,2888.00000,1431.00000,612.00000,290.00000,529.00000,0.00000,0.42767,0.20266,0.36967,2862.00000,26.00000,2888.00000,2.01817,2.01817,0.87603,0.95743,0.96777,,,1.04176,1.03137,1.04201,,,,,,"[0.0,0.2)",Q3
FB15k-237,structural_r2d3,110.00000,/tv/tv_producer/programs_produced./tv/tv_producer_term/producer_type,225.00000,19.00000,22.00000,0.53107,0.54044,0.00937,1.76392,neutral,dependency,1.00000,1.00000,0.59609,0.59836,0.00227,516.00000,1986.00000,2.00000,2.00000,1986.00000,516.00000,143.00000,306.00000,66.00000,1.00000,0.27713,0.59302,0.12791,1032.00000,954.00000,1986.00000,3.84884,3.84884,0.46893,0.71833,0.72832,,,1.00430,,1.00430,,,,,,"[0.4,0.6)",Q4
FB15k-237,structural_r2d3,111.00000,/location/hud_county_place/county,305.00000,1.00000,7.00000,0.24667,0.24667,0.00000,0.00000,neutral,rule_only,1.00000,0.00000,0.10374,0.10374,0.00000,316.00000,23.00000,2.00000,0.00000,0.00000,316.00000,159.00000,74.00000,83.00000,0.00000,0.50316,0.23418,0.26266,15.00000,8.00000,23.00000,0.07278,0.07278,0.75333,1.38869,1.24744,,,1.00000,,1.00000,,,,,,"[0.2,0.4)",Q1
FB15k-237,structural_r2d3,112.00000,/education/educational_degree/people_with_this_degree./education/education/major_field_of_study,494.00000,61.00000,63.00000,0.39961,0.39961,0.00000,0.00000,neutral,rule_only,1.00000,0.00000,0.45519,0.45519,0.00000,4773.00000,4003.00000,2.00000,0.00000,0.00000,4773.00000,60.00000,4421.00000,292.00000,0.00000,0.01257,0.92625,0.06118,1139.00000,2864.00000,4003.00000,0.83868,0.83868,0.60039,0.72977,0.74218,,,1.00000,1.00000,1.00000,,,,,,"[0.2,0.4)",Q3
FB15k-237,structural_r2d3,113.00000,/base/schemastaging/organization_extra/phone_number./base/schemastaging/phone_sandbox/contact_category,142.00000,17.00000,20.00000,0.58420,0.58420,0.00000,0.00000,neutral,rule_only,1.00000,0.00000,0.57237,0.57237,0.00000,210.00000,529.00000,2.00000,0.00000,0.00000,210.00000,46.00000,98.00000,66.00000,0.00000,0.21905,0.46667,0.31429,420.00000,109.00000,529.00000,2.51905,2.51905,0.41580,1.00000,1.00000,,,1.00000,1.00000,1.00000,,,,,,"[0.4,0.6)",Q4
FB15k-237,structural_r2d3,114.00000,/base/saturdaynightlive/snl_cast_member/seasons./base/saturdaynightlive/snl_season_tenure/cast_members,100.00000,1.00000,3.00000,0.46429,0.46429,0.00000,0.00000,neutral,rule_only,1.00000,0.00000,1.00000,1.00000,0.00000,1045.00000,4180.00000,2.00000,0.00000,0.00000,1045.00000,202.00000,568.00000,275.00000,0.00000,0.19330,0.54354,0.26316,2090.00000,2090.00000,4180.00000,4.00000,4.00000,0.53571,1.00000,1.00000,,,1.00000,1.00000,1.00000,,,,,,"[0.4,0.6)",Q4
FB15k-237,structural_r2d3,115.00000,/film/film/film_format,345.00000,37.00000,39.00000,0.45970,0.45970,0.00000,0.00000,neutral,rule_only,1.00000,0.00000,0.46572,0.46572,0.00000,853.00000,3141.00000,2.00000,0.00000,0.00000,853.00000,82.00000,651.00000,118.00000,2.00000,0.09613,0.76319,0.13834,1435.00000,1706.00000,3141.00000,3.68230,3.68230,0.54030,0.92205,0.92189,,,1.00000,,1.00000,,,,,,"[0.4,0.6)",Q4
FB15k-237,structural_r2d3,116.00000,/film/film/music,1039.00000,65.00000,92.00000,0.19643,0.19835,0.00192,0.97662,neutral,dependency,1.00000,1.00000,0.28644,0.29205,0.00561,2463.00000,1964.00000,2.00000,3.00000,1964.00000,2463.00000,267.00000,1099.00000,1097.00000,0.00000,0.10840,0.44620,0.44539,1953.00000,11.00000,1964.00000,0.79740,0.79740,0.80357,1.29832,1.94434,,,1.03530,1.00593,1.02616,,,,,,"[0.0,0.2)",Q2
FB15k-237,structural_r2d3,117.00000,/sports/sports_team/roster./american_football/football_roster_position/position,607.00000,0.00000,3.00000,0.21205,0.21205,0.00000,0.00000,neutral,rule_only,1.00000,0.00000,0.00000,0.00000,0.00000,15718.00000,32450.00000,2.00000,0.00000,0.00000,15718.00000,238.00000,14848.00000,632.00000,0.00000,0.01514,0.94465,0.04021,1014.00000,31436.00000,32450.00000,2.06451,2.06451,0.78795,1.00000,1.00000,,,1.00000,1.00000,1.00000,,,,,,"[0.2,0.4)",Q3
FB15k-237,structural_r2d3,118.00000,/user/tsegaran/random/taxonomy_subject/entry./user/tsegaran/random/taxonomy_entry/taxonomy,411.00000,32.00000,50.00000,0.47085,0.47093,0.00009,0.01832,neutral,dependency,1.00000,1.00000,0.47649,0.47657,0.00008,1461.00000,4924.00000,2.00000,2.00000,4924.00000,1461.00000,297.00000,1053.00000,110.00000,1.00000,0.20329,0.72074,0.07529,2002.00000,2922.00000,4924.00000,3.37029,3.37029,0.52915,0.87076,0.87065,,,1.00919,,1.00919,,,,,,"[0.4,0.6)",Q4
FB15k-237,structural_r2d3,119.00000,/celebrities/celebrity/celebrity_friends./celebrities/friendship/friend,250.00000,1.00000,1.00000,0.06147,0.06147,0.00000,0.00000,neutral,rule_only,1.00000,0.00000,0.12507,0.12507,0.00000,414.00000,47.00000,2.00000,0.00000,0.00000,414.00000,203.00000,41.00000,170.00000,0.00000,0.49034,0.09903,0.41063,47.00000,0.00000,47.00000,0.11353,0.11353,0.93853,1.54026,1.44095,,,1.00000,1.00000,1.00000,,,,,,"[0.0,0.2)",Q1
FB15k-237,structural_r2d3,120.00000,/location/hud_foreclosure_area/estimated_number_of_mortgages./measurement_unit/dated_integer/source,788.00000,94.00000,84.00000,0.75453,0.76659,0.01206,1.59784,neutral,dependency,1.00000,1.00000,0.66424,0.66962,0.00538,317.00000,811.00000,2.00000,2.00000,811.00000,317.00000,127.00000,147.00000,42.00000,1.00000,0.40063,0.46372,0.13249,177.00000,634.00000,811.00000,2.55836,2.55836,0.24547,0.71771,0.88700,,,1.01602,,1.01623,,,,,,"[0.6,1.0]",Q4
FB15k-237,structural_r2d3,121.00000,/base/x2010fifaworldcupsouthafrica/world_cup_squad/current_world_cup_squad./base/x2010fifaworldcupsouthafrica/current_world_cup_squad/current_club,246.00000,29.00000,29.00000,0.11936,0.11936,0.00000,0.00000,neutral,rule_only,1.00000,0.00000,0.14210,0.14210,0.00000,581.00000,2.00000,2.00000,0.00000,0.00000,581.00000,29.00000,345.00000,207.00000,0.00000,0.04991,0.59380,0.35628,2.00000,0.00000,2.00000,0.00344,0.00344,0.88064,0.85830,0.94086,,,1.00000,,,,,,,,"[0.0,0.2)",Q1
FB15k-237,structural_r2d3,122.00000,/base/popstra/location/vacationers./base/popstra/vacation_choice/vacationer,349.00000,46.00000,31.00000,0.12258,0.12151,-0.00107,-0.86898,neutral,dependency,1.00000,1.00000,0.13739,0.13833,0.00094,565.00000,54.00000,2.00000,2.00000,54.00000,565.00000,77.00000,95.00000,393.00000,0.00000,0.13628,0.16814,0.69558,53.00000,1.00000,54.00000,0.09558,0.09558,0.87742,0.88545,1.03489,,,1.00827,,1.00777,,,,,,"[0.0,0.2)",Q1
FB15k-237,structural_r2d3,123.00000,/base/popstra/celebrity/canoodled./base/popstra/canoodled/participant,449.00000,3.00000,1.00000,0.00660,0.00660,0.00000,0.00000,neutral,rule_only,1.00000,0.00000,0.00014,0.00014,0.00000,442.00000,8.00000,2.00000,0.00000,0.00000,442.00000,91.00000,86.00000,265.00000,0.00000,0.20588,0.19457,0.59955,4.00000,4.00000,8.00000,0.01810,0.01810,0.99340,1.00000,1.00000,,,1.00000,1.00000,1.00000,,,,,,"[0.0,0.2)",Q1
FB15k-237,structural_r2d3,124.00000,/education/educational_institution/school_type,728.00000,75.00000,80.00000,0.35497,0.37782,0.02286,6.43867,positive,dependency,1.00000,1.00000,0.31748,0.32481,0.00734,1034.00000,4136.00000,2.00000,3.00000,4136.00000,1034.00000,112.00000,655.00000,264.00000,3.00000,0.10832,0.63346,0.25532,2068.00000,2068.00000,4136.00000,4.00000,4.00000,0.64503,0.71262,0.81981,,,1.00594,1.00408,1.00526,,,,,,"[0.2,0.4)",Q4
FB15k-237,structural_r2d3,125.00000,/sports/sport/pro_athletes./sports/pro_sports_played/athlete,128.00000,19.00000,17.00000,0.64056,0.64056,0.00000,0.00000,neutral,dependency,1.00000,1.00000,0.76988,0.77175,0.00187,105.00000,23.00000,2.00000,2.00000,23.00000,105.00000,22.00000,38.00000,45.00000,0.00000,0.20952,0.36190,0.42857,5.00000,18.00000,23.00000,0.21905,0.21905,0.35944,0.94192,0.92083,,,1.00351,,1.00420,,,,,,"[0.6,1.0]",Q2
FB15k-237,structural_r2d3,126.00000,/award/hall_of_fame/inductees./award/hall_of_fame_induction/inductee,154.00000,10.00000,27.00000,0.43403,0.43403,0.00000,0.00000,neutral,rule_only,1.00000,0.00000,0.45594,0.45594,0.00000,387.00000,797.00000,2.00000,0.00000,0.00000,387.00000,56.00000,218.00000,113.00000,0.00000,0.14470,0.56331,0.29199,774.00000,23.00000,797.00000,2.05943,2.05943,0.56597,0.88897,0.89119,,,1.00000,,1.00000,,,,,,"[0.4,0.6)",Q3
FB15k-237,structural_r2d3,127.00000,/base/biblioness/bibs_location/state,300.00000,7.00000,7.00000,0.61769,0.61869,0.00100,0.16140,neutral,dependency,1.00000,1.00000,0.39962,0.39965,0.00003,460.00000,381.00000,2.00000,3.00000,381.00000,460.00000,244.00000,91.00000,125.00000,0.00000,0.53043,0.19783,0.27174,368.00000,13.00000,381.00000,0.82826,0.82826,0.38231,0.98100,0.98324,,,1.01300,1.00620,1.00876,,,,,,"[0.6,1.0]",Q3
FB15k-237,structural_r2d3,128.00000,/education/university/local_tuition./measurement_unit/dated_money_value/currency,360.00000,0.00000,1.00000,0.50007,0.50007,0.00000,0.00000,neutral,rule_only,1.00000,0.00000,0.00000,0.00000,0.00000,781.00000,3124.00000,2.00000,0.00000,0.00000,781.00000,432.00000,279.00000,69.00000,1.00000,0.55314,0.35723,0.08835,1562.00000,1562.00000,3124.00000,4.00000,4.00000,0.49993,1.00000,1.00000,,,1.00000,1.00000,1.00000,,,,,,"[0.4,0.6)",Q4
FB15k-237,structural_r2d3,129.00000,/business/business_operation/revenue./measurement_unit/dated_money_value/currency,215.00000,3.00000,1.00000,0.51099,0.51099,0.00000,0.00000,neutral,rule_only,1.00000,0.00000,0.39176,0.39176,0.00000,542.00000,2168.00000,2.00000,0.00000,0.00000,542.00000,374.00000,128.00000,39.00000,1.00000,0.69004,0.23616,0.07196,1084.00000,1084.00000,2168.00000,4.00000,4.00000,0.48901,1.00000,1.00000,,,1.00000,1.00000,1.00000,,,,,,"[0.4,0.6)",Q4
FB15k-237,structural_r2d3,130.00000,/sports/sports_position/players./sports/sports_team_roster/team,3500.00000,29.00000,22.00000,0.37952,0.38261,0.00309,0.81360,neutral,dependency,1.00000,1.00000,0.39165,0.39872,0.00708,19359.00000,39691.00000,2.00000,3.00000,39691.00000,19359.00000,398.00000,17930.00000,1027.00000,4.00000,0.02056,0.92618,0.05305,973.00000,38718.00000,39691.00000,2.05026,2.05026,0.62048,0.47455,0.50707,,,1.06698,1.05746,1.05804,,,,,,"[0.2,0.4)",Q3
FB15k-237,structural_r2d3,131.00000,/military/military_conflict/combatants./military/military_combatant_group/combatants,424.00000,32.00000,34.00000,0.34931,0.32977,-0.01954,-5.59426,negative,dependency,1.00000,1.00000,0.38252,0.38278,0.00026,3558.00000,8805.00000,2.00000,3.00000,8805.00000,3558.00000,190.00000,2668.00000,700.00000,0.00000,0.05340,0.74986,0.19674,7116.00000,1689.00000,8805.00000,2.47470,2.47470,0.65069,0.75909,0.70057,,,1.00732,1.00777,1.00736,,,,,,"[0.2,0.4)",Q4
FB15k-237,structural_r2d3,132.00000,/sports/sports_league/teams./sports/sports_league_participation/team,161.00000,14.00000,16.00000,0.60339,0.60339,0.00000,0.00000,neutral,rule_only,1.00000,0.00000,0.51307,0.51307,0.00000,281.00000,990.00000,2.00000,0.00000,0.00000,281.00000,42.00000,182.00000,57.00000,0.00000,0.14947,0.64769,0.20285,562.00000,428.00000,990.00000,3.52313,3.52313,0.39661,1.00000,1.00000,,,1.00000,,1.00000,,,,,,"[0.6,1.0]",Q4
FB15k-237,structural_r2d3,133.00000,/base/biblioness/bibs_location/country,610.00000,4.00000,14.00000,0.55092,0.55092,0.00000,0.00000,neutral,rule_only,1.00000,0.00000,0.70238,0.70238,0.00000,1363.00000,3817.00000,2.00000,0.00000,0.00000,1363.00000,966.00000,239.00000,157.00000,1.00000,0.70873,0.17535,0.11519,2726.00000,1091.00000,3817.00000,2.80044,2.80044,0.44908,0.68228,0.70147,,,1.00000,1.00000,1.00000,,,,,,"[0.4,0.6)",Q4
FB15k-237,structural_r2d3,134.00000,/music/group_member/membership./music/group_membership/role,750.00000,30.00000,29.00000,0.25247,0.25247,0.00000,0.00000,neutral,rule_only,1.00000,0.00000,0.23814,0.23814,0.00000,7056.00000,14518.00000,2.00000,0.00000,0.00000,7056.00000,637.00000,5459.00000,959.00000,1.00000,0.09028,0.77367,0.13591,14112.00000,406.00000,14518.00000,2.05754,2.05754,0.74753,0.79728,0.62801,,,1.00000,1.00000,1.00000,,,,,,"[0.2,0.4)",Q3
FB15k-237,structural_r2d3,135.00000,/location/administrative_division/country,386.00000,2.00000,3.00000,0.34855,0.34855,0.00000,0.00000,neutral,rule_only,1.00000,0.00000,0.38974,0.38974,0.00000,850.00000,2412.00000,2.00000,0.00000,0.00000,850.00000,526.00000,184.00000,140.00000,0.00000,0.61882,0.21647,0.16471,1700.00000,712.00000,2412.00000,2.83765,2.83765,0.65145,1.00000,1.00000,,,1.00000,1.00000,1.00000,,,,,,"[0.2,0.4)",Q4
FB15k-237,structural_r2d3,136.00000,/film/film/executive_produced_by,662.00000,68.00000,73.00000,0.42747,0.42823,0.00076,0.17753,neutral,dependency,1.00000,1.00000,0.42861,0.42900,0.00039,1396.00000,1075.00000,2.00000,3.00000,1075.00000,1396.00000,364.00000,537.00000,495.00000,0.00000,0.26074,0.38467,0.35458,1067.00000,8.00000,1075.00000,0.77006,0.77006,0.57253,0.90319,1.19806,,,1.01210,1.00969,1.01218,,,,,,"[0.4,0.6)",Q2
FB15k-237,structural_r2d3,137.00000,/food/food/nutrients./food/nutrition_fact/nutrient,966.00000,108.00000,105.00000,0.82272,0.82272,0.00000,0.00000,neutral,rule_only,1.00000,0.00000,0.81924,0.81924,0.00000,4407.00000,8819.00000,2.00000,0.00000,0.00000,4407.00000,8.00000,4310.00000,89.00000,0.00000,0.00182,0.97799,0.02020,5.00000,8814.00000,8819.00000,2.00113,2.00113,0.17728,0.55588,0.52323,,,1.00000,1.00000,1.00000,,,,,,"[0.6,1.0]",Q3
FB15k-237,structural_r2d3,138.00000,/music/group_member/membership./music/group_membership/group,218.00000,20.00000,22.00000,0.34164,0.34164,0.00000,0.00000,neutral,rule_only,1.00000,0.00000,0.21793,0.21793,0.00000,241.00000,87.00000,2.00000,0.00000,0.00000,241.00000,82.00000,73.00000,86.00000,0.00000,0.34025,0.30290,0.35685,85.00000,2.00000,87.00000,0.36100,0.36100,0.65836,0.88186,0.99286,,,1.00000,,1.00000,,,,,,"[0.2,0.4)",Q2
FB15k-237,structural_r2d3,139.00000,/location/statistical_region/gdp_nominal_per_capita./measurement_unit/dated_money_value/currency,190.00000,1.00000,3.00000,0.42287,0.42287,0.00000,0.00000,neutral,rule_only,1.00000,0.00000,1.00000,1.00000,0.00000,1211.00000,4844.00000,2.00000,0.00000,0.00000,1211.00000,335.00000,807.00000,68.00000,1.00000,0.27663,0.66639,0.05615,2422.00000,2422.00000,4844.00000,4.00000,4.00000,0.57713,0.88242,0.88168,,,1.00000,1.00000,1.00000,,,,,,"[0.4,0.6)",Q4
FB15k-237,structural_r2d3,140.00000,/education/field_of_study/students_majoring./education/education/student,259.00000,31.00000,34.00000,0.15487,0.15635,0.00148,0.95608,neutral,dependency,1.00000,1.00000,0.16394,0.16811,0.00416,294.00000,3.00000,2.00000,1.00000,3.00000,294.00000,44.00000,57.00000,193.00000,0.00000,0.14966,0.19388,0.65646,3.00000,0.00000,3.00000,0.01020,0.01020,0.84513,0.94234,1.59556,,,,,1.00267,,,,,,"[0.0,0.2)",Q1
FB15k-237,structural_r2d3,141.00000,/award/award_winning_work/awards_won./award/award_honor/honored_for,475.00000,10.00000,10.00000,0.31651,0.31651,0.00000,0.00000,neutral,rule_only,1.00000,0.00000,0.44884,0.44884,0.00000,3513.00000,14052.00000,2.00000,0.00000,0.00000,3513.00000,504.00000,2102.00000,907.00000,0.00000,0.14347,0.59835,0.25818,7026.00000,7026.00000,14052.00000,4.00000,4.00000,0.68349,1.00000,1.00000,,,1.00000,1.00000,1.00000,,,,,,"[0.2,0.4)",Q4
FB15k-237,structural_r2d3,142.00000,/sports/sports_team/roster./basketball/basketball_roster_position/position,178.00000,4.00000,2.00000,0.53554,0.53472,-0.00082,-0.15256,neutral,dependency,1.00000,1.00000,0.39062,0.41875,0.02813,559.00000,662.00000,2.00000,3.00000,662.00000,559.00000,26.00000,447.00000,86.00000,0.00000,0.04651,0.79964,0.15385,333.00000,329.00000,662.00000,1.18426,1.18426,0.46446,0.73654,0.73818,,,1.02781,1.02752,1.02741,,,,,,"[0.4,0.6)",Q3
FB15k-237,structural_r2d3,143.00000,/organization/organization/headquarters./location/mailing_address/state_province_region,721.00000,40.00000,39.00000,0.54673,0.54673,0.00000,0.00000,neutral,rule_only,1.00000,0.00000,0.57887,0.57887,0.00000,1367.00000,1583.00000,2.00000,0.00000,0.00000,1367.00000,385.00000,508.00000,472.00000,2.00000,0.28164,0.37162,0.34528,1187.00000,396.00000,1583.00000,1.15801,1.15801,0.45327,1.00000,1.00000,,,1.00000,1.00000,1.00000,,,,,,"[0.4,0.6)",Q3
FB15k-237,structural_r2d3,144.00000,/base/aareas/schema/administrative_area/capital,137.00000,0.00000,0.00000,0.00000,0.00000,0.00000,0.00000,neutral,rule_only,1.00000,0.00000,0.00000,0.00000,0.00000,67.00000,21.00000,1.00000,0.00000,0.00000,67.00000,67.00000,0.00000,0.00000,0.00000,1.00000,0.00000,0.00000,17.00000,4.00000,21.00000,0.31343,0.31343,1.00000,1.00000,,,,1.00000,,,,,,,,"[0.0,0.2)",Q2
FB15k-237,structural_r2d3,145.00000,/tv/tv_producer/programs_produced./tv/tv_producer_term/program,416.00000,5.00000,4.00000,0.32628,0.32628,0.00000,0.00000,neutral,rule_only,1.00000,0.00000,0.30142,0.30142,0.00000,840.00000,2335.00000,2.00000,0.00000,0.00000,840.00000,366.00000,286.00000,188.00000,0.00000,0.43571,0.34048,0.22381,1680.00000,655.00000,2335.00000,2.77976,2.77976,0.67372,0.75262,0.79161,,,1.00000,1.00000,1.00000,,,,,,"[0.2,0.4)",Q4
FB15k-237,structural_r2d3,146.00000,/education/educational_institution/campuses,533.00000,13.00000,13.00000,0.00014,0.00014,0.00000,0.00000,neutral,rule_only,0.00000,0.00000,0.00014,,,1544.00000,0.00000,2.00000,0.00000,0.00000,1544.00000,874.00000,592.00000,76.00000,2.00000,0.56606,0.38342,0.04922,0.00000,0.00000,0.00000,0.00000,0.00000,0.99986,1.00000,1.00000,,,,,,,,,,,"[0.0,0.2)",Q1
FB15k-237,structural_r2d3,147.00000,/film/film/distributors./film/film_film_distributor_relationship/region,157.00000,11.00000,10.00000,0.56188,0.64524,0.08336,14.83604,positive,dependency,1.00000,1.00000,0.52161,0.57677,0.05516,916.00000,1814.00000,2.00000,3.00000,1814.00000,916.00000,160.00000,624.00000,131.00000,1.00000,0.17467,0.68122,0.14301,1474.00000,340.00000,1814.00000,1.98035,1.98035,0.43812,0.77690,0.81229,,,1.03333,1.03533,1.04231,,,,,,"[0.4,0.6)",Q3
FB15k-237,structural_r2d3,148.00000,/travel/travel_destination/climate./travel/travel_destination_monthly_climate/month,535.00000,57.00000,60.00000,0.95486,0.95486,0.00000,0.00000,neutral,rule_only,1.00000,0.00000,0.96784,0.96784,0.00000,5149.00000,14745.00000,2.00000,0.00000,0.00000,5149.00000,64.00000,4455.00000,630.00000,0.00000,0.01243,0.86522,0.12235,4447.00000,10298.00000,14745.00000,2.86366,2.86366,0.04514,1.00000,1.00000,,,1.00000,1.00000,1.00000,,,,,,"[0.6,1.0]",Q4
FB15k-237,structural_r2d3,149.00000,/medicine/disease/notable_people_with_this_condition,121.00000,9.00000,15.00000,0.33895,0.33895,0.00000,0.00000,neutral,dependency,1.00000,1.00000,0.28031,0.28276,0.00245,142.00000,5.00000,2.00000,1.00000,5.00000,142.00000,10.00000,28.00000,104.00000,0.00000,0.07042,0.19718,0.73239,5.00000,0.00000,5.00000,0.03521,0.03521,0.66105,0.96804,1.29236,,,,,1.00465,,,,,,"[0.2,0.4)",Q1
FB15k-237,structural_r2d3,150.00000,/base/schemastaging/organization_extra/phone_number./base/schemastaging/phone_sandbox/service_location,345.00000,31.00000,38.00000,0.44880,0.44880,0.00000,0.00000,neutral,rule_only,1.00000,0.00000,0.44465,0.44465,0.00000,3816.00000,8094.00000,2.00000,0.00000,0.00000,3816.00000,366.00000,2771.00000,678.00000,1.00000,0.09591,0.72615,0.17767,7632.00000,462.00000,8094.00000,2.12107,2.12107,0.55120,0.76167,0.70806,,,1.00000,1.00000,1.00000,,,,,,"[0.4,0.6)",Q3
FB15k-237,structural_r2d3,151.00000,/people/ethnicity/geographic_distribution,122.00000,14.00000,17.00000,0.39080,0.41620,0.02540,6.50043,positive,dependency,1.00000,1.00000,0.39520,0.40304,0.00784,1609.00000,3404.00000,2.00000,3.00000,3404.00000,1609.00000,109.00000,1264.00000,236.00000,0.00000,0.06774,0.78558,0.14667,2496.00000,908.00000,3404.00000,2.11560,2.11560,0.60920,0.80338,0.69582,,,1.00155,1.00159,1.00154,,,,,,"[0.2,0.4)",Q3
FB15k-237,structural_r2d3,152.00000,/military/military_combatant/military_conflicts./military/military_combatant_group/combatants,747.00000,15.00000,17.00000,0.27311,0.29432,0.02121,7.76758,positive,dependency,1.00000,1.00000,0.27342,0.36000,0.08659,28658.00000,80136.00000,2.00000,3.00000,80136.00000,28658.00000,847.00000,24701.00000,3110.00000,0.00000,0.02956,0.86192,0.10852,37586.00000,42550.00000,80136.00000,2.79629,2.79629,0.72689,0.66820,0.54221,,,1.00310,1.00228,1.00134,,,,,,"[0.2,0.4)",Q4
FB15k-237,structural_r2d3,153.00000,/film/film/personal_appearances./film/personal_film_appearance/person,217.00000,18.00000,11.00000,0.17994,0.17994,0.00000,0.00000,neutral,rule_only,1.00000,0.00000,0.34189,0.34189,0.00000,377.00000,311.00000,2.00000,0.00000,0.00000,377.00000,64.00000,131.00000,182.00000,0.00000,0.16976,0.34748,0.48276,25.00000,286.00000,311.00000,0.82493,0.82493,0.82006,0.89172,0.91521,,,1.00000,,1.00000,,,,,,"[0.0,0.2)",Q3
FB15k-237,structural_r2d3,154.00000,/location/location/time_zones,1151.00000,129.00000,137.00000,0.55197,0.55009,-0.00189,-0.34193,neutral,dependency,1.00000,1.00000,0.58362,0.58802,0.00440,1826.00000,5286.00000,2.00000,3.00000,5286.00000,1826.00000,391.00000,1019.00000,412.00000,4.00000,0.21413,0.55805,0.22563,3652.00000,1634.00000,5286.00000,2.89485,2.89485,0.44803,0.66745,0.68422,,,1.00247,1.00242,1.00246,,,,,,"[0.4,0.6)",Q4
FB15k-237,structural_r2d3,155.00000,/film/film/story_by,394.00000,14.00000,31.00000,0.41126,0.40147,-0.00979,-2.37932,neutral,dependency,1.00000,1.00000,0.26724,0.27110,0.00386,517.00000,571.00000,2.00000,3.00000,571.00000,517.00000,225.00000,138.00000,154.00000,0.00000,0.43520,0.26692,0.29787,558.00000,13.00000,571.00000,1.10445,1.10445,0.58874,0.94122,0.96123,,,1.05466,1.02403,1.06207,,,,,,"[0.4,0.6)",Q3
FB15k-237,structural_r2d3,156.00000,/base/petbreeds/city_with_dogs/top_breeds./base/petbreeds/dog_city_relationship/dog_breed,192.00000,22.00000,21.00000,0.85317,0.85317,0.00000,0.00000,neutral,rule_only,1.00000,0.00000,0.85985,0.85985,0.00000,494.00000,1128.00000,2.00000,0.00000,0.00000,494.00000,36.00000,283.00000,175.00000,0.00000,0.07287,0.57287,0.35425,988.00000,140.00000,1128.00000,2.28340,2.28340,0.14683,1.00000,1.00000,,,1.00000,1.00000,1.00000,,,,,,"[0.6,1.0]",Q4
FB15k-237,structural_r2d3,157.00000,/olympics/olympic_games/participating_countries,490.00000,23.00000,23.00000,0.38930,0.38930,0.00000,0.00000,neutral,rule_only,1.00000,0.00000,0.45724,0.45724,0.00000,8960.00000,35840.00000,2.00000,0.00000,0.00000,8960.00000,391.00000,7732.00000,836.00000,1.00000,0.04364,0.86295,0.09330,17920.00000,17920.00000,35840.00000,4.00000,4.00000,0.61070,0.75985,0.74172,,,1.00000,1.00000,1.00000,,,,,,"[0.2,0.4)",Q4
FB15k-237,structural_r2d3,158.00000,/tv/tv_network/programs./tv/tv_network_duration/program,305.00000,27.00000,26.00000,0.19088,0.16421,-0.02667,-13.97162,negative,dependency,1.00000,1.00000,0.18642,0.20207,0.01565,369.00000,564.00000,2.00000,3.00000,564.00000,369.00000,77.00000,138.00000,154.00000,0.00000,0.20867,0.37398,0.41734,503.00000,61.00000,564.00000,1.52846,1.52846,0.80912,0.82780,0.91367,,,1.07259,1.05764,1.07543,,,,,,"[0.0,0.2)",Q3
FB15k-237,structural_r2d3,159.00000,/people/person/employment_history./business/employment_tenure/company,316.00000,21.00000,24.00000,0.10618,0.10444,-0.00174,-1.63809,neutral,dependency,1.00000,1.00000,0.19058,0.19242,0.00184,289.00000,112.00000,2.00000,3.00000,112.00000,289.00000,116.00000,64.00000,109.00000,0.00000,0.40138,0.22145,0.37716,111.00000,1.00000,112.00000,0.38754,0.38754,0.89382,1.14138,1.23235,,,1.00615,1.00405,1.00046,,,,,,"[0.0,0.2)",Q2
FB15k-237,structural_r2d3,160.00000,/music/artist/origin,552.00000,23.00000,34.00000,0.15966,0.15866,-0.00101,-0.63051,neutral,dependency,1.00000,1.00000,0.22796,0.22987,0.00190,541.00000,46.00000,2.00000,2.00000,46.00000,541.00000,112.00000,202.00000,227.00000,0.00000,0.20702,0.37338,0.41959,42.00000,4.00000,46.00000,0.08503,0.08503,0.84034,0.95811,0.96025,,,1.04120,,1.04409,,,,,,"[0.0,0.2)",Q1
FB15k-237,structural_r2d3,161.00000,/people/marriage_union_type/unions_of_this_type./people/marriage/location_of_ceremony,417.00000,58.00000,53.00000,0.58170,0.58170,0.00000,0.00000,neutral,rule_only,1.00000,0.00000,0.54601,0.54601,0.00000,1235.00000,3913.00000,2.00000,0.00000,0.00000,1235.00000,378.00000,763.00000,93.00000,1.00000,0.30607,0.61781,0.07530,2470.00000,1443.00000,3913.00000,3.16842,3.16842,0.41830,0.84931,0.88594,,,1.00000,,1.00000,,,,,,"[0.4,0.6)",Q4
FB15k-237,structural_r2d3,162.00000,/tv/tv_writer/tv_programs./tv/tv_program_writer_relationship/tv_program,271.00000,6.00000,9.00000,0.25119,0.25119,0.00000,0.00000,neutral,rule_only,1.00000,0.00000,0.27525,0.27525,0.00000,903.00000,2064.00000,2.00000,0.00000,0.00000,903.00000,284.00000,453.00000,166.00000,0.00000,0.31451,0.50166,0.18383,1640.00000,424.00000,2064.00000,2.28571,2.28571,0.74881,0.76978,0.71735,,,1.00000,1.00000,1.00000,,,,,,"[0.2,0.4)",Q4
FB15k-237,structural_r2d3,163.00000,/time/event/locations,363.00000,32.00000,34.00000,0.17745,0.17745,0.00000,0.00000,neutral,rule_only,1.00000,0.00000,0.20470,0.20470,0.00000,981.00000,374.00000,2.00000,0.00000,0.00000,981.00000,138.00000,387.00000,456.00000,0.00000,0.14067,0.39450,0.46483,355.00000,19.00000,374.00000,0.38124,0.38124,0.82255,0.82834,0.97116,,,1.00000,1.00000,1.00000,,,,,,"[0.0,0.2)",Q2
FB15k-237,structural_r2d3,164.00000,/celebrities/celebrity/sexual_relationships./celebrities/romantic_relationship/celebrity,236.00000,0.00000,0.00000,0.00000,0.00000,0.00000,0.00000,neutral,rule_only,1.00000,0.00000,0.00000,0.00000,0.00000,131.00000,16.00000,2.00000,0.00000,0.00000,131.00000,29.00000,24.00000,78.00000,0.00000,0.22137,0.18321,0.59542,14.00000,2.00000,16.00000,0.12214,0.12214,1.00000,1.00000,1.00000,,,1.00000,,1.00000,,,,,,"[0.0,0.2)",Q1
FB15k-237,structural_r2d3,165.00000,/government/political_party/politicians_in_this_party./government/political_party_tenure/politician,107.00000,10.00000,11.00000,0.39422,0.39495,0.00073,0.18545,neutral,dependency,1.00000,1.00000,0.34939,0.35324,0.00386,143.00000,55.00000,2.00000,2.00000,55.00000,143.00000,30.00000,49.00000,64.00000,0.00000,0.20979,0.34266,0.44755,42.00000,13.00000,55.00000,0.38462,0.38462,0.60578,0.96542,0.96866,,,1.03507,,1.03663,,,,,,"[0.2,0.4)",Q2
FB15k-237,structural_r2d3,166.00000,/education/university/domestic_tuition./measurement_unit/dated_money_value/currency,476.00000,0.00000,5.00000,0.38480,0.38480,0.00000,0.00000,neutral,rule_only,1.00000,0.00000,0.00000,0.00000,0.00000,928.00000,3712.00000,2.00000,0.00000,0.00000,928.00000,480.00000,359.00000,88.00000,1.00000,0.51724,0.38685,0.09483,1856.00000,1856.00000,3712.00000,4.00000,4.00000,0.61520,1.00000,1.00000,,,1.00000,1.00000,1.00000,,,,,,"[0.2,0.4)",Q4
FB15k-237,structural_r2d3,167.00000,/organization/non_profit_organization/registered_with./organization/non_profit_registration/registering_agency,125.00000,15.00000,22.00000,0.79011,0.73578,-0.05434,-6.87713,negative,dependency,1.00000,1.00000,0.69160,0.73614,0.04454,207.00000,828.00000,2.00000,2.00000,828.00000,207.00000,80.00000,93.00000,33.00000,1.00000,0.38647,0.44928,0.15942,414.00000,414.00000,828.00000,4.00000,4.00000,0.20989,0.94116,0.94119,,,1.01787,,1.01787,,,,,,"[0.6,1.0]",Q4
FB15k-237,structural_r2d3,168.00000,/user/ktrueman/default_domain/international_organization/member_states,179.00000,15.00000,24.00000,0.59007,0.59007,0.00000,0.00000,neutral,rule_only,1.00000,0.00000,0.55863,0.55863,0.00000,2823.00000,9630.00000,2.00000,0.00000,0.00000,2823.00000,185.00000,2424.00000,213.00000,1.00000,0.06553,0.85866,0.07545,3984.00000,5646.00000,9630.00000,3.41126,3.41126,0.40993,0.62714,0.58374,,,1.00000,1.00000,1.00000,,,,,,"[0.4,0.6)",Q4
FB15k-237,structural_r2d3,169.00000,/american_football/football_team/current_roster./sports/sports_team_roster/position,573.00000,1.00000,0.00000,0.00000,0.00000,0.00000,0.00000,neutral,dependency,1.00000,1.00000,0.08104,0.09226,0.01122,15331.00000,31885.00000,2.00000,3.00000,31885.00000,15331.00000,240.00000,14455.00000,636.00000,0.00000,0.01565,0.94286,0.04148,1223.00000,30662.00000,31885.00000,2.07977,2.07977,1.00000,0.65895,0.63787,,,1.01368,1.01384,1.01371,,,,,,"[0.0,0.2)",Q3
FB15k-237,structural_r2d3,170.00000,/soccer/football_player/current_team./sports/sports_team_roster/team,536.00000,7.00000,9.00000,0.04673,0.04673,0.00000,0.00000,neutral,rule_only,1.00000,0.00000,0.05414,0.05414,0.00000,1213.00000,47.00000,2.00000,0.00000,0.00000,1213.00000,55.00000,737.00000,421.00000,0.00000,0.04534,0.60758,0.34707,43.00000,4.00000,47.00000,0.03875,0.03875,0.95327,1.12420,1.25286,,,1.00000,1.00000,1.00000,,,,,,"[0.0,0.2)",Q1
FB15k-237,structural_r2d3,171.00000,/olympics/olympic_games/medals_awarded./olympics/olympic_medal_honor/medal,101.00000,12.00000,16.00000,1.00000,1.00000,0.00000,0.00000,neutral,rule_only,1.00000,0.00000,1.00000,1.00000,0.00000,772.00000,1546.00000,2.00000,0.00000,0.00000,772.00000,44.00000,704.00000,24.00000,0.00000,0.05699,0.91192,0.03109,2.00000,1544.00000,1546.00000,2.00259,2.00259,0.00000,1.00000,1.00000,,,1.00000,1.00000,1.00000,,,,,,"[0.6,1.0]",Q3
FB15k-237,structural_r2d3,172.00000,/award/ranked_item/appears_in_ranked_lists./award/ranking/list,335.00000,43.00000,48.00000,0.62179,0.62179,0.00000,0.00000,neutral,rule_only,1.00000,0.00000,0.56355,0.56355,0.00000,684.00000,1601.00000,2.00000,0.00000,0.00000,684.00000,124.00000,391.00000,168.00000,1.00000,0.18129,0.57164,0.24561,1368.00000,233.00000,1601.00000,2.34064,2.34064,0.37821,0.81920,0.81942,,,1.00000,1.00000,1.00000,,,,,,"[0.6,1.0]",Q4
FB15k-237,structural_r2d3,173.00000,/film/film_set_designer/film_sets_designed,113.00000,8.00000,8.00000,0.23013,0.19728,-0.03285,-14.27612,negative,dependency,1.00000,1.00000,0.37959,0.46743,0.08784,360.00000,646.00000,2.00000,3.00000,646.00000,360.00000,115.00000,84.00000,161.00000,0.00000,0.31944,0.23333,0.44722,645.00000,1.00000,646.00000,1.79444,1.79444,0.76987,0.85076,1.00324,,,1.11526,1.11139,1.10637,,,,,,"[0.2,0.4)",Q3
FB15k-237,structural_r2d3,174.00000,/user/jg/default_domain/olympic_games/sports,581.00000,7.00000,11.00000,0.27137,0.27137,0.00000,0.00000,neutral,rule_only,1.00000,0.00000,0.39949,0.39949,0.00000,8371.00000,18285.00000,2.00000,0.00000,0.00000,8371.00000,100.00000,7827.00000,444.00000,0.00000,0.01195,0.93501,0.05304,1543.00000,16742.00000,18285.00000,2.18433,2.18433,0.72863,0.56642,0.52671,,,1.00000,1.00000,1.00000,,,,,,"[0.2,0.4)",Q3
FB15k-237,structural_r2d3,175.00000,/people/person/sibling_s./people/sibling_relationship/sibling,131.00000,5.00000,7.00000,0.46645,0.46645,0.00000,0.00000,neutral,rule_only,1.00000,0.00000,0.37114,0.37114,0.00000,61.00000,27.00000,1.00000,0.00000,0.00000,61.00000,61.00000,0.00000,0.00000,0.00000,1.00000,0.00000,0.00000,27.00000,0.00000,27.00000,0.44262,0.44262,0.53355,1.00000,,,,1.00000,,,,,,,,"[0.4,0.6)",Q2
FB15k-237,structural_r2d3,176.00000,/base/marchmadness/ncaa_basketball_tournament/seeds./base/marchmadness/ncaa_tournament_seed/team,352.00000,33.00000,41.00000,0.42827,0.42938,0.00111,0.25917,neutral,dependency,1.00000,1.00000,0.45073,0.46003,0.00930,1522.00000,3362.00000,2.00000,3.00000,3362.00000,1522.00000,10.00000,1282.00000,230.00000,0.00000,0.00657,0.84231,0.15112,318.00000,3044.00000,3362.00000,2.20894,2.20894,0.57173,0.67645,0.66199,,,1.00228,1.00247,1.00246,,,,,,"[0.4,0.6)",Q3
FB15k-237,structural_r2d3,177.00000,/music/artist/contribution./music/recording_contribution/performance_role,218.00000,9.00000,14.00000,0.20059,0.20059,0.00000,0.00000,neutral,rule_only,1.00000,0.00000,0.28443,0.28443,0.00000,1342.00000,2679.00000,2.00000,0.00000,0.00000,1342.00000,335.00000,779.00000,228.00000,0.00000,0.24963,0.58048,0.16990,2667.00000,12.00000,2679.00000,1.99627,1.99627,0.79941,0.86996,0.84764,,,1.00000,1.00000,1.00000,,,,,,"[0.2,0.4)",Q3
FB15k-237,structural_r2d3,178.00000,/sports/sports_position/players./sports/sports_team_roster/position,125.00000,0.00000,0.00000,0.00000,0.00000,0.00000,0.00000,neutral,rule_only,1.00000,0.00000,0.00000,0.00000,0.00000,3262.00000,7677.00000,2.00000,0.00000,0.00000,3262.00000,304.00000,2762.00000,196.00000,0.00000,0.09319,0.84672,0.06009,1153.00000,6524.00000,7677.00000,2.35346,2.35346,1.00000,1.00000,1.00000,,,1.00000,1.00000,1.00000,,,,,,"[0.0,0.2)",Q4
FB15k-237,structural_r2d3,179.00000,/government/politician/government_positions_held./government/government_position_held/basic_title,114.00000,6.00000,16.00000,0.57545,0.57545,0.00000,0.00000,neutral,rule_only,1.00000,0.00000,0.21700,0.21700,0.00000,229.00000,306.00000,2.00000,0.00000,0.00000,229.00000,51.00000,80.00000,98.00000,0.00000,0.22271,0.34934,0.42795,296.00000,10.00000,306.00000,1.33624,1.33624,0.42455,0.76928,0.83885,,,1.00000,1.00000,1.00000,,,,,,"[0.4,0.6)",Q3
FB15k-237,structural_r2d3,180.00000,/sports/sports_position/players./american_football/football_historical_roster_position/position_s,102.00000,0.00000,0.00000,0.00000,0.00000,0.00000,0.00000,neutral,rule_only,1.00000,0.00000,0.00000,0.00000,0.00000,2712.00000,6452.00000,2.00000,0.00000,0.00000,2712.00000,236.00000,2268.00000,208.00000,0.00000,0.08702,0.83628,0.07670,1028.00000,5424.00000,6452.00000,2.37906,2.37906,1.00000,1.00000,1.00000,,,1.00000,1.00000,1.00000,,,,,,"[0.0,0.2)",Q4
FB15k-237,structural_r2d3,181.00000,/people/profession/specialization_of,102.00000,10.00000,13.00000,0.08748,0.08748,0.00000,0.00000,neutral,rule_only,0.00000,0.00000,0.14356,,,16.00000,0.00000,2.00000,0.00000,0.00000,16.00000,9.00000,2.00000,5.00000,0.00000,0.56250,0.12500,0.31250,0.00000,0.00000,0.00000,0.00000,0.00000,0.91252,1.00000,1.00000,,,,,,,,,,,"[0.0,0.2)",Q1
FB15k-237,structural_r2d3,182.00000,/award/award_category/category_of,148.00000,13.00000,20.00000,0.75002,0.75002,0.00000,0.00000,neutral,rule_only,1.00000,0.00000,0.92308,0.92308,0.00000,509.00000,1088.00000,2.00000,0.00000,0.00000,509.00000,42.00000,447.00000,20.00000,0.00000,0.08251,0.87819,0.03929,70.00000,1018.00000,1088.00000,2.13752,2.13752,0.24998,1.00000,1.00000,,,1.00000,,1.00000,,,,,,"[0.6,1.0]",Q3
FB15k-237,structural_r2d3,183.00000,/film/film/cinematography,336.00000,20.00000,17.00000,0.33974,0.33914,-0.00061,-0.17862,neutral,dependency,1.00000,1.00000,0.22875,0.23200,0.00325,797.00000,177.00000,2.00000,2.00000,177.00000,797.00000,121.00000,220.00000,456.00000,0.00000,0.15182,0.27604,0.57215,167.00000,10.00000,177.00000,0.22208,0.22208,0.66026,1.10260,1.54595,,,1.01427,,1.01213,,,,,,"[0.2,0.4)",Q2
FB15k-237,structural_r2d3,184.00000,/film/film/film_production_design_by,158.00000,14.00000,10.00000,0.37363,0.37374,0.00010,0.02788,neutral,dependency,1.00000,1.00000,0.27308,0.27392,0.00084,504.00000,356.00000,2.00000,2.00000,356.00000,504.00000,126.00000,144.00000,234.00000,0.00000,0.25000,0.28571,0.46429,355.00000,1.00000,356.00000,0.70635,0.70635,0.62637,0.86440,0.98205,,,1.01655,,1.01908,,,,,,"[0.2,0.4)",Q2
FB15k-237,structural_r2d3,185.00000,/tv/tv_program/country_of_origin,268.00000,22.00000,32.00000,0.54793,0.55671,0.00878,1.60234,neutral,dependency,1.00000,1.00000,0.72117,0.74534,0.02417,635.00000,1981.00000,2.00000,3.00000,1981.00000,635.00000,374.00000,195.00000,65.00000,1.00000,0.58898,0.30709,0.10236,1270.00000,711.00000,1981.00000,3.11969,3.11969,0.45207,0.68060,0.73176,,,1.01609,1.01171,1.01634,,,,,,"[0.4,0.6)",Q4
FB15k-237,structural_r2d3,186.00000,/film/film/edited_by,179.00000,8.00000,13.00000,0.40402,0.40402,0.00000,0.00000,neutral,rule_only,1.00000,0.00000,0.35481,0.35481,0.00000,636.00000,693.00000,2.00000,0.00000,0.00000,636.00000,158.00000,219.00000,259.00000,0.00000,0.24843,0.34434,0.40723,670.00000,23.00000,693.00000,1.08962,1.08962,0.59598,0.81753,1.03523,,,1.00000,1.00000,1.00000,,,,,,"[0.4,0.6)",Q3
FB15k-237,structural_r2d3,187.00000,/tv/tv_personality/tv_regular_appearances./tv/tv_regular_personal_appearance/program,103.00000,9.00000,11.00000,0.44722,0.45777,0.01055,2.35835,neutral,dependency,1.00000,1.00000,0.42586,0.42784,0.00197,375.00000,983.00000,2.00000,2.00000,983.00000,375.00000,150.00000,123.00000,102.00000,0.00000,0.40000,0.32800,0.27200,233.00000,750.00000,983.00000,2.62133,2.62133,0.55278,0.80673,0.92528,,,1.06334,,1.05829,,,,,,"[0.4,0.6)",Q4
FB15k-237,structural_r2d3,188.00000,/education/field_of_study/students_majoring./education/education/major_field_of_study,343.00000,7.00000,11.00000,0.23174,0.25461,0.02286,9.86621,positive,dependency,1.00000,1.00000,0.22655,0.37704,0.15049,1166.00000,1536.00000,2.00000,3.00000,1536.00000,1166.00000,65.00000,852.00000,249.00000,0.00000,0.05575,0.73070,0.21355,1433.00000,103.00000,1536.00000,1.31732,1.31732,0.76826,0.84486,0.84160,,,1.01064,1.00901,1.01323,,,,,,"[0.2,0.4)",Q3
FB15k-237,structural_r2d3,189.00000,/education/educational_degree/people_with_this_degree./education/education/student,260.00000,35.00000,27.00000,0.34374,0.34374,0.00000,0.00000,neutral,rule_only,1.00000,0.00000,0.31473,0.31473,0.00000,389.00000,49.00000,2.00000,0.00000,0.00000,389.00000,63.00000,110.00000,216.00000,0.00000,0.16195,0.28278,0.55527,44.00000,5.00000,49.00000,0.12596,0.12596,0.65626,1.00000,1.00000,,,1.00000,1.00000,1.00000,,,,,,"[0.2,0.4)",Q1
FB15k-237,structural_r2d3,190.00000,/location/us_county/county_seat,181.00000,1.00000,2.00000,0.00014,0.00014,0.00000,0.00000,neutral,rule_only,1.00000,0.00000,0.00014,0.00014,0.00000,183.00000,6.00000,2.00000,0.00000,0.00000,183.00000,117.00000,26.00000,40.00000,0.00000,0.63934,0.14208,0.21858,3.00000,3.00000,6.00000,0.03279,0.03279,0.99986,1.00000,1.00000,,,1.00000,,,,,,,,"[0.0,0.2)",Q1
FB15k-237,structural_r2d3,191.00000,/film/film/film_festivals,264.00000,16.00000,18.00000,0.19895,0.20503,0.00607,3.05227,positive,dependency,1.00000,1.00000,0.18525,0.19703,0.01178,827.00000,157.00000,2.00000,2.00000,157.00000,827.00000,63.00000,426.00000,338.00000,0.00000,0.07618,0.51511,0.40871,155.00000,2.00000,157.00000,0.18984,0.18984,0.80105,0.95016,0.95136,,,1.03584,,1.07281,,,,,,"[0.0,0.2)",Q2
FB15k-237,structural_r2d3,192.00000,/people/person/spouse_s./people/marriage/spouse,427.00000,6.00000,4.00000,0.00010,0.00010,0.00000,0.00000,neutral,rule_only,1.00000,0.00000,0.01280,0.01280,0.00000,50.00000,7.00000,1.00000,0.00000,0.00000,50.00000,50.00000,0.00000,0.00000,0.00000,1.00000,0.00000,0.00000,3.00000,4.00000,7.00000,0.14000,0.14000,0.99990,1.00000,,,,1.00000,,,,,,,,"[0.0,0.2)",Q1
FB15k-237,structural_r2d3,193.00000,/film/film/runtime./film/film_cut/film_release_region,187.00000,4.00000,9.00000,0.11704,0.11747,0.00043,0.36421,neutral,dependency,1.00000,1.00000,0.32303,0.32368,0.00065,587.00000,166.00000,2.00000,2.00000,166.00000,587.00000,249.00000,194.00000,144.00000,0.00000,0.42419,0.33049,0.24532,78.00000,88.00000,166.00000,0.28279,0.28279,0.88296,0.83227,1.21797,,,1.00997,,1.01143,,,,,,"[0.0,0.2)",Q2
FB15k-237,structural_r2d3,194.00000,/location/capital_of_administrative_division/capital_of./location/administrative_division_capital_relationship/administrative_division,296.00000,0.00000,0.00000,0.00000,0.00000,0.00000,0.00000,neutral,rule_only,1.00000,0.00000,0.00000,0.00000,0.00000,101.00000,19.00000,1.00000,0.00000,0.00000,101.00000,101.00000,0.00000,0.00000,0.00000,1.00000,0.00000,0.00000,5.00000,14.00000,19.00000,0.18812,0.18812,1.00000,1.00000,,,,1.00000,,,,,,,,"[0.0,0.2)",Q2
FB15k-237,structural_r2d3,195.00000,/base/aareas/schema/administrative_area/administrative_area_type,156.00000,15.00000,20.00000,0.80625,0.80625,0.00000,0.00000,neutral,rule_only,1.00000,0.00000,0.80972,0.80972,0.00000,939.00000,1961.00000,2.00000,0.00000,0.00000,939.00000,91.00000,786.00000,61.00000,1.00000,0.09691,0.83706,0.06496,83.00000,1878.00000,1961.00000,2.08839,2.08839,0.19375,0.88155,0.88155,,,1.00000,,1.00000,,,,,,"[0.6,1.0]",Q3
FB15k-237,structural_r2d3,196.00000,/influence/influence_node/peers./influence/peer_relationship/peers,166.00000,0.00000,2.00000,0.00007,0.00007,0.00000,0.00000,neutral,rule_only,1.00000,0.00000,0.00000,0.00000,0.00000,33.00000,1.00000,1.00000,0.00000,0.00000,33.00000,33.00000,0.00000,0.00000,0.00000,1.00000,0.00000,0.00000,1.00000,0.00000,1.00000,0.03030,0.03030,0.99993,1.00000,,,,1.00000,,,,,,,,"[0.0,0.2)",Q1
FB15k-237,structural_r2d3,197.00000,/government/governmental_body/members./government/government_position_held/legislative_sessions,101.00000,8.00000,12.00000,0.97917,0.97917,0.00000,0.00000,neutral,rule_only,1.00000,0.00000,1.00000,1.00000,0.00000,352.00000,704.00000,2.00000,0.00000,0.00000,352.00000,10.00000,328.00000,14.00000,0.00000,0.02841,0.93182,0.03977,0.00000,704.00000,704.00000,2.00000,2.00000,0.02083,0.72576,0.70977,,,,,1.00000,,,,,,"[0.6,1.0]",Q3
FB15k-237,structural_r2d3,198.00000,/base/schemastaging/organization_extra/phone_number./base/schemastaging/phone_sandbox/service_language,208.00000,15.00000,21.00000,0.66070,0.67453,0.01383,2.09249,neutral,dependency,1.00000,1.00000,0.61381,0.70073,0.08692,460.00000,1183.00000,2.00000,3.00000,1183.00000,460.00000,132.00000,190.00000,137.00000,1.00000,0.28696,0.41304,0.29783,920.00000,263.00000,1183.00000,2.57174,2.57174,0.33930,0.94473,0.96693,,,1.06342,1.05366,1.05599,,,,,,"[0.6,1.0]",Q4
FB15k-237,structural_r2d3,199.00000,/organization/organization/place_founded,104.00000,13.00000,16.00000,0.09397,0.09397,0.00000,0.00000,neutral,rule_only,1.00000,0.00000,0.03403,0.03403,0.00000,32.00000,3.00000,2.00000,0.00000,0.00000,32.00000,16.00000,4.00000,12.00000,0.00000,0.50000,0.12500,0.37500,3.00000,0.00000,3.00000,0.09375,0.09375,0.90603,1.16524,1.42287,,,,,1.00000,,,,,,"[0.0,0.2)",Q1
FB15k-237,structural_r2d3,200.00000,/base/eating/practicer_of_diet/diet,137.00000,17.00000,11.00000,0.41669,0.41669,0.00000,0.00000,neutral,rule_only,1.00000,0.00000,0.46454,0.46454,0.00000,292.00000,89.00000,2.00000,0.00000,0.00000,292.00000,49.00000,137.00000,105.00000,1.00000,0.16781,0.46918,0.35959,84.00000,5.00000,89.00000,0.30479,0.30479,0.58331,0.92402,0.92498,,,,1.00000,1.00000,,,,,,"[0.4,0.6)",Q2
FB15k-237,structural_r2d3,201.00000,/tv/tv_program/program_creator,144.00000,3.00000,2.00000,0.00014,0.00014,0.00000,0.00000,neutral,dependency,1.00000,1.00000,0.33399,0.33689,0.00290,170.00000,38.00000,1.00000,1.00000,38.00000,170.00000,170.00000,0.00000,0.00000,0.00000,1.00000,0.00000,0.00000,31.00000,7.00000,38.00000,0.22353,0.22353,0.99986,0.91170,,,,1.02170,,,,,,,,"[0.0,0.2)",Q2
FB15k-237,structural_r2d3,202.00000,/people/deceased_person/place_of_burial,142.00000,15.00000,9.00000,0.23597,0.23599,0.00002,0.00990,neutral,dependency,1.00000,1.00000,0.23490,0.24045,0.00555,150.00000,9.00000,2.00000,2.00000,9.00000,150.00000,18.00000,39.00000,93.00000,0.00000,0.12000,0.26000,0.62000,9.00000,0.00000,9.00000,0.06000,0.06000,0.76403,0.87993,1.03913,,,,1.01128,1.01128,,,,,,"[0.2,0.4)",Q1
FB15k-237,structural_r2d3,203.00000,/film/film/release_date_s./film/film_regional_release_date/film_regional_debut_venue,246.00000,16.00000,20.00000,0.25819,0.26377,0.00558,2.16062,neutral,dependency,1.00000,1.00000,0.19414,0.19595,0.00181,762.00000,891.00000,2.00000,3.00000,891.00000,762.00000,51.00000,506.00000,205.00000,0.00000,0.06693,0.66404,0.26903,249.00000,642.00000,891.00000,1.16929,1.16929,0.74181,0.97459,0.97587,,,1.01960,1.02085,1.02413,,,,,,"[0.2,0.4)",Q3
FB15k-237,structural_r2d3,204.00000,/ice_hockey/hockey_team/current_roster./sports/sports_team_roster/position,121.00000,3.00000,4.00000,0.58800,0.58800,0.00000,0.00000,neutral,rule_only,1.00000,0.00000,0.70123,0.70123,0.00000,89.00000,140.00000,2.00000,0.00000,0.00000,89.00000,20.00000,46.00000,23.00000,0.00000,0.22472,0.51685,0.25843,36.00000,104.00000,140.00000,1.57303,1.57303,0.41200,0.77675,0.78138,,,1.00000,1.00000,1.00000,,,,,,"[0.4,0.6)",Q3
FB15k-237,structural_r2d3,205.00000,/location/administrative_division/first_level_division_of,141.00000,0.00000,0.00000,0.00000,0.00000,0.00000,0.00000,neutral,rule_only,1.00000,0.00000,0.00000,0.00000,0.00000,498.00000,1864.00000,2.00000,0.00000,0.00000,498.00000,289.00000,141.00000,68.00000,0.00000,0.58032,0.28313,0.13655,996.00000,868.00000,1864.00000,3.74297,3.74297,1.00000,1.00000,1.00000,,,1.00000,1.00000,1.00000,,,,,,"[0.0,0.2)",Q4
FB15k-237,structural_r2d3,206.00000,/location/statistical_region/gdp_real./measurement_unit/adjusted_money_value/adjustment_currency,160.00000,0.00000,0.00000,0.00000,0.00000,0.00000,0.00000,neutral,rule_only,1.00000,0.00000,0.00000,0.00000,0.00000,1140.00000,4560.00000,2.00000,0.00000,0.00000,1140.00000,294.00000,787.00000,58.00000,1.00000,0.25789,0.69035,0.05088,2280.00000,2280.00000,4560.00000,4.00000,4.00000,1.00000,1.00000,1.00000,,,1.00000,1.00000,1.00000,,,,,,"[0.0,0.2)",Q4
FB15k-237,structural_r2d3,207.00000,/organization/organization/child./organization/organization_relationship/child,191.00000,20.00000,20.00000,0.22858,0.22858,0.00000,0.00000,neutral,dependency,1.00000,1.00000,0.09274,0.09380,0.00106,149.00000,31.00000,2.00000,3.00000,31.00000,149.00000,55.00000,28.00000,66.00000,0.00000,0.36913,0.18792,0.44295,31.00000,0.00000,31.00000,0.20805,0.20805,0.77142,0.98732,1.00255,,,1.01194,1.01049,1.01181,,,,,,"[0.2,0.4)",Q2
FB15k-237,structural_r2d3,208.00000,/business/business_operation/assets./measurement_unit/dated_money_value/currency,181.00000,1.00000,0.00000,0.00000,0.00000,0.00000,0.00000,neutral,rule_only,1.00000,0.00000,0.50007,0.50007,0.00000,502.00000,2008.00000,2.00000,0.00000,0.00000,502.00000,352.00000,118.00000,31.00000,1.00000,0.70120,0.23506,0.06175,1004.00000,1004.00000,2008.00000,4.00000,4.00000,1.00000,1.00000,1.00000,,,1.00000,1.00000,1.00000,,,,,,"[0.0,0.2)",Q4
FB15k-237,structural_r2d3,209.00000,/film/person_or_entity_appearing_in_film/films./film/personal_film_appearance/type_of_appearance,37.00000,5.00000,3.00000,0.50007,0.50007,0.00000,0.00000,neutral,rule_only,1.00000,0.00000,0.50137,0.50137,0.00000,81.00000,1.00000,2.00000,0.00000,0.00000,81.00000,12.00000,28.00000,41.00000,0.00000,0.14815,0.34568,0.50617,1.00000,0.00000,1.00000,0.01235,0.01235,0.49993,1.00000,1.00000,,,,,1.00000,,,,,,"[0.4,0.6)",Q1
FB15k-237,structural_r2d3,210.00000,/time/event/instance_of_recurring_event,109.00000,14.00000,11.00000,0.81818,0.81818,0.00000,0.00000,neutral,rule_only,1.00000,0.00000,0.97222,0.97222,0.00000,208.00000,418.00000,2.00000,0.00000,0.00000,208.00000,10.00000,188.00000,10.00000,0.00000,0.04808,0.90385,0.04808,2.00000,416.00000,418.00000,2.00962,2.00962,0.18182,1.00000,1.00000,,,,,1.00000,,,,,,"[0.6,1.0]",Q3
FB15k-237,structural_r2d3,211.00000,/tv/non_character_role/tv_regular_personal_appearances./tv/tv_regular_personal_appearance/person,90.00000,7.00000,7.00000,0.61368,0.61368,0.00000,0.00000,neutral,rule_only,1.00000,0.00000,0.49374,0.49374,0.00000,182.00000,13.00000,2.00000,0.00000,0.00000,182.00000,36.00000,59.00000,87.00000,0.00000,0.19780,0.32418,0.47802,11.00000,2.00000,13.00000,0.07143,0.07143,0.38632,0.80302,0.98922,,,1.00000,,1.00000,,,,,,"[0.6,1.0]",Q1
FB15k-237,structural_r2d3,212.00000,/film/actor/film./film/performance/special_performance_type,180.00000,8.00000,16.00000,0.52015,0.52015,0.00000,0.00000,neutral,rule_only,1.00000,0.00000,0.48130,0.48130,0.00000,294.00000,247.00000,2.00000,0.00000,0.00000,294.00000,60.00000,119.00000,114.00000,1.00000,0.20408,0.40476,0.38776,247.00000,0.00000,247.00000,0.84014,0.84014,0.47985,1.00000,1.00000,,,1.00000,,1.00000,,,,,,"[0.4,0.6)",Q3
FB15k-237,structural_r2d3,213.00000,/business/business_operation/operating_income./measurement_unit/dated_money_value/currency,198.00000,1.00000,0.00000,0.00000,0.00000,0.00000,0.00000,neutral,rule_only,1.00000,0.00000,0.50007,0.50007,0.00000,535.00000,2140.00000,2.00000,0.00000,0.00000,535.00000,378.00000,123.00000,33.00000,1.00000,0.70654,0.22991,0.06168,1070.00000,1070.00000,2140.00000,4.00000,4.00000,1.00000,1.00000,1.00000,,,1.00000,1.00000,1.00000,,,,,,"[0.0,0.2)",Q4
FB15k-237,structural_r2d3,214.00000,/people/ethnicity/languages_spoken,192.00000,21.00000,29.00000,0.34303,0.34122,-0.00181,-0.52779,neutral,dependency,1.00000,1.00000,0.32776,0.33944,0.01168,128.00000,204.00000,2.00000,3.00000,204.00000,128.00000,47.00000,22.00000,59.00000,0.00000,0.36719,0.17188,0.46094,197.00000,7.00000,204.00000,1.59375,1.59375,0.65697,0.98527,0.98522,,,1.01327,1.01317,1.01321,,,,,,"[0.2,0.4)",Q3
FB15k-237,structural_r2d3,215.00000,/base/americancomedy/celebrity_impressionist/celebrities_impersonated,121.00000,21.00000,8.00000,0.37193,0.37193,0.00000,0.00000,neutral,dependency,1.00000,1.00000,0.34816,0.34917,0.00100,183.00000,54.00000,2.00000,2.00000,54.00000,183.00000,31.00000,64.00000,88.00000,0.00000,0.16940,0.34973,0.48087,51.00000,3.00000,54.00000,0.29508,0.29508,0.62807,0.86165,0.99031,,,1.03616,,1.03602,,,,,,"[0.2,0.4)",Q2
FB15k-237,structural_r2d3,216.00000,/medicine/symptom/symptom_of,154.00000,12.00000,31.00000,0.32990,0.32260,-0.00729,-2.21125,neutral,dependency,1.00000,1.00000,0.28512,0.31180,0.02667,100.00000,47.00000,2.00000,3.00000,47.00000,100.00000,18.00000,39.00000,43.00000,0.00000,0.18000,0.39000,0.43000,36.00000,11.00000,47.00000,0.47000,0.47000,0.67010,0.97448,0.97467,,,1.02572,1.01785,1.02452,,,,,,"[0.2,0.4)",Q2
FB15k-237,structural_r2d3,217.00000,/education/university/fraternities_and_sororities,131.00000,10.00000,21.00000,0.49030,0.49030,0.00000,0.00000,neutral,rule_only,1.00000,0.00000,0.51581,0.51581,0.00000,386.00000,886.00000,2.00000,0.00000,0.00000,386.00000,64.00000,243.00000,79.00000,0.00000,0.16580,0.62953,0.20466,772.00000,114.00000,886.00000,2.29534,2.29534,0.50970,0.92163,0.92129,,,1.00000,1.00000,1.00000,,,,,,"[0.4,0.6)",Q4
FB15k-237,structural_r2d3,218.00000,/location/statistical_region/places_exported_to./location/imports_and_exports/exported_to,172.00000,17.00000,13.00000,0.18620,0.18616,-0.00004,-0.02333,neutral,dependency,1.00000,1.00000,0.19911,0.19956,0.00045,2606.00000,4795.00000,2.00000,3.00000,4795.00000,2606.00000,468.00000,1618.00000,520.00000,0.00000,0.17959,0.62087,0.19954,3697.00000,1098.00000,4795.00000,1.83998,1.83998,0.81380,0.89465,0.88747,,,1.00160,1.00156,1.00160,,,,,,"[0.0,0.2)",Q3
FB15k-237,structural_r2d3,219.00000,/location/statistical_region/gdp_nominal./measurement_unit/dated_money_value/currency,220.00000,9.00000,4.00000,0.50929,0.50929,0.00000,0.00000,neutral,rule_only,1.00000,0.00000,0.51297,0.51297,0.00000,1417.00000,3397.00000,2.00000,0.00000,0.00000,1417.00000,465.00000,884.00000,67.00000,1.00000,0.32816,0.62385,0.04728,563.00000,2834.00000,3397.00000,2.39732,2.39732,0.49071,0.81108,0.80670,,,1.00000,1.00000,1.00000,,,,,,"[0.4,0.6)",Q4
FB15k-237,structural_r2d3,220.00000,/travel/travel_destination/how_to_get_here./travel/transportation/mode_of_transportation,146.00000,16.00000,20.00000,0.81399,0.81399,0.00000,0.00000,neutral,rule_only,1.00000,0.00000,0.71585,0.71585,0.00000,242.00000,610.00000,2.00000,0.00000,0.00000,242.00000,29.00000,95.00000,118.00000,0.00000,0.11983,0.39256,0.48760,484.00000,126.00000,610.00000,2.52066,2.52066,0.18601,1.00000,1.00000,,,1.00000,1.00000,1.00000,,,,,,"[0.6,1.0]",Q4
FB15k-237,structural_r2d3,221.00000,/location/country/official_language,225.00000,7.00000,16.00000,0.27862,0.28568,0.00706,2.53463,neutral,dependency,1.00000,1.00000,0.32765,0.34823,0.02058,991.00000,3964.00000,2.00000,3.00000,3964.00000,991.00000,237.00000,562.00000,192.00000,0.00000,0.23915,0.56710,0.19374,1982.00000,1982.00000,3964.00000,4.00000,4.00000,0.72138,0.96702,0.97213,,,1.02937,1.02888,1.02968,,,,,,"[0.2,0.4)",Q4
FB15k-237,structural_r2d3,222.00000,/location/location/partially_contains,133.00000,8.00000,13.00000,0.32825,0.37945,0.05120,15.59923,positive,dependency,1.00000,1.00000,0.41275,0.42314,0.01039,758.00000,1439.00000,2.00000,3.00000,1439.00000,758.00000,89.00000,448.00000,221.00000,0.00000,0.11741,0.59103,0.29156,1280.00000,159.00000,1439.00000,1.89842,1.89842,0.67175,0.82112,0.80200,,,1.00160,0.99869,1.00158,,,,,,"[0.2,0.4)",Q3
FB15k-237,structural_r2d3,223.00000,/film/film/film_art_direction_by,101.00000,4.00000,3.00000,0.75000,0.75000,0.00000,0.00000,neutral,rule_only,1.00000,0.00000,0.27640,0.27640,0.00000,262.00000,198.00000,2.00000,0.00000,0.00000,262.00000,81.00000,62.00000,119.00000,0.00000,0.30916,0.23664,0.45420,198.00000,0.00000,198.00000,0.75573,0.75573,0.25000,0.82336,1.23150,,,1.00000,,1.00000,,,,,,"[0.6,1.0]",Q2
FB15k-237,structural_r2d3,224.00000,/people/person/spouse_s./people/marriage/location_of_ceremony,251.00000,21.00000,35.00000,0.23081,0.23081,0.00000,0.00000,neutral,rule_only,1.00000,0.00000,0.36858,0.36858,0.00000,149.00000,2.00000,2.00000,0.00000,0.00000,149.00000,8.00000,31.00000,110.00000,0.00000,0.05369,0.20805,0.73826,1.00000,1.00000,2.00000,0.01342,0.01342,0.76919,1.00000,1.00000,,,1.00000,,,,,,,,"[0.2,0.4)",Q1
FB15k-237,structural_r2d3,225.00000,/education/university/international_tuition./measurement_unit/dated_money_value/currency,117.00000,2.00000,0.00000,0.00000,0.00000,0.00000,0.00000,neutral,rule_only,1.00000,0.00000,0.31257,0.31257,0.00000,310.00000,460.00000,2.00000,0.00000,0.00000,310.00000,147.00000,100.00000,63.00000,0.00000,0.47419,0.32258,0.20323,283.00000,177.00000,460.00000,1.48387,1.48387,1.00000,1.00000,1.00000,,,1.00000,1.00000,1.00000,,,,,,"[0.0,0.2)",Q3
FB15k-237,structural_r2d3,226.00000,/organization/organization_founder/organizations_founded,137.00000,11.00000,9.00000,0.13794,0.13794,0.00000,0.00000,neutral,rule_only,1.00000,0.00000,0.27086,0.27086,0.00000,333.00000,666.00000,2.00000,0.00000,0.00000,333.00000,58.00000,218.00000,57.00000,0.00000,0.17417,0.65465,0.17117,666.00000,0.00000,666.00000,2.00000,2.00000,0.86206,0.96404,0.87800,,,1.00000,,1.00000,,,,,,"[0.0,0.2)",Q3
FB15k-237,structural_r2d3,227.00000,/film/film/dubbing_performances./film/dubbing_performance/actor,114.00000,19.00000,8.00000,0.43926,0.43926,0.00000,0.00000,neutral,rule_only,1.00000,0.00000,0.33014,0.33014,0.00000,111.00000,3.00000,2.00000,0.00000,0.00000,111.00000,19.00000,36.00000,56.00000,0.00000,0.17117,0.32432,0.50450,3.00000,0.00000,3.00000,0.02703,0.02703,0.56074,1.00000,1.00000,,,,,1.00000,,,,,,"[0.4,0.6)",Q1
FB15k-237,structural_r2d3,228.00000,/dataworld/gardening_hint/split_to,99.00000,4.00000,10.00000,0.00001,0.00001,0.00000,0.00000,neutral,rule_only,0.00000,0.00000,0.00003,,,185.00000,0.00000,2.00000,0.00000,0.00000,185.00000,76.00000,58.00000,51.00000,0.00000,0.41081,0.31351,0.27568,0.00000,0.00000,0.00000,0.00000,0.00000,0.99999,1.00000,1.00000,,,,,,,,,,,"[0.0,0.2)",Q1
FB15k-237,structural_r2d3,229.00000,/medicine/disease/risk_factors,162.00000,19.00000,13.00000,0.35706,0.35740,0.00035,0.09664,neutral,dependency,1.00000,1.00000,0.25680,0.25703,0.00023,81.00000,28.00000,2.00000,3.00000,28.00000,81.00000,18.00000,23.00000,40.00000,0.00000,0.22222,0.28395,0.49383,25.00000,3.00000,28.00000,0.34568,0.34568,0.64294,0.98047,0.98109,,,1.01861,1.01853,1.01869,,,,,,"[0.2,0.4)",Q2
FB15k-237,structural_r2d3,230.00000,/film/film/prequel,180.00000,13.00000,18.00000,0.35143,0.36486,0.01344,3.82374,positive,dependency,1.00000,1.00000,0.67823,0.69775,0.01952,191.00000,10.00000,1.00000,1.00000,10.00000,191.00000,191.00000,0.00000,0.00000,0.00000,1.00000,0.00000,0.00000,9.00000,1.00000,10.00000,0.05236,0.05236,0.64857,0.98290,,,,1.01339,,,,,,,,"[0.2,0.4)",Q1
FB15k-237,structural_r2d3,231.00000,/base/localfood/seasonal_month/produce_available./base/localfood/produce_availability/seasonal_months,108.00000,3.00000,3.00000,0.63889,0.63889,0.00000,0.00000,neutral,rule_only,1.00000,0.00000,0.67778,0.67778,0.00000,1884.00000,3768.00000,2.00000,0.00000,0.00000,1884.00000,18.00000,1794.00000,72.00000,0.00000,0.00955,0.95223,0.03822,0.00000,3768.00000,3768.00000,2.00000,2.00000,0.36111,1.00000,1.00000,,,,1.00000,1.00000,,,,,,"[0.6,1.0]",Q3
FB15k-237,structural_r2d3,232.00000,/film/actor/dubbing_performances./film/dubbing_performance/language,112.00000,15.00000,12.00000,0.57069,0.57066,-0.00003,-0.00504,neutral,dependency,1.00000,1.00000,0.65194,0.65196,0.00002,179.00000,10.00000,2.00000,2.00000,10.00000,179.00000,89.00000,46.00000,43.00000,1.00000,0.49721,0.25698,0.24022,6.00000,4.00000,10.00000,0.05587,0.05587,0.42931,0.99220,1.00645,,,1.00570,,0.99896,,,,,,"[0.4,0.6)",Q1
FB15k-237,structural_r2d3,233.00000,/broadcast/content/artist,102.00000,11.00000,14.00000,0.64430,0.64430,0.00000,0.00000,neutral,rule_only,1.00000,0.00000,0.67868,0.67868,0.00000,313.00000,508.00000,2.00000,0.00000,0.00000,313.00000,33.00000,195.00000,85.00000,0.00000,0.10543,0.62300,0.27157,491.00000,17.00000,508.00000,1.62300,1.62300,0.35570,0.78507,0.83156,,,1.00000,1.00000,1.00000,,,,,,"[0.6,1.0]",Q3
FB15k-237,structural_r2d3,234.00000,/location/statistical_region/gni_per_capita_in_ppp_dollars./measurement_unit/dated_money_value/currency,149.00000,0.00000,0.00000,0.00000,0.00000,0.00000,0.00000,neutral,rule_only,1.00000,0.00000,0.00000,0.00000,0.00000,1147.00000,4588.00000,2.00000,0.00000,0.00000,1147.00000,287.00000,800.00000,59.00000,1.00000,0.25022,0.69747,0.05144,2294.00000,2294.00000,4588.00000,4.00000,4.00000,1.00000,1.00000,1.00000,,,1.00000,,1.00000,,,,,,"[0.0,0.2)",Q4
FB15k-237,structural_r2d3,235.00000,/music/instrument/family,100.00000,3.00000,6.00000,0.20323,0.22415,0.02092,10.29594,positive,dependency,1.00000,1.00000,0.32748,0.46591,0.13843,1089.00000,1587.00000,2.00000,3.00000,1587.00000,1089.00000,471.00000,537.00000,81.00000,0.00000,0.43251,0.49311,0.07438,1088.00000,499.00000,1587.00000,1.45730,1.45730,0.79677,0.80801,0.76202,,,1.00624,1.00635,1.00610,,,,,,"[0.2,0.4)",Q3
FB15k-237,structural_r2d3,236.00000,/government/politician/government_positions_held./government/government_position_held/jurisdiction_of_office,106.00000,6.00000,9.00000,0.31517,0.31517,0.00000,0.00000,neutral,dependency,1.00000,1.00000,0.62779,0.63057,0.00278,295.00000,474.00000,2.00000,3.00000,474.00000,295.00000,135.00000,90.00000,70.00000,0.00000,0.45763,0.30508,0.23729,404.00000,70.00000,474.00000,1.60678,1.60678,0.68483,0.76098,0.86644,,,1.00940,1.00838,1.00924,,,,,,"[0.2,0.4)",Q3
KG20C,structural_none,0.00000,author_in_affiliation,6302.00000,462.00000,480.00000,0.48310,0.48697,0.00387,0.80103,neutral,dependency,1.00000,1.00000,0.48128,0.48685,0.00556,4182.00000,104.00000,0.00000,0.00000,0.00000,4182.00000,2.00000,3277.00000,896.00000,7.00000,0.00048,0.78360,0.21425,38.00000,66.00000,104.00000,0.02487,0.02487,0.51690,,,,,,,,,,,,,"[0.4,0.6)",Q1
KG20C,structural_none,1.00000,author_write_paper,12465.00000,801.00000,830.00000,0.23051,0.24794,0.01743,7.55945,positive,dependency,1.00000,1.00000,0.22721,0.24145,0.01424,16644.00000,3659.00000,0.00000,0.00000,0.00000,16644.00000,10.00000,11248.00000,5386.00000,0.00000,0.00060,0.67580,0.32360,3608.00000,51.00000,3659.00000,0.21984,0.21984,0.76949,,,,,,,,,,,,,"[0.2,0.4)",Q2
KG20C,structural_none,2.00000,paper_cite_paper,7382.00000,602.00000,599.00000,0.18202,0.18202,0.00000,0.00000,neutral,rule_only,1.00000,0.00000,0.16003,0.16003,0.00000,26711.00000,10677.00000,0.00000,0.00000,0.00000,26711.00000,27.00000,18418.00000,8266.00000,0.00000,0.00101,0.68953,0.30946,10150.00000,527.00000,10677.00000,0.39972,0.39972,0.81798,,,,,,,,,,,,,"[0.0,0.2)",Q2
KG20C,structural_none,3.00000,paper_in_domain,17776.00000,1415.00000,1446.00000,0.11611,0.11611,0.00000,0.00000,neutral,rule_only,1.00000,0.00000,0.13084,0.13084,0.00000,101322.00000,153519.00000,0.00000,0.00000,0.00000,101322.00000,9.00000,93452.00000,7839.00000,22.00000,0.00009,0.92233,0.07737,152730.00000,789.00000,153519.00000,1.51516,1.51516,0.88389,,,,,,,,,,,,,"[0.0,0.2)",Q3
KG20C,structural_none,4.00000,paper_in_venue,4288.00000,390.00000,369.00000,0.40664,0.40771,0.00107,0.26298,neutral,dependency,1.00000,1.00000,0.40485,0.40629,0.00144,5931.00000,356.00000,0.00000,0.00000,0.00000,5931.00000,8.00000,5829.00000,79.00000,15.00000,0.00135,0.98280,0.01332,195.00000,161.00000,356.00000,0.06002,0.06002,0.59336,,,,,,,,,,,,,"[0.4,0.6)",Q1
WN18RR,structural_none,0.00000,_hypernym,34796.00000,1174.00000,1251.00000,0.18422,0.18486,0.00065,0.35177,neutral,dependency,1.00000,1.00000,0.17803,0.18405,0.00602,8876.00000,451.00000,0.00000,0.00000,0.00000,8876.00000,2422.00000,3883.00000,2552.00000,19.00000,0.27287,0.43747,0.28752,346.00000,105.00000,451.00000,0.05081,0.05081,0.81578,,,,,,,,,,,,,"[0.0,0.2)",Q1
WN18RR,structural_none,1.00000,_derivationally_related_form,29715.00000,1078.00000,1074.00000,0.95973,0.95973,0.00000,0.00000,neutral,rule_only,1.00000,0.00000,0.94834,0.94834,0.00000,46349.00000,34783.00000,0.00000,0.00000,0.00000,46349.00000,3366.00000,38068.00000,4915.00000,0.00000,0.07262,0.82133,0.10604,23410.00000,11373.00000,34783.00000,0.75046,0.75046,0.04027,,,,,,,,,,,,,"[0.6,1.0]",Q2
WN18RR,structural_none,2.00000,_instance_hypernym,2921.00000,107.00000,122.00000,0.36487,0.36487,0.00000,0.00000,neutral,rule_only,1.00000,0.00000,0.29967,0.29967,0.00000,7445.00000,1050.00000,0.00000,0.00000,0.00000,7445.00000,273.00000,6472.00000,696.00000,4.00000,0.03667,0.86931,0.09349,983.00000,67.00000,1050.00000,0.14103,0.14103,0.63513,,,,,,,,,,,,,"[0.2,0.4)",Q1
WN18RR,structural_none,3.00000,_also_see,1299.00000,41.00000,56.00000,0.66021,0.66021,0.00000,0.00000,neutral,rule_only,1.00000,0.00000,0.62431,0.62431,0.00000,2406.00000,2618.00000,0.00000,0.00000,0.00000,2406.00000,324.00000,1001.00000,1081.00000,0.00000,0.13466,0.41604,0.44929,1581.00000,1037.00000,2618.00000,1.08811,1.08811,0.33979,,,,,,,,,,,,,"[0.6,1.0]",Q3
WN18RR,structural_none,4.00000,_member_meronym,7402.00000,273.00000,253.00000,0.32191,0.32313,0.00123,0.38089,neutral,dependency,1.00000,1.00000,0.33359,0.33597,0.00238,2129.00000,591.00000,0.00000,0.00000,0.00000,2129.00000,314.00000,1269.00000,545.00000,1.00000,0.14749,0.59605,0.25599,575.00000,16.00000,591.00000,0.27760,0.27760,0.67809,,,,,,,,,,,,,"[0.2,0.4)",Q2
WN18RR,structural_none,5.00000,_synset_domain_topic_of,3116.00000,105.00000,114.00000,0.39495,0.38580,-0.00916,-2.31844,neutral,dependency,1.00000,1.00000,0.39312,0.39315,0.00003,2280.00000,3897.00000,0.00000,0.00000,0.00000,2280.00000,848.00000,981.00000,448.00000,3.00000,0.37193,0.43026,0.19649,3855.00000,42.00000,3897.00000,1.70921,1.70921,0.60505,,,,,,,,,,,,,"[0.2,0.4)",Q3
WN18RR,structural_none,6.00000,_has_part,4816.00000,154.00000,172.00000,0.20914,0.21928,0.01013,4.84439,positive,dependency,1.00000,1.00000,0.26127,0.26414,0.00287,5002.00000,1372.00000,0.00000,0.00000,0.00000,5002.00000,606.00000,2639.00000,1757.00000,0.00000,0.12115,0.52759,0.35126,1308.00000,64.00000,1372.00000,0.27429,0.27429,0.79086,,,,,,,,,,,,,"[0.2,0.4)",Q2
WN18RR,structural_none,7.00000,_member_of_domain_usage,629.00000,22.00000,24.00000,0.34732,0.35363,0.00632,1.81859,neutral,dependency,1.00000,1.00000,0.39452,0.41210,0.01759,432.00000,107.00000,0.00000,0.00000,0.00000,432.00000,38.00000,328.00000,64.00000,2.00000,0.08796,0.75926,0.14815,102.00000,5.00000,107.00000,0.24769,0.24769,0.65268,,,,,,,,,,,,,"[0.2,0.4)",Q2
WN18RR,structural_none,8.00000,_member_of_domain_region,923.00000,34.00000,26.00000,0.38072,0.38023,-0.00049,-0.12846,neutral,dependency,1.00000,1.00000,0.25048,0.25086,0.00037,612.00000,42.00000,0.00000,0.00000,0.00000,612.00000,121.00000,264.00000,226.00000,1.00000,0.19771,0.43137,0.36928,32.00000,10.00000,42.00000,0.06863,0.06863,0.61928,,,,,,,,,,,,,"[0.2,0.4)",Q1
WN18RR,structural_none,9.00000,_verb_group,1138.00000,43.00000,39.00000,0.97436,0.97436,0.00000,0.00000,neutral,rule_only,1.00000,0.00000,0.93087,0.93087,0.00000,1370.00000,301.00000,0.00000,0.00000,0.00000,1370.00000,467.00000,599.00000,304.00000,0.00000,0.34088,0.43723,0.22190,35.00000,266.00000,301.00000,0.21971,0.21971,0.02564,,,,,,,,,,,,,"[0.6,1.0]",Q2
WN18RR,structural_none,10.00000,_similar_to,80.00000,3.00000,3.00000,1.00000,1.00000,0.00000,0.00000,neutral,rule_only,0.00000,0.00000,1.00000,,,8.00000,0.00000,0.00000,0.00000,0.00000,8.00000,2.00000,6.00000,0.00000,0.00000,0.25000,0.75000,0.00000,0.00000,0.00000,0.00000,0.00000,0.00000,0.00000,,,,,,,,,,,,,"[0.6,1.0]",Q1
YAGO3-10,structural_r2d3,0.00000,isLocatedIn,88672.00000,438.00000,411.00000,0.39743,0.40213,0.00469,1.18118,neutral,dependency,1.00000,1.00000,0.40820,0.40909,0.00090,20377.00000,16752.00000,2.00000,3.00000,16752.00000,20377.00000,704.00000,15515.00000,4044.00000,114.00000,0.03455,0.76140,0.19846,13955.00000,2797.00000,16752.00000,0.82210,0.82210,0.60257,0.39760,1.10173,,,2.52093,2.10623,2.24468,,,,,,"[0.2,0.4)",Q3
YAGO3-10,structural_r2d3,1.00000,playsFor,321024.00000,1533.00000,1492.00000,0.66381,0.66962,0.00581,0.87539,neutral,dependency,1.00000,1.00000,0.65334,0.65517,0.00183,273138.00000,256620.00000,2.00000,3.00000,256620.00000,273138.00000,43.00000,230831.00000,41407.00000,857.00000,0.00016,0.84511,0.15160,122710.00000,133910.00000,256620.00000,0.93953,0.93953,0.33619,1.34185,0.87332,,,1.13813,1.48529,1.22742,,,,,,"[0.6,1.0]",Q3
YAGO3-10,structural_r2d3,2.00000,isAffiliatedTo,373783.00000,1688.00000,1673.00000,0.74269,0.74269,0.00000,0.00000,neutral,rule_only,1.00000,0.00000,0.74975,0.74975,0.00000,330607.00000,313568.00000,2.00000,0.00000,0.00000,330607.00000,120.00000,282966.00000,46517.00000,1004.00000,0.00036,0.85590,0.14070,172286.00000,141282.00000,313568.00000,0.94846,0.94846,0.25731,1.09207,1.21087,,,1.00000,1.00000,1.00000,,,,,,"[0.6,1.0]",Q3
YAGO3-10,structural_r2d3,3.00000,diedIn,9248.00000,43.00000,49.00000,0.18235,0.19823,0.01588,8.71011,positive,dependency,1.00000,1.00000,0.28938,0.29535,0.00597,1492.00000,960.00000,2.00000,3.00000,960.00000,1492.00000,164.00000,875.00000,444.00000,9.00000,0.10992,0.58646,0.29759,934.00000,26.00000,960.00000,0.64343,0.64343,0.81765,1.07550,1.96477,,,1.26419,1.17393,1.19825,,,,,,"[0.0,0.2)",Q2
YAGO3-10,structural_r2d3,4.00000,actedIn,32155.00000,151.00000,173.00000,0.11966,0.11755,-0.00211,-1.76719,neutral,dependency,1.00000,1.00000,0.09267,0.09485,0.00218,7135.00000,1168.00000,2.00000,3.00000,1168.00000,7135.00000,64.00000,3506.00000,3563.00000,2.00000,0.00897,0.49138,0.49937,920.00000,248.00000,1168.00000,0.16370,0.16370,0.88034,1.13949,2.84543,,,1.17449,1.33415,1.33233,,,,,,"[0.0,0.2)",Q2
YAGO3-10,structural_r2d3,5.00000,graduatedFrom,7348.00000,42.00000,42.00000,0.23772,0.23772,0.00000,0.00000,neutral,rule_only,1.00000,0.00000,0.20602,0.20602,0.00000,1757.00000,349.00000,2.00000,0.00000,0.00000,1757.00000,100.00000,750.00000,897.00000,10.00000,0.05692,0.42686,0.51053,307.00000,42.00000,349.00000,0.19863,0.19863,0.76228,1.10408,2.16983,,,1.00000,1.00000,1.00000,,,,,,"[0.2,0.4)",Q2
YAGO3-10,structural_r2d3,6.00000,wasBornIn,44978.00000,223.00000,210.00000,0.19961,0.20255,0.00294,1.47314,neutral,dependency,1.00000,1.00000,0.19560,0.20207,0.00647,12145.00000,5673.00000,2.00000,3.00000,5673.00000,12145.00000,190.00000,11021.00000,871.00000,63.00000,0.01564,0.90745,0.07172,4900.00000,773.00000,5673.00000,0.46711,0.46711,0.80039,0.67286,1.22943,,,2.67844,2.01521,3.13597,,,,,,"[0.0,0.2)",Q2
YAGO3-10,structural_r2d3,7.00000,hasGender,66163.00000,311.00000,297.00000,0.49909,0.49909,0.00000,0.00000,neutral,dependency,1.00000,1.00000,0.48181,0.48261,0.00080,20361.00000,2358.00000,2.00000,2.00000,2358.00000,20361.00000,148.00000,20152.00000,59.00000,2.00000,0.00727,0.98974,0.00290,173.00000,2185.00000,2358.00000,0.11581,0.11581,0.50091,0.42338,0.97923,,,1.15871,,1.19792,,,,,,"[0.4,0.6)",Q1
YAGO3-10,structural_r2d3,8.00000,happenedIn,5056.00000,22.00000,21.00000,0.42748,0.43253,0.00505,1.18192,neutral,dependency,1.00000,1.00000,0.42295,0.42688,0.00393,4874.00000,5151.00000,2.00000,3.00000,5151.00000,4874.00000,129.00000,2816.00000,1928.00000,1.00000,0.02647,0.57776,0.39557,4921.00000,230.00000,5151.00000,1.05683,1.05683,0.57252,1.12688,2.30969,,,1.18995,1.19808,1.17375,,,,,,"[0.4,0.6)",Q3
YAGO3-10,structural_r2d3,9.00000,hasMusicalRole,7754.00000,37.00000,36.00000,0.29954,0.30155,0.00201,0.67100,neutral,dependency,1.00000,1.00000,0.26009,0.27246,0.01237,3904.00000,902.00000,2.00000,3.00000,902.00000,3904.00000,18.00000,3164.00000,708.00000,14.00000,0.00461,0.81045,0.18135,439.00000,463.00000,902.00000,0.23105,0.23105,0.70046,0.88752,0.91112,,,1.17575,1.16755,1.17960,,,,,,"[0.2,0.4)",Q2
YAGO3-10,structural_r2d3,10.00000,isConnectedTo,32055.00000,133.00000,150.00000,0.51819,0.51819,0.00000,0.00000,neutral,rule_only,1.00000,0.00000,0.54861,0.54861,0.00000,263030.00000,1052120.00000,2.00000,0.00000,0.00000,263030.00000,59.00000,257217.00000,5666.00000,88.00000,0.00022,0.97790,0.02154,526060.00000,526060.00000,1052120.00000,4.00000,4.00000,0.48181,0.72091,0.34856,,,1.00000,1.00000,1.00000,,,,,,"[0.4,0.6)",Q4
YAGO3-10,structural_r2d3,11.00000,isMarriedTo,3757.00000,21.00000,17.00000,0.99020,0.99020,0.00000,0.00000,neutral,rule_only,1.00000,0.00000,1.00000,1.00000,0.00000,91.00000,23.00000,2.00000,0.00000,0.00000,91.00000,71.00000,12.00000,8.00000,0.00000,0.78022,0.13187,0.08791,21.00000,2.00000,23.00000,0.25275,0.25275,0.00980,1.00000,1.00000,,,1.00000,,,,,,,,"[0.6,1.0]",Q2
YAGO3-10,structural_r2d3,12.00000,participatedIn,5150.00000,21.00000,19.00000,0.32818,0.28347,-0.04471,-13.62347,negative,dependency,1.00000,1.00000,0.43274,0.52372,0.09097,8616.00000,15765.00000,2.00000,3.00000,15765.00000,8616.00000,116.00000,5917.00000,2580.00000,3.00000,0.01346,0.68675,0.29944,13426.00000,2339.00000,15765.00000,1.82974,1.82974,0.67182,0.87778,1.72948,,,1.98027,2.13785,1.82277,,,,,,"[0.2,0.4)",Q3
YAGO3-10,structural_r2d3,13.00000,hasOfficialLanguage,298.00000,0.00000,2.00000,0.17560,0.17560,0.00000,0.00000,neutral,rule_only,1.00000,0.00000,0.00000,0.00000,0.00000,325.00000,580.00000,2.00000,0.00000,0.00000,325.00000,27.00000,179.00000,119.00000,0.00000,0.08308,0.55077,0.36615,493.00000,87.00000,580.00000,1.78462,1.78462,0.82440,1.00000,1.00000,,,1.00000,1.00000,1.00000,,,,,,"[0.0,0.2)",Q3
YAGO3-10,structural_r2d3,14.00000,hasWonPrize,24068.00000,100.00000,111.00000,0.26115,0.26549,0.00434,1.66217,neutral,dependency,1.00000,1.00000,0.24764,0.25626,0.00862,19845.00000,6966.00000,2.00000,3.00000,6966.00000,19845.00000,91.00000,16078.00000,3628.00000,48.00000,0.00459,0.81018,0.18282,4872.00000,2094.00000,6966.00000,0.35102,0.35102,0.73885,1.00860,2.21535,,,1.13465,1.17053,1.18174,,,,,,"[0.2,0.4)",Q2
YAGO3-10,structural_r2d3,15.00000,influences,10710.00000,44.00000,47.00000,0.12462,0.14336,0.01874,15.04126,positive,dependency,1.00000,1.00000,0.12769,0.14669,0.01900,6063.00000,2539.00000,2.00000,3.00000,2539.00000,6063.00000,82.00000,3254.00000,2724.00000,3.00000,0.01352,0.53670,0.44928,2501.00000,38.00000,2539.00000,0.41877,0.41877,0.87538,1.23276,2.69083,,,1.59616,1.60239,1.63158,,,,,,"[0.0,0.2)",Q2
YAGO3-10,structural_r2d3,16.00000,worksAt,3389.00000,15.00000,15.00000,0.41354,0.41266,-0.00088,-0.21361,neutral,dependency,1.00000,1.00000,0.15516,0.15584,0.00068,1248.00000,165.00000,2.00000,3.00000,165.00000,1248.00000,60.00000,439.00000,748.00000,1.00000,0.04808,0.35176,0.59936,161.00000,4.00000,165.00000,0.13221,0.13221,0.58646,1.36066,2.18451,,,1.19974,1.19570,1.23924,,,,,,"[0.4,0.6)",Q1
YAGO3-10,structural_r2d3,17.00000,created,6933.00000,24.00000,49.00000,0.32156,0.32156,0.00000,0.00000,neutral,rule_only,1.00000,0.00000,0.37233,0.37233,0.00000,861.00000,165.00000,2.00000,0.00000,0.00000,861.00000,55.00000,470.00000,336.00000,0.00000,0.06388,0.54588,0.39024,116.00000,49.00000,165.00000,0.19164,0.19164,0.67844,1.00000,1.00000,,,1.00000,1.00000,1.00000,,,,,,"[0.2,0.4)",Q2
YAGO3-10,structural_r2d3,18.00000,edited,3083.00000,9.00000,22.00000,0.26807,0.27183,0.00376,1.40372,neutral,dependency,1.00000,1.00000,0.56174,0.58344,0.02171,684.00000,70.00000,2.00000,3.00000,70.00000,684.00000,15.00000,270.00000,399.00000,0.00000,0.02193,0.39474,0.58333,63.00000,7.00000,70.00000,0.10234,0.10234,0.73193,1.31563,2.20014,,,1.17049,1.00739,1.04996,,,,,,"[0.2,0.4)",Q1
YAGO3-10,structural_r2d3,19.00000,directed,5481.00000,19.00000,30.00000,0.38791,0.38791,0.00000,0.00000,neutral,rule_only,1.00000,0.00000,0.46478,0.46478,0.00000,807.00000,123.00000,2.00000,0.00000,0.00000,807.00000,36.00000,444.00000,327.00000,0.00000,0.04461,0.55019,0.40520,82.00000,41.00000,123.00000,0.15242,0.15242,0.61209,1.00000,1.00000,,,1.00000,1.00000,1.00000,,,,,,"[0.2,0.4)",Q1
YAGO3-10,structural_r2d3,20.00000,hasAcademicAdvisor,914.00000,2.00000,5.00000,0.11690,0.11690,0.00000,0.00000,neutral,rule_only,1.00000,0.00000,0.01381,0.01381,0.00000,83.00000,3.00000,2.00000,0.00000,0.00000,83.00000,22.00000,18.00000,43.00000,0.00000,0.26506,0.21687,0.51807,3.00000,0.00000,3.00000,0.03614,0.03614,0.88310,1.00000,1.00000,,,,1.00000,1.00000,,,,,,"[0.0,0.2)",Q1
YAGO3-10,structural_r2d3,21.00000,imports,393.00000,1.00000,0.00000,0.00000,0.00000,0.00000,0.00000,neutral,rule_only,1.00000,0.00000,0.12501,0.12501,0.00000,676.00000,1285.00000,2.00000,0.00000,0.00000,676.00000,42.00000,406.00000,228.00000,0.00000,0.06213,0.60059,0.33728,962.00000,323.00000,1285.00000,1.90089,1.90089,1.00000,1.00000,1.00000,,,1.00000,1.00000,1.00000,,,,,,"[0.0,0.2)",Q3
YAGO3-10,structural_r2d3,22.00000,isPoliticianOf,2163.00000,13.00000,10.00000,0.74673,0.74458,-0.00214,-0.28697,neutral,dependency,1.00000,1.00000,0.72700,0.73114,0.00414,720.00000,1488.00000,2.00000,3.00000,1488.00000,720.00000,132.00000,375.00000,210.00000,3.00000,0.18333,0.52083,0.29167,1440.00000,48.00000,1488.00000,2.06667,2.06667,0.25327,0.99745,2.22196,,,1.17686,1.10106,1.12482,,,,,,"[0.6,1.0]",Q3
YAGO3-10,structural_r2d3,23.00000,wroteMusicFor,6047.00000,23.00000,32.00000,0.18500,0.17938,-0.00563,-3.04081,negative,dependency,1.00000,1.00000,0.17550,0.17590,0.00040,1030.00000,112.00000,2.00000,3.00000,112.00000,1030.00000,27.00000,426.00000,577.00000,0.00000,0.02621,0.41359,0.56019,101.00000,11.00000,112.00000,0.10874,0.10874,0.81500,1.18998,2.34572,,,1.18608,1.14063,1.15183,,,,,,"[0.0,0.2)",Q1
YAGO3-10,structural_r2d3,24.00000,isInterestedIn,239.00000,2.00000,2.00000,0.64583,0.64583,0.00000,0.00000,neutral,rule_only,1.00000,0.00000,0.15614,0.15614,0.00000,110.00000,95.00000,2.00000,0.00000,0.00000,110.00000,10.00000,63.00000,37.00000,0.00000,0.09091,0.57273,0.33636,93.00000,2.00000,95.00000,0.86364,0.86364,0.35417,1.00000,1.00000,,,1.00000,1.00000,1.00000,,,,,,"[0.6,1.0]",Q3
YAGO3-10,structural_r2d3,25.00000,isCitizenOf,3455.00000,12.00000,15.00000,0.38407,0.38417,0.00009,0.02432,neutral,dependency,1.00000,1.00000,0.44740,0.44975,0.00235,1201.00000,2213.00000,2.00000,3.00000,2213.00000,1201.00000,202.00000,699.00000,295.00000,5.00000,0.16819,0.58201,0.24563,2053.00000,160.00000,2213.00000,1.84263,1.84263,0.61593,1.10577,2.14931,,,1.35467,1.40777,1.37966,,,,,,"[0.2,0.4)",Q3
YAGO3-10,structural_r2d3,26.00000,hasChild,5064.00000,23.00000,24.00000,0.44610,0.43478,-0.01132,-2.53666,neutral,dependency,1.00000,1.00000,0.34855,0.37024,0.02168,487.00000,188.00000,2.00000,3.00000,188.00000,487.00000,159.00000,129.00000,199.00000,0.00000,0.32649,0.26489,0.40862,152.00000,36.00000,188.00000,0.38604,0.38604,0.55390,1.44739,2.17682,,,1.13804,1.10250,1.13976,,,,,,"[0.4,0.6)",Q2
YAGO3-10,structural_r2d3,27.00000,isLeaderOf,957.00000,5.00000,4.00000,0.06240,0.06240,0.00000,0.00000,neutral,rule_only,1.00000,0.00000,0.10189,0.10189,0.00000,206.00000,57.00000,2.00000,0.00000,0.00000,206.00000,47.00000,92.00000,67.00000,0.00000,0.22816,0.44660,0.32524,49.00000,8.00000,57.00000,0.27670,0.27670,0.93760,1.57604,2.37977,,,1.00000,1.00000,1.00000,,,,,,"[0.0,0.2)",Q2
YAGO3-10,structural_r2d3,28.00000,dealsWith,1302.00000,11.00000,7.00000,0.31654,0.31470,-0.00183,-0.57933,neutral,dependency,1.00000,1.00000,0.33492,0.39407,0.05916,5173.00000,15381.00000,2.00000,3.00000,15381.00000,5173.00000,160.00000,2636.00000,2375.00000,2.00000,0.03093,0.50957,0.45911,9040.00000,6341.00000,15381.00000,2.97332,2.97332,0.68346,0.74177,0.74273,,,1.01474,1.01475,1.01457,,,,,,"[0.2,0.4)",Q4
YAGO3-10,structural_r2d3,29.00000,livesIn,2980.00000,20.00000,11.00000,0.19488,0.19488,0.00000,0.00000,neutral,rule_only,1.00000,0.00000,0.32336,0.32336,0.00000,825.00000,597.00000,2.00000,0.00000,0.00000,825.00000,164.00000,322.00000,336.00000,3.00000,0.19879,0.39030,0.40727,577.00000,20.00000,597.00000,0.72364,0.72364,0.80512,1.33995,2.26740,,,1.00000,1.00000,1.00000,,,,,,"[0.0,0.2)",Q2
YAGO3-10,structural_r2d3,30.00000,hasCapital,2566.00000,10.00000,13.00000,0.64077,0.64077,0.00000,0.00000,neutral,rule_only,1.00000,0.00000,0.38967,0.38967,0.00000,174.00000,109.00000,2.00000,0.00000,0.00000,174.00000,62.00000,31.00000,81.00000,0.00000,0.35632,0.17816,0.46552,109.00000,0.00000,109.00000,0.62644,0.62644,0.35923,1.92478,2.46528,,,1.00000,,1.00000,,,,,,"[0.6,1.0]",Q2
YAGO3-10,structural_r2d3,31.00000,hasNeighbor,555.00000,1.00000,2.00000,1.00000,1.00000,0.00000,0.00000,neutral,rule_only,1.00000,0.00000,1.00000,1.00000,0.00000,1291.00000,1826.00000,2.00000,0.00000,0.00000,1291.00000,139.00000,398.00000,754.00000,0.00000,0.10767,0.30829,0.58404,1745.00000,81.00000,1826.00000,1.41441,1.41441,0.00000,1.00000,1.00000,,,1.00000,1.00000,1.00000,,,,,,"[0.6,1.0]",Q3
YAGO3-10,structural_r2d3,32.00000,exports,378.00000,0.00000,3.00000,0.13292,0.13292,0.00000,0.00000,neutral,rule_only,1.00000,0.00000,0.00000,0.00000,0.00000,743.00000,1173.00000,2.00000,0.00000,0.00000,743.00000,42.00000,340.00000,361.00000,0.00000,0.05653,0.45760,0.48587,1089.00000,84.00000,1173.00000,1.57873,1.57873,0.86708,1.00000,1.00000,,,1.00000,1.00000,1.00000,,,,,,"[0.0,0.2)",Q3
YAGO3-10,structural_r2d3,33.00000,owns,726.00000,2.00000,5.00000,0.24370,0.24370,0.00000,0.00000,neutral,rule_only,1.00000,0.00000,0.26924,0.26924,0.00000,289.00000,588.00000,2.00000,0.00000,0.00000,289.00000,27.00000,189.00000,73.00000,0.00000,0.09343,0.65398,0.25260,575.00000,13.00000,588.00000,2.03460,2.03460,0.75630,1.00000,1.00000,,,1.00000,1.00000,1.00000,,,,,,"[0.2,0.4)",Q3
YAGO3-10,structural_r2d3,34.00000,hasCurrency,109.00000,1.00000,0.00000,0.00000,0.00000,0.00000,0.00000,neutral,rule_only,1.00000,0.00000,0.83333,0.83333,0.00000,105.00000,27.00000,2.00000,0.00000,0.00000,105.00000,15.00000,36.00000,54.00000,0.00000,0.14286,0.34286,0.51429,25.00000,2.00000,27.00000,0.25714,0.25714,1.00000,1.00000,1.00000,,,1.00000,,1.00000,,,,,,"[0.0,0.2)",Q2
YAGO3-10,structural_r2d3,35.00000,hasWebsite,68.00000,0.00000,1.00000,0.50001,0.50001,0.00000,0.00000,neutral,rule_only,0.00000,0.00000,0.00000,,,5.00000,0.00000,2.00000,0.00000,0.00000,5.00000,1.00000,3.00000,1.00000,0.00000,0.20000,0.60000,0.20000,0.00000,0.00000,0.00000,0.00000,0.00000,0.49999,1.00000,1.00000,,,,,,,,,,,"[0.4,0.6)",Q1
YAGO3-10,structural_r2d3,36.00000,isKnownFor,19.00000,0.00000,0.00000,0.00000,0.00000,0.00000,0.00000,neutral,rule_only,0.00000,0.00000,0.00000,,,3.00000,0.00000,1.00000,0.00000,0.00000,3.00000,3.00000,0.00000,0.00000,0.00000,1.00000,0.00000,0.00000,0.00000,0.00000,0.00000,0.00000,0.00000,1.00000,1.00000,,,,,,,,,,,,"[0.0,0.2)",Q1
codex-l,structural_none,0.00000,P27,60262.00000,3310.00000,3277.00000,0.46692,0.46889,0.00197,0.42150,neutral,dependency,1.00000,1.00000,0.46072,0.46276,0.00204,15451.00000,6044.00000,0.00000,0.00000,0.00000,15451.00000,933.00000,12826.00000,1634.00000,58.00000,0.06038,0.83011,0.10575,4435.00000,1609.00000,6044.00000,0.39117,0.39117,0.53308,,,,,,,,,,,,,"[0.4,0.6)",Q2
codex-l,structural_none,1.00000,P17,7230.00000,397.00000,396.00000,0.64361,0.63856,-0.00505,-0.78459,neutral,dependency,1.00000,1.00000,0.59403,0.60103,0.00700,4934.00000,5587.00000,0.00000,0.00000,0.00000,4934.00000,688.00000,2523.00000,1715.00000,8.00000,0.13944,0.51135,0.34759,5098.00000,489.00000,5587.00000,1.13235,1.13235,0.35639,,,,,,,,,,,,,"[0.6,1.0]",Q3
codex-l,structural_none,2.00000,P106,169091.00000,9415.00000,9426.00000,0.29373,0.30009,0.00636,2.16397,neutral,dependency,1.00000,1.00000,0.29065,0.29808,0.00743,68036.00000,44267.00000,0.00000,0.00000,0.00000,68036.00000,277.00000,54094.00000,13510.00000,155.00000,0.00407,0.79508,0.19857,37088.00000,7179.00000,44267.00000,0.65064,0.65064,0.70627,,,,,,,,,,,,,"[0.2,0.4)",Q2
codex-l,structural_none,3.00000,P19,35979.00000,1944.00000,1925.00000,0.17298,0.17407,0.00109,0.63160,neutral,dependency,1.00000,1.00000,0.18028,0.18028,0.00001,5930.00000,1718.00000,0.00000,0.00000,0.00000,5930.00000,391.00000,4510.00000,988.00000,41.00000,0.06594,0.76054,0.16661,1447.00000,271.00000,1718.00000,0.28971,0.28971,0.82702,,,,,,,,,,,,,"[0.0,0.2)",Q2
codex-l,structural_none,4.00000,P102,11453.00000,654.00000,631.00000,0.33887,0.33887,0.00000,0.00000,neutral,rule_only,1.00000,0.00000,0.33863,0.33863,0.00000,2774.00000,1529.00000,0.00000,0.00000,0.00000,2774.00000,89.00000,2249.00000,420.00000,16.00000,0.03208,0.81074,0.15141,1453.00000,76.00000,1529.00000,0.55119,0.55119,0.66113,,,,,,,,,,,,,"[0.2,0.4)",Q2
codex-l,structural_none,5.00000,P69,30318.00000,1713.00000,1687.00000,0.17258,0.17346,0.00087,0.50614,neutral,dependency,1.00000,1.00000,0.16743,0.16896,0.00152,7157.00000,394.00000,0.00000,0.00000,0.00000,7157.00000,129.00000,5575.00000,1419.00000,34.00000,0.01802,0.77896,0.19827,335.00000,59.00000,394.00000,0.05505,0.05505,0.82742,,,,,,,,,,,,,"[0.0,0.2)",Q1
codex-l,structural_none,6.00000,P136,24352.00000,1328.00000,1401.00000,0.25266,0.25566,0.00300,1.18756,neutral,dependency,1.00000,1.00000,0.24923,0.25428,0.00505,9433.00000,4950.00000,0.00000,0.00000,0.00000,9433.00000,160.00000,6793.00000,2433.00000,47.00000,0.01696,0.72013,0.25792,4090.00000,860.00000,4950.00000,0.52475,0.52475,0.74734,,,,,,,,,,,,,"[0.2,0.4)",Q2
codex-l,structural_none,7.00000,P463,17057.00000,921.00000,970.00000,0.36319,0.36319,0.00000,0.00000,neutral,rule_only,1.00000,0.00000,0.35309,0.35309,0.00000,35931.00000,125322.00000,0.00000,0.00000,0.00000,35931.00000,254.00000,32627.00000,3010.00000,40.00000,0.00707,0.90805,0.08377,53460.00000,71862.00000,125322.00000,3.48785,3.48785,0.63681,,,,,,,,,,,,,"[0.2,0.4)",Q4
codex-l,structural_none,8.00000,P131,5915.00000,344.00000,322.00000,0.59749,0.60822,0.01073,1.79609,neutral,dependency,1.00000,1.00000,0.58349,0.58771,0.00422,3449.00000,1184.00000,0.00000,0.00000,0.00000,3449.00000,234.00000,2227.00000,981.00000,7.00000,0.06785,0.64569,0.28443,577.00000,607.00000,1184.00000,0.34329,0.34329,0.40251,,,,,,,,,,,,,"[0.4,0.6)",Q2
codex-l,structural_none,9.00000,P1412,34372.00000,1952.00000,1993.00000,0.47885,0.47885,0.00000,0.00000,neutral,rule_only,1.00000,0.00000,0.47500,0.47500,0.00000,8987.00000,9302.00000,0.00000,0.00000,0.00000,8987.00000,347.00000,7673.00000,939.00000,28.00000,0.03861,0.85379,0.10448,8403.00000,899.00000,9302.00000,1.03505,1.03505,0.52115,,,,,,,,,,,,,"[0.4,0.6)",Q3
codex-l,structural_none,10.00000,P140,6006.00000,326.00000,346.00000,0.30210,0.30802,0.00592,1.95932,neutral,dependency,1.00000,1.00000,0.35515,0.35658,0.00143,2217.00000,710.00000,0.00000,0.00000,0.00000,2217.00000,127.00000,1586.00000,491.00000,13.00000,0.05728,0.71538,0.22147,659.00000,51.00000,710.00000,0.32025,0.32025,0.69790,,,,,,,,,,,,,"[0.2,0.4)",Q2
codex-l,structural_none,11.00000,P1303,10609.00000,584.00000,584.00000,0.41865,0.42518,0.00653,1.55860,neutral,dependency,1.00000,1.00000,0.42290,0.42842,0.00552,3045.00000,2954.00000,0.00000,0.00000,0.00000,3045.00000,85.00000,2503.00000,445.00000,12.00000,0.02791,0.82200,0.14614,2428.00000,526.00000,2954.00000,0.97011,0.97011,0.58135,,,,,,,,,,,,,"[0.4,0.6)",Q3
codex-l,structural_none,12.00000,P3373,2618.00000,135.00000,132.00000,0.99697,0.99697,0.00000,0.00000,neutral,dependency,1.00000,1.00000,0.99285,0.99636,0.00352,3660.00000,8384.00000,0.00000,0.00000,0.00000,3660.00000,138.00000,3069.00000,453.00000,0.00000,0.03770,0.83852,0.12377,1064.00000,7320.00000,8384.00000,2.29071,2.29071,0.00303,,,,,,,,,,,,,"[0.6,1.0]",Q4
codex-l,structural_none,13.00000,P20,22132.00000,1218.00000,1230.00000,0.25974,0.26105,0.00132,0.50701,neutral,dependency,1.00000,1.00000,0.26224,0.26233,0.00009,4330.00000,2240.00000,0.00000,0.00000,0.00000,4330.00000,339.00000,3308.00000,658.00000,25.00000,0.07829,0.76397,0.15196,2127.00000,113.00000,2240.00000,0.51732,0.51732,0.74026,,,,,,,,,,,,,"[0.2,0.4)",Q2
codex-l,structural_none,14.00000,P47,7229.00000,434.00000,427.00000,0.86297,0.86468,0.00171,0.19848,neutral,dependency,1.00000,1.00000,0.86209,0.86297,0.00088,10275.00000,7929.00000,0.00000,0.00000,0.00000,10275.00000,398.00000,5403.00000,4474.00000,0.00000,0.03873,0.52584,0.43543,6691.00000,1238.00000,7929.00000,0.77168,0.77168,0.13703,,,,,,,,,,,,,"[0.6,1.0]",Q2
codex-l,structural_none,15.00000,P26,1974.00000,107.00000,111.00000,0.86234,0.86234,0.00000,0.00000,neutral,rule_only,1.00000,0.00000,0.84018,0.84018,0.00000,13.00000,4.00000,0.00000,0.00000,0.00000,13.00000,13.00000,0.00000,0.00000,0.00000,1.00000,0.00000,0.00000,0.00000,4.00000,4.00000,0.30769,0.30769,0.13766,,,,,,,,,,,,,"[0.6,1.0]",Q2
codex-l,structural_none,16.00000,P119,6013.00000,347.00000,324.00000,0.29132,0.29132,0.00000,0.00000,neutral,rule_only,1.00000,0.00000,0.25625,0.25625,0.00000,1536.00000,252.00000,0.00000,0.00000,0.00000,1536.00000,82.00000,1163.00000,286.00000,5.00000,0.05339,0.75716,0.18620,248.00000,4.00000,252.00000,0.16406,0.16406,0.70868,,,,,,,,,,,,,"[0.2,0.4)",Q2
codex-l,structural_none,17.00000,P161,23171.00000,1259.00000,1239.00000,0.08128,0.08448,0.00320,3.94217,positive,dependency,1.00000,1.00000,0.07363,0.07528,0.00165,7641.00000,475.00000,0.00000,0.00000,0.00000,7641.00000,68.00000,3689.00000,3884.00000,0.00000,0.00890,0.48279,0.50831,402.00000,73.00000,475.00000,0.06216,0.06216,0.91872,,,,,,,,,,,,,"[0.0,0.2)",Q1
codex-l,structural_none,18.00000,P264,7063.00000,393.00000,390.00000,0.15137,0.15312,0.00175,1.15377,neutral,dependency,1.00000,1.00000,0.14404,0.14779,0.00375,2992.00000,281.00000,0.00000,0.00000,0.00000,2992.00000,120.00000,1982.00000,878.00000,12.00000,0.04011,0.66243,0.29345,270.00000,11.00000,281.00000,0.09392,0.09392,0.84863,,,,,,,,,,,,,"[0.0,0.2)",Q1
codex-l,structural_none,19.00000,P101,5185.00000,309.00000,286.00000,0.27316,0.27304,-0.00011,-0.04094,neutral,dependency,1.00000,1.00000,0.23413,0.23532,0.00119,1594.00000,430.00000,0.00000,0.00000,0.00000,1594.00000,50.00000,1150.00000,388.00000,6.00000,0.03137,0.72146,0.24341,429.00000,1.00000,430.00000,0.26976,0.26976,0.72684,,,,,,,,,,,,,"[0.2,0.4)",Q2
codex-l,structural_none,20.00000,P108,11999.00000,648.00000,644.00000,0.19558,0.19558,0.00000,0.00000,neutral,rule_only,1.00000,0.00000,0.17699,0.17699,0.00000,3189.00000,193.00000,0.00000,0.00000,0.00000,3189.00000,81.00000,2448.00000,652.00000,8.00000,0.02540,0.76764,0.20445,191.00000,2.00000,193.00000,0.06052,0.06052,0.80442,,,,,,,,,,,,,"[0.0,0.2)",Q1
codex-l,structural_none,21.00000,P737,1634.00000,84.00000,90.00000,0.11394,0.11699,0.00305,2.67253,neutral,dependency,1.00000,1.00000,0.08244,0.08331,0.00086,622.00000,13.00000,0.00000,0.00000,0.00000,622.00000,21.00000,308.00000,293.00000,0.00000,0.03376,0.49518,0.47106,13.00000,0.00000,13.00000,0.02090,0.02090,0.88606,,,,,,,,,,,,,"[0.0,0.2)",Q1
codex-l,structural_none,22.00000,P740,1140.00000,70.00000,72.00000,0.23119,0.23654,0.00535,2.31408,neutral,dependency,1.00000,1.00000,0.25440,0.25980,0.00541,191.00000,43.00000,0.00000,0.00000,0.00000,191.00000,71.00000,71.00000,49.00000,0.00000,0.37173,0.37173,0.25654,41.00000,2.00000,43.00000,0.22513,0.22513,0.76881,,,,,,,,,,,,,"[0.2,0.4)",Q2
codex-l,structural_none,23.00000,P530,5640.00000,330.00000,315.00000,0.76431,0.76431,0.00000,0.00000,neutral,rule_only,1.00000,0.00000,0.77805,0.77805,0.00000,53284.00000,213136.00000,0.00000,0.00000,0.00000,53284.00000,376.00000,47166.00000,5730.00000,12.00000,0.00706,0.88518,0.10754,106568.00000,106568.00000,213136.00000,4.00000,4.00000,0.23569,,,,,,,,,,,,,"[0.6,1.0]",Q4
codex-l,structural_none,24.00000,P509,6558.00000,365.00000,392.00000,0.16609,0.16638,0.00029,0.17428,neutral,dependency,1.00000,1.00000,0.16181,0.16187,0.00005,1950.00000,67.00000,0.00000,0.00000,0.00000,1950.00000,42.00000,1355.00000,538.00000,15.00000,0.02154,0.69487,0.27590,66.00000,1.00000,67.00000,0.03436,0.03436,0.83391,,,,,,,,,,,,,"[0.0,0.2)",Q1
codex-l,structural_none,25.00000,P495,6413.00000,404.00000,337.00000,0.46665,0.47264,0.00599,1.28365,neutral,dependency,1.00000,1.00000,0.47172,0.48295,0.01124,3344.00000,3191.00000,0.00000,0.00000,0.00000,3344.00000,279.00000,2662.00000,395.00000,8.00000,0.08343,0.79605,0.11812,2545.00000,646.00000,3191.00000,0.95425,0.95425,0.53335,,,,,,,,,,,,,"[0.4,0.6)",Q3
codex-l,structural_none,26.00000,P551,3774.00000,194.00000,245.00000,0.19397,0.19858,0.00461,2.37674,neutral,dependency,1.00000,1.00000,0.19351,0.19920,0.00569,877.00000,38.00000,0.00000,0.00000,0.00000,877.00000,116.00000,407.00000,351.00000,3.00000,0.13227,0.46408,0.40023,38.00000,0.00000,38.00000,0.04333,0.04333,0.80603,,,,,,,,,,,,,"[0.0,0.2)",Q1
codex-l,structural_none,27.00000,P113,241.00000,24.00000,20.00000,0.40225,0.41679,0.01455,3.61636,positive,dependency,1.00000,1.00000,0.57663,0.57930,0.00266,76.00000,33.00000,0.00000,0.00000,0.00000,76.00000,37.00000,9.00000,30.00000,0.00000,0.48684,0.11842,0.39474,33.00000,0.00000,33.00000,0.43421,0.43421,0.59775,,,,,,,,,,,,,"[0.4,0.6)",Q2
codex-l,structural_none,28.00000,P37,2197.00000,118.00000,111.00000,0.55679,0.55136,-0.00543,-0.97473,neutral,dependency,1.00000,1.00000,0.52329,0.53522,0.01193,1579.00000,6174.00000,0.00000,0.00000,0.00000,1579.00000,163.00000,1059.00000,352.00000,5.00000,0.10323,0.67068,0.22293,3158.00000,3016.00000,6174.00000,3.91007,3.91007,0.44321,,,,,,,,,,,,,"[0.4,0.6)",Q4
codex-l,structural_none,29.00000,P840,2948.00000,156.00000,155.00000,0.19085,0.19127,0.00042,0.22115,neutral,dependency,1.00000,1.00000,0.18810,0.18939,0.00128,1106.00000,135.00000,0.00000,0.00000,0.00000,1106.00000,83.00000,555.00000,464.00000,4.00000,0.07505,0.50181,0.41953,121.00000,14.00000,135.00000,0.12206,0.12206,0.80915,,,,,,,,,,,,,"[0.0,0.2)",Q1
codex-l,structural_none,30.00000,P36,621.00000,31.00000,46.00000,0.47077,0.47885,0.00809,1.71759,neutral,dependency,1.00000,1.00000,0.48428,0.49567,0.01139,255.00000,418.00000,0.00000,0.00000,0.00000,255.00000,111.00000,50.00000,94.00000,0.00000,0.43529,0.19608,0.36863,408.00000,10.00000,418.00000,1.63922,1.63922,0.52923,,,,,,,,,,,,,"[0.4,0.6)",Q3
codex-l,structural_none,31.00000,P172,3605.00000,210.00000,197.00000,0.44539,0.44877,0.00338,0.75850,neutral,dependency,1.00000,1.00000,0.39885,0.40152,0.00267,1744.00000,1717.00000,0.00000,0.00000,0.00000,1744.00000,109.00000,1302.00000,328.00000,5.00000,0.06250,0.74656,0.18807,1270.00000,447.00000,1717.00000,0.98452,0.98452,0.55461,,,,,,,,,,,,,"[0.4,0.6)",Q3
codex-l,structural_none,32.00000,P54,668.00000,38.00000,38.00000,0.28954,0.28833,-0.00121,-0.41767,neutral,dependency,1.00000,1.00000,0.26118,0.26947,0.00829,323.00000,18.00000,0.00000,0.00000,0.00000,323.00000,13.00000,196.00000,114.00000,0.00000,0.04025,0.60681,0.35294,17.00000,1.00000,18.00000,0.05573,0.05573,0.71046,,,,,,,,,,,,,"[0.2,0.4)",Q1
codex-l,structural_none,33.00000,P407,936.00000,47.00000,50.00000,0.51791,0.52230,0.00439,0.84765,neutral,dependency,1.00000,1.00000,0.52556,0.52723,0.00167,219.00000,228.00000,0.00000,0.00000,0.00000,219.00000,62.00000,112.00000,43.00000,2.00000,0.28311,0.51142,0.19635,185.00000,43.00000,228.00000,1.04110,1.04110,0.48209,,,,,,,,,,,,,"[0.4,0.6)",Q3
codex-l,structural_none,34.00000,P2348,499.00000,18.00000,35.00000,0.42186,0.42190,0.00004,0.00990,neutral,dependency,1.00000,1.00000,0.41781,0.41810,0.00029,230.00000,125.00000,0.00000,0.00000,0.00000,230.00000,53.00000,120.00000,55.00000,2.00000,0.23043,0.52174,0.23913,119.00000,6.00000,125.00000,0.54348,0.54348,0.57814,,,,,,,,,,,,,"[0.4,0.6)",Q2
codex-l,structural_none,35.00000,P159,842.00000,49.00000,32.00000,0.34518,0.35607,0.01089,3.15393,positive,dependency,1.00000,1.00000,0.37377,0.37528,0.00150,204.00000,85.00000,0.00000,0.00000,0.00000,204.00000,84.00000,50.00000,70.00000,0.00000,0.41176,0.24510,0.34314,85.00000,0.00000,85.00000,0.41667,0.41667,0.65482,,,,,,,,,,,,,"[0.2,0.4)",Q2
codex-l,structural_none,36.00000,P40,1678.00000,92.00000,84.00000,0.46421,0.46476,0.00055,0.11753,neutral,dependency,1.00000,1.00000,0.49647,0.49710,0.00062,257.00000,238.00000,0.00000,0.00000,0.00000,257.00000,66.00000,145.00000,46.00000,0.00000,0.25681,0.56420,0.17899,0.00000,238.00000,238.00000,0.92607,0.92607,0.53579,,,,,,,,,,,,,"[0.4,0.6)",Q3
codex-l,structural_none,37.00000,P641,3024.00000,166.00000,185.00000,0.54912,0.54725,-0.00187,-0.34133,neutral,dependency,1.00000,1.00000,0.57066,0.57227,0.00161,655.00000,137.00000,0.00000,0.00000,0.00000,655.00000,45.00000,455.00000,149.00000,6.00000,0.06870,0.69466,0.22748,100.00000,37.00000,137.00000,0.20916,0.20916,0.45088,,,,,,,,,,,,,"[0.4,0.6)",Q2
codex-l,structural_none,38.00000,P1050,702.00000,36.00000,35.00000,0.31431,0.31380,-0.00051,-0.16341,neutral,dependency,1.00000,1.00000,0.29555,0.29641,0.00086,206.00000,3.00000,0.00000,0.00000,0.00000,206.00000,8.00000,121.00000,77.00000,0.00000,0.03883,0.58738,0.37379,3.00000,0.00000,3.00000,0.01456,0.01456,0.68569,,,,,,,,,,,,,"[0.2,0.4)",Q1
codex-l,structural_none,39.00000,P135,832.00000,50.00000,51.00000,0.28819,0.29703,0.00884,3.06807,positive,dependency,1.00000,1.00000,0.22668,0.22856,0.00188,288.00000,17.00000,0.00000,0.00000,0.00000,288.00000,26.00000,189.00000,73.00000,0.00000,0.09028,0.65625,0.25347,17.00000,0.00000,17.00000,0.05903,0.05903,0.71181,,,,,,,,,,,,,"[0.2,0.4)",Q1
codex-l,structural_none,40.00000,P57,1533.00000,76.00000,78.00000,0.29565,0.29997,0.00432,1.46127,neutral,dependency,1.00000,1.00000,0.29401,0.30402,0.01001,293.00000,7.00000,0.00000,0.00000,0.00000,293.00000,22.00000,153.00000,118.00000,0.00000,0.07509,0.52218,0.40273,7.00000,0.00000,7.00000,0.02389,0.02389,0.70435,,,,,,,,,,,,,"[0.2,0.4)",Q1
codex-l,structural_none,41.00000,P2283,132.00000,6.00000,6.00000,0.52168,0.52168,0.00000,0.00000,neutral,rule_only,1.00000,0.00000,0.53208,0.53208,0.00000,52.00000,8.00000,0.00000,0.00000,0.00000,52.00000,14.00000,16.00000,22.00000,0.00000,0.26923,0.30769,0.42308,6.00000,2.00000,8.00000,0.15385,0.15385,0.47832,,,,,,,,,,,,,"[0.4,0.6)",Q2
codex-l,structural_none,42.00000,P112,265.00000,13.00000,15.00000,0.10273,0.10273,0.00000,0.00000,neutral,rule_only,0.00000,0.00000,0.07248,,,4.00000,0.00000,0.00000,0.00000,0.00000,4.00000,3.00000,0.00000,1.00000,0.00000,0.75000,0.00000,0.25000,0.00000,0.00000,0.00000,0.00000,0.00000,0.89727,,,,,,,,,,,,,"[0.0,0.2)",Q1
codex-l,structural_none,43.00000,P749,330.00000,25.00000,18.00000,0.27503,0.29261,0.01758,6.39250,positive,dependency,1.00000,1.00000,0.27460,0.29197,0.01737,85.00000,14.00000,0.00000,0.00000,0.00000,85.00000,30.00000,19.00000,36.00000,0.00000,0.35294,0.22353,0.42353,14.00000,0.00000,14.00000,0.16471,0.16471,0.72497,,,,,,,,,,,,,"[0.2,0.4)",Q2
codex-l,structural_none,44.00000,P30,1004.00000,52.00000,54.00000,0.59138,0.58984,-0.00154,-0.26095,neutral,dependency,1.00000,1.00000,0.56648,0.56799,0.00151,1199.00000,4123.00000,0.00000,0.00000,0.00000,1199.00000,129.00000,912.00000,156.00000,2.00000,0.10759,0.76063,0.13011,1725.00000,2398.00000,4123.00000,3.43870,3.43870,0.40862,,,,,,,,,,,,,"[0.4,0.6)",Q4
codex-l,structural_none,45.00000,P466,77.00000,2.00000,4.00000,0.52353,0.52353,0.00000,0.00000,neutral,rule_only,1.00000,0.00000,0.29167,0.29167,0.00000,13.00000,3.00000,0.00000,0.00000,0.00000,13.00000,4.00000,2.00000,7.00000,0.00000,0.30769,0.15385,0.53846,3.00000,0.00000,3.00000,0.23077,0.23077,0.47647,,,,,,,,,,,,,"[0.4,0.6)",Q2
codex-l,structural_none,46.00000,P4552,258.00000,21.00000,19.00000,0.43523,0.44333,0.00810,1.86138,neutral,dependency,1.00000,1.00000,0.54220,0.55807,0.01587,124.00000,9.00000,0.00000,0.00000,0.00000,124.00000,6.00000,74.00000,44.00000,0.00000,0.04839,0.59677,0.35484,9.00000,0.00000,9.00000,0.07258,0.07258,0.56477,,,,,,,,,,,,,"[0.4,0.6)",Q1
codex-l,structural_none,47.00000,P780,168.00000,10.00000,6.00000,0.33114,0.33114,0.00000,0.00000,neutral,dependency,1.00000,1.00000,0.22178,0.22214,0.00037,102.00000,24.00000,0.00000,0.00000,0.00000,102.00000,4.00000,55.00000,43.00000,0.00000,0.03922,0.53922,0.42157,7.00000,17.00000,24.00000,0.23529,0.23529,0.66886,,,,,,,,,,,,,"[0.2,0.4)",Q2
codex-l,structural_none,48.00000,P361,1138.00000,63.00000,69.00000,0.53333,0.53296,-0.00037,-0.06989,neutral,dependency,1.00000,1.00000,0.55807,0.56436,0.00629,964.00000,1044.00000,0.00000,0.00000,0.00000,964.00000,95.00000,637.00000,231.00000,1.00000,0.09855,0.66079,0.23963,801.00000,243.00000,1044.00000,1.08299,1.08299,0.46667,,,,,,,,,,,,,"[0.4,0.6)",Q3
codex-l,structural_none,49.00000,P123,147.00000,8.00000,7.00000,0.27314,0.27314,0.00000,0.00000,neutral,rule_only,1.00000,0.00000,0.26125,0.26125,0.00000,53.00000,9.00000,0.00000,0.00000,0.00000,53.00000,6.00000,26.00000,21.00000,0.00000,0.11321,0.49057,0.39623,9.00000,0.00000,9.00000,0.16981,0.16981,0.72686,,,,,,,,,,,,,"[0.2,0.4)",Q2
codex-l,structural_none,50.00000,P2176,113.00000,7.00000,3.00000,0.71389,0.71389,0.00000,0.00000,neutral,rule_only,1.00000,0.00000,0.54962,0.54962,0.00000,122.00000,25.00000,0.00000,0.00000,0.00000,122.00000,2.00000,83.00000,37.00000,0.00000,0.01639,0.68033,0.30328,5.00000,20.00000,25.00000,0.20492,0.20492,0.28611,,,,,,,,,,,,,"[0.6,1.0]",Q2
codex-l,structural_none,51.00000,P452,108.00000,1.00000,7.00000,0.30238,0.30238,0.00000,0.00000,neutral,rule_only,1.00000,0.00000,0.50001,0.50001,0.00000,41.00000,8.00000,0.00000,0.00000,0.00000,41.00000,9.00000,7.00000,25.00000,0.00000,0.21951,0.17073,0.60976,8.00000,0.00000,8.00000,0.19512,0.19512,0.69762,,,,,,,,,,,,,"[0.2,0.4)",Q2
codex-l,structural_none,52.00000,P138,324.00000,16.00000,21.00000,0.11234,0.11234,0.00000,0.00000,neutral,rule_only,1.00000,0.00000,0.20549,0.20549,0.00000,33.00000,4.00000,0.00000,0.00000,0.00000,33.00000,25.00000,5.00000,3.00000,0.00000,0.75758,0.15152,0.09091,3.00000,1.00000,4.00000,0.12121,0.12121,0.88766,,,,,,,,,,,,,"[0.0,0.2)",Q1
codex-l,structural_none,53.00000,P451,601.00000,42.00000,27.00000,0.84259,0.84259,0.00000,0.00000,neutral,rule_only,0.00000,0.00000,0.62699,,,5.00000,0.00000,0.00000,0.00000,0.00000,5.00000,3.00000,0.00000,2.00000,0.00000,0.60000,0.00000,0.40000,0.00000,0.00000,0.00000,0.00000,0.00000,0.15741,,,,,,,,,,,,,"[0.6,1.0]",Q1
codex-l,structural_none,54.00000,P114,97.00000,5.00000,1.00000,0.53846,0.53846,0.00000,0.00000,neutral,dependency,1.00000,1.00000,0.54433,0.54501,0.00068,40.00000,12.00000,0.00000,0.00000,0.00000,40.00000,7.00000,8.00000,25.00000,0.00000,0.17500,0.20000,0.62500,12.00000,0.00000,12.00000,0.30000,0.30000,0.46154,,,,,,,,,,,,,"[0.4,0.6)",Q2
codex-l,structural_none,55.00000,P170,376.00000,23.00000,28.00000,0.77296,0.77296,0.00000,0.00000,neutral,rule_only,1.00000,0.00000,0.64087,0.64087,0.00000,168.00000,49.00000,0.00000,0.00000,0.00000,168.00000,11.00000,102.00000,55.00000,0.00000,0.06548,0.60714,0.32738,15.00000,34.00000,49.00000,0.29167,0.29167,0.22704,,,,,,,,,,,,,"[0.6,1.0]",Q2
codex-l,structural_none,56.00000,P1454,163.00000,5.00000,2.00000,0.15133,0.15133,0.00000,0.00000,neutral,dependency,1.00000,1.00000,0.38347,0.38364,0.00017,66.00000,20.00000,0.00000,0.00000,0.00000,66.00000,12.00000,18.00000,36.00000,0.00000,0.18182,0.27273,0.54545,17.00000,3.00000,20.00000,0.30303,0.30303,0.84867,,,,,,,,,,,,,"[0.0,0.2)",Q2
codex-l,structural_none,57.00000,P50,138.00000,18.00000,11.00000,0.42481,0.41724,-0.00758,-1.78331,neutral,dependency,1.00000,1.00000,0.38706,0.38891,0.00185,46.00000,1.00000,0.00000,0.00000,0.00000,46.00000,7.00000,26.00000,13.00000,0.00000,0.15217,0.56522,0.28261,1.00000,0.00000,1.00000,0.02174,0.02174,0.57519,,,,,,,,,,,,,"[0.4,0.6)",Q1
codex-l,structural_none,58.00000,P488,75.00000,2.00000,4.00000,0.06250,0.06250,0.00000,0.00000,neutral,rule_only,1.00000,0.00000,0.26667,0.26667,0.00000,15.00000,2.00000,0.00000,0.00000,0.00000,15.00000,5.00000,8.00000,2.00000,0.00000,0.33333,0.53333,0.13333,2.00000,0.00000,2.00000,0.13333,0.13333,0.93750,,,,,,,,,,,,,"[0.0,0.2)",Q1
codex-l,structural_none,59.00000,P1995,58.00000,5.00000,4.00000,0.45395,0.45395,0.00000,0.00000,neutral,rule_only,1.00000,0.00000,0.55286,0.55286,0.00000,23.00000,3.00000,0.00000,0.00000,0.00000,23.00000,2.00000,14.00000,7.00000,0.00000,0.08696,0.60870,0.30435,0.00000,3.00000,3.00000,0.13043,0.13043,0.54605,,,,,,,,,,,,,"[0.4,0.6)",Q1
codex-l,structural_none,60.00000,P84,43.00000,0.00000,2.00000,0.56478,0.56478,0.00000,0.00000,neutral,rule_only,0.00000,0.00000,0.00000,,,14.00000,0.00000,0.00000,0.00000,0.00000,14.00000,2.00000,6.00000,6.00000,0.00000,0.14286,0.42857,0.42857,0.00000,0.00000,0.00000,0.00000,0.00000,0.43522,,,,,,,,,,,,,"[0.4,0.6)",Q1
codex-l,structural_none,61.00000,P169,16.00000,0.00000,1.00000,0.00001,0.00001,0.00000,0.00000,neutral,rule_only,0.00000,0.00000,0.00000,,,9.00000,0.00000,0.00000,0.00000,0.00000,9.00000,5.00000,1.00000,3.00000,0.00000,0.55556,0.11111,0.33333,0.00000,0.00000,0.00000,0.00000,0.00000,0.99999,,,,,,,,,,,,,"[0.0,0.2)",Q1
codex-l,structural_none,62.00000,P1056,11.00000,0.00000,0.00000,0.00000,0.00000,0.00000,0.00000,neutral,rule_only,0.00000,0.00000,0.00000,,,3.00000,0.00000,0.00000,0.00000,0.00000,3.00000,0.00000,0.00000,3.00000,0.00000,0.00000,0.00000,1.00000,0.00000,0.00000,0.00000,0.00000,0.00000,1.00000,,,,,,,,,,,,,"[0.0,0.2)",Q1
codex-l,structural_none,63.00000,P149,15.00000,0.00000,2.00000,0.00001,0.00001,0.00000,0.00000,neutral,rule_only,0.00000,0.00000,0.00000,,,2.00000,0.00000,0.00000,0.00000,0.00000,2.00000,0.00000,1.00000,1.00000,0.00000,0.00000,0.50000,0.50000,0.00000,0.00000,0.00000,0.00000,0.00000,0.99999,,,,,,,,,,,,,"[0.0,0.2)",Q1
codex-l,structural_none,64.00000,P194,11.00000,1.00000,0.00000,0.00000,0.00000,0.00000,0.00000,neutral,rule_only,0.00000,0.00000,0.59091,,,12.00000,0.00000,0.00000,0.00000,0.00000,12.00000,3.00000,4.00000,5.00000,0.00000,0.25000,0.33333,0.41667,0.00000,0.00000,0.00000,0.00000,0.00000,1.00000,,,,,,,,,,,,,"[0.0,0.2)",Q1
codex-m,structural_r3d6,0.00000,P161,8366.00000,435.00000,448.00000,0.11826,0.11826,0.00000,0.00000,neutral,rule_only,1.00000,0.00000,0.08649,0.08649,0.00000,6332.00000,287.00000,3.00000,0.00000,0.00000,6332.00000,74.00000,3371.00000,2887.00000,0.00000,0.01169,0.53238,0.45594,259.00000,28.00000,287.00000,0.04533,0.04533,0.88174,1.00000,,1.00000,1.00000,1.00000,,,1.00000,,1.00000,,,"[0.0,0.2)",Q1
codex-m,structural_r3d6,1.00000,P463,10340.00000,567.00000,583.00000,0.43789,0.43789,0.00000,0.00000,neutral,rule_only,1.00000,0.00000,0.40306,0.40306,0.00000,63030.00000,192516.00000,3.00000,0.00000,0.00000,63030.00000,270.00000,59983.00000,2750.00000,27.00000,0.00428,0.95166,0.04363,66456.00000,126060.00000,192516.00000,3.05436,3.05436,0.56211,0.59986,,0.37221,0.86799,1.00000,,,1.00000,,1.00000,1.00000,1.00000,"[0.4,0.6)",Q4
codex-m,structural_r3d6,2.00000,P106,64345.00000,3616.00000,3635.00000,0.29714,0.29714,0.00000,0.00000,neutral,rule_only,1.00000,0.00000,0.30275,0.30275,0.00000,268476.00000,172961.00000,3.00000,0.00000,0.00000,268476.00000,301.00000,256085.00000,11999.00000,91.00000,0.00112,0.95385,0.04469,127676.00000,45285.00000,172961.00000,0.64423,0.64423,0.70286,0.69423,,0.89930,0.93683,1.00000,,,1.00000,,1.00000,1.00000,1.00000,"[0.2,0.4)",Q2
codex-m,structural_r3d6,3.00000,P27,15169.00000,830.00000,829.00000,0.48028,0.48272,0.00244,0.50863,neutral,dependency,1.00000,1.00000,0.47894,0.48518,0.00625,8233.00000,5640.00000,3.00000,5.00000,5640.00000,8233.00000,712.00000,6208.00000,1291.00000,22.00000,0.08648,0.75404,0.15681,4292.00000,1348.00000,5640.00000,0.68505,0.68505,0.51972,0.90797,,2.61647,0.82923,1.60640,,,1.41029,,1.52084,1.48398,1.11994,"[0.4,0.6)",Q2
codex-m,structural_r3d6,4.00000,P69,8772.00000,482.00000,498.00000,0.18672,0.18737,0.00065,0.34827,neutral,dependency,1.00000,1.00000,0.18878,0.18878,0.00000,5346.00000,408.00000,3.00000,4.00000,408.00000,5346.00000,150.00000,3452.00000,1734.00000,10.00000,0.02806,0.64572,0.32435,376.00000,32.00000,408.00000,0.07632,0.07632,0.81328,0.94308,,2.45238,1.43000,1.00000,,,1.00000,,1.00000,1.00000,,"[0.0,0.2)",Q1
codex-m,structural_r3d6,5.00000,P172,2054.00000,107.00000,132.00000,0.46531,0.47079,0.00548,1.17749,neutral,dependency,1.00000,1.00000,0.47869,0.47910,0.00040,1883.00000,2733.00000,3.00000,5.00000,2733.00000,1883.00000,131.00000,1333.00000,417.00000,2.00000,0.06957,0.70791,0.22146,1685.00000,1048.00000,2733.00000,1.45141,1.45141,0.53469,0.80783,,1.63219,0.80007,1.03392,,,1.04490,,1.04494,1.04539,1.01281,"[0.4,0.6)",Q3
codex-m,structural_r3d6,6.00000,P840,1348.00000,73.00000,85.00000,0.16458,0.16652,0.00193,1.17518,neutral,dependency,1.00000,1.00000,0.20884,0.21727,0.00844,793.00000,205.00000,3.00000,5.00000,205.00000,793.00000,103.00000,351.00000,337.00000,2.00000,0.12989,0.44262,0.42497,162.00000,43.00000,205.00000,0.25851,0.25851,0.83542,0.94870,,1.90724,1.38552,1.26534,,,1.01558,,1.24653,1.23382,1.15626,"[0.0,0.2)",Q2
codex-m,structural_r3d6,7.00000,P530,5626.00000,302.00000,297.00000,0.79713,0.79713,0.00000,0.00000,neutral,rule_only,1.00000,0.00000,0.79579,0.79579,0.00000,116457.00000,465828.00000,3.00000,0.00000,0.00000,116457.00000,429.00000,110891.00000,5125.00000,12.00000,0.00368,0.95221,0.04401,232914.00000,232914.00000,465828.00000,4.00000,4.00000,0.20287,0.67037,,0.63171,0.66104,1.00000,,,1.00000,,1.00000,1.00000,1.00000,"[0.6,1.0]",Q4
codex-m,structural_r3d6,8.00000,P509,2898.00000,164.00000,148.00000,0.16656,0.16780,0.00125,0.74827,neutral,dependency,1.00000,1.00000,0.17274,0.17501,0.00227,1795.00000,111.00000,3.00000,4.00000,111.00000,1795.00000,61.00000,1148.00000,579.00000,7.00000,0.03398,0.63955,0.32256,108.00000,3.00000,111.00000,0.06184,0.06184,0.83344,1.09593,,1.97747,0.99009,1.00177,,,,,0.99110,0.99469,0.98933,"[0.0,0.2)",Q1
codex-m,structural_r3d6,9.00000,P17,1176.00000,68.00000,79.00000,0.61646,0.61367,-0.00278,-0.45157,neutral,dependency,1.00000,1.00000,0.60854,0.61326,0.00473,2043.00000,4302.00000,3.00000,5.00000,4302.00000,2043.00000,334.00000,1146.00000,562.00000,1.00000,0.16349,0.56094,0.27509,4086.00000,216.00000,4302.00000,2.10573,2.10573,0.38354,0.84900,,1.41545,0.85077,1.09410,,,1.07932,,1.07216,1.09464,1.02856,"[0.6,1.0]",Q3
codex-m,structural_r3d6,10.00000,P136,10621.00000,549.00000,591.00000,0.27980,0.27698,-0.00282,-1.00782,neutral,dependency,1.00000,1.00000,0.25270,0.25322,0.00052,7145.00000,5738.00000,3.00000,5.00000,5738.00000,7145.00000,198.00000,5005.00000,1915.00000,27.00000,0.02771,0.70049,0.26802,4046.00000,1692.00000,5738.00000,0.80308,0.80308,0.72020,0.98001,,2.01443,1.76472,1.55632,,,1.48099,,1.53067,1.52504,1.39555,"[0.2,0.4)",Q3
codex-m,structural_r3d6,11.00000,P1412,11352.00000,634.00000,598.00000,0.48972,0.48972,0.00000,0.00000,neutral,rule_only,1.00000,0.00000,0.48307,0.48307,0.00000,6269.00000,5063.00000,3.00000,0.00000,0.00000,6269.00000,350.00000,5068.00000,840.00000,11.00000,0.05583,0.80842,0.13399,3938.00000,1125.00000,5063.00000,0.80762,0.80762,0.51028,0.63027,,1.80496,0.83171,1.00000,,,1.00000,,1.00000,1.00000,1.00000,"[0.4,0.6)",Q3
codex-m,structural_r3d6,12.00000,P159,156.00000,5.00000,8.00000,0.27748,0.27664,-0.00084,-0.30330,neutral,dependency,1.00000,1.00000,0.61418,0.61425,0.00007,82.00000,13.00000,3.00000,3.00000,13.00000,82.00000,53.00000,7.00000,22.00000,0.00000,0.64634,0.08537,0.26829,11.00000,2.00000,13.00000,0.15854,0.15854,0.72252,1.32679,,1.66674,1.22107,1.03245,,,1.02345,,,1.02624,,"[0.2,0.4)",Q2
codex-m,structural_r3d6,13.00000,P19,6470.00000,405.00000,339.00000,0.25277,0.25276,-0.00000,-0.00120,neutral,dependency,1.00000,1.00000,0.27093,0.27707,0.00614,3356.00000,504.00000,3.00000,4.00000,504.00000,3356.00000,279.00000,2177.00000,891.00000,9.00000,0.08313,0.64869,0.26549,416.00000,88.00000,504.00000,0.15018,0.15018,0.74723,1.23217,,2.89080,1.64967,1.60667,,,1.26971,,1.45328,1.10979,,"[0.2,0.4)",Q1
codex-m,structural_r3d6,14.00000,P1303,5462.00000,317.00000,297.00000,0.44727,0.44673,-0.00054,-0.12112,neutral,dependency,1.00000,1.00000,0.46547,0.47320,0.00773,2845.00000,4209.00000,3.00000,5.00000,4209.00000,2845.00000,126.00000,2231.00000,481.00000,7.00000,0.04429,0.78418,0.16907,2902.00000,1307.00000,4209.00000,1.47944,1.47944,0.55273,0.74545,,1.69734,1.13968,1.17626,,,1.16510,,1.16719,1.14953,1.10266,"[0.4,0.6)",Q3
codex-m,structural_r3d6,15.00000,P108,4301.00000,235.00000,259.00000,0.22236,0.22386,0.00150,0.67462,neutral,dependency,1.00000,1.00000,0.23286,0.23316,0.00031,2760.00000,340.00000,3.00000,4.00000,340.00000,2760.00000,89.00000,1733.00000,936.00000,2.00000,0.03225,0.62790,0.33913,335.00000,5.00000,340.00000,0.12319,0.12319,0.77764,1.23286,,2.65176,1.91828,0.99814,,,0.98926,,1.00328,0.99827,,"[0.2,0.4)",Q1
codex-m,structural_r3d6,16.00000,P135,404.00000,23.00000,19.00000,0.31722,0.31886,0.00164,0.51581,neutral,dependency,1.00000,1.00000,0.27980,0.28052,0.00072,329.00000,38.00000,3.00000,3.00000,38.00000,329.00000,43.00000,179.00000,107.00000,0.00000,0.13070,0.54407,0.32523,37.00000,1.00000,38.00000,0.11550,0.11550,0.68278,0.94645,,1.08487,0.93122,1.09921,,,,,1.11538,1.12024,,"[0.2,0.4)",Q1
codex-m,structural_r3d6,17.00000,P264,3104.00000,183.00000,169.00000,0.14499,0.14617,0.00118,0.81482,neutral,dependency,1.00000,1.00000,0.16457,0.16484,0.00027,2816.00000,304.00000,3.00000,4.00000,304.00000,2816.00000,146.00000,1787.00000,877.00000,6.00000,0.05185,0.63459,0.31143,281.00000,23.00000,304.00000,0.10795,0.10795,0.85501,1.21841,,2.00570,1.52261,1.00145,,,0.99358,,1.00379,0.99745,,"[0.0,0.2)",Q1
codex-m,structural_r3d6,18.00000,P495,1842.00000,92.00000,115.00000,0.51092,0.50993,-0.00099,-0.19323,neutral,dependency,1.00000,1.00000,0.52788,0.52904,0.00115,2643.00000,5850.00000,3.00000,5.00000,5850.00000,2643.00000,155.00000,2153.00000,331.00000,4.00000,0.05865,0.81460,0.12524,5286.00000,564.00000,5850.00000,2.21339,2.21339,0.48908,0.71721,,0.91965,0.70452,1.00940,,,1.00578,,1.03058,1.01515,1.00202,"[0.4,0.6)",Q3
codex-m,structural_r3d6,19.00000,P30,359.00000,14.00000,18.00000,0.66299,0.63818,-0.02482,-3.74294,negative,dependency,1.00000,1.00000,0.61374,0.61505,0.00131,1196.00000,3417.00000,3.00000,5.00000,3417.00000,1196.00000,100.00000,1000.00000,95.00000,1.00000,0.08361,0.83612,0.07943,1025.00000,2392.00000,3417.00000,2.85702,2.85702,0.33701,0.70768,,0.71417,0.70657,1.00691,,,1.00617,,1.00742,1.00704,1.00585,"[0.6,1.0]",Q4
codex-m,structural_r3d6,20.00000,P102,2399.00000,136.00000,133.00000,0.43537,0.43537,0.00000,0.00000,neutral,rule_only,1.00000,0.00000,0.44328,0.44328,0.00000,1466.00000,1222.00000,3.00000,0.00000,0.00000,1466.00000,80.00000,1022.00000,357.00000,7.00000,0.05457,0.69714,0.24352,1153.00000,69.00000,1222.00000,0.83356,0.83356,0.56463,0.86840,,2.37688,1.03671,1.00000,,,1.00000,,1.00000,1.00000,1.00000,"[0.4,0.6)",Q3
codex-m,structural_r3d6,21.00000,P551,1741.00000,89.00000,104.00000,0.17523,0.17523,0.00000,0.00000,neutral,rule_only,1.00000,0.00000,0.22648,0.22648,0.00000,1005.00000,110.00000,3.00000,0.00000,0.00000,1005.00000,157.00000,465.00000,381.00000,2.00000,0.15622,0.46269,0.37910,109.00000,1.00000,110.00000,0.10945,0.10945,0.82477,1.43868,,1.76671,2.02303,,,,,,1.00000,1.00000,1.00000,"[0.0,0.2)",Q1
codex-m,structural_r3d6,22.00000,P20,4872.00000,310.00000,260.00000,0.32701,0.33563,0.00862,2.63620,neutral,dependency,1.00000,1.00000,0.30895,0.31144,0.00249,2619.00000,1685.00000,3.00000,5.00000,1685.00000,2619.00000,261.00000,1726.00000,623.00000,9.00000,0.09966,0.65903,0.23788,1629.00000,56.00000,1685.00000,0.64338,0.64338,0.67299,1.14149,,2.58511,1.33107,1.61625,,,1.27231,,1.76776,1.70125,1.10404,"[0.2,0.4)",Q2
codex-m,structural_r3d6,23.00000,P737,1381.00000,56.00000,71.00000,0.11855,0.12125,0.00270,2.27989,neutral,dependency,1.00000,1.00000,0.15071,0.15189,0.00118,1026.00000,24.00000,3.00000,3.00000,24.00000,1026.00000,46.00000,495.00000,485.00000,0.00000,0.04483,0.48246,0.47271,24.00000,0.00000,24.00000,0.02339,0.02339,0.88145,1.25993,,2.43464,2.31142,,,,1.07864,,1.05030,1.05990,,"[0.0,0.2)",Q1
codex-m,structural_r3d6,24.00000,P119,1790.00000,91.00000,91.00000,0.34875,0.34875,0.00000,0.00000,neutral,rule_only,1.00000,0.00000,0.36152,0.36152,0.00000,1132.00000,149.00000,3.00000,0.00000,0.00000,1132.00000,53.00000,742.00000,335.00000,2.00000,0.04682,0.65548,0.29594,137.00000,12.00000,149.00000,0.13163,0.13163,0.65125,1.11721,,2.50180,1.47983,1.00000,,,1.00000,,1.00000,1.00000,,"[0.2,0.4)",Q1
codex-m,structural_r3d6,25.00000,P140,2397.00000,134.00000,120.00000,0.27659,0.27659,0.00000,0.00000,neutral,rule_only,1.00000,0.00000,0.28628,0.28628,0.00000,1647.00000,601.00000,3.00000,0.00000,0.00000,1647.00000,99.00000,1102.00000,440.00000,6.00000,0.06011,0.66910,0.26715,588.00000,13.00000,601.00000,0.36491,0.36491,0.72341,1.03112,,2.17266,1.10588,1.00000,,,1.00000,,1.00000,1.00000,1.00000,"[0.2,0.4)",Q2
codex-m,structural_r3d6,26.00000,P641,391.00000,16.00000,11.00000,0.68984,0.68984,0.00000,0.00000,neutral,rule_only,1.00000,0.00000,0.63657,0.63657,0.00000,209.00000,6.00000,3.00000,0.00000,0.00000,209.00000,10.00000,116.00000,83.00000,0.00000,0.04785,0.55502,0.39713,6.00000,0.00000,6.00000,0.02871,0.02871,0.31016,0.77346,,1.31670,0.79816,,,,,,,1.00000,,"[0.6,1.0]",Q1
codex-m,structural_r3d6,27.00000,P101,2156.00000,139.00000,126.00000,0.34286,0.34587,0.00302,0.88002,neutral,dependency,1.00000,1.00000,0.35472,0.35743,0.00271,1408.00000,533.00000,3.00000,5.00000,533.00000,1408.00000,54.00000,904.00000,447.00000,3.00000,0.03835,0.64205,0.31747,500.00000,33.00000,533.00000,0.37855,0.37855,0.65714,0.93727,,2.59115,1.78289,1.05530,,,1.05684,,1.14161,1.15873,1.04159,"[0.2,0.4)",Q2
codex-m,structural_r3d6,28.00000,P57,497.00000,33.00000,31.00000,0.22773,0.22747,-0.00026,-0.11614,neutral,dependency,1.00000,1.00000,0.25536,0.25715,0.00178,153.00000,1.00000,3.00000,1.00000,1.00000,153.00000,16.00000,52.00000,85.00000,0.00000,0.10458,0.33987,0.55556,1.00000,0.00000,1.00000,0.00654,0.00654,0.77227,0.95536,,1.03369,0.96208,,,,1.01311,,,,,"[0.2,0.4)",Q1
codex-m,structural_r3d6,29.00000,P3373,707.00000,35.00000,43.00000,0.96706,0.96706,0.00000,0.00000,neutral,rule_only,1.00000,0.00000,1.00000,1.00000,0.00000,1571.00000,3290.00000,3.00000,0.00000,0.00000,1571.00000,131.00000,1226.00000,214.00000,0.00000,0.08339,0.78039,0.13622,148.00000,3142.00000,3290.00000,2.09421,2.09421,0.03294,0.93087,,0.63114,0.80688,1.00000,,,1.00000,,1.00000,,,"[0.6,1.0]",Q3
codex-m,structural_r3d6,30.00000,P40,357.00000,19.00000,15.00000,0.20311,0.20311,0.00000,0.00000,neutral,rule_only,1.00000,0.00000,0.37137,0.37137,0.00000,154.00000,21.00000,3.00000,0.00000,0.00000,154.00000,40.00000,91.00000,23.00000,0.00000,0.25974,0.59091,0.14935,7.00000,14.00000,21.00000,0.13636,0.13636,0.79689,1.46793,,0.78832,0.79538,1.00000,,,1.00000,,,,,"[0.2,0.4)",Q1
codex-m,structural_r3d6,31.00000,P451,358.00000,15.00000,20.00000,0.68334,0.68334,0.00000,0.00000,neutral,rule_only,0.00000,0.00000,0.45558,,,4.00000,0.00000,1.00000,0.00000,0.00000,4.00000,4.00000,0.00000,0.00000,0.00000,1.00000,0.00000,0.00000,0.00000,0.00000,0.00000,0.00000,0.00000,0.31666,1.00000,,,,,,,,,,,,"[0.6,1.0]",Q1
codex-m,structural_r3d6,32.00000,P1050,360.00000,28.00000,20.00000,0.28556,0.28544,-0.00012,-0.04286,neutral,dependency,1.00000,1.00000,0.25468,0.25700,0.00231,244.00000,2.00000,3.00000,1.00000,2.00000,244.00000,12.00000,128.00000,104.00000,0.00000,0.04918,0.52459,0.42623,2.00000,0.00000,2.00000,0.00820,0.00820,0.71444,0.98650,,1.01458,0.98702,,,,,,,1.01205,,"[0.2,0.4)",Q1
codex-m,structural_r3d6,33.00000,P26,772.00000,41.00000,53.00000,0.94340,0.94340,0.00000,0.00000,neutral,rule_only,1.00000,0.00000,0.85715,0.85715,0.00000,10.00000,3.00000,1.00000,0.00000,0.00000,10.00000,10.00000,0.00000,0.00000,0.00000,1.00000,0.00000,0.00000,0.00000,3.00000,3.00000,0.30000,0.30000,0.05660,1.00000,,,,1.00000,,,,,,,,"[0.6,1.0]",Q2
codex-m,structural_r3d6,34.00000,P407,41.00000,1.00000,1.00000,0.50006,0.50006,0.00000,0.00000,neutral,rule_only,1.00000,0.00000,0.50006,0.50006,0.00000,35.00000,1.00000,3.00000,0.00000,0.00000,35.00000,7.00000,16.00000,12.00000,0.00000,0.20000,0.45714,0.34286,1.00000,0.00000,1.00000,0.02857,0.02857,0.49994,1.00000,,1.00000,1.00000,,,,,,,1.00000,,"[0.4,0.6)",Q1
codex-m,structural_r3d6,35.00000,P37,373.00000,17.00000,13.00000,0.45376,0.44430,-0.00945,-2.08276,neutral,dependency,1.00000,1.00000,0.59660,0.65194,0.05534,861.00000,3444.00000,3.00000,5.00000,3444.00000,861.00000,111.00000,626.00000,124.00000,0.00000,0.12892,0.72706,0.14402,1722.00000,1722.00000,3444.00000,4.00000,4.00000,0.54624,0.77697,,0.87037,0.74265,1.01002,,,1.00557,,1.00996,1.01013,1.00052,"[0.4,0.6)",Q4
codex-m,structural_r3d6,36.00000,P112,61.00000,3.00000,3.00000,0.00004,0.00004,0.00000,0.00000,neutral,rule_only,0.00000,0.00000,0.09701,,,4.00000,0.00000,1.00000,0.00000,0.00000,4.00000,4.00000,0.00000,0.00000,0.00000,1.00000,0.00000,0.00000,0.00000,0.00000,0.00000,0.00000,0.00000,0.99996,1.00000,,,,,,,,,,,,"[0.0,0.2)",Q1
codex-m,structural_r3d6,37.00000,P131,184.00000,16.00000,12.00000,0.31746,0.31746,0.00000,0.00000,neutral,rule_only,1.00000,0.00000,0.36091,0.36091,0.00000,96.00000,37.00000,3.00000,0.00000,0.00000,96.00000,68.00000,14.00000,14.00000,0.00000,0.70833,0.14583,0.14583,36.00000,1.00000,37.00000,0.38542,0.38542,0.68254,1.00000,,1.00000,1.00000,1.00000,,,1.00000,,1.00000,1.00000,,"[0.2,0.4)",Q2
codex-m,structural_r3d6,38.00000,P749,76.00000,5.00000,1.00000,0.50006,0.50006,0.00000,0.00000,neutral,rule_only,1.00000,0.00000,0.27080,0.27080,0.00000,33.00000,5.00000,3.00000,0.00000,0.00000,33.00000,9.00000,9.00000,15.00000,0.00000,0.27273,0.27273,0.45455,4.00000,1.00000,5.00000,0.15152,0.15152,0.49994,1.00000,,1.00000,1.00000,1.00000,,,,,,1.00000,1.00000,"[0.4,0.6)",Q1
codex-m,structural_r3d6,39.00000,P361,151.00000,8.00000,12.00000,0.42711,0.42711,0.00000,0.00000,neutral,rule_only,1.00000,0.00000,0.35040,0.35040,0.00000,550.00000,1605.00000,3.00000,0.00000,0.00000,550.00000,50.00000,449.00000,51.00000,0.00000,0.09091,0.81636,0.09273,1100.00000,505.00000,1605.00000,2.91818,2.91818,0.57289,0.75517,,0.83283,0.76287,1.00000,,,1.00000,,1.00000,1.00000,1.00000,"[0.4,0.6)",Q4
codex-m,structural_r3d6,40.00000,P740,123.00000,2.00000,8.00000,0.09700,0.09700,0.00000,0.00000,neutral,rule_only,0.00000,0.00000,0.50006,,,29.00000,0.00000,3.00000,0.00000,0.00000,29.00000,16.00000,6.00000,7.00000,0.00000,0.55172,0.20690,0.24138,0.00000,0.00000,0.00000,0.00000,0.00000,0.90300,0.97582,,1.26447,1.33111,,,,,,,,,"[0.0,0.2)",Q1
codex-m,structural_r3d6,41.00000,P2348,131.00000,7.00000,14.00000,0.50718,0.50718,0.00000,0.00000,neutral,rule_only,1.00000,0.00000,0.43201,0.43201,0.00000,126.00000,1.00000,3.00000,0.00000,0.00000,126.00000,22.00000,68.00000,36.00000,0.00000,0.17460,0.53968,0.28571,1.00000,0.00000,1.00000,0.00794,0.00794,0.49282,1.00000,,1.00000,1.00000,1.00000,,,,,,,,"[0.4,0.6)",Q1
codex-m,structural_r3d6,42.00000,P138,51.00000,4.00000,2.00000,0.16673,0.16673,0.00000,0.00000,neutral,rule_only,0.00000,0.00000,0.01139,,,32.00000,0.00000,3.00000,0.00000,0.00000,32.00000,24.00000,6.00000,2.00000,0.00000,0.75000,0.18750,0.06250,0.00000,0.00000,0.00000,0.00000,0.00000,0.83327,1.00000,,1.00000,1.00000,,,,,,,,,"[0.0,0.2)",Q1
codex-m,structural_r3d6,43.00000,P50,16.00000,1.00000,0.00000,0.00000,0.00000,0.00000,0.00000,neutral,rule_only,0.00000,0.00000,0.00006,,,14.00000,0.00000,3.00000,0.00000,0.00000,14.00000,3.00000,5.00000,6.00000,0.00000,0.21429,0.35714,0.42857,0.00000,0.00000,0.00000,0.00000,0.00000,1.00000,1.00000,,1.00000,1.00000,,,,,,,,,"[0.0,0.2)",Q1
codex-m,structural_r3d6,44.00000,P452,17.00000,0.00000,0.00000,0.00000,0.00000,0.00000,0.00000,neutral,rule_only,0.00000,0.00000,0.00000,,,10.00000,0.00000,3.00000,0.00000,0.00000,10.00000,3.00000,1.00000,6.00000,0.00000,0.30000,0.10000,0.60000,0.00000,0.00000,0.00000,0.00000,0.00000,1.00000,1.00000,,1.00000,1.00000,,,,,,,,,"[0.0,0.2)",Q1
codex-m,structural_r3d6,45.00000,P2283,9.00000,3.00000,0.00000,0.00000,0.00000,0.00000,0.00000,neutral,rule_only,0.00000,0.00000,0.66671,,,12.00000,0.00000,3.00000,0.00000,0.00000,12.00000,6.00000,2.00000,4.00000,0.00000,0.50000,0.16667,0.33333,0.00000,0.00000,0.00000,0.00000,0.00000,1.00000,1.00000,,1.00000,1.00000,,,,,,,,,"[0.0,0.2)",Q1
hetionet,structural_r2d3,0.00000,AdG,81434.00000,10342.00000,10464.00000,0.24211,0.24770,0.00559,2.30736,neutral,dependency,1.00000,1.00000,0.23966,0.24658,0.00692,236308.00000,153499.00000,2.00000,3.00000,153499.00000,236308.00000,245.00000,206032.00000,29995.00000,36.00000,0.00104,0.87188,0.12693,129285.00000,24214.00000,153499.00000,0.64957,0.64957,0.75789,0.63978,0.63179,,,0.89610,0.89271,0.89144,,,,,,"[0.2,0.4)",Q2
hetionet,structural_r2d3,1.00000,AeG,419428.00000,53502.00000,53477.00000,0.35235,0.35235,0.00000,0.00000,neutral,rule_only,1.00000,0.00000,0.34451,0.34451,0.00000,1748729.00000,2125184.00000,2.00000,0.00000,0.00000,1748729.00000,257.00000,1687266.00000,61114.00000,92.00000,0.00015,0.96485,0.03495,75700.00000,2049484.00000,2125184.00000,1.21527,1.21527,0.64765,0.41103,0.20221,,,1.00000,1.00000,1.00000,,,,,,"[0.2,0.4)",Q3
hetionet,structural_r2d3,2.00000,AuG,77903.00000,9909.00000,10036.00000,0.23627,0.23900,0.00273,1.15629,neutral,dependency,1.00000,1.00000,0.23448,0.23585,0.00138,219151.00000,41515.00000,2.00000,3.00000,41515.00000,219151.00000,242.00000,187850.00000,31023.00000,36.00000,0.00110,0.85717,0.14156,38967.00000,2548.00000,41515.00000,0.18944,0.18944,0.76373,0.68559,0.70906,,,0.97341,0.98039,0.99154,,,,,,"[0.2,0.4)",Q2
hetionet,structural_r2d3,3.00000,CbG,9476.00000,1027.00000,1068.00000,0.35833,0.35833,0.00000,0.00000,neutral,rule_only,1.00000,0.00000,0.34572,0.34572,0.00000,20268.00000,6311.00000,2.00000,0.00000,0.00000,20268.00000,33.00000,16804.00000,3419.00000,12.00000,0.00163,0.82909,0.16869,1955.00000,4356.00000,6311.00000,0.31138,0.31138,0.64167,0.71652,0.96111,,,1.00000,1.00000,1.00000,,,,,,"[0.2,0.4)",Q2
hetionet,structural_r2d3,4.00000,CcSE,111871.00000,13549.00000,13524.00000,0.24492,0.24492,0.00000,0.00000,neutral,rule_only,1.00000,0.00000,0.24751,0.24751,0.00000,368314.00000,958189.00000,2.00000,0.00000,0.00000,368314.00000,20.00000,354467.00000,13156.00000,671.00000,0.00005,0.96240,0.03572,736628.00000,221561.00000,958189.00000,2.60155,2.60155,0.75508,0.77439,0.37630,,,1.00000,1.00000,1.00000,,,,,,"[0.2,0.4)",Q4
hetionet,structural_r2d3,5.00000,CrC,5124.00000,699.00000,663.00000,0.47406,0.49004,0.01598,3.37003,positive,dependency,1.00000,1.00000,0.46683,0.47435,0.00752,10459.00000,1189.00000,2.00000,3.00000,1189.00000,10459.00000,37.00000,7175.00000,3247.00000,0.00000,0.00354,0.68601,0.31045,283.00000,906.00000,1189.00000,0.11368,0.11368,0.52594,0.82784,1.02894,,,1.13689,1.19303,1.22479,,,,,,"[0.4,0.6)",Q1
hetionet,structural_r2d3,6.00000,CtD,599.00000,85.00000,71.00000,0.34956,0.34482,-0.00474,-1.35737,neutral,dependency,1.00000,1.00000,0.35589,0.35589,0.00000,964.00000,84.00000,2.00000,3.00000,84.00000,964.00000,27.00000,573.00000,364.00000,0.00000,0.02801,0.59440,0.37759,64.00000,20.00000,84.00000,0.08714,0.08714,0.65044,0.82422,1.15034,,,1.00000,1.00000,1.00000,,,,,,"[0.2,0.4)",Q1
hetionet,structural_r2d3,7.00000,CuG,14879.00000,1957.00000,1920.00000,0.24039,0.24039,0.00000,0.00000,neutral,rule_only,1.00000,0.00000,0.23486,0.23486,0.00000,43933.00000,3559.00000,2.00000,0.00000,0.00000,43933.00000,108.00000,37238.00000,6538.00000,49.00000,0.00246,0.84761,0.14882,3391.00000,168.00000,3559.00000,0.08101,0.08101,0.75961,0.80708,1.11054,,,1.00000,1.00000,1.00000,,,,,,"[0.2,0.4)",Q1
hetionet,structural_r2d3,8.00000,CdG,16797.00000,2171.00000,2134.00000,0.20324,0.20324,0.00000,0.00000,neutral,rule_only,1.00000,0.00000,0.20957,0.20957,0.00000,54296.00000,24890.00000,2.00000,0.00000,0.00000,54296.00000,103.00000,46988.00000,7148.00000,57.00000,0.00190,0.86540,0.13165,23932.00000,958.00000,24890.00000,0.45841,0.45841,0.79676,0.80484,0.92079,,,1.00000,1.00000,1.00000,,,,,,"[0.2,0.4)",Q2
hetionet,structural_r2d3,9.00000,CpD,316.00000,41.00000,33.00000,0.30060,0.28484,-0.01576,-5.24273,negative,dependency,1.00000,1.00000,0.30563,0.30744,0.00181,396.00000,14.00000,2.00000,2.00000,14.00000,396.00000,12.00000,254.00000,130.00000,0.00000,0.03030,0.64141,0.32828,14.00000,0.00000,14.00000,0.03535,0.03535,0.69940,0.84149,0.97393,,,1.02835,,1.03224,,,,,,"[0.2,0.4)",Q1
hetionet,structural_r2d3,10.00000,DaG,10127.00000,1194.00000,1302.00000,0.16046,0.15995,-0.00050,-0.31352,neutral,dependency,1.00000,1.00000,0.16484,0.16504,0.00020,24054.00000,4665.00000,2.00000,3.00000,4665.00000,24054.00000,142.00000,20143.00000,3737.00000,32.00000,0.00590,0.83741,0.15536,4559.00000,106.00000,4665.00000,0.19394,0.19394,0.83954,0.83769,1.29460,,,0.98391,1.01166,1.00590,,,,,,"[0.0,0.2)",Q2
hetionet,structural_r2d3,11.00000,DdG,6082.00000,764.00000,777.00000,0.11820,0.11820,0.00000,0.00000,neutral,rule_only,0.00000,0.00000,0.11831,,,8895.00000,0.00000,2.00000,0.00000,0.00000,8895.00000,105.00000,8113.00000,647.00000,30.00000,0.01180,0.91209,0.07274,0.00000,0.00000,0.00000,0.00000,0.00000,0.88180,0.87596,1.32625,,,,,,,,,,,"[0.0,0.2)",Q1
hetionet,structural_r2d3,12.00000,DlA,2906.00000,330.00000,366.00000,0.28653,0.29301,0.00648,2.26139,neutral,dependency,1.00000,1.00000,0.28995,0.29847,0.00852,5510.00000,2428.00000,2.00000,3.00000,2428.00000,5510.00000,53.00000,3616.00000,1840.00000,1.00000,0.00962,0.65626,0.33394,1619.00000,809.00000,2428.00000,0.44065,0.44065,0.71347,0.72620,1.02133,,,1.02321,1.02104,1.01707,,,,,,"[0.2,0.4)",Q2
hetionet,structural_r2d3,13.00000,DpS,2706.00000,307.00000,344.00000,0.24065,0.24065,0.00000,0.00000,neutral,rule_only,1.00000,0.00000,0.26425,0.26425,0.00000,3490.00000,354.00000,2.00000,0.00000,0.00000,3490.00000,14.00000,2164.00000,1312.00000,0.00000,0.00401,0.62006,0.37593,192.00000,162.00000,354.00000,0.10143,0.10143,0.75935,0.70714,0.89693,,,1.00000,1.00000,1.00000,,,,,,"[0.2,0.4)",Q1
hetionet,structural_r2d3,14.00000,DrD,423.00000,58.00000,62.00000,0.22244,0.30250,0.08005,35.98828,positive,dependency,1.00000,1.00000,0.20463,0.28449,0.07986,583.00000,182.00000,2.00000,1.00000,182.00000,583.00000,32.00000,196.00000,355.00000,0.00000,0.05489,0.33619,0.60892,182.00000,0.00000,182.00000,0.31218,0.31218,0.77756,0.90231,1.03358,,,1.26325,,,,,,,,"[0.2,0.4)",Q2
hetionet,structural_r2d3,15.00000,DuG,6212.00000,755.00000,764.00000,0.12632,0.12735,0.00103,0.81516,neutral,dependency,1.00000,1.00000,0.13349,0.13586,0.00238,9767.00000,140.00000,2.00000,1.00000,140.00000,9767.00000,111.00000,8958.00000,668.00000,30.00000,0.01136,0.91717,0.06839,137.00000,3.00000,140.00000,0.01433,0.01433,0.87368,0.91293,1.50742,,,,,1.05673,,,,,,"[0.0,0.2)",Q1
hetionet,structural_r2d3,16.00000,GiG,118198.00000,14406.00000,14560.00000,0.19160,0.19160,0.00000,0.00000,neutral,rule_only,1.00000,0.00000,0.18901,0.18901,-0.00000,308614.00000,381504.00000,2.00000,0.00000,0.00000,308614.00000,224.00000,273134.00000,35005.00000,251.00000,0.00073,0.88503,0.11343,349829.00000,31675.00000,381504.00000,1.23619,1.23619,0.80840,0.81016,1.14091,,,,,1.00000,,,,,,"[0.0,0.2)",Q3
hetionet,structural_r2d3,17.00000,GpCC,59015.00000,7401.00000,7150.00000,0.65177,0.65177,-0.00000,-0.00011,neutral,dependency,1.00000,1.00000,0.64295,0.64295,0.00000,140024.00000,88477.00000,2.00000,3.00000,88477.00000,140024.00000,56.00000,129166.00000,10654.00000,148.00000,0.00040,0.92246,0.07609,78416.00000,10061.00000,88477.00000,0.63187,0.63187,0.34823,0.75774,1.44040,,,1.00000,1.00000,1.00000,,,,,,"[0.6,1.0]",Q2
hetionet,structural_r2d3,18.00000,GcG,50979.00000,5460.00000,5251.00000,0.08740,0.08740,0.00000,0.00000,neutral,rule_only,1.00000,0.00000,0.08426,0.08426,-0.00000,69304.00000,10863.00000,2.00000,0.00000,0.00000,69304.00000,11.00000,62109.00000,7128.00000,56.00000,0.00016,0.89618,0.10285,7848.00000,3015.00000,10863.00000,0.15674,0.15674,0.91260,0.89147,1.51204,,,,,1.00000,,,,,,"[0.0,0.2)",Q2
hetionet,structural_r2d3,19.00000,GpBP,448012.00000,55817.00000,55675.00000,0.59828,0.59828,0.00000,0.00000,neutral,rule_only,1.00000,0.00000,0.57829,0.57829,0.00000,1556400.00000,2796236.00000,2.00000,0.00000,0.00000,1556400.00000,73.00000,1493085.00000,61332.00000,1910.00000,0.00005,0.95932,0.03941,2546445.00000,249791.00000,2796236.00000,1.79660,1.79660,0.40172,1.00000,1.00000,,,1.00000,1.00000,1.00000,,,,,,"[0.4,0.6)",Q3
hetionet,structural_r2d3,20.00000,GpMF,78111.00000,9482.00000,9629.00000,0.65733,0.65733,0.00000,0.00000,neutral,rule_only,1.00000,0.00000,0.64363,0.64363,-0.00000,185448.00000,76658.00000,2.00000,0.00000,0.00000,185448.00000,61.00000,171217.00000,13997.00000,173.00000,0.00033,0.92326,0.07548,59550.00000,17108.00000,76658.00000,0.41337,0.41337,0.34267,0.74412,1.59745,,,1.00000,1.00000,1.00000,,,,,,"[0.6,1.0]",Q2
hetionet,structural_r2d3,21.00000,GpPW,67558.00000,8453.00000,8361.00000,0.62622,0.62622,-0.00000,-0.00002,neutral,dependency,1.00000,1.00000,0.60353,0.60353,0.00000,192800.00000,372151.00000,2.00000,3.00000,372151.00000,192800.00000,63.00000,176941.00000,15664.00000,132.00000,0.00033,0.91774,0.08124,331572.00000,40579.00000,372151.00000,1.93024,1.93024,0.37378,0.75000,0.99613,,,1.00000,1.00000,1.00000,,,,,,"[0.6,1.0]",Q3
hetionet,structural_r2d3,22.00000,Gr>G,211099.00000,27248.00000,27325.00000,0.03713,0.03713,0.00000,0.00000,neutral,rule_only,1.00000,0.00000,0.03617,0.03617,0.00000,895639.00000,106495.00000,2.00000,0.00000,0.00000,895639.00000,294.00000,823578.00000,70543.00000,1224.00000,0.00033,0.91954,0.07876,90108.00000,16387.00000,106495.00000,0.11890,0.11890,0.96287,0.80569,0.81587,,,,,1.00000,,,,,,"[0.0,0.2)",Q1
hetionet,structural_r2d3,23.00000,PCiC,902.00000,63.00000,64.00000,0.49868,0.52263,0.02396,4.80387,positive,dependency,1.00000,1.00000,0.46693,0.50042,0.03349,564.00000,17.00000,2.00000,2.00000,17.00000,564.00000,11.00000,325.00000,228.00000,0.00000,0.01950,0.57624,0.40426,17.00000,0.00000,17.00000,0.03014,0.03014,0.50132,1.17884,1.63139,,,1.14513,,1.10420,,,,,,"[0.4,0.6)",Q1
