dataset,selector,coverage,n,mrr_stage1,mrr_stage2,gain_pt
FB15k-237,balanced4_rf,0.02,816,0.1975659694379394,0.3000108017303884,0.5185348093292435
FB15k-237,balanced4_rf,0.04,1633,0.21321089614883304,0.2958297079644101,0.38749807494784205
FB15k-237,balanced4_rf,0.06,2449,0.228294289694116,0.2950778098789754,0.29253259148242594
FB15k-237,balanced4_rf,0.08,3266,0.21736536617553795,0.27666177681265647,0.2727960377516281
FB15k-237,balanced4_rf,0.1,4082,0.22361005698300324,0.27454258181446145,0.22777385560672547
FB15k-237,balanced4_rf,0.12,4898,0.23348874156989993,0.27961280280273515,0.19754297754449524
FB15k-237,balanced4_rf,0.14,5715,0.23806139206000151,0.2796139352596348,0.17454549366476146
FB15k-237,balanced4_rf,0.16,6531,0.2434036865701652,0.2807655528683515,0.153497536642347
FB15k-237,balanced4_rf,0.18,7347,0.24621552450440612,0.27951804178716316,0.13525758519813036
FB15k-237,balanced4_rf,0.2,8164,0.25113964723145676,0.28170795089342676,0.12171835072220771
FB15k-237,balanced4_rf,0.22,8980,0.2554254801509029,0.2831655524570351,0.10860338713954332
FB15k-237,balanced4_rf,0.24,9797,0.2589893375886385,0.2848020358952254,0.0996670308782599
FB15k-237,balanced4_rf,0.26,10613,0.26598896076280654,0.2895508921444755,0.08858236565193445
FB15k-237,balanced4_rf,0.28,11429,0.27509802404600775,0.29621033665895624,0.07674469013786034
FB15k-237,balanced4_rf,0.3,12246,0.27760095457611134,0.2969411807234434,0.06966916297843428
FB15k-237,balanced4_rf,0.32,13062,0.2794010677645662,0.29735202811719535,0.06424800197168645
FB15k-237,balanced4_rf,0.34,13878,0.27759403715336906,0.2944103787877129,0.06057890078183825
FB15k-237,balanced4_rf,0.36,14695,0.27273793452554673,0.2886771722055426,0.05844158682115008
FB15k-237,balanced4_rf,0.38,15511,0.2706121296686649,0.28564584157697476,0.055554464342441046
FB15k-237,balanced4_rf,0.4,16328,0.26696472352636835,0.28117761389758456,0.0532388331442315
FB15k-237,balanced4_rf,0.42,17144,0.2647175271493201,0.27821257128879145,0.050979035218393864
FB15k-237,balanced4_rf,0.44,17960,0.26532718723904364,0.27818884820727524,0.048474719466437666
FB15k-237,balanced4_rf,0.46,18777,0.27061680703769253,0.28275217752939785,0.04484337327213783
FB15k-237,balanced4_rf,0.48,19593,0.274513032188985,0.2861279129421114,0.04231085373436949
FB15k-237,balanced4_rf,0.5,20410,0.27919112770363175,0.290295901408708,0.03977480873555628
FB15k-237,balanced4_rf,0.52,21226,0.2896132002365406,0.3002811959054757,0.03683532263108891
FB15k-237,balanced4_rf,0.54,22042,0.3010364903918604,0.31130199304144535,0.03410052594030133
FB15k-237,balanced4_rf,0.56,22859,0.3155740033667039,0.3254777666369495,0.03138333058042564
FB15k-237,balanced4_rf,0.58,23675,0.3245989744872722,0.3341612584462251,0.029458762074209277
FB15k-237,balanced4_rf,0.6,24491,0.333887540928263,0.34312588282571976,0.02766902254505399
FB15k-237,balanced4_rf,0.62,25308,0.33936321809590675,0.3483031497200169,0.026343254505512448
FB15k-237,balanced4_rf,0.64,26124,0.3489517528109797,0.35761890609714286,0.024837683766724128
FB15k-237,balanced4_rf,0.66,26941,0.35887161658449257,0.36727179493097317,0.02340719621804599
FB15k-237,balanced4_rf,0.68,27757,0.36620246511040133,0.37435668349118667,0.022266967477477362
FB15k-237,balanced4_rf,0.7,28573,0.3718840593383315,0.37978631695663434,0.021249250727129354
FB15k-237,balanced4_rf,0.72,29390,0.37429061286017334,0.38197330947262265,0.020526020018886815
FB15k-237,balanced4_rf,0.74,30206,0.37586382424801523,0.3833394322281341,0.019889139358051366
FB15k-237,balanced4_rf,0.76,31022,0.37448965250034805,0.38176809161847064,0.019435621437139172
FB15k-237,balanced4_rf,0.78,31839,0.3749445099732971,0.3820357381314933,0.01891274033776691
FB15k-237,balanced4_rf,0.8,32655,0.3698485864210624,0.3767624119107181,0.018693664768491214
FB15k-237,balanced4_rf,0.82,33472,0.36759026530226485,0.37432931406021386,0.018333044680624466
FB15k-237,balanced4_rf,0.84,34288,0.3643999837811026,0.37097865387052353,0.018053431345300908
FB15k-237,balanced4_rf,0.86,35104,0.35945911054786184,0.3658848580417676,0.01787615699630507
FB15k-237,balanced4_rf,0.88,35921,0.3572043943960573,0.363481594744895,0.01757313305019914
FB15k-237,balanced4_rf,0.9,36737,0.3552302800810896,0.36134724523198125,0.01721971772647124
FB15k-237,balanced4_rf,0.92,37553,0.35280111982935863,0.3587713484262733,0.016922362944319147
FB15k-237,balanced4_rf,0.94,38370,0.35263383379796415,0.35848648936943855,0.016596976836963373
FB15k-237,balanced4_rf,0.96,39186,0.3540448936698233,0.35945976067206087,0.015294294873483993
FB15k-237,balanced4_rf,0.98,40003,0.3537909052877276,0.3585842366364099,0.013548486625974965
FB15k-237,balanced4_rf,1.0,40819,0.35281198551723697,0.35605305507138224,0.009186393000208737
KG20C,balanced4_rf,0.02,149,0.16259515016407167,0.2629190255614024,0.6170164072919506
KG20C,balanced4_rf,0.04,298,0.1788755961595902,0.26584058112452624,0.4861757938592537
KG20C,balanced4_rf,0.06,447,0.1766544551641278,0.25106309951551214,0.42121012052739926
KG20C,balanced4_rf,0.08,596,0.1798399552636762,0.25026325854756304,0.3915887500118327
KG20C,balanced4_rf,0.1,745,0.17376248300969083,0.23370665261847523,0.34497763021400485
KG20C,balanced4_rf,0.12,894,0.18146838889181205,0.23905889625421453,0.3173583438641583
KG20C,balanced4_rf,0.14,1043,0.18201488006521274,0.23645803457547682,0.29911375647286675
KG20C,balanced4_rf,0.16,1192,0.18225196474412392,0.23275072801551414,0.27708213374977286
KG20C,balanced4_rf,0.18,1341,0.17826228127078014,0.22591793684781522,0.26733448734814624
KG20C,balanced4_rf,0.2,1490,0.17757328139130638,0.22340825718417806,0.25811865069874007
KG20C,balanced4_rf,0.22,1639,0.17448106291082444,0.21722220621355803,0.24496150235271186
KG20C,balanced4_rf,0.24,1788,0.17460979216452302,0.21551110126803225,0.23424407415232862
KG20C,balanced4_rf,0.26,1936,0.17379386142892028,0.21366922125242754,0.22944055385877848
KG20C,balanced4_rf,0.28,2085,0.1779823611615891,0.21612767874179323,0.2143207749984406
KG20C,balanced4_rf,0.3,2234,0.1772200212931484,0.21462820758403783,0.21108329644657187
KG20C,balanced4_rf,0.32,2383,0.17782462655079706,0.21375600273059553,0.20206074308574107
KG20C,balanced4_rf,0.34,2532,0.17751413078607797,0.21183650828480777,0.19335011442042127
KG20C,balanced4_rf,0.36,2681,0.17690613840769745,0.209445209435106,0.18393409816237738
KG20C,balanced4_rf,0.38,2830,0.17472345388744487,0.20609053718445594,0.17952417147853228
KG20C,balanced4_rf,0.4,2979,0.17344212817888208,0.20389120071504263,0.17555753527629947
KG20C,balanced4_rf,0.42,3128,0.17281494066180678,0.20206434261383857,0.1692527384496918
KG20C,balanced4_rf,0.44,3277,0.17287978603531917,0.20062136729688482,0.160467466427209
KG20C,balanced4_rf,0.46,3426,0.17237043253623674,0.19853737714289285,0.15180645672020998
KG20C,balanced4_rf,0.48,3575,0.1712681689163577,0.1962781159140351,0.14602799315202297
KG20C,balanced4_rf,0.5,3724,0.17157131238711462,0.1952564636186606,0.13804843538239897
KG20C,balanced4_rf,0.52,3873,0.17151425562681438,0.19448457125625304,0.1339265680598476
KG20C,balanced4_rf,0.54,4022,0.17301903728411608,0.19476586048625072,0.125690349128599
KG20C,balanced4_rf,0.56,4171,0.17408547186279197,0.19500083342578386,0.1201442104225483
KG20C,balanced4_rf,0.58,4320,0.1767223862697435,0.1964396582740178,0.11157201088366064
KG20C,balanced4_rf,0.6,4469,0.17580288459723953,0.19490696903858118,0.10866763924328482
KG20C,balanced4_rf,0.62,4618,0.17670454325942767,0.19462653736745342,0.10142350489378016
KG20C,balanced4_rf,0.64,4767,0.17973667897292367,0.19667555007725582,0.0942427066146243
KG20C,balanced4_rf,0.66,4916,0.17850973483733584,0.19496271410941868,0.09216852675892073
KG20C,balanced4_rf,0.68,5065,0.17789191227152393,0.19373448804308296,0.08905731333855038
KG20C,balanced4_rf,0.7,5214,0.1809891536348548,0.1963935607512709,0.08511232196540619
KG20C,balanced4_rf,0.72,5363,0.18499958056793972,0.19956723064306892,0.0787442329891086
KG20C,balanced4_rf,0.74,5512,0.18840628972289494,0.20249072670528945,0.0747556623672685
KG20C,balanced4_rf,0.76,5660,0.1943973154441461,0.20778279011585707,0.06885627325217292
KG20C,balanced4_rf,0.78,5809,0.20264161268659867,0.2155885301423595,0.06389071466670715
KG20C,balanced4_rf,0.8,5958,0.2048964750498177,0.21727944402217778,0.060435246479224825
KG20C,balanced4_rf,0.82,6107,0.20521402068495465,0.21714361277868227,0.05813244170115439
KG20C,balanced4_rf,0.84,6256,0.20857333646625942,0.22021809360179956,0.05583051665582328
KG20C,balanced4_rf,0.86,6405,0.21095950029953353,0.2222582103631948,0.053558669069743825
KG20C,balanced4_rf,0.88,6554,0.22207903459447123,0.23309930972935725,0.04962321254237101
KG20C,balanced4_rf,0.9,6703,0.2278148745301875,0.23859011139874686,0.04729821479295704
KG20C,balanced4_rf,0.92,6852,0.22786110110994284,0.2383114496637865,0.04586280195671222
KG20C,balanced4_rf,0.94,7001,0.22497092454330783,0.2350477122082615,0.04479151110486668
KG20C,balanced4_rf,0.96,7150,0.2248823341836367,0.23435754891165655,0.04213409987234695
KG20C,balanced4_rf,0.98,7299,0.22604793301890866,0.2346217203339962,0.03792906752379088
KG20C,balanced4_rf,1.0,7448,0.22638074035722042,0.23398674950607826,0.033598304947920266
WN18RR,balanced4_rf,0.02,121,0.5536734251255333,0.6022366714032549,0.08771099365426638
WN18RR,balanced4_rf,0.04,242,0.4679913584467966,0.5010503890224504,0.07064025858377465
WN18RR,balanced4_rf,0.06,363,0.4283457926131455,0.4552520923124912,0.06281443675494613
WN18RR,balanced4_rf,0.08,484,0.39149092312168227,0.41400277422776915,0.05750286858908815
WN18RR,balanced4_rf,0.1,606,0.36834196936368935,0.3878752396296921,0.05303025962462682
WN18RR,balanced4_rf,0.12,727,0.36677707265794746,0.38436991675614945,0.04796604098154433
WN18RR,balanced4_rf,0.14,848,0.35207196355795706,0.36785623906235976,0.044832526125881955
WN18RR,balanced4_rf,0.16,969,0.34021709894500923,0.3546823214156417,0.0425176233513489
WN18RR,balanced4_rf,0.18,1090,0.34870108409489176,0.36222461452706367,0.038782587863970486
WN18RR,balanced4_rf,0.2,1211,0.3515961958667694,0.3640543423597954,0.03543310945760858
WN18RR,balanced4_rf,0.22,1332,0.3518006101219052,0.36348829593020876,0.033222471684325905
WN18RR,balanced4_rf,0.24,1453,0.3407287430882566,0.3515387643531068,0.03172617950241485
WN18RR,balanced4_rf,0.26,1574,0.3301618227149832,0.3402370500195814,0.03051602763077721
WN18RR,balanced4_rf,0.28,1695,0.31584424432554403,0.32531004376645345,0.029969833584027272
WN18RR,balanced4_rf,0.3,1816,0.306474350416238,0.31543689843354006,0.02924403952607979
WN18RR,balanced4_rf,0.32,1938,0.3013971424908847,0.3099650801642864,0.028427401808100772
WN18RR,balanced4_rf,0.34,2059,0.2965762162513028,0.3047746915021213,0.027643738107008264
WN18RR,balanced4_rf,0.36,2180,0.28858215841979645,0.2963976755275672,0.027082468128198034
WN18RR,balanced4_rf,0.38,2301,0.2777553560968937,0.28520288607847766,0.026813272248783937
WN18RR,balanced4_rf,0.4,2422,0.2734238327714303,0.2805577916112946,0.026091210731538528
WN18RR,balanced4_rf,0.42,2543,0.26909085180015757,0.2759444848492636,0.025469587699681107
WN18RR,balanced4_rf,0.44,2664,0.2628298643941328,0.269403094130914,0.0250094476589775
WN18RR,balanced4_rf,0.46,2785,0.254540673165481,0.2608491652400383,0.024783827260706826
WN18RR,balanced4_rf,0.48,2906,0.24937895484666442,0.25545821488375975,0.02437759850598975
WN18RR,balanced4_rf,0.5,3028,0.24477031810170813,0.2506365682172669,0.023966345924023358
WN18RR,balanced4_rf,0.52,3149,0.24032157848529978,0.2459906696719601,0.023589605321301166
WN18RR,balanced4_rf,0.54,3270,0.2396021757819783,0.24512753295505263,0.02306054673769764
WN18RR,balanced4_rf,0.56,3391,0.2382182863177208,0.24358246798149175,0.022517925666783345
WN18RR,balanced4_rf,0.58,3512,0.23775511471054026,0.24292325072374557,0.02173722327486982
WN18RR,balanced4_rf,0.6,3633,0.24028190715787218,0.245291588042398,0.020849180630293285
WN18RR,balanced4_rf,0.62,3754,0.24914725763060058,0.2538625801202537,0.01892584543974518
WN18RR,balanced4_rf,0.64,3875,0.26220098982361495,0.26675303668168554,0.017360906460089254
WN18RR,balanced4_rf,0.66,3996,0.2824925145414281,0.286928913344743,0.015704482685201526
WN18RR,balanced4_rf,0.68,4117,0.3019906631315985,0.30631144764583046,0.01430767583814041
WN18RR,balanced4_rf,0.7,4238,0.32193743720769197,0.3261365493666243,0.013043255221738326
WN18RR,balanced4_rf,0.72,4360,0.34070238351533955,0.34478418023935736,0.011980534688082134
WN18RR,balanced4_rf,0.74,4481,0.3583029996191102,0.36227492285107055,0.011085375328095504
WN18RR,balanced4_rf,0.76,4602,0.3751687497285653,0.3790362395161391,0.010308667207415079
WN18RR,balanced4_rf,0.78,4723,0.3911702597452419,0.39493866711395126,0.009633675553871734
WN18RR,balanced4_rf,0.8,4844,0.4063721117370491,0.41004638671690347,0.009041651416846763
WN18RR,balanced4_rf,0.82,4965,0.42083336328457566,0.42441809400006686,0.008518171390957674
WN18RR,balanced4_rf,0.84,5086,0.43460594635017186,0.4381053934603595,0.008052000069433074
WN18RR,balanced4_rf,0.86,5207,0.44773843625235854,0.4511565633893692,0.0076342052865081556
WN18RR,balanced4_rf,0.88,5328,0.4602748298549697,0.4636153306061736,0.007257622043457035
WN18RR,balanced4_rf,0.9,5450,0.4723509152103368,0.4756166377795871,0.006913763611098522
WN18RR,balanced4_rf,0.92,5571,0.48380533195858605,0.4870001242763771,0.006603466532412172
WN18RR,balanced4_rf,0.94,5692,0.49477327226748125,0.49790014999102555,0.006319819397709647
WN18RR,balanced4_rf,0.96,5813,0.505291180243568,0.5083497591695109,0.006053101747132139
WN18RR,balanced4_rf,0.98,5934,0.514530976542361,0.5175307334054317,0.0058300802086377335
WN18RR,balanced4_rf,1.0,6055,0.5112021246888967,0.5133269561687425,0.004156538827257084
YAGO3-10,balanced4_rf,0.02,200,0.27558411715028114,0.48457959270145734,0.7583727165132927
YAGO3-10,balanced4_rf,0.04,399,0.35174059268544317,0.5418788218202294,0.5405637935705199
YAGO3-10,balanced4_rf,0.06,598,0.3738589158411437,0.5482056986480038,0.46634378750764305
YAGO3-10,balanced4_rf,0.08,798,0.39137683274473556,0.5508400669488169,0.4074416798913765
YAGO3-10,balanced4_rf,0.1,998,0.3942301653551069,0.5487308292337371,0.39190472332187487
YAGO3-10,balanced4_rf,0.12,1197,0.4145958472311715,0.555784440633477,0.34054512206336973
YAGO3-10,balanced4_rf,0.14,1397,0.42813025770545804,0.55426011494301,0.2946062675260057
YAGO3-10,balanced4_rf,0.16,1596,0.4309644763829405,0.5500435205251374,0.27630825895818667
YAGO3-10,balanced4_rf,0.18,1796,0.4422151942279269,0.5533599150973987,0.25133627772225653
YAGO3-10,balanced4_rf,0.2,1995,0.43588326818147066,0.5414616097363013,0.24221700914400635
YAGO3-10,balanced4_rf,0.22,2194,0.44207773185072274,0.5407824483074367,0.22327457219682767
YAGO3-10,balanced4_rf,0.24,2394,0.45068790598325664,0.5435800623913908,0.20611193505508707
YAGO3-10,balanced4_rf,0.26,2594,0.45219832311577923,0.5396000756620128,0.19328190326759698
YAGO3-10,balanced4_rf,0.28,2793,0.46074462590275134,0.5421257435481043,0.17662955370537503
YAGO3-10,balanced4_rf,0.3,2992,0.4684070162492394,0.5445297528966087,0.162514082852389
YAGO3-10,balanced4_rf,0.32,3192,0.47569165285196346,0.5470593646681609,0.15002935491577185
YAGO3-10,balanced4_rf,0.34,3392,0.48077268640279147,0.5467672452851792,0.13726769583390475
YAGO3-10,balanced4_rf,0.36,3591,0.4828874570166742,0.5453404216856511,0.1293323397853765
YAGO3-10,balanced4_rf,0.38,3790,0.4853914156333546,0.5443793681108492,0.12152656717368027
YAGO3-10,balanced4_rf,0.4,3990,0.48421588382559944,0.5395838970704478,0.11434571870589516
YAGO3-10,balanced4_rf,0.42,4190,0.4865183947246408,0.5393830307528047,0.10865906942343706
YAGO3-10,balanced4_rf,0.44,4389,0.4902891338293127,0.5399999906184629,0.10139090050985367
YAGO3-10,balanced4_rf,0.46,4588,0.49502042558828213,0.5414555664103585,0.09380449456584117
YAGO3-10,balanced4_rf,0.48,4788,0.4977421835544386,0.5419725906152107,0.088862082664799
YAGO3-10,balanced4_rf,0.5,4988,0.503564243287533,0.54591355806812,0.08409913004169711
YAGO3-10,balanced4_rf,0.52,5187,0.5079456772493807,0.5489729526543924,0.08077099036885582
YAGO3-10,balanced4_rf,0.54,5386,0.5113650613870239,0.5506195235958115,0.07676406773336053
YAGO3-10,balanced4_rf,0.56,5586,0.5142171109133088,0.5520991519296256,0.07366935135439956
YAGO3-10,balanced4_rf,0.58,5786,0.5198938495541551,0.5563657488417648,0.07015258849260664
YAGO3-10,balanced4_rf,0.6,5985,0.5247453973074576,0.5600652890822894,0.06730862615672861
YAGO3-10,balanced4_rf,0.62,6184,0.5283392088181892,0.5625198291551011,0.06469446099480014
YAGO3-10,balanced4_rf,0.64,6384,0.5320813501691434,0.5651206397177556,0.06209443262408909
YAGO3-10,balanced4_rf,0.66,6584,0.5360334655938931,0.567959133724587,0.059559095056354705
YAGO3-10,balanced4_rf,0.68,6783,0.5414754486553685,0.5724300418749639,0.05716712234407706
YAGO3-10,balanced4_rf,0.7,6982,0.5458402434205357,0.5758428312830193,0.054965877331562885
YAGO3-10,balanced4_rf,0.72,7182,0.5521984828461551,0.5812495373441138,0.05260980498936352
YAGO3-10,balanced4_rf,0.74,7382,0.5535705822918953,0.5818835653363693,0.05114611207707709
YAGO3-10,balanced4_rf,0.76,7581,0.5531877427989823,0.5805067738051006,0.04938473666804577
YAGO3-10,balanced4_rf,0.78,7780,0.5531381598167867,0.5797700947492693,0.048146985449898816
YAGO3-10,balanced4_rf,0.8,7980,0.5511859516317956,0.5770898629455324,0.046996682765676256
YAGO3-10,balanced4_rf,0.82,8179,0.5512280881734896,0.5763184610707093,0.0455172249664515
YAGO3-10,balanced4_rf,0.84,8379,0.5527466429186688,0.5769751444555711,0.043832923903379006
YAGO3-10,balanced4_rf,0.86,8578,0.55781790729196,0.5814082801118571,0.04229045448616242
YAGO3-10,balanced4_rf,0.88,8778,0.5662545316371554,0.5893073693909147,0.04071108744526741
YAGO3-10,balanced4_rf,0.9,8978,0.5731960143347258,0.5957331583043212,0.039318389182717794
YAGO3-10,balanced4_rf,0.92,9177,0.5807820803117866,0.6028293912872871,0.03796141741092396
YAGO3-10,balanced4_rf,0.94,9376,0.5799684856686035,0.6014865629796832,0.037102149242252525
YAGO3-10,balanced4_rf,0.96,9576,0.5681971958883336,0.589265542783246,0.03707928699291396
YAGO3-10,balanced4_rf,0.98,9776,0.5644734399148922,0.584718975710715,0.0358662327830257
YAGO3-10,balanced4_rf,1.0,9975,0.5616723217905851,0.5802260659200453,0.033033039745151926
codex-l,balanced4_rf,0.02,1223,0.2662797296547854,0.3635522218504889,0.3653019038355305
codex-l,balanced4_rf,0.04,2445,0.29592635411009016,0.36236391120103484,0.2245070645726559
codex-l,balanced4_rf,0.06,3668,0.3245683542827758,0.37941632886903054,0.16898743781554626
codex-l,balanced4_rf,0.08,4890,0.3388819420978997,0.38920493557185926,0.14849712310554963
codex-l,balanced4_rf,0.1,6113,0.3618597898128002,0.4065802155641856,0.12358495475421716
codex-l,balanced4_rf,0.12,7335,0.37701977327331443,0.4163651292822374,0.10435886602796351
codex-l,balanced4_rf,0.14,8558,0.38683516268427964,0.42233017985347165,0.09175747344912821
codex-l,balanced4_rf,0.16,9781,0.37914246439148325,0.4113348257268921,0.08490835070948077
codex-l,balanced4_rf,0.18,11003,0.3678732115920853,0.39721095621741775,0.07974960856313595
codex-l,balanced4_rf,0.2,12226,0.34988784102142695,0.377873285276549,0.07998404338208553
codex-l,balanced4_rf,0.22,13448,0.3501324458627699,0.3761276451698172,0.07424390288364124
codex-l,balanced4_rf,0.24,14671,0.3522428055636128,0.37619625688605435,0.06800267015848438
codex-l,balanced4_rf,0.26,15894,0.3533602030448712,0.3755383833050612,0.06276366175104808
codex-l,balanced4_rf,0.28,17116,0.3538378745416638,0.37460700088887666,0.05869673045633017
codex-l,balanced4_rf,0.3,18339,0.3530874512123035,0.3729316341360992,0.05620189235177264
codex-l,balanced4_rf,0.32,19561,0.35376415797144095,0.3723998872737641,0.0526783985386885
codex-l,balanced4_rf,0.34,20784,0.34749559167134453,0.36522660339092794,0.051025141453745704
codex-l,balanced4_rf,0.36,22006,0.33957297025964606,0.35652860129423614,0.04993221639998424
codex-l,balanced4_rf,0.38,23229,0.3339915503589241,0.3501781721736245,0.048464165627260636
codex-l,balanced4_rf,0.4,24452,0.32988289303961577,0.345330600291045,0.0468278518752232
codex-l,balanced4_rf,0.42,25674,0.3269605745662589,0.3419865210138568,0.04595644740204885
codex-l,balanced4_rf,0.44,26897,0.3235661459286223,0.33794121317309844,0.044426981701748414
codex-l,balanced4_rf,0.46,28119,0.3197382165966158,0.33357764719002564,0.043283629779138355
codex-l,balanced4_rf,0.48,29342,0.3173140873562852,0.33048357435758224,0.04150300136693952
codex-l,balanced4_rf,0.5,30564,0.31317491860632396,0.3258135747331151,0.040356539990606954
codex-l,balanced4_rf,0.52,31787,0.3103487078741532,0.3224968201414884,0.039143427889705595
codex-l,balanced4_rf,0.54,33010,0.3084200583550346,0.3202716031061093,0.038426634163436724
codex-l,balanced4_rf,0.56,34232,0.3053850028811983,0.31687438400261664,0.03762261084539231
codex-l,balanced4_rf,0.58,35455,0.3012321349404989,0.31244358841106173,0.03721865023722448
codex-l,balanced4_rf,0.6,36677,0.3017361385732281,0.31259106962883293,0.03597491207693193
codex-l,balanced4_rf,0.62,37900,0.30309125032521933,0.31358658491812613,0.03462763963540749
codex-l,balanced4_rf,0.64,39123,0.30307696580048354,0.31320970307232415,0.03343288476271411
codex-l,balanced4_rf,0.66,40345,0.3033928127957864,0.3131458504621174,0.03214656793104642
codex-l,balanced4_rf,0.68,41568,0.3032531047450418,0.31267150091039186,0.03105787217996836
codex-l,balanced4_rf,0.7,42790,0.30612303337856683,0.3152625027191993,0.029855542850740546
codex-l,balanced4_rf,0.72,44013,0.30745740834810037,0.31639327538364037,0.029063755801333357
codex-l,balanced4_rf,0.74,45235,0.3095407845823312,0.3181957302803508,0.02796059882608959
codex-l,balanced4_rf,0.76,46458,0.3157782922137798,0.32413816820561026,0.02647387802759682
codex-l,balanced4_rf,0.78,47681,0.318892563198246,0.3270397194753034,0.025548279318111877
codex-l,balanced4_rf,0.8,48903,0.32591721467366214,0.33379920696578114,0.02418403182541673
codex-l,balanced4_rf,0.82,50126,0.3329188769441451,0.3405698431142966,0.02298147296536479
codex-l,balanced4_rf,0.84,51348,0.3361662524656687,0.34353040590150064,0.021906284113346608
codex-l,balanced4_rf,0.86,52571,0.33206615259075695,0.33924441168930775,0.02161695506315997
codex-l,balanced4_rf,0.88,53794,0.330007910398086,0.336956655646395,0.02105629904424644
codex-l,balanced4_rf,0.9,55016,0.33565685644413484,0.3423177960097814,0.01984449129450505
codex-l,balanced4_rf,0.92,56239,0.34217944885244006,0.34862423054090647,0.018834508355426216
codex-l,balanced4_rf,0.94,57461,0.34200786653446874,0.3481615162684317,0.017992714016543898
codex-l,balanced4_rf,0.96,58684,0.33769900295831695,0.34368435801966546,0.017723934654575446
codex-l,balanced4_rf,0.98,59906,0.33552324781285103,0.34096366569126574,0.016214727038673882
codex-l,balanced4_rf,1.0,61129,0.32990176871301513,0.334842792661744,0.014977258133547888
codex-m,balanced4_rf,0.02,412,0.12844963968764567,0.18818812824858652,0.46507322796863027
codex-m,balanced4_rf,0.04,824,0.1653155272034613,0.2107073362441058,0.274576803573803
codex-m,balanced4_rf,0.06,1236,0.21161788820612842,0.25318392210449375,0.19642022822700866
codex-m,balanced4_rf,0.08,1648,0.24173676693319854,0.27643473108942945,0.1435361471754082
codex-m,balanced4_rf,0.1,2059,0.2571481642311226,0.28790173705290706,0.11959475936271291
codex-m,balanced4_rf,0.12,2471,0.2594664542511627,0.2862691429890494,0.10329924465665896
codex-m,balanced4_rf,0.14,2883,0.2606059410433972,0.28463381456038434,0.09220002207465372
codex-m,balanced4_rf,0.16,3295,0.2541408334094028,0.27674407056175404,0.08893980888123965
codex-m,balanced4_rf,0.18,3707,0.26182245447006625,0.28215630434575,0.0776627425513976
codex-m,balanced4_rf,0.2,4119,0.26109534713025534,0.27980929491282824,0.0716747655148251
codex-m,balanced4_rf,0.22,4531,0.2651773710771267,0.2820949093516408,0.06379706611388669
codex-m,balanced4_rf,0.24,4943,0.266261675818035,0.2819536039598842,0.05893423487867322
codex-m,balanced4_rf,0.26,5354,0.2675434511582671,0.2819282051918549,0.05376604798701812
codex-m,balanced4_rf,0.28,5766,0.2666233711636455,0.28007908949178395,0.05046713748090648
codex-m,balanced4_rf,0.3,6178,0.2645377749345586,0.2774742764221847,0.04890228433661825
codex-m,balanced4_rf,0.32,6590,0.2670207505504853,0.2795086677532107,0.04676759082198867
codex-m,balanced4_rf,0.34,7002,0.2701653364223186,0.28212757465114746,0.04427747240722857
codex-m,balanced4_rf,0.36,7414,0.27329758752418126,0.28471817499503693,0.041788102025763996
codex-m,balanced4_rf,0.38,7826,0.2684203109181142,0.279426073137744,0.041001972548147636
codex-m,balanced4_rf,0.4,8238,0.2618988475551717,0.27247091827754266,0.04036699978278402
codex-m,balanced4_rf,0.42,8649,0.2632316178361112,0.2731395151199672,0.03763946506617866
codex-m,balanced4_rf,0.44,9061,0.2583560594336941,0.26791215282613945,0.03698807534606274
codex-m,balanced4_rf,0.46,9473,0.26019737200677967,0.26923079595935745,0.034717583359536786
codex-m,balanced4_rf,0.48,9885,0.2567080260346708,0.26532790366347697,0.03357852795627814
codex-m,balanced4_rf,0.5,10297,0.2558332275238977,0.2640050911858198,0.031942151303073985
codex-m,balanced4_rf,0.52,10709,0.25812589081016935,0.2659743498603561,0.030405547562676327
codex-m,balanced4_rf,0.54,11121,0.26320395263994184,0.2707728554031518,0.02875679748458837
codex-m,balanced4_rf,0.56,11533,0.266818495243342,0.2739358381705345,0.026674848460941147
codex-m,balanced4_rf,0.58,11945,0.2734608713911157,0.2803567452947694,0.025217040626594578
codex-m,balanced4_rf,0.6,12356,0.28136331694134376,0.2879425070403062,0.023383254684668175
codex-m,balanced4_rf,0.62,12768,0.2947060608728608,0.30105114009642453,0.021530195900182347
codex-m,balanced4_rf,0.64,13180,0.3058682858044014,0.3119869184471576,0.020004142066134323
codex-m,balanced4_rf,0.66,13592,0.3147275674611287,0.3206121189343164,0.018697286420308545
codex-m,balanced4_rf,0.68,14004,0.31103896528000075,0.3167457231976703,0.018347405163633645
codex-m,balanced4_rf,0.7,14416,0.3174501364626091,0.3229317384922673,0.017267600167826247
codex-m,balanced4_rf,0.72,14828,0.3229885531050779,0.32835965673123374,0.01662939313025258
codex-m,balanced4_rf,0.74,15240,0.32107264761980187,0.3263947911432246,0.01657613491176302
codex-m,balanced4_rf,0.76,15651,0.32555928290743824,0.33074062230354695,0.015915194768326923
codex-m,balanced4_rf,0.78,16063,0.32677946762686017,0.33183890096281365,0.015482714910750373
codex-m,balanced4_rf,0.8,16475,0.33133250861323504,0.33623230338153265,0.014788149791897354
codex-m,balanced4_rf,0.82,16887,0.33180923562697867,0.33655022823443714,0.01428830815543769
codex-m,balanced4_rf,0.84,17299,0.3350964316303702,0.33971291377794127,0.013776578058769973
codex-m,balanced4_rf,0.86,17711,0.3407000050402292,0.345176869313374,0.013140194326138
codex-m,balanced4_rf,0.88,18123,0.34230248122345897,0.3466217259628297,0.012618210431700305
codex-m,balanced4_rf,0.9,18535,0.3418113797331938,0.34589412127113744,0.011944428360256776
codex-m,balanced4_rf,0.92,18946,0.3416626174830719,0.3456650166046732,0.01171447772391887
codex-m,balanced4_rf,0.94,19358,0.3429312430638261,0.34668886744117056,0.010957369599144728
codex-m,balanced4_rf,0.96,19770,0.343315889159513,0.3467653287902462,0.010047422037989362
codex-m,balanced4_rf,0.98,20182,0.344203234482607,0.34723470325828565,0.008807205952714225
codex-m,balanced4_rf,1.0,20594,0.34234153499948844,0.3449297847479118,0.0075604315685131596
hetionet,balanced4_rf,0.02,9001,0.321793759688195,0.5382000618895454,0.6724999963052087
hetionet,balanced4_rf,0.04,18002,0.3769533518069942,0.5675368714160537,0.505589136415588
hetionet,balanced4_rf,0.06,27002,0.40840324643876663,0.5808936107869178,0.4223530685719299
hetionet,balanced4_rf,0.08,36003,0.4367367262704356,0.5955907162502749,0.36372940589721314
hetionet,balanced4_rf,0.1,45004,0.46435569872668203,0.6065012994609588,0.3061136131720934
hetionet,balanced4_rf,0.12,54005,0.485944736073558,0.6159515705500943,0.26753419643351606
hetionet,balanced4_rf,0.14,63006,0.5047852067528521,0.624953903248082,0.23805906925886933
hetionet,balanced4_rf,0.16,72006,0.5216446410662217,0.6338494815760319,0.21509823292820163
hetionet,balanced4_rf,0.18,81007,0.5375764310902937,0.6422863306765159,0.19478141810245142
hetionet,balanced4_rf,0.2,90008,0.5497366497415114,0.6472083099865222,0.17730609791223206
hetionet,balanced4_rf,0.22,99009,0.5666287403783974,0.6559304341748925,0.15760177243543816
hetionet,balanced4_rf,0.24,108010,0.5735293517612006,0.6572784702285354,0.1460241192715892
hetionet,balanced4_rf,0.26,117010,0.5797126827027641,0.6584281661252175,0.1357836144889264
hetionet,balanced4_rf,0.28,126011,0.5842089273145245,0.6577075007368623,0.12580871326323972
hetionet,balanced4_rf,0.3,135012,0.5830880000037749,0.6520746776285627,0.11831263484129528
hetionet,balanced4_rf,0.32,144013,0.583479430244082,0.6490074918214159,0.1123056926786985
hetionet,balanced4_rf,0.34,153014,0.5847026032585942,0.646763995811787,0.1061418098830409
hetionet,balanced4_rf,0.36,162014,0.5834445057390923,0.6418922594173226,0.10017705729217585
hetionet,balanced4_rf,0.38,171015,0.5837470152486822,0.6388514966493524,0.09439788120748682
hetionet,balanced4_rf,0.4,180016,0.582376724835289,0.6347306856724041,0.08989706937879793
hetionet,balanced4_rf,0.42,189017,0.578707469462206,0.6287118116458481,0.08640694102343494
hetionet,balanced4_rf,0.44,198018,0.5772236057496286,0.6247883830058013,0.0824026889794316
hetionet,balanced4_rf,0.46,207018,0.5744601003465754,0.6198791487569967,0.07906388691402544
hetionet,balanced4_rf,0.48,216019,0.5693559629681983,0.6128766814190422,0.0764385046991678
hetionet,balanced4_rf,0.5,225020,0.5647318713476422,0.6064402036135049,0.07385510608128487
hetionet,balanced4_rf,0.52,234021,0.5621628809796807,0.6020665437791076,0.07098238633238618
hetionet,balanced4_rf,0.54,243022,0.5555545622140331,0.5940108889553474,0.06922151190344938
hetionet,balanced4_rf,0.56,252022,0.5467026103908318,0.583708561419427,0.06768936223322597
hetionet,balanced4_rf,0.58,261023,0.5348167273012118,0.5705507944533177,0.06681553760000525
hetionet,balanced4_rf,0.6,270024,0.5218842288154532,0.5564084238725651,0.06615297637078088
hetionet,balanced4_rf,0.62,279025,0.5094451188751805,0.5429139283255535,0.06569659460918942
hetionet,balanced4_rf,0.64,288026,0.4987829156179951,0.5312380212337702,0.06506859918319985
hetionet,balanced4_rf,0.66,297026,0.4882643689782698,0.519758319861218,0.06450184138738546
hetionet,balanced4_rf,0.68,306027,0.4783192945308697,0.5088755927995686,0.06388263784898784
hetionet,balanced4_rf,0.7,315028,0.4689359700785159,0.49861593869621945,0.06329215609699146
hetionet,balanced4_rf,0.72,324029,0.460075023476896,0.48892432545485637,0.06270564691806002
hetionet,balanced4_rf,0.74,333030,0.4516987485934187,0.47970814277711893,0.06200901435065065
hetionet,balanced4_rf,0.76,342030,0.44316837659845176,0.4704108117467006,0.06147197450627839
hetionet,balanced4_rf,0.78,351031,0.4357020199387259,0.4622175251587822,0.06085697106427301
hetionet,balanced4_rf,0.8,360032,0.42809553783204923,0.4539000928738304,0.060277561341704144
hetionet,balanced4_rf,0.82,369033,0.4207447636561546,0.44583800068468715,0.05964004592827088
hetionet,balanced4_rf,0.84,378034,0.4134920074202722,0.43791488712791354,0.05906493782071576
hetionet,balanced4_rf,0.86,387034,0.40626101900400713,0.4298598158936566,0.05808777063451598
hetionet,balanced4_rf,0.88,396035,0.4001687708183046,0.42298876223066306,0.057025917753886324
hetionet,balanced4_rf,0.9,405036,0.39388154250973045,0.4159662234946883,0.056069347256636926
hetionet,balanced4_rf,0.92,414037,0.3868646868325995,0.40821347884376163,0.05518413217280793
hetionet,balanced4_rf,0.94,423038,0.38077805790489544,0.40141711757745824,0.054202334520330187
hetionet,balanced4_rf,0.96,432038,0.3743846613676651,0.3943335519743783,0.05328447627591881
hetionet,balanced4_rf,0.98,441039,0.37034395364129835,0.38953607073693414,0.051822412400512885
hetionet,balanced4_rf,1.0,450040,0.37318845483349955,0.3903218979298272,0.04591096770121639
FB15k-237,balanced4_global_rf,0.02,816,0.17802929669297055,0.24733114137825118,0.38927213651132186
FB15k-237,balanced4_global_rf,0.04,1633,0.1944730486470963,0.2492127454741725,0.2814770334906944
FB15k-237,balanced4_global_rf,0.06,2449,0.19309604122559726,0.2371682694167974,0.22823993651796215
FB15k-237,balanced4_global_rf,0.08,3266,0.19560329569189647,0.236909485418001,0.21117328100221666
FB15k-237,balanced4_global_rf,0.1,4082,0.2185766147581908,0.25342086495967286,0.15941435564838402
FB15k-237,balanced4_global_rf,0.12,4898,0.223079521708853,0.25471016737678276,0.14179089781809617
FB15k-237,balanced4_global_rf,0.14,5715,0.24234209866654946,0.2716175758860333,0.12080227653621756
FB15k-237,balanced4_global_rf,0.16,6531,0.2589680516663443,0.2859186888541128,0.10406935146769314
FB15k-237,balanced4_global_rf,0.18,7347,0.2639567288415673,0.2885190202138403,0.09305423460909701
FB15k-237,balanced4_global_rf,0.2,8164,0.2621203655513562,0.2840011351575737,0.08347603804150228
FB15k-237,balanced4_global_rf,0.22,8980,0.26655632819055,0.2868501715013878,0.07613341408398533
FB15k-237,balanced4_global_rf,0.24,9797,0.2726411881253572,0.29148620865938973,0.0691202259776238
FB15k-237,balanced4_global_rf,0.26,10613,0.2824787869288404,0.29987892734532956,0.06159804283240744
FB15k-237,balanced4_global_rf,0.28,11429,0.286494974078716,0.302608466671522,0.05624354369434337
FB15k-237,balanced4_global_rf,0.3,12246,0.28818318391551156,0.30273448612408865,0.050493238400902696
FB15k-237,balanced4_global_rf,0.32,13062,0.2929151264918213,0.30623167361853243,0.04546213535026489
FB15k-237,balanced4_global_rf,0.34,13878,0.2972114444201372,0.30915672808069755,0.040191196822402686
FB15k-237,balanced4_global_rf,0.36,14695,0.30189584133922776,0.3130908908662718,0.03708249003160202
FB15k-237,balanced4_global_rf,0.38,15511,0.31324563710065684,0.3235468536552067,0.03288542707217257
FB15k-237,balanced4_global_rf,0.4,16328,0.31654004039777633,0.32605040044621275,0.030044730001567377
FB15k-237,balanced4_global_rf,0.42,17144,0.3158240363543518,0.32478285009007735,0.028366472163232848
FB15k-237,balanced4_global_rf,0.44,17960,0.3203263912434911,0.3288409285879117,0.026580817494829434
FB15k-237,balanced4_global_rf,0.46,18777,0.3267624399902059,0.334877060079281,0.024833392997427595
FB15k-237,balanced4_global_rf,0.48,19593,0.3372262550989956,0.34514793363006346,0.023490693299495158
FB15k-237,balanced4_global_rf,0.5,20410,0.33967641575735513,0.3472073243692855,0.02217083159906519
FB15k-237,balanced4_global_rf,0.52,21226,0.3391664845155432,0.34637839809357335,0.021263638676832786
FB15k-237,balanced4_global_rf,0.54,22042,0.3375093548949647,0.34442411189541144,0.020487601010640732
FB15k-237,balanced4_global_rf,0.56,22859,0.33464359879252736,0.3412426597222185,0.019719668786440492
FB15k-237,balanced4_global_rf,0.58,23675,0.33240989528815623,0.33872819699083534,0.01900756202579945
FB15k-237,balanced4_global_rf,0.6,24491,0.32955215265531207,0.33561310680133327,0.01839148704442084
FB15k-237,balanced4_global_rf,0.62,25308,0.32718367699118056,0.33308068432183185,0.01802353768036613
FB15k-237,balanced4_global_rf,0.64,26124,0.3261869725045732,0.3318412798598865,0.01733455910853099
FB15k-237,balanced4_global_rf,0.66,26941,0.3232804529770828,0.32874726172868296,0.016910421589850122
FB15k-237,balanced4_global_rf,0.68,27757,0.33196167429750845,0.3372228036812965,0.015848604797290333
FB15k-237,balanced4_global_rf,0.7,28573,0.33703442360925384,0.3421514286524738,0.015182440382269125
FB15k-237,balanced4_global_rf,0.72,29390,0.33972845705254046,0.344693898228254,0.014615911833802064
FB15k-237,balanced4_global_rf,0.74,30206,0.33977581633015874,0.3446057758795148,0.014215136325837818
FB15k-237,balanced4_global_rf,0.76,31022,0.33740567445473724,0.34212222118869795,0.01397886014093519
FB15k-237,balanced4_global_rf,0.78,31839,0.3336799806726834,0.33825021667265137,0.013696464471001812
FB15k-237,balanced4_global_rf,0.8,32655,0.3308063366359039,0.33526104003104695,0.01346619729369336
FB15k-237,balanced4_global_rf,0.82,33472,0.3268320454473986,0.3311726334445666,0.013280790723033897
FB15k-237,balanced4_global_rf,0.84,34288,0.33224983740654424,0.33644061966330896,0.01261334629830646
FB15k-237,balanced4_global_rf,0.86,35104,0.3391737487406853,0.3432671153661397,0.012068642224383863
FB15k-237,balanced4_global_rf,0.88,35921,0.3465594580286561,0.3505443390297698,0.01149840498880339
FB15k-237,balanced4_global_rf,0.9,36737,0.35301646346481386,0.3568794267761285,0.010942728487504771
FB15k-237,balanced4_global_rf,0.92,37553,0.3524098036119944,0.35612429914749183,0.010540272993049493
FB15k-237,balanced4_global_rf,0.94,38370,0.35293272692553385,0.35650590508111407,0.01012424715244431
FB15k-237,balanced4_global_rf,0.96,39186,0.3522173700178676,0.35570252532283064,0.009894899007355074
FB15k-237,balanced4_global_rf,0.98,40003,0.3470442192188577,0.3504559340979485,0.009830778587149647
FB15k-237,balanced4_global_rf,1.0,40819,0.3528119855172369,0.35605305507138224,0.009186393000208737
KG20C,balanced4_global_rf,0.02,149,0.25955109574860474,0.35123487418775395,0.3532398049590668
KG20C,balanced4_global_rf,0.04,298,0.2186958671244638,0.27869992932509613,0.2743721817407867
KG20C,balanced4_global_rf,0.06,447,0.20182289203580517,0.25681615828323207,0.27248279762867833
KG20C,balanced4_global_rf,0.08,596,0.18578957230015064,0.2342151275897138,0.2606473263813198
KG20C,balanced4_global_rf,0.1,745,0.17425186485645192,0.21584582005226371,0.2387002011718884
KG20C,balanced4_global_rf,0.12,894,0.1655558100870269,0.20283868493973767,0.2251982267074315
KG20C,balanced4_global_rf,0.14,1043,0.1634111811595164,0.1987561334114765,0.21629457666949725
KG20C,balanced4_global_rf,0.16,1192,0.15953155222815743,0.1902892365232653,0.1928000064283153
KG20C,balanced4_global_rf,0.18,1341,0.15494147216730886,0.18283610492206842,0.1800333530111189
KG20C,balanced4_global_rf,0.2,1490,0.15232441102320604,0.17901495984093344,0.17522174311024385
KG20C,balanced4_global_rf,0.22,1639,0.14838340347225382,0.17388080038810427,0.17183456046429213
KG20C,balanced4_global_rf,0.24,1788,0.15243798895247856,0.17716035779853628,0.16217984123212714
KG20C,balanced4_global_rf,0.26,1936,0.15198753263526849,0.17566053606794227,0.15575621909385817
KG20C,balanced4_global_rf,0.28,2085,0.15476603049647622,0.17674340267064156,0.14200384996412851
KG20C,balanced4_global_rf,0.3,2234,0.15155676492362163,0.17211106075939603,0.1356211043837794
KG20C,balanced4_global_rf,0.32,2383,0.1517550312775733,0.17149862801750812,0.1301017605394712
KG20C,balanced4_global_rf,0.34,2532,0.15431225162502057,0.17191051341553013,0.11404319232716142
KG20C,balanced4_global_rf,0.36,2681,0.15568746435165043,0.17223554319302678,0.10629037418195275
KG20C,balanced4_global_rf,0.38,2830,0.15576697681203414,0.17136025160942767,0.10010642253274349
KG20C,balanced4_global_rf,0.4,2979,0.15265158554329258,0.16805283677199725,0.10089152480068297
KG20C,balanced4_global_rf,0.42,3128,0.1534858306833228,0.16795310963982782,0.09425807510762607
KG20C,balanced4_global_rf,0.44,3277,0.15346295526659412,0.167629438889155,0.092312073607282
KG20C,balanced4_global_rf,0.46,3426,0.1534268395322263,0.1674829646578431,0.09161451261377507
KG20C,balanced4_global_rf,0.48,3575,0.15506209624104492,0.16891082880772912,0.08931088191376091
KG20C,balanced4_global_rf,0.5,3724,0.1586695753901522,0.1712916684220877,0.07954954817833904
KG20C,balanced4_global_rf,0.52,3873,0.15810379970284144,0.17107982678382858,0.08207283509552443
KG20C,balanced4_global_rf,0.54,4022,0.15775452587615196,0.1710088275349449,0.08401851918466319
KG20C,balanced4_global_rf,0.56,4171,0.15841758585730062,0.17142490849241301,0.08210782006758466
KG20C,balanced4_global_rf,0.58,4320,0.1590724193948244,0.1712733002128274,0.07670016502181887
KG20C,balanced4_global_rf,0.6,4469,0.16096087914781482,0.1722429749746824,0.07009216081944314
KG20C,balanced4_global_rf,0.62,4618,0.1620172231916166,0.1729896118740528,0.06772359423454155
KG20C,balanced4_global_rf,0.64,4767,0.1602752833917593,0.170852197506472,0.06599217228560206
KG20C,balanced4_global_rf,0.66,4916,0.1590886346443916,0.16977983087707016,0.06720276565687056
KG20C,balanced4_global_rf,0.68,5065,0.15938629416454386,0.16992558017761214,0.06612416750331085
KG20C,balanced4_global_rf,0.7,5214,0.1611707696667308,0.17144952793884266,0.06377557353213792
KG20C,balanced4_global_rf,0.72,5363,0.16048191461964736,0.1708031973216258,0.06431430436532715
KG20C,balanced4_global_rf,0.74,5512,0.15954567530821334,0.16958473765797233,0.06292281085253704
KG20C,balanced4_global_rf,0.76,5660,0.15916063045408907,0.16934615042842122,0.06399522259539059
KG20C,balanced4_global_rf,0.78,5809,0.15865577469477166,0.16837963203624462,0.06128902247762569
KG20C,balanced4_global_rf,0.8,5958,0.1581268303993457,0.16754418472686314,0.059555701608222655
KG20C,balanced4_global_rf,0.82,6107,0.1610044135778402,0.16999437192254793,0.055836719906820376
KG20C,balanced4_global_rf,0.84,6256,0.16545278406542419,0.1743304972818788,0.053657079671407315
KG20C,balanced4_global_rf,0.86,6405,0.17453264905925156,0.1831337171015394,0.04928056778286716
KG20C,balanced4_global_rf,0.88,6554,0.17877452011352882,0.18708574100294423,0.04648996335796318
KG20C,balanced4_global_rf,0.9,6703,0.18516360236705515,0.1933519218090967,0.04422207894729557
KG20C,balanced4_global_rf,0.92,6852,0.19054652033907163,0.1987660685535582,0.043136700685271645
KG20C,balanced4_global_rf,0.94,7001,0.19936101384863997,0.20729828289948934,0.03981354677938964
KG20C,balanced4_global_rf,0.96,7150,0.20703755940337645,0.21496057424822865,0.038268490353557505
KG20C,balanced4_global_rf,0.98,7299,0.21749178216031104,0.22525305851881122,0.03568537754120493
KG20C,balanced4_global_rf,1.0,7448,0.22638074035722047,0.23398674950607828,0.033598304947920044
WN18RR,balanced4_global_rf,0.02,121,0.5966095437652981,0.6280338381405982,0.0526714577460099
WN18RR,balanced4_global_rf,0.04,242,0.5027718794632293,0.5243784949284693,0.042974987957376865
WN18RR,balanced4_global_rf,0.06,363,0.4637222963829869,0.4840101347466526,0.04374997390013369
WN18RR,balanced4_global_rf,0.08,484,0.40905955979161207,0.4268872359887448,0.04358210380467509
WN18RR,balanced4_global_rf,0.1,606,0.37133348272951067,0.3853809962855601,0.037829913566620244
WN18RR,balanced4_global_rf,0.12,727,0.40235609981621917,0.4132883190514907,0.027170507021677892
WN18RR,balanced4_global_rf,0.14,848,0.46555240688455835,0.47452979788595695,0.019283309179893626
WN18RR,balanced4_global_rf,0.16,969,0.4666723921772634,0.47455184049766824,0.01688432496219283
WN18RR,balanced4_global_rf,0.18,1090,0.424697880402877,0.43180891601183485,0.016743751115998462
WN18RR,balanced4_global_rf,0.2,1211,0.39200572177047005,0.39842522501768635,0.016376044763385167
WN18RR,balanced4_global_rf,0.22,1332,0.3655942917147117,0.3717905549964906,0.01694846834921071
WN18RR,balanced4_global_rf,0.24,1453,0.34402812972287883,0.3497637666620582,0.016671999885008004
WN18RR,balanced4_global_rf,0.26,1574,0.3309923380891751,0.33636217530301005,0.016223448690187547
WN18RR,balanced4_global_rf,0.28,1695,0.31249089554430354,0.3175152838863387,0.01607851113000769
WN18RR,balanced4_global_rf,0.3,1816,0.3005432142921098,0.3053885187435143,0.016121822822774412
WN18RR,balanced4_global_rf,0.32,1938,0.29162600769729197,0.29616211359736294,0.015554531421557716
WN18RR,balanced4_global_rf,0.34,2059,0.28123129910932343,0.28554851501068707,0.015351121710266646
WN18RR,balanced4_global_rf,0.36,2180,0.2704611864268406,0.2746622839936396,0.015533088582140975
WN18RR,balanced4_global_rf,0.38,2301,0.2628044943429387,0.26682720112717645,0.015306841666826498
WN18RR,balanced4_global_rf,0.4,2422,0.25498279304417676,0.25887579049413145,0.015267686903406963
WN18RR,balanced4_global_rf,0.42,2543,0.24787706283739278,0.2516259278183503,0.015123888180879286
WN18RR,balanced4_global_rf,0.44,2664,0.24550231245655366,0.2491572023914259,0.01488739514630466
WN18RR,balanced4_global_rf,0.46,2785,0.24439987014607728,0.24802462398794675,0.014831242912293652
WN18RR,balanced4_global_rf,0.48,2906,0.2432412617525772,0.24678927403649584,0.014586391545393429
WN18RR,balanced4_global_rf,0.5,3028,0.24489386800119414,0.248309513040514,0.013947450245276105
WN18RR,balanced4_global_rf,0.52,3149,0.2421575352425118,0.24535667843330072,0.013210999969854864
WN18RR,balanced4_global_rf,0.54,3270,0.24406918628700333,0.2472405706554446,0.01299379252533761
WN18RR,balanced4_global_rf,0.56,3391,0.24738710050433443,0.25035085099291987,0.01198021433835228
WN18RR,balanced4_global_rf,0.58,3512,0.2717216377808833,0.27458612114418784,0.010541977395316815
WN18RR,balanced4_global_rf,0.6,3633,0.2956941112070476,0.29846319175648633,0.009364679391602238
WN18RR,balanced4_global_rf,0.62,3754,0.31838647814919285,0.32106630490361765,0.00841689876405205
WN18RR,balanced4_global_rf,0.64,3875,0.33940521555691155,0.3420013626500863,0.007649107833876068
WN18RR,balanced4_global_rf,0.66,3996,0.35846385501523426,0.36104448818252793,0.007199144714838734
WN18RR,balanced4_global_rf,0.68,4117,0.3763503422475228,0.3788558534432581,0.00665739050686831
WN18RR,balanced4_global_rf,0.7,4238,0.3920908100451959,0.3945265769378509,0.006212251933102486
WN18RR,balanced4_global_rf,0.72,4360,0.40656305945581944,0.40896221560910984,0.0059010677371960085
WN18RR,balanced4_global_rf,0.74,4481,0.4207975038183949,0.4231342398052312,0.005553112757638257
WN18RR,balanced4_global_rf,0.76,4602,0.43349447339407715,0.435709300385483,0.005109239280641109
WN18RR,balanced4_global_rf,0.78,4723,0.44496796088755525,0.44713559395405506,0.004871436276391972
WN18RR,balanced4_global_rf,0.8,4844,0.4550983391678496,0.45724029864860294,0.004706586019781911
WN18RR,balanced4_global_rf,0.82,4965,0.467027436435219,0.46911914613960776,0.004478772639900264
WN18RR,balanced4_global_rf,0.84,5086,0.47724317815725714,0.47932418470423716,0.004360474161234196
WN18RR,balanced4_global_rf,0.86,5207,0.48055506195935643,0.48263113731735646,0.0043201612517309584
WN18RR,balanced4_global_rf,0.88,5328,0.4819462749713507,0.48408899996175325,0.0044459830933021305
WN18RR,balanced4_global_rf,0.9,5450,0.49091156182483364,0.49313418191600833,0.004527536656322884
WN18RR,balanced4_global_rf,0.92,5571,0.5019633770149997,0.5041377226435946,0.004331681808192656
WN18RR,balanced4_global_rf,0.94,5692,0.5084848381972774,0.5106771425481267,0.004311444877337145
WN18RR,balanced4_global_rf,0.96,5813,0.5071373992728211,0.5093952755548115,0.004452198329738533
WN18RR,balanced4_global_rf,0.98,5934,0.50864348983929,0.5109914993074631,0.0046162184616085344
WN18RR,balanced4_global_rf,1.0,6055,0.5112021246888967,0.5133269561687425,0.004156538827257084
YAGO3-10,balanced4_global_rf,0.02,200,0.35333733527067673,0.5585340637582921,0.5807388803971787
YAGO3-10,balanced4_global_rf,0.04,399,0.3908045623049573,0.5520813264925949,0.412678816328117
YAGO3-10,balanced4_global_rf,0.06,598,0.4335222495835934,0.5755056980342568,0.3275113297807466
YAGO3-10,balanced4_global_rf,0.08,798,0.46618726688331835,0.5920272613444837,0.2699344306472913
YAGO3-10,balanced4_global_rf,0.1,998,0.48304818385024884,0.597318819746108,0.23656156821673213
YAGO3-10,balanced4_global_rf,0.12,1197,0.4911034057985657,0.5953320265522424,0.21223355310312741
YAGO3-10,balanced4_global_rf,0.14,1397,0.5006212399351874,0.5920926621259903,0.1827158236487234
YAGO3-10,balanced4_global_rf,0.16,1596,0.5068202705911904,0.5879662622898336,0.16010802331167406
YAGO3-10,balanced4_global_rf,0.18,1796,0.5150570965474829,0.5936840117645409,0.1526566971780563
YAGO3-10,balanced4_global_rf,0.2,1995,0.5191099274241515,0.5924553635151143,0.1412907598490869
YAGO3-10,balanced4_global_rf,0.22,2194,0.524416489615009,0.5942627083528375,0.1331884487253725
YAGO3-10,balanced4_global_rf,0.24,2394,0.5327043923140792,0.5996274850555586,0.12562894863840746
YAGO3-10,balanced4_global_rf,0.26,2594,0.539314435349087,0.6029224606773252,0.11794237490985404
YAGO3-10,balanced4_global_rf,0.28,2793,0.5373599500189666,0.5961463703358432,0.10939858899942512
YAGO3-10,balanced4_global_rf,0.3,2992,0.533565628562904,0.5897091525142097,0.10522327703626955
YAGO3-10,balanced4_global_rf,0.32,3192,0.5301015523270782,0.5829405162933997,0.09967705948863048
YAGO3-10,balanced4_global_rf,0.34,3392,0.5275094055615701,0.5773939638554151,0.09456619686380652
YAGO3-10,balanced4_global_rf,0.36,3591,0.5248820084220871,0.5727558173875353,0.09120870633262435
YAGO3-10,balanced4_global_rf,0.38,3790,0.5262800713786288,0.5721002366882021,0.08706422264773228
YAGO3-10,balanced4_global_rf,0.4,3990,0.5297414317319278,0.5728461798260736,0.08136941064477399
YAGO3-10,balanced4_global_rf,0.42,4190,0.5322416277559141,0.5742344687270038,0.07889807707853236
YAGO3-10,balanced4_global_rf,0.44,4389,0.5391767676205164,0.5787734498108379,0.07343914754537506
YAGO3-10,balanced4_global_rf,0.46,4588,0.5448640645894924,0.5829602915401192,0.06991877318855466
YAGO3-10,balanced4_global_rf,0.48,4788,0.5506641351182514,0.588050868509745,0.06789389576545601
YAGO3-10,balanced4_global_rf,0.5,4988,0.5552700005998517,0.5910635854347412,0.0644615858883466
YAGO3-10,balanced4_global_rf,0.52,5187,0.5631908404098709,0.5975842837816658,0.06106889690671213
YAGO3-10,balanced4_global_rf,0.54,5386,0.5726626084143726,0.6055936272995547,0.05750509706992002
YAGO3-10,balanced4_global_rf,0.56,5586,0.5813622422539618,0.6133998292239582,0.05510778760895363
YAGO3-10,balanced4_global_rf,0.58,5786,0.5820925486959795,0.61300225057432,0.05310100936283302
YAGO3-10,balanced4_global_rf,0.6,5985,0.5888733205294058,0.618512737804044,0.0503324165679504
YAGO3-10,balanced4_global_rf,0.62,6184,0.5965401765676303,0.6252896634701891,0.04819371440826914
YAGO3-10,balanced4_global_rf,0.64,6384,0.6021037506614513,0.6300928815579854,0.046485561443166734
YAGO3-10,balanced4_global_rf,0.66,6584,0.609589343030794,0.6368427099807107,0.04470774835796276
YAGO3-10,balanced4_global_rf,0.68,6783,0.6118139237700267,0.6382640246405445,0.04323226367182209
YAGO3-10,balanced4_global_rf,0.7,6982,0.6113397218193048,0.6370532902159348,0.04206101367028503
YAGO3-10,balanced4_global_rf,0.72,7182,0.6082510796440396,0.63353588336988,0.041569681620027055
YAGO3-10,balanced4_global_rf,0.74,7382,0.6097877223683796,0.6343531989492172,0.04028529220861743
YAGO3-10,balanced4_global_rf,0.76,7581,0.6134376523557541,0.637396609015903,0.03905687329126373
YAGO3-10,balanced4_global_rf,0.78,7780,0.615505283715257,0.6389211150294014,0.03804326613218301
YAGO3-10,balanced4_global_rf,0.8,7980,0.6162345634728402,0.6390014248614121,0.036945122422649135
YAGO3-10,balanced4_global_rf,0.82,8179,0.6130919893219569,0.6351220449906779,0.03593270839027762
YAGO3-10,balanced4_global_rf,0.84,8379,0.601635999742242,0.623368199154668,0.036121840152079754
YAGO3-10,balanced4_global_rf,0.86,8578,0.5903381998057562,0.6117131901397806,0.03620804200212291
YAGO3-10,balanced4_global_rf,0.88,8778,0.5812121748842446,0.6021562408126999,0.03603514660137086
YAGO3-10,balanced4_global_rf,0.9,8978,0.5743272391838804,0.5948329927852071,0.035703954474569866
YAGO3-10,balanced4_global_rf,0.92,9177,0.56901922544112,0.5891210893936726,0.03532721400927885
YAGO3-10,balanced4_global_rf,0.94,9376,0.5645074469745518,0.5842394264887166,0.034954329867422196
YAGO3-10,balanced4_global_rf,0.96,9576,0.5530686020237995,0.5723868503956995,0.03492920824145562
YAGO3-10,balanced4_global_rf,0.98,9776,0.5530907061369087,0.5720221297960092,0.03422842482985833
YAGO3-10,balanced4_global_rf,1.0,9975,0.5616723217905851,0.5802260659200453,0.033033039745151926
codex-l,balanced4_global_rf,0.02,1223,0.3505419337485871,0.4127024553651041,0.17732692049647691
codex-l,balanced4_global_rf,0.04,2445,0.3231520207426725,0.36441168999281875,0.12767882173635403
codex-l,balanced4_global_rf,0.06,3668,0.3137917256848657,0.35211068183803174,0.12211589094496689
codex-l,balanced4_global_rf,0.08,4890,0.3344304915957899,0.368065812703766,0.10057492349898967
codex-l,balanced4_global_rf,0.1,6113,0.3405131549784222,0.37103340558323844,0.08963016599681817
codex-l,balanced4_global_rf,0.12,7335,0.3386332491833082,0.36611543592602636,0.08115619718086675
codex-l,balanced4_global_rf,0.14,8558,0.35309818461228304,0.37714757372564106,0.068109636813243
codex-l,balanced4_global_rf,0.16,9781,0.35299337778872253,0.3746672021315692,0.06140008766912075
codex-l,balanced4_global_rf,0.18,11003,0.34602359192426985,0.3657015023751945,0.05686869597964095
codex-l,balanced4_global_rf,0.2,12226,0.3518545491431453,0.3696186067697695,0.0504869346435457
codex-l,balanced4_global_rf,0.22,13448,0.35461925105841396,0.37069255561188225,0.04532552732401052
codex-l,balanced4_global_rf,0.24,14671,0.3547472711475646,0.36978950982483894,0.04240269031137145
codex-l,balanced4_global_rf,0.26,15894,0.3535415432646064,0.36734221180447635,0.039035493290079604
codex-l,balanced4_global_rf,0.28,17116,0.34628196308528025,0.35910964211819124,0.037044028856195066
codex-l,balanced4_global_rf,0.3,18339,0.3433674600150117,0.3559259170791654,0.03657439485851288
codex-l,balanced4_global_rf,0.32,19561,0.3400687316028716,0.3521045257879214,0.035392240057827706
codex-l,balanced4_global_rf,0.34,20784,0.33276375804458036,0.3447969650548213,0.03616141096900605
codex-l,balanced4_global_rf,0.36,22006,0.3294718373054769,0.34101710635546395,0.03504174786047831
codex-l,balanced4_global_rf,0.38,23229,0.32410760473955413,0.3351715509530484,0.03413664490342638
codex-l,balanced4_global_rf,0.4,24452,0.3309494256755579,0.341745349866992,0.03262106942593013
codex-l,balanced4_global_rf,0.42,25674,0.34138692385456276,0.35218263952531953,0.031623108316110926
codex-l,balanced4_global_rf,0.44,26897,0.34281747352416125,0.35299810155515626,0.02969693442501109
codex-l,balanced4_global_rf,0.46,28119,0.3414011627650785,0.3512591023877879,0.02887494448720651
codex-l,balanced4_global_rf,0.48,29342,0.33512992704529754,0.34451208969704716,0.027995597810283046
codex-l,balanced4_global_rf,0.5,30564,0.34065470391036123,0.34962187911337544,0.026323356466475767
codex-l,balanced4_global_rf,0.52,31787,0.34848799043126505,0.3570403447087328,0.024541317096419712
codex-l,balanced4_global_rf,0.54,33010,0.35962182574656815,0.36805844220874795,0.023459689757888258
codex-l,balanced4_global_rf,0.56,34232,0.357192709102694,0.36559235629169806,0.02351572967461979
codex-l,balanced4_global_rf,0.58,35455,0.3530596498436813,0.3612575847004464,0.02321968783573758
codex-l,balanced4_global_rf,0.6,36677,0.34831245818000217,0.35629176103020627,0.02290846239579669
codex-l,balanced4_global_rf,0.62,37900,0.3440625938674495,0.35189033350467247,0.02275091735266832
codex-l,balanced4_global_rf,0.64,39123,0.34074582586980573,0.34829912203411656,0.022166951407342594
codex-l,balanced4_global_rf,0.66,40345,0.33823881758251134,0.34570654141692847,0.022078257864638573
codex-l,balanced4_global_rf,0.68,41568,0.34135996324859813,0.34873207864470995,0.02159630943814883
codex-l,balanced4_global_rf,0.7,42790,0.3399697396908988,0.3471754056827522,0.02119502164635234
codex-l,balanced4_global_rf,0.72,44013,0.33698629286674836,0.34397396951679876,0.020735788956298906
codex-l,balanced4_global_rf,0.74,45235,0.3346092380780642,0.34142396232810934,0.02036621669260441
codex-l,balanced4_global_rf,0.76,46458,0.3307625943567228,0.3374610964082676,0.02025169159339879
codex-l,balanced4_global_rf,0.78,47681,0.33001983683834263,0.3365213042006506,0.01970023203633242
codex-l,balanced4_global_rf,0.8,48903,0.32777257006469707,0.3340621431974035,0.019188833072471434
codex-l,balanced4_global_rf,0.82,50126,0.32735877532088237,0.33349015269352716,0.018729839658749636
codex-l,balanced4_global_rf,0.84,51348,0.3354503318361948,0.3415098894133449,0.018063948674550856
codex-l,balanced4_global_rf,0.86,52571,0.33245499935387346,0.3383780743702508,0.017816170693443656
codex-l,balanced4_global_rf,0.88,53794,0.33569199328741856,0.34148891066513404,0.01726856014927991
codex-l,balanced4_global_rf,0.9,55016,0.337119561569306,0.34285531376763373,0.017013999934111013
codex-l,balanced4_global_rf,0.92,56239,0.3387725685174634,0.34440896761284545,0.016637708064876966
codex-l,balanced4_global_rf,0.94,57461,0.33911361742228585,0.3446691655968292,0.01638255702254865
codex-l,balanced4_global_rf,0.96,58684,0.3380180051956282,0.34350189762384986,0.01622366957951793
codex-l,balanced4_global_rf,0.98,59906,0.33524619949990236,0.34056361925680023,0.015861237994136967
codex-l,balanced4_global_rf,1.0,61129,0.32990176871301513,0.33484279266174394,0.014977258133547888
codex-m,balanced4_global_rf,0.02,412,0.1754068632537238,0.22466947202967225,0.2808476695959765
codex-m,balanced4_global_rf,0.04,824,0.2190448331087362,0.24850401060443067,0.13448925992730731
codex-m,balanced4_global_rf,0.06,1236,0.20504169915359433,0.22644819667435995,0.10440070292594616
codex-m,balanced4_global_rf,0.08,1648,0.21455581832166531,0.23228288747529588,0.0826221786586736
codex-m,balanced4_global_rf,0.1,2059,0.222184315198792,0.23783406466001503,0.07043588764229791
codex-m,balanced4_global_rf,0.12,2471,0.23837704323646275,0.2513209989072992,0.05430034492875402
codex-m,balanced4_global_rf,0.14,2883,0.25016129708725293,0.26217370741814866,0.04801866024345869
codex-m,balanced4_global_rf,0.16,3295,0.2640075825534598,0.27546383689702575,0.043393656472901165
codex-m,balanced4_global_rf,0.18,3707,0.26552151163392845,0.27618396847151633,0.040156659142134066
codex-m,balanced4_global_rf,0.2,4119,0.27424325207094724,0.2843499797668178,0.03685314996649747
codex-m,balanced4_global_rf,0.22,4531,0.28666114584416036,0.2966433251368392,0.03482222630235898
codex-m,balanced4_global_rf,0.24,4943,0.3018644524879422,0.3112435110152727,0.03107043061887249
codex-m,balanced4_global_rf,0.26,5354,0.32108035074605185,0.32943461496124904,0.026019232244469226
codex-m,balanced4_global_rf,0.28,5766,0.3374845580891631,0.34507128463696896,0.02248021832691216
codex-m,balanced4_global_rf,0.3,6178,0.3409797756118251,0.34840861920764105,0.021786757242379773
codex-m,balanced4_global_rf,0.32,6590,0.3475131192413262,0.354556050613141,0.020266663276455654
codex-m,balanced4_global_rf,0.34,7002,0.35830452474001134,0.36504829752547185,0.01882134419137982
codex-m,balanced4_global_rf,0.36,7414,0.3643687466883825,0.3708295809464439,0.01773158185706558
codex-m,balanced4_global_rf,0.38,7826,0.37827392643377494,0.3842999145510867,0.015930223301728663
codex-m,balanced4_global_rf,0.4,8238,0.3819677936477815,0.3876376755392866,0.014843874237034038
codex-m,balanced4_global_rf,0.42,8649,0.38003620170997743,0.3854023725118494,0.01412015691591173
codex-m,balanced4_global_rf,0.44,9061,0.37289523219193926,0.37802314677935217,0.013751622827865573
codex-m,balanced4_global_rf,0.46,9473,0.3689273872201568,0.3740110544243219,0.013779587475113209
codex-m,balanced4_global_rf,0.48,9885,0.3663781923652672,0.37127421850640474,0.013363312127093963
codex-m,balanced4_global_rf,0.5,10297,0.3577775395271232,0.3625116617122203,0.013232027341219421
codex-m,balanced4_global_rf,0.52,10709,0.35842426636916414,0.36314547830067667,0.013172132510274492
codex-m,balanced4_global_rf,0.54,11121,0.3550978041693757,0.35973661019577385,0.013063460184579156
codex-m,balanced4_global_rf,0.56,11533,0.3521995407728931,0.3566458043253416,0.01262427413360978
codex-m,balanced4_global_rf,0.58,11945,0.3484790466764285,0.3528548516666461,0.012556866853118631
codex-m,balanced4_global_rf,0.6,12356,0.3436285027486605,0.347849054762103,0.012282310633962457
codex-m,balanced4_global_rf,0.62,12768,0.33768435301169025,0.3417391130317602,0.01200754486817912
codex-m,balanced4_global_rf,0.64,13180,0.3332860290436789,0.33730059312220917,0.012045401633094421
codex-m,balanced4_global_rf,0.66,13592,0.3379002831832406,0.3417185268607757,0.011299912629740172
codex-m,balanced4_global_rf,0.68,14004,0.347481901656348,0.3511196457220223,0.01046887348185388
codex-m,balanced4_global_rf,0.7,14416,0.3526221345968271,0.35618636211035015,0.010107781570769081
codex-m,balanced4_global_rf,0.72,14828,0.35340513143784813,0.3568646748101989,0.009789171306809896
codex-m,balanced4_global_rf,0.74,15240,0.35818299720607655,0.36167926803494,0.009761130081928249
codex-m,balanced4_global_rf,0.76,15651,0.3587915418390285,0.3621728470850788,0.009424149824488692
codex-m,balanced4_global_rf,0.78,16063,0.3609240898374984,0.36429663835797604,0.009344204544496026
codex-m,balanced4_global_rf,0.8,16475,0.3636290849175066,0.3668107273139478,0.00874969172821527
codex-m,balanced4_global_rf,0.82,16887,0.36525140619176455,0.368325449140258,0.00841623850417017
codex-m,balanced4_global_rf,0.84,17299,0.3654446185602001,0.368456024054749,0.008240388123413656
codex-m,balanced4_global_rf,0.86,17711,0.3657181802707733,0.3686547372146369,0.008029562385138744
codex-m,balanced4_global_rf,0.88,18123,0.3630082699927598,0.36592460971494467,0.008033810695946553
codex-m,balanced4_global_rf,0.9,18535,0.3605661243489155,0.36345883324210615,0.008022686264313128
codex-m,balanced4_global_rf,0.92,18946,0.356026476599576,0.3588935870997754,0.008053082252711397
codex-m,balanced4_global_rf,0.94,19358,0.3535037646005009,0.356338455944154,0.008018843439635104
codex-m,balanced4_global_rf,0.96,19770,0.3476759133208311,0.35052623526635746,0.00819821516624919
codex-m,balanced4_global_rf,0.98,20182,0.34480445053319714,0.3475647104347617,0.008005290817146404
codex-m,balanced4_global_rf,1.0,20594,0.34234153499948855,0.3449297847479118,0.0075604315685127155
hetionet,balanced4_global_rf,0.02,9001,0.28702140609707866,0.5395891443253188,0.8799613299323559
hetionet,balanced4_global_rf,0.04,18002,0.3564222816488839,0.5712949318469062,0.6028597572631444
hetionet,balanced4_global_rf,0.06,27002,0.38895534105269514,0.5768876081099753,0.48317183805381747
hetionet,balanced4_global_rf,0.08,36003,0.42178231388573356,0.5890864842577171,0.3966599946561735
hetionet,balanced4_global_rf,0.1,45004,0.45312450640627955,0.6043704010390433,0.3337844069222642
hetionet,balanced4_global_rf,0.12,54005,0.47932383718906213,0.6190362374861232,0.2914780978062512
hetionet,balanced4_global_rf,0.14,63006,0.5021145387369244,0.6314358784901233,0.2575534659452572
hetionet,balanced4_global_rf,0.16,72006,0.5128081253573271,0.6342499659029485,0.23681730951708313
hetionet,balanced4_global_rf,0.18,81007,0.5226997607725248,0.6348299450357215,0.21452120830794685
hetionet,balanced4_global_rf,0.2,90008,0.5413742861785033,0.6443134522344817,0.19014417323477573
hetionet,balanced4_global_rf,0.22,99009,0.5605330674321434,0.6527884564973201,0.16458509662562393
hetionet,balanced4_global_rf,0.24,108010,0.571049278987647,0.657153876750376,0.15078313016238232
hetionet,balanced4_global_rf,0.26,117010,0.575907410111578,0.6572604055454471,0.14126054640989527
hetionet,balanced4_global_rf,0.28,126011,0.581440770400361,0.6577656572455491,0.13126855000662108
hetionet,balanced4_global_rf,0.3,135012,0.5807016387360663,0.6526627074403062,0.12392089827896413
hetionet,balanced4_global_rf,0.32,144013,0.5765560548005145,0.6446676623609823,0.1181352740871553
hetionet,balanced4_global_rf,0.34,153014,0.5744246117929527,0.6390309883637608,0.11247146317277767
hetionet,balanced4_global_rf,0.36,162014,0.5717519204696522,0.6327422759065543,0.10667276007888704
hetionet,balanced4_global_rf,0.38,171015,0.5682124770873951,0.6261307707905381,0.10193069677038236
hetionet,balanced4_global_rf,0.4,180016,0.5652037969512209,0.6202680034666803,0.09742363163956536
hetionet,balanced4_global_rf,0.42,189017,0.5658204873876433,0.6182596728444179,0.09267813136085401
hetionet,balanced4_global_rf,0.44,198018,0.5655723010941105,0.6156820840025233,0.08860013620093232
hetionet,balanced4_global_rf,0.46,207018,0.5648064848417803,0.6127391093044138,0.08486557033080255
hetionet,balanced4_global_rf,0.48,216019,0.5625950078863866,0.6082165723399234,0.08109130691531097
hetionet,balanced4_global_rf,0.5,225020,0.5581159268908663,0.601650120869171,0.07800206351541261
hetionet,balanced4_global_rf,0.52,234021,0.5494350128689833,0.590910452781696,0.07548743516751943
hetionet,balanced4_global_rf,0.54,243022,0.5433401451645979,0.5831496795893407,0.07326816319210683
hetionet,balanced4_global_rf,0.56,252022,0.5372444837458487,0.575428432353562,0.07107369133226293
hetionet,balanced4_global_rf,0.58,261023,0.5284271890122076,0.5652172309879245,0.0696217809013362
hetionet,balanced4_global_rf,0.6,270024,0.5165525102578388,0.5520837083848312,0.06878525884862507
hetionet,balanced4_global_rf,0.62,279025,0.5021055568991424,0.5365173894916763,0.06853505626396839
hetionet,balanced4_global_rf,0.64,288026,0.48921486518829715,0.5225872453887432,0.06821620227668501
hetionet,balanced4_global_rf,0.66,297026,0.4776363779301178,0.509984967329434,0.06772639374643497
hetionet,balanced4_global_rf,0.68,306027,0.4666529145156774,0.49801825858604204,0.06721343228492982
hetionet,balanced4_global_rf,0.7,315028,0.4568230093193634,0.4873273694442638,0.06677500805038239
hetionet,balanced4_global_rf,0.72,324029,0.4481600768118185,0.4777729201248199,0.06607648660644938
hetionet,balanced4_global_rf,0.74,333030,0.43929890678048994,0.46807602590649955,0.06550692178341566
hetionet,balanced4_global_rf,0.76,342030,0.43055742407901226,0.45854754981551354,0.06500904216522052
hetionet,balanced4_global_rf,0.78,351031,0.4270970394277679,0.45429318079685216,0.06367672650112999
hetionet,balanced4_global_rf,0.8,360032,0.42120479316378456,0.4476417175262904,0.06276501310426896
hetionet,balanced4_global_rf,0.82,369033,0.4144310359615269,0.44016903163458876,0.06210441168660741
hetionet,balanced4_global_rf,0.84,378034,0.40854746697082317,0.43350430032344095,0.06108674112621548
hetionet,balanced4_global_rf,0.86,387034,0.40290964922767997,0.427122111525584,0.06009402441543865
hetionet,balanced4_global_rf,0.88,396035,0.3962664745302475,0.4195280123924415,0.0587017559074845
hetionet,balanced4_global_rf,0.9,405036,0.39025106460761005,0.4127093112441473,0.057548200820716655
hetionet,balanced4_global_rf,0.92,414037,0.38530012843969197,0.4070923678008618,0.05655912820330333
hetionet,balanced4_global_rf,0.94,423038,0.380123405251263,0.4013349209366752,0.05580165649466218
hetionet,balanced4_global_rf,0.96,432038,0.37484535821938786,0.3951367682682055,0.05413274995642747
hetionet,balanced4_global_rf,0.98,441039,0.3691581140032422,0.38859820447766935,0.052660607303504525
hetionet,balanced4_global_rf,1.0,450040,0.37318845483349955,0.3903218979298272,0.04591096770121639
FB15k-237,synergy_weight_top5_mean,0.02,816,0.25494648308324075,0.3190834405420758,0.2515702773506947
FB15k-237,synergy_weight_top5_mean,0.04,1633,0.24596658416483,0.29872319937658787,0.21448692061521646
FB15k-237,synergy_weight_top5_mean,0.06,2449,0.2596632680511641,0.30229380876716955,0.16417624655176688
FB15k-237,synergy_weight_top5_mean,0.08,3266,0.26448184806163966,0.3025211795114658,0.1438258683104814
FB15k-237,synergy_weight_top5_mean,0.1,4082,0.2813087372616082,0.31537342362331944,0.12109359521966123
FB15k-237,synergy_weight_top5_mean,0.12,4898,0.2853581732779859,0.3160660127303721,0.1076115644407063
FB15k-237,synergy_weight_top5_mean,0.14,5715,0.28824178829838903,0.316319723755982,0.09741105071318312
FB15k-237,synergy_weight_top5_mean,0.16,6531,0.2920747218580425,0.318241986310343,0.08959099331101505
FB15k-237,synergy_weight_top5_mean,0.18,7347,0.28620629811890574,0.31067445790687326,0.08549133945963039
FB15k-237,synergy_weight_top5_mean,0.2,8164,0.2888644755642263,0.311277801547554,0.07759114698873493
FB15k-237,synergy_weight_top5_mean,0.22,8980,0.2937230424530606,0.31446477491234204,0.07061663356764436
FB15k-237,synergy_weight_top5_mean,0.24,9797,0.2968249895527893,0.31595195869471776,0.0644385406051764
FB15k-237,synergy_weight_top5_mean,0.26,10613,0.29648246968022446,0.313785558752136,0.05836125518845692
FB15k-237,synergy_weight_top5_mean,0.28,11429,0.29651611123496546,0.3119088031398362,0.05191182307349651
FB15k-237,synergy_weight_top5_mean,0.3,12246,0.29760703456986126,0.3118800387001802,0.04795922969679833
FB15k-237,synergy_weight_top5_mean,0.32,13062,0.3004445903508297,0.3136098759455151,0.04381934645357477
FB15k-237,synergy_weight_top5_mean,0.34,13878,0.3058347116694286,0.31764438270304335,0.038614554146422675
FB15k-237,synergy_weight_top5_mean,0.36,14695,0.3135376128627035,0.3246960863781476,0.03558894709174942
FB15k-237,synergy_weight_top5_mean,0.38,15511,0.32299657035146767,0.333419900474789,0.03227071455272479
FB15k-237,synergy_weight_top5_mean,0.4,16328,0.3324298881324827,0.3423405795286105,0.02981287709057656
FB15k-237,synergy_weight_top5_mean,0.42,17144,0.34172795372844256,0.35125338334116873,0.02787430618068676
FB15k-237,synergy_weight_top5_mean,0.44,17960,0.3410760304728595,0.35016867887378267,0.026658714153314556
FB15k-237,synergy_weight_top5_mean,0.46,18777,0.3524116072829635,0.3611099308598032,0.02468228457031363
FB15k-237,synergy_weight_top5_mean,0.48,19593,0.34482503062746717,0.35315631202672687,0.024160895118604087
FB15k-237,synergy_weight_top5_mean,0.5,20410,0.34298289753255934,0.3509797430279791,0.02331558090199115
FB15k-237,synergy_weight_top5_mean,0.52,21226,0.33812234836144933,0.34597540133278704,0.023225477432633035
FB15k-237,synergy_weight_top5_mean,0.54,22042,0.3400234012235592,0.34759648784561553,0.02227225124742871
FB15k-237,synergy_weight_top5_mean,0.56,22859,0.3419735242027977,0.3492152580128027,0.02117629961818479
FB15k-237,synergy_weight_top5_mean,0.58,23675,0.3488945341985173,0.35655565581828863,0.021958273543523754
FB15k-237,synergy_weight_top5_mean,0.6,24491,0.34981663196438806,0.3573451900660935,0.021521441274615638
FB15k-237,synergy_weight_top5_mean,0.62,25308,0.347812106187618,0.3550976364134257,0.020946741347403597
FB15k-237,synergy_weight_top5_mean,0.64,26124,0.35570690726211907,0.36276261757652145,0.01983574164671209
FB15k-237,synergy_weight_top5_mean,0.66,26941,0.3526513064179929,0.35949304860475095,0.01940087010098468
FB15k-237,synergy_weight_top5_mean,0.68,27757,0.3567396118882203,0.3633802206086672,0.01861472205258674
FB15k-237,synergy_weight_top5_mean,0.7,28573,0.3497825857477948,0.35624168079251506,0.018466028064008544
FB15k-237,synergy_weight_top5_mean,0.72,29390,0.34882674115083806,0.355111580311886,0.01801707959749077
FB15k-237,synergy_weight_top5_mean,0.74,30206,0.3579221262521297,0.3640371836229567,0.017084882219657427
FB15k-237,synergy_weight_top5_mean,0.76,31022,0.3567873891948889,0.3627415966264922,0.016688390935114983
FB15k-237,synergy_weight_top5_mean,0.78,31839,0.3515150377523013,0.3573164581154785,0.01650404602964728
FB15k-237,synergy_weight_top5_mean,0.8,32655,0.35536262907817484,0.3609330976234481,0.015675448371493816
FB15k-237,synergy_weight_top5_mean,0.82,33472,0.35780625394914206,0.3632407559312732,0.015188392942129925
FB15k-237,synergy_weight_top5_mean,0.84,34288,0.36202991216081226,0.36733508161793704,0.014653953385951768
FB15k-237,synergy_weight_top5_mean,0.86,35104,0.36051863209784246,0.3657004817544599,0.014373319976458632
FB15k-237,synergy_weight_top5_mean,0.88,35921,0.35773927037776143,0.36280326220276343,0.014155537969467558
FB15k-237,synergy_weight_top5_mean,0.9,36737,0.3646216788769861,0.36957591190363814,0.013587324379369825
FB15k-237,synergy_weight_top5_mean,0.92,37553,0.36307043474006995,0.3679189617718168,0.013354232589106507
FB15k-237,synergy_weight_top5_mean,0.94,38370,0.35682682312763536,0.36157211204145323,0.013298576806039408
FB15k-237,synergy_weight_top5_mean,0.96,39186,0.3541929461358898,0.35884595327990154,0.013136927753006677
FB15k-237,synergy_weight_top5_mean,0.98,40003,0.3537082151646783,0.3577829472868953,0.011520038120460097
FB15k-237,synergy_weight_top5_mean,1.0,40819,0.35281198551723697,0.3560530550713822,0.009186393000208515
KG20C,synergy_weight_top5_mean,0.02,149,0.19481703927080854,0.24140019488006312,0.23911232705113084
KG20C,synergy_weight_top5_mean,0.04,298,0.2109253747985839,0.25776631496953994,0.22207351872995473
KG20C,synergy_weight_top5_mean,0.06,447,0.20222519971601116,0.24361601490710746,0.20467684170529798
KG20C,synergy_weight_top5_mean,0.08,596,0.18868019975896413,0.2245083148408796,0.18988804934320247
KG20C,synergy_weight_top5_mean,0.1,745,0.17396837902841075,0.20879047060156133,0.20016333869193437
KG20C,synergy_weight_top5_mean,0.12,894,0.16907661964920834,0.20222321177744598,0.19604480026279525
KG20C,synergy_weight_top5_mean,0.14,1043,0.1679558467158961,0.20308537932735485,0.20915933144549426
KG20C,synergy_weight_top5_mean,0.16,1192,0.16758144267399597,0.20195687660333259,0.20512673349046628
KG20C,synergy_weight_top5_mean,0.18,1341,0.1687494113311117,0.20144296823048066,0.19374027228586455
KG20C,synergy_weight_top5_mean,0.2,1490,0.17256447412739134,0.20392680272820546,0.18174267188773552
KG20C,synergy_weight_top5_mean,0.22,1639,0.17757121270565265,0.20574854318801625,0.15868186094483216
KG20C,synergy_weight_top5_mean,0.24,1788,0.17952779551370865,0.20685894143630107,0.152239077210222
KG20C,synergy_weight_top5_mean,0.26,1936,0.1806433218492646,0.2072232376632812,0.1471403179587003
KG20C,synergy_weight_top5_mean,0.28,2085,0.17593724991916548,0.20154353236200226,0.1455421319510315
KG20C,synergy_weight_top5_mean,0.3,2234,0.1749727704709516,0.19922457867113869,0.13860332744867443
KG20C,synergy_weight_top5_mean,0.32,2383,0.17102990248951772,0.19378440584938852,0.13304400592326493
KG20C,synergy_weight_top5_mean,0.34,2532,0.16800973689132456,0.1895384216177168,0.12813950622586745
KG20C,synergy_weight_top5_mean,0.36,2681,0.1704212149422414,0.190846506990294,0.11985181572009718
KG20C,synergy_weight_top5_mean,0.38,2830,0.1664740298959068,0.18654972512587226,0.12059355589888976
KG20C,synergy_weight_top5_mean,0.4,2979,0.1627274785434265,0.18168892107351073,0.11652268381350273
KG20C,synergy_weight_top5_mean,0.42,3128,0.1639868554962493,0.18215467062599208,0.11078824015964073
KG20C,synergy_weight_top5_mean,0.44,3277,0.16465925345432597,0.18183930821347102,0.10433701355211444
KG20C,synergy_weight_top5_mean,0.46,3426,0.16472175098746827,0.18189463953658566,0.10425392181767101
KG20C,synergy_weight_top5_mean,0.48,3575,0.16507864883773835,0.18196948491091272,0.10231993169375264
KG20C,synergy_weight_top5_mean,0.5,3724,0.1670205054719721,0.18256003145838764,0.09303962972991497
KG20C,synergy_weight_top5_mean,0.52,3873,0.1655852771785695,0.18044306838266164,0.0897289388118081
KG20C,synergy_weight_top5_mean,0.54,4022,0.1646514222968226,0.17851390444787255,0.08419290861672346
KG20C,synergy_weight_top5_mean,0.56,4171,0.16402633648290255,0.17720697473826813,0.08035684109020802
KG20C,synergy_weight_top5_mean,0.58,4320,0.16256424188551546,0.17529027016401777,0.07828307216210884
KG20C,synergy_weight_top5_mean,0.6,4469,0.16019247770806233,0.17249421012317304,0.07679344617872519
KG20C,synergy_weight_top5_mean,0.62,4618,0.1772909728422604,0.18919578924830846,0.06714846342819736
KG20C,synergy_weight_top5_mean,0.64,4767,0.19689112383277393,0.20842383668428008,0.05857406178097313
KG20C,synergy_weight_top5_mean,0.66,4916,0.19970146410592038,0.21109445629139909,0.057050118468014555
KG20C,synergy_weight_top5_mean,0.68,5065,0.19770215868550198,0.20860404229059412,0.055142966963929396
KG20C,synergy_weight_top5_mean,0.7,5214,0.19510818607650485,0.20619376586933216,0.05681760471331776
KG20C,synergy_weight_top5_mean,0.72,5363,0.19366292812848998,0.20448680547292017,0.05589029066651752
KG20C,synergy_weight_top5_mean,0.74,5512,0.19215297819397698,0.20273912457867374,0.05509228368040242
KG20C,synergy_weight_top5_mean,0.76,5660,0.19162496438403878,0.20225462319145016,0.05547115868529695
KG20C,synergy_weight_top5_mean,0.78,5809,0.19155330263534776,0.2019577886951226,0.0543164013182349
KG20C,synergy_weight_top5_mean,0.8,5958,0.1934933212214412,0.20392438022776527,0.053909142395599075
KG20C,synergy_weight_top5_mean,0.82,6107,0.19504408044523816,0.20537532499404199,0.0529687674971735
KG20C,synergy_weight_top5_mean,0.84,6256,0.19829831372992623,0.2084574549292204,0.05123160660423198
KG20C,synergy_weight_top5_mean,0.86,6405,0.19866419639577482,0.20862711773035414,0.05014955646427288
KG20C,synergy_weight_top5_mean,0.88,6554,0.2060838119751492,0.21584209905763024,0.04735106066291994
KG20C,synergy_weight_top5_mean,0.9,6703,0.21595652709133886,0.22541134931656975,0.0437811366601204
KG20C,synergy_weight_top5_mean,0.92,6852,0.22550784257391135,0.2345632483470625,0.040155613524541556
KG20C,synergy_weight_top5_mean,0.94,7001,0.23099103827916204,0.23970139119247924,0.037708618387135795
KG20C,synergy_weight_top5_mean,0.96,7150,0.22991979846324262,0.2383284999272939,0.036572324437712966
KG20C,synergy_weight_top5_mean,0.98,7299,0.22737081262942652,0.23540503674228955,0.035335336228741854
KG20C,synergy_weight_top5_mean,1.0,7448,0.22638074035722042,0.23398674950607826,0.033598304947920266
WN18RR,synergy_weight_top5_mean,0.02,121,0.42945047578172096,0.44950246999545573,0.046692215620985245
WN18RR,synergy_weight_top5_mean,0.04,242,0.39286091437891335,0.4174946376192238,0.06270342082580216
WN18RR,synergy_weight_top5_mean,0.06,363,0.4074134783134666,0.42746874023987386,0.04922581847176066
WN18RR,synergy_weight_top5_mean,0.08,484,0.4338621212076953,0.4517290822606488,0.0411811960058166
WN18RR,synergy_weight_top5_mean,0.1,606,0.515939826684269,0.530396091085003,0.02801928374794871
WN18RR,synergy_weight_top5_mean,0.12,727,0.4810635564033001,0.4937121206787073,0.026292917239407743
WN18RR,synergy_weight_top5_mean,0.14,848,0.4363156031131861,0.4485659374452115,0.028076773428722612
WN18RR,synergy_weight_top5_mean,0.16,969,0.42358389528912027,0.43464114916505014,0.02610404691704038
WN18RR,synergy_weight_top5_mean,0.18,1090,0.406893723892029,0.4157647111257278,0.021801730311408862
WN18RR,synergy_weight_top5_mean,0.2,1211,0.3841343750065092,0.39234582241257004,0.021376497237253655
WN18RR,synergy_weight_top5_mean,0.22,1332,0.364042104212042,0.3720001756770899,0.02186030509375536
WN18RR,synergy_weight_top5_mean,0.24,1453,0.38751673182175045,0.3968930964344394,0.02419602521060127
WN18RR,synergy_weight_top5_mean,0.26,1574,0.43299103842029446,0.44164660244966986,0.01999016899045758
WN18RR,synergy_weight_top5_mean,0.28,1695,0.4709845073075517,0.4790221815153611,0.0170656870514867
WN18RR,synergy_weight_top5_mean,0.3,1816,0.502613254810898,0.5101153791403238,0.014926236539958282
WN18RR,synergy_weight_top5_mean,0.32,1938,0.5325681549357969,0.5395980093125963,0.013199914999887374
WN18RR,synergy_weight_top5_mean,0.34,2059,0.5591835136585566,0.5658002488611973,0.011832851006907452
WN18RR,synergy_weight_top5_mean,0.36,2180,0.5810311346770415,0.5872806107239391,0.01075583677692471
WN18RR,synergy_weight_top5_mean,0.38,2301,0.6007157081064505,0.6066365502543154,0.009856313174377185
WN18RR,synergy_weight_top5_mean,0.4,2422,0.6169764832405508,0.6226015277418874,0.009117113300319168
WN18RR,synergy_weight_top5_mean,0.42,2543,0.6331455965793378,0.6385029924826949,0.008461554391756554
WN18RR,synergy_weight_top5_mean,0.44,2664,0.6473458313990808,0.6524598921281486,0.007900044274657736
WN18RR,synergy_weight_top5_mean,0.46,2785,0.6617355447720457,0.6666274147118076,0.007392484774936925
WN18RR,synergy_weight_top5_mean,0.48,2906,0.6739814736545487,0.6786696559608931,0.006955951297776153
WN18RR,synergy_weight_top5_mean,0.5,3028,0.6850317563051143,0.6895310488355756,0.006568005773526897
WN18RR,synergy_weight_top5_mean,0.52,3149,0.6952659166644536,0.6995923243437921,0.006222666142034594
WN18RR,synergy_weight_top5_mean,0.54,3270,0.7054113991549105,0.709577716519509,0.005906223474116956
WN18RR,synergy_weight_top5_mean,0.56,3391,0.7150007934025018,0.7190184453583369,0.005619087409282741
WN18RR,synergy_weight_top5_mean,0.58,3512,0.7231849445351081,0.7270641751109158,0.00536409200042387
WN18RR,synergy_weight_top5_mean,0.6,3633,0.7199957627983614,0.7237457926581892,0.005208405456794241
WN18RR,synergy_weight_top5_mean,0.62,3754,0.7023251041215408,0.7058239351825422,0.004981782710697269
WN18RR,synergy_weight_top5_mean,0.64,3875,0.6880892386974311,0.6915005487529355,0.004957656454505965
WN18RR,synergy_weight_top5_mean,0.66,3996,0.6704246486150564,0.6737530741937385,0.0049646527548741215
WN18RR,synergy_weight_top5_mean,0.68,4117,0.6523262936942658,0.6555673128533474,0.004968401841855874
WN18RR,synergy_weight_top5_mean,0.7,4238,0.6354291112847564,0.6385886856325447,0.004972347491917661
WN18RR,synergy_weight_top5_mean,0.72,4360,0.6201852964775714,0.623272917513437,0.004978546014235086
WN18RR,synergy_weight_top5_mean,0.74,4481,0.6073136970017112,0.6103430851961174,0.004988176965811997
WN18RR,synergy_weight_top5_mean,0.76,4602,0.5944648032012902,0.5974347766717801,0.004996045946700445
WN18RR,synergy_weight_top5_mean,0.78,4723,0.5809780139477733,0.5838832070644443,0.005000521615146969
WN18RR,synergy_weight_top5_mean,0.8,4844,0.5686505176768315,0.5714977157726807,0.005006938369600311
WN18RR,synergy_weight_top5_mean,0.82,4965,0.56696197706866,0.5698274412704202,0.005054067675887897
WN18RR,synergy_weight_top5_mean,0.84,5086,0.5621803734769266,0.5649997477229162,0.005015070569882152
WN18RR,synergy_weight_top5_mean,0.86,5207,0.555114474887864,0.5579047550985556,0.0050264951409442205
WN18RR,synergy_weight_top5_mean,0.88,5328,0.5467758673037318,0.5495304708255685,0.005037902523789439
WN18RR,synergy_weight_top5_mean,0.9,5450,0.5367603024032348,0.5394676734698061,0.005043910763239401
WN18RR,synergy_weight_top5_mean,0.92,5571,0.5325333203806053,0.5352301014841764,0.005064060783358526
WN18RR,synergy_weight_top5_mean,0.94,5692,0.5286287566054537,0.5313163238389458,0.005084035251411656
WN18RR,synergy_weight_top5_mean,0.96,5813,0.5207230547815044,0.5233747037733822,0.005092244269826907
WN18RR,synergy_weight_top5_mean,0.98,5934,0.5144833698418547,0.5171111971751697,0.005107701215148586
WN18RR,synergy_weight_top5_mean,1.0,6055,0.5112021246888967,0.5133269561687425,0.004156538827257084
YAGO3-10,synergy_weight_top5_mean,0.02,200,0.549022143849875,0.6529902500431306,0.18936960441013584
YAGO3-10,synergy_weight_top5_mean,0.04,399,0.4847935015422757,0.5700109892611299,0.17578100252530504
YAGO3-10,synergy_weight_top5_mean,0.06,598,0.4805764465131617,0.5469920099432286,0.13819978884097872
YAGO3-10,synergy_weight_top5_mean,0.08,798,0.5219197455685856,0.5898327882356832,0.13012161973889746
YAGO3-10,synergy_weight_top5_mean,0.1,998,0.5619108165318474,0.6286991997856971,0.1188594013300408
YAGO3-10,synergy_weight_top5_mean,0.12,1197,0.6064272209243813,0.6660746544285637,0.09835876663527965
YAGO3-10,synergy_weight_top5_mean,0.14,1397,0.5656172810293727,0.6178745584739117,0.09238981763328624
YAGO3-10,synergy_weight_top5_mean,0.16,1596,0.5385248853859239,0.5865571070642994,0.08919220444929699
YAGO3-10,synergy_weight_top5_mean,0.18,1796,0.5604130378331984,0.6056056906292301,0.08064168701493135
YAGO3-10,synergy_weight_top5_mean,0.2,1995,0.5850043865226889,0.6311498067443351,0.07888046873620569
YAGO3-10,synergy_weight_top5_mean,0.22,2194,0.6016578915346878,0.6453543882886777,0.0726268156186407
YAGO3-10,synergy_weight_top5_mean,0.24,2394,0.6162275462920429,0.6603538453999309,0.07160715124373174
YAGO3-10,synergy_weight_top5_mean,0.26,2594,0.6350415810905212,0.6781829208505604,0.0679346692321392
YAGO3-10,synergy_weight_top5_mean,0.28,2793,0.6319294907400239,0.6732460521609823,0.0653816003626837
YAGO3-10,synergy_weight_top5_mean,0.3,2992,0.619452578285759,0.6606024470766295,0.06642940918051643
YAGO3-10,synergy_weight_top5_mean,0.32,3192,0.609918486024889,0.6502461458527697,0.06611975329804176
YAGO3-10,synergy_weight_top5_mean,0.34,3392,0.6037403192186247,0.6416695143258772,0.06282369074893213
YAGO3-10,synergy_weight_top5_mean,0.36,3591,0.5982033796269819,0.6349086734579771,0.06135922176481734
YAGO3-10,synergy_weight_top5_mean,0.38,3790,0.5915196484474713,0.6266954405583238,0.05946681940858012
YAGO3-10,synergy_weight_top5_mean,0.4,3990,0.5863537521029839,0.6215070112037479,0.0599523051991826
YAGO3-10,synergy_weight_top5_mean,0.42,4190,0.5802513017216142,0.6153148212658375,0.06042816179849875
YAGO3-10,synergy_weight_top5_mean,0.44,4389,0.5867548644586881,0.6208151791303873,0.058048627689046395
YAGO3-10,synergy_weight_top5_mean,0.46,4588,0.5997915817431166,0.6329667595311982,0.05531117607830982
YAGO3-10,synergy_weight_top5_mean,0.48,4788,0.6115335463051899,0.6438137534808364,0.05278566870236223
YAGO3-10,synergy_weight_top5_mean,0.5,4988,0.6224680119695745,0.6543753737322855,0.0512594400823132
YAGO3-10,synergy_weight_top5_mean,0.52,5187,0.633321838894305,0.6649628469022468,0.04996039306521105
YAGO3-10,synergy_weight_top5_mean,0.54,5386,0.6444851392915268,0.674998674092155,0.0473455987428526
YAGO3-10,synergy_weight_top5_mean,0.56,5586,0.6531646914609399,0.6824522252028523,0.04483943196072748
YAGO3-10,synergy_weight_top5_mean,0.58,5786,0.6541530108171084,0.6839975742740523,0.04562321500235056
YAGO3-10,synergy_weight_top5_mean,0.6,5985,0.644532700153409,0.6742733791864663,0.04614301031736412
YAGO3-10,synergy_weight_top5_mean,0.62,6184,0.6371079938965519,0.6663284216600185,0.04586416752480926
YAGO3-10,synergy_weight_top5_mean,0.64,6384,0.6392356329690608,0.6678795812216036,0.044809686405465454
YAGO3-10,synergy_weight_top5_mean,0.66,6584,0.6468705934420431,0.6751874770633619,0.04377519075437131
YAGO3-10,synergy_weight_top5_mean,0.68,6783,0.6527354255355888,0.6805051072843973,0.042543549288783566
YAGO3-10,synergy_weight_top5_mean,0.7,6982,0.6566610532347493,0.6839295156637198,0.041525932282179046
YAGO3-10,synergy_weight_top5_mean,0.72,7182,0.649776658250554,0.6763240146113891,0.04085612498348401
YAGO3-10,synergy_weight_top5_mean,0.74,7382,0.6443760962418488,0.6701916952472221,0.04006293708897002
YAGO3-10,synergy_weight_top5_mean,0.76,7581,0.6360873771000236,0.6609457518236758,0.03908012581067655
YAGO3-10,synergy_weight_top5_mean,0.78,7780,0.6290017477859097,0.6530956661241719,0.038305010157877906
YAGO3-10,synergy_weight_top5_mean,0.8,7980,0.6237628761701998,0.6469688487120929,0.03720319600354216
YAGO3-10,synergy_weight_top5_mean,0.82,8179,0.6169137479509964,0.6395922057494787,0.03676114833525124
YAGO3-10,synergy_weight_top5_mean,0.84,8379,0.6081418870619739,0.6302782920826548,0.03640006631943282
YAGO3-10,synergy_weight_top5_mean,0.86,8578,0.599585991342639,0.6212657180838521,0.03615782732459483
YAGO3-10,synergy_weight_top5_mean,0.88,8778,0.5929433426843392,0.6141291134733716,0.03572984004360591
YAGO3-10,synergy_weight_top5_mean,0.9,8978,0.6014542951752205,0.6222238090965979,0.03453215662102238
YAGO3-10,synergy_weight_top5_mean,0.92,9177,0.5939873489409905,0.6145067564846856,0.03454519289051983
YAGO3-10,synergy_weight_top5_mean,0.94,9376,0.5851090354860499,0.6051922512422396,0.034323885871129445
YAGO3-10,synergy_weight_top5_mean,0.96,9576,0.5754487478132582,0.5951125146188174,0.03417118706102462
YAGO3-10,synergy_weight_top5_mean,0.98,9776,0.5681566986207722,0.5877201014981609,0.03443311136677574
YAGO3-10,synergy_weight_top5_mean,1.0,9975,0.5616723217905851,0.5802260659200454,0.03303303974515215
codex-l,synergy_weight_top5_mean,0.02,1223,0.4513631177828584,0.5061034317690826,0.12127777354763536
codex-l,synergy_weight_top5_mean,0.04,2445,0.43736279148358237,0.4835699047331945,0.10564939256234518
codex-l,synergy_weight_top5_mean,0.06,3668,0.452548174018402,0.4914052049221512,0.08586275038681102
codex-l,synergy_weight_top5_mean,0.08,4890,0.446702991174578,0.4804749068125515,0.0756026180822571
codex-l,synergy_weight_top5_mean,0.1,6113,0.44480021425711047,0.47519818490205357,0.06834072842278793
codex-l,synergy_weight_top5_mean,0.12,7335,0.4371908000600534,0.4649980745543055,0.06360443653076042
codex-l,synergy_weight_top5_mean,0.14,8558,0.40674046587437235,0.4320136867772403,0.06213598848233093
codex-l,synergy_weight_top5_mean,0.16,9781,0.41209278891123624,0.4353236318067358,0.05637284495289574
codex-l,synergy_weight_top5_mean,0.18,11003,0.4101921734161382,0.4315264817307711,0.05201052018364427
codex-l,synergy_weight_top5_mean,0.2,12226,0.39877136019414233,0.4183834086650746,0.04918118608463784
codex-l,synergy_weight_top5_mean,0.22,13448,0.39698218358433945,0.41502974208555726,0.04546188531250195
codex-l,synergy_weight_top5_mean,0.24,14671,0.3874599955854706,0.40418832948378525,0.043174351130204514
codex-l,synergy_weight_top5_mean,0.26,15894,0.3836650394768899,0.39923057916039995,0.04057064908685182
codex-l,synergy_weight_top5_mean,0.28,17116,0.375963093873819,0.3905244093857724,0.03873070455378391
codex-l,synergy_weight_top5_mean,0.3,18339,0.3627240463126748,0.3764990320942743,0.0379764890738048
codex-l,synergy_weight_top5_mean,0.32,19561,0.3573752428612544,0.3703995518664754,0.03644435160349779
codex-l,synergy_weight_top5_mean,0.34,20784,0.3628057416397255,0.37508450302422747,0.033843900399721516
codex-l,synergy_weight_top5_mean,0.36,22006,0.357744962016297,0.3696585378667327,0.033301868971932436
codex-l,synergy_weight_top5_mean,0.38,23229,0.3644278064104948,0.37617515692250564,0.03223505535353821
codex-l,synergy_weight_top5_mean,0.4,24452,0.36157349429249847,0.3733519037353516,0.032575422780644514
codex-l,synergy_weight_top5_mean,0.42,25674,0.3563100544394357,0.36769542157949553,0.03195353877389695
codex-l,synergy_weight_top5_mean,0.44,26897,0.3445487971745928,0.3554164744603085,0.03154176527340691
codex-l,synergy_weight_top5_mean,0.46,28119,0.3326317785390761,0.34302716656688276,0.03125193892617051
codex-l,synergy_weight_top5_mean,0.48,29342,0.3399410909348867,0.35014939508171905,0.030029626953181898
codex-l,synergy_weight_top5_mean,0.5,30564,0.3355932539958169,0.34540305330820875,0.029231217241673546
codex-l,synergy_weight_top5_mean,0.52,31787,0.3397694211641669,0.3491744729407712,0.027680689287397753
codex-l,synergy_weight_top5_mean,0.54,33010,0.32990830996543963,0.33916809007342813,0.02806773830267728
codex-l,synergy_weight_top5_mean,0.56,34232,0.3345228248242663,0.3436441132285951,0.027266565171212065
codex-l,synergy_weight_top5_mean,0.58,35455,0.3254865498840214,0.33431868400807924,0.027135173871869478
codex-l,synergy_weight_top5_mean,0.6,36677,0.3235710324148159,0.33212394194080175,0.026432865334561573
codex-l,synergy_weight_top5_mean,0.62,37900,0.3183636140734948,0.32674102122007975,0.026313959184578906
codex-l,synergy_weight_top5_mean,0.64,39123,0.3095665874744652,0.31769917624746574,0.02627088678835987
codex-l,synergy_weight_top5_mean,0.66,40345,0.30931293551411815,0.3172697286748569,0.02572408796131831
codex-l,synergy_weight_top5_mean,0.68,41568,0.31149702871550317,0.31910125235632525,0.0244118657316863
codex-l,synergy_weight_top5_mean,0.7,42790,0.31184903598005426,0.3194157657429142,0.02426407937763808
codex-l,synergy_weight_top5_mean,0.72,44013,0.3046653909226937,0.3123577339956462,0.025248496554386657
codex-l,synergy_weight_top5_mean,0.74,45235,0.29943596184409654,0.30739890584775725,0.02659314517408129
codex-l,synergy_weight_top5_mean,0.76,46458,0.31353756099595936,0.32137957393030697,0.025011398664444684
codex-l,synergy_weight_top5_mean,0.78,47681,0.3274053635108469,0.3351279039794781,0.023587092116697628
codex-l,synergy_weight_top5_mean,0.8,48903,0.3343624126752919,0.34200599921076374,0.02286018477470053
codex-l,synergy_weight_top5_mean,0.82,50126,0.33202008522476456,0.3395067827018443,0.022548929448083177
codex-l,synergy_weight_top5_mean,0.84,51348,0.33487425310739355,0.3421204611060127,0.02163859398379997
codex-l,synergy_weight_top5_mean,0.86,52571,0.3336816621946809,0.3406511396185357,0.0208866060484576
codex-l,synergy_weight_top5_mean,0.88,53794,0.33364101491459086,0.3403446389291989,0.020092325927986154
codex-l,synergy_weight_top5_mean,0.9,55016,0.33275638660062073,0.3392133741255282,0.019404548747721684
codex-l,synergy_weight_top5_mean,0.92,56239,0.3298104218197476,0.33604973981310887,0.01891789216039763
codex-l,synergy_weight_top5_mean,0.94,57461,0.326915534709639,0.3329540568483618,0.018471199736917132
codex-l,synergy_weight_top5_mean,0.96,58684,0.3281530872527218,0.33400982752168445,0.01784758546078269
codex-l,synergy_weight_top5_mean,0.98,59906,0.3313057889136163,0.33677690335203414,0.016513790647480597
codex-l,synergy_weight_top5_mean,1.0,61129,0.32990176871301513,0.334842792661744,0.014977258133547888
codex-m,synergy_weight_top5_mean,0.02,412,0.2523242291972633,0.2719228776868386,0.07767247938069954
codex-m,synergy_weight_top5_mean,0.04,824,0.32447902453597854,0.34145824133154473,0.05232762524433543
codex-m,synergy_weight_top5_mean,0.06,1236,0.35001760646797997,0.3671725938365037,0.049011784126045344
codex-m,synergy_weight_top5_mean,0.08,1648,0.34267920492153814,0.3575185080652224,0.043303774873301615
codex-m,synergy_weight_top5_mean,0.1,2059,0.32415559010116446,0.3355844163839938,0.03525722409804044
codex-m,synergy_weight_top5_mean,0.12,2471,0.3304123877189294,0.34089927519994756,0.03173878423087162
codex-m,synergy_weight_top5_mean,0.14,2883,0.3385206286524614,0.3483037004258004,0.028899484832821454
codex-m,synergy_weight_top5_mean,0.16,3295,0.3436476344735242,0.3522062743890388,0.02490527813068355
codex-m,synergy_weight_top5_mean,0.18,3707,0.3697157803927459,0.3773390671926138,0.02061931679456519
codex-m,synergy_weight_top5_mean,0.2,4119,0.3713970952218959,0.37851610544230746,0.01916819036012707
codex-m,synergy_weight_top5_mean,0.22,4531,0.36614167544575654,0.37332882373188064,0.019629418796355713
codex-m,synergy_weight_top5_mean,0.24,4943,0.34823929512969976,0.3552959290020886,0.020263749585642366
codex-m,synergy_weight_top5_mean,0.26,5354,0.33839799107131907,0.34440970487070016,0.017765217164407154
codex-m,synergy_weight_top5_mean,0.28,5766,0.36066395395262085,0.3669649093350045,0.01747043283180827
codex-m,synergy_weight_top5_mean,0.3,6178,0.3783030327229933,0.38438423037726877,0.016074937624748875
codex-m,synergy_weight_top5_mean,0.32,6590,0.36699878118496326,0.3730962335402992,0.016614366771596778
codex-m,synergy_weight_top5_mean,0.34,7002,0.35654504202478565,0.36386965390844794,0.020543300341708592
codex-m,synergy_weight_top5_mean,0.36,7414,0.34411049734168064,0.35231291770623635,0.0238365886188332
codex-m,synergy_weight_top5_mean,0.38,7826,0.3577869799584584,0.3659545778709303,0.022828102669974815
codex-m,synergy_weight_top5_mean,0.4,8238,0.38115011462850495,0.3891811018827119,0.02107040492965484
codex-m,synergy_weight_top5_mean,0.42,8649,0.3769731694665496,0.3845899200489571,0.020205020408178953
codex-m,synergy_weight_top5_mean,0.44,9061,0.3616168416621197,0.36889097020946693,0.020115569047925774
codex-m,synergy_weight_top5_mean,0.46,9473,0.3485609208979509,0.35572854504766455,0.020563476052475105
codex-m,synergy_weight_top5_mean,0.48,9885,0.3351526646663613,0.3421252425817825,0.020804184631389777
codex-m,synergy_weight_top5_mean,0.5,10297,0.32261924194419866,0.329303783744624,0.020719600480561207
codex-m,synergy_weight_top5_mean,0.52,10709,0.3115048593426239,0.317930036171591,0.02062624911382227
codex-m,synergy_weight_top5_mean,0.54,11121,0.3008420160141259,0.3070829055501053,0.02074474044106389
codex-m,synergy_weight_top5_mean,0.56,11533,0.2920205209239424,0.2980190118453641,0.020541333542049456
codex-m,synergy_weight_top5_mean,0.58,11945,0.2840148330913141,0.2898244416363245,0.020455299752399014
codex-m,synergy_weight_top5_mean,0.6,12356,0.28959206112818536,0.2951148751088188,0.019071013062712305
codex-m,synergy_weight_top5_mean,0.62,12768,0.29750128255177055,0.3027765778238607,0.01773200850376888
codex-m,synergy_weight_top5_mean,0.64,13180,0.3054577595959199,0.310493078225148,0.016484500625844722
codex-m,synergy_weight_top5_mean,0.66,13592,0.3139686622459767,0.3188328315527755,0.01549253123545169
codex-m,synergy_weight_top5_mean,0.68,14004,0.3211244743410655,0.32592371770201306,0.014945118620421027
codex-m,synergy_weight_top5_mean,0.7,14416,0.3284421817355463,0.33310535417783926,0.014197848819697656
codex-m,synergy_weight_top5_mean,0.72,14828,0.3359742401497081,0.3405025911690681,0.013478268504580004
codex-m,synergy_weight_top5_mean,0.74,15240,0.34097400162351954,0.34542644023076324,0.013058000275809167
codex-m,synergy_weight_top5_mean,0.76,15651,0.345064198582871,0.3492869755555826,0.012237656036337308
codex-m,synergy_weight_top5_mean,0.78,16063,0.34121093514963763,0.3453419700117523,0.012106982621477247
codex-m,synergy_weight_top5_mean,0.8,16475,0.34609632389775347,0.3501315376741547,0.01165922171884537
codex-m,synergy_weight_top5_mean,0.82,16887,0.35046572190460495,0.35436535969041677,0.011127016258877687
codex-m,synergy_weight_top5_mean,0.84,17299,0.3453339949575878,0.34914075738830663,0.01102342221241881
codex-m,synergy_weight_top5_mean,0.86,17711,0.3399160733132841,0.3436421696742413,0.010961812792898096
codex-m,synergy_weight_top5_mean,0.88,18123,0.3394076901132552,0.34303381087489654,0.010683672961067314
codex-m,synergy_weight_top5_mean,0.9,18535,0.3413221610413637,0.3448430568716109,0.010315462141412102
codex-m,synergy_weight_top5_mean,0.92,18946,0.3382691110827424,0.34172557262452213,0.01021808207884023
codex-m,synergy_weight_top5_mean,0.94,19358,0.3384359268496997,0.3418020506622492,0.009946118439265073
codex-m,synergy_weight_top5_mean,0.96,19770,0.33976390714307037,0.34300518343031633,0.00953978989263593
codex-m,synergy_weight_top5_mean,0.98,20182,0.34068907669876336,0.34371200799087015,0.00887299153057275
codex-m,synergy_weight_top5_mean,1.0,20594,0.34234153499948855,0.3449297847479118,0.0075604315685127155
hetionet,synergy_weight_top5_mean,0.02,9001,0.5684077417995558,0.6977157112898377,0.22749156983840169
hetionet,synergy_weight_top5_mean,0.04,18002,0.5899288651106266,0.701101596932432,0.1884510801161725
hetionet,synergy_weight_top5_mean,0.06,27002,0.5477010101252168,0.650028727022727,0.18683134594569362
hetionet,synergy_weight_top5_mean,0.08,36003,0.5311946353018747,0.6277144047401948,0.18170320824770458
hetionet,synergy_weight_top5_mean,0.1,45004,0.5403944733718666,0.6324890515302289,0.17042102148773908
hetionet,synergy_weight_top5_mean,0.12,54005,0.5423576455145253,0.6310492705525106,0.16352977739226882
hetionet,synergy_weight_top5_mean,0.14,63006,0.5523763913629295,0.6398207942566845,0.1583058296137445
hetionet,synergy_weight_top5_mean,0.16,72006,0.5624937764041639,0.6484125730456313,0.15274621737278182
hetionet,synergy_weight_top5_mean,0.18,81007,0.5661356488577952,0.6508754481581819,0.14968108698216254
hetionet,synergy_weight_top5_mean,0.2,90008,0.5712004768377742,0.6536160571337191,0.14428485906070354
hetionet,synergy_weight_top5_mean,0.22,99009,0.5785981952786156,0.6574791997632559,0.13633123146306447
hetionet,synergy_weight_top5_mean,0.24,108010,0.584936077526773,0.659072018578783,0.1267419533523586
hetionet,synergy_weight_top5_mean,0.26,117010,0.5836006804420574,0.6529633207168478,0.11885291192986736
hetionet,synergy_weight_top5_mean,0.28,126011,0.5789846666036822,0.6438238179331137,0.11198768304137885
hetionet,synergy_weight_top5_mean,0.3,135012,0.5759529407860727,0.6372235825252011,0.10638133326570887
hetionet,synergy_weight_top5_mean,0.32,144013,0.5659884534414955,0.6234694848972054,0.10155866450312945
hetionet,synergy_weight_top5_mean,0.34,153014,0.5598541147860344,0.6140792976674367,0.09685591558459139
hetionet,synergy_weight_top5_mean,0.36,162014,0.5505909450636025,0.6019706217833676,0.09331732964447825
hetionet,synergy_weight_top5_mean,0.38,171015,0.5436793586185681,0.5924998766601914,0.08979652669851435
hetionet,synergy_weight_top5_mean,0.4,180016,0.530663931871942,0.5769545136318085,0.08723144532656324
hetionet,synergy_weight_top5_mean,0.42,189017,0.5065822635173195,0.5506810058269179,0.08705149288767133
hetionet,synergy_weight_top5_mean,0.44,198018,0.4845849431243979,0.5266671396215566,0.0868417335169982
hetionet,synergy_weight_top5_mean,0.46,207018,0.46447672910069027,0.504757704780017,0.08672334512283952
hetionet,synergy_weight_top5_mean,0.48,216019,0.4470680993254786,0.4856693664363335,0.08634314810002142
hetionet,synergy_weight_top5_mean,0.5,225020,0.4312269089809357,0.4683027061402841,0.08597746658937622
hetionet,synergy_weight_top5_mean,0.52,234021,0.4166516642139478,0.452296073897524,0.08554966353206028
hetionet,synergy_weight_top5_mean,0.54,243022,0.41941121404020815,0.45409710823528077,0.08270139908979002
hetionet,synergy_weight_top5_mean,0.56,252022,0.4285912740319016,0.46212936402643207,0.07825191978134871
hetionet,synergy_weight_top5_mean,0.58,261023,0.4373625583121144,0.4701464587317489,0.07495817782426384
hetionet,synergy_weight_top5_mean,0.6,270024,0.4449034632403495,0.47654634136527574,0.07112302047384111
hetionet,synergy_weight_top5_mean,0.62,279025,0.45218403290446385,0.4830078901918769,0.06816662032364462
hetionet,synergy_weight_top5_mean,0.64,288026,0.458721556478355,0.48851438740021047,0.06494752753844324
hetionet,synergy_weight_top5_mean,0.66,297026,0.4508985110042434,0.47929623368683716,0.06298029820357187
hetionet,synergy_weight_top5_mean,0.68,306027,0.4390672786637078,0.4663597286649117,0.06216006367923366
hetionet,synergy_weight_top5_mean,0.7,315028,0.42798149826987875,0.4542792129121474,0.06144591471495264
hetionet,synergy_weight_top5_mean,0.72,324029,0.41749237335234285,0.44252360034778726,0.05995612996340727
hetionet,synergy_weight_top5_mean,0.74,333030,0.4074137840157137,0.43143640780584164,0.05896369914966204
hetionet,synergy_weight_top5_mean,0.76,342030,0.39785582753172244,0.4210372600657422,0.05826591174455387
hetionet,synergy_weight_top5_mean,0.78,351031,0.39284177344054766,0.4154280979563843,0.057494711720760705
hetionet,synergy_weight_top5_mean,0.8,360032,0.3932076644457977,0.4151743867663768,0.0558654479727394
hetionet,synergy_weight_top5_mean,0.82,369033,0.38394533048304974,0.40537569610807017,0.05581619028432616
hetionet,synergy_weight_top5_mean,0.84,378034,0.37679652663911417,0.3977611787403198,0.055639186189433865
hetionet,synergy_weight_top5_mean,0.86,387034,0.3737155862628704,0.39419515340340894,0.054799874271589166
hetionet,synergy_weight_top5_mean,0.88,396035,0.3703775983393421,0.39028373124099336,0.0537455099630868
hetionet,synergy_weight_top5_mean,0.9,405036,0.36837436006445734,0.38779542499853026,0.052721000806556395
hetionet,synergy_weight_top5_mean,0.92,414037,0.36447768110819057,0.38349372582612246,0.05217341336268877
hetionet,synergy_weight_top5_mean,0.94,423038,0.3617755298041684,0.380500841470146,0.05175947548501636
hetionet,synergy_weight_top5_mean,0.96,432038,0.3646084634368405,0.38297538442028106,0.050374368192970254
hetionet,synergy_weight_top5_mean,0.98,441039,0.3687846577651304,0.38677698420251355,0.04878816419972121
hetionet,synergy_weight_top5_mean,1.0,450040,0.37318845483349955,0.39032189792982713,0.045910967701216165
FB15k-237,max_candidate_dep_score,0.02,816,0.21818855318791233,0.28380058890215304,0.3007125477280794
FB15k-237,max_candidate_dep_score,0.04,1633,0.2189179552220431,0.274118034488481,0.252149620210228
FB15k-237,max_candidate_dep_score,0.06,2449,0.23143915846171437,0.2789269967721086,0.20518497658748558
FB15k-237,max_candidate_dep_score,0.08,3266,0.22222793037785343,0.26661650720322394,0.19974346496363782
FB15k-237,max_candidate_dep_score,0.1,4082,0.2242574926643568,0.26336088707309474,0.17436828506445257
FB15k-237,max_candidate_dep_score,0.12,4898,0.22761903073051423,0.2612781621905649,0.14787485629837693
FB15k-237,max_candidate_dep_score,0.14,5715,0.23190055159295087,0.2627294804345798,0.13294029975289634
FB15k-237,max_candidate_dep_score,0.16,6531,0.23607904638814842,0.2634142569079688,0.11578838079037879
FB15k-237,max_candidate_dep_score,0.18,7347,0.24162276064622182,0.266872339501297,0.10450000152115235
FB15k-237,max_candidate_dep_score,0.2,8164,0.24439323491680295,0.26773891421571555,0.09552506355939028
FB15k-237,max_candidate_dep_score,0.22,8980,0.25233364494316574,0.2741031528801584,0.0862727122334237
FB15k-237,max_candidate_dep_score,0.24,9797,0.25927731142221255,0.27862658033357796,0.07462769806285374
FB15k-237,max_candidate_dep_score,0.26,10613,0.25920013069947606,0.27665965799801395,0.06735925345184701
FB15k-237,max_candidate_dep_score,0.28,11429,0.25794925267959445,0.27424591426292094,0.06317778173045929
FB15k-237,max_candidate_dep_score,0.3,12246,0.266092996081055,0.2808037016730626,0.055284076652384107
FB15k-237,max_candidate_dep_score,0.32,13062,0.27547539425954964,0.2887832200386236,0.048308582386619614
FB15k-237,max_candidate_dep_score,0.34,13878,0.2906479708141911,0.3030382499222136,0.04262984900019662
FB15k-237,max_candidate_dep_score,0.36,14695,0.3055606112046259,0.31722539045513265,0.03817500954890796
FB15k-237,max_candidate_dep_score,0.38,15511,0.3155187238332637,0.32724271714928016,0.03715783701702602
FB15k-237,max_candidate_dep_score,0.4,16328,0.3205495565231171,0.3317230383690492,0.03485726814638812
FB15k-237,max_candidate_dep_score,0.42,17144,0.3252753461938335,0.3360617770902018,0.03316092357623868
FB15k-237,max_candidate_dep_score,0.44,17960,0.3362672152986169,0.34656481643016435,0.030623268231495082
FB15k-237,max_candidate_dep_score,0.46,18777,0.3352049251601812,0.3450136156396161,0.029261773151894266
FB15k-237,max_candidate_dep_score,0.48,19593,0.3331052395664266,0.3424422266864556,0.028030141862019464
FB15k-237,max_candidate_dep_score,0.5,20410,0.32741652437877977,0.33637975753128974,0.027375628549952458
FB15k-237,max_candidate_dep_score,0.52,21226,0.32647410079625694,0.33519212533284104,0.02670357163193393
FB15k-237,max_candidate_dep_score,0.54,22042,0.33562065006857084,0.34399712811706207,0.024958172409176305
FB15k-237,max_candidate_dep_score,0.56,22859,0.3407613542597069,0.3487918958564528,0.02356646813483887
FB15k-237,max_candidate_dep_score,0.58,23675,0.34575684871761775,0.35353660559254124,0.02250065878312446
FB15k-237,max_candidate_dep_score,0.6,24491,0.34643788179198737,0.3539592615273827,0.021710615757405627
FB15k-237,max_candidate_dep_score,0.62,25308,0.35664979788878365,0.3639277716447057,0.020406499033518433
FB15k-237,max_candidate_dep_score,0.64,26124,0.355363647917123,0.36241428946569415,0.01984063814601389
FB15k-237,max_candidate_dep_score,0.66,26941,0.35303766048949287,0.3598743269387912,0.019365261031412784
FB15k-237,max_candidate_dep_score,0.68,27757,0.3471266716512196,0.35377464020133303,0.019151419620077714
FB15k-237,max_candidate_dep_score,0.7,28573,0.34792067697638857,0.3543995378475885,0.018621660912782056
FB15k-237,max_candidate_dep_score,0.72,29390,0.35731605378352105,0.3636148115811663,0.017627973137365194
FB15k-237,max_candidate_dep_score,0.74,30206,0.3553480244063275,0.3614766244087375,0.017246754115627594
FB15k-237,max_candidate_dep_score,0.76,31022,0.35001218226735326,0.35597838719235175,0.017045706484699608
FB15k-237,max_candidate_dep_score,0.78,31839,0.3559725045964992,0.3617709939147479,0.016289149424114413
FB15k-237,max_candidate_dep_score,0.8,32655,0.35844214075927733,0.3640957344326419,0.01577268136327037
FB15k-237,max_candidate_dep_score,0.82,33472,0.3626433506316578,0.3681589487854495,0.015209428614048948
FB15k-237,max_candidate_dep_score,0.84,34288,0.3597143114627638,0.36509864713132767,0.014968366553637313
FB15k-237,max_candidate_dep_score,0.86,35104,0.35965052584543705,0.364908018406081,0.014618336921057073
FB15k-237,max_candidate_dep_score,0.88,35921,0.36711545391579403,0.3722533681957097,0.013995363652258952
FB15k-237,max_candidate_dep_score,0.9,36737,0.36243582122463697,0.3674547838975254,0.013847865964047967
FB15k-237,max_candidate_dep_score,0.92,37553,0.35610658090879244,0.36101648508992057,0.013787737841288727
FB15k-237,max_candidate_dep_score,0.94,38370,0.35342970779551913,0.35824173891451727,0.013615242332096766
FB15k-237,max_candidate_dep_score,0.96,39186,0.3523643249174104,0.35690311995945473,0.012880972110636213
FB15k-237,max_candidate_dep_score,0.98,40003,0.3525194985903919,0.3566538899392918,0.011728121041338024
FB15k-237,max_candidate_dep_score,1.0,40819,0.35281198551723697,0.3560530550713822,0.009186393000208515
KG20C,max_candidate_dep_score,0.02,149,0.19790595607452652,0.24654701074076424,0.24577862956242047
KG20C,max_candidate_dep_score,0.04,298,0.17006145762309752,0.21208766591394257,0.24712365093322064
KG20C,max_candidate_dep_score,0.06,447,0.17482337536141743,0.2151412345457765,0.23062052829610913
KG20C,max_candidate_dep_score,0.08,596,0.18205220094049784,0.2203145036278655,0.21017215111765308
KG20C,max_candidate_dep_score,0.1,745,0.18477241977517495,0.22084288926209278,0.19521565789313788
KG20C,max_candidate_dep_score,0.12,894,0.1786169774990994,0.21500829426346874,0.2037394052564394
KG20C,max_candidate_dep_score,0.14,1043,0.17636444311628136,0.2098157317638325,0.18967138759084157
KG20C,max_candidate_dep_score,0.16,1192,0.17567647803778177,0.2071998150656861,0.1794397142975781
KG20C,max_candidate_dep_score,0.18,1341,0.17804235610717054,0.20670741111787197,0.16100132371561537
KG20C,max_candidate_dep_score,0.2,1490,0.1778218629239807,0.20452585367734658,0.15017270831754748
KG20C,max_candidate_dep_score,0.22,1639,0.18234982335564054,0.20702848285866582,0.13533689832478757
KG20C,max_candidate_dep_score,0.24,1788,0.18347153221300838,0.2068123621333303,0.12721771949461602
KG20C,max_candidate_dep_score,0.26,1936,0.1829640776613653,0.2046883241850198,0.11873503696098386
KG20C,max_candidate_dep_score,0.28,2085,0.18344867683739072,0.20447159457307884,0.11459836123169698
KG20C,max_candidate_dep_score,0.3,2234,0.18565558842284888,0.20578340376300192,0.10841480997765585
KG20C,max_candidate_dep_score,0.32,2383,0.1832552288439918,0.2026079810884159,0.1056054572985714
KG20C,max_candidate_dep_score,0.34,2532,0.18125125931941768,0.20024108875341678,0.10477074479539739
KG20C,max_candidate_dep_score,0.36,2681,0.17910996572068497,0.1977147270872124,0.10387340141386026
KG20C,max_candidate_dep_score,0.38,2830,0.17719824876867876,0.19514494897533294,0.10128034747161907
KG20C,max_candidate_dep_score,0.4,2979,0.1759024717368599,0.19397232281984725,0.1027265330871463
KG20C,max_candidate_dep_score,0.42,3128,0.17636813272380003,0.19341193505051368,0.09663765252538536
KG20C,max_candidate_dep_score,0.44,3277,0.1747534133985274,0.19112286906185133,0.0936717363339461
KG20C,max_candidate_dep_score,0.46,3426,0.17384431650184407,0.18953540174917402,0.09025940889568007
KG20C,max_candidate_dep_score,0.48,3575,0.17297360879433932,0.18815958652075113,0.08779361101535144
KG20C,max_candidate_dep_score,0.5,3724,0.17166809283863307,0.18587110487624256,0.08273530510390326
KG20C,max_candidate_dep_score,0.52,3873,0.16660545023931173,0.18026205153754504,0.08196971514807583
KG20C,max_candidate_dep_score,0.54,4022,0.16722328585028765,0.1803739613420971,0.07864141303611905
KG20C,max_candidate_dep_score,0.56,4171,0.17793673334351778,0.19061762925050837,0.07126631847573228
KG20C,max_candidate_dep_score,0.58,4320,0.19947361987331846,0.21171714228722072,0.0613791559088257
KG20C,max_candidate_dep_score,0.6,4469,0.2100225836524884,0.22196840976057017,0.05687876941771086
KG20C,max_candidate_dep_score,0.62,4618,0.20454058597522243,0.2163257875049718,0.057617912227830415
KG20C,max_candidate_dep_score,0.64,4767,0.2036224827702915,0.21471348621758446,0.054468461912454025
KG20C,max_candidate_dep_score,0.66,4916,0.2011652525076844,0.21228495683818452,0.0552764664467853
KG20C,max_candidate_dep_score,0.68,5065,0.19810251226273537,0.20923221946183648,0.05618155505438627
KG20C,max_candidate_dep_score,0.7,5214,0.1969898562413619,0.20776778276170135,0.054713104146508984
KG20C,max_candidate_dep_score,0.72,5363,0.19610027911855288,0.20693041535343376,0.055227541151705806
KG20C,max_candidate_dep_score,0.74,5512,0.19566522609058823,0.20648994072906662,0.055322628628281745
KG20C,max_candidate_dep_score,0.76,5660,0.19496814746908306,0.2055651198572179,0.05435232639636811
KG20C,max_candidate_dep_score,0.78,5809,0.19732451377242308,0.20803466241955443,0.054276827761417845
KG20C,max_candidate_dep_score,0.8,5958,0.19869436905434082,0.20909989375127927,0.052369499681657494
KG20C,max_candidate_dep_score,0.82,6107,0.20077647970127208,0.2109152179721549,0.05049763939465368
KG20C,max_candidate_dep_score,0.84,6256,0.2021837143327145,0.21228722757933177,0.04997194398155558
KG20C,max_candidate_dep_score,0.86,6405,0.20800325293642008,0.21782933740489638,0.04724005192111025
KG20C,max_candidate_dep_score,0.88,6554,0.2184696881169649,0.22796075278415553,0.04344339367623973
KG20C,max_candidate_dep_score,0.9,6703,0.2283122931783546,0.23754416028994416,0.040435260769676296
KG20C,max_candidate_dep_score,0.92,6852,0.23617646962411923,0.24501320366194163,0.03741581052458898
KG20C,max_candidate_dep_score,0.94,7001,0.23369251084287898,0.242275696769543,0.03672854511129309
KG20C,max_candidate_dep_score,0.96,7150,0.2307920060028327,0.23908328757680572,0.03592534125237967
KG20C,max_candidate_dep_score,0.98,7299,0.22861693991790402,0.23667906804697791,0.03526478891708118
KG20C,max_candidate_dep_score,1.0,7448,0.22638074035722044,0.23398674950607826,0.033598304947920044
WN18RR,max_candidate_dep_score,0.02,121,0.5246201823435058,0.5623936015491648,0.07200146025058207
WN18RR,max_candidate_dep_score,0.04,242,0.3887570132955512,0.4127374865414712,0.06168499197643773
WN18RR,max_candidate_dep_score,0.06,363,0.4131352963234238,0.4316840628071598,0.04489755934388895
WN18RR,max_candidate_dep_score,0.08,484,0.40321045688451945,0.4183776932355789,0.037616178082909624
WN18RR,max_candidate_dep_score,0.1,606,0.489203569158323,0.501593368451558,0.025326469540178698
WN18RR,max_candidate_dep_score,0.12,727,0.44402056500464565,0.45569932688950743,0.02630229949988827
WN18RR,max_candidate_dep_score,0.14,848,0.4058707270210911,0.4168938982233031,0.027159315684373464
WN18RR,max_candidate_dep_score,0.16,969,0.4230306603028822,0.4320954156543869,0.021428128507315458
WN18RR,max_candidate_dep_score,0.18,1090,0.40900894813305894,0.41643123612406613,0.018147006379412023
WN18RR,max_candidate_dep_score,0.2,1211,0.3887487937307997,0.39569944987321326,0.017879556810218133
WN18RR,max_candidate_dep_score,0.22,1332,0.3673728413172003,0.3739953425863499,0.01802664901794282
WN18RR,max_candidate_dep_score,0.24,1453,0.37185729628476966,0.37946770171884436,0.020465930103053864
WN18RR,max_candidate_dep_score,0.26,1574,0.412909539531352,0.42063469440885504,0.018709073387529473
WN18RR,max_candidate_dep_score,0.28,1695,0.45182603151199324,0.45899971515635307,0.01587709238521251
WN18RR,max_candidate_dep_score,0.3,1816,0.48585003626625545,0.4925457376854128,0.01378141590893689
WN18RR,max_candidate_dep_score,0.32,1938,0.5154823931978869,0.5217565901933409,0.012171505910281155
WN18RR,max_candidate_dep_score,0.34,2059,0.5426167436071888,0.5485222286859599,0.01088334473336161
WN18RR,max_candidate_dep_score,0.36,2180,0.5658156366303063,0.5713933401978245,0.009857810930669952
WN18RR,max_candidate_dep_score,0.38,2301,0.5874438582182436,0.5927282536016377,0.008995575167679792
WN18RR,max_candidate_dep_score,0.4,2422,0.6045615248874993,0.6095819186848527,0.008304190046311
WN18RR,max_candidate_dep_score,0.42,2543,0.6207032909962097,0.6254848064414278,0.007703383427440702
WN18RR,max_candidate_dep_score,0.44,2664,0.6351677171192617,0.6397320541227114,0.007186034303114042
WN18RR,max_candidate_dep_score,0.46,2785,0.6494887061424446,0.6538547362240207,0.006722257123618958
WN18RR,max_candidate_dep_score,0.48,2906,0.6625886676334601,0.6667729049965674,0.006314984797509249
WN18RR,max_candidate_dep_score,0.5,3028,0.674409194610897,0.6784248464527693,0.0059543254658460665
WN18RR,max_candidate_dep_score,0.52,3149,0.6847518892648369,0.6886132400991304,0.005639051012241936
WN18RR,max_candidate_dep_score,0.54,3270,0.695286242797786,0.6990047118427981,0.00534811249831324
WN18RR,max_candidate_dep_score,0.56,3391,0.7052171974950122,0.7088029815637795,0.00508465204975761
WN18RR,max_candidate_dep_score,0.58,3512,0.7143453374750224,0.7178075794389146,0.0048467341805997766
WN18RR,max_candidate_dep_score,0.6,3633,0.7219989021003738,0.7253458312986092,0.00463564305776476
WN18RR,max_candidate_dep_score,0.62,3754,0.7031673924470478,0.7062761158881644,0.0044210290103159355
WN18RR,max_candidate_dep_score,0.64,3875,0.6900060861605967,0.6930355020696458,0.0043904191134105375
WN18RR,max_candidate_dep_score,0.66,3996,0.6728079725783576,0.6757644681116672,0.0043942635251179585
WN18RR,max_candidate_dep_score,0.68,4117,0.6551728673444429,0.6580563477270105,0.004401098589834618
WN18RR,max_candidate_dep_score,0.7,4238,0.638371911168289,0.6411853063486329,0.004407141246542512
WN18RR,max_candidate_dep_score,0.72,4360,0.6211509005316552,0.6238897354797538,0.004409290795126086
WN18RR,max_candidate_dep_score,0.74,4481,0.609432986964016,0.6121306614585512,0.004426531796340782
WN18RR,max_candidate_dep_score,0.76,4602,0.5966379852629978,0.599285677920209,0.004437687044086092
WN18RR,max_candidate_dep_score,0.78,4723,0.5832547786116593,0.5858469807753817,0.004444373640440036
WN18RR,max_candidate_dep_score,0.8,4844,0.5701555432211486,0.5726925315808811,0.004449642540348853
WN18RR,max_candidate_dep_score,0.82,4965,0.56211995856317,0.5646895430550355,0.004571238670182831
WN18RR,max_candidate_dep_score,0.84,5086,0.5636525590225535,0.5661649257650032,0.004457296790786325
WN18RR,max_candidate_dep_score,0.86,5207,0.5555106074017143,0.5580061614263078,0.004492360706244369
WN18RR,max_candidate_dep_score,0.88,5328,0.5473804271783792,0.5498484085466271,0.004508713219743221
WN18RR,max_candidate_dep_score,0.9,5450,0.5382266739321586,0.5406595179984564,0.004520110548449585
WN18RR,max_candidate_dep_score,0.92,5571,0.5308258215488028,0.5332336531895244,0.004536010764691678
WN18RR,max_candidate_dep_score,0.94,5692,0.5276324644931376,0.5300416034578571,0.004565941496859516
WN18RR,max_candidate_dep_score,0.96,5813,0.5218574411254557,0.5242501465054216,0.004584978945218587
WN18RR,max_candidate_dep_score,0.98,5934,0.5146996801133633,0.517066195937863,0.004597857577798514
WN18RR,max_candidate_dep_score,1.0,6055,0.5112021246888967,0.5133269561687425,0.004156538827257084
YAGO3-10,max_candidate_dep_score,0.02,200,0.44297491113396076,0.5673124244842432,0.28068748415569145
YAGO3-10,max_candidate_dep_score,0.04,399,0.4873184559703529,0.5999666552744091,0.23115931260955436
YAGO3-10,max_candidate_dep_score,0.06,598,0.5185906914403563,0.6191325331925784,0.19387513777575305
YAGO3-10,max_candidate_dep_score,0.08,798,0.5144995215709471,0.605494272499471,0.17686071048362684
YAGO3-10,max_candidate_dep_score,0.1,998,0.5188796796318276,0.6049381040633302,0.16585429688163078
YAGO3-10,max_candidate_dep_score,0.12,1197,0.5144948637533535,0.6001635371448101,0.16651025972637457
YAGO3-10,max_candidate_dep_score,0.14,1397,0.5130571160989732,0.5912434190811204,0.15239298029162196
YAGO3-10,max_candidate_dep_score,0.16,1596,0.5114351866706194,0.5814142291458645,0.1368287601226661
YAGO3-10,max_candidate_dep_score,0.18,1796,0.5096392879912932,0.5754405467978357,0.1291133952130996
YAGO3-10,max_candidate_dep_score,0.2,1995,0.506197294236086,0.5675624267692108,0.12122769764254149
YAGO3-10,max_candidate_dep_score,0.22,2194,0.5054023296421837,0.5664659865044102,0.12082187453599302
YAGO3-10,max_candidate_dep_score,0.24,2394,0.5050194218841165,0.5632050280824021,0.11521459111653143
YAGO3-10,max_candidate_dep_score,0.26,2594,0.5185408065828315,0.5755377533079395,0.10991795824270079
YAGO3-10,max_candidate_dep_score,0.28,2793,0.5292420292903806,0.5842890384483646,0.10401103108117149
YAGO3-10,max_candidate_dep_score,0.3,2992,0.5356644767988008,0.5891130770313314,0.09977999764320056
YAGO3-10,max_candidate_dep_score,0.32,3192,0.5392150116147587,0.5904899427062273,0.0950918093654669
YAGO3-10,max_candidate_dep_score,0.34,3392,0.5433261777203497,0.5941989204869085,0.09363204802685399
YAGO3-10,max_candidate_dep_score,0.36,3591,0.5483335682320759,0.5972243329236737,0.0891624506032529
YAGO3-10,max_candidate_dep_score,0.38,3790,0.5490133523927703,0.5957159904706348,0.08506648859143406
YAGO3-10,max_candidate_dep_score,0.4,3990,0.5590664464593605,0.6050487149484811,0.08224830658382776
YAGO3-10,max_candidate_dep_score,0.42,4190,0.5643089306807361,0.6080963837482263,0.07759482561204312
YAGO3-10,max_candidate_dep_score,0.44,4389,0.561453365314062,0.6037005714341122,0.07524615351876673
YAGO3-10,max_candidate_dep_score,0.46,4588,0.5626504347559047,0.6036496675479519,0.0728680371674002
YAGO3-10,max_candidate_dep_score,0.48,4788,0.5695799986785504,0.6094423945415772,0.06998559632625678
YAGO3-10,max_candidate_dep_score,0.5,4988,0.5716005222613164,0.6096012573687485,0.0664812812925657
YAGO3-10,max_candidate_dep_score,0.52,5187,0.5743480070473638,0.6113745334143255,0.06446705814704479
YAGO3-10,max_candidate_dep_score,0.54,5386,0.5759550494454764,0.612203232329753,0.06293578451855941
YAGO3-10,max_candidate_dep_score,0.56,5586,0.5810735237154518,0.6155966385853587,0.059412644804674786
YAGO3-10,max_candidate_dep_score,0.58,5786,0.5866398702125666,0.6205415317676344,0.057789562688236096
YAGO3-10,max_candidate_dep_score,0.6,5985,0.592602178267025,0.6252058239760824,0.05501776217630816
YAGO3-10,max_candidate_dep_score,0.62,6184,0.6008624755595536,0.6322694382929508,0.05226980217752719
YAGO3-10,max_candidate_dep_score,0.64,6384,0.5933114578556465,0.6237396247439239,0.051285318167040295
YAGO3-10,max_candidate_dep_score,0.66,6584,0.5858782341166132,0.6153784143483161,0.050352067228070396
YAGO3-10,max_candidate_dep_score,0.68,6783,0.5783161486992484,0.607073658400769,0.0497262782064829
YAGO3-10,max_candidate_dep_score,0.7,6982,0.5874161495949953,0.6153701046950939,0.047587992123423684
YAGO3-10,max_candidate_dep_score,0.72,7182,0.5835719036442457,0.6107548934969681,0.04658036084837547
YAGO3-10,max_candidate_dep_score,0.74,7382,0.5756734182191928,0.6023800131452448,0.046391919586398656
YAGO3-10,max_candidate_dep_score,0.76,7581,0.5653305396374472,0.5913360908502311,0.04600061272023548
YAGO3-10,max_candidate_dep_score,0.78,7780,0.5534797403016497,0.578823996291944,0.045790756453852444
YAGO3-10,max_candidate_dep_score,0.8,7980,0.5503554201497298,0.5756352569203289,0.0459336564064754
YAGO3-10,max_candidate_dep_score,0.82,8179,0.5567218391241986,0.5818212517170321,0.04508429673303005
YAGO3-10,max_candidate_dep_score,0.84,8379,0.5542151746677626,0.5786302604869288,0.04405344157853919
YAGO3-10,max_candidate_dep_score,0.86,8578,0.559318941839462,0.5828329153909583,0.042040366940130136
YAGO3-10,max_candidate_dep_score,0.88,8778,0.5606851457350529,0.5835134552579172,0.04071502463818022
YAGO3-10,max_candidate_dep_score,0.9,8978,0.5673907747702986,0.5897441917476811,0.03939686362795025
YAGO3-10,max_candidate_dep_score,0.92,9177,0.5717321419793432,0.5931461818264356,0.03745467199545027
YAGO3-10,max_candidate_dep_score,0.94,9376,0.5599561605017508,0.5809140476776546,0.03742772855132892
YAGO3-10,max_candidate_dep_score,0.96,9576,0.5601879146901052,0.580676118738013,0.036573805879482
YAGO3-10,max_candidate_dep_score,0.98,9776,0.5619845459546017,0.5816658455579342,0.03502106907566538
YAGO3-10,max_candidate_dep_score,1.0,9975,0.5616723217905851,0.5802260659200454,0.03303303974515215
codex-l,max_candidate_dep_score,0.02,1223,0.41252880159876143,0.4528912134188205,0.09784143958830005
codex-l,max_candidate_dep_score,0.04,2445,0.46118834973883416,0.4962163041264257,0.07595151613744688
codex-l,max_candidate_dep_score,0.06,3668,0.48442019654517465,0.513638169988619,0.06031534946689532
codex-l,max_candidate_dep_score,0.08,4890,0.4680924009306562,0.49570596247623117,0.058991689441387996
codex-l,max_candidate_dep_score,0.1,6113,0.422057605832935,0.4457757283572938,0.056196410623973625
codex-l,max_candidate_dep_score,0.12,7335,0.4197800787792954,0.4412419755454213,0.05112652517607863
codex-l,max_candidate_dep_score,0.14,8558,0.42182231556890804,0.4417602570585086,0.0472662084335449
codex-l,max_candidate_dep_score,0.16,9781,0.4113908632545061,0.42943391574137985,0.04385866118691961
codex-l,max_candidate_dep_score,0.18,11003,0.3994679026487817,0.41617383165424526,0.04182045389552025
codex-l,max_candidate_dep_score,0.2,12226,0.3825545170405582,0.3977839764973652,0.03980990624453229
codex-l,max_candidate_dep_score,0.22,13448,0.38838552606527316,0.40201350568693767,0.03508879375534235
codex-l,max_candidate_dep_score,0.24,14671,0.3919421718430723,0.40462413397643776,0.03235671750689573
codex-l,max_candidate_dep_score,0.26,15894,0.3877864774697293,0.39997424079339716,0.03142905705013721
codex-l,max_candidate_dep_score,0.28,17116,0.39458658623456744,0.40707518767824535,0.03164983777794683
codex-l,max_candidate_dep_score,0.3,18339,0.38279374478684575,0.3946711025996,0.031028087513206293
codex-l,max_candidate_dep_score,0.32,19561,0.3744953727541264,0.3858807722103003,0.03040197632468189
codex-l,max_candidate_dep_score,0.34,20784,0.35805284728378683,0.36876829179698056,0.029926991488775423
codex-l,max_candidate_dep_score,0.36,22006,0.3423904755435532,0.35251083133644817,0.029557936086944903
codex-l,max_candidate_dep_score,0.38,23229,0.3519636718132489,0.3617077658128998,0.027684942452870898
codex-l,max_candidate_dep_score,0.4,24452,0.36306942123887964,0.37246614659219457,0.025881346110754988
codex-l,max_candidate_dep_score,0.42,25674,0.364926492104134,0.37409949646076507,0.02513658107894634
codex-l,max_candidate_dep_score,0.44,26897,0.3677610475730181,0.3764381403411582,0.023594376906970416
codex-l,max_candidate_dep_score,0.46,28119,0.3561155127147616,0.36459655812459146,0.02381543377646378
codex-l,max_candidate_dep_score,0.48,29342,0.35558007183228996,0.36392676210148184,0.023473447840262063
codex-l,max_candidate_dep_score,0.5,30564,0.35021326443885725,0.35833173345711966,0.023181500652953657
codex-l,max_candidate_dep_score,0.52,31787,0.3426571222551296,0.35048442306956884,0.022842953804448562
codex-l,max_candidate_dep_score,0.54,33010,0.3410988826955602,0.34872710510142557,0.02236366869801132
codex-l,max_candidate_dep_score,0.56,34232,0.3303247836557153,0.33771204304066216,0.022363624379593272
codex-l,max_candidate_dep_score,0.58,35455,0.3240895661113861,0.33127011494295727,0.02215606296039563
codex-l,max_candidate_dep_score,0.6,36677,0.32404813013328704,0.33106359189190604,0.02164944372841604
codex-l,max_candidate_dep_score,0.62,37900,0.3175149237941665,0.324359724848542,0.02155741523133159
codex-l,max_candidate_dep_score,0.64,39123,0.3238637028868671,0.3309613656300102,0.021915585722869668
codex-l,max_candidate_dep_score,0.66,40345,0.3302088068813414,0.33750733468316757,0.022102765431234683
codex-l,max_candidate_dep_score,0.68,41568,0.3359396240566434,0.3432163789491738,0.02166090086266048
codex-l,max_candidate_dep_score,0.7,42790,0.32843808542889585,0.3357970952288028,0.022406079338506357
codex-l,max_candidate_dep_score,0.72,44013,0.3215463781055563,0.32876392223283035,0.0224463549233469
codex-l,max_candidate_dep_score,0.74,45235,0.32522420692565934,0.33280699843821576,0.023315581531388574
codex-l,max_candidate_dep_score,0.76,46458,0.3390070279091199,0.34648807567202156,0.022067530012702674
codex-l,max_candidate_dep_score,0.78,47681,0.352303361718847,0.3597087489020671,0.021019916321803
codex-l,max_candidate_dep_score,0.8,48903,0.350874851540902,0.3580893207568551,0.02056137447374784
codex-l,max_candidate_dep_score,0.82,50126,0.34881595631408263,0.35584395779726724,0.020148165116782746
codex-l,max_candidate_dep_score,0.84,51348,0.3451125926994687,0.3519565159513491,0.019830986746520285
codex-l,max_candidate_dep_score,0.86,52571,0.34127963942849227,0.3479245375168063,0.019470537707557245
codex-l,max_candidate_dep_score,0.88,53794,0.3382611640937926,0.3447188984558385,0.01909097185113251
codex-l,max_candidate_dep_score,0.9,55016,0.3381342427471426,0.3442955398962983,0.018221452814417116
codex-l,max_candidate_dep_score,0.92,56239,0.33277015512943603,0.3388040942643034,0.018132452811221667
codex-l,max_candidate_dep_score,0.94,57461,0.3352808669926039,0.34111874183654134,0.017411893784163412
codex-l,max_candidate_dep_score,0.96,58684,0.33262654162102945,0.33826692961975113,0.016957119450641933
codex-l,max_candidate_dep_score,0.98,59906,0.33171728013454876,0.3370858847599602,0.016184277838145356
codex-l,max_candidate_dep_score,1.0,61129,0.32990176871301513,0.33484279266174394,0.014977258133547888
codex-m,max_candidate_dep_score,0.02,412,0.2928400002719854,0.30992184881492263,0.058331677800409265
codex-m,max_candidate_dep_score,0.04,824,0.2950352198875373,0.31172499017388966,0.05656873878553981
codex-m,max_candidate_dep_score,0.06,1236,0.33116491895935,0.3461736243193453,0.045320939811978045
codex-m,max_candidate_dep_score,0.08,1648,0.3139340972451688,0.32732322314134515,0.0426494796636252
codex-m,max_candidate_dep_score,0.1,2059,0.32105863057499007,0.33342481832338544,0.03851691426655779
codex-m,max_candidate_dep_score,0.12,2471,0.3279523778138094,0.3391072543647749,0.03401370840890361
codex-m,max_candidate_dep_score,0.14,2883,0.3254258480338228,0.3347498054643891,0.028651557603369016
codex-m,max_candidate_dep_score,0.16,3295,0.32776956335010793,0.3358490929766951,0.024650030173658743
codex-m,max_candidate_dep_score,0.18,3707,0.3585884902867193,0.36587821894876965,0.020328953269586725
codex-m,max_candidate_dep_score,0.2,4119,0.35779189264426015,0.3647209015979325,0.019366031193338573
codex-m,max_candidate_dep_score,0.22,4531,0.3508607461831595,0.3580604029255823,0.020519983556850585
codex-m,max_candidate_dep_score,0.24,4943,0.3554300257818817,0.3626055115795632,0.02018818129362243
codex-m,max_candidate_dep_score,0.26,5354,0.36518129533412663,0.3714168663648258,0.017075274967174536
codex-m,max_candidate_dep_score,0.28,5766,0.36686763240603704,0.3725485298243445,0.01548486951833361
codex-m,max_candidate_dep_score,0.3,6178,0.39186172150308696,0.3977937817922425,0.015138146860585344
codex-m,max_candidate_dep_score,0.32,6590,0.39801630144223316,0.4036615778627878,0.014183530674745315
codex-m,max_candidate_dep_score,0.34,7002,0.3875867626849016,0.39334016440086483,0.014844164635830381
codex-m,max_candidate_dep_score,0.36,7414,0.3761524204176579,0.3832952226978553,0.018989116891143354
codex-m,max_candidate_dep_score,0.38,7826,0.3631495423908189,0.3710095874405199,0.021644100108054065
codex-m,max_candidate_dep_score,0.4,8238,0.37848060825694274,0.38618112143446004,0.020345859231682528
codex-m,max_candidate_dep_score,0.42,8649,0.39959356597896,0.4072443850145703,0.01914650206358215
codex-m,max_candidate_dep_score,0.44,9061,0.39233494529118496,0.39959933050369423,0.018515774084609582
codex-m,max_candidate_dep_score,0.46,9473,0.37659142779660515,0.38355052624549674,0.018479173808093607
codex-m,max_candidate_dep_score,0.48,9885,0.36337919030250615,0.3702488718912074,0.018904994485188897
codex-m,max_candidate_dep_score,0.5,10297,0.3498994477246586,0.35659427083165834,0.01913356294368329
codex-m,max_candidate_dep_score,0.52,10709,0.3372978536861947,0.34372390841409173,0.01905157313534378
codex-m,max_candidate_dep_score,0.54,11121,0.3260809827740514,0.3322736774202183,0.018991278158830616
codex-m,max_candidate_dep_score,0.56,11533,0.3153343335315228,0.3213533739692636,0.019087805537480795
codex-m,max_candidate_dep_score,0.58,11945,0.3063595645586931,0.3121522189442598,0.01890802526081048
codex-m,max_candidate_dep_score,0.6,12356,0.29806560010624106,0.30368145146914255,0.018840991247899064
codex-m,max_candidate_dep_score,0.62,12768,0.3043142561948941,0.3096605555174433,0.01756834986766198
codex-m,max_candidate_dep_score,0.64,13180,0.3114855009328207,0.3165567196444227,0.01628075366723336
codex-m,max_candidate_dep_score,0.66,13592,0.31884296033704246,0.32372617664829223,0.015315427714282404
codex-m,max_candidate_dep_score,0.68,14004,0.3267740053819836,0.33149719996503124,0.014454009515005417
codex-m,max_candidate_dep_score,0.7,14416,0.3332584403010578,0.33792140262524945,0.013992030689393031
codex-m,max_candidate_dep_score,0.72,14828,0.340538250175076,0.34507270895353104,0.013315563746873593
codex-m,max_candidate_dep_score,0.74,15240,0.34704821986919493,0.3514548771995169,0.012697536186708769
codex-m,max_candidate_dep_score,0.76,15651,0.35148209396667796,0.35578643133729904,0.012246249366629547
codex-m,max_candidate_dep_score,0.78,16063,0.3551329472743002,0.3592214171204003,0.011512505042068577
codex-m,max_candidate_dep_score,0.8,16475,0.35134633575951524,0.3553596304037,0.011422617046821015
codex-m,max_candidate_dep_score,0.82,16887,0.3563361495529912,0.36024620988090195,0.010972954421873071
codex-m,max_candidate_dep_score,0.84,17299,0.359052970686301,0.36286046499972024,0.01060426907523282
codex-m,max_candidate_dep_score,0.86,17711,0.3537762520467159,0.3574951749831871,0.010512076248634372
codex-m,max_candidate_dep_score,0.88,18123,0.3488890707405285,0.35252292254453677,0.010415493372421425
codex-m,max_candidate_dep_score,0.9,18535,0.34706981510513013,0.35061317020096955,0.010209343888825773
codex-m,max_candidate_dep_score,0.92,18946,0.3472792857943191,0.35070472787428597,0.009863652167251935
codex-m,max_candidate_dep_score,0.94,19358,0.3452732899889841,0.3486039546249095,0.00964645900072858
codex-m,max_candidate_dep_score,0.96,19770,0.3444271167305562,0.3475798364782687,0.009153517811371525
codex-m,max_candidate_dep_score,0.98,20182,0.344195611162124,0.3470978845208573,0.008432046384712066
codex-m,max_candidate_dep_score,1.0,20594,0.34234153499948855,0.3449297847479118,0.0075604315685127155
hetionet,max_candidate_dep_score,0.02,9001,0.4822530831174784,0.6377441722901112,0.3224263247162167
hetionet,max_candidate_dep_score,0.04,18002,0.5289954323641728,0.6396837520518972,0.20924248663743472
hetionet,max_candidate_dep_score,0.06,27002,0.5290140322059841,0.6277806939438046,0.18669951215842873
hetionet,max_candidate_dep_score,0.08,36003,0.5458719050968175,0.6365170776412756,0.16605575721721944
hetionet,max_candidate_dep_score,0.1,45004,0.5477345765905837,0.6313833051632997,0.1527176339558367
hetionet,max_candidate_dep_score,0.12,54005,0.5489569718841155,0.6273541816353124,0.14281121065303903
hetionet,max_candidate_dep_score,0.14,63006,0.5477472112164871,0.6196714217498203,0.13130913140314737
hetionet,max_candidate_dep_score,0.16,72006,0.5483847969798183,0.6154532490001738,0.12230180776295985
hetionet,max_candidate_dep_score,0.18,81007,0.5470107831833502,0.6101594840310235,0.1154432468043447
hetionet,max_candidate_dep_score,0.2,90008,0.5487902470538328,0.6088674892200897,0.10947213892517249
hetionet,max_candidate_dep_score,0.22,99009,0.5507450678567666,0.6085598658964225,0.10497560743420387
hetionet,max_candidate_dep_score,0.24,108010,0.5518582903084368,0.607771349231137,0.1013177837583088
hetionet,max_candidate_dep_score,0.26,117010,0.551675630219594,0.6056827770709989,0.09789656075601427
hetionet,max_candidate_dep_score,0.28,126011,0.5526946089051494,0.6043623071599891,0.09348326801520623
hetionet,max_candidate_dep_score,0.3,135012,0.5520673731953502,0.6013070771828417,0.08919147621873313
hetionet,max_candidate_dep_score,0.32,144013,0.5502594334773535,0.5974594625184181,0.08577777348183724
hetionet,max_candidate_dep_score,0.34,153014,0.5490993558783922,0.5941395900628288,0.08202565474218404
hetionet,max_candidate_dep_score,0.36,162014,0.5427402193788319,0.5855560545309901,0.07888826665759385
hetionet,max_candidate_dep_score,0.38,171015,0.5394287889029973,0.5831604874785912,0.08107038310752435
hetionet,max_candidate_dep_score,0.4,180016,0.540138429629187,0.584026728905359,0.08125379878321559
hetionet,max_candidate_dep_score,0.42,189017,0.541938843199958,0.586092546729158,0.08147359076254412
hetionet,max_candidate_dep_score,0.44,198018,0.5183671802349227,0.5605183850779271,0.08131534257994799
hetionet,max_candidate_dep_score,0.46,207018,0.4968186319568913,0.5371252239982858,0.0811293889736644
hetionet,max_candidate_dep_score,0.48,216019,0.4770446045398895,0.5156968445941849,0.08102437316438271
hetionet,max_candidate_dep_score,0.5,225020,0.45977922838498453,0.4968866571036266,0.08070705770894704
hetionet,max_candidate_dep_score,0.52,234021,0.4440382465919135,0.4797360284629396,0.08039348444647287
hetionet,max_candidate_dep_score,0.54,243022,0.4295276223403056,0.46389924592666687,0.08002191663270808
hetionet,max_candidate_dep_score,0.56,252022,0.43099489705575195,0.46449723477879756,0.07773256238509907
hetionet,max_candidate_dep_score,0.58,261023,0.4393466097315344,0.4717467319778938,0.07374615287496522
hetionet,max_candidate_dep_score,0.6,270024,0.44751967639094975,0.4792627433499315,0.07093110902960897
hetionet,max_candidate_dep_score,0.62,279025,0.4545260467399858,0.4852051250867433,0.0674968542876655
hetionet,max_candidate_dep_score,0.64,288026,0.46128914092624446,0.49116682119939875,0.06476996231292476
hetionet,max_candidate_dep_score,0.66,297026,0.4672943029199674,0.4962307858639732,0.06192346613941435
hetionet,max_candidate_dep_score,0.68,306027,0.4600969967255315,0.48771417823568536,0.06002469415515166
hetionet,max_candidate_dep_score,0.7,315028,0.4483897342063648,0.4749414474884925,0.059215702895436095
hetionet,max_candidate_dep_score,0.72,324029,0.43729911681617395,0.4629007548062023,0.058544911264457156
hetionet,max_candidate_dep_score,0.74,333030,0.4269025605648873,0.4512968412591323,0.05714250264033538
hetionet,max_candidate_dep_score,0.76,342030,0.41678510332968655,0.4402456845060409,0.05628939467588534
hetionet,max_candidate_dep_score,0.78,351031,0.40722752355436287,0.4298465349958322,0.055543916197132503
hetionet,max_candidate_dep_score,0.8,360032,0.4023163653178402,0.42436858270004646,0.054813125398924356
hetionet,max_candidate_dep_score,0.82,369033,0.4022912287762014,0.42375135376183043,0.05334474989900295
hetionet,max_candidate_dep_score,0.84,378034,0.3930562352200932,0.41399621334458836,0.05327476388402741
hetionet,max_candidate_dep_score,0.86,387034,0.3858586635395389,0.4063670785462233,0.053150070076326994
hetionet,max_candidate_dep_score,0.88,396035,0.38270702169050924,0.4027455039235284,0.05235984995651344
hetionet,max_candidate_dep_score,0.9,405036,0.37922423910414943,0.39871958278803243,0.0514084852010972
hetionet,max_candidate_dep_score,0.92,414037,0.37711393224354073,0.39614080216464886,0.05045390343420286
hetionet,max_candidate_dep_score,0.94,423038,0.3731087137150487,0.39174747594994846,0.049955312084012604
hetionet,max_candidate_dep_score,0.96,432038,0.37037312062338573,0.38873658849281895,0.049580995074710366
hetionet,max_candidate_dep_score,0.98,441039,0.37371790382129266,0.3916113303139516,0.047879500312126844
hetionet,max_candidate_dep_score,1.0,450040,0.37318845483349955,0.3903218979298272,0.04591096770121639
FB15k-237,topk_rule_weight,0.02,816,0.23202525200530918,0.28495809239821235,0.22813396358984228
FB15k-237,topk_rule_weight,0.04,1633,0.20994593135654394,0.2458309578974686,0.17092508680238416
FB15k-237,topk_rule_weight,0.06,2449,0.23841632984823424,0.27116893526935953,0.13737567993758737
FB15k-237,topk_rule_weight,0.08,3266,0.26032897787201276,0.29267143086905373,0.12423685315947308
FB15k-237,topk_rule_weight,0.1,4082,0.2821253945190298,0.31285768066210123,0.10893130054975786
FB15k-237,topk_rule_weight,0.12,4898,0.3012218362161435,0.33111791790657497,0.09924938399545291
FB15k-237,topk_rule_weight,0.14,5715,0.30804164841487114,0.33517257663429945,0.08807551952484127
FB15k-237,topk_rule_weight,0.16,6531,0.30975197959592876,0.3345253197815456,0.07997798825348479
FB15k-237,topk_rule_weight,0.18,7347,0.306140441121298,0.32992038325387274,0.07767657891089508
FB15k-237,topk_rule_weight,0.2,8164,0.310218106798035,0.3326314144255201,0.07225015927931322
FB15k-237,topk_rule_weight,0.22,8980,0.31075923729710275,0.33176189044859816,0.06758496813858428
FB15k-237,topk_rule_weight,0.24,9797,0.3132708861030976,0.3324261014185959,0.06114585224876046
FB15k-237,topk_rule_weight,0.26,10613,0.3121501381058601,0.32957155463559584,0.05581101656866028
FB15k-237,topk_rule_weight,0.28,11429,0.31460921977270334,0.3314036081708019,0.05338174262735218
FB15k-237,topk_rule_weight,0.3,12246,0.31751187164037253,0.3333825751446805,0.049984598756306786
FB15k-237,topk_rule_weight,0.32,13062,0.31873405317226033,0.33403586578825323,0.04800808844771609
FB15k-237,topk_rule_weight,0.34,13878,0.32205046275756416,0.33679281780178894,0.04577653737241372
FB15k-237,topk_rule_weight,0.36,14695,0.32462729862322165,0.3385594123598295,0.04291725863997087
FB15k-237,topk_rule_weight,0.38,15511,0.3247831292185142,0.3378406035128942,0.04020367168023342
FB15k-237,topk_rule_weight,0.4,16328,0.32827771521950794,0.34051527890646865,0.03727808230533669
FB15k-237,topk_rule_weight,0.42,17144,0.3316946163116795,0.34355187117174696,0.03574750471356958
FB15k-237,topk_rule_weight,0.44,17960,0.33932366655345286,0.3506594731781993,0.033407061581897324
FB15k-237,topk_rule_weight,0.46,18777,0.34391136288397106,0.35464402056957517,0.031207627440984265
FB15k-237,topk_rule_weight,0.48,19593,0.3481565009094707,0.35858955297696876,0.029966558258267106
FB15k-237,topk_rule_weight,0.5,20410,0.3526988984592982,0.36266763261010904,0.028264148808962775
FB15k-237,topk_rule_weight,0.52,21226,0.3537939708819602,0.36325895832753485,0.026752822898535422
FB15k-237,topk_rule_weight,0.54,22042,0.35351783334238984,0.36269893296321887,0.025970683102532366
FB15k-237,topk_rule_weight,0.56,22859,0.35674940089388985,0.3653097222840825,0.02399533501315898
FB15k-237,topk_rule_weight,0.58,23675,0.3608200165268308,0.36904648453469885,0.02279936708349517
FB15k-237,topk_rule_weight,0.6,24491,0.36081850917878366,0.3685981143028643,0.021560992372001264
FB15k-237,topk_rule_weight,0.62,25308,0.36134386242183236,0.36871705471536975,0.02040491913746667
FB15k-237,topk_rule_weight,0.64,26124,0.3611863990938162,0.36817218019820214,0.019341207536918814
FB15k-237,topk_rule_weight,0.66,26941,0.3616370517992412,0.36841269686014655,0.018736036662158062
FB15k-237,topk_rule_weight,0.68,27757,0.36534009391422984,0.37191354958078265,0.017992702624355372
FB15k-237,topk_rule_weight,0.7,28573,0.36734408201698143,0.3737112906180506,0.017333091542154788
FB15k-237,topk_rule_weight,0.72,29390,0.36961429161027176,0.3757357543976728,0.01656175891016587
FB15k-237,topk_rule_weight,0.74,30206,0.36519928814330443,0.3710830383052842,0.016111066896907555
FB15k-237,topk_rule_weight,0.76,31022,0.3634499098676879,0.3691599843378053,0.01571076045168396
FB15k-237,topk_rule_weight,0.78,31839,0.36363295248666727,0.369150174030658,0.015172501574078234
FB15k-237,topk_rule_weight,0.8,32655,0.36448322341986567,0.36979604076846767,0.014576301478989917
FB15k-237,topk_rule_weight,0.82,33472,0.3629920022557772,0.36814294068062053,0.01419022566016137
FB15k-237,topk_rule_weight,0.84,34288,0.3628850183909082,0.36789011438598174,0.013792512066954421
FB15k-237,topk_rule_weight,0.86,35104,0.3632272104525978,0.3681043929008223,0.013427359811913009
FB15k-237,topk_rule_weight,0.88,35921,0.36305911437629723,0.36780038976572826,0.013059238018514163
FB15k-237,topk_rule_weight,0.9,36737,0.36094407765547937,0.3656046007345651,0.01291203642779859
FB15k-237,topk_rule_weight,0.92,37553,0.35693670110504133,0.3614031728055343,0.012513343925310005
FB15k-237,topk_rule_weight,0.94,38370,0.35420304012816173,0.358549767367266,0.012271851866464845
FB15k-237,topk_rule_weight,0.96,39186,0.3543530189851048,0.35848394309456694,0.011657651799590774
FB15k-237,topk_rule_weight,0.98,40003,0.3541656882049175,0.3579638273793556,0.010724187296880405
FB15k-237,topk_rule_weight,1.0,40819,0.35281198551723697,0.3560530550713822,0.009186393000208515
KG20C,topk_rule_weight,0.02,149,0.18918701652881514,0.25461139909846264,0.34581856498425556
KG20C,topk_rule_weight,0.04,298,0.15618642117486572,0.2055692033611611,0.3161784604245885
KG20C,topk_rule_weight,0.06,447,0.16989194755033904,0.20447179652324352,0.20354024703059248
KG20C,topk_rule_weight,0.08,596,0.16669740676706635,0.20286562612167774,0.2169692981796103
KG20C,topk_rule_weight,0.1,745,0.15130406006657587,0.18198034058778387,0.20274591777451323
KG20C,topk_rule_weight,0.12,894,0.1544200380707252,0.1865644687069936,0.20816230223661836
KG20C,topk_rule_weight,0.14,1043,0.16115205583298084,0.19074342740694886,0.18362391606494133
KG20C,topk_rule_weight,0.16,1192,0.16710714724961523,0.19655490997966987,0.1762208452165559
KG20C,topk_rule_weight,0.18,1341,0.16607124147341387,0.19591308269088697,0.17969300977526825
KG20C,topk_rule_weight,0.2,1490,0.16666763190106834,0.19469537110205543,0.1681654612913921
KG20C,topk_rule_weight,0.22,1639,0.17423651602070608,0.20217753983940995,0.1603626177613846
KG20C,topk_rule_weight,0.24,1788,0.17467364306425273,0.20221906021799751,0.15769647137669396
KG20C,topk_rule_weight,0.26,1936,0.16767149090043587,0.19388220602819523,0.1563218349583555
KG20C,topk_rule_weight,0.28,2085,0.1708964688876356,0.1958622921255742,0.14608741421306748
KG20C,topk_rule_weight,0.3,2234,0.17217070407218157,0.19630095728546654,0.14015307275021938
KG20C,topk_rule_weight,0.32,2383,0.17547985996388848,0.1987204550700686,0.13244024192270687
KG20C,topk_rule_weight,0.34,2532,0.1823626119836937,0.20474974448789557,0.12276163551662478
KG20C,topk_rule_weight,0.36,2681,0.18344040618711221,0.20549533052617056,0.12022936929479955
KG20C,topk_rule_weight,0.38,2830,0.1892772725405542,0.21153792054943069,0.1176086685426374
KG20C,topk_rule_weight,0.4,2979,0.18844755891896656,0.20946072281281627,0.11150669191149087
KG20C,topk_rule_weight,0.42,3128,0.18819055829873663,0.20811356476969686,0.10586613192004113
KG20C,topk_rule_weight,0.44,3277,0.1884565007231073,0.2082523454396018,0.10504198390895447
KG20C,topk_rule_weight,0.46,3426,0.18470899575776095,0.2041372303125346,0.10518293640799747
KG20C,topk_rule_weight,0.48,3575,0.18619889763646338,0.2046729804247169,0.09921692890106426
KG20C,topk_rule_weight,0.5,3724,0.18642340806670313,0.20389737231724944,0.09373267247798656
KG20C,topk_rule_weight,0.52,3873,0.19744356222697457,0.21458655209430896,0.08682475981479398
KG20C,topk_rule_weight,0.54,4022,0.1971656117595827,0.21354431412917257,0.08307078614480479
KG20C,topk_rule_weight,0.56,4171,0.19693944165731214,0.2129834123589416,0.08146651867505073
KG20C,topk_rule_weight,0.58,4320,0.19841425450396463,0.21394499577805326,0.07827432213938179
KG20C,topk_rule_weight,0.6,4469,0.19474841981507038,0.20964318746130145,0.07648209757170243
KG20C,topk_rule_weight,0.62,4618,0.2018530519419623,0.21620284757186806,0.07109030798321392
KG20C,topk_rule_weight,0.64,4767,0.20929975407656606,0.22314307349088128,0.06614111648335252
KG20C,topk_rule_weight,0.66,4916,0.20999292209691703,0.22339069914295523,0.06380108868552625
KG20C,topk_rule_weight,0.68,5065,0.21213208583522736,0.22524435318133973,0.06181180604756453
KG20C,topk_rule_weight,0.7,5214,0.2114468498531734,0.2242945423276089,0.060760860156378715
KG20C,topk_rule_weight,0.72,5363,0.21363462425798058,0.2262531492798523,0.05906591717377174
KG20C,topk_rule_weight,0.74,5512,0.2167654263677113,0.22900873776471445,0.056481845846736434
KG20C,topk_rule_weight,0.76,5660,0.22675090060131767,0.23837281601936655,0.051254109188668684
KG20C,topk_rule_weight,0.78,5809,0.2281429699456893,0.23969902739190263,0.05065270014221479
KG20C,topk_rule_weight,0.8,5958,0.23094344729158806,0.24201480533381642,0.047939693340810496
KG20C,topk_rule_weight,0.82,6107,0.22929934842346783,0.23996781801985512,0.04652638426466371
KG20C,topk_rule_weight,0.84,6256,0.2274040924100306,0.2378120722967282,0.04576865691551002
KG20C,topk_rule_weight,0.86,6405,0.22596197173312343,0.23597078679628702,0.044294245559977075
KG20C,topk_rule_weight,0.88,6554,0.22604472515247404,0.23560843145707286,0.04230891164634709
KG20C,topk_rule_weight,0.9,6703,0.22693150077938792,0.23621101209129564,0.040891243745524886
KG20C,topk_rule_weight,0.92,6852,0.22874171168352195,0.2378415927741747,0.039782342379438784
KG20C,topk_rule_weight,0.94,7001,0.22747290707310902,0.23617616730955138,0.03826064540356522
KG20C,topk_rule_weight,0.96,7150,0.22754724719135108,0.23595668463963382,0.0369568850077584
KG20C,topk_rule_weight,0.98,7299,0.22625338635342426,0.23430071600397015,0.03556777549386769
KG20C,topk_rule_weight,1.0,7448,0.22638074035722044,0.23398674950607826,0.033598304947920044
WN18RR,topk_rule_weight,0.02,121,0.39970662214171215,0.42330138792999955,0.05903020986207763
WN18RR,topk_rule_weight,0.04,242,0.31534721726793713,0.33189697124358686,0.052481052850350984
WN18RR,topk_rule_weight,0.06,363,0.28538686914466777,0.298730769255812,0.04675723221302075
WN18RR,topk_rule_weight,0.08,484,0.24577521147575745,0.25911122739286413,0.05426102916169029
WN18RR,topk_rule_weight,0.1,606,0.29838069542382856,0.31212460152704946,0.046061646460400674
WN18RR,topk_rule_weight,0.12,727,0.3067262981310269,0.31897209297194773,0.03992417642549073
WN18RR,topk_rule_weight,0.14,848,0.306136977779301,0.3175925158684389,0.03741964846009682
WN18RR,topk_rule_weight,0.16,969,0.31802625707833343,0.3300080450308238,0.03767546762511231
WN18RR,topk_rule_weight,0.18,1090,0.33182399874252017,0.3435144101231537,0.035230759152247826
WN18RR,topk_rule_weight,0.2,1211,0.3388868008718987,0.34986487340312017,0.03239451198151344
WN18RR,topk_rule_weight,0.22,1332,0.34629937289348195,0.35652820100728505,0.02953752999416892
WN18RR,topk_rule_weight,0.24,1453,0.347326114829087,0.3570751933250466,0.02806894753870437
WN18RR,topk_rule_weight,0.26,1574,0.3351599258890929,0.3443633100992974,0.027459679691091532
WN18RR,topk_rule_weight,0.28,1695,0.3217157209044025,0.3304957181971343,0.0272911664622717
WN18RR,topk_rule_weight,0.3,1816,0.3137454853690245,0.3221621600368433,0.026826440730833623
WN18RR,topk_rule_weight,0.32,1938,0.3077798364153964,0.3157506050759978,0.025897631090568307
WN18RR,topk_rule_weight,0.34,2059,0.2981890573181136,0.3058163194667022,0.02557861182830612
WN18RR,topk_rule_weight,0.36,2180,0.2999999567340175,0.30736167184311297,0.024539053902672414
WN18RR,topk_rule_weight,0.38,2301,0.2931588212392061,0.30020349421041087,0.02403022682867384
WN18RR,topk_rule_weight,0.4,2422,0.29124069345906795,0.2980496216743329,0.023379041350284124
WN18RR,topk_rule_weight,0.42,2543,0.2863217470864906,0.2928600828871582,0.022835624143815236
WN18RR,topk_rule_weight,0.44,2664,0.28423224146365195,0.2905625739758636,0.022271690500745622
WN18RR,topk_rule_weight,0.46,2785,0.27859225673630755,0.28473615110083106,0.022053356530791213
WN18RR,topk_rule_weight,0.48,2906,0.2703947717180743,0.27630679202641406,0.02186440318640437
WN18RR,topk_rule_weight,0.5,3028,0.26592784800840014,0.27165764571161644,0.021546437299170274
WN18RR,topk_rule_weight,0.52,3149,0.26151202933278755,0.26703506861262133,0.021119637570497396
WN18RR,topk_rule_weight,0.54,3270,0.2545269059470071,0.2598632802698629,0.020965855468210615
WN18RR,topk_rule_weight,0.56,3391,0.25507952638547354,0.2603303162437545,0.020584912998254712
WN18RR,topk_rule_weight,0.58,3512,0.2681512482725813,0.27330750929423486,0.019228927908670812
WN18RR,topk_rule_weight,0.6,3633,0.27695867765412474,0.2818127449233816,0.01752632309762392
WN18RR,topk_rule_weight,0.62,3754,0.2984702759881402,0.30316803831844574,0.015739464557241956
WN18RR,topk_rule_weight,0.64,3875,0.3157092250200861,0.32028302862360497,0.014487392958593137
WN18RR,topk_rule_weight,0.66,3996,0.33041979783922515,0.33489328760314485,0.013538806673129233
WN18RR,topk_rule_weight,0.68,4117,0.3478787705111308,0.3522221831544585,0.012485420242649647
WN18RR,topk_rule_weight,0.7,4238,0.3624713740930696,0.3667006050896551,0.011667765508841299
WN18RR,topk_rule_weight,0.72,4360,0.37850238861485846,0.38254239334113865,0.010673657149337101
WN18RR,topk_rule_weight,0.74,4481,0.39527936991927753,0.39921028279733634,0.00994464466704037
WN18RR,topk_rule_weight,0.76,4602,0.4111727754257996,0.4150003331412671,0.009308879245479629
WN18RR,topk_rule_weight,0.78,4723,0.4261107755163647,0.4298402738450926,0.008752414965822908
WN18RR,topk_rule_weight,0.8,4844,0.4404401398961793,0.44407647775880976,0.008256145462780973
WN18RR,topk_rule_weight,0.82,4965,0.4533138356199044,0.45686155376825915,0.007826185458255974
WN18RR,topk_rule_weight,0.84,5086,0.46576496604122836,0.4692211888206366,0.007420529733664694
WN18RR,topk_rule_weight,0.86,5207,0.4781729883315831,0.48154889558260494,0.00706001245030774
WN18RR,topk_rule_weight,0.88,5328,0.4900185937717702,0.49331783345947106,0.006732886730493215
WN18RR,topk_rule_weight,0.9,5450,0.5014285312053,0.5046539163532028,0.00643239254884409
WN18RR,topk_rule_weight,0.92,5571,0.5122515517863784,0.5154068827962636,0.006159729529137792
WN18RR,topk_rule_weight,0.94,5692,0.5206476496248463,0.523736028328617,0.005931801874061948
WN18RR,topk_rule_weight,0.96,5813,0.5194922463783588,0.5223624494379635,0.005525016166486374
WN18RR,topk_rule_weight,0.98,5934,0.5155570430845431,0.5179602014341906,0.0046612850738487754
WN18RR,topk_rule_weight,1.0,6055,0.5112021246888967,0.5133269561687425,0.004156538827257084
YAGO3-10,topk_rule_weight,0.02,200,0.5254340277471387,0.6275175534104777,0.1942841922534677
YAGO3-10,topk_rule_weight,0.04,399,0.4795910770059538,0.5625121608881698,0.1728995551791439
YAGO3-10,topk_rule_weight,0.06,598,0.49853638474919126,0.5823078343897815,0.16803477580224135
YAGO3-10,topk_rule_weight,0.08,798,0.5386383558117679,0.613550301880412,0.13907651629402862
YAGO3-10,topk_rule_weight,0.1,998,0.5760103190305056,0.6503116244072347,0.1289930109269346
YAGO3-10,topk_rule_weight,0.12,1197,0.594959453230218,0.6630820110653985,0.11449949650404267
YAGO3-10,topk_rule_weight,0.14,1397,0.5962674986819902,0.6688182713745003,0.12167487386597253
YAGO3-10,topk_rule_weight,0.16,1596,0.5874731453993701,0.6617380421219135,0.12641411323075435
YAGO3-10,topk_rule_weight,0.18,1796,0.5784091879405435,0.6517024307316731,0.12671521185908907
YAGO3-10,topk_rule_weight,0.2,1995,0.5731261941780306,0.6465614305046564,0.12813100687527568
YAGO3-10,topk_rule_weight,0.22,2194,0.5631966084581206,0.6345523514295552,0.12669774977300974
YAGO3-10,topk_rule_weight,0.24,2394,0.5688470987509848,0.6371613006908141,0.12009237999073297
YAGO3-10,topk_rule_weight,0.26,2594,0.5662835247481014,0.6337693734406787,0.11917325110702626
YAGO3-10,topk_rule_weight,0.28,2793,0.5646068563289273,0.6302732501822221,0.11630463413118575
YAGO3-10,topk_rule_weight,0.3,2992,0.5611744572860907,0.6244852189864415,0.11281832392466584
YAGO3-10,topk_rule_weight,0.32,3192,0.5516718156998984,0.6118982846941993,0.1091708281632846
YAGO3-10,topk_rule_weight,0.34,3392,0.5454150802550947,0.6027845591999357,0.1051849885008842
YAGO3-10,topk_rule_weight,0.36,3591,0.5397804083724104,0.5949352772755461,0.10218019781311272
YAGO3-10,topk_rule_weight,0.38,3790,0.5361292282932612,0.5889815207827744,0.09858125560094111
YAGO3-10,topk_rule_weight,0.4,3990,0.5311202130089211,0.5813359833141658,0.09454690120106801
YAGO3-10,topk_rule_weight,0.42,4190,0.5293128725006858,0.5774775822139758,0.09099478251065518
YAGO3-10,topk_rule_weight,0.44,4389,0.53289453162961,0.5790311946665421,0.08657747508844671
YAGO3-10,topk_rule_weight,0.46,4588,0.5341668542820983,0.5794900906316636,0.08484846258474454
YAGO3-10,topk_rule_weight,0.48,4788,0.5301667348111742,0.5741815186002136,0.08302064407099374
YAGO3-10,topk_rule_weight,0.5,4988,0.5291271725248582,0.5712520932629441,0.07961209124278512
YAGO3-10,topk_rule_weight,0.52,5187,0.5306012628412073,0.5713093148903665,0.07672060905241729
YAGO3-10,topk_rule_weight,0.54,5386,0.5333729563353229,0.5726653320720118,0.07366773150003203
YAGO3-10,topk_rule_weight,0.56,5586,0.5360377030781915,0.5741996752222004,0.07119270141794898
YAGO3-10,topk_rule_weight,0.58,5786,0.5362232075386129,0.5730913607961992,0.06875523613910617
YAGO3-10,topk_rule_weight,0.6,5985,0.5403476305562941,0.5762124309902201,0.0663735684322384
YAGO3-10,topk_rule_weight,0.62,6184,0.544260327232807,0.5789602582330033,0.06375612783798124
YAGO3-10,topk_rule_weight,0.64,6384,0.5498292539029837,0.5835642225753693,0.06135535429029426
YAGO3-10,topk_rule_weight,0.66,6584,0.5554862488869652,0.5885191006438952,0.059466551733941886
YAGO3-10,topk_rule_weight,0.68,6783,0.5620653871553678,0.5942917888737543,0.0573356809631802
YAGO3-10,topk_rule_weight,0.7,6982,0.5681059453591759,0.599340288088257,0.05497978499297984
YAGO3-10,topk_rule_weight,0.72,7182,0.5742825686787791,0.6045391469353639,0.05268587261179536
YAGO3-10,topk_rule_weight,0.74,7382,0.5789137529527868,0.6083403716457684,0.05083074731406745
YAGO3-10,topk_rule_weight,0.76,7581,0.582121776205078,0.6107779466190465,0.04922710605464986
YAGO3-10,topk_rule_weight,0.78,7780,0.5835758942259317,0.6113203584008804,0.04754216966372393
YAGO3-10,topk_rule_weight,0.8,7980,0.5819527440005025,0.6091147570306762,0.04667391521080333
YAGO3-10,topk_rule_weight,0.82,8179,0.5863936764425176,0.6126618794344354,0.044796190762627974
YAGO3-10,topk_rule_weight,0.84,8379,0.5864417017190235,0.6120688244943945,0.04369935272380987
YAGO3-10,topk_rule_weight,0.86,8578,0.5847667138336228,0.6094644014071197,0.04223511186466711
YAGO3-10,topk_rule_weight,0.88,8778,0.5838804358960973,0.6077399418512901,0.04086368456339007
YAGO3-10,topk_rule_weight,0.9,8978,0.5755434057686112,0.5988573263167296,0.04050766686655671
YAGO3-10,topk_rule_weight,0.92,9177,0.5638652856054047,0.5866719637317548,0.04044703355317081
YAGO3-10,topk_rule_weight,0.94,9376,0.5609157681304378,0.5830566546627899,0.03947274758587893
YAGO3-10,topk_rule_weight,0.96,9576,0.560607988649339,0.5817716760066396,0.03775131247824315
YAGO3-10,topk_rule_weight,0.98,9776,0.5622926815789341,0.5824150134778231,0.03578622407530707
YAGO3-10,topk_rule_weight,1.0,9975,0.5616723217905851,0.5802260659200453,0.033033039745151926
codex-l,topk_rule_weight,0.02,1223,0.2852026466924584,0.3478353000157286,0.2196075458963349
codex-l,topk_rule_weight,0.04,2445,0.33446952770223015,0.3808396014311643,0.13863766319010162
codex-l,topk_rule_weight,0.06,3668,0.33694637679720774,0.3746752690709372,0.11197298701459757
codex-l,topk_rule_weight,0.08,4890,0.33915532043543145,0.37137768178774977,0.09500768353257438
codex-l,topk_rule_weight,0.1,6113,0.3330536245346836,0.3619185564986903,0.08666752089647578
codex-l,topk_rule_weight,0.12,7335,0.3353350530047163,0.362300462713526,0.08041333426729613
codex-l,topk_rule_weight,0.14,8558,0.3481336647012626,0.37392129059536744,0.07407392191224438
codex-l,topk_rule_weight,0.16,9781,0.3589689940521317,0.3828306489925135,0.06647274649274171
codex-l,topk_rule_weight,0.18,11003,0.34323785282276653,0.3648710437069244,0.06302682150656724
codex-l,topk_rule_weight,0.2,12226,0.33547520999860225,0.35540559117406956,0.05940940069923606
codex-l,topk_rule_weight,0.22,13448,0.3398549601153368,0.35846675012559737,0.05476392047932532
codex-l,topk_rule_weight,0.24,14671,0.33528131319049836,0.35310379191854196,0.053156791109074675
codex-l,topk_rule_weight,0.26,15894,0.33071042458393035,0.3484009510911958,0.05349249733969552
codex-l,topk_rule_weight,0.28,17116,0.3424205067692911,0.3600941635723812,0.05161389710516939
codex-l,topk_rule_weight,0.3,18339,0.35030397081967535,0.3677340687377599,0.04975706634812016
codex-l,topk_rule_weight,0.32,19561,0.3549924238326673,0.37168096942509105,0.04701099086072391
codex-l,topk_rule_weight,0.34,20784,0.36374707226733055,0.3797538000685107,0.04400510415494496
codex-l,topk_rule_weight,0.36,22006,0.37135584817218004,0.3868720404402885,0.04178254454448327
codex-l,topk_rule_weight,0.38,23229,0.37740263079303144,0.3921135479918574,0.038979371097424664
codex-l,topk_rule_weight,0.4,24452,0.3811656558540184,0.3953480348159312,0.037207914050221946
codex-l,topk_rule_weight,0.42,25674,0.3822085365325647,0.39589024526702127,0.03579644991338604
codex-l,topk_rule_weight,0.44,26897,0.38356727638821836,0.3969495976379775,0.03488911091626745
codex-l,topk_rule_weight,0.46,28119,0.3830742200697253,0.3960871671092186,0.03396978015676644
codex-l,topk_rule_weight,0.48,29342,0.3805061978158728,0.39300510852290377,0.03284811332581561
codex-l,topk_rule_weight,0.5,30564,0.38451951968314624,0.39669917960661166,0.03167501076018664
codex-l,topk_rule_weight,0.52,31787,0.3815566779158008,0.39331439494843434,0.03081512580741186
codex-l,topk_rule_weight,0.54,33010,0.38200612862962435,0.39356031334229596,0.03024607158560544
codex-l,topk_rule_weight,0.56,34232,0.3808760235554658,0.39199658578072943,0.029197328100240005
codex-l,topk_rule_weight,0.58,35455,0.3784838594638656,0.3892566073457378,0.028462899044445766
codex-l,topk_rule_weight,0.6,36677,0.3777466154208291,0.3881495938559961,0.027539567557945066
codex-l,topk_rule_weight,0.62,37900,0.3749524545357262,0.3851308186211026,0.027145745979925584
codex-l,topk_rule_weight,0.64,39123,0.3725126467721079,0.38234741523270827,0.02640116663372516
codex-l,topk_rule_weight,0.66,40345,0.3717170177311117,0.3812992996174813,0.02577843205796171
codex-l,topk_rule_weight,0.68,41568,0.3687533325955202,0.37814495487616295,0.025468576011336896
codex-l,topk_rule_weight,0.7,42790,0.36847584131332417,0.3775824715226353,0.024714320962951675
codex-l,topk_rule_weight,0.72,44013,0.3657949164320205,0.37466699587498564,0.02425424478148508
codex-l,topk_rule_weight,0.74,45235,0.3601347983138773,0.3687633392849001,0.023959198087552203
codex-l,topk_rule_weight,0.76,46458,0.3598793199864379,0.3681909236854776,0.023095530188711466
codex-l,topk_rule_weight,0.78,47681,0.3561704299759661,0.3642001525440406,0.022544607559410013
codex-l,topk_rule_weight,0.8,48903,0.3559286175702506,0.3636667074027537,0.021740566648805082
codex-l,topk_rule_weight,0.82,50126,0.3516656875270955,0.35917286469206694,0.021347482655364347
codex-l,topk_rule_weight,0.84,51348,0.34932296848797695,0.3564437291136989,0.020384461567310552
codex-l,topk_rule_weight,0.86,52571,0.3454952777220885,0.3523645374937848,0.019882355026634713
codex-l,topk_rule_weight,0.88,53794,0.3468974432602454,0.35346298556212447,0.01892646495221806
codex-l,topk_rule_weight,0.9,55016,0.3453746930762934,0.351749129198692,0.018456581359857838
codex-l,topk_rule_weight,0.92,56239,0.3413466578203991,0.3475468272144079,0.018163849716879454
codex-l,topk_rule_weight,0.94,57461,0.3426346031144848,0.3485711904151063,0.017326292343677663
codex-l,topk_rule_weight,0.96,58684,0.33684806637604964,0.3426081415234989,0.017099920475775576
codex-l,topk_rule_weight,0.98,59906,0.33539177385294205,0.3407424509965956,0.015953513355994486
codex-l,topk_rule_weight,1.0,61129,0.32990176871301513,0.334842792661744,0.014977258133547888
codex-m,topk_rule_weight,0.02,412,0.10956761934669167,0.15607904281152196,0.4244997175457448
codex-m,topk_rule_weight,0.04,824,0.2065149224406167,0.24300144743957613,0.1766774263465205
codex-m,topk_rule_weight,0.06,1236,0.23781315455104937,0.2679747305757744,0.12682887993166303
codex-m,topk_rule_weight,0.08,1648,0.25284667523014154,0.27798010985368554,0.09940187902675612
codex-m,topk_rule_weight,0.1,2059,0.2620490050858713,0.28515448556005224,0.08817236480867185
codex-m,topk_rule_weight,0.12,2471,0.25702726636338985,0.2774267516958957,0.07936700888249226
codex-m,topk_rule_weight,0.14,2883,0.25556818178412577,0.2747135715967199,0.07491304151768752
codex-m,topk_rule_weight,0.16,3295,0.2599125933071158,0.2774690877138208,0.06754768664079314
codex-m,topk_rule_weight,0.18,3707,0.27006776261302845,0.2863232127276155,0.06019026468508559
codex-m,topk_rule_weight,0.2,4119,0.2608250738018349,0.27558372000796594,0.05658446096077441
codex-m,topk_rule_weight,0.22,4531,0.2690133112548138,0.282447225570065,0.049937730785843515
codex-m,topk_rule_weight,0.24,4943,0.2680746151374893,0.2811422133545174,0.04874612320277327
codex-m,topk_rule_weight,0.26,5354,0.2686827722529677,0.28093613976455567,0.04560533378765075
codex-m,topk_rule_weight,0.28,5766,0.26586076566035044,0.27739896600157415,0.04339940988496327
codex-m,topk_rule_weight,0.3,6178,0.27033380709172466,0.28121318160811465,0.04024422484716683
codex-m,topk_rule_weight,0.32,6590,0.2885242058691859,0.2989562081588548,0.03615641972999195
codex-m,topk_rule_weight,0.34,7002,0.2926109531304664,0.30267651091922715,0.03439911486933567
codex-m,topk_rule_weight,0.36,7414,0.299465267991282,0.3091400905654994,0.03230699385979907
codex-m,topk_rule_weight,0.38,7826,0.3094147271174607,0.31854971939827703,0.02952345664318834
codex-m,topk_rule_weight,0.4,8238,0.31913084956636506,0.32812340549701263,0.02817827215033164
codex-m,topk_rule_weight,0.42,8649,0.3100411771833329,0.3186897189107498,0.02789481644337477
codex-m,topk_rule_weight,0.44,9061,0.3108426014234359,0.3191493050326578,0.02672318263707485
codex-m,topk_rule_weight,0.46,9473,0.3172170080371611,0.32521633505442915,0.02521720719442322
codex-m,topk_rule_weight,0.48,9885,0.3151142554747609,0.3228005171565806,0.02439198337834414
codex-m,topk_rule_weight,0.5,10297,0.3181005889161297,0.3254784015812493,0.02319333230491072
codex-m,topk_rule_weight,0.52,10709,0.32172810955437653,0.32895525057110625,0.022463505059411748
codex-m,topk_rule_weight,0.54,11121,0.3189738209695822,0.32593726965625514,0.021830784311722473
codex-m,topk_rule_weight,0.56,11533,0.3210980284101293,0.32783805515176573,0.020990557852406333
codex-m,topk_rule_weight,0.58,11945,0.32316306533994027,0.32963010645675656,0.020011696293366743
codex-m,topk_rule_weight,0.6,12356,0.31899851773798094,0.32530570530581526,0.019771839733170538
codex-m,topk_rule_weight,0.62,12768,0.3261781210043502,0.3320582602865983,0.018027387196119404
codex-m,topk_rule_weight,0.64,13180,0.32494860994164326,0.3305964319371992,0.017380662119373946
codex-m,topk_rule_weight,0.66,13592,0.327890064853493,0.3332576354761533,0.016370031294051568
codex-m,topk_rule_weight,0.68,14004,0.33066823056120676,0.33586234442086094,0.015707931332982206
codex-m,topk_rule_weight,0.7,14416,0.3328814485583289,0.33791945749480884,0.015134544019496987
codex-m,topk_rule_weight,0.72,14828,0.33453766720973854,0.3394240498519311,0.01460637506965412
codex-m,topk_rule_weight,0.74,15240,0.33335330899814325,0.33808929479244054,0.014207105993730096
codex-m,topk_rule_weight,0.76,15651,0.33539742870349626,0.3399729697800981,0.013642147151482265
codex-m,topk_rule_weight,0.78,16063,0.33544280462576603,0.33990598051469423,0.013305326056725297
codex-m,topk_rule_weight,0.8,16475,0.33368928734242737,0.3380442268853343,0.013050882087317195
codex-m,topk_rule_weight,0.82,16887,0.33540069830964725,0.3396071766712572,0.012541650577383434
codex-m,topk_rule_weight,0.84,17299,0.33506482698341944,0.3391322470565836,0.012139203358893402
codex-m,topk_rule_weight,0.86,17711,0.334451682164318,0.33842469947825304,0.011879196684629223
codex-m,topk_rule_weight,0.88,18123,0.33809626506563273,0.3419714893756824,0.011461896242176417
codex-m,topk_rule_weight,0.9,18535,0.3391305337418254,0.3428502627138181,0.010968428383462792
codex-m,topk_rule_weight,0.92,18946,0.34160966753736155,0.34521987761766554,0.010568231591130628
codex-m,topk_rule_weight,0.94,19358,0.34352623023263157,0.34693007243363994,0.009908536529229073
codex-m,topk_rule_weight,0.96,19770,0.34270199371683596,0.34590313772758946,0.009340896958418332
codex-m,topk_rule_weight,0.98,20182,0.34330939908621794,0.34640571087061217,0.009019012566028328
codex-m,topk_rule_weight,1.0,20594,0.3423415349994885,0.3449297847479118,0.0075604315685129375
hetionet,topk_rule_weight,0.02,9001,0.5129895829916086,0.6383396647455429,0.24435209975011296
hetionet,topk_rule_weight,0.04,18002,0.5391034529227554,0.6370139898628466,0.1816173434046251
hetionet,topk_rule_weight,0.06,27002,0.5764558187672554,0.6574124450158386,0.14043856200759341
hetionet,topk_rule_weight,0.08,36003,0.5845582684159552,0.6586414327687475,0.12673358389668166
hetionet,topk_rule_weight,0.1,45004,0.5833999563462826,0.6503838462886553,0.11481641233208073
hetionet,topk_rule_weight,0.12,54005,0.5839265714607923,0.647800726335264,0.10938730654897166
hetionet,topk_rule_weight,0.14,63006,0.5866111746998486,0.6489619559048777,0.10628979449109899
hetionet,topk_rule_weight,0.16,72006,0.5734869869646633,0.6315797212207686,0.10129738874037408
hetionet,topk_rule_weight,0.18,81007,0.5720901607048855,0.6268739490334921,0.09576075956472718
hetionet,topk_rule_weight,0.2,90008,0.5708026184576437,0.6232649795038223,0.09190981146501453
hetionet,topk_rule_weight,0.22,99009,0.5721695421898165,0.6223388873720499,0.08768265607117853
hetionet,topk_rule_weight,0.24,108010,0.5743596706881076,0.6228555491473481,0.08443468602372506
hetionet,topk_rule_weight,0.26,117010,0.5756171061810954,0.6223786612566592,0.08123725749882782
hetionet,topk_rule_weight,0.28,126011,0.5767399050349139,0.6219064944861421,0.07831361946160809
hetionet,topk_rule_weight,0.3,135012,0.5756387133478371,0.6194720448218527,0.07614729596466296
hetionet,topk_rule_weight,0.32,144013,0.5757810383219553,0.6177640270664803,0.07291485121996955
hetionet,topk_rule_weight,0.34,153014,0.5766126307811221,0.6167947105924161,0.06968643707450584
hetionet,topk_rule_weight,0.36,162014,0.5771436923053967,0.6160235924691431,0.06736606616705942
hetionet,topk_rule_weight,0.38,171015,0.5731862370235477,0.6104920727652012,0.06508501658270105
hetionet,topk_rule_weight,0.4,180016,0.5729077841485793,0.6090314027697412,0.06305311189801088
hetionet,topk_rule_weight,0.42,189017,0.5718967809936332,0.607212947105244,0.061752692592973224
hetionet,topk_rule_weight,0.44,198018,0.5705641442894074,0.6045127825945941,0.059500125700094664
hetionet,topk_rule_weight,0.46,207018,0.5646511052322513,0.5979216462609575,0.05892229860246423
hetionet,topk_rule_weight,0.48,216019,0.5610681609442256,0.5934447306248439,0.05770523429119834
hetionet,topk_rule_weight,0.5,225020,0.554670183987346,0.5860623422257286,0.05659608023765483
hetionet,topk_rule_weight,0.52,234021,0.5445727334331901,0.5751978295578307,0.05623692528924207
hetionet,topk_rule_weight,0.54,243022,0.5372682445152578,0.5671877946919814,0.05568829068562975
hetionet,topk_rule_weight,0.56,252022,0.5272015099287077,0.5565445896204447,0.05565818598604744
hetionet,topk_rule_weight,0.58,261023,0.5169065816093484,0.5456995443331304,0.05570244943319791
hetionet,topk_rule_weight,0.6,270024,0.5096670576744371,0.5376327917642737,0.05487059379007464
hetionet,topk_rule_weight,0.62,279025,0.5000244840361244,0.5274292831908352,0.054806914520471484
hetionet,topk_rule_weight,0.64,288026,0.49207177780817996,0.5190584200580992,0.05484289785958674
hetionet,topk_rule_weight,0.66,297026,0.4839727714387619,0.510493404463356,0.0547977791100791
hetionet,topk_rule_weight,0.68,306027,0.4756150179828255,0.5016561851419388,0.05475261750471816
hetionet,topk_rule_weight,0.7,315028,0.4676263112291277,0.4932318964525977,0.054756510933200664
hetionet,topk_rule_weight,0.72,324029,0.4612673410170043,0.4863487064541069,0.05437489977461474
hetionet,topk_rule_weight,0.74,333030,0.4532057738007134,0.47778972320779767,0.054244563569691984
hetionet,topk_rule_weight,0.76,342030,0.44575161618236075,0.46982825962696645,0.05401358642467757
hetionet,topk_rule_weight,0.78,351031,0.4381407214864796,0.4617800977505261,0.05395384428967298
hetionet,topk_rule_weight,0.8,360032,0.4312506619661207,0.45439790966589794,0.05367469488451637
hetionet,topk_rule_weight,0.82,369033,0.42525646201012474,0.44798903703753334,0.05345615424620487
hetionet,topk_rule_weight,0.84,378034,0.41869556777251876,0.4410451095601821,0.0533789786850718
hetionet,topk_rule_weight,0.86,387034,0.41191240178740574,0.43368309545575173,0.05285272687560938
hetionet,topk_rule_weight,0.88,396035,0.4067130559863395,0.4279705349654888,0.05226652714060731
hetionet,topk_rule_weight,0.9,405036,0.4005862841679802,0.42137512927531695,0.051896048189755906
hetionet,topk_rule_weight,0.92,414037,0.393982809264151,0.41408821635546483,0.05103117856554462
hetionet,topk_rule_weight,0.94,423038,0.3877941149109623,0.4072688828717811,0.0502193489070617
hetionet,topk_rule_weight,0.96,432038,0.38222948664460216,0.40106191267901303,0.04926994565419629
hetionet,topk_rule_weight,0.98,441039,0.37711605903331125,0.39532070384928664,0.04827332164702991
hetionet,topk_rule_weight,1.0,450040,0.3731884548334996,0.3903218979298272,0.045910967701216165
FB15k-237,effective_candidates,0.02,816,0.23412106879679764,0.29063911369826145,0.24140520625470874
FB15k-237,effective_candidates,0.04,1633,0.27720741989036424,0.32574295060623304,0.1750874155355029
FB15k-237,effective_candidates,0.06,2449,0.3052456506191687,0.34812108424109955,0.14046206239126136
FB15k-237,effective_candidates,0.08,3266,0.3107532970689233,0.3489945653608461,0.1230598955911999
FB15k-237,effective_candidates,0.1,4082,0.3168256814239926,0.35104220485960125,0.10799794789936334
FB15k-237,effective_candidates,0.12,4898,0.3269962684993079,0.357705783807929,0.09391396253405904
FB15k-237,effective_candidates,0.14,5715,0.32771853237401355,0.354901321790472,0.08294553627939383
FB15k-237,effective_candidates,0.16,6531,0.32753423129933223,0.35210986623584667,0.0750322640751857
FB15k-237,effective_candidates,0.18,7347,0.3235436946224846,0.34606411800542514,0.06960550849002844
FB15k-237,effective_candidates,0.2,8164,0.3180590261622691,0.3387644093997454,0.0650991845359945
FB15k-237,effective_candidates,0.22,8980,0.32081618387381644,0.3399494438518902,0.05963932288901996
FB15k-237,effective_candidates,0.24,9797,0.3192192610014731,0.33750864565293776,0.057294113751426456
FB15k-237,effective_candidates,0.26,10613,0.3248169626246934,0.3421734652111513,0.053434717344217786
FB15k-237,effective_candidates,0.28,11429,0.3273642217883629,0.343978736797084,0.05075238496729262
FB15k-237,effective_candidates,0.3,12246,0.321264724267264,0.3372065369771433,0.049622045328005404
FB15k-237,effective_candidates,0.32,13062,0.32188040819612396,0.3373615475755287,0.048095935587269434
FB15k-237,effective_candidates,0.34,13878,0.3222759159304558,0.3370096955152573,0.04571790461680325
FB15k-237,effective_candidates,0.36,14695,0.3242096791817731,0.3379438195793065,0.04236190736869738
FB15k-237,effective_candidates,0.38,15511,0.3240156104223116,0.33740511049283733,0.04132362651624821
FB15k-237,effective_candidates,0.4,16328,0.3250416707782737,0.3379101254756846,0.03959016905924395
FB15k-237,effective_candidates,0.42,17144,0.32333047381087493,0.33557243427805267,0.037862068251377945
FB15k-237,effective_candidates,0.44,17960,0.3230660030306109,0.33478208522973524,0.036265289721661764
FB15k-237,effective_candidates,0.46,18777,0.3241598195663654,0.33544619355901234,0.03481731328622062
FB15k-237,effective_candidates,0.48,19593,0.32617834718287203,0.33690955272906725,0.03289980968656625
FB15k-237,effective_candidates,0.5,20410,0.3260307047146109,0.33648386840165384,0.03206189949561056
FB15k-237,effective_candidates,0.52,21226,0.32860324530979657,0.33868286031303824,0.03067411885643101
FB15k-237,effective_candidates,0.54,22042,0.3271594330172323,0.33657836678685965,0.028790041854398263
FB15k-237,effective_candidates,0.56,22859,0.32909289222653726,0.3378490770225825,0.02660703103249573
FB15k-237,effective_candidates,0.58,23675,0.32849380939269096,0.3369211110244162,0.025654369704273483
FB15k-237,effective_candidates,0.6,24491,0.3278269511006402,0.33574873400462285,0.024164526062870006
FB15k-237,effective_candidates,0.62,25308,0.3264181374108504,0.33411841524734415,0.023590226626413413
FB15k-237,effective_candidates,0.64,26124,0.3226977984157858,0.33022083943748387,0.02331296048076803
FB15k-237,effective_candidates,0.66,26941,0.3204264949945262,0.32773327700449595,0.02280330161241695
FB15k-237,effective_candidates,0.68,27757,0.3184202495316553,0.3255672695738227,0.02244524351915267
FB15k-237,effective_candidates,0.7,28573,0.31490825499869046,0.3218432631443137,0.02202231296112611
FB15k-237,effective_candidates,0.72,29390,0.31258746069583015,0.31918771085553266,0.02111489099725916
FB15k-237,effective_candidates,0.74,30206,0.3095548561069335,0.3158782722486436,0.02042744934205043
FB15k-237,effective_candidates,0.76,31022,0.3098613233673532,0.3160485226361313,0.019967639721989228
FB15k-237,effective_candidates,0.78,31839,0.3154177112656788,0.32136969517183883,0.018870163892434677
FB15k-237,effective_candidates,0.8,32655,0.3177458666075933,0.3234611944030283,0.01798710351909394
FB15k-237,effective_candidates,0.82,33472,0.3208772301880308,0.3261882214259724,0.016551474328139193
FB15k-237,effective_candidates,0.84,34288,0.32028323876606607,0.32543722127330205,0.016091952008142396
FB15k-237,effective_candidates,0.86,35104,0.3225138976786262,0.3273303946074983,0.014934230628633527
FB15k-237,effective_candidates,0.88,35921,0.31772548586221466,0.3223855940119558,0.014667089538300537
FB15k-237,effective_candidates,0.9,36737,0.3177254304839303,0.3222762520204158,0.01432312651069223
FB15k-237,effective_candidates,0.92,37553,0.33068810869610377,0.33513873485431217,0.013458682187748261
FB15k-237,effective_candidates,0.94,38370,0.337127747201621,0.3414831422231572,0.01291912355980429
FB15k-237,effective_candidates,0.96,39186,0.34765808135982945,0.3518924091362757,0.012179575288122413
FB15k-237,effective_candidates,0.98,40003,0.35248736221810356,0.3562507433286002,0.01067664124697898
FB15k-237,effective_candidates,1.0,40819,0.3528119855172369,0.3560530550713822,0.009186393000208737
KG20C,effective_candidates,0.02,149,0.15357864450138003,0.19682958189634026,0.28162077830144905
KG20C,effective_candidates,0.04,298,0.14547948139148092,0.17268342041900306,0.18699502340345275
KG20C,effective_candidates,0.06,447,0.17143788168314408,0.19985254792088175,0.16574321823606275
KG20C,effective_candidates,0.08,596,0.18499672743907078,0.2176612746787303,0.1765682436215943
KG20C,effective_candidates,0.1,745,0.1778684675354649,0.20904773951555672,0.17529398218869252
KG20C,effective_candidates,0.12,894,0.18400251566032402,0.21701024329513094,0.17938737150605322
KG20C,effective_candidates,0.14,1043,0.18199808393325292,0.21547373996978628,0.18393411245368063
KG20C,effective_candidates,0.16,1192,0.18152433039463445,0.2134977209341575,0.17613831969528726
KG20C,effective_candidates,0.18,1341,0.18102746640051812,0.20943846594282237,0.15694303249787378
KG20C,effective_candidates,0.2,1490,0.17808370714654195,0.20548372590682373,0.15386033455455195
KG20C,effective_candidates,0.22,1639,0.17897084323632642,0.20484726845444248,0.14458458567995303
KG20C,effective_candidates,0.24,1788,0.18368401589723873,0.2098933207393044,0.14268691107411513
KG20C,effective_candidates,0.26,1936,0.18270596816363127,0.20888293438806693,0.14327373368007112
KG20C,effective_candidates,0.28,2085,0.18338540540189383,0.20977876809238918,0.14392291814418723
KG20C,effective_candidates,0.3,2234,0.1888087561684688,0.21426094867495638,0.13480408972016789
KG20C,effective_candidates,0.32,2383,0.19509891782300282,0.21967165727350174,0.125950157615901
KG20C,effective_candidates,0.34,2532,0.1918375876634544,0.2153684941813486,0.12266056305490602
KG20C,effective_candidates,0.36,2681,0.19400515490289993,0.21625390389357269,0.1146812258767469
KG20C,effective_candidates,0.38,2830,0.192389384823466,0.21453662527012607,0.1151167486032667
KG20C,effective_candidates,0.4,2979,0.19437860179309774,0.2161564007436643,0.11203804713930121
KG20C,effective_candidates,0.42,3128,0.19531795800369006,0.21635309527478055,0.10769689324057485
KG20C,effective_candidates,0.44,3277,0.19649701292299818,0.2165221270013066,0.10191052668141953
KG20C,effective_candidates,0.46,3426,0.19720963263198596,0.21576101189073216,0.09406933632580228
KG20C,effective_candidates,0.48,3575,0.1944720967562493,0.21292015708674675,0.09486224830300549
KG20C,effective_candidates,0.5,3724,0.19518695798272642,0.21287689000052806,0.09063070709553833
KG20C,effective_candidates,0.52,3873,0.19467259688851124,0.21207415896986906,0.08938886293957271
KG20C,effective_candidates,0.54,4022,0.1964615724424468,0.2134573603174842,0.08650947696153799
KG20C,effective_candidates,0.56,4171,0.1962568993661998,0.21252588801514338,0.08289639091152123
KG20C,effective_candidates,0.58,4320,0.19632871665277957,0.21237195749443988,0.08171622121909894
KG20C,effective_candidates,0.6,4469,0.19603601242580565,0.21201118320751933,0.08149100047502666
KG20C,effective_candidates,0.62,4618,0.19459649779549357,0.20992005527936017,0.07874528913655232
KG20C,effective_candidates,0.64,4767,0.19465096302633234,0.20943706627851078,0.07596213767603177
KG20C,effective_candidates,0.66,4916,0.1958238366794517,0.21005983576786233,0.07269798881386369
KG20C,effective_candidates,0.68,5065,0.19557819289357423,0.20984342670271397,0.07293877501415658
KG20C,effective_candidates,0.7,5214,0.19555800732766948,0.20945500989618981,0.07106332672553295
KG20C,effective_candidates,0.72,5363,0.1964200031194212,0.20985921673656655,0.06842079932650469
KG20C,effective_candidates,0.74,5512,0.19738975050742388,0.210047959511729,0.06412799535824454
KG20C,effective_candidates,0.76,5660,0.19868866120237058,0.21082081070939093,0.06106110652516494
KG20C,effective_candidates,0.78,5809,0.20471260355680534,0.2165053831095626,0.05760651443957099
KG20C,effective_candidates,0.8,5958,0.20667652326431282,0.21800692509961797,0.054821910376414706
KG20C,effective_candidates,0.82,6107,0.20665085558080715,0.2174295981289542,0.05215919633070287
KG20C,effective_candidates,0.84,6256,0.2046793433544283,0.21504006177244517,0.05061926742688416
KG20C,effective_candidates,0.86,6405,0.20313509291840925,0.21327406479934352,0.04991245842985226
KG20C,effective_candidates,0.88,6554,0.2024500747047221,0.211964751711207,0.046997646310391605
KG20C,effective_candidates,0.9,6703,0.20110675641835715,0.21022330839743952,0.04533190302228052
KG20C,effective_candidates,0.92,6852,0.2006972932383188,0.20944615136914554,0.043592307547655196
KG20C,effective_candidates,0.94,7001,0.2017820796847261,0.21011392417872699,0.04129130053084462
KG20C,effective_candidates,0.96,7150,0.2131457555018993,0.22130397134840274,0.038275291137245926
KG20C,effective_candidates,0.98,7299,0.22454294797032542,0.23253462399478078,0.035590857324592884
KG20C,effective_candidates,1.0,7448,0.22638074035722044,0.23398674950607826,0.033598304947920044
WN18RR,effective_candidates,0.02,121,0.36916839525310113,0.3934319734378174,0.06572496046981802
WN18RR,effective_candidates,0.04,242,0.3186579814386752,0.34444038379431013,0.08090932553841168
WN18RR,effective_candidates,0.06,363,0.3244206803872706,0.3446694617904297,0.06241519923756855
WN18RR,effective_candidates,0.08,484,0.3072074776655514,0.3232457072480731,0.052206507811577874
WN18RR,effective_candidates,0.1,606,0.3393469126450498,0.35427531857516115,0.04399157727339098
WN18RR,effective_candidates,0.12,727,0.3396006739064544,0.3524403159993973,0.037808058344665385
WN18RR,effective_candidates,0.14,848,0.3505526773233489,0.3625073080755566,0.034102237767765775
WN18RR,effective_candidates,0.16,969,0.3560474862053506,0.36716426404175917,0.031222739289323176
WN18RR,effective_candidates,0.18,1090,0.3607271567596641,0.3710698795401992,0.02867187176435948
WN18RR,effective_candidates,0.2,1211,0.3622579955536861,0.3719151090107228,0.026658109898379134
WN18RR,effective_candidates,0.22,1332,0.36301155016734954,0.372203152741891,0.02532041355241743
WN18RR,effective_candidates,0.24,1453,0.38868578661569103,0.3974769168042474,0.022617575664655165
WN18RR,effective_candidates,0.26,1574,0.3949448163919083,0.4033084964753509,0.021176832145438862
WN18RR,effective_candidates,0.28,1695,0.379006574405488,0.386898873782618,0.0208236476887238
WN18RR,effective_candidates,0.3,1816,0.3692922424926636,0.37696839882467703,0.020786129381436647
WN18RR,effective_candidates,0.32,1938,0.351317541265614,0.3585594192399834,0.02061348245886241
WN18RR,effective_candidates,0.34,2059,0.33379077493809134,0.34062730863132856,0.02048149381751241
WN18RR,effective_candidates,0.36,2180,0.32111630616920955,0.32761135092875165,0.020226455756873207
WN18RR,effective_candidates,0.38,2301,0.3094608749988061,0.3157471782253934,0.02031372536709708
WN18RR,effective_candidates,0.4,2422,0.2981899122548592,0.3041893396076474,0.020119484617777905
WN18RR,effective_candidates,0.42,2543,0.2904832536551631,0.2962391010970225,0.019814730692504057
WN18RR,effective_candidates,0.44,2664,0.2969907792204742,0.3024889406906497,0.018512902941319576
WN18RR,effective_candidates,0.46,2785,0.2899349226031991,0.29525305002262137,0.018342486554131288
WN18RR,effective_candidates,0.48,2906,0.28366354848585656,0.28879571708825547,0.018092450121961257
WN18RR,effective_candidates,0.5,3028,0.28564522583100266,0.2905637908805167,0.017219139704522934
WN18RR,effective_candidates,0.52,3149,0.28131525173147715,0.28608046987886515,0.016939067889346182
WN18RR,effective_candidates,0.54,3270,0.2813527976957552,0.2860272279197696,0.01661412384130312
WN18RR,effective_candidates,0.56,3391,0.28901822855721016,0.29358377165072236,0.015796730594826336
WN18RR,effective_candidates,0.58,3512,0.3026930873319876,0.30725876254669426,0.015083513320207187
WN18RR,effective_candidates,0.6,3633,0.30566822343561406,0.310142425570038,0.014637446065329796
WN18RR,effective_candidates,0.62,3754,0.32010433530069915,0.32458033863703334,0.01398295131532512
WN18RR,effective_candidates,0.64,3875,0.33240207467589505,0.33678239808483074,0.013177786008726544
WN18RR,effective_candidates,0.66,3996,0.3499030319323305,0.3542207225969078,0.012339677769389157
WN18RR,effective_candidates,0.68,4117,0.3648118488623036,0.36906081659714035,0.011647011324022127
WN18RR,effective_candidates,0.7,4238,0.3814366555715175,0.3856233953039731,0.010976238574089026
WN18RR,effective_candidates,0.72,4360,0.3962317272568548,0.4003063374147624,0.010283402053935742
WN18RR,effective_candidates,0.74,4481,0.41230780425901836,0.41627240444336866,0.009615632164604149
WN18RR,effective_candidates,0.76,4602,0.42718246833022133,0.4310472276060812,0.009047092430938264
WN18RR,effective_candidates,0.78,4723,0.44117287957438844,0.444942746647426,0.00854510158619548
WN18RR,effective_candidates,0.8,4844,0.4549254761236708,0.4586060699057272,0.008090542243134102
WN18RR,effective_candidates,0.82,4965,0.46465431745225744,0.4682544287236243,0.007747934617516661
WN18RR,effective_candidates,0.84,5086,0.47738482826341583,0.4808992900137768,0.007361904992132962
WN18RR,effective_candidates,0.86,5207,0.48952345092392907,0.4929562437916718,0.007012519750103197
WN18RR,effective_candidates,0.88,5328,0.5011099584139794,0.5044647918340877,0.006694804930092335
WN18RR,effective_candidates,0.9,5450,0.5122724226280706,0.5155521570248295,0.00640232472389024
WN18RR,effective_candidates,0.92,5571,0.5209866418535044,0.5241366548661073,0.0060462452576444115
WN18RR,effective_candidates,0.94,5692,0.5204128071425265,0.5234955609742316,0.005923670189117436
WN18RR,effective_candidates,0.96,5813,0.5177618180647794,0.5207516897162073,0.00577460822160103
WN18RR,effective_candidates,0.98,5934,0.5177823162959462,0.520601681666885,0.00544507852471221
WN18RR,effective_candidates,1.0,6055,0.5112021246888968,0.5133269561687425,0.0041565388272568615
YAGO3-10,effective_candidates,0.02,200,0.43519854542169784,0.5635648708647198,0.29496037335933156
YAGO3-10,effective_candidates,0.04,399,0.4097666096956806,0.5171187956937595,0.261983732832223
YAGO3-10,effective_candidates,0.06,598,0.4098446919343262,0.4979940532813918,0.21507991461602405
YAGO3-10,effective_candidates,0.08,798,0.4345000790019834,0.513002894203182,0.18067388015558983
YAGO3-10,effective_candidates,0.1,998,0.4651124131050314,0.5423680436030976,0.16610098617303604
YAGO3-10,effective_candidates,0.12,1197,0.47953421430310855,0.5591990738421068,0.16612966742065027
YAGO3-10,effective_candidates,0.14,1397,0.48864800436085565,0.5653735189021146,0.15701591709479068
YAGO3-10,effective_candidates,0.16,1596,0.4908013196433329,0.5675864552052534,0.15644851081028177
YAGO3-10,effective_candidates,0.18,1796,0.48753459994071413,0.5606356952847338,0.14994032290817727
YAGO3-10,effective_candidates,0.2,1995,0.4864349585614614,0.5566242883947141,0.1442933502164898
YAGO3-10,effective_candidates,0.22,2194,0.4893195576765455,0.5589516179476485,0.14230385681238555
YAGO3-10,effective_candidates,0.24,2394,0.493960684353658,0.5600832617596884,0.1338620248543687
YAGO3-10,effective_candidates,0.26,2594,0.49556200548432344,0.5589855023247146,0.12798296911080986
YAGO3-10,effective_candidates,0.28,2793,0.4992514703442651,0.5611219134807257,0.12392641146113625
YAGO3-10,effective_candidates,0.3,2992,0.4993121202155999,0.5585924139414792,0.11872392302490553
YAGO3-10,effective_candidates,0.32,3192,0.5035304842957387,0.5599448156762824,0.11203756900527573
YAGO3-10,effective_candidates,0.34,3392,0.5094061483043807,0.5638521609302,0.10688134174871933
YAGO3-10,effective_candidates,0.36,3591,0.5160080126896609,0.5680641892114444,0.10088249647606018
YAGO3-10,effective_candidates,0.38,3790,0.5131604509185282,0.5636872070056705,0.09846190601146732
YAGO3-10,effective_candidates,0.4,3990,0.5123937466799656,0.5612027257834972,0.09525678137133275
YAGO3-10,effective_candidates,0.42,4190,0.5157236154880088,0.5638944526493341,0.09340436566152421
YAGO3-10,effective_candidates,0.44,4389,0.5148671113565092,0.5617663495865116,0.09108998651406974
YAGO3-10,effective_candidates,0.46,4588,0.520661578512489,0.5659406598103072,0.08696451431499685
YAGO3-10,effective_candidates,0.48,4788,0.5248305289187205,0.5681662783144067,0.08257093863226372
YAGO3-10,effective_candidates,0.5,4988,0.5288656906551655,0.5703684201104926,0.07847498937568242
YAGO3-10,effective_candidates,0.52,5187,0.5383076818802461,0.5778641535657418,0.07348301541477076
YAGO3-10,effective_candidates,0.54,5386,0.5427664021275792,0.5806882157555369,0.06986765112819926
YAGO3-10,effective_candidates,0.56,5586,0.5479051061617215,0.5854703958859258,0.06856167117580458
YAGO3-10,effective_candidates,0.58,5786,0.554482407459547,0.5909290764501335,0.06573097450931376
YAGO3-10,effective_candidates,0.6,5985,0.562231424702061,0.5977085113100684,0.06310050461303818
YAGO3-10,effective_candidates,0.62,6184,0.5695409394175555,0.604013283960532,0.06052654367257593
YAGO3-10,effective_candidates,0.64,6384,0.5745985068696254,0.6077628928820044,0.0577174942431653
YAGO3-10,effective_candidates,0.66,6584,0.5805048778005766,0.6127318783216875,0.05551546895387505
YAGO3-10,effective_candidates,0.68,6783,0.585384414274563,0.6166753194167591,0.05345360139281019
YAGO3-10,effective_candidates,0.7,6982,0.5894402893486557,0.6202048509945881,0.05219283819219078
YAGO3-10,effective_candidates,0.72,7182,0.5942147129089925,0.6243934731933837,0.05078763556131127
YAGO3-10,effective_candidates,0.74,7382,0.5943208691803374,0.6237203328487319,0.049467325131861806
YAGO3-10,effective_candidates,0.76,7581,0.599777530412799,0.6278093134538253,0.04673696765821367
YAGO3-10,effective_candidates,0.78,7780,0.5978702238193345,0.6251545235608746,0.045635823050764524
YAGO3-10,effective_candidates,0.8,7980,0.5987319082273017,0.6248024567016746,0.043542941533818214
YAGO3-10,effective_candidates,0.82,8179,0.5987437767245586,0.6238300091866,0.04189810973781838
YAGO3-10,effective_candidates,0.84,8379,0.592169179553565,0.6165820720682894,0.041226212639315696
YAGO3-10,effective_candidates,0.86,8578,0.5871184977898457,0.610748280647452,0.04024704203079699
YAGO3-10,effective_candidates,0.88,8778,0.5825564254023468,0.605498279491714,0.03938134245712299
YAGO3-10,effective_candidates,0.9,8978,0.5761044316120428,0.5985809268912894,0.03901461965212327
YAGO3-10,effective_candidates,0.92,9177,0.5848061007968748,0.606795201223711,0.037600668660729086
YAGO3-10,effective_candidates,0.94,9376,0.5798605244468975,0.6013793479931876,0.037110344020772734
YAGO3-10,effective_candidates,0.96,9576,0.5689197021728816,0.5899735813572926,0.037006767570185506
YAGO3-10,effective_candidates,0.98,9776,0.5665981408524364,0.5866789525096244,0.035441012261312466
YAGO3-10,effective_candidates,1.0,9975,0.5616723217905851,0.5802260659200454,0.03303303974515215
codex-l,effective_candidates,0.02,1223,0.32460307053530557,0.3866569123681832,0.19116837598160785
codex-l,effective_candidates,0.04,2445,0.35942195551515804,0.40976991561746634,0.14008036885266173
codex-l,effective_candidates,0.06,3668,0.41010871813927413,0.45399985842965895,0.10702318275389411
codex-l,effective_candidates,0.08,4890,0.41221856138866486,0.45039188848421274,0.09260458084893397
codex-l,effective_candidates,0.1,6113,0.4208628238430608,0.4556575472675852,0.08267473735693809
codex-l,effective_candidates,0.12,7335,0.43338262063060695,0.4645026749999665,0.07180734272195166
codex-l,effective_candidates,0.14,8558,0.4434461136196365,0.4714673086388258,0.06318962813872875
codex-l,effective_candidates,0.16,9781,0.44561451625660325,0.4712268444821242,0.05747642253820184
codex-l,effective_candidates,0.18,11003,0.4464952041204963,0.4701286410273185,0.05293099833709336
codex-l,effective_candidates,0.2,12226,0.423122292556374,0.44476490121589024,0.05114977168600188
codex-l,effective_candidates,0.22,13448,0.4229735804797258,0.44360530859074604,0.048777817488317554
codex-l,effective_candidates,0.24,14671,0.39952521851615413,0.4197711032438758,0.05067486053299808
codex-l,effective_candidates,0.26,15894,0.4001700670944958,0.4192308099079031,0.04763160561158686
codex-l,effective_candidates,0.28,17116,0.40185254557034344,0.4197832085080421,0.04462000585874093
codex-l,effective_candidates,0.3,18339,0.401269025403079,0.4185661038321997,0.04310593974141308
codex-l,effective_candidates,0.32,19561,0.4046375442273549,0.4207631250749308,0.039851914577939906
codex-l,effective_candidates,0.34,20784,0.40386185365179567,0.4192382685346718,0.03807345195848444
codex-l,effective_candidates,0.36,22006,0.3995712900966178,0.41434088779262623,0.03696361090517053
codex-l,effective_candidates,0.38,23229,0.39094421959160164,0.40528093124277526,0.03667201337866155
codex-l,effective_candidates,0.4,24452,0.38510147904482844,0.39891613885630844,0.0358727778603829
codex-l,effective_candidates,0.42,25674,0.3817108427930369,0.3952498580096752,0.03546929690959599
codex-l,effective_candidates,0.44,26897,0.38169088053918176,0.3948542915306117,0.03448709849403553
codex-l,effective_candidates,0.46,28119,0.3772451724658275,0.39008346231042257,0.034031687564558544
codex-l,effective_candidates,0.48,29342,0.3758748545021051,0.388294419783297,0.03304175613887028
codex-l,effective_candidates,0.5,30564,0.3736363808748048,0.38574916563190664,0.032418643839611905
codex-l,effective_candidates,0.52,31787,0.37240383433078744,0.3841413613996769,0.031518276631017805
codex-l,effective_candidates,0.54,33010,0.3687185596938163,0.3801253047009618,0.030936183458238897
codex-l,effective_candidates,0.56,34232,0.36523041910405646,0.37634820528889135,0.030440471557949156
codex-l,effective_candidates,0.58,35455,0.3634263635696955,0.37423620699054433,0.029744246715265543
codex-l,effective_candidates,0.6,36677,0.36455331004878816,0.3749956924840482,0.02864432209890655
codex-l,effective_candidates,0.62,37900,0.36314271780378093,0.3733701199416561,0.02816358868416402
codex-l,effective_candidates,0.64,39123,0.3644409876852995,0.3744422800227671,0.027442830733693135
codex-l,effective_candidates,0.66,40345,0.3638541835708799,0.3735513029185101,0.026651114060204595
codex-l,effective_candidates,0.68,41568,0.3620392515606205,0.37143821611701294,0.025961175524136904
codex-l,effective_candidates,0.7,42790,0.36038943823569963,0.3694862390793892,0.02524158556983047
codex-l,effective_candidates,0.72,44013,0.3596943070578724,0.36847309146361507,0.024406236722368302
codex-l,effective_candidates,0.74,45235,0.35711822727984044,0.3656341895116146,0.02384633877872888
codex-l,effective_candidates,0.76,46458,0.35441232298693537,0.3626877029090638,0.02334958291626199
codex-l,effective_candidates,0.78,47681,0.3531707043870581,0.3611995071624994,0.022733490280218982
codex-l,effective_candidates,0.8,48903,0.35281329035940184,0.360510112008273,0.021815566077543647
codex-l,effective_candidates,0.82,50126,0.35138740582423755,0.35890990507057957,0.02140799334767496
codex-l,effective_candidates,0.84,51348,0.3480078847825191,0.3553175100696152,0.02100419446434132
codex-l,effective_candidates,0.86,52571,0.3477957109663858,0.35478159967427814,0.020086184181171696
codex-l,effective_candidates,0.88,53794,0.34793804696445185,0.35463547855659766,0.01924891988840205
codex-l,effective_candidates,0.9,55016,0.3450079511498137,0.3514465564277044,0.018662193889829704
codex-l,effective_candidates,0.92,56239,0.3423340455298008,0.3484108242932667,0.017751020802098116
codex-l,effective_candidates,0.94,57461,0.34236325585240046,0.3480839825802279,0.016709523087061973
codex-l,effective_candidates,0.96,58684,0.340730394203192,0.3462514710728669,0.016203652399681356
codex-l,effective_candidates,0.98,59906,0.3358324452802726,0.34114027515170436,0.01580499426433324
codex-l,effective_candidates,1.0,61129,0.32990176871301513,0.334842792661744,0.014977258133547888
codex-m,effective_candidates,0.02,412,0.18337217627545044,0.2381926303147882,0.2989573181320042
codex-m,effective_candidates,0.04,824,0.1869535648890799,0.22327511401943897,0.19428112618183424
codex-m,effective_candidates,0.06,1236,0.2008366620718652,0.22896255281553976,0.14004360784292613
codex-m,effective_candidates,0.08,1648,0.21970718861655025,0.2451268151875055,0.11569774630961005
codex-m,effective_candidates,0.1,2059,0.2138494786466109,0.23703567297569297,0.10842296402039664
codex-m,effective_candidates,0.12,2471,0.2228664610396762,0.2435774308251704,0.09292995316063779
codex-m,effective_candidates,0.14,2883,0.23767715195162512,0.2576693738218653,0.08411503464291425
codex-m,effective_candidates,0.16,3295,0.24247811335648026,0.2603566488640428,0.07373257429332747
codex-m,effective_candidates,0.18,3707,0.24439956282346223,0.2606822161815254,0.06662308708720821
codex-m,effective_candidates,0.2,4119,0.24631781501576203,0.2620906896139406,0.06403464807110781
codex-m,effective_candidates,0.22,4531,0.24908929432751103,0.2644939945800636,0.061844088057425584
codex-m,effective_candidates,0.24,4943,0.24876464791908562,0.2630461753622139,0.05740979501144228
codex-m,effective_candidates,0.26,5354,0.2510590658983185,0.2645503538906886,0.05373750573036151
codex-m,effective_candidates,0.28,5766,0.25046235804267275,0.263254561159057,0.051074353912314185
codex-m,effective_candidates,0.3,6178,0.2547991018276048,0.267156738332899,0.04849952930232582
codex-m,effective_candidates,0.32,6590,0.2508116616745148,0.2625077614842822,0.04663299836889445
codex-m,effective_candidates,0.34,7002,0.25114942821292285,0.26260159507433917,0.04559901626257035
codex-m,effective_candidates,0.36,7414,0.25716447941956855,0.26793066829402723,0.04186499200339977
codex-m,effective_candidates,0.38,7826,0.26105028798393914,0.27178884024751493,0.04113595256495728
codex-m,effective_candidates,0.4,8238,0.25819018305675895,0.2685253385123971,0.04002923478065057
codex-m,effective_candidates,0.42,8649,0.25203704902875784,0.2621622186614215,0.0401733382916587
codex-m,effective_candidates,0.44,9061,0.25195237279986,0.2616849735414365,0.03862873222197294
codex-m,effective_candidates,0.46,9473,0.25276367556939233,0.26221598630893694,0.0373958430468766
codex-m,effective_candidates,0.48,9885,0.25078794421312545,0.26000716558638803,0.036761022951836475
codex-m,effective_candidates,0.5,10297,0.24889588212467956,0.25781721010222014,0.03584361421082738
codex-m,effective_candidates,0.52,10709,0.2542464057129113,0.2628425948736917,0.0338104648389288
codex-m,effective_candidates,0.54,11121,0.2595449333595336,0.26770000779300324,0.031420665115326374
codex-m,effective_candidates,0.56,11533,0.26471001610232475,0.2725985210659102,0.029800553374361716
codex-m,effective_candidates,0.58,11945,0.26856464117047324,0.2762214007969375,0.02850993188490558
codex-m,effective_candidates,0.6,12356,0.2739750485506675,0.28138048848588787,0.027029614464511464
codex-m,effective_candidates,0.62,12768,0.27919906555755153,0.28625893184499573,0.025286138667211855
codex-m,effective_candidates,0.64,13180,0.28557107569766005,0.29239706409265964,0.023902940374207926
codex-m,effective_candidates,0.66,13592,0.2908223583073749,0.2973437221678053,0.02242387379837507
codex-m,effective_candidates,0.68,14004,0.29727750513308726,0.3035041099117367,0.020945428668953214
codex-m,effective_candidates,0.7,14416,0.30163563414171296,0.3076185385967374,0.019834872865894804
codex-m,effective_candidates,0.72,14828,0.30816885247076636,0.3139229428577765,0.018671875307566976
codex-m,effective_candidates,0.74,15240,0.30987833702633694,0.3154137466840775,0.017863170787798976
codex-m,effective_candidates,0.76,15651,0.31565644001838344,0.3210710367567799,0.017153449294686096
codex-m,effective_candidates,0.78,16063,0.3208376378481508,0.32609354330732343,0.01638182320012027
codex-m,effective_candidates,0.8,16475,0.32489677856942445,0.32989556909250944,0.015385780508798907
codex-m,effective_candidates,0.82,16887,0.32822644650397154,0.3330239187193094,0.014616348762986897
codex-m,effective_candidates,0.84,17299,0.3289824023227224,0.33362989907026047,0.014126885555960422
codex-m,effective_candidates,0.86,17711,0.3304619947816061,0.3349643219870494,0.013624341910841498
codex-m,effective_candidates,0.88,18123,0.3315270724096471,0.3357494633726671,0.012736187522576436
codex-m,effective_candidates,0.9,18535,0.3372537900019865,0.34129476257715763,0.011981993071589425
codex-m,effective_candidates,0.92,18946,0.33626910708577007,0.3400472355149363,0.011235431235146365
codex-m,effective_candidates,0.94,19358,0.34187080231337885,0.34537968563625443,0.01026377011178381
codex-m,effective_candidates,0.96,19770,0.3427110426259915,0.34603581377961307,0.009701383206522474
codex-m,effective_candidates,0.98,20182,0.34061551682443475,0.34358935028353277,0.008730763315843992
codex-m,effective_candidates,1.0,20594,0.34234153499948844,0.3449297847479118,0.0075604315685131596
hetionet,effective_candidates,0.02,9001,0.44501156789076074,0.5712044127965826,0.2835720552253129
hetionet,effective_candidates,0.04,18002,0.4713565239116345,0.566939184471257,0.20278208895129546
hetionet,effective_candidates,0.06,27002,0.4732722733683211,0.5497593616401562,0.16161328811313957
hetionet,effective_candidates,0.08,36003,0.4701793003959529,0.5419180249880812,0.1525773774636927
hetionet,effective_candidates,0.1,45004,0.4518992978358109,0.5160349287305577,0.14192460842913124
hetionet,effective_candidates,0.12,54005,0.4483710585720435,0.5074667242710368,0.13180080330608113
hetionet,effective_candidates,0.14,63006,0.44307871571821067,0.49910632352696144,0.12645068657367697
hetionet,effective_candidates,0.16,72006,0.4324856391827775,0.4858952557846211,0.12349454354777234
hetionet,effective_candidates,0.18,81007,0.4241787045560911,0.47529877823806504,0.12051541751835892
hetionet,effective_candidates,0.2,90008,0.41821046219561325,0.4671200970095953,0.11694981172208241
hetionet,effective_candidates,0.22,99009,0.4115827284314801,0.4593779022973055,0.11612531470397291
hetionet,effective_candidates,0.24,108010,0.4106844726342921,0.4581228477276029,0.1155105153818512
hetionet,effective_candidates,0.26,117010,0.4018464888662638,0.44717064336282847,0.11278972381826313
hetionet,effective_candidates,0.28,126011,0.40114625314841285,0.44541235280600394,0.11034902933821966
hetionet,effective_candidates,0.3,135012,0.3946888093745975,0.43798759328336684,0.10970360162320847
hetionet,effective_candidates,0.32,144013,0.3937099078508407,0.4360525049939544,0.1075477052996987
hetionet,effective_candidates,0.34,153014,0.3926453176922134,0.4339773369575653,0.1052655345752811
hetionet,effective_candidates,0.36,162014,0.39263444336844705,0.4328294986121537,0.10237271824364047
hetionet,effective_candidates,0.38,171015,0.39547628027037063,0.4348080644312419,0.0994542179216964
hetionet,effective_candidates,0.4,180016,0.3964937180713503,0.4348903137386835,0.0968403632070245
hetionet,effective_candidates,0.42,189017,0.3968407375873845,0.43448831924669473,0.09486823829678093
hetionet,effective_candidates,0.44,198018,0.3991126406209771,0.43598817824982544,0.09239381035758187
hetionet,effective_candidates,0.46,207018,0.3988853866663219,0.4352530711049103,0.0911732684481894
hetionet,effective_candidates,0.48,216019,0.3975344730848935,0.43305449496190523,0.08935079667776757
hetionet,effective_candidates,0.5,225020,0.3973770530911069,0.4323448068960083,0.08799640928658348
hetionet,effective_candidates,0.52,234021,0.3962480096844144,0.4305414887153585,0.08654549219882912
hetionet,effective_candidates,0.54,243022,0.3961775259248102,0.42974930167538294,0.08473922308491644
hetionet,effective_candidates,0.56,252022,0.39651150153964115,0.42935140558629914,0.08282207179146561
hetionet,effective_candidates,0.58,261023,0.39464934186873685,0.42676605831410064,0.08138038769629063
hetionet,effective_candidates,0.6,270024,0.39285286829580435,0.4240643698053305,0.07944832284137737
hetionet,effective_candidates,0.62,279025,0.392536718259521,0.42302816046183706,0.0776779363151372
hetionet,effective_candidates,0.64,288026,0.3915112005977313,0.4214256494342719,0.07640764501978325
hetionet,effective_candidates,0.66,297026,0.3908124218628971,0.42008447726415205,0.07490052455785046
hetionet,effective_candidates,0.68,306027,0.3906993075374194,0.4194336633213081,0.07354596035759986
hetionet,effective_candidates,0.7,315028,0.38906466457338174,0.41719183638059487,0.07229433656756057
hetionet,effective_candidates,0.72,324029,0.3897288237267759,0.4173776490145763,0.07094375269298503
hetionet,effective_candidates,0.74,333030,0.391255584708916,0.41849002755136494,0.06960780601434902
hetionet,effective_candidates,0.76,342030,0.39315701162593153,0.4198634627608915,0.06792820767589358
hetionet,effective_candidates,0.78,351031,0.394297500407538,0.4204384767096542,0.06629759578769168
hetionet,effective_candidates,0.8,360032,0.3964840432698649,0.4220218052035191,0.06441056674826151
hetionet,effective_candidates,0.82,369033,0.3973113856839792,0.4223355628785603,0.0629837907904438
hetionet,effective_candidates,0.84,378034,0.395765008108058,0.42013620353692477,0.06157996520554576
hetionet,effective_candidates,0.86,387034,0.39148242805972855,0.4151720807103768,0.06051268448512315
hetionet,effective_candidates,0.88,396035,0.387567722811556,0.4105205948895721,0.05922286797132559
hetionet,effective_candidates,0.9,405036,0.3842991791068442,0.4066064981334263,0.058046751695975285
hetionet,effective_candidates,0.92,414037,0.3800491160626558,0.40143704922860196,0.05627676071852794
hetionet,effective_candidates,0.94,423038,0.37629714099758504,0.3970472136493336,0.055142785822764884
hetionet,effective_candidates,0.96,432038,0.37381672219035006,0.39371448437119627,0.053228657252829104
hetionet,effective_candidates,0.98,441039,0.37162480455265773,0.3904559874405948,0.050672567216295095
hetionet,effective_candidates,1.0,450040,0.37318845483349955,0.39032189792982713,0.045910967701216165
FB15k-237,balanced5_rf,0.02,816,0.1922126509994372,0.291697968857874,0.5175794482889062
FB15k-237,balanced5_rf,0.04,1633,0.21224698411334603,0.30014333803305854,0.4141229817087686
FB15k-237,balanced5_rf,0.06,2449,0.22776267443410667,0.3014363662343965,0.32346692443499636
FB15k-237,balanced5_rf,0.08,3266,0.2149302656479615,0.2783706845426501,0.2951674521195584
FB15k-237,balanced5_rf,0.1,4082,0.22703124154572182,0.2818622027632767,0.2415128457398339
FB15k-237,balanced5_rf,0.12,4898,0.2328787723291892,0.28042563938674403,0.20417003482972795
FB15k-237,balanced5_rf,0.14,5715,0.23739945771234575,0.27970437091577255,0.17820138938433128
FB15k-237,balanced5_rf,0.16,6531,0.2404484586230448,0.27818361160385185,0.1569365559542435
FB15k-237,balanced5_rf,0.18,7347,0.2485732141117777,0.2827178160410121,0.13736235439221667
FB15k-237,balanced5_rf,0.2,8164,0.252986566519034,0.2836163275184163,0.12107267757664841
FB15k-237,balanced5_rf,0.22,8980,0.2572788748443611,0.28481264951896385,0.10701918177797953
FB15k-237,balanced5_rf,0.24,9797,0.26194986386412583,0.28709782970964004,0.09600297352534048
FB15k-237,balanced5_rf,0.26,10613,0.266996753383363,0.29019609021672615,0.08688995854587334
FB15k-237,balanced5_rf,0.28,11429,0.27294798592058245,0.29418751279767397,0.07781529072455373
FB15k-237,balanced5_rf,0.3,12246,0.2827055331276,0.3023768082804575,0.06958220780199165
FB15k-237,balanced5_rf,0.32,13062,0.2840471792793663,0.3024837763820654,0.06490681283818112
FB15k-237,balanced5_rf,0.34,13878,0.28079338469337883,0.2981103149750374,0.061671432539510684
FB15k-237,balanced5_rf,0.36,14695,0.27772688207577306,0.2940243708483146,0.05868171150999735
FB15k-237,balanced5_rf,0.38,15511,0.2731802865706403,0.2885456524282212,0.05624624693995872
FB15k-237,balanced5_rf,0.4,16328,0.27254089772318213,0.2869778982341582,0.05297186819146549
FB15k-237,balanced5_rf,0.42,17144,0.27160265362719666,0.2851743964318533,0.049969109739573137
FB15k-237,balanced5_rf,0.44,17960,0.2729829312279514,0.2859272067012498,0.04741789318134848
FB15k-237,balanced5_rf,0.46,18777,0.2776734762197343,0.2899850981422459,0.044338487384977476
FB15k-237,balanced5_rf,0.48,19593,0.28201455433055195,0.2938019207394083,0.04179701447266537
FB15k-237,balanced5_rf,0.5,20410,0.28632727479677433,0.2976518366017917,0.039551110920379884
FB15k-237,balanced5_rf,0.52,21226,0.28978984940621816,0.3006667568639429,0.03753377656260781
FB15k-237,balanced5_rf,0.54,22042,0.2971257707187591,0.307599780687012,0.03525109903094514
FB15k-237,balanced5_rf,0.56,22859,0.3103030854545305,0.3204048790258391,0.032554602402717014
FB15k-237,balanced5_rf,0.58,23675,0.3238663596604396,0.3336225570492617,0.030124145647763667
FB15k-237,balanced5_rf,0.6,24491,0.3372792457433524,0.3467101297917743,0.02796164948612989
FB15k-237,balanced5_rf,0.62,25308,0.34696668137254727,0.3560931183448767,0.026303496739878973
FB15k-237,balanced5_rf,0.64,26124,0.35633362008960145,0.3651845566573443,0.024838903961734493
FB15k-237,balanced5_rf,0.66,26941,0.3587855880400236,0.3673573793324658,0.02389112488957057
FB15k-237,balanced5_rf,0.68,27757,0.3632165312804239,0.37153481766436924,0.022901728494078677
FB15k-237,balanced5_rf,0.7,28573,0.36617631053719946,0.37425712504182446,0.022068097449477353
FB15k-237,balanced5_rf,0.72,29390,0.36444089587097034,0.3722928912193304,0.021545318973038796
FB15k-237,balanced5_rf,0.74,30206,0.3677196049998639,0.37536236524411587,0.020784206608333466
FB15k-237,balanced5_rf,0.76,31022,0.3691623366144381,0.37660407848918426,0.020158453711702773
FB15k-237,balanced5_rf,0.78,31839,0.37091074853190276,0.3781615326783388,0.019548595383485967
FB15k-237,balanced5_rf,0.8,32655,0.3692836693429453,0.37635326715150064,0.01914408460339989
FB15k-237,balanced5_rf,0.82,33472,0.36633172343486414,0.37322876324241605,0.01882730696343371
FB15k-237,balanced5_rf,0.84,34288,0.36292265805032853,0.3696555592530343,0.018551889922981957
FB15k-237,balanced5_rf,0.86,35104,0.35730620685029924,0.3638826003222219,0.018405483436446435
FB15k-237,balanced5_rf,0.88,35921,0.35135892220283294,0.35778573984260836,0.018291317606175195
FB15k-237,balanced5_rf,0.9,36737,0.34967797465564243,0.355962081944222,0.01797112699124992
FB15k-237,balanced5_rf,0.92,37553,0.3486486359573061,0.3547882365239632,0.017609707692672227
FB15k-237,balanced5_rf,0.94,38370,0.3516214071189964,0.3575570421836416,0.01688075567775771
FB15k-237,balanced5_rf,0.96,39186,0.3552849939717018,0.3608021999453321,0.015528958631080503
FB15k-237,balanced5_rf,0.98,40003,0.35402608750507214,0.3590437971969992,0.014173276685027325
FB15k-237,balanced5_rf,1.0,40819,0.352811985517237,0.3560530550713822,0.009186393000208293
KG20C,balanced5_rf,0.02,149,0.1639122037341494,0.25352572785023314,0.5467166084926092
KG20C,balanced5_rf,0.04,298,0.19113797192353638,0.2715920232591588,0.42092134035934836
KG20C,balanced5_rf,0.06,447,0.18564197958883158,0.2605536031105122,0.4035273901280212
KG20C,balanced5_rf,0.08,596,0.1847890851334493,0.25165132322565437,0.36183001849876084
KG20C,balanced5_rf,0.1,745,0.18729952999328411,0.24872081907473878,0.32793082333766144
KG20C,balanced5_rf,0.12,894,0.19015289765375268,0.24816127913133357,0.30506178024805974
KG20C,balanced5_rf,0.14,1043,0.18786310644523585,0.24178136263272282,0.28700822214501565
KG20C,balanced5_rf,0.16,1192,0.18420781901968064,0.23288641148792635,0.26425910000619957
KG20C,balanced5_rf,0.18,1341,0.17630481321451036,0.22312022047457575,0.2655367508492523
KG20C,balanced5_rf,0.2,1490,0.1790873526927928,0.22216139173965782,0.24051971509542835
KG20C,balanced5_rf,0.22,1639,0.18215047373135398,0.222485741093408,0.22143926686428927
KG20C,balanced5_rf,0.24,1788,0.17760097414735065,0.21659733456822267,0.21957289709750016
KG20C,balanced5_rf,0.26,1936,0.18043870898067646,0.21838035560606647,0.2102744296926513
KG20C,balanced5_rf,0.28,2085,0.1833051158174499,0.2193935556123342,0.19687633721485498
KG20C,balanced5_rf,0.3,2234,0.1829681779229541,0.2176775076286862,0.18970145573810004
KG20C,balanced5_rf,0.32,2383,0.18466082618533589,0.21818819234100045,0.1815618767026128
KG20C,balanced5_rf,0.34,2532,0.182095605689702,0.21459112648379924,0.17845307508117947
KG20C,balanced5_rf,0.36,2681,0.1808359606636891,0.21238986607793034,0.17448910768872916
KG20C,balanced5_rf,0.38,2830,0.1796558656621512,0.21016798425277594,0.16983647307126493
KG20C,balanced5_rf,0.4,2979,0.17798246721827532,0.20784730561714768,0.16779651875623514
KG20C,balanced5_rf,0.42,3128,0.17563867904743458,0.20386635561429828,0.16071446631206032
KG20C,balanced5_rf,0.44,3277,0.1753766554983164,0.20250291381998367,0.15467428230165825
KG20C,balanced5_rf,0.46,3426,0.17419957311289136,0.20032815172135646,0.14999220802643576
KG20C,balanced5_rf,0.48,3575,0.17247090396047202,0.19749250642139468,0.14507723845789822
KG20C,balanced5_rf,0.5,3724,0.1742508454660243,0.1976869185958344,0.13449618030335309
KG20C,balanced5_rf,0.52,3873,0.17411281118766248,0.19636136464172513,0.1277824032723398
KG20C,balanced5_rf,0.54,4022,0.1728924933228345,0.19417005213768732,0.12306814718162573
KG20C,balanced5_rf,0.56,4171,0.17245814679870775,0.19260906213136542,0.11684525032138793
KG20C,balanced5_rf,0.58,4320,0.17168115680649063,0.1911643803960721,0.1134849272453462
KG20C,balanced5_rf,0.6,4469,0.1710691939067755,0.1899373309069337,0.11029535224466214
KG20C,balanced5_rf,0.62,4618,0.17098816420213414,0.1889143745518978,0.10483889591663287
KG20C,balanced5_rf,0.64,4767,0.17327529492882815,0.19066253976098996,0.10034462696660551
KG20C,balanced5_rf,0.66,4916,0.17623942529245606,0.19281281049014595,0.09403903337852815
KG20C,balanced5_rf,0.68,5065,0.17629845592025437,0.1923114818867498,0.09082907665248441
KG20C,balanced5_rf,0.7,5214,0.17804295482855506,0.19356442558347847,0.08717823611650166
KG20C,balanced5_rf,0.72,5363,0.18195892135502875,0.19689902911879442,0.08210703631626459
KG20C,balanced5_rf,0.74,5512,0.18956830059219948,0.20382682288915613,0.07521575206621534
KG20C,balanced5_rf,0.76,5660,0.19460895329927866,0.20816803961916813,0.06967349697954384
KG20C,balanced5_rf,0.78,5809,0.20430249015068117,0.21733115645587775,0.06377145131998851
KG20C,balanced5_rf,0.8,5958,0.2076761096425272,0.2200782679837317,0.05971875321890585
KG20C,balanced5_rf,0.82,6107,0.207494648897297,0.21951553246932953,0.05793346303587077
KG20C,balanced5_rf,0.84,6256,0.20833590561565216,0.2199292882680477,0.05564754965369989
KG20C,balanced5_rf,0.86,6405,0.2138165152163468,0.22509975098744314,0.05277064664382736
KG20C,balanced5_rf,0.88,6554,0.21624007111511614,0.22715314335299505,0.0504673910880713
KG20C,balanced5_rf,0.9,6703,0.22511861938005615,0.23573874216444643,0.0471756748226182
KG20C,balanced5_rf,0.92,6852,0.22837414745154533,0.2386418508717381,0.044960007666241086
KG20C,balanced5_rf,0.94,7001,0.22634388891586496,0.236166212267653,0.043395575638621064
KG20C,balanced5_rf,0.96,7150,0.2276250342613093,0.23681893144638796,0.040390536194381044
KG20C,balanced5_rf,0.98,7299,0.22612885370679414,0.23485375183832954,0.038583745455360585
KG20C,balanced5_rf,1.0,7448,0.22638074035722047,0.23398674950607826,0.033598304947920044
WN18RR,balanced5_rf,0.02,121,0.49923980086671027,0.5479466515608375,0.09756203453644785
WN18RR,balanced5_rf,0.04,242,0.4565971406176133,0.4893780250157285,0.0717938889275005
WN18RR,balanced5_rf,0.06,363,0.44576045936803216,0.4726698529125982,0.060367385619434
WN18RR,balanced5_rf,0.08,484,0.3919583367086819,0.4126749087646447,0.05285401563319758
WN18RR,balanced5_rf,0.1,606,0.3550701864474495,0.3720513347751991,0.0478247652883772
WN18RR,balanced5_rf,0.12,727,0.36827826031524,0.3852445296126971,0.04606915782358212
WN18RR,balanced5_rf,0.14,848,0.3583997665958652,0.3743452414626782,0.044490751258756456
WN18RR,balanced5_rf,0.16,969,0.351110525751051,0.36554653927258984,0.04111529693010252
WN18RR,balanced5_rf,0.18,1090,0.34936565929543906,0.36240031325337074,0.03730948824282976
WN18RR,balanced5_rf,0.2,1211,0.34093952215284085,0.35276669413964795,0.034689941230999555
WN18RR,balanced5_rf,0.22,1332,0.346465444977733,0.3575483918926206,0.031988606874200354
WN18RR,balanced5_rf,0.24,1453,0.3383820490481445,0.3489447896876712,0.031215428446157878
WN18RR,balanced5_rf,0.26,1574,0.32377695055406686,0.333639298932314,0.03046031646591918
WN18RR,balanced5_rf,0.28,1695,0.3144811280677004,0.3238196039997415,0.0296948690988883
WN18RR,balanced5_rf,0.3,1816,0.30988977108854393,0.3187547217790999,0.02860678705017028
WN18RR,balanced5_rf,0.32,1938,0.3020786264176968,0.31045824587050397,0.027739862141786586
WN18RR,balanced5_rf,0.34,2059,0.297667011952932,0.3057129589427561,0.027030025722488693
WN18RR,balanced5_rf,0.36,2180,0.28491190558623813,0.2925373189620582,0.026764109278374804
WN18RR,balanced5_rf,0.38,2301,0.27743765482059984,0.2846949761841911,0.02615838635272505
WN18RR,balanced5_rf,0.4,2422,0.2736455649839274,0.28059961879972617,0.02541263117568615
WN18RR,balanced5_rf,0.42,2543,0.2702485182353653,0.27698457218325423,0.024925405666877287
WN18RR,balanced5_rf,0.44,2664,0.2646285245423464,0.2711203946120579,0.024532011735842296
WN18RR,balanced5_rf,0.46,2785,0.2596864376925248,0.26592838317409623,0.0240364708185572
WN18RR,balanced5_rf,0.48,2906,0.2540434536839532,0.26005502890065774,0.023663570658991828
WN18RR,balanced5_rf,0.5,3028,0.24649290267099702,0.25228018691432336,0.02347850254760009
WN18RR,balanced5_rf,0.52,3149,0.24236223201527143,0.24795902506709608,0.023092678282777834
WN18RR,balanced5_rf,0.54,3270,0.23882374873084444,0.24422412933151938,0.022612410320889786
WN18RR,balanced5_rf,0.56,3391,0.23823541948669077,0.24349842622397352,0.02209162159271938
WN18RR,balanced5_rf,0.58,3512,0.23655840147985457,0.24171325862381504,0.021791055027903683
WN18RR,balanced5_rf,0.6,3633,0.23504687150458303,0.23993770783404006,0.020807919280736664
WN18RR,balanced5_rf,0.62,3754,0.24568190016032737,0.2504481495793564,0.019400083668836388
WN18RR,balanced5_rf,0.64,3875,0.25876345686231167,0.26331447153543514,0.017587547825754557
WN18RR,balanced5_rf,0.66,3996,0.27560928823881503,0.2799562705910458,0.015772263627284122
WN18RR,balanced5_rf,0.68,4117,0.29585853835470055,0.3000807749212666,0.01427113305583938
WN18RR,balanced5_rf,0.7,4238,0.315562281249964,0.31966396766655863,0.012998024986850654
WN18RR,balanced5_rf,0.72,4360,0.33470708929875415,0.3386940037559853,0.011911652261636041
WN18RR,balanced5_rf,0.74,4481,0.3526651587261238,0.3565444149264202,0.010999828319612881
WN18RR,balanced5_rf,0.76,4602,0.36968680567679385,0.3734600082686276,0.010206484337264898
WN18RR,balanced5_rf,0.78,4723,0.38582913341055336,0.3895056691563969,0.009528922073210655
WN18RR,balanced5_rf,0.8,4844,0.40116434250196215,0.4047490407529157,0.008935734987303823
WN18RR,balanced5_rf,0.82,4965,0.4157523918382235,0.41924972886292017,0.008412067118203304
WN18RR,balanced5_rf,0.84,5086,0.42964573946397594,0.43305987204903673,0.007946389947495414
WN18RR,balanced5_rf,0.86,5207,0.44270637333115165,0.44604107884487754,0.007532544626890791
WN18RR,balanced5_rf,0.88,5328,0.45535688033273175,0.4586158539832519,0.00715696586848269
WN18RR,balanced5_rf,0.9,5450,0.4675434878786633,0.47072950835755706,0.006814383178235239
WN18RR,balanced5_rf,0.92,5571,0.47910258443076625,0.48221940575727334,0.006505540624896167
WN18RR,balanced5_rf,0.94,5692,0.4901699779179105,0.4932205421501612,0.00622348240340731
WN18RR,balanced5_rf,0.96,5813,0.5007771332726589,0.503764198748312,0.005964859969008751
WN18RR,balanced5_rf,0.98,5934,0.5108710146078359,0.5137955979002216,0.005724699990330651
WN18RR,balanced5_rf,1.0,6055,0.5112021246888967,0.5133269561687425,0.004156538827257084
YAGO3-10,balanced5_rf,0.02,200,0.2729923135646304,0.48318378755939745,0.7699538175641882
YAGO3-10,balanced5_rf,0.04,399,0.31640194658381726,0.49947719941927776,0.5786160762034456
YAGO3-10,balanced5_rf,0.06,598,0.3496968606613677,0.5302879530116288,0.5164218289198148
YAGO3-10,balanced5_rf,0.08,798,0.365149216432439,0.5286839678744142,0.4478573253962681
YAGO3-10,balanced5_rf,0.1,998,0.3825753109590961,0.5313558148790156,0.38889206819680733
YAGO3-10,balanced5_rf,0.12,1197,0.400862295634929,0.5437542813679122,0.35646152628711425
YAGO3-10,balanced5_rf,0.14,1397,0.4103662804276038,0.5403518031717045,0.3167548820255288
YAGO3-10,balanced5_rf,0.16,1596,0.4134312680460742,0.5323695463501036,0.2876857352036917
YAGO3-10,balanced5_rf,0.18,1796,0.4230483335773239,0.5327166440730025,0.25923352437844693
YAGO3-10,balanced5_rf,0.2,1995,0.42255197970050334,0.5259033365832902,0.24458850472323035
YAGO3-10,balanced5_rf,0.22,2194,0.4264128210129357,0.5240231258779828,0.22891034240756558
YAGO3-10,balanced5_rf,0.24,2394,0.42758686270673313,0.5192998775044001,0.21448978627898052
YAGO3-10,balanced5_rf,0.26,2594,0.4294522433115922,0.5156977615443442,0.20082679640393897
YAGO3-10,balanced5_rf,0.28,2793,0.4301866735439073,0.5127191764018458,0.19185276516827
YAGO3-10,balanced5_rf,0.3,2992,0.43676091392433464,0.5148868019270646,0.17887563999434408
YAGO3-10,balanced5_rf,0.32,3192,0.44626408446497756,0.5209455055340627,0.16734804271470805
YAGO3-10,balanced5_rf,0.34,3392,0.45106567435387485,0.5217573587595707,0.15672148962999155
YAGO3-10,balanced5_rf,0.36,3591,0.45502145338269184,0.5218946682368784,0.14696716903574947
YAGO3-10,balanced5_rf,0.38,3790,0.4601859525051865,0.5235653976337882,0.1377257275750663
YAGO3-10,balanced5_rf,0.4,3990,0.4682996139993587,0.528075368574662,0.1276442533548301
YAGO3-10,balanced5_rf,0.42,4190,0.47473097440296086,0.5314849849678385,0.1195498369076371
YAGO3-10,balanced5_rf,0.44,4389,0.48234562548933013,0.5356582171896175,0.11052778108270966
YAGO3-10,balanced5_rf,0.46,4588,0.48768093122668904,0.5384704799868266,0.10414503727341562
YAGO3-10,balanced5_rf,0.48,4788,0.4965293791221025,0.5448667682805277,0.09735051175398524
YAGO3-10,balanced5_rf,0.5,4988,0.5050876514483057,0.5513880068254852,0.09166796148038125
YAGO3-10,balanced5_rf,0.52,5187,0.5101534137173931,0.5539801220448985,0.0859088798566463
YAGO3-10,balanced5_rf,0.54,5386,0.5159571565200664,0.5580818692798536,0.08164381911843677
YAGO3-10,balanced5_rf,0.56,5586,0.5209985744368119,0.561521285001409,0.0777789279143446
YAGO3-10,balanced5_rf,0.58,5786,0.5243397125459038,0.5628758108107469,0.07349452529111922
YAGO3-10,balanced5_rf,0.6,5985,0.5279410178963077,0.5651178633591761,0.0704185585181607
YAGO3-10,balanced5_rf,0.62,6184,0.5318370181577193,0.5674899140027407,0.0670372588364061
YAGO3-10,balanced5_rf,0.64,6384,0.5383592818470515,0.5729022378328641,0.0641633889310862
YAGO3-10,balanced5_rf,0.66,6584,0.5439478785076534,0.5773299089924346,0.06136990657334018
YAGO3-10,balanced5_rf,0.68,6783,0.5484598416161721,0.5806096763385745,0.05861839333152452
YAGO3-10,balanced5_rf,0.7,6982,0.554134039207389,0.5852735497604618,0.05619490655656789
YAGO3-10,balanced5_rf,0.72,7182,0.5598040582737325,0.5899276286240142,0.053810918132986885
YAGO3-10,balanced5_rf,0.74,7382,0.5614380754800504,0.5905742242486877,0.051895569682773646
YAGO3-10,balanced5_rf,0.76,7581,0.5642780822670913,0.5926305497126242,0.05024555859341828
YAGO3-10,balanced5_rf,0.78,7780,0.5706592251727468,0.5982471731632357,0.048343997211536704
YAGO3-10,balanced5_rf,0.8,7980,0.5758030232335618,0.6026274561816068,0.04658612731382683
YAGO3-10,balanced5_rf,0.82,8179,0.5753733735342684,0.601414006907181,0.045258669536541785
YAGO3-10,balanced5_rf,0.84,8379,0.5751544591583797,0.6005616167952326,0.04417449475055979
YAGO3-10,balanced5_rf,0.86,8578,0.5708150054625112,0.5956304338502101,0.043473679125852316
YAGO3-10,balanced5_rf,0.88,8778,0.5702867581314464,0.5945359575584293,0.042521063449615815
YAGO3-10,balanced5_rf,0.9,8978,0.5695165631756844,0.5931650186573701,0.04152373611369509
YAGO3-10,balanced5_rf,0.92,9177,0.5727970086198099,0.5956946777823772,0.03997518984559756
YAGO3-10,balanced5_rf,0.94,9376,0.5774970324514703,0.5999079192817053,0.03880692985572742
YAGO3-10,balanced5_rf,0.96,9576,0.5657868929001139,0.5877280981428863,0.038779981505591365
YAGO3-10,balanced5_rf,0.98,9776,0.5631742876046475,0.584113504448776,0.03718070463264467
YAGO3-10,balanced5_rf,1.0,9975,0.5616723217905851,0.5802260659200453,0.033033039745151926
codex-l,balanced5_rf,0.02,1223,0.2577053255468829,0.35966265792687074,0.39563533335456547
codex-l,balanced5_rf,0.04,2445,0.2867276859696025,0.3553806399284546,0.2394360827999369
codex-l,balanced5_rf,0.06,3668,0.3268710729097895,0.3823827835423867,0.1698275412945991
codex-l,balanced5_rf,0.08,4890,0.3438940042793653,0.3938881102740766,0.14537649791096152
codex-l,balanced5_rf,0.1,6113,0.3561702977116486,0.3997867243802944,0.12245947219315068
codex-l,balanced5_rf,0.12,7335,0.3781465478580339,0.4162435714874941,0.10074671802573953
codex-l,balanced5_rf,0.14,8558,0.38826578119101857,0.42298294137036035,0.08941596674537156
codex-l,balanced5_rf,0.16,9781,0.3796347932255643,0.41131294954602676,0.08344376460152447
codex-l,balanced5_rf,0.18,11003,0.36552120243546643,0.3942582404951433,0.0786193464789513
codex-l,balanced5_rf,0.2,12226,0.3591738049643243,0.38672398940887737,0.07670432549302864
codex-l,balanced5_rf,0.22,13448,0.3502008054558146,0.37638176915360005,0.0747598614563687
codex-l,balanced5_rf,0.24,14671,0.34567245571102423,0.3698019487223311,0.06980450022167428
codex-l,balanced5_rf,0.26,15894,0.34692287028779567,0.3693504998155901,0.06464730765426108
codex-l,balanced5_rf,0.28,17116,0.3514456806096541,0.3726461380164384,0.06032356798355809
codex-l,balanced5_rf,0.3,18339,0.355579632650717,0.37558764443317144,0.05626872279860895
codex-l,balanced5_rf,0.32,19561,0.3562422069342867,0.3753733106190375,0.053702518433700774
codex-l,balanced5_rf,0.34,20784,0.35178977099519226,0.3698508136737585,0.0513404429795461
codex-l,balanced5_rf,0.36,22006,0.3429143919629744,0.3600335841959421,0.049922641435288906
codex-l,balanced5_rf,0.38,23229,0.3367729683577645,0.3530235566922762,0.048253838227444
codex-l,balanced5_rf,0.4,24452,0.3315339543174502,0.34698602806076734,0.04660781661151203
codex-l,balanced5_rf,0.42,25674,0.32503227561222336,0.33995122335282313,0.0458998962872188
codex-l,balanced5_rf,0.44,26897,0.32292314160566,0.3371490864212924,0.044053655445370765
codex-l,balanced5_rf,0.46,28119,0.31898739392024883,0.3326448792710103,0.04281512564780532
codex-l,balanced5_rf,0.48,29342,0.31642331768072246,0.3294715476011502,0.04123662572046505
codex-l,balanced5_rf,0.5,30564,0.31458360798327406,0.3271502016950637,0.039946753082118036
codex-l,balanced5_rf,0.52,31787,0.3131131204340033,0.32515994081528,0.03847433912887044
codex-l,balanced5_rf,0.54,33010,0.3115821227978445,0.32327278123479086,0.037520311922810023
codex-l,balanced5_rf,0.56,34232,0.30658661911659696,0.31779360483172336,0.03655406014593332
codex-l,balanced5_rf,0.58,35455,0.3050576408394816,0.31597544618572276,0.03578931940926533
codex-l,balanced5_rf,0.6,36677,0.30130418930261227,0.3119434636110214,0.035310741390733424
codex-l,balanced5_rf,0.62,37900,0.30055092296897973,0.310900647076645,0.034435842037768394
codex-l,balanced5_rf,0.64,39123,0.3000869678379999,0.31016573467478925,0.03358615307223323
codex-l,balanced5_rf,0.66,40345,0.2993313098534071,0.30911992835192215,0.03270161916342418
codex-l,balanced5_rf,0.68,41568,0.300643104443656,0.31021722422232,0.0318454660597689
codex-l,balanced5_rf,0.7,42790,0.3046905781723916,0.31400885505340553,0.030582753614854852
codex-l,balanced5_rf,0.72,44013,0.3091444616004735,0.3182568384055343,0.029476112099453777
codex-l,balanced5_rf,0.74,45235,0.31209436924954037,0.3208776429031874,0.028143005831111845
codex-l,balanced5_rf,0.76,46458,0.3200818728559846,0.32863467478450165,0.02672066947185492
codex-l,balanced5_rf,0.78,47681,0.3255854042787794,0.33390805606108376,0.025562115724260703
codex-l,balanced5_rf,0.8,48903,0.3304987161548787,0.3385589877126996,0.02438820837671174
codex-l,balanced5_rf,0.82,50126,0.3385271333314003,0.3463819731081099,0.023202984349913747
codex-l,balanced5_rf,0.84,51348,0.3376105973345527,0.34510568007352876,0.022200377589299602
codex-l,balanced5_rf,0.86,52571,0.3347851306671704,0.3420211464300279,0.02161391023680559
codex-l,balanced5_rf,0.88,53794,0.33574043300565765,0.3427504497640655,0.020879274788716762
codex-l,balanced5_rf,0.9,55016,0.3392477021354801,0.3459806059840889,0.019846571712134997
codex-l,balanced5_rf,0.92,56239,0.3427742672161955,0.3492866102527527,0.018998926288856133
codex-l,balanced5_rf,0.94,57461,0.344289023535592,0.3504920831074436,0.018017012300162394
codex-l,balanced5_rf,0.96,58684,0.3389532659078194,0.34493668598204613,0.017652640278303044
codex-l,balanced5_rf,0.98,59906,0.3354927226886877,0.34091809514633625,0.01617135660698943
codex-l,balanced5_rf,1.0,61129,0.32990176871301513,0.334842792661744,0.014977258133547888
codex-m,balanced5_rf,0.02,412,0.12499938445968108,0.1873412692004612,0.4987375338707263
codex-m,balanced5_rf,0.04,824,0.17743830962609677,0.22404241767567365,0.262649639459384
codex-m,balanced5_rf,0.06,1236,0.22120128480971032,0.25843391235083774,0.16832012333543633
codex-m,balanced5_rf,0.08,1648,0.24647078791094698,0.28031594664051934,0.13731914851426952
codex-m,balanced5_rf,0.1,2059,0.2571638523646358,0.28696406793834395,0.11588026582932831
codex-m,balanced5_rf,0.12,2471,0.2599717041779337,0.28678042294624834,0.10312167954234663
codex-m,balanced5_rf,0.14,2883,0.24958616842986575,0.27356210132631137,0.09606274677509985
codex-m,balanced5_rf,0.16,3295,0.25970487892306693,0.28063953578188044,0.08060940920950133
codex-m,balanced5_rf,0.18,3707,0.26691280628531866,0.28591067320117775,0.07117630352869297
codex-m,balanced5_rf,0.2,4119,0.2663281067104136,0.2836448367597685,0.06502028743133681
codex-m,balanced5_rf,0.22,4531,0.2653453149818682,0.28072765511846404,0.0579710259351931
codex-m,balanced5_rf,0.24,4943,0.2627339720029613,0.2773252711047717,0.0555364005293002
codex-m,balanced5_rf,0.26,5354,0.2630112596533357,0.27684001568047595,0.05257857038275593
codex-m,balanced5_rf,0.28,5766,0.2638162870298615,0.2772184794714801,0.050801232147208664
codex-m,balanced5_rf,0.3,6178,0.2669996363026238,0.2796278760294402,0.047296842429040975
codex-m,balanced5_rf,0.32,6590,0.26863270175707693,0.28035598422150976,0.043640563445005
codex-m,balanced5_rf,0.34,7002,0.26728900656001714,0.27844558095411764,0.04173974282625581
codex-m,balanced5_rf,0.36,7414,0.2693912079935908,0.28006304857222014,0.0396146580213681
codex-m,balanced5_rf,0.38,7826,0.26285936101799845,0.2730968076475689,0.03894647917396954
codex-m,balanced5_rf,0.4,8238,0.26100976223954164,0.27089459778523317,0.037871516608714906
codex-m,balanced5_rf,0.42,8649,0.25531297777229434,0.2649467081518236,0.037733022675099814
codex-m,balanced5_rf,0.44,9061,0.25403443062340714,0.26330386836611186,0.03648890317724751
codex-m,balanced5_rf,0.46,9473,0.25575454609098763,0.2647037734717956,0.034991469428755195
codex-m,balanced5_rf,0.48,9885,0.2532222592496856,0.2617943424165179,0.03385201282158978
codex-m,balanced5_rf,0.5,10297,0.25911895028169785,0.2671889686331465,0.0311440685549067
codex-m,balanced5_rf,0.52,10709,0.2624133823518997,0.2700950060757412,0.029272987737875233
codex-m,balanced5_rf,0.54,11121,0.26359894711732146,0.2710605252332196,0.028306555081106577
codex-m,balanced5_rf,0.56,11533,0.2702739841101697,0.27746605927970613,0.02661031246945611
codex-m,balanced5_rf,0.58,11945,0.28042245858421744,0.2873067745837219,0.024549802588072378
codex-m,balanced5_rf,0.6,12356,0.2869158556828131,0.2934322895992218,0.022712003492803445
codex-m,balanced5_rf,0.62,12768,0.28856582829790606,0.29486938291991727,0.021844425097706344
codex-m,balanced5_rf,0.64,13180,0.2997486873134037,0.30581410582237356,0.02023501274795625
codex-m,balanced5_rf,0.66,13592,0.30116392857301033,0.3071217686891979,0.019782714830482107
codex-m,balanced5_rf,0.68,14004,0.3002263843418271,0.30599454028633843,0.01921268830904599
codex-m,balanced5_rf,0.7,14416,0.30583899573938395,0.3113758123497887,0.018103697329437063
codex-m,balanced5_rf,0.72,14828,0.3082043007602969,0.3135671219193335,0.01740021520078483
codex-m,balanced5_rf,0.74,15240,0.3080687196940282,0.31323088399608034,0.016756535058733535
codex-m,balanced5_rf,0.76,15651,0.3101192187729333,0.3150565567841277,0.01592077405176706
codex-m,balanced5_rf,0.78,16063,0.3144246649827526,0.3192113967752588,0.015223779574572216
codex-m,balanced5_rf,0.8,16475,0.31889761195278155,0.3235657719840248,0.014638428938547499
codex-m,balanced5_rf,0.82,16887,0.32315050699092257,0.3277021046922728,0.014085070587489756
codex-m,balanced5_rf,0.84,17299,0.325684177392809,0.3301397923984276,0.013680784376100208
codex-m,balanced5_rf,0.86,17711,0.328767248847138,0.3330964240837317,0.013167902982351487
codex-m,balanced5_rf,0.88,18123,0.33477512082089134,0.33897042909246505,0.012531720580927663
codex-m,balanced5_rf,0.9,18535,0.33879882903194236,0.3428280015001246,0.011892521823923863
codex-m,balanced5_rf,0.92,18946,0.3415561293472872,0.3454850304406525,0.011502944189212494
codex-m,balanced5_rf,0.94,19358,0.3462409997404741,0.34988791839297084,0.01053289083392861
codex-m,balanced5_rf,0.96,19770,0.3433932890899832,0.34675978110023786,0.009803604546775313
codex-m,balanced5_rf,0.98,20182,0.34430045466026354,0.34735429602682566,0.008869698907529644
codex-m,balanced5_rf,1.0,20594,0.34234153499948855,0.3449297847479118,0.0075604315685127155
hetionet,balanced5_rf,0.02,9001,0.3346241385062961,0.5507027977975943,0.6457354220046283
hetionet,balanced5_rf,0.04,18002,0.38008589385899727,0.571108604139469,0.5025777419441315
hetionet,balanced5_rf,0.06,27002,0.40570243223779473,0.576518329041417,0.4210373989168046
hetionet,balanced5_rf,0.08,36003,0.4343845678420839,0.5885311081680483,0.354861916692222
hetionet,balanced5_rf,0.1,45004,0.46080139211525756,0.603647295721806,0.30999451401574585
hetionet,balanced5_rf,0.12,54005,0.48445829281862923,0.6171380919227307,0.2738724903069705
hetionet,balanced5_rf,0.14,63006,0.5043937083456245,0.6279106134281645,0.2448819306007337
hetionet,balanced5_rf,0.16,72006,0.5172229526636967,0.6335868834898717,0.2249782810814971
hetionet,balanced5_rf,0.18,81007,0.530404365797396,0.6389315572120463,0.20461217594145054
hetionet,balanced5_rf,0.2,90008,0.5480707821403367,0.6472134098396922,0.1808938387705723
hetionet,balanced5_rf,0.22,99009,0.5610959273363383,0.6519844392126348,0.16198390943196972
hetionet,balanced5_rf,0.24,108010,0.5709036856644608,0.6550294684859228,0.14735547332042542
hetionet,balanced5_rf,0.26,117010,0.5736892430916771,0.6533843790980058,0.13891690835415083
hetionet,balanced5_rf,0.28,126011,0.5785627327989418,0.6535124889903281,0.12954473550136592
hetionet,balanced5_rf,0.3,135012,0.5815692619806216,0.6524119129342085,0.12181292166701096
hetionet,balanced5_rf,0.32,144013,0.5822623704132234,0.6490626443176789,0.11472538377681585
hetionet,balanced5_rf,0.34,153014,0.5763508086186274,0.6394154846248784,0.10942064288484588
hetionet,balanced5_rf,0.36,162014,0.5731433820219201,0.6325481392975548,0.10364728816385926
hetionet,balanced5_rf,0.38,171015,0.5712066951856283,0.6271597646386942,0.09795590619763739
hetionet,balanced5_rf,0.4,180016,0.5676695880329536,0.620919747608337,0.09380484827433122
hetionet,balanced5_rf,0.42,189017,0.5665883648525173,0.6172873561471385,0.08948117264606759
hetionet,balanced5_rf,0.44,198018,0.5626517860954872,0.6108997800077609,0.08575107216328215
hetionet,balanced5_rf,0.46,207018,0.5623715982219147,0.6083560201498234,0.0817687487655856
hetionet,balanced5_rf,0.48,216019,0.5613873295560662,0.6053473090999774,0.07830597028022313
hetionet,balanced5_rf,0.5,225020,0.5589049006230513,0.6009474744102494,0.07522312604582693
hetionet,balanced5_rf,0.52,234021,0.5532877283006102,0.5934759082810391,0.07263522743196282
hetionet,balanced5_rf,0.54,243022,0.5489038988117496,0.5874327182715219,0.0701922860143247
hetionet,balanced5_rf,0.56,252022,0.5446994269706943,0.5818041431982786,0.06811961678377276
hetionet,balanced5_rf,0.58,261023,0.5328463612288822,0.5686304856681298,0.06715655213769334
hetionet,balanced5_rf,0.6,270024,0.5194503635333014,0.5539935567757893,0.06649950730138121
hetionet,balanced5_rf,0.62,279025,0.5061127676528144,0.5395071385644662,0.0659820756281726
hetionet,balanced5_rf,0.64,288026,0.4932728909186313,0.5256932409900277,0.06572497834012192
hetionet,balanced5_rf,0.66,297026,0.4815234466083693,0.5129389868027826,0.06524197402159748
hetionet,balanced5_rf,0.68,306027,0.4696352445739269,0.5001396965420503,0.06495349810425388
hetionet,balanced5_rf,0.7,315028,0.46003207003861174,0.4896524066033745,0.06438754707313477
hetionet,balanced5_rf,0.72,324029,0.4511876252649588,0.4799870760452246,0.06383032061961669
hetionet,balanced5_rf,0.74,333030,0.44320280643555715,0.47116987444455605,0.06310219069667689
hetionet,balanced5_rf,0.76,342030,0.436824458817778,0.4639052414922999,0.06199465741413235
hetionet,balanced5_rf,0.78,351031,0.43009916406688964,0.4563121011400278,0.06094626370643552
hetionet,balanced5_rf,0.8,360032,0.42479109283409483,0.4501803910540887,0.05976890440569993
hetionet,balanced5_rf,0.82,369033,0.41865577633248974,0.44334069396226067,0.05896232424168568
hetionet,balanced5_rf,0.84,378034,0.41202194921059276,0.43609408845556025,0.05842440989148301
hetionet,balanced5_rf,0.86,387034,0.406287634887143,0.4297601821603389,0.0577732258076622
hetionet,balanced5_rf,0.88,396035,0.40005371086606906,0.42295597131464785,0.05724796402712551
hetionet,balanced5_rf,0.9,405036,0.3939816916404601,0.41616219473625543,0.05629830920173018
hetionet,balanced5_rf,0.92,414037,0.3881927596423039,0.40946004922308743,0.05478538445791736
hetionet,balanced5_rf,0.94,423038,0.38324620601753123,0.4037486035315168,0.0534966744407841
hetionet,balanced5_rf,0.96,432038,0.37718824543315904,0.3969491814021629,0.052390116097893236
hetionet,balanced5_rf,0.98,441039,0.37190536075044295,0.3908225218700111,0.050865524179044996
hetionet,balanced5_rf,1.0,450040,0.3731884548334996,0.39032189792982724,0.04591096770121639
FB15k-237,balanced5_global_rf,0.02,816,0.20188199753474095,0.2825528020829707,0.3995938495424658
FB15k-237,balanced5_global_rf,0.04,1633,0.20807145060192442,0.2717950499721123,0.30625825496887504
FB15k-237,balanced5_global_rf,0.06,2449,0.21531591039617284,0.2660433414152986,0.23559536741056109
FB15k-237,balanced5_global_rf,0.08,3266,0.20147490303090382,0.2478610421145121,0.23023283985148857
FB15k-237,balanced5_global_rf,0.1,4082,0.21267833072086048,0.25374442712431994,0.1930901764381372
FB15k-237,balanced5_global_rf,0.12,4898,0.2264419662036466,0.2622240366156393,0.1580187233483601
FB15k-237,balanced5_global_rf,0.14,5715,0.23916389263168653,0.27040272392425235,0.1306168374700012
FB15k-237,balanced5_global_rf,0.16,6531,0.24575935691779538,0.274128172190936,0.11543330691018117
FB15k-237,balanced5_global_rf,0.18,7347,0.2550809745694819,0.2803385472381198,0.09901786172515159
FB15k-237,balanced5_global_rf,0.2,8164,0.26125665872435905,0.2839657479041051,0.08692252779557075
FB15k-237,balanced5_global_rf,0.22,8980,0.2653030209763718,0.28590569549991107,0.07765714256745748
FB15k-237,balanced5_global_rf,0.24,9797,0.2674248844624511,0.28605046950317725,0.06964791282668137
FB15k-237,balanced5_global_rf,0.26,10613,0.27659444933014443,0.2936306110246775,0.06159256534536839
FB15k-237,balanced5_global_rf,0.28,11429,0.2795388075284173,0.2951965220443065,0.05601266834586993
FB15k-237,balanced5_global_rf,0.3,12246,0.282925818371987,0.2974252840178492,0.05124829444444168
FB15k-237,balanced5_global_rf,0.32,13062,0.2876698373392697,0.30085292109886524,0.045827132526403025
FB15k-237,balanced5_global_rf,0.34,13878,0.28866326905998446,0.3006772725718537,0.04161943967097792
FB15k-237,balanced5_global_rf,0.36,14695,0.2918114950481222,0.30288066601907127,0.037932607723776046
FB15k-237,balanced5_global_rf,0.38,15511,0.2923544378975856,0.3026445099113575,0.03519724922861145
FB15k-237,balanced5_global_rf,0.4,16328,0.2978111888055777,0.30760905838044766,0.032899601973203074
FB15k-237,balanced5_global_rf,0.42,17144,0.299616815485503,0.3087983229863473,0.030644166236018622
FB15k-237,balanced5_global_rf,0.44,17960,0.30812136646163396,0.3168465115415225,0.02831723479642223
FB15k-237,balanced5_global_rf,0.46,18777,0.31914596861017275,0.3272382188505486,0.025355953188493263
FB15k-237,balanced5_global_rf,0.48,19593,0.3309848103865024,0.33858523451788103,0.022963060215673847
FB15k-237,balanced5_global_rf,0.5,20410,0.3361918796824659,0.34342832014059993,0.021524733033316812
FB15k-237,balanced5_global_rf,0.52,21226,0.33402373948305564,0.34094844585576095,0.020731180314974562
FB15k-237,balanced5_global_rf,0.54,22042,0.3323541079168064,0.33892903922173756,0.019782909698763174
FB15k-237,balanced5_global_rf,0.56,22859,0.33071844907461984,0.33701156788341136,0.019028629416956377
FB15k-237,balanced5_global_rf,0.58,23675,0.33024229681299644,0.33632956881278353,0.018432744861976547
FB15k-237,balanced5_global_rf,0.6,24491,0.328161615917668,0.33404322083767196,0.017922891144830144
FB15k-237,balanced5_global_rf,0.62,25308,0.3250512949868392,0.33074472175719266,0.01751547173680379
FB15k-237,balanced5_global_rf,0.64,26124,0.3211669482549496,0.3266739373093723,0.0171468112903419
FB15k-237,balanced5_global_rf,0.66,26941,0.3230242680198088,0.32832171407586414,0.016399529634505416
FB15k-237,balanced5_global_rf,0.68,27757,0.33095467147456775,0.3360764418196888,0.015475745733701363
FB15k-237,balanced5_global_rf,0.7,28573,0.3374654039269969,0.34244790202266834,0.01476447078038623
FB15k-237,balanced5_global_rf,0.72,29390,0.3387318247511996,0.34354945579810536,0.014222552163335456
FB15k-237,balanced5_global_rf,0.74,30206,0.3374120877113668,0.3421167237225944,0.013943294216691049
FB15k-237,balanced5_global_rf,0.76,31022,0.33493822830988446,0.3395157525408402,0.013666771494117436
FB15k-237,balanced5_global_rf,0.78,31839,0.3350405941087199,0.3395004299732459,0.013311329859565735
FB15k-237,balanced5_global_rf,0.8,32655,0.3331732666368503,0.33751303196192095,0.013025550845893186
FB15k-237,balanced5_global_rf,0.82,33472,0.3303606505672431,0.33459982384994963,0.012831955850152399
FB15k-237,balanced5_global_rf,0.84,34288,0.334923804117167,0.3390320588766674,0.012266237003754954
FB15k-237,balanced5_global_rf,0.86,35104,0.3430639483686578,0.347081265934891,0.011710112896841762
FB15k-237,balanced5_global_rf,0.88,35921,0.34904692737313,0.3529564279987896,0.011200501477213631
FB15k-237,balanced5_global_rf,0.9,36737,0.35728454075719934,0.36110379109562996,0.010689660208461405
FB15k-237,balanced5_global_rf,0.92,37553,0.3599652416478162,0.3637008683662971,0.010377742865895323
FB15k-237,balanced5_global_rf,0.94,38370,0.35915212619681625,0.3627938773085993,0.01013985675191953
FB15k-237,balanced5_global_rf,0.96,39186,0.3572613503785958,0.3607270255030298,0.00970067184922585
FB15k-237,balanced5_global_rf,0.98,40003,0.3563717999181763,0.3596965062709914,0.009329319417469284
FB15k-237,balanced5_global_rf,1.0,40819,0.35281198551723697,0.35605305507138213,0.009186393000208293
KG20C,balanced5_global_rf,0.02,149,0.23027077292170914,0.32704422263096855,0.42025936892200333
KG20C,balanced5_global_rf,0.04,298,0.19906378306078454,0.2609333793699357,0.3108028761327175
KG20C,balanced5_global_rf,0.06,447,0.19118712136146246,0.23853349380124275,0.24764415146073682
KG20C,balanced5_global_rf,0.08,596,0.18948119432814883,0.2290306052123806,0.2087247287228884
KG20C,balanced5_global_rf,0.1,745,0.17671612345293805,0.21220597486436416,0.200829730292706
KG20C,balanced5_global_rf,0.12,894,0.1660857726795755,0.19922014545042505,0.1995015722073603
KG20C,balanced5_global_rf,0.14,1043,0.1618806329893818,0.1920354874259331,0.18627833286597806
KG20C,balanced5_global_rf,0.16,1192,0.1564082764188389,0.18663976637645277,0.19328574324710468
KG20C,balanced5_global_rf,0.18,1341,0.1525391881255564,0.18042993848129352,0.18284318081449347
KG20C,balanced5_global_rf,0.2,1490,0.14875399604955608,0.17580619075140835,0.18185860830817657
KG20C,balanced5_global_rf,0.22,1639,0.1457844907371545,0.17101082679864432,0.17303854431931476
KG20C,balanced5_global_rf,0.24,1788,0.14554274256799082,0.1693796461450226,0.16377940360644416
KG20C,balanced5_global_rf,0.26,1936,0.1451345962038497,0.16882492353761758,0.16323004957752096
KG20C,balanced5_global_rf,0.28,2085,0.1492015233346305,0.17139352012144118,0.14873840622282586
KG20C,balanced5_global_rf,0.3,2234,0.15275638547465073,0.17308222216520933,0.13306047159600798
KG20C,balanced5_global_rf,0.32,2383,0.15348128862021945,0.17267298314018745,0.12504256833194005
KG20C,balanced5_global_rf,0.34,2532,0.15348885675330817,0.17278090632593102,0.1256902291195614
KG20C,balanced5_global_rf,0.36,2681,0.15309078488887015,0.17121940350790577,0.11841743859498344
KG20C,balanced5_global_rf,0.38,2830,0.15489313335404953,0.17259567927257596,0.11428877145936833
KG20C,balanced5_global_rf,0.4,2979,0.1560624775894695,0.17385610624268208,0.11401605900439216
KG20C,balanced5_global_rf,0.42,3128,0.15806946349003362,0.17496608451862808,0.10689364444929494
KG20C,balanced5_global_rf,0.44,3277,0.15702264485478531,0.17354336443780308,0.10521233799300811
KG20C,balanced5_global_rf,0.46,3426,0.15691228044515607,0.1722891136199052,0.09799636542866796
KG20C,balanced5_global_rf,0.48,3575,0.15772332079940263,0.17216562328383792,0.09156732442124693
KG20C,balanced5_global_rf,0.5,3724,0.15871609545536922,0.17266256302030528,0.08787053086785268
KG20C,balanced5_global_rf,0.52,3873,0.15717064652441656,0.17049617057091496,0.08478379609151943
KG20C,balanced5_global_rf,0.54,4022,0.15632033561922468,0.16954794284283298,0.0846185953427645
KG20C,balanced5_global_rf,0.56,4171,0.15731035170729427,0.16995625258947664,0.08038823093926117
KG20C,balanced5_global_rf,0.58,4320,0.16003354866497538,0.17204757548429822,0.07507192660255124
KG20C,balanced5_global_rf,0.6,4469,0.1603326766572729,0.1718050157316906,0.07155334342069875
KG20C,balanced5_global_rf,0.62,4618,0.16216212629497173,0.17330353328237114,0.06870535828528346
KG20C,balanced5_global_rf,0.64,4767,0.16242531468351812,0.17282558162954278,0.06403107154995724
KG20C,balanced5_global_rf,0.66,4916,0.16074930906548518,0.17128085530943646,0.06551534376835799
KG20C,balanced5_global_rf,0.68,5065,0.16093397870429474,0.17120096203756693,0.06379624375121606
KG20C,balanced5_global_rf,0.7,5214,0.16228102740614797,0.17244824738430245,0.06265193251894141
KG20C,balanced5_global_rf,0.72,5363,0.16205740406022484,0.17169019797617036,0.05944062828728103
KG20C,balanced5_global_rf,0.74,5512,0.160789029844165,0.1702575044585604,0.058887566045843664
KG20C,balanced5_global_rf,0.76,5660,0.16166126010276177,0.17108829810590562,0.058313525436777036
KG20C,balanced5_global_rf,0.78,5809,0.16400396803714948,0.17345461053274458,0.05762447463133569
KG20C,balanced5_global_rf,0.8,5958,0.16437109368352534,0.173600559223034,0.05615017417404755
KG20C,balanced5_global_rf,0.82,6107,0.16329967828547898,0.17201398478811913,0.05336389265510921
KG20C,balanced5_global_rf,0.84,6256,0.16431282334493771,0.17303820255108682,0.05310224137426056
KG20C,balanced5_global_rf,0.86,6405,0.1754071024117899,0.18378738939066536,0.04777621238621066
KG20C,balanced5_global_rf,0.88,6554,0.17850605118954316,0.18656303717110853,0.04513564625890587
KG20C,balanced5_global_rf,0.9,6703,0.18598846156055984,0.19398127905339685,0.04297480298386391
KG20C,balanced5_global_rf,0.92,6852,0.19271507298060492,0.20080921788553988,0.0420005803373229
KG20C,balanced5_global_rf,0.94,7001,0.19943787385330955,0.20749562960169016,0.04040233478575517
KG20C,balanced5_global_rf,0.96,7150,0.2071428430086601,0.21506585785351223,0.03824903979193195
KG20C,balanced5_global_rf,0.98,7299,0.217558001277085,0.22531927763558524,0.035674515820796504
KG20C,balanced5_global_rf,1.0,7448,0.22638074035722044,0.23398674950607826,0.033598304947920044
WN18RR,balanced5_global_rf,0.02,121,0.6337931138735337,0.6619073146039129,0.04435864024863667
WN18RR,balanced5_global_rf,0.04,242,0.5325211970771716,0.5574260729167991,0.04676785821169549
WN18RR,balanced5_global_rf,0.06,363,0.45366171454132936,0.47400917868320935,0.044851622893618215
WN18RR,balanced5_global_rf,0.08,484,0.3979417585685347,0.41516760086963156,0.043287345271481925
WN18RR,balanced5_global_rf,0.1,606,0.37898012559161787,0.3922871056963127,0.03511260672026428
WN18RR,balanced5_global_rf,0.12,727,0.41660395489838065,0.4273192416952995,0.025720559468842774
WN18RR,balanced5_global_rf,0.14,848,0.47648563057796983,0.4854720350082338,0.018859759567908974
WN18RR,balanced5_global_rf,0.16,969,0.4578669030605225,0.4656568336673458,0.017013526321192796
WN18RR,balanced5_global_rf,0.18,1090,0.4236556191050899,0.43065706931112463,0.016526277217387753
WN18RR,balanced5_global_rf,0.2,1211,0.3954157677080394,0.40174603600457653,0.016009144838177614
WN18RR,balanced5_global_rf,0.22,1332,0.36857763677207556,0.37443588824892277,0.015894213029722826
WN18RR,balanced5_global_rf,0.24,1453,0.3451411632037404,0.35061246206103297,0.015852350981568675
WN18RR,balanced5_global_rf,0.26,1574,0.32702836478251945,0.3321259563893748,0.015587613050768168
WN18RR,balanced5_global_rf,0.28,1695,0.31064363346098867,0.315436203704834,0.01542787209398
WN18RR,balanced5_global_rf,0.3,1816,0.29673790092475405,0.3013906385885144,0.015679620463919575
WN18RR,balanced5_global_rf,0.32,1938,0.2874707709774106,0.29189145892992036,0.015377869330782001
WN18RR,balanced5_global_rf,0.34,2059,0.27512874079530053,0.2793243465489731,0.015249609115879803
WN18RR,balanced5_global_rf,0.36,2180,0.26864760254996034,0.27285655230407607,0.015667177797847653
WN18RR,balanced5_global_rf,0.38,2301,0.2618526639446749,0.2658987928227596,0.015451929406147258
WN18RR,balanced5_global_rf,0.4,2422,0.2546110013061147,0.2585164345957214,0.01533882381190299
WN18RR,balanced5_global_rf,0.42,2543,0.24688136927679138,0.250657906785523,0.015296972468171743
WN18RR,balanced5_global_rf,0.44,2664,0.24374534946878476,0.24750175173499292,0.015411175123524634
WN18RR,balanced5_global_rf,0.46,2785,0.24284491705654176,0.24637902219845093,0.014552930259958075
WN18RR,balanced5_global_rf,0.48,2906,0.24037361897344062,0.24347680844711395,0.012909858772880645
WN18RR,balanced5_global_rf,0.5,3028,0.2425628753830129,0.2457268136457857,0.013043786101961663
WN18RR,balanced5_global_rf,0.52,3149,0.24167466393273915,0.2448384894330034,0.013091258507531345
WN18RR,balanced5_global_rf,0.54,3270,0.23966766671412468,0.24236202088031164,0.011242042796706375
WN18RR,balanced5_global_rf,0.56,3391,0.24537609671934632,0.24801753655666947,0.010764862073522785
WN18RR,balanced5_global_rf,0.58,3512,0.26216640656242135,0.26467120080906614,0.009554215124234045
WN18RR,balanced5_global_rf,0.6,3633,0.28525301091507715,0.2876849693091125,0.008525618664755763
WN18RR,balanced5_global_rf,0.62,3754,0.3082824675235834,0.3106360383401871,0.007634462107137585
WN18RR,balanced5_global_rf,0.64,3875,0.3298743054144017,0.332154384084216,0.006911962018229856
WN18RR,balanced5_global_rf,0.66,3996,0.3458590073339058,0.34809264136466816,0.006458221365927663
WN18RR,balanced5_global_rf,0.68,4117,0.36507684642394916,0.36724483320726875,0.0059384395492503295
WN18RR,balanced5_global_rf,0.7,4238,0.38298731525026963,0.38509979741726924,0.005515801915317198
WN18RR,balanced5_global_rf,0.72,4360,0.3997952069245193,0.40184857853468087,0.005136058598494531
WN18RR,balanced5_global_rf,0.74,4481,0.4145003309322614,0.4164987671229744,0.004821313860517984
WN18RR,balanced5_global_rf,0.76,4602,0.42868998585731816,0.4306530828663158,0.004579292901073284
WN18RR,balanced5_global_rf,0.78,4723,0.4433195704764611,0.44523237429509493,0.004314729026237307
WN18RR,balanced5_global_rf,0.8,4844,0.457218887854159,0.45908391106543217,0.004079059856923584
WN18RR,balanced5_global_rf,0.82,4965,0.4663698931330407,0.46824951478648696,0.0040303237432826045
WN18RR,balanced5_global_rf,0.84,5086,0.4713914686481276,0.4732682502704945,0.003981365271096715
WN18RR,balanced5_global_rf,0.86,5207,0.4787806092444481,0.4806219238063978,0.003845841971034325
WN18RR,balanced5_global_rf,0.88,5328,0.4808688303269037,0.4828338948051432,0.0040864875290496094
WN18RR,balanced5_global_rf,0.9,5450,0.4868049132121916,0.48884538404773054,0.004191557603794083
WN18RR,balanced5_global_rf,0.92,5571,0.4891661520062847,0.49126033778484945,0.004281133864179942
WN18RR,balanced5_global_rf,0.94,5692,0.5000199772916638,0.5020696450661516,0.004099171768275678
WN18RR,balanced5_global_rf,0.96,5813,0.5087861393036165,0.5108075442791725,0.0039729953695726294
WN18RR,balanced5_global_rf,0.98,5934,0.5107570835036891,0.5128964887891813,0.00418869430222335
WN18RR,balanced5_global_rf,1.0,6055,0.5112021246888967,0.5133269561687425,0.004156538827257084
YAGO3-10,balanced5_global_rf,0.02,200,0.3579944846522423,0.5540601258052126,0.5476778262196678
YAGO3-10,balanced5_global_rf,0.04,399,0.43168886261374445,0.5983958774157561,0.3861739999328486
YAGO3-10,balanced5_global_rf,0.06,598,0.4544546933074638,0.593663231494102,0.30631994836162013
YAGO3-10,balanced5_global_rf,0.08,798,0.46653762002357,0.5898611119191066,0.26433772240983733
YAGO3-10,balanced5_global_rf,0.1,998,0.4768336132359606,0.5872784476283484,0.2316213272862
YAGO3-10,balanced5_global_rf,0.12,1197,0.4681902873759105,0.5735380073407446,0.22501047716150135
YAGO3-10,balanced5_global_rf,0.14,1397,0.47225874793458544,0.5661131013120468,0.19873502351821237
YAGO3-10,balanced5_global_rf,0.16,1596,0.48079272755955615,0.5679798016033009,0.18134025131015474
YAGO3-10,balanced5_global_rf,0.18,1796,0.48088403417910025,0.5631422450697402,0.17105623194802044
YAGO3-10,balanced5_global_rf,0.2,1995,0.4808796499980877,0.5611295505913371,0.166881465234739
YAGO3-10,balanced5_global_rf,0.22,2194,0.48087803440592897,0.5552401824514233,0.15463827150549814
YAGO3-10,balanced5_global_rf,0.24,2394,0.4887336804862156,0.5589832818037951,0.14373799908304208
YAGO3-10,balanced5_global_rf,0.26,2594,0.4982897771925012,0.5633926828603257,0.13065270179659683
YAGO3-10,balanced5_global_rf,0.28,2793,0.5054341205733396,0.568665882983222,0.12510386583746147
YAGO3-10,balanced5_global_rf,0.3,2992,0.5107865155787056,0.571365393728805,0.11859921180860744
YAGO3-10,balanced5_global_rf,0.32,3192,0.5223975938686038,0.5789629449461838,0.10828026725522699
YAGO3-10,balanced5_global_rf,0.34,3392,0.5323897214514386,0.586471931340518,0.1015838730725993
YAGO3-10,balanced5_global_rf,0.36,3591,0.5431497038333568,0.5937134388579698,0.09309355168152011
YAGO3-10,balanced5_global_rf,0.38,3790,0.5500205067937083,0.5972628819739969,0.08589202510954275
YAGO3-10,balanced5_global_rf,0.4,3990,0.5580314005485354,0.6041102774041748,0.0825739856401353
YAGO3-10,balanced5_global_rf,0.42,4190,0.5643796710960889,0.6076322778692425,0.0766374286464857
YAGO3-10,balanced5_global_rf,0.44,4389,0.5705309406372129,0.611707223519598,0.07217186650104601
YAGO3-10,balanced5_global_rf,0.46,4588,0.5737842696548564,0.6133463664681148,0.06894942734672016
YAGO3-10,balanced5_global_rf,0.48,4788,0.5801897954380997,0.6193325075472876,0.06746535774492801
YAGO3-10,balanced5_global_rf,0.5,4988,0.5783784294327857,0.6164425453808439,0.06581178344667449
YAGO3-10,balanced5_global_rf,0.52,5187,0.5827666002548695,0.6197408302550416,0.0634460348002126
YAGO3-10,balanced5_global_rf,0.54,5386,0.5864423853320591,0.6219654208692043,0.06057378597734053
YAGO3-10,balanced5_global_rf,0.56,5586,0.5895764664339171,0.6234932281312989,0.057527332972649114
YAGO3-10,balanced5_global_rf,0.58,5786,0.5936991110292131,0.6269417186453212,0.05599234864690983
YAGO3-10,balanced5_global_rf,0.6,5985,0.5967764295026378,0.6293494479381325,0.05458161017291108
YAGO3-10,balanced5_global_rf,0.62,6184,0.6006182004730978,0.6319839219789931,0.05222239599330991
YAGO3-10,balanced5_global_rf,0.64,6384,0.6050340426536696,0.6348490112165303,0.04927816694758658
YAGO3-10,balanced5_global_rf,0.66,6584,0.6084732100432655,0.6370641502314012,0.04698800163462047
YAGO3-10,balanced5_global_rf,0.68,6783,0.6105296525996237,0.6382633202889546,0.04542558673643704
YAGO3-10,balanced5_global_rf,0.7,6982,0.6138777260029963,0.6407805703531667,0.04382443475402975
YAGO3-10,balanced5_global_rf,0.72,7182,0.6146577590578253,0.6406845106564891,0.04234348499652696
YAGO3-10,balanced5_global_rf,0.74,7382,0.615576444104435,0.640985359966183,0.041276621457979834
YAGO3-10,balanced5_global_rf,0.76,7581,0.6158137171212196,0.6405085493478364,0.04010114023126876
YAGO3-10,balanced5_global_rf,0.78,7780,0.6150046411836277,0.638938459862266,0.03891648465054787
YAGO3-10,balanced5_global_rf,0.8,7980,0.6140844157608301,0.6372792720344972,0.037771445876752185
YAGO3-10,balanced5_global_rf,0.82,8179,0.6126839773002796,0.6350499547406158,0.036504916513223185
YAGO3-10,balanced5_global_rf,0.84,8379,0.6020295752700897,0.6239950574296798,0.03648571940960821
YAGO3-10,balanced5_global_rf,0.86,8578,0.5914740294619997,0.6131511511530925,0.036649321206562835
YAGO3-10,balanced5_global_rf,0.88,8778,0.5819568757134974,0.6029982172504508,0.036156186850023975
YAGO3-10,balanced5_global_rf,0.9,8978,0.5746662017012627,0.5952210549157025,0.03576833499793186
YAGO3-10,balanced5_global_rf,0.92,9177,0.5691429931288906,0.5893211347320917,0.03545355358285418
YAGO3-10,balanced5_global_rf,0.94,9376,0.5586933817154841,0.5784949294946096,0.03544260309353264
YAGO3-10,balanced5_global_rf,0.96,9576,0.5510574506096799,0.5704453174722511,0.035183022824790466
YAGO3-10,balanced5_global_rf,0.98,9776,0.5531077546911913,0.5720903240131395,0.034319839418173625
YAGO3-10,balanced5_global_rf,1.0,9975,0.5616723217905851,0.5802260659200454,0.03303303974515215
codex-l,balanced5_global_rf,0.02,1223,0.3231979183410534,0.3742585235327319,0.15798556331602676
codex-l,balanced5_global_rf,0.04,2445,0.3212547753627818,0.3682095895957502,0.14616067319137582
codex-l,balanced5_global_rf,0.06,3668,0.33632976649518487,0.37680753104354836,0.12035141869889476
codex-l,balanced5_global_rf,0.08,4890,0.34329780638957064,0.37835398014676347,0.10211592706016726
codex-l,balanced5_global_rf,0.1,6113,0.3486043534423974,0.3788741742524628,0.08683144806184151
codex-l,balanced5_global_rf,0.12,7335,0.35962787000400837,0.3862224806001276,0.07395036039843861
codex-l,balanced5_global_rf,0.14,8558,0.36548309009685026,0.38906118599411904,0.06451213896385943
codex-l,balanced5_global_rf,0.16,9781,0.3601569235447987,0.38173094486419173,0.059901725911731596
codex-l,balanced5_global_rf,0.18,11003,0.35491196798036223,0.37476263336823046,0.05593123697921221
codex-l,balanced5_global_rf,0.2,12226,0.34309217447128715,0.36080026359869033,0.051613211973405626
codex-l,balanced5_global_rf,0.22,13448,0.3373056711105071,0.354157594518318,0.049960391571032714
codex-l,balanced5_global_rf,0.24,14671,0.33744816691912033,0.35302741937978493,0.046167838465095645
codex-l,balanced5_global_rf,0.26,15894,0.3367003916926836,0.3513810700308136,0.04360160754291442
codex-l,balanced5_global_rf,0.28,17116,0.3365996616323888,0.35093217410590316,0.042580293765022814
codex-l,balanced5_global_rf,0.3,18339,0.3367727225884112,0.35003081047104767,0.039368057426788505
codex-l,balanced5_global_rf,0.32,19561,0.32446141131486506,0.33772229492910794,0.04087044915604521
codex-l,balanced5_global_rf,0.34,20784,0.3233257075088817,0.3359041685481671,0.03890337435955327
codex-l,balanced5_global_rf,0.36,22006,0.32021344332431934,0.33222082500679245,0.03749805616471824
codex-l,balanced5_global_rf,0.38,23229,0.32191153974909026,0.3334861338270295,0.035955822170776974
codex-l,balanced5_global_rf,0.4,24452,0.30706720270647214,0.3181453003130463,0.03607711116306933
codex-l,balanced5_global_rf,0.42,25674,0.31395304744487895,0.32452136452131697,0.033662094260427544
codex-l,balanced5_global_rf,0.44,26897,0.3154815647712556,0.3256896919031397,0.03235728572376528
codex-l,balanced5_global_rf,0.46,28119,0.3243365908131536,0.33407356564470836,0.030021203611787728
codex-l,balanced5_global_rf,0.48,29342,0.328058152920762,0.33726416416238175,0.028062132154488273
codex-l,balanced5_global_rf,0.5,30564,0.33637346454002304,0.3449818984878835,0.0255918936995585
codex-l,balanced5_global_rf,0.52,31787,0.3318386535445773,0.3401242148175886,0.024968644202560508
codex-l,balanced5_global_rf,0.54,33010,0.339952362079469,0.34809000561119235,0.02393759961526931
codex-l,balanced5_global_rf,0.56,34232,0.33561108748298113,0.34365211298949766,0.02395935595222043
codex-l,balanced5_global_rf,0.58,35455,0.33144089414144423,0.3392687225926553,0.023617569797740323
codex-l,balanced5_global_rf,0.6,36677,0.32854645862241766,0.3362658751598992,0.023495661982931626
codex-l,balanced5_global_rf,0.62,37900,0.3244539688378289,0.3319606142752438,0.023136241681071645
codex-l,balanced5_global_rf,0.64,39123,0.3212688977207866,0.32856523956890427,0.022711012176656054
codex-l,balanced5_global_rf,0.66,40345,0.32005071555625125,0.3271691636741051,0.02224162537953367
codex-l,balanced5_global_rf,0.68,41568,0.32203326514796765,0.3292032396601165,0.022264701470683157
codex-l,balanced5_global_rf,0.7,42790,0.32158386506428027,0.32854808921837486,0.021656012352182286
codex-l,balanced5_global_rf,0.72,44013,0.3224052555264603,0.329273239131287,0.021302331420161913
codex-l,balanced5_global_rf,0.74,45235,0.3214097229683774,0.32815112280408715,0.020974473869208365
codex-l,balanced5_global_rf,0.76,46458,0.3193798665656723,0.32595482314907454,0.020586634511760238
codex-l,balanced5_global_rf,0.78,47681,0.31738280906709676,0.323809033535552,0.020247550544228554
codex-l,balanced5_global_rf,0.8,48903,0.3147219827991632,0.3210050991521889,0.019964021251846376
codex-l,balanced5_global_rf,0.82,50126,0.314495885640229,0.3206786898145412,0.019659411956139294
codex-l,balanced5_global_rf,0.84,51348,0.3188135501800364,0.3248406772317408,0.018904864765945106
codex-l,balanced5_global_rf,0.86,52571,0.3255840942786066,0.3315642954173886,0.01836760838096918
codex-l,balanced5_global_rf,0.88,53794,0.33105786991911745,0.3369330836307164,0.017746787632731298
codex-l,balanced5_global_rf,0.9,55016,0.33352162732780083,0.33927109412381357,0.017238662578129782
codex-l,balanced5_global_rf,0.92,56239,0.33576926730007584,0.3414241979819674,0.016841716120605366
codex-l,balanced5_global_rf,0.94,57461,0.3373965516856623,0.3429894128521831,0.016576521421390877
codex-l,balanced5_global_rf,0.96,58684,0.3385472953374766,0.34398323662862457,0.01605666731358535
codex-l,balanced5_global_rf,0.98,59906,0.3351253620397333,0.34043161758238205,0.015833643596391278
codex-l,balanced5_global_rf,1.0,61129,0.32990176871301513,0.33484279266174394,0.014977258133547888
codex-m,balanced5_global_rf,0.02,412,0.16829400734468664,0.21762595622815184,0.2931295633267996
codex-m,balanced5_global_rf,0.04,824,0.20130632180352495,0.2322245871611373,0.15358814904873475
codex-m,balanced5_global_rf,0.06,1236,0.21079774425007453,0.23220659315376338,0.10156109108212763
codex-m,balanced5_global_rf,0.08,1648,0.2196805552228012,0.2380511294286232,0.08362403393960127
codex-m,balanced5_global_rf,0.1,2059,0.23408594566971802,0.2495763930945799,0.06617418820486565
codex-m,balanced5_global_rf,0.12,2471,0.24746139031359046,0.26106518662905814,0.054973409380059346
codex-m,balanced5_global_rf,0.14,2883,0.25768555582066643,0.26977322355332156,0.04690859638662648
codex-m,balanced5_global_rf,0.16,3295,0.26890899775053817,0.28018998028990144,0.041950929993902264
codex-m,balanced5_global_rf,0.18,3707,0.27137360412804085,0.2823131111945983,0.04031161063622046
codex-m,balanced5_global_rf,0.2,4119,0.27698388648072925,0.28743098947861073,0.037717367355260656
codex-m,balanced5_global_rf,0.22,4531,0.2810731863984956,0.29091894743875024,0.035029172175447876
codex-m,balanced5_global_rf,0.24,4943,0.2964906557580607,0.305923170054936,0.031813867026461384
codex-m,balanced5_global_rf,0.26,5354,0.29400292163431097,0.3027506409153601,0.029753851534610742
codex-m,balanced5_global_rf,0.28,5766,0.3094323170148715,0.31719731752401165,0.025094342388183533
codex-m,balanced5_global_rf,0.3,6178,0.3161087264504268,0.3233292976107813,0.0228420494474606
codex-m,balanced5_global_rf,0.32,6590,0.32032834323711656,0.32708706773427887,0.021099364573428536
codex-m,balanced5_global_rf,0.34,7002,0.3327621813314193,0.3390867726810824,0.019006340577398806
codex-m,balanced5_global_rf,0.36,7414,0.34079009537385924,0.34682674843256117,0.017713698668617495
codex-m,balanced5_global_rf,0.38,7826,0.3541564027218805,0.3600570390965953,0.016661103200070082
codex-m,balanced5_global_rf,0.4,8238,0.36411133166086634,0.3697126694139101,0.01538358536520601
codex-m,balanced5_global_rf,0.42,8649,0.36756032208215517,0.37303070310920916,0.014882947637180788
codex-m,balanced5_global_rf,0.44,9061,0.36360950031162725,0.36881326893450295,0.014311420956866883
codex-m,balanced5_global_rf,0.46,9473,0.357578519733562,0.36276441867397297,0.014502825685041465
codex-m,balanced5_global_rf,0.48,9885,0.3515537680107021,0.3565714687028191,0.014272925363622457
codex-m,balanced5_global_rf,0.5,10297,0.34784290631534,0.35283460755981927,0.014350447152583268
codex-m,balanced5_global_rf,0.52,10709,0.34096167114684345,0.34575101725705304,0.014046582110242456
codex-m,balanced5_global_rf,0.54,11121,0.3435529442162579,0.3482259421915541,0.013601973302707737
codex-m,balanced5_global_rf,0.56,11533,0.3394799914653335,0.34403497322390497,0.013417526431853455
codex-m,balanced5_global_rf,0.58,11945,0.336861161551722,0.3413838154157163,0.013425869112251076
codex-m,balanced5_global_rf,0.6,12356,0.33259841123033285,0.33693389889239644,0.0130352025616296
codex-m,balanced5_global_rf,0.62,12768,0.32937572329476544,0.33350103339308884,0.012524633136461016
codex-m,balanced5_global_rf,0.64,13180,0.3287142178911677,0.3326912277181293,0.012098685151119115
codex-m,balanced5_global_rf,0.66,13592,0.32985890958699743,0.3338479146119137,0.01209306436473323
codex-m,balanced5_global_rf,0.68,14004,0.333642126640725,0.3375444351464238,0.011696090493695133
codex-m,balanced5_global_rf,0.7,14416,0.33395500039275194,0.3376185983779023,0.010970334269113424
codex-m,balanced5_global_rf,0.72,14828,0.3401387039042172,0.34375871889319715,0.010642761166042902
codex-m,balanced5_global_rf,0.74,15240,0.34503329942709077,0.34858030543792196,0.010280184598764341
codex-m,balanced5_global_rf,0.76,15651,0.3517169052606222,0.3551341541333671,0.009715907372188193
codex-m,balanced5_global_rf,0.78,16063,0.35231739989942473,0.35574260708411787,0.009721935918211688
codex-m,balanced5_global_rf,0.8,16475,0.3537486914190816,0.3571184651022928,0.009525897239911041
codex-m,balanced5_global_rf,0.82,16887,0.349341446614311,0.35270264261795453,0.009621520825023877
codex-m,balanced5_global_rf,0.84,17299,0.35085466947179866,0.3540898485533091,0.009220852287304293
codex-m,balanced5_global_rf,0.86,17711,0.3527168836808435,0.35589359385790703,0.009006402369833744
codex-m,balanced5_global_rf,0.88,18123,0.3539987529265382,0.35713204749245187,0.008851145773849378
codex-m,balanced5_global_rf,0.9,18535,0.35446803965169554,0.3574804744114687,0.008498466498511936
codex-m,balanced5_global_rf,0.92,18946,0.3536318038671912,0.3565145912973087,0.00815194617280568
codex-m,balanced5_global_rf,0.94,19358,0.35365945748201016,0.3564693929076824,0.007945313962981482
codex-m,balanced5_global_rf,0.96,19770,0.3484869879553671,0.35134911746488984,0.008213016865609157
codex-m,balanced5_global_rf,0.98,20182,0.3459013648697973,0.34868215398869434,0.00803925454281984
codex-m,balanced5_global_rf,1.0,20594,0.34234153499948855,0.3449297847479118,0.0075604315685127155
hetionet,balanced5_global_rf,0.02,9001,0.2855012114112848,0.5320359641700652,0.8635156101093717
hetionet,balanced5_global_rf,0.04,18002,0.35190377789285454,0.5658953468527321,0.6080968219245217
hetionet,balanced5_global_rf,0.06,27002,0.3793538624084796,0.5677862745059203,0.4967193714625764
hetionet,balanced5_global_rf,0.08,36003,0.41625096535191897,0.5834971438318689,0.4017916891521245
hetionet,balanced5_global_rf,0.1,45004,0.4512869247608002,0.602741469147436,0.33560587749559256
hetionet,balanced5_global_rf,0.12,54005,0.47831664090026643,0.6181003295211156,0.29224090627027843
hetionet,balanced5_global_rf,0.14,63006,0.4960224387800486,0.6275583530690124,0.2651813789159867
hetionet,balanced5_global_rf,0.16,72006,0.5096929469548278,0.6313464684597421,0.2386800175119863
hetionet,balanced5_global_rf,0.18,81007,0.5260213284897178,0.6377855896142224,0.21247096851642056
hetionet,balanced5_global_rf,0.2,90008,0.5457481524946688,0.6483816938289503,0.1880602634477706
hetionet,balanced5_global_rf,0.22,99009,0.563747680646906,0.656723649968995,0.1649247926224695
hetionet,balanced5_global_rf,0.24,108010,0.5746140147084033,0.6605448761955995,0.1495453631265906
hetionet,balanced5_global_rf,0.26,117010,0.5805135781321217,0.661834998597809,0.1400853029611291
hetionet,balanced5_global_rf,0.28,126011,0.5859300022384242,0.6621493140207171,0.1300826233357446
hetionet,balanced5_global_rf,0.3,135012,0.5856753903236194,0.6574689303347395,0.12258247691003388
hetionet,balanced5_global_rf,0.32,144013,0.5793243780682489,0.6473481495527796,0.11741914212440929
hetionet,balanced5_global_rf,0.34,153014,0.5765605904336838,0.6408289610142993,0.11146854579893062
hetionet,balanced5_global_rf,0.36,162014,0.5726302942426001,0.6335265774575205,0.10634485081769185
hetionet,balanced5_global_rf,0.38,171015,0.5688226567172168,0.6263883083778229,0.10120140430556757
hetionet,balanced5_global_rf,0.4,180016,0.5671954533889804,0.6218566300753957,0.09637097117019544
hetionet,balanced5_global_rf,0.42,189017,0.5677795060266435,0.6197407012283633,0.09151650359018326
hetionet,balanced5_global_rf,0.44,198018,0.5640777053784825,0.6137227607986676,0.08801102214609702
hetionet,balanced5_global_rf,0.46,207018,0.562773867258549,0.610124622490741,0.08413815563763216
hetionet,balanced5_global_rf,0.48,216019,0.5599015947457048,0.6051709022676558,0.08085225680150332
hetionet,balanced5_global_rf,0.5,225020,0.5571124611769853,0.6002814809756685,0.07748708350102596
hetionet,balanced5_global_rf,0.52,234021,0.5531639182973118,0.5943657780060291,0.07448399714055887
hetionet,balanced5_global_rf,0.54,243022,0.5444301372647431,0.5839461381885187,0.07258231721393482
hetionet,balanced5_global_rf,0.56,252022,0.538406234771442,0.5764370736396971,0.07063595555203683
hetionet,balanced5_global_rf,0.58,261023,0.5301595134007702,0.5667977187275838,0.06910788998540007
hetionet,balanced5_global_rf,0.6,270024,0.5171425067548944,0.5524882817546635,0.06834823001026602
hetionet,balanced5_global_rf,0.62,279025,0.5036119654486789,0.5378241213135883,0.06793356435530473
hetionet,balanced5_global_rf,0.64,288026,0.49163622252149697,0.5247697735389925,0.0673944463399394
hetionet,balanced5_global_rf,0.66,297026,0.4792450136916674,0.5113696286459876,0.06703171454380175
hetionet,balanced5_global_rf,0.68,306027,0.4684806259667619,0.49958871934346427,0.06640209146857967
hetionet,balanced5_global_rf,0.7,315028,0.4585047149165424,0.4886862146624961,0.06582593104074719
hetionet,balanced5_global_rf,0.72,324029,0.4498469567358157,0.4792452491123815,0.06535176449761049
hetionet,balanced5_global_rf,0.74,333030,0.4406061219990614,0.4691721988980318,0.06483359053061744
hetionet,balanced5_global_rf,0.76,342030,0.43370609208034777,0.46137533032945355,0.0637972091108645
hetionet,balanced5_global_rf,0.78,351031,0.4287276476961922,0.45554345635653143,0.06254742096628574
hetionet,balanced5_global_rf,0.8,360032,0.42331164301779056,0.44946166961766315,0.06177488153514732
hetionet,balanced5_global_rf,0.82,369033,0.41771367159935346,0.4432037425770492,0.06102283145317866
hetionet,balanced5_global_rf,0.84,378034,0.4128707649620688,0.4376156166238179,0.05993364936851964
hetionet,balanced5_global_rf,0.86,387034,0.4055108522920538,0.4295539632254927,0.059290918596976994
hetionet,balanced5_global_rf,0.88,396035,0.39912643826142075,0.4222195013299725,0.05785901622840184
hetionet,balanced5_global_rf,0.9,405036,0.3924122094209522,0.414727444086702,0.056866820476045854
hetionet,balanced5_global_rf,0.92,414037,0.3866534811771791,0.4083345227117071,0.056073571272446276
hetionet,balanced5_global_rf,0.94,423038,0.38201353934152754,0.40299900391363724,0.05493382409503633
hetionet,balanced5_global_rf,0.96,432038,0.37661506421858887,0.3968064578717229,0.05361281470518886
hetionet,balanced5_global_rf,0.98,441039,0.3716530863632084,0.3908873549958225,0.05175328643394317
hetionet,balanced5_global_rf,1.0,450040,0.3731884548334996,0.39032189792982724,0.04591096770121639
