dataset,selector,coverage,n,mrr_stage1,mrr_stage2,gain_pt
FB15k-237,balanced5_rf,0.02,816,0.20395907482899509,0.28243739168207244,0.38477482268869734
FB15k-237,balanced5_rf,0.04,1633,0.1991008755445841,0.2596130939393122,0.3039274349206855
FB15k-237,balanced5_rf,0.06,2449,0.20944260930356395,0.2577094731981269,0.23045388927811472
FB15k-237,balanced5_rf,0.08,3266,0.21969776941269253,0.25887791259736787,0.17833655430100048
FB15k-237,balanced5_rf,0.1,4082,0.22624709480821356,0.25958774199624446,0.14736386876610852
FB15k-237,balanced5_rf,0.12,4898,0.23383490393884887,0.26289972828518127,0.12429634693857872
FB15k-237,balanced5_rf,0.14,5715,0.24717131529726113,0.2728493441955422,0.10388757638563084
FB15k-237,balanced5_rf,0.16,6531,0.2565826726963509,0.27964717301709463,0.08989110635712771
FB15k-237,balanced5_rf,0.18,7347,0.2486446841266325,0.26932030966606946,0.08315329809708327
FB15k-237,balanced5_rf,0.2,8164,0.25631172983405837,0.27513297398563347,0.073431068346971
FB15k-237,balanced5_rf,0.22,8980,0.2624352154619088,0.27974714134776985,0.0659664742606687
FB15k-237,balanced5_rf,0.24,9797,0.27082394414920496,0.28678074867190584,0.05891947468983694
FB15k-237,balanced5_rf,0.26,10613,0.2820087506540747,0.2972052425140488,0.05388659686881425
FB15k-237,balanced5_rf,0.28,11429,0.2932363999128676,0.30745044009617006,0.04847297329910627
FB15k-237,balanced5_rf,0.3,12246,0.30224187395645746,0.3158978756289637,0.04518236170833689
FB15k-237,balanced5_rf,0.32,13062,0.31268667328313576,0.3254418811921395,0.04079229784588234
FB15k-237,balanced5_rf,0.34,13878,0.31758665519226487,0.3293532965444247,0.03705017562855839
FB15k-237,balanced5_rf,0.36,14695,0.3301789754880706,0.3412415630647256,0.03350482131789967
FB15k-237,balanced5_rf,0.38,15511,0.3417910617021902,0.352223577780747,0.030523080465008956
FB15k-237,balanced5_rf,0.4,16328,0.34616175701582647,0.35611094882475686,0.028741452824540437
FB15k-237,balanced5_rf,0.42,17144,0.34689716956779965,0.3563963879926938,0.02738338406372498
FB15k-237,balanced5_rf,0.44,17960,0.3421670573177255,0.35123750675185134,0.026508833156615896
FB15k-237,balanced5_rf,0.46,18777,0.33858436459853697,0.34727577387003533,0.025669848286715258
FB15k-237,balanced5_rf,0.48,19593,0.3321985106751604,0.3405436041922241,0.02512080352227697
FB15k-237,balanced5_rf,0.5,20410,0.3271802844893117,0.3351930605000303,0.024490399912774574
FB15k-237,balanced5_rf,0.52,21226,0.32631257089954385,0.3340243641689866,0.023633147960508305
FB15k-237,balanced5_rf,0.54,22042,0.33128689415691825,0.33876807600307507,0.022582184741100075
FB15k-237,balanced5_rf,0.56,22859,0.3333408491808224,0.3405609689739579,0.021659871002545072
FB15k-237,balanced5_rf,0.58,23675,0.33979809905868175,0.34679640273271456,0.02059547623550495
FB15k-237,balanced5_rf,0.6,24491,0.3425564780461767,0.349332433780889,0.019780550563107013
FB15k-237,balanced5_rf,0.62,25308,0.3517021241467044,0.358259813127483,0.01864557684059709
FB15k-237,balanced5_rf,0.64,26124,0.3562160444209691,0.36258030208953956,0.017866285834810203
FB15k-237,balanced5_rf,0.66,26941,0.3565115940723238,0.36269932911967545,0.01735633609182541
FB15k-237,balanced5_rf,0.68,27757,0.3611257353715975,0.36714226373862724,0.016660480762576313
FB15k-237,balanced5_rf,0.7,28573,0.36633551532038644,0.3721956466963245,0.01599662367109822
FB15k-237,balanced5_rf,0.72,29390,0.3703865423950306,0.37609172481761777,0.015403319963235518
FB15k-237,balanced5_rf,0.74,30206,0.37094186352985525,0.3765017077097825,0.01498845163233975
FB15k-237,balanced5_rf,0.76,31022,0.3669851477066839,0.3723995536103909,0.014753746677602653
FB15k-237,balanced5_rf,0.78,31839,0.36730692005366317,0.3725851415375045,0.014370057289065485
FB15k-237,balanced5_rf,0.8,32655,0.3615076725812081,0.3666547082477641,0.014237694126394418
FB15k-237,balanced5_rf,0.82,33472,0.35835699830650813,0.36338047732930523,0.014018085447016881
FB15k-237,balanced5_rf,0.84,34288,0.3558806970344407,0.36078499237291595,0.013780728708645329
FB15k-237,balanced5_rf,0.86,35104,0.356280695799324,0.36107081096780586,0.013444778863853868
FB15k-237,balanced5_rf,0.88,35921,0.35510869508308224,0.3597819847911721,0.013160166937045803
FB15k-237,balanced5_rf,0.9,36737,0.35175453500166676,0.3563233022137922,0.012988509763218303
FB15k-237,balanced5_rf,0.92,37553,0.34873627048251893,0.35321206515521314,0.012834325109061462
FB15k-237,balanced5_rf,0.94,38370,0.34873722308815314,0.3530905726449696,0.012483180081169776
FB15k-237,balanced5_rf,0.96,39186,0.3487537461774461,0.3529743818552408,0.012102051158031868
FB15k-237,balanced5_rf,0.98,40003,0.3512508897994525,0.35526237211233697,0.01142056128363067
FB15k-237,balanced5_rf,1.0,40819,0.35210727177438816,0.35562848130787206,0.010000388562665385
KG20C,balanced5_rf,0.02,149,0.2616578721666131,0.28103396035460415,0.07405123349643805
KG20C,balanced5_rf,0.04,298,0.2578400746416752,0.27693345021370486,0.07405123349643783
KG20C,balanced5_rf,0.06,447,0.2496874199415013,0.2681720844186173,0.07403122064157941
KG20C,balanced5_rf,0.08,596,0.25115370453510083,0.26973453838237965,0.07398192227215183
KG20C,balanced5_rf,0.1,745,0.2360883205753829,0.2535188139692395,0.0738303925894166
KG20C,balanced5_rf,0.12,894,0.2407733397997744,0.2585552295393785,0.07385323372758545
KG20C,balanced5_rf,0.14,1043,0.23169097920075366,0.24876389221414053,0.07368829409017974
KG20C,balanced5_rf,0.16,1192,0.22256779993715042,0.2389165645619289,0.07345521063422056
KG20C,balanced5_rf,0.18,1341,0.2198013288193188,0.23588779067230295,0.0731863721634165
KG20C,balanced5_rf,0.2,1490,0.22188908390744164,0.23807546532491003,0.07294807447229057
KG20C,balanced5_rf,0.22,1639,0.21625031912719592,0.23194093625386872,0.0725576599840474
KG20C,balanced5_rf,0.24,1788,0.2166182262083583,0.23222171248912254,0.07203219486136758
KG20C,balanced5_rf,0.26,1936,0.21140098774949012,0.22654769184240522,0.07164916424545731
KG20C,balanced5_rf,0.28,2085,0.2088213515482992,0.22365408686157714,0.07103074088593475
KG20C,balanced5_rf,0.3,2234,0.20471683536540017,0.21914535514034228,0.07048037719608446
KG20C,balanced5_rf,0.32,2383,0.2014649483364065,0.21556731253418926,0.06999909569497231
KG20C,balanced5_rf,0.34,2532,0.2006973229483116,0.21463196358529,0.06943112360580495
KG20C,balanced5_rf,0.36,2681,0.19878705428967414,0.21249262153671647,0.06894597485744947
KG20C,balanced5_rf,0.38,2830,0.19894037269062737,0.21255021936926077,0.06841168785683394
KG20C,balanced5_rf,0.4,2979,0.1994399683721066,0.21295965957602103,0.06778827390651188
KG20C,balanced5_rf,0.42,3128,0.19693144374931332,0.21019166749960347,0.06733421285008179
KG20C,balanced5_rf,0.44,3277,0.19498548266982674,0.20799425469986757,0.06671661834470455
KG20C,balanced5_rf,0.46,3426,0.1941403478427981,0.2069766975380428,0.06611891777199608
KG20C,balanced5_rf,0.48,3575,0.18960552387220544,0.20209183874860095,0.0658541725019115
KG20C,balanced5_rf,0.5,3724,0.18670110844311735,0.19891898149966986,0.06544081692088577
KG20C,balanced5_rf,0.52,3873,0.18582490974997476,0.19788342668895734,0.0648918218510488
KG20C,balanced5_rf,0.54,4022,0.18509047220108243,0.19701033449030173,0.06440019384827944
KG20C,balanced5_rf,0.56,4171,0.18204293716063386,0.19371160146214628,0.06409841811778749
KG20C,balanced5_rf,0.58,4320,0.1814880835724159,0.1930346454032398,0.06362159764730069
KG20C,balanced5_rf,0.6,4469,0.17970323958219372,0.19107358460731486,0.06327289954013593
KG20C,balanced5_rf,0.62,4618,0.17641571749853713,0.18754205015308703,0.06306882862997831
KG20C,balanced5_rf,0.64,4767,0.17367168605094133,0.18458579863720817,0.0628433617156543
KG20C,balanced5_rf,0.66,4916,0.17165115936647374,0.18239321016369633,0.06258070633993462
KG20C,balanced5_rf,0.68,5065,0.16909200768991697,0.179639886978529,0.06237952599128671
KG20C,balanced5_rf,0.7,5214,0.16635361228975534,0.17670252648500626,0.062210336480251094
KG20C,balanced5_rf,0.72,5363,0.16511858432768095,0.1753455561129728,0.06193713340586937
KG20C,balanced5_rf,0.74,5512,0.164299279688108,0.17440211510486248,0.06149044253835356
KG20C,balanced5_rf,0.76,5660,0.1634426534177423,0.17340451336291315,0.060950184892736514
KG20C,balanced5_rf,0.78,5809,0.1654024565385802,0.17527104773193203,0.05966411503114499
KG20C,balanced5_rf,0.8,5958,0.17841785585514378,0.18801432734909473,0.05378649714153205
KG20C,balanced5_rf,0.82,6107,0.18654618907061152,0.19588515477392643,0.05006248452376538
KG20C,balanced5_rf,0.84,6256,0.19879638099875832,0.2078853029757626,0.045719755718596655
KG20C,balanced5_rf,0.86,6405,0.20686103309723594,0.21572452014375929,0.04284754317337769
KG20C,balanced5_rf,0.88,6554,0.2117333613047287,0.22037875280379787,0.04083150357503951
KG20C,balanced5_rf,0.9,6703,0.22259481013708554,0.23103951003023704,0.0379375417061647
KG20C,balanced5_rf,0.92,6852,0.23088828432188865,0.23914350831492448,0.0357541917610984
KG20C,balanced5_rf,0.94,7001,0.23266246199909463,0.24072770801688953,0.03466500761874647
KG20C,balanced5_rf,0.96,7150,0.23065969468126954,0.23855686774009222,0.03423733422406183
KG20C,balanced5_rf,0.98,7299,0.22781982498304945,0.23555351180993261,0.03394650499559715
KG20C,balanced5_rf,1.0,7448,0.2263808023358598,0.2339520411211777,0.03344470338118666
WN18RR,balanced5_rf,0.02,121,0.4992670593119276,0.5470441937897927,0.09569454580822923
WN18RR,balanced5_rf,0.04,242,0.4448887221909357,0.4733868366330958,0.06405672479584523
WN18RR,balanced5_rf,0.06,363,0.43643911977743294,0.4597223584674125,0.05334819367671062
WN18RR,balanced5_rf,0.08,484,0.42299714304576214,0.4446550031875649,0.05120096080521219
WN18RR,balanced5_rf,0.1,606,0.3823564069703652,0.4005505679734739,0.047584297455015134
WN18RR,balanced5_rf,0.12,727,0.36803547361189043,0.38468714525080644,0.04524474631615516
WN18RR,balanced5_rf,0.14,848,0.3485773277673153,0.36354077599812834,0.042927198755742246
WN18RR,balanced5_rf,0.16,969,0.3634153593107694,0.3774607849906425,0.038648409650353654
WN18RR,balanced5_rf,0.18,1090,0.3591414889963061,0.3719495371603137,0.03566295890737181
WN18RR,balanced5_rf,0.2,1211,0.3484513117838333,0.3602648624372351,0.033903016731159585
WN18RR,balanced5_rf,0.22,1332,0.3321889059336324,0.3430694168292496,0.03275398636518889
WN18RR,balanced5_rf,0.24,1453,0.31730342383093263,0.3275755706764185,0.032373261912733486
WN18RR,balanced5_rf,0.26,1574,0.3056550678141654,0.31541627701417396,0.03193537496307197
WN18RR,balanced5_rf,0.28,1695,0.29420396419825356,0.30331736746858123,0.030976480195169964
WN18RR,balanced5_rf,0.3,1816,0.28653155526471885,0.295217147381875,0.030312864176972543
WN18RR,balanced5_rf,0.32,1938,0.27873792470794334,0.28694946771815405,0.029459726439502676
WN18RR,balanced5_rf,0.34,2059,0.2753713468992097,0.28321492556432754,0.028483641284540395
WN18RR,balanced5_rf,0.36,2180,0.2740823921860241,0.2815904992672026,0.02739361336310364
WN18RR,balanced5_rf,0.38,2301,0.2735120404811915,0.280803851958863,0.026659928626333818
WN18RR,balanced5_rf,0.4,2422,0.26581662491117614,0.27277513098976214,0.026177843770724296
WN18RR,balanced5_rf,0.42,2543,0.26266630541017527,0.2693301934702971,0.02537016710124118
WN18RR,balanced5_rf,0.44,2664,0.2603203240161102,0.26672991647340183,0.02462194406647611
WN18RR,balanced5_rf,0.46,2785,0.2548003603798148,0.260976993555868,0.024241069231009327
WN18RR,balanced5_rf,0.48,2906,0.24831781926528768,0.25425579839496193,0.0239128192541449
WN18RR,balanced5_rf,0.5,3028,0.24545469224342262,0.2511971972086701,0.023395376608048357
WN18RR,balanced5_rf,0.52,3149,0.2447805837178755,0.25036563942608436,0.022816579744110665
WN18RR,balanced5_rf,0.54,3270,0.24049816999269844,0.24590048615430316,0.022463023987952635
WN18RR,balanced5_rf,0.56,3391,0.23583499837335334,0.24106247610205753,0.022165826805860656
WN18RR,balanced5_rf,0.58,3512,0.23048607028308735,0.23555145689498794,0.021976975032283574
WN18RR,balanced5_rf,0.6,3633,0.23191018021958265,0.23683766085527114,0.021247366678870838
WN18RR,balanced5_rf,0.62,3754,0.23903721748124326,0.2438326382569446,0.020061398079475268
WN18RR,balanced5_rf,0.64,3875,0.2485535980851668,0.25320657973981636,0.018720234551000914
WN18RR,balanced5_rf,0.66,3996,0.26534328890458875,0.2698715232138403,0.01706556939105308
WN18RR,balanced5_rf,0.68,4117,0.28618952446355933,0.2906216644619552,0.015486730364095536
WN18RR,balanced5_rf,0.7,4238,0.3065614033312591,0.3108670003990731,0.0140448113201046
WN18RR,balanced5_rf,0.72,4360,0.32589025958598283,0.33007866677458847,0.012852201210084235
WN18RR,balanced5_rf,0.74,4481,0.3440852260155295,0.3481605340588949,0.011843891382832927
WN18RR,balanced5_rf,0.76,4602,0.3613233949926749,0.36529155130347896,0.010982284473676218
WN18RR,balanced5_rf,0.78,4723,0.3776783039883533,0.38154479887345183,0.010237535077518789
WN18RR,balanced5_rf,0.8,4844,0.3932161427988635,0.39698605513212537,0.009587379364509596
WN18RR,balanced5_rf,0.82,4965,0.40801786488034386,0.4116973458122236,0.009017940753547116
WN18RR,balanced5_rf,0.84,5086,0.42211535530956923,0.425708707710522,0.00851272609667908
WN18RR,balanced5_rf,0.86,5207,0.4355373656779665,0.4390472159393926,0.008058666231685052
WN18RR,balanced5_rf,0.88,5328,0.44834974269254396,0.4517798835167267,0.007650591709015275
WN18RR,balanced5_rf,0.9,5450,0.4606920184496421,0.4640453744700541,0.007278954021597839
WN18RR,balanced5_rf,0.92,5571,0.4723991862378841,0.4756797086416258,0.006944386229509103
WN18RR,balanced5_rf,0.94,5692,0.48360861428530466,0.48681939965270554,0.0066392228602998316
WN18RR,balanced5_rf,0.96,5813,0.4943513845678061,0.49749533610939317,0.006359750654558738
WN18RR,balanced5_rf,0.98,5934,0.5046560438950723,0.50773588722356,0.006102856323123795
WN18RR,balanced5_rf,1.0,6055,0.5098022893664883,0.5125272756194793,0.005345182455687381
YAGO3-10,balanced5_rf,0.02,200,0.41573391038950097,0.5569442665211539,0.3396652344268789
YAGO3-10,balanced5_rf,0.04,399,0.45456196309917246,0.5743256390701815,0.26347051819837386
YAGO3-10,balanced5_rf,0.06,598,0.45958096347661365,0.5632853153350106,0.22564979862068202
YAGO3-10,balanced5_rf,0.08,798,0.4790025727950598,0.5729092901869004,0.196046373705008
YAGO3-10,balanced5_rf,0.1,998,0.49439727360954977,0.5847050991692937,0.18266246676567333
YAGO3-10,balanced5_rf,0.12,1197,0.4983318712830768,0.5792975604972125,0.16247343162232375
YAGO3-10,balanced5_rf,0.14,1397,0.49815089756165715,0.5734716530794832,0.1512006821356846
YAGO3-10,balanced5_rf,0.16,1596,0.5037729763182686,0.5759989286084111,0.14337004104109052
YAGO3-10,balanced5_rf,0.18,1796,0.5062998288420764,0.5760219139081109,0.1377090828284322
YAGO3-10,balanced5_rf,0.2,1995,0.5107512556727135,0.5775734214286576,0.13083113357779652
YAGO3-10,balanced5_rf,0.22,2194,0.5102785043958974,0.5741568011057114,0.12518320125092774
YAGO3-10,balanced5_rf,0.24,2394,0.5128267911248193,0.5735705611498015,0.11844890141513198
YAGO3-10,balanced5_rf,0.26,2594,0.5239334228600818,0.5820202839823977,0.11086687465981382
YAGO3-10,balanced5_rf,0.28,2793,0.5334491603876388,0.5885227216908478,0.10324050611156466
YAGO3-10,balanced5_rf,0.3,2992,0.5462124330141985,0.5996686070951556,0.09786700347695576
YAGO3-10,balanced5_rf,0.32,3192,0.5554353112885044,0.6068786693448891,0.09261809073147664
YAGO3-10,balanced5_rf,0.34,3392,0.5654707153271523,0.6152576132120064,0.08804505084945036
YAGO3-10,balanced5_rf,0.36,3591,0.5746636926169048,0.6229586717801104,0.08404042187401806
YAGO3-10,balanced5_rf,0.38,3790,0.5789702639886289,0.6260589099836303,0.08133171757492241
YAGO3-10,balanced5_rf,0.4,3990,0.5826864242412458,0.6290568004813291,0.07958032710383645
YAGO3-10,balanced5_rf,0.42,4190,0.5891010748972731,0.6343037927169569,0.07673168450348888
YAGO3-10,balanced5_rf,0.44,4389,0.5961085825085074,0.6403460772847663,0.07421046445951407
YAGO3-10,balanced5_rf,0.46,4588,0.6012353545702335,0.6444741613970425,0.07191660719572357
YAGO3-10,balanced5_rf,0.48,4788,0.6049614039257563,0.6471745070070632,0.06977817561149346
YAGO3-10,balanced5_rf,0.5,4988,0.6070596362551691,0.6480919829513443,0.06759195348466185
YAGO3-10,balanced5_rf,0.52,5187,0.6124022261863474,0.6528484564785783,0.06604520454490226
YAGO3-10,balanced5_rf,0.54,5386,0.6162811893665379,0.6559564205331107,0.06437845556726152
YAGO3-10,balanced5_rf,0.56,5586,0.6211266886233058,0.6598258121022661,0.062304718486231536
YAGO3-10,balanced5_rf,0.58,5786,0.6230778731418387,0.6608161810868375,0.060567562373392114
YAGO3-10,balanced5_rf,0.6,5985,0.6245331150828829,0.6613668790206109,0.05897807986184955
YAGO3-10,balanced5_rf,0.62,6184,0.6262942365897922,0.6622966585919959,0.05748483683681793
YAGO3-10,balanced5_rf,0.64,6384,0.6287278738746407,0.663951881751766,0.05602425045998283
YAGO3-10,balanced5_rf,0.66,6584,0.6314407861403507,0.6656192237407127,0.054127700254011035
YAGO3-10,balanced5_rf,0.68,6783,0.6349997302475326,0.6681493179939212,0.052204097367830826
YAGO3-10,balanced5_rf,0.7,6982,0.6319112364574455,0.6640309752779036,0.05082951048714435
YAGO3-10,balanced5_rf,0.72,7182,0.6320926748490119,0.6631585867639584,0.04914771702166498
YAGO3-10,balanced5_rf,0.74,7382,0.6281068403769774,0.6576381172073577,0.047016327369808986
YAGO3-10,balanced5_rf,0.76,7581,0.6212786865697257,0.649210041546603,0.04495785157397725
YAGO3-10,balanced5_rf,0.78,7780,0.6153085754263438,0.6421594840582819,0.043638118668073655
YAGO3-10,balanced5_rf,0.8,7980,0.60777705562048,0.6336770254176574,0.04261426053791384
YAGO3-10,balanced5_rf,0.82,8179,0.6015519869799417,0.6266835056387159,0.04177780009496024
YAGO3-10,balanced5_rf,0.84,8379,0.5943710501681772,0.6189591770268509,0.04136831168294042
YAGO3-10,balanced5_rf,0.86,8578,0.5878895653591346,0.61185512309073,0.04076540755907976
YAGO3-10,balanced5_rf,0.88,8778,0.5828023136097465,0.6062456646537393,0.04022521959254055
YAGO3-10,balanced5_rf,0.9,8978,0.5700679723842853,0.592989503308338,0.0402084173018602
YAGO3-10,balanced5_rf,0.92,9177,0.5718236715959962,0.5942727391805501,0.03925872379836459
YAGO3-10,balanced5_rf,0.94,9376,0.5731132945032343,0.5950961698756854,0.038356945447418855
YAGO3-10,balanced5_rf,0.96,9576,0.569560136362702,0.5911056604608825,0.037828356871626445
YAGO3-10,balanced5_rf,0.98,9776,0.5624035443366264,0.5833620472486896,0.037265950976152595
YAGO3-10,balanced5_rf,1.0,9975,0.5607274620553473,0.5794717170327172,0.03342845900335045
codex-l,balanced5_rf,0.02,1223,0.030171550369528538,0.05431574360236276,0.8002304467992607
codex-l,balanced5_rf,0.04,2445,0.028321123086687102,0.05063246332257099,0.7877985688488383
codex-l,balanced5_rf,0.06,3668,0.025287828838198575,0.04224000052001972,0.6703688082629702
codex-l,balanced5_rf,0.08,4890,0.02812997031099197,0.04417834892861784,0.5705081960699712
codex-l,balanced5_rf,0.1,6113,0.03640083602273595,0.052664661954065085,0.44679814280009267
codex-l,balanced5_rf,0.12,7335,0.04794460946406468,0.06541711246731262,0.36443102151752593
codex-l,balanced5_rf,0.14,8558,0.06474226210598852,0.08521590234449514,0.3162330071968995
codex-l,balanced5_rf,0.16,9781,0.08745550526905721,0.11018702829812978,0.2599210073641327
codex-l,balanced5_rf,0.18,11003,0.1244363898004802,0.1516489868751688,0.21868680952831365
codex-l,balanced5_rf,0.2,12226,0.1487038108226057,0.17762804947734387,0.19450906129932988
codex-l,balanced5_rf,0.22,13448,0.18175482598169154,0.21198325628742906,0.16631432008733826
codex-l,balanced5_rf,0.24,14671,0.20779534784211182,0.23754531875467383,0.1431695715111332
codex-l,balanced5_rf,0.26,15894,0.23092686589961417,0.2584822490442306,0.1193251510051454
codex-l,balanced5_rf,0.28,17116,0.2505515646237543,0.2751563412196312,0.09820244640190201
codex-l,balanced5_rf,0.3,18339,0.26510423118714066,0.28792302541686265,0.08607480207893747
codex-l,balanced5_rf,0.32,19561,0.27393904522199836,0.29517770317320485,0.07753059785250715
codex-l,balanced5_rf,0.34,20784,0.2733327900799269,0.29340618562873133,0.0734393979695398
codex-l,balanced5_rf,0.36,22006,0.26106016014601074,0.28007259726651573,0.07282779995948574
codex-l,balanced5_rf,0.38,23229,0.2572535325669136,0.2753413648325756,0.07031130762395743
codex-l,balanced5_rf,0.4,24452,0.25782936787148997,0.275157499090274,0.06720774813915265
codex-l,balanced5_rf,0.42,25674,0.27029921321205674,0.28715166941046494,0.062347411219384474
codex-l,balanced5_rf,0.44,26897,0.28651056363333666,0.30309497215765174,0.057884108404250956
codex-l,balanced5_rf,0.46,28119,0.29020185015018735,0.306310122376793,0.055507131392405595
codex-l,balanced5_rf,0.48,29342,0.2961780966390611,0.3118444306986605,0.05289497851926339
codex-l,balanced5_rf,0.5,30564,0.2940081292513459,0.3091053496217116,0.05134966985031619
codex-l,balanced5_rf,0.52,31787,0.29506678477099585,0.30973759965748143,0.04972031975022784
codex-l,balanced5_rf,0.54,33010,0.30686531913045334,0.32132220201206996,0.047111491525279714
codex-l,balanced5_rf,0.56,34232,0.3163815061852487,0.330565100942331,0.0448306695549312
codex-l,balanced5_rf,0.58,35455,0.31922417099233963,0.33303845612187616,0.04327455871086916
codex-l,balanced5_rf,0.6,36677,0.3223731443293518,0.33580023828978517,0.04165078325108729
codex-l,balanced5_rf,0.62,37900,0.32315994729956454,0.33623949529239183,0.04047391424006741
codex-l,balanced5_rf,0.64,39123,0.32106529566429687,0.33380546578307946,0.03968093185662647
codex-l,balanced5_rf,0.66,40345,0.3191591511227281,0.33157215734148554,0.03889284131472137
codex-l,balanced5_rf,0.68,41568,0.316032695983162,0.32813199756255107,0.03828496776812518
codex-l,balanced5_rf,0.7,42790,0.31507621666737934,0.32690002792504524,0.03752682885026548
codex-l,balanced5_rf,0.72,44013,0.3148743328390014,0.32640264901480665,0.03661243541784587
codex-l,balanced5_rf,0.74,45235,0.31480820287820926,0.3260633153578559,0.035752284650603317
codex-l,balanced5_rf,0.76,46458,0.3146218167998391,0.32557235164580645,0.03480538939527533
codex-l,balanced5_rf,0.78,47681,0.3143950525194785,0.32508987215937846,0.03401713721063504
codex-l,balanced5_rf,0.8,48903,0.314506884698114,0.32493079041608286,0.03314364875660658
codex-l,balanced5_rf,0.82,50126,0.31560007380450494,0.32577859185930985,0.03225131709287843
codex-l,balanced5_rf,0.84,51348,0.31783646144863575,0.32780080213613294,0.03135052738153976
codex-l,balanced5_rf,0.86,52571,0.32232615126464814,0.33210149913158216,0.030327504698518526
codex-l,balanced5_rf,0.88,53794,0.32820883994536987,0.3377727118156092,0.02913959255890619
codex-l,balanced5_rf,0.9,55016,0.32985334234848535,0.3392110970683715,0.02836944034964417
codex-l,balanced5_rf,0.92,56239,0.3260113515813743,0.33515539837136704,0.028048246619751138
codex-l,balanced5_rf,0.94,57461,0.3222845207583669,0.3311882247747012,0.027626843496495024
codex-l,balanced5_rf,0.96,58684,0.32108219787787345,0.3297499291905636,0.026995365579212338
codex-l,balanced5_rf,0.98,59906,0.32383048513600116,0.33209038918009537,0.02550687604542623
codex-l,balanced5_rf,1.0,61129,0.32932060661783036,0.3342010881088536,0.014819848478801356
codex-m,balanced5_rf,0.02,412,0.12076363853999068,0.13777555371647537,0.1408695148817598
codex-m,balanced5_rf,0.04,824,0.2024759935132147,0.21805947244825388,0.07696457572399606
codex-m,balanced5_rf,0.06,1236,0.1989210143793209,0.2119497853318131,0.06549720748783106
codex-m,balanced5_rf,0.08,1648,0.2009863335414819,0.21204516064964576,0.05502278146629025
codex-m,balanced5_rf,0.1,2059,0.19147765540630984,0.20084507788924408,0.04892175258286313
codex-m,balanced5_rf,0.12,2471,0.19058801100087483,0.19876841999017095,0.042921949530490444
codex-m,balanced5_rf,0.14,2883,0.19240604468812816,0.19986502755680843,0.03876688427731345
codex-m,balanced5_rf,0.16,3295,0.2054228849665445,0.21238354440845772,0.033884537465467046
codex-m,balanced5_rf,0.18,3707,0.21436731544913867,0.2209141496339272,0.030540262964396936
codex-m,balanced5_rf,0.2,4119,0.2584319475842752,0.26514919609309856,0.025992330172850853
codex-m,balanced5_rf,0.22,4531,0.2633653892552086,0.26979305009190135,0.02440586766116093
codex-m,balanced5_rf,0.24,4943,0.26650581563780584,0.2727581372274282,0.023460357045714808
codex-m,balanced5_rf,0.26,5354,0.29926829286365625,0.30619168957190585,0.023134414414572868
codex-m,balanced5_rf,0.28,5766,0.3339260483620062,0.34116140687728386,0.021667547502715045
codex-m,balanced5_rf,0.3,6178,0.35142980851302547,0.3586884423700095,0.02065457647914637
codex-m,balanced5_rf,0.32,6590,0.37144951982417446,0.37884263730119844,0.019903424509805534
codex-m,balanced5_rf,0.34,7002,0.3702544623113472,0.3774469792293999,0.019425875040513407
codex-m,balanced5_rf,0.36,7414,0.357741342735628,0.3646218060348482,0.01923306723960283
codex-m,balanced5_rf,0.38,7826,0.36330243987965216,0.370051151946806,0.018576016360885017
codex-m,balanced5_rf,0.4,8238,0.3668991865768407,0.3734306202055335,0.017801711935180098
codex-m,balanced5_rf,0.42,8649,0.35471707677606745,0.36098908085668785,0.01768170886393472
codex-m,balanced5_rf,0.44,9061,0.3431152258172109,0.3491564139993981,0.017606878761496914
codex-m,balanced5_rf,0.46,9473,0.3385081447439555,0.34431210936966977,0.017145716331594674
codex-m,balanced5_rf,0.48,9885,0.32837064827450946,0.33395406724992344,0.017003404551390933
codex-m,balanced5_rf,0.5,10297,0.323151470716877,0.3285980490777295,0.016854567762819794
codex-m,balanced5_rf,0.52,10709,0.3234255187382076,0.3288986161035969,0.01692228055084133
codex-m,balanced5_rf,0.54,11121,0.3207806077905476,0.3261888161210733,0.016859523921274322
codex-m,balanced5_rf,0.56,11533,0.31654181109906343,0.3218313520598331,0.016710402150047265
codex-m,balanced5_rf,0.58,11945,0.31792817379588206,0.3231197148786266,0.01632928916226728
codex-m,balanced5_rf,0.6,12356,0.3149616015715312,0.3199996618298,0.015995791973151485
codex-m,balanced5_rf,0.62,12768,0.3147528964190859,0.3196671684288515,0.01561311131898968
codex-m,balanced5_rf,0.64,13180,0.313302410194521,0.31812397801607395,0.01538950121245275
codex-m,balanced5_rf,0.66,13592,0.3146948989003671,0.3194591509575567,0.015139273225709182
codex-m,balanced5_rf,0.68,14004,0.31340473381012096,0.31808131123936406,0.014921846815742157
codex-m,balanced5_rf,0.7,14416,0.3156991590267327,0.3202823312083131,0.01451753053669802
codex-m,balanced5_rf,0.72,14828,0.31088161462223196,0.31535309057241706,0.014383211292885889
codex-m,balanced5_rf,0.74,15240,0.3124037955569435,0.3167867134652832,0.014029656395582402
codex-m,balanced5_rf,0.76,15651,0.3135392875997553,0.31783931004791593,0.01371446137126453
codex-m,balanced5_rf,0.78,16063,0.3123655765344128,0.3165833254319238,0.013502604686167485
codex-m,balanced5_rf,0.8,16475,0.3085323226289483,0.31264811368227935,0.013339902342357934
codex-m,balanced5_rf,0.82,16887,0.31043988128122285,0.31448137468219206,0.013018602456261297
codex-m,balanced5_rf,0.84,17299,0.31576004927355705,0.3196988975443075,0.012474181834631226
codex-m,balanced5_rf,0.86,17711,0.32140297975069715,0.3252486372538752,0.011965220441207514
codex-m,balanced5_rf,0.88,18123,0.32851045143843427,0.33224106028986217,0.011356134439841625
codex-m,balanced5_rf,0.9,18535,0.33123817461188115,0.3348897525257737,0.011024024987974723
codex-m,balanced5_rf,0.92,18946,0.3307433617205556,0.3343037532140604,0.010764816185526493
codex-m,balanced5_rf,0.94,19358,0.32778254819568275,0.3312728794052795,0.010648313123470698
codex-m,balanced5_rf,0.96,19770,0.33336946930236455,0.33678331434285225,0.010240424978423368
codex-m,balanced5_rf,0.98,20182,0.3363959988563143,0.33967998136493616,0.009762251988093773
codex-m,balanced5_rf,1.0,20594,0.3418371108917016,0.34476875252136285,0.00857613622468878
hetionet,balanced5_rf,0.02,9001,0.5935652546067943,0.6624404766025642,0.1160364786537178
hetionet,balanced5_rf,0.04,18002,0.6432333588303288,0.7178943480883752,0.11607138876287704
hetionet,balanced5_rf,0.06,27002,0.6509807544331716,0.726547637900798,0.11608159373839677
hetionet,balanced5_rf,0.08,36003,0.6524039372344826,0.728139260289509,0.11608655118800448
hetionet,balanced5_rf,0.1,45004,0.6383857379844368,0.712495448942261,0.11608923343401978
hetionet,balanced5_rf,0.12,54005,0.626162877949238,0.6988626603836656,0.11610362893521975
hetionet,balanced5_rf,0.14,63006,0.6184737237173669,0.6902805779001302,0.11610332246803412
hetionet,balanced5_rf,0.16,72006,0.6127925824311637,0.6839396919576769,0.11610308539350722
hetionet,balanced5_rf,0.18,81007,0.6061370136727904,0.6765112451373102,0.11610284453361208
hetionet,balanced5_rf,0.2,90008,0.5974809531091297,0.6668502439789344,0.11610293266894223
hetionet,balanced5_rf,0.22,99009,0.5935965715437952,0.6625208247576924,0.1161129570452919
hetionet,balanced5_rf,0.24,108010,0.5956387124477575,0.6646807418378551,0.11591259591971736
hetionet,balanced5_rf,0.26,117010,0.5965402521279614,0.662826082470598,0.11111711256060897
hetionet,balanced5_rf,0.28,126011,0.5825708221677511,0.6447490028576218,0.10673068118740514
hetionet,balanced5_rf,0.3,135012,0.55877876678726,0.6171140480608708,0.10439781312560203
hetionet,balanced5_rf,0.32,144013,0.5361958160437934,0.591156518180043,0.10250117679351822
hetionet,balanced5_rf,0.34,153014,0.5264335726792191,0.578360255012342,0.09863862228400144
hetionet,balanced5_rf,0.36,162014,0.5136087170084582,0.5627688663407917,0.09571517714627076
hetionet,balanced5_rf,0.38,171015,0.5012401460265429,0.5479527609306547,0.09319408126905748
hetionet,balanced5_rf,0.4,180016,0.48923743443217094,0.5337267176717597,0.09093597527185326
hetionet,balanced5_rf,0.42,189017,0.4780582891210527,0.5205283612844762,0.08883869002984568
hetionet,balanced5_rf,0.44,198018,0.4661621987772374,0.506765621132139,0.08710149055716232
hetionet,balanced5_rf,0.46,207018,0.4493500857759822,0.4882238873640591,0.08651116983976048
hetionet,balanced5_rf,0.48,216019,0.4343586901324647,0.47165053653918887,0.08585495640792051
hetionet,balanced5_rf,0.5,225020,0.4230138022483856,0.4588662918991734,0.08475489324515206
hetionet,balanced5_rf,0.52,234021,0.4175120099502509,0.452056127902602,0.08273802221034865
hetionet,balanced5_rf,0.54,243022,0.40720296353608043,0.44051690793211795,0.08181164524625495
hetionet,balanced5_rf,0.56,252022,0.4002002297732591,0.43238214201110803,0.08041452713828323
hetionet,balanced5_rf,0.58,261023,0.39837177160028964,0.42951052505520393,0.07816506006393875
hetionet,balanced5_rf,0.6,270024,0.40131677127503707,0.43150318797031273,0.07521842807458401
hetionet,balanced5_rf,0.62,279025,0.40325900273672305,0.4325402573700971,0.07261153361650052
hetionet,balanced5_rf,0.64,288026,0.4027795424189893,0.4311733563865131,0.07049467755238492
hetionet,balanced5_rf,0.66,297026,0.40156932996417755,0.4291101620168562,0.0685830067130262
hetionet,balanced5_rf,0.68,306027,0.3980914724855564,0.42480602959338326,0.06710657965374067
hetionet,balanced5_rf,0.7,315028,0.38948332536611724,0.4154137211962075,0.06657639529424153
hetionet,balanced5_rf,0.72,324029,0.3853096905719294,0.41046832157134855,0.06529457113335324
hetionet,balanced5_rf,0.74,333030,0.3886141638196004,0.4129482739072461,0.06261766130310642
hetionet,balanced5_rf,0.76,342030,0.39417670378072067,0.41770123345706706,0.05968016235031737
hetionet,balanced5_rf,0.78,351031,0.40188374133237076,0.42461216546181896,0.05655472414508811
hetionet,balanced5_rf,0.8,360032,0.4084979772937321,0.43047714235146,0.05380483204185782
hetionet,balanced5_rf,0.82,369033,0.4131125240956617,0.43439688547027244,0.05152194652341757
hetionet,balanced5_rf,0.84,378034,0.41552316048714344,0.43616693818692054,0.04968141288580674
hetionet,balanced5_rf,0.86,387034,0.4180423566440371,0.43807347930104157,0.04791649061068948
hetionet,balanced5_rf,0.88,396035,0.41355763905539494,0.4330788372534664,0.047203089375062124
hetionet,balanced5_rf,0.9,405036,0.4053397557469379,0.4244165913766028,0.04706381587098729
hetionet,balanced5_rf,0.92,414037,0.39775204460285696,0.4164008812909931,0.04688558347137217
hetionet,balanced5_rf,0.94,423038,0.39042417820160386,0.40866388164567635,0.04671765854279153
hetionet,balanced5_rf,0.96,432038,0.382662006629052,0.4005177093060388,0.046661812167561045
hetionet,balanced5_rf,0.98,441039,0.3756601949533897,0.39314247672508995,0.04653748788547962
hetionet,balanced5_rf,1.0,450040,0.37318845788011495,0.390256268691026,0.04573509831430522
FB15k-237,balanced5_global_rf,0.02,816,0.22393497465253087,0.2770011678024609,0.23697143883964666
FB15k-237,balanced5_global_rf,0.04,1633,0.21635873800714092,0.2522616193489737,0.16594144369915753
FB15k-237,balanced5_global_rf,0.06,2449,0.2222843740900332,0.2516166358895885,0.13195827155927153
FB15k-237,balanced5_global_rf,0.08,3266,0.22605663702271506,0.2502260417217874,0.10691747438781785
FB15k-237,balanced5_global_rf,0.1,4082,0.22572271391998472,0.246512254757079,0.09210212156346764
FB15k-237,balanced5_global_rf,0.12,4898,0.23320549590388737,0.2520394777581955,0.08076131216937665
FB15k-237,balanced5_global_rf,0.14,5715,0.2350495509716471,0.25272410592384603,0.07519501687680719
FB15k-237,balanced5_global_rf,0.16,6531,0.24265243368948405,0.2587474377957783,0.0663294567524948
FB15k-237,balanced5_global_rf,0.18,7347,0.24562016112292448,0.2605632856060826,0.0608383465544573
FB15k-237,balanced5_global_rf,0.2,8164,0.25059378183250713,0.2642814872871932,0.0546210897756223
FB15k-237,balanced5_global_rf,0.22,8980,0.24476005572704113,0.25773699171479975,0.05301901059472969
FB15k-237,balanced5_global_rf,0.24,9797,0.2517267453072901,0.26421537917624227,0.04961186724003808
FB15k-237,balanced5_global_rf,0.26,10613,0.2556242423148377,0.26781336453907245,0.04768374906016182
FB15k-237,balanced5_global_rf,0.28,11429,0.2593980229964003,0.2709651375043442,0.04459214597832317
FB15k-237,balanced5_global_rf,0.3,12246,0.2628201070311019,0.2736914843669395,0.041364328850802545
FB15k-237,balanced5_global_rf,0.32,13062,0.26631471495698916,0.27651296644558093,0.038293984206764
FB15k-237,balanced5_global_rf,0.34,13878,0.2695887094290801,0.2792300706510236,0.03576322332771831
FB15k-237,balanced5_global_rf,0.36,14695,0.2779727135460902,0.2872802504453782,0.0334836350681762
FB15k-237,balanced5_global_rf,0.38,15511,0.28940932071907627,0.29836013760385793,0.030927880493075266
FB15k-237,balanced5_global_rf,0.4,16328,0.30107596079659743,0.30968818817651583,0.028604832339094388
FB15k-237,balanced5_global_rf,0.42,17144,0.31055374110826867,0.3187193856745077,0.026293821279043117
FB15k-237,balanced5_global_rf,0.44,17960,0.30430558986195994,0.31206605670148235,0.025502215858219213
FB15k-237,balanced5_global_rf,0.46,18777,0.298037405340858,0.3054540158590918,0.024884831183359823
FB15k-237,balanced5_global_rf,0.48,19593,0.29344152284138497,0.30055085641723517,0.02422742871223793
FB15k-237,balanced5_global_rf,0.5,20410,0.2876217610072837,0.2944509243015473,0.02374355566959574
FB15k-237,balanced5_global_rf,0.52,21226,0.2839987789869653,0.29058331202793336,0.02318507517692625
FB15k-237,balanced5_global_rf,0.54,22042,0.2794720507009438,0.28581941499324914,0.022711982383875506
FB15k-237,balanced5_global_rf,0.56,22859,0.27616586279701344,0.28229935754188595,0.02220946022347703
FB15k-237,balanced5_global_rf,0.58,23675,0.2743220538449131,0.2802565535456227,0.021633330669303952
FB15k-237,balanced5_global_rf,0.6,24491,0.27395079365178826,0.27971193150303153,0.021029827197967865
FB15k-237,balanced5_global_rf,0.62,25308,0.2789696257118588,0.2845937008080643,0.020160170061003235
FB15k-237,balanced5_global_rf,0.64,26124,0.28376269279538274,0.28923049376068155,0.0192689211940964
FB15k-237,balanced5_global_rf,0.66,26941,0.28591361385734737,0.2912255051705448,0.018578658223136202
FB15k-237,balanced5_global_rf,0.68,27757,0.2941615166177733,0.2993350079142949,0.017587247155935515
FB15k-237,balanced5_global_rf,0.7,28573,0.2998473583280716,0.3049193945319765,0.016915393993084393
FB15k-237,balanced5_global_rf,0.72,29390,0.30856871463688973,0.31361086039542363,0.016340430897109126
FB15k-237,balanced5_global_rf,0.74,30206,0.31474429462249237,0.31965597338269475,0.015605298790541955
FB15k-237,balanced5_global_rf,0.76,31022,0.3272418062312216,0.33203930599735954,0.01466041219301939
FB15k-237,balanced5_global_rf,0.78,31839,0.33350763802040384,0.3381401092509509,0.0138901503367177
FB15k-237,balanced5_global_rf,0.8,32655,0.3410467091439633,0.3455212823224927,0.013120118325611996
FB15k-237,balanced5_global_rf,0.82,33472,0.343149241367837,0.3474939092122379,0.012661161152746514
FB15k-237,balanced5_global_rf,0.84,34288,0.35045497798284686,0.3546488187988507,0.011966846184188196
FB15k-237,balanced5_global_rf,0.86,35104,0.35058466303599106,0.3546865263617288,0.011700064943561683
FB15k-237,balanced5_global_rf,0.88,35921,0.3513967341274954,0.3553992383568898,0.011390271566787513
FB15k-237,balanced5_global_rf,0.9,36737,0.3502947827801343,0.3542099113556238,0.011176668246146493
FB15k-237,balanced5_global_rf,0.92,37553,0.34650477225143345,0.3503339452436256,0.011050852106053055
FB15k-237,balanced5_global_rf,0.94,38370,0.3439970425705786,0.34774582180774344,0.010897707751065022
FB15k-237,balanced5_global_rf,0.96,39186,0.34497371189413845,0.348641820446674,0.01063300891072294
FB15k-237,balanced5_global_rf,0.98,40003,0.34818509228094746,0.35177864595173636,0.010320814275096124
FB15k-237,balanced5_global_rf,1.0,40819,0.3521072717743882,0.3556284813078721,0.010000388562665385
KG20C,balanced5_global_rf,0.02,149,0.07732169076853765,0.08138978716660647,0.05261261565330555
KG20C,balanced5_global_rf,0.04,298,0.08936513448437708,0.09385575493355329,0.05025025111959369
KG20C,balanced5_global_rf,0.06,447,0.09320406544996206,0.09788041148356368,0.05017319803621856
KG20C,balanced5_global_rf,0.08,596,0.10095672339271769,0.10601202985115118,0.050073994960875945
KG20C,balanced5_global_rf,0.1,745,0.09721688812894319,0.10210156528278436,0.050245150280498585
KG20C,balanced5_global_rf,0.12,894,0.09862747312772661,0.10358488294499021,0.050263984872080725
KG20C,balanced5_global_rf,0.14,1043,0.09933533058473243,0.10435449002385484,0.05052743479663668
KG20C,balanced5_global_rf,0.16,1192,0.1023686428245991,0.1075467707460675,0.05058314517601592
KG20C,balanced5_global_rf,0.18,1341,0.11050230064953517,0.11609810226876245,0.05063968429919585
KG20C,balanced5_global_rf,0.2,1490,0.11166954383660288,0.11734638859700594,0.05083610593690202
KG20C,balanced5_global_rf,0.22,1639,0.11433409184386747,0.12016244882052417,0.05097654498901161
KG20C,balanced5_global_rf,0.24,1788,0.11796811891719905,0.12403248425051121,0.051406815578441956
KG20C,balanced5_global_rf,0.26,1936,0.12044978039640969,0.12670571979944906,0.051938155324572355
KG20C,balanced5_global_rf,0.28,2085,0.12534902413518198,0.1319035061854994,0.052289853036660006
KG20C,balanced5_global_rf,0.3,2234,0.12706227939271306,0.1337399970701327,0.05255468191925572
KG20C,balanced5_global_rf,0.32,2383,0.13033390428272845,0.13725551166431527,0.053106729363159744
KG20C,balanced5_global_rf,0.34,2532,0.13539227107405238,0.14270066688977392,0.053979416681209536
KG20C,balanced5_global_rf,0.36,2681,0.13986064041450824,0.14751781489400076,0.05474860158511197
KG20C,balanced5_global_rf,0.38,2830,0.14439346081949186,0.15242924689497336,0.05565200826876193
KG20C,balanced5_global_rf,0.4,2979,0.14657418874748462,0.1547693662206819,0.05591146397075275
KG20C,balanced5_global_rf,0.42,3128,0.14871597055022961,0.1571015215067765,0.05638635128104563
KG20C,balanced5_global_rf,0.44,3277,0.15002835225883687,0.1585666528965879,0.05691124716893703
KG20C,balanced5_global_rf,0.46,3426,0.15157314185348225,0.16028708301568484,0.05749000816137917
KG20C,balanced5_global_rf,0.48,3575,0.1528200546661994,0.16167975381822206,0.05797471523861608
KG20C,balanced5_global_rf,0.5,3724,0.15667459267042966,0.1658258390056842,0.05840925563792276
KG20C,balanced5_global_rf,0.52,3873,0.1595187693626467,0.1689369833576712,0.05904141583247391
KG20C,balanced5_global_rf,0.54,4022,0.1616693858903361,0.171275307807659,0.05941707432376098
KG20C,balanced5_global_rf,0.56,4171,0.1625038989511884,0.17212727567860442,0.059219358978621184
KG20C,balanced5_global_rf,0.58,4320,0.16440994251162333,0.17419644539874515,0.059525006441930595
KG20C,balanced5_global_rf,0.6,4469,0.1655479329901181,0.17537949167593278,0.05938798816897051
KG20C,balanced5_global_rf,0.62,4618,0.17014414818985224,0.18015601908079884,0.058843463013344754
KG20C,balanced5_global_rf,0.64,4767,0.1707498187506306,0.18052904706992812,0.05727226178541045
KG20C,balanced5_global_rf,0.66,4916,0.16846431006413762,0.1780043453613649,0.05662941482142547
KG20C,balanced5_global_rf,0.68,5065,0.16872081464996103,0.17811124449256555,0.055656617484253434
KG20C,balanced5_global_rf,0.7,5214,0.18366501089394616,0.1927628530159043,0.049534977172170924
KG20C,balanced5_global_rf,0.72,5363,0.19707894380836896,0.20591130230745372,0.044816347847251414
KG20C,balanced5_global_rf,0.74,5512,0.19785873840366308,0.20680026912097457,0.04519148757063918
KG20C,balanced5_global_rf,0.76,5660,0.19874326036925,0.20787612431749997,0.04595307499374712
KG20C,balanced5_global_rf,0.78,5809,0.1976757705817795,0.2067388127421738,0.04584801735549515
KG20C,balanced5_global_rf,0.8,5958,0.19729032408592173,0.20630229243503626,0.04567871430526793
KG20C,balanced5_global_rf,0.82,6107,0.19976365296852833,0.20863692220861704,0.04441883750236908
KG20C,balanced5_global_rf,0.84,6256,0.20776544121401241,0.21646345833245448,0.041864600135700814
KG20C,balanced5_global_rf,0.86,6405,0.2067586927340477,0.21551936680373024,0.042371490909701715
KG20C,balanced5_global_rf,0.88,6554,0.20414658752587672,0.21276969640275245,0.042239789463944355
KG20C,balanced5_global_rf,0.9,6703,0.2053520500482482,0.21376974183266909,0.040991515704095205
KG20C,balanced5_global_rf,0.92,6852,0.20345885266017835,0.21168865220382221,0.04044945420678969
KG20C,balanced5_global_rf,0.94,7001,0.20100475605876325,0.20905940346242669,0.04007192447381036
KG20C,balanced5_global_rf,0.96,7150,0.20860958489823317,0.21649638020914894,0.03780648580822987
KG20C,balanced5_global_rf,0.98,7299,0.21844823252975995,0.22617402873102693,0.035366714172038405
KG20C,balanced5_global_rf,1.0,7448,0.2263808023358598,0.23395204112117768,0.03344470338118666
WN18RR,balanced5_global_rf,0.02,121,0.6008817801015878,0.6331078759813744,0.05363134138355519
WN18RR,balanced5_global_rf,0.04,242,0.5555598551927391,0.5820911288052595,0.04775592290288144
WN18RR,balanced5_global_rf,0.06,363,0.44845138631467096,0.4690865506905329,0.04601427268502767
WN18RR,balanced5_global_rf,0.08,484,0.39669069242933425,0.41287430677203185,0.04079655674195215
WN18RR,balanced5_global_rf,0.1,606,0.3849140578421277,0.3986890491955894,0.03578718696502259
WN18RR,balanced5_global_rf,0.12,727,0.3882956241565632,0.3995701395928174,0.029035906497128616
WN18RR,balanced5_global_rf,0.14,848,0.3510743707909985,0.36086629811665305,0.0278913191629242
WN18RR,balanced5_global_rf,0.16,969,0.32069020552465693,0.32952590828834033,0.027552144129964873
WN18RR,balanced5_global_rf,0.18,1090,0.3080153436952666,0.3157774265592249,0.02520031233131581
WN18RR,balanced5_global_rf,0.2,1211,0.28279378829337554,0.2898824060380967,0.02506638419287799
WN18RR,balanced5_global_rf,0.22,1332,0.26317785466961763,0.26966193925959114,0.02463765273150864
WN18RR,balanced5_global_rf,0.24,1453,0.2480092284392325,0.2539971232915413,0.024143838880479107
WN18RR,balanced5_global_rf,0.26,1574,0.2372099409125674,0.24279115145055333,0.023528569319289705
WN18RR,balanced5_global_rf,0.28,1695,0.22772801227181785,0.2329591455366188,0.022970969678324238
WN18RR,balanced5_global_rf,0.3,1816,0.22018146922849513,0.22511353521004007,0.02240000486338234
WN18RR,balanced5_global_rf,0.32,1938,0.21718244152692825,0.22195991576077478,0.02199751600662503
WN18RR,balanced5_global_rf,0.34,2059,0.21073608622134354,0.21531064679866022,0.021707533148887626
WN18RR,balanced5_global_rf,0.36,2180,0.20641038897095093,0.21079813134231706,0.02125737174975062
WN18RR,balanced5_global_rf,0.38,2301,0.2017067554300188,0.2059036693103114,0.020807007040221315
WN18RR,balanced5_global_rf,0.4,2422,0.20059858979590448,0.2046614136930376,0.020253501788157102
WN18RR,balanced5_global_rf,0.42,2543,0.20192695003778885,0.2059027064115485,0.019689082477676312
WN18RR,balanced5_global_rf,0.44,2664,0.2112415399701487,0.21526611168450746,0.01905199003438196
WN18RR,balanced5_global_rf,0.46,2785,0.21911680103793252,0.22321937484735704,0.01872322793136383
WN18RR,balanced5_global_rf,0.48,2906,0.2261642923548666,0.23034888140295243,0.01850243026657772
WN18RR,balanced5_global_rf,0.5,3028,0.2251808494463492,0.22940130919206267,0.01874253408356119
WN18RR,balanced5_global_rf,0.52,3149,0.22518110426637541,0.2293713759874816,0.018608451782656577
WN18RR,balanced5_global_rf,0.54,3270,0.23233392916166865,0.2365005034104887,0.017933559096832363
WN18RR,balanced5_global_rf,0.56,3391,0.23082353036471912,0.2349713099676913,0.01796948342492799
WN18RR,balanced5_global_rf,0.58,3512,0.23615691612649822,0.240082476430856,0.016622677704069666
WN18RR,balanced5_global_rf,0.6,3633,0.23762960166395208,0.24151123245781952,0.016334794851681433
WN18RR,balanced5_global_rf,0.62,3754,0.25125829219468526,0.2552108159491943,0.015730918649428993
WN18RR,balanced5_global_rf,0.64,3875,0.2587123449237364,0.2626962319988212,0.015398905978990518
WN18RR,balanced5_global_rf,0.66,3996,0.27879394479106684,0.2826999881993385,0.01401050303011031
WN18RR,balanced5_global_rf,0.68,4117,0.2999817754106887,0.30377301890339065,0.012638246065153513
WN18RR,balanced5_global_rf,0.7,4238,0.31950322703185086,0.3231997135593265,0.011569481040349938
WN18RR,balanced5_global_rf,0.72,4360,0.3360787495797118,0.3396932028848505,0.01075478086507653
WN18RR,balanced5_global_rf,0.74,4481,0.353017733737667,0.35657594310688356,0.010079406865890705
WN18RR,balanced5_global_rf,0.76,4602,0.3698612557383481,0.37335190960414333,0.009437738642905202
WN18RR,balanced5_global_rf,0.78,4723,0.38591099091253755,0.38931577267435036,0.008822712599508398
WN18RR,balanced5_global_rf,0.8,4844,0.4013591640841949,0.40468890764171606,0.00829616925558141
WN18RR,balanced5_global_rf,0.82,4965,0.41594121990020994,0.41918981562883684,0.007810227919719637
WN18RR,balanced5_global_rf,0.84,5086,0.4279479582407194,0.4311362110402841,0.007450094662611484
WN18RR,balanced5_global_rf,0.86,5207,0.4408564624604828,0.4439859014629383,0.00709854401359955
WN18RR,balanced5_global_rf,0.88,5328,0.4535483733328164,0.456606742117686,0.006743203073126924
WN18RR,balanced5_global_rf,0.9,5450,0.4656313850959952,0.4686215543405234,0.006421751927034869
WN18RR,balanced5_global_rf,0.92,5571,0.47723127172031526,0.4801564956267375,0.0061295729759649475
WN18RR,balanced5_global_rf,0.94,5692,0.4883380832267452,0.4912011229988249,0.005862823053164101
WN18RR,balanced5_global_rf,0.96,5813,0.49880348929109436,0.5016155340018762,0.005637580271898868
WN18RR,balanced5_global_rf,0.98,5934,0.5078468097681291,0.5106070359639026,0.005435155134741576
WN18RR,balanced5_global_rf,1.0,6055,0.5098022893664883,0.5125272756194793,0.005345182455687381
YAGO3-10,balanced5_global_rf,0.02,200,0.4448598975982571,0.5480052449734449,0.23186029563927124
YAGO3-10,balanced5_global_rf,0.04,399,0.5111896131327783,0.6021197138865817,0.17787939820714782
YAGO3-10,balanced5_global_rf,0.06,598,0.5442807030720473,0.6237648166777011,0.14603514906375858
YAGO3-10,balanced5_global_rf,0.08,798,0.5531281959057002,0.6200178572175952,0.12092976240773434
YAGO3-10,balanced5_global_rf,0.1,998,0.5480762789502095,0.6079396887113773,0.10922459529872497
YAGO3-10,balanced5_global_rf,0.12,1197,0.5432577308750363,0.5992430938909666,0.1030548850648727
YAGO3-10,balanced5_global_rf,0.14,1397,0.5310332251650982,0.5878877201347759,0.10706391290677075
YAGO3-10,balanced5_global_rf,0.16,1596,0.532221491847054,0.5882806866079947,0.10533057311607141
YAGO3-10,balanced5_global_rf,0.18,1796,0.5352509165561802,0.5872721115224503,0.0971902959101425
YAGO3-10,balanced5_global_rf,0.2,1995,0.5441196430231733,0.5940255168792252,0.091718566855574
YAGO3-10,balanced5_global_rf,0.22,2194,0.5493169067529906,0.5969214942558932,0.08666142788921816
YAGO3-10,balanced5_global_rf,0.24,2394,0.560895848649426,0.6063242357919095,0.08099255370113712
YAGO3-10,balanced5_global_rf,0.26,2594,0.5711399291975403,0.6145065723614545,0.07592997958459136
YAGO3-10,balanced5_global_rf,0.28,2793,0.5792973789733008,0.6223304388033589,0.0742849206504721
YAGO3-10,balanced5_global_rf,0.3,2992,0.5861597645256477,0.6278762645981014,0.07116916342119284
YAGO3-10,balanced5_global_rf,0.32,3192,0.5924318264523714,0.6331932112391148,0.06880350272677394
YAGO3-10,balanced5_global_rf,0.34,3392,0.5970097358335689,0.637816475880702,0.06835188372624623
YAGO3-10,balanced5_global_rf,0.36,3591,0.6043652330581392,0.6447371128986671,0.06680046705572851
YAGO3-10,balanced5_global_rf,0.38,3790,0.615619704929983,0.6548982309776743,0.06380323068469451
YAGO3-10,balanced5_global_rf,0.4,3990,0.622501089418809,0.6604683744616876,0.0609915158193961
YAGO3-10,balanced5_global_rf,0.42,4190,0.6277723468469439,0.6645124649634084,0.058524588253999754
YAGO3-10,balanced5_global_rf,0.44,4389,0.6344067258353087,0.6704724944572653,0.05684960003295947
YAGO3-10,balanced5_global_rf,0.46,4588,0.6393123937954667,0.6748330872549407,0.055560777179048504
YAGO3-10,balanced5_global_rf,0.48,4788,0.6387733579346648,0.6733497376530667,0.05412933912929163
YAGO3-10,balanced5_global_rf,0.5,4988,0.6423050110697053,0.676039182280258,0.05252048579594826
YAGO3-10,balanced5_global_rf,0.52,5187,0.6446030346185001,0.6771695226518183,0.050521772756766836
YAGO3-10,balanced5_global_rf,0.54,5386,0.6443991881693532,0.6759045133034417,0.04889100686732828
YAGO3-10,balanced5_global_rf,0.56,5586,0.6433260609638229,0.6736093952581248,0.04707307247732473
YAGO3-10,balanced5_global_rf,0.58,5786,0.6396395521301341,0.6691137546434928,0.046079393332078
YAGO3-10,balanced5_global_rf,0.6,5985,0.6351658972274558,0.6641129363998205,0.04557398200804008
YAGO3-10,balanced5_global_rf,0.62,6184,0.6306315232335665,0.6591350573791223,0.04519839731354325
YAGO3-10,balanced5_global_rf,0.64,6384,0.6300324276205457,0.6582045578960938,0.044715365496259096
YAGO3-10,balanced5_global_rf,0.66,6584,0.6308578292076391,0.6587115286285282,0.04415210231419886
YAGO3-10,balanced5_global_rf,0.68,6783,0.6317426398658433,0.6590807027262627,0.04327405043646393
YAGO3-10,balanced5_global_rf,0.7,6982,0.6299345165709159,0.6570668999554841,0.04307175217555126
YAGO3-10,balanced5_global_rf,0.72,7182,0.626704126570194,0.6535941140294602,0.04290698962910744
YAGO3-10,balanced5_global_rf,0.74,7382,0.6213572410828,0.6477928160477077,0.0425448891829765
YAGO3-10,balanced5_global_rf,0.76,7581,0.6149069845422713,0.6408413404385027,0.042176063287907795
YAGO3-10,balanced5_global_rf,0.78,7780,0.6131993228413524,0.6385067123097053,0.04127106558286364
YAGO3-10,balanced5_global_rf,0.8,7980,0.6100538966867269,0.6348114591689941,0.040582582320559446
YAGO3-10,balanced5_global_rf,0.82,8179,0.5988232945579345,0.6231041642059525,0.0405476371221376
YAGO3-10,balanced5_global_rf,0.84,8379,0.5877142942941124,0.6114400192820343,0.0403694877226326
YAGO3-10,balanced5_global_rf,0.86,8578,0.5805839770924451,0.6036751028514528,0.03977224083008224
YAGO3-10,balanced5_global_rf,0.88,8778,0.5724888298179454,0.5950905399958342,0.0394797400415241
YAGO3-10,balanced5_global_rf,0.9,8978,0.5654062030365813,0.5875098853731547,0.039093455674633626
YAGO3-10,balanced5_global_rf,0.92,9177,0.5623015688505495,0.5839481964981168,0.0384964738615563
YAGO3-10,balanced5_global_rf,0.94,9376,0.5506029160509746,0.5717905053361539,0.03848070663544734
YAGO3-10,balanced5_global_rf,0.96,9576,0.5547677930298641,0.5756283324225896,0.03760228992169079
YAGO3-10,balanced5_global_rf,0.98,9776,0.559153783706804,0.5795451891949258,0.03646833140060468
YAGO3-10,balanced5_global_rf,1.0,9975,0.5607274620553473,0.5794717170327173,0.03342845900335045
codex-l,balanced5_global_rf,0.02,1223,0.017263936921568242,0.03845404949119264,1.2274206437322586
codex-l,balanced5_global_rf,0.04,2445,0.01095017127246518,0.023135254887936503,1.1127756189632758
codex-l,balanced5_global_rf,0.06,3668,0.013189486074781384,0.02118663661600845,0.6063276837236147
codex-l,balanced5_global_rf,0.08,4890,0.015721363354778955,0.02234157776454205,0.4210967115489186
codex-l,balanced5_global_rf,0.1,6113,0.024569697119359045,0.03121526715971002,0.27047830537213957
codex-l,balanced5_global_rf,0.12,7335,0.034239446913426015,0.0413625124703957,0.20803681715362576
codex-l,balanced5_global_rf,0.14,8558,0.05545735879423506,0.06632138610805653,0.1958987508606489
codex-l,balanced5_global_rf,0.16,9781,0.07809065430622242,0.09311246141827656,0.19236369890240734
codex-l,balanced5_global_rf,0.18,11003,0.10553922930638913,0.12430274977153606,0.17778716585730292
codex-l,balanced5_global_rf,0.2,12226,0.13649087295645904,0.15714613330450647,0.15133070732602394
codex-l,balanced5_global_rf,0.22,13448,0.16647746819944323,0.18842674994657285,0.13184536012305248
codex-l,balanced5_global_rf,0.24,14671,0.19961335980443493,0.22094421934666025,0.10686088127129167
codex-l,balanced5_global_rf,0.26,15894,0.22273866379384274,0.24313585643019994,0.09157454879605442
codex-l,balanced5_global_rf,0.28,17116,0.24386113829990827,0.2637069416285094,0.08138157423096293
codex-l,balanced5_global_rf,0.3,18339,0.25666365054514023,0.27493043131504036,0.0711701120556123
codex-l,balanced5_global_rf,0.32,19561,0.2603759648735097,0.2774826354604407,0.06569988360961587
codex-l,balanced5_global_rf,0.34,20784,0.2682231375268073,0.2841834833441886,0.05950398598922546
codex-l,balanced5_global_rf,0.36,22006,0.2714342911888656,0.2865440023332172,0.05566618380519284
codex-l,balanced5_global_rf,0.38,23229,0.27732664887056035,0.2918729614540205,0.052451910563594994
codex-l,balanced5_global_rf,0.4,24452,0.2835067324307945,0.2973245953700513,0.048739099847054934
codex-l,balanced5_global_rf,0.42,25674,0.2964561909786507,0.3096857517365529,0.044625685549791294
codex-l,balanced5_global_rf,0.44,26897,0.31423112227429517,0.32674691276143714,0.03982988825727074
codex-l,balanced5_global_rf,0.46,28119,0.31845530767976377,0.3304053939333479,0.03752515962334346
codex-l,balanced5_global_rf,0.48,29342,0.3110359332764625,0.3225874463508969,0.037138837795203994
codex-l,balanced5_global_rf,0.5,30564,0.30869299536411365,0.3197926454147911,0.03595692230588199
codex-l,balanced5_global_rf,0.52,31787,0.30824227285335687,0.31885200602497893,0.03442011075706519
codex-l,balanced5_global_rf,0.54,33010,0.30411244829219736,0.314306247478656,0.0335198353230981
codex-l,balanced5_global_rf,0.56,34232,0.3001184690540882,0.31004114734542604,0.03306253801244585
codex-l,balanced5_global_rf,0.58,35455,0.2966684699211319,0.30634024331405607,0.03260128518374539
codex-l,balanced5_global_rf,0.6,36677,0.29401323283342173,0.3034406458751179,0.03206458753860719
codex-l,balanced5_global_rf,0.62,37900,0.29688249655474924,0.3061490512197911,0.031212869645661057
codex-l,balanced5_global_rf,0.64,39123,0.2994574127218964,0.308570479224051,0.03043192826426311
codex-l,balanced5_global_rf,0.66,40345,0.29862189484781,0.30752163450640346,0.029802703057420388
codex-l,balanced5_global_rf,0.68,41568,0.29622218400598543,0.3048983155533605,0.029289270067631934
codex-l,balanced5_global_rf,0.7,42790,0.2948076538638844,0.3033117836491848,0.028846367025554986
codex-l,balanced5_global_rf,0.72,44013,0.29447722285786815,0.3028027398129903,0.028272193259376577
codex-l,balanced5_global_rf,0.74,45235,0.29516967275120326,0.30338698156014804,0.02783927201041103
codex-l,balanced5_global_rf,0.76,46458,0.29488515491745004,0.30297700555821255,0.02744068497794583
codex-l,balanced5_global_rf,0.78,47681,0.2917628080212607,0.2996351353038309,0.02698194240712315
codex-l,balanced5_global_rf,0.8,48903,0.2875681506516665,0.2952639501157955,0.026761654399798163
codex-l,balanced5_global_rf,0.82,50126,0.2919228342782687,0.29956442462704974,0.026176747590415772
codex-l,balanced5_global_rf,0.84,51348,0.2987917651164089,0.30638864422458156,0.025425329594384483
codex-l,balanced5_global_rf,0.86,52571,0.30262278305814433,0.31009934045652043,0.024705864253913745
codex-l,balanced5_global_rf,0.88,53794,0.3060898572024154,0.3135317702446523,0.024312837773371898
codex-l,balanced5_global_rf,0.9,55016,0.3032638987596952,0.310562951206537,0.024068319627538193
codex-l,balanced5_global_rf,0.92,56239,0.3097096730796181,0.31701173412800465,0.023577116516181107
codex-l,balanced5_global_rf,0.94,57461,0.31438796786716694,0.321587898161854,0.022901418090303993
codex-l,balanced5_global_rf,0.96,58684,0.3201607745312377,0.32729101980195424,0.022270827152877315
codex-l,balanced5_global_rf,0.98,59906,0.3245864713571941,0.3317129409975055,0.021955535024344774
codex-l,balanced5_global_rf,1.0,61129,0.3293206066178304,0.3342010881088536,0.014819848478801356
codex-m,balanced5_global_rf,0.02,412,0.25726704781623055,0.2656678895393907,0.0326541692551352
codex-m,balanced5_global_rf,0.04,824,0.2242786268191607,0.23055413572420713,0.027980860209682268
codex-m,balanced5_global_rf,0.06,1236,0.2373572079302533,0.2417608429570237,0.01855277564633462
codex-m,balanced5_global_rf,0.08,1648,0.2625508807358164,0.2661629633846161,0.013757648188711391
codex-m,balanced5_global_rf,0.1,2059,0.27288113952708615,0.2756837538240411,0.010270458052952902
codex-m,balanced5_global_rf,0.12,2471,0.29143272328078895,0.29418434068531135,0.009441689915759
codex-m,balanced5_global_rf,0.14,2883,0.3073536745646009,0.3100570321874957,0.008795592330966606
codex-m,balanced5_global_rf,0.16,3295,0.30395225048274893,0.3067490343561818,0.009201392221939164
codex-m,balanced5_global_rf,0.18,3707,0.2989297223440821,0.3016469187867382,0.009089749996584517
codex-m,balanced5_global_rf,0.2,4119,0.29794521988012623,0.30067272495095854,0.009154384392975556
codex-m,balanced5_global_rf,0.22,4531,0.3109262884102425,0.3135525517736282,0.00844657869494947
codex-m,balanced5_global_rf,0.24,4943,0.3182792687476024,0.320965961307862,0.00844130555795064
codex-m,balanced5_global_rf,0.26,5354,0.32195261388400453,0.3244868370855049,0.007871416762012862
codex-m,balanced5_global_rf,0.28,5766,0.3372267356195294,0.3396871241416603,0.007295947391628976
codex-m,balanced5_global_rf,0.3,6178,0.3405694997210595,0.34293694622869714,0.006951434316862404
codex-m,balanced5_global_rf,0.32,6590,0.33440845080067,0.33674701986884353,0.0069931518254826575
codex-m,balanced5_global_rf,0.34,7002,0.34836267311616126,0.35080443560645547,0.007009254086989936
codex-m,balanced5_global_rf,0.36,7414,0.35648517169674565,0.35904599157259187,0.0071835242505533525
codex-m,balanced5_global_rf,0.38,7826,0.3499370674389326,0.3525476466165595,0.007460139037950064
codex-m,balanced5_global_rf,0.4,8238,0.35309424843981707,0.35559318650443256,0.007077255083189016
codex-m,balanced5_global_rf,0.42,8649,0.3492418987109749,0.3517022169480248,0.00704473960922436
codex-m,balanced5_global_rf,0.44,9061,0.3455946768345634,0.3480592625020447,0.007131434112514157
codex-m,balanced5_global_rf,0.46,9473,0.3396994210630617,0.34209425179588693,0.007049852264483736
codex-m,balanced5_global_rf,0.48,9885,0.33205400959999043,0.3344686507548503,0.00727183254847219
codex-m,balanced5_global_rf,0.5,10297,0.33018581058039553,0.33262907431729155,0.007399663033978543
codex-m,balanced5_global_rf,0.52,10709,0.32438901715730506,0.326796651453747,0.00742205860586953
codex-m,balanced5_global_rf,0.54,11121,0.32218112497981266,0.32466423217770135,0.0077071777499202465
codex-m,balanced5_global_rf,0.56,11533,0.32189123641730477,0.32432277253434166,0.007553905922075499
codex-m,balanced5_global_rf,0.58,11945,0.3229089620142569,0.32533225766839013,0.007504578501064563
codex-m,balanced5_global_rf,0.6,12356,0.3191408855334853,0.32151483811689613,0.0074385724017858035
codex-m,balanced5_global_rf,0.62,12768,0.3118900080149801,0.3142054214177923,0.007423813983489236
codex-m,balanced5_global_rf,0.64,13180,0.3065419735215141,0.30879654422838154,0.0073548515427341865
codex-m,balanced5_global_rf,0.66,13592,0.3110531529821912,0.3135382967509209,0.007989450500352158
codex-m,balanced5_global_rf,0.68,14004,0.3114965420165712,0.31406641785963857,0.008250094291353927
codex-m,balanced5_global_rf,0.7,14416,0.3115702854802857,0.3141765208445214,0.008364839285678993
codex-m,balanced5_global_rf,0.72,14828,0.3144227124683151,0.31708366022452394,0.008462962918039718
codex-m,balanced5_global_rf,0.74,15240,0.31722714635341265,0.31992942806351354,0.008518444090186206
codex-m,balanced5_global_rf,0.76,15651,0.3248906571686885,0.32762841664877174,0.008426710401406634
codex-m,balanced5_global_rf,0.78,16063,0.330135918224814,0.3329735357935825,0.008595300941584227
codex-m,balanced5_global_rf,0.8,16475,0.3337329731261455,0.336579907625573,0.008530576025376435
codex-m,balanced5_global_rf,0.82,16887,0.3365593288398651,0.33940719351451387,0.008461701788108122
codex-m,balanced5_global_rf,0.84,17299,0.33325337272280847,0.33605006029978035,0.008392075837438284
codex-m,balanced5_global_rf,0.86,17711,0.33990329570863925,0.34270239930003815,0.008234999856542302
codex-m,balanced5_global_rf,0.88,18123,0.33548840147540887,0.3382654546648459,0.008277642914700234
codex-m,balanced5_global_rf,0.9,18535,0.3399107348489961,0.3427897977377041,0.008470055792698217
codex-m,balanced5_global_rf,0.92,18946,0.3384689973867515,0.3413249885329809,0.008437969705585635
codex-m,balanced5_global_rf,0.94,19358,0.33719160491566946,0.34003968215523506,0.008446465445893558
codex-m,balanced5_global_rf,0.96,19770,0.3349297655065346,0.3377635530062151,0.008460841022579046
codex-m,balanced5_global_rf,0.98,20182,0.3397706991400486,0.3427226735109482,0.008688136965226745
codex-m,balanced5_global_rf,1.0,20594,0.3418371108917016,0.34476875252136285,0.00857613622468878
hetionet,balanced5_global_rf,0.02,9001,0.6546407189464853,0.7308397162524772,0.11639819384993211
hetionet,balanced5_global_rf,0.04,18002,0.658918308555622,0.7355167582064956,0.1162487802452794
hetionet,balanced5_global_rf,0.06,27002,0.6406735239411456,0.71512133910629,0.11620242195615282
hetionet,balanced5_global_rf,0.08,36003,0.6162708177778762,0.6878692492383326,0.11618014255262499
hetionet,balanced5_global_rf,0.1,45004,0.6246429089774138,0.6972036324398766,0.11616352706420696
hetionet,balanced5_global_rf,0.12,54005,0.612713861230263,0.6838831277921048,0.11615416439076753
hetionet,balanced5_global_rf,0.14,63006,0.6064860090272484,0.6769275860468752,0.11614707671922897
hetionet,balanced5_global_rf,0.16,72006,0.6017888793152255,0.6716816429687245,0.1161416670461406
hetionet,balanced5_global_rf,0.18,81007,0.5984948797864589,0.6680025062086041,0.11613737856361506
hetionet,balanced5_global_rf,0.2,90008,0.5985550569172432,0.668067508488455,0.11613376374969397
hetionet,balanced5_global_rf,0.22,99009,0.5930344076446525,0.6619041294708744,0.1161310725624689
hetionet,balanced5_global_rf,0.24,108010,0.5961699153153673,0.6652970002539366,0.1159519847659567
hetionet,balanced5_global_rf,0.26,117010,0.6025281596004166,0.6689207036410849,0.1101899437939935
hetionet,balanced5_global_rf,0.28,126011,0.588610649701747,0.650924837372027,0.1058665651086248
hetionet,balanced5_global_rf,0.3,135012,0.5633286547478054,0.6217773562925001,0.10375595321147202
hetionet,balanced5_global_rf,0.32,144013,0.5395546158546068,0.5945912143181282,0.1020037580001949
hetionet,balanced5_global_rf,0.34,153014,0.5289493515605866,0.5808924571036801,0.09820052787633271
hetionet,balanced5_global_rf,0.36,162014,0.5285552109931537,0.577811995555188,0.09319137062234417
hetionet,balanced5_global_rf,0.38,171015,0.5189352643556502,0.5657654743756063,0.09024287466396053
hetionet,balanced5_global_rf,0.4,180016,0.5032951540614943,0.5478850462097354,0.08859590995146571
hetionet,balanced5_global_rf,0.42,189017,0.48826695560850464,0.5308142547057458,0.08713941955014426
hetionet,balanced5_global_rf,0.44,198018,0.47459891529514814,0.5152734370096193,0.08570293863646117
hetionet,balanced5_global_rf,0.46,207018,0.45769656470984255,0.49662978454417167,0.08506338661075796
hetionet,balanced5_global_rf,0.48,216019,0.4412727972789955,0.4786181333647088,0.08463095009707033
hetionet,balanced5_global_rf,0.5,225020,0.42816659537377966,0.46406159509335465,0.08383419002652337
hetionet,balanced5_global_rf,0.52,234021,0.4278124978428354,0.4624213848129104,0.08089732568492924
hetionet,balanced5_global_rf,0.54,243022,0.42570321412714784,0.4591043136136655,0.0784609990671612
hetionet,balanced5_global_rf,0.56,252022,0.4157096844114769,0.44796408741313043,0.07758876978609797
hetionet,balanced5_global_rf,0.58,261023,0.40911771727517565,0.44030880967601466,0.07623989644980256
hetionet,balanced5_global_rf,0.6,270024,0.40831241024866555,0.4385215486394769,0.07398535443097054
hetionet,balanced5_global_rf,0.62,279025,0.4062109876194075,0.4354838315239763,0.07206315140838959
hetionet,balanced5_global_rf,0.64,288026,0.40376180566426273,0.4321469145635617,0.0703016196705386
hetionet,balanced5_global_rf,0.66,297026,0.40474744191324447,0.4322772202970326,0.06801717696757925
hetionet,balanced5_global_rf,0.68,306027,0.3994749917494522,0.4261795615772765,0.06684916547810626
hetionet,balanced5_global_rf,0.7,315028,0.39297436972440125,0.41886375570087186,0.06588059672855318
hetionet,balanced5_global_rf,0.72,324029,0.3848147205401758,0.40995813083816113,0.06533900330707398
hetionet,balanced5_global_rf,0.74,333030,0.38700457223977375,0.4113392840962279,0.06287964949772551
hetionet,balanced5_global_rf,0.76,342030,0.38427395540217946,0.40788631763189426,0.06144668900342776
hetionet,balanced5_global_rf,0.78,351031,0.3870397362942354,0.40991149471224875,0.059094083302665856
hetionet,balanced5_global_rf,0.8,360032,0.38821426619903315,0.4103951641784227,0.05713571063876777
hetionet,balanced5_global_rf,0.82,369033,0.39023950246024586,0.4117573605146548,0.055140132966423616
hetionet,balanced5_global_rf,0.84,378034,0.3974623465353865,0.41828962771666434,0.05240063961486108
hetionet,balanced5_global_rf,0.86,387034,0.4041552305166177,0.4243256209530718,0.04990753283254801
hetionet,balanced5_global_rf,0.88,396035,0.40756393326584195,0.4271388702912281,0.0480291199187588
hetionet,balanced5_global_rf,0.9,405036,0.40976168837996474,0.42877941600594394,0.046411678215129815
hetionet,balanced5_global_rf,0.92,414037,0.4016651310248638,0.4202604776736067,0.04629564583138235
hetionet,balanced5_global_rf,0.94,423038,0.3940069163229126,0.41219695716073274,0.04616680592203681
hetionet,balanced5_global_rf,0.96,432038,0.38683357074800595,0.4046334679758717,0.046014354941963154
hetionet,balanced5_global_rf,0.98,441039,0.3796369085376874,0.3970659639305082,0.045909802236972386
hetionet,balanced5_global_rf,1.0,450040,0.37318845788011495,0.39025626869102603,0.045735098314305445
FB15k-237,synergy_weight_top5_mean_global_rf,0.02,816,0.24815982534643888,0.2698184467079014,0.08727690443538316
FB15k-237,synergy_weight_top5_mean_global_rf,0.04,1633,0.2676914681429163,0.28325048413188364,0.05812294316627464
FB15k-237,synergy_weight_top5_mean_global_rf,0.06,2449,0.2637954196191344,0.2767897697682111,0.04925919550778346
FB15k-237,synergy_weight_top5_mean_global_rf,0.08,3266,0.2597550449784857,0.27197476317997127,0.047043237225662615
FB15k-237,synergy_weight_top5_mean_global_rf,0.1,4082,0.2646531427272536,0.2765136159398978,0.04481516104597105
FB15k-237,synergy_weight_top5_mean_global_rf,0.12,4898,0.25495983008726053,0.26618589010713223,0.04403070089915562
FB15k-237,synergy_weight_top5_mean_global_rf,0.14,5715,0.2566871965998201,0.26865660238263017,0.0466303186966921
FB15k-237,synergy_weight_top5_mean_global_rf,0.16,6531,0.252738643808742,0.26458442049673364,0.04686966943193638
FB15k-237,synergy_weight_top5_mean_global_rf,0.18,7347,0.25310916906908726,0.2642781132084825,0.04412698354814082
FB15k-237,synergy_weight_top5_mean_global_rf,0.2,8164,0.2637931975621162,0.2741815571348116,0.03938069544135692
FB15k-237,synergy_weight_top5_mean_global_rf,0.22,8980,0.2663644403347499,0.27639342774349035,0.03765137492127968
FB15k-237,synergy_weight_top5_mean_global_rf,0.24,9797,0.27714296838454583,0.2872218926188482,0.03636723779445661
FB15k-237,synergy_weight_top5_mean_global_rf,0.26,10613,0.28522080806523675,0.2956402635996198,0.036531190010512526
FB15k-237,synergy_weight_top5_mean_global_rf,0.28,11429,0.2886562078430309,0.2990237141017835,0.03591645000889909
FB15k-237,synergy_weight_top5_mean_global_rf,0.3,12246,0.29275249228818123,0.30286281972560386,0.03453541029966756
FB15k-237,synergy_weight_top5_mean_global_rf,0.32,13062,0.2956972813891338,0.3051897922304786,0.03210212416140812
FB15k-237,synergy_weight_top5_mean_global_rf,0.34,13878,0.2999832312890637,0.3088766232136945,0.02964629684937692
FB15k-237,synergy_weight_top5_mean_global_rf,0.36,14695,0.30181438573891617,0.31029744231095324,0.028106866249163254
FB15k-237,synergy_weight_top5_mean_global_rf,0.38,15511,0.3079419579118421,0.31602425967570824,0.02624618554312086
FB15k-237,synergy_weight_top5_mean_global_rf,0.4,16328,0.31365417416763386,0.3213635344617809,0.0245791732713454
FB15k-237,synergy_weight_top5_mean_global_rf,0.42,17144,0.32294058065939146,0.33024928049333074,0.022631717014368835
FB15k-237,synergy_weight_top5_mean_global_rf,0.44,17960,0.33111667721561305,0.3380651288104507,0.020984903730213
FB15k-237,synergy_weight_top5_mean_global_rf,0.46,18777,0.3389922492552099,0.3456589464301142,0.0196662230170499
FB15k-237,synergy_weight_top5_mean_global_rf,0.48,19593,0.3383752172940014,0.344782058092584,0.01893413131676236
FB15k-237,synergy_weight_top5_mean_global_rf,0.5,20410,0.349996634342425,0.35591206904426975,0.016901404531956876
FB15k-237,synergy_weight_top5_mean_global_rf,0.52,21226,0.34225649316760487,0.3479387228467023,0.016602255304225322
FB15k-237,synergy_weight_top5_mean_global_rf,0.54,22042,0.34076387956438536,0.34626426955406536,0.016141352765179917
FB15k-237,synergy_weight_top5_mean_global_rf,0.56,22859,0.3366882761127636,0.3420824684311717,0.016021325068656278
FB15k-237,synergy_weight_top5_mean_global_rf,0.58,23675,0.3382731746637232,0.3435070028166134,0.015472193909827903
FB15k-237,synergy_weight_top5_mean_global_rf,0.6,24491,0.33957929067805714,0.3446148714908639,0.014828880768176234
FB15k-237,synergy_weight_top5_mean_global_rf,0.62,25308,0.34713246069453757,0.35270005453844866,0.016038816516241505
FB15k-237,synergy_weight_top5_mean_global_rf,0.64,26124,0.3470301172758682,0.35249623661957835,0.015751138219985972
FB15k-237,synergy_weight_top5_mean_global_rf,0.66,26941,0.3454667067493634,0.3507462769454495,0.015282428358332156
FB15k-237,synergy_weight_top5_mean_global_rf,0.68,27757,0.35367984041087736,0.3587981414304263,0.014471565621616778
FB15k-237,synergy_weight_top5_mean_global_rf,0.7,28573,0.3504596046966898,0.35543173507850545,0.014187456457696035
FB15k-237,synergy_weight_top5_mean_global_rf,0.72,29390,0.35389631629795065,0.35873164169694427,0.013663113110571778
FB15k-237,synergy_weight_top5_mean_global_rf,0.74,30206,0.34732500480518624,0.3520411336639298,0.013578431709484473
FB15k-237,synergy_weight_top5_mean_global_rf,0.76,31022,0.346630434298013,0.35122413723843515,0.013252451273429555
FB15k-237,synergy_weight_top5_mean_global_rf,0.78,31839,0.3549581513376563,0.35943397823604434,0.012609449540800677
FB15k-237,synergy_weight_top5_mean_global_rf,0.8,32655,0.3534152834599773,0.3577792660849283,0.012348030289542455
FB15k-237,synergy_weight_top5_mean_global_rf,0.82,33472,0.3491155199491787,0.3533729844752834,0.012195002177859182
FB15k-237,synergy_weight_top5_mean_global_rf,0.84,34288,0.3538090719868478,0.35795470637227567,0.011717151180289598
FB15k-237,synergy_weight_top5_mean_global_rf,0.86,35104,0.35642809960024835,0.3604773678263066,0.011360687416619886
FB15k-237,synergy_weight_top5_mean_global_rf,0.88,35921,0.36159403479041086,0.365551205019735,0.010943682275117661
FB15k-237,synergy_weight_top5_mean_global_rf,0.9,36737,0.35972119072796566,0.3635904645338711,0.010756313238247772
FB15k-237,synergy_weight_top5_mean_global_rf,0.92,37553,0.3556778171447924,0.3594630143809,0.010642207789322677
FB15k-237,synergy_weight_top5_mean_global_rf,0.94,38370,0.3623275231806185,0.3660517715046743,0.010278679056349826
FB15k-237,synergy_weight_top5_mean_global_rf,0.96,39186,0.3603482429446022,0.3639922900559722,0.01011257077762484
FB15k-237,synergy_weight_top5_mean_global_rf,0.98,40003,0.35456547826072543,0.3581307394275801,0.010055296935120639
FB15k-237,synergy_weight_top5_mean_global_rf,1.0,40819,0.35210727177438816,0.35562848130787217,0.010000388562665607
KG20C,synergy_weight_top5_mean_global_rf,0.02,149,0.1897592378573956,0.19980021486220118,0.052914298761841616
KG20C,synergy_weight_top5_mean_global_rf,0.04,298,0.14424748622910796,0.15172930106295157,0.051867904456652125
KG20C,synergy_weight_top5_mean_global_rf,0.06,447,0.14029496326554391,0.14779227813378018,0.05343965808698137
KG20C,synergy_weight_top5_mean_global_rf,0.08,596,0.13820250429202235,0.14554084442987755,0.053098459940706055
KG20C,synergy_weight_top5_mean_global_rf,0.1,745,0.12942131917773855,0.13621513460645363,0.052493789059474105
KG20C,synergy_weight_top5_mean_global_rf,0.12,894,0.12198061787141924,0.12832384137213415,0.05200189678823697
KG20C,synergy_weight_top5_mean_global_rf,0.14,1043,0.13199569435889041,0.139159657540323,0.054274218687422326
KG20C,synergy_weight_top5_mean_global_rf,0.16,1192,0.1270350625950425,0.13387661474789567,0.053855620748284316
KG20C,synergy_weight_top5_mean_global_rf,0.18,1341,0.12365058069875728,0.13026597590064096,0.053500720857917905
KG20C,synergy_weight_top5_mean_global_rf,0.2,1490,0.12032356154249223,0.12674187898220177,0.053342149762105606
KG20C,synergy_weight_top5_mean_global_rf,0.22,1639,0.11647288881827006,0.12265457773831946,0.053074058545028
KG20C,synergy_weight_top5_mean_global_rf,0.24,1788,0.12438644536457162,0.13108560625975763,0.053857644018614925
KG20C,synergy_weight_top5_mean_global_rf,0.26,1936,0.12828859369693724,0.13523660619024067,0.054159238113694386
KG20C,synergy_weight_top5_mean_global_rf,0.28,2085,0.1336156246064677,0.1408474487517586,0.05412409040178123
KG20C,synergy_weight_top5_mean_global_rf,0.3,2234,0.1385281859288801,0.14603098840945372,0.05416083687420503
KG20C,synergy_weight_top5_mean_global_rf,0.32,2383,0.14050697779468332,0.14812699106272023,0.054232276486451125
KG20C,synergy_weight_top5_mean_global_rf,0.34,2532,0.13993482350381806,0.1475287194519938,0.05426737789802938
KG20C,synergy_weight_top5_mean_global_rf,0.36,2681,0.1416416120984218,0.14933438908656957,0.05431156052362862
KG20C,synergy_weight_top5_mean_global_rf,0.38,2830,0.14501859900351974,0.15290720108937741,0.05439717484559492
KG20C,synergy_weight_top5_mean_global_rf,0.4,2979,0.14622785129671706,0.15427959600016328,0.05506300360735028
KG20C,synergy_weight_top5_mean_global_rf,0.42,3128,0.1501894142128158,0.15858543300959407,0.055902866661968975
KG20C,synergy_weight_top5_mean_global_rf,0.44,3277,0.1521390170680514,0.1606525862050229,0.05595914382149192
KG20C,synergy_weight_top5_mean_global_rf,0.46,3426,0.1540041240813862,0.16273435933140237,0.0566883211867919
KG20C,synergy_weight_top5_mean_global_rf,0.48,3575,0.15703938606914886,0.1660648817304775,0.057472815497091156
KG20C,synergy_weight_top5_mean_global_rf,0.5,3724,0.15678727049185923,0.1658141611855759,0.05757413000046685
KG20C,synergy_weight_top5_mean_global_rf,0.52,3873,0.15923183914464006,0.1685060180407751,0.058243244227749846
KG20C,synergy_weight_top5_mean_global_rf,0.54,4022,0.1626701403636144,0.1722395566425112,0.05882712252848865
KG20C,synergy_weight_top5_mean_global_rf,0.56,4171,0.16601842390353602,0.1758855480724491,0.05943391062817405
KG20C,synergy_weight_top5_mean_global_rf,0.58,4320,0.16622520170101165,0.17614987509003896,0.05970618947949147
KG20C,synergy_weight_top5_mean_global_rf,0.6,4469,0.16650100441665933,0.17633280739551216,0.05904951152276117
KG20C,synergy_weight_top5_mean_global_rf,0.62,4618,0.16581259559868977,0.1755593726286201,0.0587818856265907
KG20C,synergy_weight_top5_mean_global_rf,0.64,4767,0.16168209141616946,0.1711242177690577,0.05839933334721792
KG20C,synergy_weight_top5_mean_global_rf,0.66,4916,0.16237012075240623,0.17152606386148236,0.05638933485205566
KG20C,synergy_weight_top5_mean_global_rf,0.68,5065,0.17022496864952508,0.1791115661469028,0.05220501767677965
KG20C,synergy_weight_top5_mean_global_rf,0.7,5214,0.1876619519814361,0.19629459799682125,0.04600104562612195
KG20C,synergy_weight_top5_mean_global_rf,0.72,5363,0.1986827673317135,0.20708421791217985,0.04228575378376731
KG20C,synergy_weight_top5_mean_global_rf,0.74,5512,0.19566617384561094,0.20395571491407935,0.04236573397203136
KG20C,synergy_weight_top5_mean_global_rf,0.76,5660,0.1938388429634127,0.2020725685367953,0.04247717045513277
KG20C,synergy_weight_top5_mean_global_rf,0.78,5809,0.19191802449855777,0.20011600826457912,0.042716069985823335
KG20C,synergy_weight_top5_mean_global_rf,0.8,5958,0.18986500878511994,0.1980613592402637,0.04316935757457019
KG20C,synergy_weight_top5_mean_global_rf,0.82,6107,0.18988200571686167,0.19822267110508007,0.0439255176220088
KG20C,synergy_weight_top5_mean_global_rf,0.84,6256,0.18867064836218417,0.19705785315132957,0.044454210879928624
KG20C,synergy_weight_top5_mean_global_rf,0.86,6405,0.19031927260067885,0.1989584631438932,0.04539314608111611
KG20C,synergy_weight_top5_mean_global_rf,0.88,6554,0.19115006967634812,0.19991352656260958,0.04584595182779472
KG20C,synergy_weight_top5_mean_global_rf,0.9,6703,0.1933698050920197,0.20192242060760898,0.044229322729674836
KG20C,synergy_weight_top5_mean_global_rf,0.92,6852,0.1944654032015443,0.2028196951679874,0.04296029951294056
KG20C,synergy_weight_top5_mean_global_rf,0.94,7001,0.19827350532708812,0.20643206882353296,0.04114802672694884
KG20C,synergy_weight_top5_mean_global_rf,0.96,7150,0.20844691004567634,0.21639998508095623,0.03815395984299874
KG20C,synergy_weight_top5_mean_global_rf,0.98,7299,0.21790316452575947,0.2256598890042019,0.03559711716589353
KG20C,synergy_weight_top5_mean_global_rf,1.0,7448,0.2263808023358598,0.2339520411211777,0.03344470338118666
WN18RR,synergy_weight_top5_mean_global_rf,0.02,121,0.528103053874681,0.5516036419972526,0.044500004213473554
WN18RR,synergy_weight_top5_mean_global_rf,0.04,242,0.4825222984042704,0.5027081756112721,0.0418340816036018
WN18RR,synergy_weight_top5_mean_global_rf,0.06,363,0.470759895890904,0.4863239697879609,0.03306159686266863
WN18RR,synergy_weight_top5_mean_global_rf,0.08,484,0.4569309620127003,0.4696750259149942,0.027890567638836794
WN18RR,synergy_weight_top5_mean_global_rf,0.1,606,0.4291033127545784,0.4397035953202954,0.024703334256894305
WN18RR,synergy_weight_top5_mean_global_rf,0.12,727,0.45743407060881325,0.4666831069855929,0.020219386729261046
WN18RR,synergy_weight_top5_mean_global_rf,0.14,848,0.4669951097815469,0.4759508870751885,0.019177454123301185
WN18RR,synergy_weight_top5_mean_global_rf,0.16,969,0.4275405706979366,0.43669440149216865,0.021410437796087756
WN18RR,synergy_weight_top5_mean_global_rf,0.18,1090,0.41571011133639496,0.4235773085408113,0.018924719389493472
WN18RR,synergy_weight_top5_mean_global_rf,0.2,1211,0.39999047127919224,0.40739994450464456,0.018524124341653403
WN18RR,synergy_weight_top5_mean_global_rf,0.22,1332,0.378422287809761,0.3853464914428919,0.018297557665556408
WN18RR,synergy_weight_top5_mean_global_rf,0.24,1453,0.3586128799560693,0.3654611577556463,0.0190965751158072
WN18RR,synergy_weight_top5_mean_global_rf,0.26,1574,0.36874459900528095,0.37703111013454127,0.022472223733212227
WN18RR,synergy_weight_top5_mean_global_rf,0.28,1695,0.4108356316155776,0.41891470119917473,0.019664968084259993
WN18RR,synergy_weight_top5_mean_global_rf,0.3,1816,0.4469296560896441,0.4544704176227922,0.016872367788535403
WN18RR,synergy_weight_top5_mean_global_rf,0.32,1938,0.47871388056122227,0.48577993987195345,0.014760506427027531
WN18RR,synergy_weight_top5_mean_global_rf,0.34,2059,0.507744662112544,0.5143954746157965,0.013098734461492567
WN18RR,synergy_weight_top5_mean_global_rf,0.36,2180,0.5337973787254704,0.5400790406264783,0.01176787700982418
WN18RR,synergy_weight_top5_mean_global_rf,0.38,2301,0.5562372710024278,0.5621886064844777,0.010699274917922441
WN18RR,synergy_weight_top5_mean_global_rf,0.4,2422,0.5769857703262359,0.5826397847540628,0.009799226806979977
WN18RR,synergy_weight_top5_mean_global_rf,0.42,2543,0.5934397495394168,0.5988247369339104,0.009074193966064792
WN18RR,synergy_weight_top5_mean_global_rf,0.44,2664,0.6091916778261258,0.6143320768292028,0.008438065046161292
WN18RR,synergy_weight_top5_mean_global_rf,0.46,2785,0.6242337110867603,0.6291507749805475,0.007876959873293066
WN18RR,synergy_weight_top5_mean_global_rf,0.48,2906,0.6384129297797967,0.6431252570145513,0.0073813154698791905
WN18RR,synergy_weight_top5_mean_global_rf,0.5,3028,0.651215884813552,0.6557383494582669,0.006944647313094521
WN18RR,synergy_weight_top5_mean_global_rf,0.52,3149,0.6626098034278599,0.6669584928353535,0.006562971729359601
WN18RR,synergy_weight_top5_mean_global_rf,0.54,3270,0.6735993861517451,0.677787160752417,0.006217010714033577
WN18RR,synergy_weight_top5_mean_global_rf,0.56,3391,0.6838596103342462,0.6878979538742631,0.0059052230589302646
WN18RR,synergy_weight_top5_mean_global_rf,0.58,3512,0.6938591304945995,0.6977583397611704,0.005619597833628642
WN18RR,synergy_weight_top5_mean_global_rf,0.6,3633,0.7028864540804247,0.7066557970323094,0.005362662674750274
WN18RR,synergy_weight_top5_mean_global_rf,0.62,3754,0.7083050455310788,0.7119608211629814,0.005161301130025997
WN18RR,synergy_weight_top5_mean_global_rf,0.64,3875,0.6895367682554708,0.6931001180561462,0.005167744440504052
WN18RR,synergy_weight_top5_mean_global_rf,0.66,3996,0.6762096043513558,0.679714052771605,0.005182488384811945
WN18RR,synergy_weight_top5_mean_global_rf,0.68,4117,0.6598211733244032,0.6632452389869248,0.005189384337683567
WN18RR,synergy_weight_top5_mean_global_rf,0.7,4238,0.6430830888875522,0.646423021840345,0.005193625847898398
WN18RR,synergy_weight_top5_mean_global_rf,0.72,4360,0.6268566862508381,0.6301146337568302,0.00519727647076329
WN18RR,synergy_weight_top5_mean_global_rf,0.74,4481,0.6105684638438764,0.6137425813032927,0.005198626603531764
WN18RR,synergy_weight_top5_mean_global_rf,0.76,4602,0.5995810190560139,0.6027045485270988,0.0052095202680073616
WN18RR,synergy_weight_top5_mean_global_rf,0.78,4723,0.5876566311919966,0.5907224333897675,0.005216995835735316
WN18RR,synergy_weight_top5_mean_global_rf,0.8,4844,0.5744925998450199,0.5774916510699747,0.005220347878743592
WN18RR,synergy_weight_top5_mean_global_rf,0.82,4965,0.5621154740543318,0.565051970356397,0.0052240090116810745
WN18RR,synergy_weight_top5_mean_global_rf,0.84,5086,0.5561542458874167,0.5590689684896503,0.005240852917669958
WN18RR,synergy_weight_top5_mean_global_rf,0.86,5207,0.5569853203719165,0.5599215514381045,0.005271648926451711
WN18RR,synergy_weight_top5_mean_global_rf,0.88,5328,0.5493821948679601,0.5522844822273755,0.005282820205181338
WN18RR,synergy_weight_top5_mean_global_rf,0.9,5450,0.5413278075227483,0.5441926589624015,0.005292267272881235
WN18RR,synergy_weight_top5_mean_global_rf,0.92,5571,0.5321389278911672,0.5349582203423883,0.005298038357001378
WN18RR,synergy_weight_top5_mean_global_rf,0.94,5692,0.5266520815302853,0.5294492357093007,0.005311199323256632
WN18RR,synergy_weight_top5_mean_global_rf,0.96,5813,0.5231289887345808,0.525916184914263,0.005327932956696202
WN18RR,synergy_weight_top5_mean_global_rf,0.98,5934,0.5165087446333015,0.5192653627769216,0.005337021245549467
WN18RR,synergy_weight_top5_mean_global_rf,1.0,6055,0.5098022893664883,0.5125272756194792,0.0053451824556871586
YAGO3-10,synergy_weight_top5_mean_global_rf,0.02,200,0.7234755472183777,0.7620768435914712,0.053355357373871204
YAGO3-10,synergy_weight_top5_mean_global_rf,0.04,399,0.7141111475236779,0.750649803774363,0.05116662353947299
YAGO3-10,synergy_weight_top5_mean_global_rf,0.06,598,0.7092318957498474,0.743792279307179,0.04872931373284062
YAGO3-10,synergy_weight_top5_mean_global_rf,0.08,798,0.7325361711108066,0.7672966461477105,0.0474522302211966
YAGO3-10,synergy_weight_top5_mean_global_rf,0.1,998,0.7573136776292276,0.793050962480287,0.04718954101414741
YAGO3-10,synergy_weight_top5_mean_global_rf,0.12,1197,0.7728250009299561,0.8098639496350438,0.04792669577267561
YAGO3-10,synergy_weight_top5_mean_global_rf,0.14,1397,0.7584929421715726,0.7939268930506352,0.046716256551596835
YAGO3-10,synergy_weight_top5_mean_global_rf,0.16,1596,0.751063757453793,0.7851382114329564,0.04536825754271567
YAGO3-10,synergy_weight_top5_mean_global_rf,0.18,1796,0.7493740728164708,0.7818891525397834,0.04338965131407191
YAGO3-10,synergy_weight_top5_mean_global_rf,0.2,1995,0.7464991643900207,0.7807854060007661,0.04592937707942557
YAGO3-10,synergy_weight_top5_mean_global_rf,0.22,2194,0.7384996994348108,0.771670392636494,0.04491632593360495
YAGO3-10,synergy_weight_top5_mean_global_rf,0.24,2394,0.7394148662540224,0.7734624407617526,0.04604664588395413
YAGO3-10,synergy_weight_top5_mean_global_rf,0.26,2594,0.7404148759387574,0.774914941652119,0.0465955869263428
YAGO3-10,synergy_weight_top5_mean_global_rf,0.28,2793,0.74828208863075,0.7837086614247899,0.04734387383087779
YAGO3-10,synergy_weight_top5_mean_global_rf,0.3,2992,0.754284142821242,0.7905735796284172,0.04811109600082819
YAGO3-10,synergy_weight_top5_mean_global_rf,0.32,3192,0.749166533599045,0.7850080006897897,0.047841788819049436
YAGO3-10,synergy_weight_top5_mean_global_rf,0.34,3392,0.7247729072578364,0.7584817008270754,0.04650945590222966
YAGO3-10,synergy_weight_top5_mean_global_rf,0.36,3591,0.7064565869548776,0.7387534841931476,0.04571674726324382
YAGO3-10,synergy_weight_top5_mean_global_rf,0.38,3790,0.6790059499543237,0.7096505994271047,0.04513163614375171
YAGO3-10,synergy_weight_top5_mean_global_rf,0.4,3990,0.6660127419999412,0.6958160488740872,0.044748853880258954
YAGO3-10,synergy_weight_top5_mean_global_rf,0.42,4190,0.656321640638031,0.6860387119518859,0.045278213415248736
YAGO3-10,synergy_weight_top5_mean_global_rf,0.44,4389,0.6478324761453679,0.6768568325969981,0.04480225601582455
YAGO3-10,synergy_weight_top5_mean_global_rf,0.46,4588,0.6423244916072621,0.6702158954793298,0.04342260685448274
YAGO3-10,synergy_weight_top5_mean_global_rf,0.48,4788,0.6351074646019856,0.6625627616979136,0.04322937239154312
YAGO3-10,synergy_weight_top5_mean_global_rf,0.5,4988,0.6277090824607592,0.6543159431087454,0.04238724815591555
YAGO3-10,synergy_weight_top5_mean_global_rf,0.52,5187,0.6226029975272017,0.6486295514646515,0.041802808596842045
YAGO3-10,synergy_weight_top5_mean_global_rf,0.54,5386,0.6183383256570992,0.6440163138777919,0.04152740846753278
YAGO3-10,synergy_weight_top5_mean_global_rf,0.56,5586,0.6278053254000978,0.6535295951700325,0.0409749148807248
YAGO3-10,synergy_weight_top5_mean_global_rf,0.58,5786,0.6361773541153021,0.6616789763339238,0.04008571203243383
YAGO3-10,synergy_weight_top5_mean_global_rf,0.6,5985,0.6447891434755949,0.6700906990215905,0.03924004583826135
YAGO3-10,synergy_weight_top5_mean_global_rf,0.62,6184,0.6539048136558089,0.6796051886383243,0.039302929793147534
YAGO3-10,synergy_weight_top5_mean_global_rf,0.64,6384,0.6626396901053502,0.6881443140065482,0.03848942989989501
YAGO3-10,synergy_weight_top5_mean_global_rf,0.66,6584,0.6686652626428217,0.6943183292182779,0.038364586899677366
YAGO3-10,synergy_weight_top5_mean_global_rf,0.68,6783,0.669343783200009,0.6946801230272558,0.03785250638486315
YAGO3-10,synergy_weight_top5_mean_global_rf,0.7,6982,0.6564544093204199,0.6808603248110054,0.03717838610582458
YAGO3-10,synergy_weight_top5_mean_global_rf,0.72,7182,0.6520608958236165,0.6763782265381907,0.03729303638712911
YAGO3-10,synergy_weight_top5_mean_global_rf,0.74,7382,0.6460292968893997,0.6699982098209731,0.037101897773030856
YAGO3-10,synergy_weight_top5_mean_global_rf,0.76,7581,0.6363471341958967,0.6601866407086925,0.03746305315403031
YAGO3-10,synergy_weight_top5_mean_global_rf,0.78,7780,0.6281575780317517,0.6517786375407436,0.03760371654355499
YAGO3-10,synergy_weight_top5_mean_global_rf,0.8,7980,0.6185968012999823,0.6416701064516719,0.03729942525276719
YAGO3-10,synergy_weight_top5_mean_global_rf,0.82,8179,0.6126474808183022,0.635184245702805,0.036785860694964034
YAGO3-10,synergy_weight_top5_mean_global_rf,0.84,8379,0.6061374725639537,0.628225057557065,0.03643989357675115
YAGO3-10,synergy_weight_top5_mean_global_rf,0.86,8578,0.5986761282248249,0.6202560491965132,0.036046068908203166
YAGO3-10,synergy_weight_top5_mean_global_rf,0.88,8778,0.5912400617577404,0.612340710254328,0.03568880030533794
YAGO3-10,synergy_weight_top5_mean_global_rf,0.9,8978,0.5798816325954267,0.6005152900489702,0.03558253321663529
YAGO3-10,synergy_weight_top5_mean_global_rf,0.92,9177,0.5886112310750924,0.6088334384800682,0.03435579604561778
YAGO3-10,synergy_weight_top5_mean_global_rf,0.94,9376,0.5849563469403661,0.6047735806687534,0.033878141218643076
YAGO3-10,synergy_weight_top5_mean_global_rf,0.96,9576,0.577200553235068,0.5966284089284916,0.03365876138637636
YAGO3-10,synergy_weight_top5_mean_global_rf,0.98,9776,0.5683744131610692,0.5873710459641793,0.033422744520567926
YAGO3-10,synergy_weight_top5_mean_global_rf,1.0,9975,0.5607274620553472,0.5794717170327172,0.03342845900335045
codex-l,synergy_weight_top5_mean_global_rf,0.02,1223,0.018864294249305028,0.03266835190552626,0.7317558491078873
codex-l,synergy_weight_top5_mean_global_rf,0.04,2445,0.05830751026798826,0.07248203597072578,0.24309948474201182
codex-l,synergy_weight_top5_mean_global_rf,0.06,3668,0.09453570326599794,0.10743432844042691,0.13644183867904092
codex-l,synergy_weight_top5_mean_global_rf,0.08,4890,0.12003167256945854,0.12945596252216984,0.07851502650067443
codex-l,synergy_weight_top5_mean_global_rf,0.1,6113,0.14489100229369362,0.15035092255611837,0.037682949085806605
codex-l,synergy_weight_top5_mean_global_rf,0.12,7335,0.16772660129723738,0.17235856313525036,0.027616143188905484
codex-l,synergy_weight_top5_mean_global_rf,0.14,8558,0.16532710037893864,0.1689441471807056,0.02187812399465372
codex-l,synergy_weight_top5_mean_global_rf,0.16,9781,0.1680907590085661,0.17109727354499515,0.017886257127768923
codex-l,synergy_weight_top5_mean_global_rf,0.18,11003,0.1729451305409582,0.1734778409949436,0.0030802281181270263
codex-l,synergy_weight_top5_mean_global_rf,0.2,12226,0.17918245509616607,0.17906845477507496,-0.0006362247968414447
codex-l,synergy_weight_top5_mean_global_rf,0.22,13448,0.20085857290799752,0.1998006220836223,-0.005267142990505236
codex-l,synergy_weight_top5_mean_global_rf,0.24,14671,0.21895798743848205,0.21959964621075206,0.0029305109157085063
codex-l,synergy_weight_top5_mean_global_rf,0.26,15894,0.23909122396322455,0.24309681950281012,0.016753419356796195
codex-l,synergy_weight_top5_mean_global_rf,0.28,17116,0.25849302687144515,0.2649181985127344,0.024856266797806725
codex-l,synergy_weight_top5_mean_global_rf,0.3,18339,0.27677531742956535,0.2853206445527927,0.03087459966657624
codex-l,synergy_weight_top5_mean_global_rf,0.32,19561,0.2898474393553557,0.29907413016197343,0.031832921578119455
codex-l,synergy_weight_top5_mean_global_rf,0.34,20784,0.2917220631687816,0.30036357094904403,0.02962240046705933
codex-l,synergy_weight_top5_mean_global_rf,0.36,22006,0.2983683524280037,0.3063815178289063,0.026856619797960057
codex-l,synergy_weight_top5_mean_global_rf,0.38,23229,0.30533132652832223,0.312776994973597,0.024385537278252878
codex-l,synergy_weight_top5_mean_global_rf,0.4,24452,0.3153045791194946,0.32247058228091563,0.02272724101068402
codex-l,synergy_weight_top5_mean_global_rf,0.42,25674,0.325665475868577,0.33257508845052375,0.021216902293736295
codex-l,synergy_weight_top5_mean_global_rf,0.44,26897,0.3271641193351757,0.3338008099324728,0.020285508725050194
codex-l,synergy_weight_top5_mean_global_rf,0.46,28119,0.34073139321633444,0.3471497193528825,0.018836908674490616
codex-l,synergy_weight_top5_mean_global_rf,0.48,29342,0.33915232843608367,0.345381144401999,0.018365835772491845
codex-l,synergy_weight_top5_mean_global_rf,0.5,30564,0.33793351185259957,0.34394089536902445,0.017776820900335055
codex-l,synergy_weight_top5_mean_global_rf,0.52,31787,0.3329497258858025,0.3386292914209201,0.017058327710008703
codex-l,synergy_weight_top5_mean_global_rf,0.54,33010,0.33629555700983954,0.34175280274322273,0.016227528492811727
codex-l,synergy_weight_top5_mean_global_rf,0.56,34232,0.33404107610712397,0.3394408883286188,0.01616511443569646
codex-l,synergy_weight_top5_mean_global_rf,0.58,35455,0.33740600074328125,0.34281995090519846,0.016045802830983114
codex-l,synergy_weight_top5_mean_global_rf,0.6,36677,0.33776000259199207,0.34357697745902327,0.017222213472262382
codex-l,synergy_weight_top5_mean_global_rf,0.62,37900,0.33512401759585125,0.34085231335314353,0.017093062438158002
codex-l,synergy_weight_top5_mean_global_rf,0.64,39123,0.3279226879549017,0.33342601295543833,0.01678238561307932
codex-l,synergy_weight_top5_mean_global_rf,0.66,40345,0.3201376358914516,0.3254322089133715,0.01653842731479127
codex-l,synergy_weight_top5_mean_global_rf,0.68,41568,0.323965147200204,0.3292060698775114,0.0161774274874964
codex-l,synergy_weight_top5_mean_global_rf,0.7,42790,0.3220376755225421,0.32721589543496604,0.01607954691643365
codex-l,synergy_weight_top5_mean_global_rf,0.72,44013,0.32594225908556335,0.3309807733296974,0.015458303130958528
codex-l,synergy_weight_top5_mean_global_rf,0.74,45235,0.31836848871087947,0.3232997069346826,0.015489027333610572
codex-l,synergy_weight_top5_mean_global_rf,0.76,46458,0.32179112208241256,0.32686875376717067,0.01577927834646009
codex-l,synergy_weight_top5_mean_global_rf,0.78,47681,0.3163960245245254,0.321391962016487,0.015790139902893463
codex-l,synergy_weight_top5_mean_global_rf,0.8,48903,0.3146507453390997,0.31952972334187396,0.01550601126819573
codex-l,synergy_weight_top5_mean_global_rf,0.82,50126,0.3113907036373237,0.3161579876776941,0.015309654349613622
codex-l,synergy_weight_top5_mean_global_rf,0.84,51348,0.30489359917212977,0.3095536589131434,0.015284216374718884
codex-l,synergy_weight_top5_mean_global_rf,0.86,52571,0.30428220553513086,0.30887805466633544,0.015103903703872712
codex-l,synergy_weight_top5_mean_global_rf,0.88,53794,0.30510888689956217,0.3096463721270661,0.01487169145944156
codex-l,synergy_weight_top5_mean_global_rf,0.9,55016,0.3068505145303128,0.31135277048252696,0.014672473204438319
codex-l,synergy_weight_top5_mean_global_rf,0.92,56239,0.30159908976237476,0.30602958146527587,0.014690003561986353
codex-l,synergy_weight_top5_mean_global_rf,0.94,57461,0.29677832825158196,0.30114390090924364,0.014709876841010328
codex-l,synergy_weight_top5_mean_global_rf,0.96,58684,0.3072550494837829,0.31183608226537446,0.014909544332267766
codex-l,synergy_weight_top5_mean_global_rf,0.98,59906,0.31841160728325946,0.32321965634813477,0.015100106135886193
codex-l,synergy_weight_top5_mean_global_rf,1.0,61129,0.3293206066178304,0.3342010881088536,0.014819848478801356
codex-m,synergy_weight_top5_mean_global_rf,0.02,412,0.3773252126883924,0.3795089394211606,0.005787386210450718
codex-m,synergy_weight_top5_mean_global_rf,0.04,824,0.40375844069698286,0.4037698243398665,2.8194191715291694e-05
codex-m,synergy_weight_top5_mean_global_rf,0.06,1236,0.31195531140842697,0.3139953626593777,0.006539562483293793
codex-m,synergy_weight_top5_mean_global_rf,0.08,1648,0.324520373733879,0.3269997367022683,0.007640084164399763
codex-m,synergy_weight_top5_mean_global_rf,0.1,2059,0.334925746066359,0.3367001482820442,0.005297897329558099
codex-m,synergy_weight_top5_mean_global_rf,0.12,2471,0.3261354951613055,0.3275060759573106,0.004202488892928402
codex-m,synergy_weight_top5_mean_global_rf,0.14,2883,0.34384025270077634,0.3455312830500686,0.004918069760621702
codex-m,synergy_weight_top5_mean_global_rf,0.16,3295,0.33657431122728515,0.338256591675085,0.004998243750883979
codex-m,synergy_weight_top5_mean_global_rf,0.18,3707,0.3507904305896157,0.3532875956238017,0.007118680603654726
codex-m,synergy_weight_top5_mean_global_rf,0.2,4119,0.357387439196041,0.3596981821873447,0.006465652504469066
codex-m,synergy_weight_top5_mean_global_rf,0.22,4531,0.37270718889279086,0.37504898593778613,0.006283208681732377
codex-m,synergy_weight_top5_mean_global_rf,0.24,4943,0.3592351999407321,0.3614716490554095,0.006225584561441622
codex-m,synergy_weight_top5_mean_global_rf,0.26,5354,0.3540343415504345,0.35623570565787765,0.006217939473901479
codex-m,synergy_weight_top5_mean_global_rf,0.28,5766,0.3473937221814183,0.3496233046578256,0.0064180275406444665
codex-m,synergy_weight_top5_mean_global_rf,0.3,6178,0.34908614231996155,0.3510798020014152,0.005711082279589164
codex-m,synergy_weight_top5_mean_global_rf,0.32,6590,0.3610579513295646,0.3628967128297449,0.005092704629296341
codex-m,synergy_weight_top5_mean_global_rf,0.34,7002,0.3648927442791692,0.3664601819344693,0.004295612011679051
codex-m,synergy_weight_top5_mean_global_rf,0.36,7414,0.36193292040968655,0.3638545714392064,0.005309412106930367
codex-m,synergy_weight_top5_mean_global_rf,0.38,7826,0.3507000356082372,0.3527209371752437,0.005762478933033277
codex-m,synergy_weight_top5_mean_global_rf,0.4,8238,0.3441185983249907,0.34592662150581355,0.005254069932934424
codex-m,synergy_weight_top5_mean_global_rf,0.42,8649,0.3570855719354076,0.3592776243181778,0.006138731315547874
codex-m,synergy_weight_top5_mean_global_rf,0.44,9061,0.3710817634347436,0.3735589782616775,0.006675657687957415
codex-m,synergy_weight_top5_mean_global_rf,0.46,9473,0.36313083828413995,0.3656396059989691,0.006908715675825183
codex-m,synergy_weight_top5_mean_global_rf,0.48,9885,0.3565964677984547,0.35924153377717005,0.007417532750801925
codex-m,synergy_weight_top5_mean_global_rf,0.5,10297,0.34849308979824556,0.35125540252448495,0.007926449066288699
codex-m,synergy_weight_top5_mean_global_rf,0.52,10709,0.356666638926492,0.36010362835095455,0.009636419696575249
codex-m,synergy_weight_top5_mean_global_rf,0.54,11121,0.3734034129851964,0.3777968830181765,0.011766014664558622
codex-m,synergy_weight_top5_mean_global_rf,0.56,11533,0.3717603438229743,0.37636512015343904,0.01238641078042857
codex-m,synergy_weight_top5_mean_global_rf,0.58,11945,0.36028602208455107,0.36473749985327425,0.012355399587715699
codex-m,synergy_weight_top5_mean_global_rf,0.6,12356,0.3495230714879094,0.3538314853778532,0.0123265507813346
codex-m,synergy_weight_top5_mean_global_rf,0.62,12768,0.33927800136338465,0.34345162679733116,0.012301491452952451
codex-m,synergy_weight_top5_mean_global_rf,0.64,13180,0.3294869036702853,0.33353340281196137,0.012281213901373489
codex-m,synergy_weight_top5_mean_global_rf,0.66,13592,0.32062728108992533,0.32455574597389697,0.012252434885195562
codex-m,synergy_weight_top5_mean_global_rf,0.68,14004,0.31162313077889975,0.315437777164429,0.012241217062400223
codex-m,synergy_weight_top5_mean_global_rf,0.7,14416,0.3041175084856874,0.30782887520190877,0.012203725904179619
codex-m,synergy_weight_top5_mean_global_rf,0.72,14828,0.2973897436030509,0.301005048831408,0.012156791907331765
codex-m,synergy_weight_top5_mean_global_rf,0.74,15240,0.30106802977649816,0.3046336333878428,0.01184318246607452
codex-m,synergy_weight_top5_mean_global_rf,0.76,15651,0.30676578959542816,0.31029352532481913,0.011499769038925356
codex-m,synergy_weight_top5_mean_global_rf,0.78,16063,0.31303108708736277,0.31652627697192665,0.011165631877285032
codex-m,synergy_weight_top5_mean_global_rf,0.8,16475,0.3200143393699761,0.3234828388258067,0.010838575117162463
codex-m,synergy_weight_top5_mean_global_rf,0.82,16887,0.3257906541653321,0.32923021480903136,0.010557579229862668
codex-m,synergy_weight_top5_mean_global_rf,0.84,17299,0.33230675041104135,0.3357229111178322,0.010280142376178913
codex-m,synergy_weight_top5_mean_global_rf,0.86,17711,0.3388488988442399,0.34224409781696324,0.010019802290353708
codex-m,synergy_weight_top5_mean_global_rf,0.88,18123,0.34314706471497336,0.34651427568430976,0.009812734292607983
codex-m,synergy_weight_top5_mean_global_rf,0.9,18535,0.34665082645928885,0.3499887920883094,0.009629186992325067
codex-m,synergy_weight_top5_mean_global_rf,0.92,18946,0.34285674517372455,0.3461085811772425,0.00948453267813143
codex-m,synergy_weight_top5_mean_global_rf,0.94,19358,0.3468002626812776,0.34994150251980927,0.009057778140781236
codex-m,synergy_weight_top5_mean_global_rf,0.96,19770,0.3511684870251538,0.35420548495706417,0.00864826442041422
codex-m,synergy_weight_top5_mean_global_rf,0.98,20182,0.34685625855328883,0.3498427471470316,0.008610162048680259
codex-m,synergy_weight_top5_mean_global_rf,1.0,20594,0.3418371108917016,0.34476875252136285,0.00857613622468878
hetionet,synergy_weight_top5_mean_global_rf,0.02,9001,0.5490765338751017,0.6125173561525487,0.11554094623151001
hetionet,synergy_weight_top5_mean_global_rf,0.04,18002,0.5120651715501889,0.5713627636897749,0.1158008695652406
hetionet,synergy_weight_top5_mean_global_rf,0.06,27002,0.5196508333639032,0.5798804187266896,0.11590395222287397
hetionet,synergy_weight_top5_mean_global_rf,0.08,36003,0.5382195067295771,0.6006305794161616,0.11595839969795518
hetionet,synergy_weight_top5_mean_global_rf,0.1,45004,0.5607415705790648,0.6257828660725683,0.11599157063803345
hetionet,synergy_weight_top5_mean_global_rf,0.12,54005,0.5712591254920887,0.6375317773257697,0.11601154165649974
hetionet,synergy_weight_top5_mean_global_rf,0.14,63006,0.5740341025728503,0.6406362575075163,0.11602473552730008
hetionet,synergy_weight_top5_mean_global_rf,0.16,72006,0.5813221166272869,0.6487759077460425,0.1160351364405483
hetionet,synergy_weight_top5_mean_global_rf,0.18,81007,0.5817612352034073,0.6492702664152267,0.11604250528692495
hetionet,synergy_weight_top5_mean_global_rf,0.2,90008,0.5843425136496827,0.6521546499887401,0.11604860977086329
hetionet,synergy_weight_top5_mean_global_rf,0.22,99009,0.5897573926832567,0.6581784689718974,0.11601563140623128
hetionet,synergy_weight_top5_mean_global_rf,0.24,108010,0.5959041067624132,0.6639408415403971,0.11417396525026824
hetionet,synergy_weight_top5_mean_global_rf,0.26,117010,0.5981979468770199,0.6638270275452671,0.10971131046315596
hetionet,synergy_weight_top5_mean_global_rf,0.28,126011,0.579969581625079,0.6413298268662851,0.10579907496057706
hetionet,synergy_weight_top5_mean_global_rf,0.3,135012,0.5569579853146023,0.6147560888598727,0.10377462047271413
hetionet,synergy_weight_top5_mean_global_rf,0.32,144013,0.5386446252600475,0.5931669027069368,0.10122124103729235
hetionet,synergy_weight_top5_mean_global_rf,0.34,153014,0.5280194605329378,0.5795721715179005,0.09763411169150804
hetionet,synergy_weight_top5_mean_global_rf,0.36,162014,0.5320482102289332,0.5810637229350808,0.09212607384781335
hetionet,synergy_weight_top5_mean_global_rf,0.38,171015,0.5346696163815203,0.5814445623609471,0.08748383028754314
hetionet,synergy_weight_top5_mean_global_rf,0.4,180016,0.5397778995447929,0.5844033887864846,0.08267379838879152
hetionet,synergy_weight_top5_mean_global_rf,0.42,189017,0.5434029167571478,0.586017666855549,0.07842201207294242
hetionet,synergy_weight_top5_mean_global_rf,0.44,198018,0.5440693713349836,0.5847666152244105,0.07480157133192056
hetionet,synergy_weight_top5_mean_global_rf,0.46,207018,0.5277674848061014,0.5667879951948037,0.07393504054733158
hetionet,synergy_weight_top5_mean_global_rf,0.48,216019,0.5067933085437626,0.5441956235295745,0.07380191165760452
hetionet,synergy_weight_top5_mean_global_rf,0.5,225020,0.4874577732271259,0.5233710535553071,0.07367464896584552
hetionet,synergy_weight_top5_mean_global_rf,0.52,234021,0.469735999596546,0.5042757456493883,0.0735301234789505
hetionet,synergy_weight_top5_mean_global_rf,0.54,243022,0.45427904569746186,0.48755421078495004,0.07324829397842958
hetionet,synergy_weight_top5_mean_global_rf,0.56,252022,0.4400247418386548,0.4721265153021846,0.07295447371752695
hetionet,synergy_weight_top5_mean_global_rf,0.58,261023,0.42962453919891536,0.460593471986802,0.07208371487725485
hetionet,synergy_weight_top5_mean_global_rf,0.6,270024,0.43835793538995027,0.46804453038772503,0.06772227123336205
hetionet,synergy_weight_top5_mean_global_rf,0.62,279025,0.44612371566385123,0.47461508906074257,0.06386428785677745
hetionet,synergy_weight_top5_mean_global_rf,0.64,288026,0.4544625488974077,0.4818219254151327,0.060201608656428984
hetionet,synergy_weight_top5_mean_global_rf,0.66,297026,0.46053804788525715,0.48685320434229973,0.05714002692693687
hetionet,synergy_weight_top5_mean_global_rf,0.68,306027,0.4669793027370221,0.4923037175114311,0.054230272361065035
hetionet,synergy_weight_top5_mean_global_rf,0.7,315028,0.4694415099245817,0.49387095757197863,0.05203938537800301
hetionet,synergy_weight_top5_mean_global_rf,0.72,324029,0.4575199203016887,0.4812586253027318,0.05188562059852986
hetionet,synergy_weight_top5_mean_global_rf,0.74,333030,0.44622886597884426,0.4693143171737942,0.05173455362263457
hetionet,synergy_weight_top5_mean_global_rf,0.76,342030,0.43543648313063027,0.4579041793137289,0.05159810225722028
hetionet,synergy_weight_top5_mean_global_rf,0.78,351031,0.42527788772722214,0.44715855878396443,0.05145029094664988
hetionet,synergy_weight_top5_mean_global_rf,0.8,360032,0.41518161816002574,0.4365094485160155,0.05136988109085605
hetionet,synergy_weight_top5_mean_global_rf,0.82,369033,0.4069146478540086,0.4277372798752083,0.051171989337357005
hetionet,synergy_weight_top5_mean_global_rf,0.84,378034,0.40537377838494876,0.4256840468020373,0.050102570763226995
hetionet,synergy_weight_top5_mean_global_rf,0.86,387034,0.40117756831831997,0.4209826571387233,0.049367388369752296
hetionet,synergy_weight_top5_mean_global_rf,0.88,396035,0.39293689895489825,0.4123128450934646,0.04931057935790939
hetionet,synergy_weight_top5_mean_global_rf,0.9,405036,0.38744114549008324,0.4064088841388103,0.04895643859594312
hetionet,synergy_weight_top5_mean_global_rf,0.92,414037,0.38451161461223987,0.4030047804283672,0.0480952073054457
hetionet,synergy_weight_top5_mean_global_rf,0.94,423038,0.38161126619323055,0.3996511356966516,0.04727289548701763
hetionet,synergy_weight_top5_mean_global_rf,0.96,432038,0.3788133596636296,0.3964364781094198,0.046521903191161895
hetionet,synergy_weight_top5_mean_global_rf,0.98,441039,0.3747832848359029,0.39211128940858053,0.04623473157364688
hetionet,synergy_weight_top5_mean_global_rf,1.0,450040,0.37318845788011507,0.390256268691026,0.045735098314305
FB15k-237,max_candidate_dep_score_global_rf,0.02,816,0.2556134183265833,0.2877544544409406,0.12574080157753098
FB15k-237,max_candidate_dep_score_global_rf,0.04,1633,0.2834520984333004,0.3056943019013212,0.07846900266732248
FB15k-237,max_candidate_dep_score_global_rf,0.06,2449,0.2834379061788989,0.3010848717777987,0.06226042887771488
FB15k-237,max_candidate_dep_score_global_rf,0.08,3266,0.2800423525707152,0.2954248529584344,0.054929192839982655
FB15k-237,max_candidate_dep_score_global_rf,0.1,4082,0.2690016455316371,0.2824329246816815,0.04993010032893941
FB15k-237,max_candidate_dep_score_global_rf,0.12,4898,0.26934557548610827,0.282371544741075,0.04836154903030354
FB15k-237,max_candidate_dep_score_global_rf,0.14,5715,0.2696391494828117,0.28207998473595536,0.04613883138634023
FB15k-237,max_candidate_dep_score_global_rf,0.16,6531,0.26385470308177894,0.27529873642536185,0.04337248193766685
FB15k-237,max_candidate_dep_score_global_rf,0.18,7347,0.2716510999190614,0.28226789354688114,0.03908246140355409
FB15k-237,max_candidate_dep_score_global_rf,0.2,8164,0.26229978123199593,0.272492046955728,0.03885731690609884
FB15k-237,max_candidate_dep_score_global_rf,0.22,8980,0.2688968998173521,0.27890818832465875,0.03723095548556632
FB15k-237,max_candidate_dep_score_global_rf,0.24,9797,0.26815159268902916,0.2779598168950574,0.03657716184965065
FB15k-237,max_candidate_dep_score_global_rf,0.26,10613,0.26855586617058214,0.27767573601142004,0.03395892992724692
FB15k-237,max_candidate_dep_score_global_rf,0.28,11429,0.2691217833957026,0.2780675816393881,0.033240706608026915
FB15k-237,max_candidate_dep_score_global_rf,0.3,12246,0.26768372102352145,0.27652159090496414,0.0330160902114256
FB15k-237,max_candidate_dep_score_global_rf,0.32,13062,0.2714258903034883,0.27983241800230874,0.030971723771158644
FB15k-237,max_candidate_dep_score_global_rf,0.34,13878,0.27337241934070444,0.28136052642897297,0.02922060355442424
FB15k-237,max_candidate_dep_score_global_rf,0.36,14695,0.2760185413496208,0.28351258238112637,0.02715049863992003
FB15k-237,max_candidate_dep_score_global_rf,0.38,15511,0.2857548155603821,0.2929579734938873,0.025207476974200338
FB15k-237,max_candidate_dep_score_global_rf,0.4,16328,0.2965483296760183,0.3034566476339676,0.023295757441954557
FB15k-237,max_candidate_dep_score_global_rf,0.42,17144,0.3097642796229688,0.3164984644315567,0.021739707421347676
FB15k-237,max_candidate_dep_score_global_rf,0.44,17960,0.31677460008340186,0.32366164135858644,0.021741141093292615
FB15k-237,max_candidate_dep_score_global_rf,0.46,18777,0.3192696470187254,0.3259436692518897,0.020904029855280504
FB15k-237,max_candidate_dep_score_global_rf,0.48,19593,0.32127799655184897,0.3277098688755804,0.020019647759143888
FB15k-237,max_candidate_dep_score_global_rf,0.5,20410,0.3357193511399303,0.34185148916407937,0.01826566744909841
FB15k-237,max_candidate_dep_score_global_rf,0.52,21226,0.32981347501361713,0.3356385264218004,0.017661653781558817
FB15k-237,max_candidate_dep_score_global_rf,0.54,22042,0.32945280207286737,0.33508237886782194,0.01708765795748013
FB15k-237,max_candidate_dep_score_global_rf,0.56,22859,0.32713110680662155,0.3327102186482052,0.017054666234726623
FB15k-237,max_candidate_dep_score_global_rf,0.58,23675,0.32924818664390154,0.33469294359010643,0.01653693829479974
FB15k-237,max_candidate_dep_score_global_rf,0.6,24491,0.33138931510164843,0.3365889589025495,0.015690438900560544
FB15k-237,max_candidate_dep_score_global_rf,0.62,25308,0.3388032466304114,0.3443563894070479,0.01639046506155295
FB15k-237,max_candidate_dep_score_global_rf,0.64,26124,0.3427408224569008,0.3481086556275598,0.0156614935220738
FB15k-237,max_candidate_dep_score_global_rf,0.66,26941,0.3474734773133919,0.3526581507993223,0.014921062539844598
FB15k-237,max_candidate_dep_score_global_rf,0.68,27757,0.3509940073700676,0.3560262618782799,0.014337152209287218
FB15k-237,max_candidate_dep_score_global_rf,0.7,28573,0.3549572300482499,0.35984577127193834,0.013772197915292272
FB15k-237,max_candidate_dep_score_global_rf,0.72,29390,0.3484575045815659,0.3532143587458706,0.013651174395043819
FB15k-237,max_candidate_dep_score_global_rf,0.74,30206,0.3429138510086327,0.3475468585287465,0.013510703946447489
FB15k-237,max_candidate_dep_score_global_rf,0.76,31022,0.3490895068717879,0.3536383562224509,0.013030610376764118
FB15k-237,max_candidate_dep_score_global_rf,0.78,31839,0.35660326337398834,0.361035387641593,0.012428726046055383
FB15k-237,max_candidate_dep_score_global_rf,0.8,32655,0.35069058174328616,0.35501195380135586,0.012322463969770991
FB15k-237,max_candidate_dep_score_global_rf,0.82,33472,0.3493595226282603,0.35355939688931454,0.012021639569055553
FB15k-237,max_candidate_dep_score_global_rf,0.84,34288,0.3542207147273433,0.3583212003826408,0.011576075268364239
FB15k-237,max_candidate_dep_score_global_rf,0.86,35104,0.3595651101687889,0.3635702791566205,0.011138925536883892
FB15k-237,max_candidate_dep_score_global_rf,0.88,35921,0.3617764224908699,0.36569049649072616,0.010819041143995678
FB15k-237,max_candidate_dep_score_global_rf,0.9,36737,0.3573235783502947,0.361150713177549,0.01071055776650276
FB15k-237,max_candidate_dep_score_global_rf,0.92,37553,0.35804227221404655,0.3618028238059331,0.010503093862722412
FB15k-237,max_candidate_dep_score_global_rf,0.94,38370,0.36346619815363784,0.3671976185752706,0.010266210284719524
FB15k-237,max_candidate_dep_score_global_rf,0.96,39186,0.3577083193682237,0.36135702823519683,0.010200234854524481
FB15k-237,max_candidate_dep_score_global_rf,0.98,40003,0.3522922461548243,0.35586239145131415,0.010134044491347804
FB15k-237,max_candidate_dep_score_global_rf,1.0,40819,0.35210727177438816,0.35562848130787217,0.010000388562665607
KG20C,max_candidate_dep_score_global_rf,0.02,149,0.0979734766591792,0.10210517522042763,0.042171602990280554
KG20C,max_candidate_dep_score_global_rf,0.04,298,0.13364684836139426,0.13998038447117298,0.04739008953396495
KG20C,max_candidate_dep_score_global_rf,0.06,447,0.15046084266946894,0.15703974465698836,0.0437250109117886
KG20C,max_candidate_dep_score_global_rf,0.08,596,0.153899381891521,0.16090270265511997,0.04550584074818054
KG20C,max_candidate_dep_score_global_rf,0.1,745,0.14711380182416653,0.15388296234696686,0.04601308945092031
KG20C,max_candidate_dep_score_global_rf,0.12,894,0.13485370384039969,0.14112616046040835,0.046513046667462365
KG20C,max_candidate_dep_score_global_rf,0.14,1043,0.13574680164508993,0.14218254976669567,0.04740994294975742
KG20C,max_candidate_dep_score_global_rf,0.16,1192,0.13410415892132066,0.14048673940966547,0.04759420244445578
KG20C,max_candidate_dep_score_global_rf,0.18,1341,0.13427830946336314,0.14059648421272075,0.04705283209632216
KG20C,max_candidate_dep_score_global_rf,0.2,1490,0.13859955345615538,0.1453238325250705,0.04851587830722903
KG20C,max_candidate_dep_score_global_rf,0.22,1639,0.1450560266436796,0.15227029514756174,0.049734358997737704
KG20C,max_candidate_dep_score_global_rf,0.24,1788,0.14378623207358204,0.15098177939353016,0.05004336796492326
KG20C,max_candidate_dep_score_global_rf,0.26,1936,0.14513261588068144,0.15255510465501226,0.051142802941229304
KG20C,max_candidate_dep_score_global_rf,0.28,2085,0.14856682948967334,0.15629110873409563,0.05199195049766603
KG20C,max_candidate_dep_score_global_rf,0.3,2234,0.14790186145800469,0.1556227636611068,0.052202873763657065
KG20C,max_candidate_dep_score_global_rf,0.32,2383,0.1492215626703076,0.15702185846118605,0.05227324825777724
KG20C,max_candidate_dep_score_global_rf,0.34,2532,0.14990720791021214,0.15791316119176602,0.05340605960954914
KG20C,max_candidate_dep_score_global_rf,0.36,2681,0.15177836054508648,0.15994936649706154,0.05383511801438812
KG20C,max_candidate_dep_score_global_rf,0.38,2830,0.15232137201982202,0.16065455175593799,0.05470788258808201
KG20C,max_candidate_dep_score_global_rf,0.4,2979,0.15906117517004417,0.1679793319946548,0.05606746470392099
KG20C,max_candidate_dep_score_global_rf,0.42,3128,0.1629237224592773,0.17219385492067985,0.05689860458301044
KG20C,max_candidate_dep_score_global_rf,0.44,3277,0.16159309458866086,0.17084373467853833,0.05724650619152505
KG20C,max_candidate_dep_score_global_rf,0.46,3426,0.16034156754363488,0.16951822565374144,0.057231934617386404
KG20C,max_candidate_dep_score_global_rf,0.48,3575,0.16570193351763868,0.17529245489313053,0.05787815007282915
KG20C,max_candidate_dep_score_global_rf,0.5,3724,0.16593752390731534,0.1755470726367642,0.05791064313347416
KG20C,max_candidate_dep_score_global_rf,0.52,3873,0.16626929420178724,0.17592275752292588,0.058059206707301136
KG20C,max_candidate_dep_score_global_rf,0.54,4022,0.16348740051745148,0.17298932084858418,0.05812019948361957
KG20C,max_candidate_dep_score_global_rf,0.56,4171,0.16514079692835584,0.17473129449996555,0.05807467173463143
KG20C,max_candidate_dep_score_global_rf,0.58,4320,0.16590995715368353,0.17554233294850974,0.058057852343989635
KG20C,max_candidate_dep_score_global_rf,0.6,4469,0.16164514898043683,0.17095637373623213,0.05760287156481381
KG20C,max_candidate_dep_score_global_rf,0.62,4618,0.16240595555959605,0.17141675318489905,0.055483172364306554
KG20C,max_candidate_dep_score_global_rf,0.64,4767,0.16981250135573206,0.17854165248509002,0.051404643708013564
KG20C,max_candidate_dep_score_global_rf,0.66,4916,0.1878736119686401,0.19633818955888607,0.045054638070507025
KG20C,max_candidate_dep_score_global_rf,0.68,5065,0.2008144972571065,0.20903464379060144,0.04093402939415536
KG20C,max_candidate_dep_score_global_rf,0.7,5214,0.19593993440198543,0.20396745751244125,0.04096930589956593
KG20C,max_candidate_dep_score_global_rf,0.72,5363,0.1946960770935124,0.20270608823343517,0.041141101862445684
KG20C,max_candidate_dep_score_global_rf,0.74,5512,0.1930265431779758,0.2009962972430303,0.04128838414572944
KG20C,max_candidate_dep_score_global_rf,0.76,5660,0.1907891277815259,0.1987083648061852,0.041507800348705715
KG20C,max_candidate_dep_score_global_rf,0.78,5809,0.18979922117623274,0.19779191331852808,0.042111301051514616
KG20C,max_candidate_dep_score_global_rf,0.8,5958,0.18872495050945823,0.19678969681557038,0.04273280392625134
KG20C,max_candidate_dep_score_global_rf,0.82,6107,0.18869546280320415,0.1969022329410002,0.04349214345633268
KG20C,max_candidate_dep_score_global_rf,0.84,6256,0.18797797535702687,0.19626895288117624,0.044106111412266724
KG20C,max_candidate_dep_score_global_rf,0.86,6405,0.18960058812681357,0.19814267052614157,0.045053037460066614
KG20C,max_candidate_dep_score_global_rf,0.88,6554,0.19119993316505712,0.19996583063871878,0.04584676013507982
KG20C,max_candidate_dep_score_global_rf,0.9,6703,0.19269171802511273,0.2012485221303519,0.04440670410195846
KG20C,max_candidate_dep_score_global_rf,0.92,6852,0.19452159262796212,0.20287739784603517,0.04295566936907713
KG20C,max_candidate_dep_score_global_rf,0.94,7001,0.19815652660433586,0.20631699756315713,0.04118194388376373
KG20C,max_candidate_dep_score_global_rf,0.96,7150,0.20836761769019735,0.21632247303660623,0.0381770230642855
KG20C,max_candidate_dep_score_global_rf,0.98,7299,0.21765292931939098,0.22541182564391873,0.035648021594701707
KG20C,max_candidate_dep_score_global_rf,1.0,7448,0.2263808023358598,0.2339520411211777,0.03344470338118666
WN18RR,max_candidate_dep_score_global_rf,0.02,121,0.5116784365146109,0.5513350758320289,0.07750304974262012
WN18RR,max_candidate_dep_score_global_rf,0.04,242,0.5098514034178764,0.5346828997211547,0.04870339894490061
WN18RR,max_candidate_dep_score_global_rf,0.06,363,0.43185420152591536,0.4508841234823747,0.044065617259757994
WN18RR,max_candidate_dep_score_global_rf,0.08,484,0.3977532859905203,0.41355866251407375,0.03973663343646172
WN18RR,max_candidate_dep_score_global_rf,0.1,606,0.415965578815201,0.42805074232868834,0.029053277792623122
WN18RR,max_candidate_dep_score_global_rf,0.12,727,0.46928365148792267,0.48005449928586874,0.022951679147133586
WN18RR,max_candidate_dep_score_global_rf,0.14,848,0.4270168454419443,0.437974462745533,0.02566085488324954
WN18RR,max_candidate_dep_score_global_rf,0.16,969,0.39409698484397093,0.4046983793194898,0.02690047090747516
WN18RR,max_candidate_dep_score_global_rf,0.18,1090,0.4125928702552345,0.42072955160914627,0.019720848178685912
WN18RR,max_candidate_dep_score_global_rf,0.2,1211,0.39959877582895126,0.4072525531554075,0.019153655590107288
WN18RR,max_candidate_dep_score_global_rf,0.22,1332,0.3784704631930235,0.38561860253389585,0.01888691466321024
WN18RR,max_candidate_dep_score_global_rf,0.24,1453,0.35813116779318593,0.36521682006366046,0.01978507571439958
WN18RR,max_candidate_dep_score_global_rf,0.26,1574,0.37224141032078795,0.3809524550722604,0.02340160043979389
WN18RR,max_candidate_dep_score_global_rf,0.28,1695,0.4152482110222862,0.42349024300547455,0.019848446698656597
WN18RR,max_candidate_dep_score_global_rf,0.3,1816,0.45079073423228117,0.45848359998751476,0.01706527035950489
WN18RR,max_candidate_dep_score_global_rf,0.32,1938,0.4823152830670161,0.48952387141144554,0.014945801216561971
WN18RR,max_candidate_dep_score_global_rf,0.34,2059,0.5111344231889055,0.5179193888088687,0.013274327284851228
WN18RR,max_candidate_dep_score_global_rf,0.36,2180,0.5374575506733407,0.5438659195777004,0.011923488462169951
WN18RR,max_candidate_dep_score_global_rf,0.38,2301,0.5597049697622528,0.565776349254432,0.010847463967950999
WN18RR,max_candidate_dep_score_global_rf,0.4,2422,0.579886228832287,0.5856542900261369,0.009946884245664922
WN18RR,max_candidate_dep_score_global_rf,0.42,2543,0.5959877893759257,0.6014813970092345,0.009217651319771702
WN18RR,max_candidate_dep_score_global_rf,0.44,2664,0.6119992311648536,0.6172433168298328,0.008568778191106352
WN18RR,max_candidate_dep_score_global_rf,0.46,2785,0.6270987648915565,0.6321150105689369,0.00799913180860412
WN18RR,max_candidate_dep_score_global_rf,0.48,2906,0.6411586885018742,0.6459660677900725,0.007497955458470429
WN18RR,max_candidate_dep_score_global_rf,0.5,3028,0.6538510152119525,0.6584647022038629,0.007056174701227214
WN18RR,max_candidate_dep_score_global_rf,0.52,3149,0.6651436792126669,0.6695800857580796,0.006669846957974679
WN18RR,max_candidate_dep_score_global_rf,0.54,3270,0.6760395007836586,0.6803117467198985,0.006319521168936859
WN18RR,max_candidate_dep_score_global_rf,0.56,3391,0.686212655113473,0.6903324558246214,0.006003679297443387
WN18RR,max_candidate_dep_score_global_rf,0.58,3512,0.6961311051091658,0.7001089650782729,0.005714239659616149
WN18RR,max_candidate_dep_score_global_rf,0.6,3633,0.7049451719704249,0.7087905460996582,0.005454855614493992
WN18RR,max_candidate_dep_score_global_rf,0.62,3754,0.7078219618901996,0.7115516712699115,0.0052692761464363524
WN18RR,max_candidate_dep_score_global_rf,0.64,3875,0.6899226826507027,0.6935631976530926,0.005276699975137689
WN18RR,max_candidate_dep_score_global_rf,0.66,3996,0.6760180489942487,0.6795936552876648,0.005289217201723817
WN18RR,max_candidate_dep_score_global_rf,0.68,4117,0.6594400622246017,0.6629319280641588,0.005295198213735031
WN18RR,max_candidate_dep_score_global_rf,0.7,4238,0.6426986227973537,0.6461043277878449,0.005299069999042283
WN18RR,max_candidate_dep_score_global_rf,0.72,4360,0.626397188195135,0.6297185107328773,0.00530226284589852
WN18RR,max_candidate_dep_score_global_rf,0.74,4481,0.6103955989457621,0.6136331592709255,0.0053040361541845105
WN18RR,max_candidate_dep_score_global_rf,0.76,4602,0.5991546707722171,0.6023383009508705,0.005313536443853906
WN18RR,max_candidate_dep_score_global_rf,0.78,4723,0.587316516947374,0.5904413687253366,0.005320558315308865
WN18RR,max_candidate_dep_score_global_rf,0.8,4844,0.5741995291155289,0.5772564049932544,0.00532371714486457
WN18RR,max_candidate_dep_score_global_rf,0.82,4965,0.5617215121698141,0.5647137229944263,0.0053268581668768356
WN18RR,max_candidate_dep_score_global_rf,0.84,5086,0.5577558591133411,0.5607378570054612,0.005346421455546091
WN18RR,max_candidate_dep_score_global_rf,0.86,5207,0.5566478845255458,0.5596374886749607,0.005370727586547774
WN18RR,max_candidate_dep_score_global_rf,0.88,5328,0.5493831609855458,0.5523397551102717,0.005381661351654632
WN18RR,max_candidate_dep_score_global_rf,0.9,5450,0.5415811447229485,0.5445007247493306,0.005390845037405612
WN18RR,max_candidate_dep_score_global_rf,0.92,5571,0.5320427974661572,0.534913398211865,0.005395432020466995
WN18RR,max_candidate_dep_score_global_rf,0.94,5692,0.5267812387591927,0.5296300589088125,0.00540797572125018
WN18RR,max_candidate_dep_score_global_rf,0.96,5813,0.5238311884509131,0.5266727104309388,0.005424499424000695
WN18RR,max_candidate_dep_score_global_rf,0.98,5934,0.5162552364541135,0.5190589650130779,0.005430896116854322
WN18RR,max_candidate_dep_score_global_rf,1.0,6055,0.5098022893664882,0.5125272756194793,0.005345182455687603
YAGO3-10,max_candidate_dep_score_global_rf,0.02,200,0.46802822392450383,0.545069890448874,0.16460901840141484
YAGO3-10,max_candidate_dep_score_global_rf,0.04,399,0.5096361633960571,0.5767359281087862,0.1316620945138529
YAGO3-10,max_candidate_dep_score_global_rf,0.06,598,0.5590523791194981,0.6187235336794664,0.10673625010584842
YAGO3-10,max_candidate_dep_score_global_rf,0.08,798,0.6018609276991654,0.6537695906423993,0.08624693937463879
YAGO3-10,max_candidate_dep_score_global_rf,0.1,998,0.598051321938593,0.6468876538477722,0.0816590986721264
YAGO3-10,max_candidate_dep_score_global_rf,0.12,1197,0.5840904563565584,0.6305559304348747,0.07955184607562105
YAGO3-10,max_candidate_dep_score_global_rf,0.14,1397,0.5986304285715851,0.6420028414879355,0.07245273685776876
YAGO3-10,max_candidate_dep_score_global_rf,0.16,1596,0.5949367058209343,0.6352371114675366,0.06773898004997525
YAGO3-10,max_candidate_dep_score_global_rf,0.18,1796,0.5854639725150169,0.6227195130531843,0.0636342154037699
YAGO3-10,max_candidate_dep_score_global_rf,0.2,1995,0.5774946862191603,0.6126123352439568,0.06081034139848196
YAGO3-10,max_candidate_dep_score_global_rf,0.22,2194,0.5710423856101134,0.6041527955317935,0.057982403331241716
YAGO3-10,max_candidate_dep_score_global_rf,0.24,2394,0.5622362196692186,0.5946750144655554,0.05769602466276824
YAGO3-10,max_candidate_dep_score_global_rf,0.26,2594,0.558595650166092,0.5904196226067862,0.05697139322734013
YAGO3-10,max_candidate_dep_score_global_rf,0.28,2793,0.556917582006131,0.589123944606899,0.05782967469756328
YAGO3-10,max_candidate_dep_score_global_rf,0.3,2992,0.557635651219946,0.5887937644268919,0.05587539666587138
YAGO3-10,max_candidate_dep_score_global_rf,0.32,3192,0.5651297493599016,0.5955437403789718,0.053817713637476894
YAGO3-10,max_candidate_dep_score_global_rf,0.34,3392,0.5680336567521452,0.5983055732649801,0.053292469826385025
YAGO3-10,max_candidate_dep_score_global_rf,0.36,3591,0.5826001664805545,0.613452293288473,0.05295591828319224
YAGO3-10,max_candidate_dep_score_global_rf,0.38,3790,0.5926499574346927,0.6232857802763493,0.05169294700410476
YAGO3-10,max_candidate_dep_score_global_rf,0.4,3990,0.608379806468377,0.6391798322662855,0.05062631183750432
YAGO3-10,max_candidate_dep_score_global_rf,0.42,4190,0.6159195410977848,0.6467107429041389,0.0499922469604932
YAGO3-10,max_candidate_dep_score_global_rf,0.44,4389,0.6068892311838882,0.6363048033750421,0.04846942519275155
YAGO3-10,max_candidate_dep_score_global_rf,0.46,4588,0.6018622914830858,0.6308639010255808,0.04818645386643228
YAGO3-10,max_candidate_dep_score_global_rf,0.48,4788,0.5771837203816741,0.6049746810802189,0.04814924558192235
YAGO3-10,max_candidate_dep_score_global_rf,0.5,4988,0.5795947960949555,0.6073564477489706,0.04789837976645139
YAGO3-10,max_candidate_dep_score_global_rf,0.52,5187,0.5766094952391339,0.604223671155072,0.04789060212143381
YAGO3-10,max_candidate_dep_score_global_rf,0.54,5386,0.5727593091947775,0.600123179317045,0.04777551352371279
YAGO3-10,max_candidate_dep_score_global_rf,0.56,5586,0.5779985788641391,0.6053029454687602,0.04723950473767369
YAGO3-10,max_candidate_dep_score_global_rf,0.58,5786,0.5752123823927012,0.6015883238059241,0.045854265694885266
YAGO3-10,max_candidate_dep_score_global_rf,0.6,5985,0.5733285254205732,0.5992026649588725,0.045129691601022204
YAGO3-10,max_candidate_dep_score_global_rf,0.62,6184,0.5842024887380112,0.6103716590293562,0.0447946915595574
YAGO3-10,max_candidate_dep_score_global_rf,0.64,6384,0.5953482667556297,0.621770621729216,0.04438134189518328
YAGO3-10,max_candidate_dep_score_global_rf,0.66,6584,0.6064550771945965,0.633041382787824,0.04383887050004298
YAGO3-10,max_candidate_dep_score_global_rf,0.68,6783,0.6039372340967293,0.6301802135193887,0.04345315695249252
YAGO3-10,max_candidate_dep_score_global_rf,0.7,6982,0.6071226284982003,0.6328686724110795,0.04240666169298524
YAGO3-10,max_candidate_dep_score_global_rf,0.72,7182,0.6024436757963252,0.6272451829822417,0.04116817585168153
YAGO3-10,max_candidate_dep_score_global_rf,0.74,7382,0.6052888399246676,0.6296943994739153,0.040320517973344794
YAGO3-10,max_candidate_dep_score_global_rf,0.76,7581,0.6018722206761109,0.6260466692473935,0.040165416745976845
YAGO3-10,max_candidate_dep_score_global_rf,0.78,7780,0.5997470445933661,0.6229585022103729,0.03870207919531188
YAGO3-10,max_candidate_dep_score_global_rf,0.8,7980,0.5934849081167137,0.6161574244392499,0.03820234687092916
YAGO3-10,max_candidate_dep_score_global_rf,0.82,8179,0.5871619179533598,0.609295946330884,0.037696634779509575
YAGO3-10,max_candidate_dep_score_global_rf,0.84,8379,0.5815525159401914,0.6032503470222257,0.03731018349556203
YAGO3-10,max_candidate_dep_score_global_rf,0.86,8578,0.5900176536560013,0.6112505442917711,0.03598687345065299
YAGO3-10,max_candidate_dep_score_global_rf,0.88,8778,0.5855731820251936,0.6063069164013558,0.03540758868849658
YAGO3-10,max_candidate_dep_score_global_rf,0.9,8978,0.5785982719562289,0.5989114641577084,0.03510759223804971
YAGO3-10,max_candidate_dep_score_global_rf,0.92,9177,0.5696200732440201,0.5894724272935957,0.03485192145093352
YAGO3-10,max_candidate_dep_score_global_rf,0.94,9376,0.5599951822148224,0.5794521998088316,0.034744973192546436
YAGO3-10,max_candidate_dep_score_global_rf,0.96,9576,0.5577680336828897,0.577568917162874,0.0355002120670862
YAGO3-10,max_candidate_dep_score_global_rf,0.98,9776,0.5620523902440834,0.5817904726338334,0.03511786931673466
YAGO3-10,max_candidate_dep_score_global_rf,1.0,9975,0.5607274620553473,0.5794717170327173,0.03342845900335045
codex-l,max_candidate_dep_score_global_rf,0.02,1223,0.030127786933739447,0.04943519376440291,0.6408504837453401
codex-l,max_candidate_dep_score_global_rf,0.04,2445,0.02540633293136396,0.04017923288484592,0.5814652588152505
codex-l,max_candidate_dep_score_global_rf,0.06,3668,0.02629870086816362,0.038259807799201066,0.45481740679887306
codex-l,max_candidate_dep_score_global_rf,0.08,4890,0.042864468462729094,0.05385704594781343,0.2564496395106928
codex-l,max_candidate_dep_score_global_rf,0.1,6113,0.0792030062104873,0.09032713179027631,0.14045079993839993
codex-l,max_candidate_dep_score_global_rf,0.12,7335,0.10077305112976388,0.1127113774076005,0.11846744882680804
codex-l,max_candidate_dep_score_global_rf,0.14,8558,0.14070769213637807,0.15354208860013663,0.09121318293899017
codex-l,max_candidate_dep_score_global_rf,0.16,9781,0.1514074380773375,0.16287360107567228,0.0757305132689583
codex-l,max_candidate_dep_score_global_rf,0.18,11003,0.17456240822794097,0.186762680511061,0.06989060478123732
codex-l,max_candidate_dep_score_global_rf,0.2,12226,0.1969316123635392,0.20811521529892726,0.05678927218014618
codex-l,max_candidate_dep_score_global_rf,0.22,13448,0.2133899382412806,0.22393715660564537,0.04942697135250573
codex-l,max_candidate_dep_score_global_rf,0.24,14671,0.22063313628819295,0.2313646626254085,0.04863968539702013
codex-l,max_candidate_dep_score_global_rf,0.26,15894,0.23643962395541415,0.24749613639144627,0.04676251912038687
codex-l,max_candidate_dep_score_global_rf,0.28,17116,0.24885902903978674,0.2596359329208548,0.04330525568089838
codex-l,max_candidate_dep_score_global_rf,0.3,18339,0.26441283510048447,0.27517664654275115,0.04070835456295496
codex-l,max_candidate_dep_score_global_rf,0.32,19561,0.27153507784080405,0.2818498732498416,0.03798697203712642
codex-l,max_candidate_dep_score_global_rf,0.34,20784,0.28667185088431185,0.2973107152338016,0.03711164635338804
codex-l,max_candidate_dep_score_global_rf,0.36,22006,0.30051200546938395,0.3107405672810129,0.034037115407926866
codex-l,max_candidate_dep_score_global_rf,0.38,23229,0.3012813149822493,0.3107811782451738,0.031531538102468115
codex-l,max_candidate_dep_score_global_rf,0.4,24452,0.30656642042514926,0.3152599826422205,0.02835784233972838
codex-l,max_candidate_dep_score_global_rf,0.42,25674,0.31414809946655003,0.3225265551749317,0.02667040075241256
codex-l,max_candidate_dep_score_global_rf,0.44,26897,0.314759099781182,0.3229006054558163,0.02586583098088102
codex-l,max_candidate_dep_score_global_rf,0.46,28119,0.3227504288982048,0.33143493882390285,0.026907818388793192
codex-l,max_candidate_dep_score_global_rf,0.48,29342,0.31700789477101327,0.3254732932240904,0.026704061926255962
codex-l,max_candidate_dep_score_global_rf,0.5,30564,0.31247987067470423,0.3206424038693586,0.02612178882764482
codex-l,max_candidate_dep_score_global_rf,0.52,31787,0.3037206599856908,0.31150521525166874,0.025630641215993233
codex-l,max_candidate_dep_score_global_rf,0.54,33010,0.2972772710536305,0.30479447105694507,0.02528683063011039
codex-l,max_candidate_dep_score_global_rf,0.56,34232,0.30484074872586264,0.3120174654451274,0.02354251112838801
codex-l,max_candidate_dep_score_global_rf,0.58,35455,0.31758280597591565,0.32468177581210145,0.022353130278482958
codex-l,max_candidate_dep_score_global_rf,0.6,36677,0.3160125641796254,0.3229926907907686,0.02208813003768917
codex-l,max_candidate_dep_score_global_rf,0.62,37900,0.3207292722663247,0.32748781206604427,0.02107241335336396
codex-l,max_candidate_dep_score_global_rf,0.64,39123,0.3121198654892917,0.3187002844684354,0.021082986719951124
codex-l,max_candidate_dep_score_global_rf,0.66,40345,0.3159391320542323,0.3226308509566571,0.02118040541200239
codex-l,max_candidate_dep_score_global_rf,0.68,41568,0.3102780913069142,0.31683728391287963,0.02113972204204817
codex-l,max_candidate_dep_score_global_rf,0.7,42790,0.30752455336709195,0.31390427826336187,0.020745416346168888
codex-l,max_candidate_dep_score_global_rf,0.72,44013,0.3057026934904587,0.31191377117588986,0.020317379655750534
codex-l,max_candidate_dep_score_global_rf,0.74,45235,0.29844216011406177,0.30449225353146325,0.020272247778561736
codex-l,max_candidate_dep_score_global_rf,0.76,46458,0.29614005494576795,0.3020687573646902,0.02001992746306458
codex-l,max_candidate_dep_score_global_rf,0.78,47681,0.29612944891308784,0.30195614548393446,0.01967618077915878
codex-l,max_candidate_dep_score_global_rf,0.8,48903,0.2930784065637552,0.29903321956779977,0.020318156748095895
codex-l,max_candidate_dep_score_global_rf,0.82,50126,0.2982314044312377,0.30495487249835557,0.022544467038742244
codex-l,max_candidate_dep_score_global_rf,0.84,51348,0.30281816234384334,0.310030219900609,0.023816462991993692
codex-l,max_candidate_dep_score_global_rf,0.86,52571,0.30628852723780065,0.3134009095300482,0.02322118414420893
codex-l,max_candidate_dep_score_global_rf,0.88,53794,0.301109125888533,0.3080926207611441,0.023192571304518683
codex-l,max_candidate_dep_score_global_rf,0.9,55016,0.29560562831751164,0.3024557957983615,0.023173332388286116
codex-l,max_candidate_dep_score_global_rf,0.92,56239,0.3030100341600277,0.3099656459013914,0.022955054147448806
codex-l,max_candidate_dep_score_global_rf,0.94,57461,0.3147443032993119,0.3218863256591808,0.022691506359297176
codex-l,max_candidate_dep_score_global_rf,0.96,58684,0.3255499080471402,0.3328158324006391,0.02231892614279829
codex-l,max_candidate_dep_score_global_rf,0.98,59906,0.3240836097473418,0.33087620555348585,0.020959393199303067
codex-l,max_candidate_dep_score_global_rf,1.0,61129,0.3293206066178304,0.3342010881088536,0.014819848478801356
codex-m,max_candidate_dep_score_global_rf,0.02,412,0.42180343882223575,0.42526376667973986,0.008203650181625166
codex-m,max_candidate_dep_score_global_rf,0.04,824,0.4182813351135925,0.4206780837288716,0.005729991788010924
codex-m,max_candidate_dep_score_global_rf,0.06,1236,0.3855198171666234,0.3883739020178245,0.007403211778261198
codex-m,max_candidate_dep_score_global_rf,0.08,1648,0.3934227564071093,0.3970129074689006,0.009125428062621399
codex-m,max_candidate_dep_score_global_rf,0.1,2059,0.3985106405585352,0.4015131002849875,0.00753420215391043
codex-m,max_candidate_dep_score_global_rf,0.12,2471,0.3743641454328338,0.37720064647022705,0.007576850165802451
codex-m,max_candidate_dep_score_global_rf,0.14,2883,0.3805608885033308,0.38332385147075765,0.007260238902355498
codex-m,max_candidate_dep_score_global_rf,0.16,3295,0.3757369214966334,0.37858436212433755,0.0075782827419841325
codex-m,max_candidate_dep_score_global_rf,0.18,3707,0.3626426168592186,0.3655121146956898,0.007912743023209323
codex-m,max_candidate_dep_score_global_rf,0.2,4119,0.35896573401421034,0.36190474487555024,0.008187441259291717
codex-m,max_candidate_dep_score_global_rf,0.22,4531,0.347987202412138,0.3505950242054138,0.007494016375312551
codex-m,max_candidate_dep_score_global_rf,0.24,4943,0.3381712381817328,0.3406593063499784,0.007357420996603192
codex-m,max_candidate_dep_score_global_rf,0.26,5354,0.3224481706117699,0.32478679832504526,0.007252724395484522
codex-m,max_candidate_dep_score_global_rf,0.28,5766,0.3114556214704963,0.3139433657429425,0.007987475906521269
codex-m,max_candidate_dep_score_global_rf,0.3,6178,0.3293068939414192,0.3315758849931615,0.00689020209867186
codex-m,max_candidate_dep_score_global_rf,0.32,6590,0.3307961798799587,0.3329125081703632,0.006397680563217323
codex-m,max_candidate_dep_score_global_rf,0.34,7002,0.32916515889165854,0.33170729052134484,0.007722966908909834
codex-m,max_candidate_dep_score_global_rf,0.36,7414,0.3327296935599376,0.3353660224336989,0.007923335141972743
codex-m,max_candidate_dep_score_global_rf,0.38,7826,0.34204378537871993,0.34422974006866136,0.0063908621743298255
codex-m,max_candidate_dep_score_global_rf,0.4,8238,0.34408316723333027,0.34602770920384945,0.0056513719812412155
codex-m,max_candidate_dep_score_global_rf,0.42,8649,0.36360968557978307,0.36594670672799584,0.006427279692746257
codex-m,max_candidate_dep_score_global_rf,0.44,9061,0.36844869349089393,0.3709510561110685,0.006791617569506636
codex-m,max_candidate_dep_score_global_rf,0.46,9473,0.3622544674529659,0.364815224976746,0.007068946704190893
codex-m,max_candidate_dep_score_global_rf,0.48,9885,0.35499773211640645,0.35769033355582075,0.007584841242116447
codex-m,max_candidate_dep_score_global_rf,0.5,10297,0.3465881779229988,0.34938272969669193,0.008063032589397778
codex-m,max_candidate_dep_score_global_rf,0.52,10709,0.35949147674963416,0.36312796873689623,0.010115655648199606
codex-m,max_candidate_dep_score_global_rf,0.54,11121,0.3760572689926607,0.38064045032326144,0.012187455764058663
codex-m,max_candidate_dep_score_global_rf,0.56,11533,0.3704288026882705,0.3750592457527665,0.012500224148046968
codex-m,max_candidate_dep_score_global_rf,0.58,11945,0.35852875499246073,0.3630030807848385,0.012479684628006638
codex-m,max_candidate_dep_score_global_rf,0.6,12356,0.3480020934578256,0.35233332437277143,0.012445990976404087
codex-m,max_candidate_dep_score_global_rf,0.62,12768,0.3376581320649621,0.34185323169053417,0.012424103633804862
codex-m,max_candidate_dep_score_global_rf,0.64,13180,0.3278961355332721,0.33196334931632143,0.012403969862086361
codex-m,max_candidate_dep_score_global_rf,0.66,13592,0.3190809009288293,0.32302943684751045,0.012374717218069708
codex-m,max_candidate_dep_score_global_rf,0.68,14004,0.31026677970016403,0.31410149911138363,0.012359426345693203
codex-m,max_candidate_dep_score_global_rf,0.7,14416,0.3030213135334052,0.30675308714711186,0.012315218260365857
codex-m,max_candidate_dep_score_global_rf,0.72,14828,0.29628672544679746,0.29992171773571064,0.012268495267317991
codex-m,max_candidate_dep_score_global_rf,0.74,15240,0.3016443114425483,0.30523583154668577,0.011906473843189103
codex-m,max_candidate_dep_score_global_rf,0.76,15651,0.3075346508525705,0.3110884739696281,0.011555846169546857
codex-m,max_candidate_dep_score_global_rf,0.78,16063,0.31365031999698256,0.3171703956273503,0.011222930142081644
codex-m,max_candidate_dep_score_global_rf,0.8,16475,0.3209053373413714,0.3243992777261312,0.010887760277551894
codex-m,max_candidate_dep_score_global_rf,0.82,16887,0.32660661512358685,0.3300707775157538,0.010606528562981277
codex-m,max_candidate_dep_score_global_rf,0.84,17299,0.33369236371008126,0.33713495505670904,0.010316662054690395
codex-m,max_candidate_dep_score_global_rf,0.86,17711,0.3397293853039261,0.3431484615594795,0.010064116922045452
codex-m,max_candidate_dep_score_global_rf,0.88,18123,0.343523458347183,0.3469120194284195,0.009864132998486097
codex-m,max_candidate_dep_score_global_rf,0.9,18535,0.3460455114780487,0.349396139486129,0.009682622363078597
codex-m,max_candidate_dep_score_global_rf,0.92,18946,0.34306753934413514,0.3463288065583701,0.00950619583674328
codex-m,max_candidate_dep_score_global_rf,0.94,19358,0.347592598197221,0.35074091082766423,0.00905747891863018
codex-m,max_candidate_dep_score_global_rf,0.96,19770,0.35037010578504263,0.3534219664837027,0.008710391235639436
codex-m,max_candidate_dep_score_global_rf,0.98,20182,0.3459611213390752,0.34896171460817005,0.008673209456255604
codex-m,max_candidate_dep_score_global_rf,1.0,20594,0.3418371108917016,0.34476875252136285,0.00857613622468878
hetionet,max_candidate_dep_score_global_rf,0.02,9001,0.6541453434261576,0.729870788976028,0.11576241627472283
hetionet,max_candidate_dep_score_global_rf,0.04,18002,0.6622292313563077,0.7390040644203097,0.11593392352487975
hetionet,max_candidate_dep_score_global_rf,0.06,27002,0.6429313362086347,0.7169498976836923,0.11512669752814508
hetionet,max_candidate_dep_score_global_rf,0.08,36003,0.6139381265526256,0.6832359111013213,0.11287421574192735
hetionet,max_candidate_dep_score_global_rf,0.1,45004,0.5939768372091594,0.6585088024269972,0.10864390860937534
hetionet,max_candidate_dep_score_global_rf,0.12,54005,0.588449039334231,0.6503948148236772,0.10526956685923294
hetionet,max_candidate_dep_score_global_rf,0.14,63006,0.5871695496093087,0.6458089244232704,0.09986787436947187
hetionet,max_candidate_dep_score_global_rf,0.16,72006,0.5858388464603602,0.642039846617771,0.09593252563734445
hetionet,max_candidate_dep_score_global_rf,0.18,81007,0.5805957132227736,0.634743577880637,0.09326259809480697
hetionet,max_candidate_dep_score_global_rf,0.2,90008,0.574444674463983,0.6266720432406061,0.09091801368923247
hetionet,max_candidate_dep_score_global_rf,0.22,99009,0.5711352661085086,0.6213680536941837,0.08795252292498335
hetionet,max_candidate_dep_score_global_rf,0.24,108010,0.5688925758914413,0.6176570105566686,0.08571817726539077
hetionet,max_candidate_dep_score_global_rf,0.26,117010,0.5626490852511647,0.6112741996842883,0.08642174262385494
hetionet,max_candidate_dep_score_global_rf,0.28,126011,0.5662675320496511,0.612762516905545,0.08210780633599368
hetionet,max_candidate_dep_score_global_rf,0.3,135012,0.5661149381390389,0.6117269301729595,0.08057019690004763
hetionet,max_candidate_dep_score_global_rf,0.32,144013,0.5652147785905945,0.6095101092534826,0.07836902420234271
hetionet,max_candidate_dep_score_global_rf,0.34,153014,0.5623710183367849,0.6050914611736603,0.07596487273334485
hetionet,max_candidate_dep_score_global_rf,0.36,162014,0.5576106208941025,0.5987473836805376,0.0737732769875763
hetionet,max_candidate_dep_score_global_rf,0.38,171015,0.5542209119815945,0.593513585911758,0.07089713340060388
hetionet,max_candidate_dep_score_global_rf,0.4,180016,0.5495860385884495,0.5889356741124626,0.0715986811183893
hetionet,max_candidate_dep_score_global_rf,0.42,189017,0.5496374440439649,0.5901577384686617,0.07372185949808707
hetionet,max_candidate_dep_score_global_rf,0.44,198018,0.5504380680414227,0.5912467438889029,0.07413854203922754
hetionet,max_candidate_dep_score_global_rf,0.46,207018,0.5274327819158793,0.5664735819853037,0.07402042764124417
hetionet,max_candidate_dep_score_global_rf,0.48,216019,0.5064079514466888,0.5438292216119381,0.07389550274308587
hetionet,max_candidate_dep_score_global_rf,0.5,225020,0.4870763577177103,0.523007748141042,0.07376952269187353
hetionet,max_candidate_dep_score_global_rf,0.52,234021,0.47011244597948254,0.5046752321382478,0.07352025340821067
hetionet,max_candidate_dep_score_global_rf,0.54,243022,0.45459189140908757,0.4878888672966815,0.07324586407466294
hetionet,max_candidate_dep_score_global_rf,0.56,252022,0.4402520174342684,0.47237425955498086,0.07296330476329604
hetionet,max_candidate_dep_score_global_rf,0.58,261023,0.4426723316660503,0.4735036697511017,0.06964821580109604
hetionet,max_candidate_dep_score_global_rf,0.6,270024,0.45082445181360503,0.48037962569835635,0.06555805428444472
hetionet,max_candidate_dep_score_global_rf,0.62,279025,0.4588937133555639,0.48725025278816636,0.06179326194131374
hetionet,max_candidate_dep_score_global_rf,0.64,288026,0.4654154654695515,0.49265959942201193,0.058537233877637096
hetionet,max_candidate_dep_score_global_rf,0.66,297026,0.47211468258792777,0.4983077253241846,0.05548025448536764
hetionet,max_candidate_dep_score_global_rf,0.68,306027,0.47781559956431474,0.5030258283924445,0.05276141852864802
hetionet,max_candidate_dep_score_global_rf,0.7,315028,0.4693299580169444,0.49376384959065384,0.05206122293354065
hetionet,max_candidate_dep_score_global_rf,0.72,324029,0.4574059197222531,0.48114900536388794,0.05190812933958577
hetionet,max_candidate_dep_score_global_rf,0.74,333030,0.446223385050341,0.4693119550498678,0.051742178408964445
hetionet,max_candidate_dep_score_global_rf,0.76,342030,0.43531125557195427,0.45778328866089896,0.051622908439201254
hetionet,max_candidate_dep_score_global_rf,0.78,351031,0.42498615823056934,0.44687289545657277,0.051499882530595675
hetionet,max_candidate_dep_score_global_rf,0.8,360032,0.4152927603089637,0.436622215290296,0.05136004529783733
hetionet,max_candidate_dep_score_global_rf,0.82,369033,0.41071153333494204,0.4315516782404813,0.05074156242051231
hetionet,max_candidate_dep_score_global_rf,0.84,378034,0.4099299884400562,0.43021735018296975,0.04948982098166299
hetionet,max_candidate_dep_score_global_rf,0.86,387034,0.40085134733863537,0.420667763611965,0.04943582304237326
hetionet,max_candidate_dep_score_global_rf,0.88,396035,0.39366524276884174,0.4130872947587524,0.0493364663166751
hetionet,max_candidate_dep_score_global_rf,0.9,405036,0.3906557857819652,0.40958977083491116,0.048467181959295225
hetionet,max_candidate_dep_score_global_rf,0.92,414037,0.3872695423361295,0.4057340698911276,0.0476787496471176
hetionet,max_candidate_dep_score_global_rf,0.94,423038,0.384756811830196,0.40276359724610483,0.04680043305862447
hetionet,max_candidate_dep_score_global_rf,0.96,432038,0.38071461660174805,0.3983774419971844,0.04639387253658511
hetionet,max_candidate_dep_score_global_rf,0.98,441039,0.37794946839332383,0.3953604801786667,0.0460670360494424
hetionet,max_candidate_dep_score_global_rf,1.0,450040,0.37318845788011495,0.390256268691026,0.04573509831430522
FB15k-237,topk_rule_weight_global_rf,0.02,816,0.559978655553752,0.5743712924754081,0.025702116998412183
FB15k-237,topk_rule_weight_global_rf,0.04,1633,0.44460793692732115,0.4546296717940623,0.02254061170387822
FB15k-237,topk_rule_weight_global_rf,0.06,2449,0.36917187534169343,0.3770019141353786,0.021209738110298693
FB15k-237,topk_rule_weight_global_rf,0.08,3266,0.3544104687212304,0.3625357182839195,0.022926099197933647
FB15k-237,topk_rule_weight_global_rf,0.1,4082,0.33144176370504297,0.3385169276070289,0.0213466276032801
FB15k-237,topk_rule_weight_global_rf,0.12,4898,0.3171106990454448,0.3232839657823006,0.019467229442079237
FB15k-237,topk_rule_weight_global_rf,0.14,5715,0.34932217726871223,0.35540309599211356,0.017407766008293413
FB15k-237,topk_rule_weight_global_rf,0.16,6531,0.3772585935631819,0.38311181169696057,0.015515135330637309
FB15k-237,topk_rule_weight_global_rf,0.18,7347,0.3977532954576894,0.40361412204112135,0.014734828473735195
FB15k-237,topk_rule_weight_global_rf,0.2,8164,0.4051889556216685,0.41113621057483074,0.014677732131265886
FB15k-237,topk_rule_weight_global_rf,0.22,8980,0.4063476762344308,0.411965106926822,0.013824197899806379
FB15k-237,topk_rule_weight_global_rf,0.24,9797,0.41473665699581697,0.4202280070941679,0.01324057086761532
FB15k-237,topk_rule_weight_global_rf,0.26,10613,0.40892307252254423,0.41423122667911044,0.012980813539870795
FB15k-237,topk_rule_weight_global_rf,0.28,11429,0.40919367984663685,0.4142300766159427,0.01230810009380745
FB15k-237,topk_rule_weight_global_rf,0.3,12246,0.40453165850747,0.4093035995782185,0.011796211669451662
FB15k-237,topk_rule_weight_global_rf,0.32,13062,0.4110604774135457,0.41573240221508034,0.011365541223839148
FB15k-237,topk_rule_weight_global_rf,0.34,13878,0.41654975614512885,0.4211316304291403,0.010999584602841894
FB15k-237,topk_rule_weight_global_rf,0.36,14695,0.40506972999508173,0.40963508035051244,0.011270529534473273
FB15k-237,topk_rule_weight_global_rf,0.38,15511,0.40688823975252447,0.41169912509055756,0.011823603800785953
FB15k-237,topk_rule_weight_global_rf,0.4,16328,0.4114417265781107,0.41622015043120586,0.011613853297857135
FB15k-237,topk_rule_weight_global_rf,0.42,17144,0.4112486355328835,0.41613877807936905,0.01189096357766406
FB15k-237,topk_rule_weight_global_rf,0.44,17960,0.4093307299129556,0.41457064089500467,0.01280116687834143
FB15k-237,topk_rule_weight_global_rf,0.46,18777,0.40584841353752243,0.41128626015349457,0.01339871349643551
FB15k-237,topk_rule_weight_global_rf,0.48,19593,0.4005266080931467,0.4061235410442361,0.013973935409024696
FB15k-237,topk_rule_weight_global_rf,0.5,20410,0.39623898825899606,0.401792663290467,0.014015973177886387
FB15k-237,topk_rule_weight_global_rf,0.52,21226,0.3900326876861226,0.39555176960638666,0.014150306101281318
FB15k-237,topk_rule_weight_global_rf,0.54,22042,0.3868809033265591,0.39229831898684575,0.01400279934653148
FB15k-237,topk_rule_weight_global_rf,0.56,22859,0.384300030842595,0.38957865982600753,0.01373569752736925
FB15k-237,topk_rule_weight_global_rf,0.58,23675,0.3828751601562775,0.3880182693591792,0.013432862034723048
FB15k-237,topk_rule_weight_global_rf,0.6,24491,0.3796374135537444,0.3846648418426746,0.013242710305786165
FB15k-237,topk_rule_weight_global_rf,0.62,25308,0.3787956601232299,0.38372328048009113,0.013008650508979258
FB15k-237,topk_rule_weight_global_rf,0.64,26124,0.37603900034488597,0.3810432448202564,0.013307780498248212
FB15k-237,topk_rule_weight_global_rf,0.66,26941,0.374268821935655,0.37928176965066945,0.01339397625772909
FB15k-237,topk_rule_weight_global_rf,0.68,27757,0.37334347220203373,0.37829452221366877,0.013261380954200153
FB15k-237,topk_rule_weight_global_rf,0.7,28573,0.3709313730555615,0.3757667813338782,0.013035856844582305
FB15k-237,topk_rule_weight_global_rf,0.72,29390,0.3698989676223121,0.3746466216585652,0.012835002127123296
FB15k-237,topk_rule_weight_global_rf,0.74,30206,0.36887060715031367,0.3735152845275407,0.012591616917132953
FB15k-237,topk_rule_weight_global_rf,0.76,31022,0.37065161371478594,0.3752186420498802,0.012321619995990574
FB15k-237,topk_rule_weight_global_rf,0.78,31839,0.3723659003624923,0.3768809279637923,0.012125244542813052
FB15k-237,topk_rule_weight_global_rf,0.8,32655,0.37239318373323693,0.3768505534191164,0.011969525438662476
FB15k-237,topk_rule_weight_global_rf,0.82,33472,0.3721708315950391,0.3765400052714285,0.011739699367798728
FB15k-237,topk_rule_weight_global_rf,0.84,34288,0.3714280144996492,0.37574088126759525,0.011611581785924141
FB15k-237,topk_rule_weight_global_rf,0.86,35104,0.36869168247246015,0.3729077876921623,0.011435314166646782
FB15k-237,topk_rule_weight_global_rf,0.88,35921,0.36844059650053923,0.37261503976846455,0.011330030695787308
FB15k-237,topk_rule_weight_global_rf,0.9,36737,0.36744711175118694,0.37150368961631636,0.011039895907186459
FB15k-237,topk_rule_weight_global_rf,0.92,37553,0.3641942675855935,0.3681559036186794,0.010877809964855656
FB15k-237,topk_rule_weight_global_rf,0.94,38370,0.36059492604153576,0.3644597977786149,0.010718042484696433
FB15k-237,topk_rule_weight_global_rf,0.96,39186,0.3585539646714946,0.36232385623084523,0.010514153881423738
FB15k-237,topk_rule_weight_global_rf,0.98,40003,0.3545380277494152,0.3582273494660981,0.010405997179209425
FB15k-237,topk_rule_weight_global_rf,1.0,40819,0.3521072717743882,0.35562848130787217,0.010000388562665607
KG20C,topk_rule_weight_global_rf,0.02,149,0.2383779372433007,0.25586666265679503,0.07336553716229388
KG20C,topk_rule_weight_global_rf,0.04,298,0.2528603739921106,0.26393699605948345,0.04380529021806501
KG20C,topk_rule_weight_global_rf,0.06,447,0.2032816854681227,0.21210970538171842,0.043427522224967374
KG20C,topk_rule_weight_global_rf,0.08,596,0.19352913286430062,0.20185006296660027,0.04299574942101425
KG20C,topk_rule_weight_global_rf,0.1,745,0.1725155606265299,0.18007494626042378,0.0438185726924587
KG20C,topk_rule_weight_global_rf,0.12,894,0.17068034597932816,0.1777117379732046,0.04119626049227754
KG20C,topk_rule_weight_global_rf,0.14,1043,0.17106466807757295,0.17784908642873812,0.03965996267615379
KG20C,topk_rule_weight_global_rf,0.16,1192,0.1783673996659027,0.18546187773080353,0.03977452201573484
KG20C,topk_rule_weight_global_rf,0.18,1341,0.19074228338265395,0.19768278083951857,0.03638677976262383
KG20C,topk_rule_weight_global_rf,0.2,1490,0.19714283771817118,0.2038564666428121,0.03405464282825488
KG20C,topk_rule_weight_global_rf,0.22,1639,0.21979827274324923,0.2265672054299317,0.03079611410135774
KG20C,topk_rule_weight_global_rf,0.24,1788,0.22178923588877794,0.22856242496403634,0.030538853917396525
KG20C,topk_rule_weight_global_rf,0.26,1936,0.21816865800972038,0.22503606261080747,0.03147750306453778
KG20C,topk_rule_weight_global_rf,0.28,2085,0.21981959929048253,0.22684393529832225,0.03195500324135048
KG20C,topk_rule_weight_global_rf,0.3,2234,0.224196894422404,0.23136518705791573,0.03197320218899247
KG20C,topk_rule_weight_global_rf,0.32,2383,0.22019386064153249,0.22734888840101086,0.0324942200415228
KG20C,topk_rule_weight_global_rf,0.34,2532,0.21572264672963357,0.2226839036127427,0.032269476518307805
KG20C,topk_rule_weight_global_rf,0.36,2681,0.21273750125920798,0.21969596191883464,0.03270913975410572
KG20C,topk_rule_weight_global_rf,0.38,2830,0.21245784184123612,0.21959980849260824,0.033615923938025816
KG20C,topk_rule_weight_global_rf,0.4,2979,0.21527715032631606,0.22242544488727312,0.03320507796634109
KG20C,topk_rule_weight_global_rf,0.42,3128,0.21132304405073413,0.218513789886965,0.03402726791359534
KG20C,topk_rule_weight_global_rf,0.44,3277,0.21053512807281088,0.21772831679455412,0.03416621628698269
KG20C,topk_rule_weight_global_rf,0.46,3426,0.21252519239003392,0.2197998431232175,0.03422959250794544
KG20C,topk_rule_weight_global_rf,0.48,3575,0.21150563227866515,0.21879210933270865,0.03445051072892169
KG20C,topk_rule_weight_global_rf,0.5,3724,0.2112909534064502,0.21865411998505352,0.03484847060365692
KG20C,topk_rule_weight_global_rf,0.52,3873,0.21080602975017362,0.21822991606220163,0.03521666965990522
KG20C,topk_rule_weight_global_rf,0.54,4022,0.21317471837917268,0.22051251788618106,0.03442152785658514
KG20C,topk_rule_weight_global_rf,0.56,4171,0.2141838844388777,0.2215145268481948,0.03422592894195575
KG20C,topk_rule_weight_global_rf,0.58,4320,0.21442632611061363,0.2215474886069143,0.03321029943229625
KG20C,topk_rule_weight_global_rf,0.6,4469,0.2168776806304988,0.22373761285135968,0.03163042043292763
KG20C,topk_rule_weight_global_rf,0.62,4618,0.22143548217568068,0.2280481214236101,0.02986260008088104
KG20C,topk_rule_weight_global_rf,0.64,4767,0.22888662972527316,0.2354019432538341,0.0284652429736989
KG20C,topk_rule_weight_global_rf,0.66,4916,0.22616946597617654,0.2326004582887859,0.028434396680614427
KG20C,topk_rule_weight_global_rf,0.68,5065,0.22921863736039602,0.23562183432843803,0.027934888025594518
KG20C,topk_rule_weight_global_rf,0.7,5214,0.23408625065919705,0.24053738489129922,0.02755879174422038
KG20C,topk_rule_weight_global_rf,0.72,5363,0.2353545876709219,0.2418639341505557,0.027657614597831115
KG20C,topk_rule_weight_global_rf,0.74,5512,0.2341424288969914,0.24074676566672804,0.028206492948965378
KG20C,topk_rule_weight_global_rf,0.76,5660,0.23332894318384412,0.2401380406113181,0.029182395182362653
KG20C,topk_rule_weight_global_rf,0.78,5809,0.23236510202002789,0.23930054755885805,0.029847190815393443
KG20C,topk_rule_weight_global_rf,0.8,5958,0.23105907156527372,0.23811754904427584,0.030548367701755064
KG20C,topk_rule_weight_global_rf,0.82,6107,0.23813844969036146,0.24502659255891393,0.028924950496271196
KG20C,topk_rule_weight_global_rf,0.84,6256,0.23640252762753491,0.24338192744765857,0.02952337223365098
KG20C,topk_rule_weight_global_rf,0.86,6405,0.2360292653140957,0.24310130356651818,0.02996254825862965
KG20C,topk_rule_weight_global_rf,0.88,6554,0.23388941956902332,0.24100320590667262,0.030415169488032134
KG20C,topk_rule_weight_global_rf,0.9,6703,0.2339034689264406,0.24121924579949605,0.031276906266645366
KG20C,topk_rule_weight_global_rf,0.92,6852,0.23338220120652842,0.24080075678612603,0.031787152324579626
KG20C,topk_rule_weight_global_rf,0.94,7001,0.2319195296935011,0.23942380006322128,0.0323572162277046
KG20C,topk_rule_weight_global_rf,0.96,7150,0.23071704522047454,0.23825819837919543,0.032685721817885316
KG20C,topk_rule_weight_global_rf,0.98,7299,0.22916944548026738,0.23676825005484226,0.03315801789654005
KG20C,topk_rule_weight_global_rf,1.0,7448,0.2263808023358598,0.2339520411211777,0.03344470338118666
WN18RR,topk_rule_weight_global_rf,0.02,121,0.6130557877059944,0.6178471827354135,0.007815593826049794
WN18RR,topk_rule_weight_global_rf,0.04,242,0.710279424625958,0.7127675958567737,0.0035030878616906236
WN18RR,topk_rule_weight_global_rf,0.06,363,0.8056553814436604,0.8078131966198886,0.0026783352112182968
WN18RR,topk_rule_weight_global_rf,0.08,484,0.7915258777165048,0.7932069400190407,0.002123824817181763
WN18RR,topk_rule_weight_global_rf,0.1,606,0.8183846043002615,0.819778801349337,0.0017035963796845355
WN18RR,topk_rule_weight_global_rf,0.12,727,0.8431943019416787,0.8443587038383779,0.0013809413726086905
WN18RR,topk_rule_weight_global_rf,0.14,848,0.8597131209867585,0.8607424995777665,0.0011973512627405647
WN18RR,topk_rule_weight_global_rf,0.16,969,0.8524966389565389,0.8537051316409554,0.0014175923155494985
WN18RR,topk_rule_weight_global_rf,0.18,1090,0.824344175894569,0.8259474717430598,0.0019449350106113261
WN18RR,topk_rule_weight_global_rf,0.2,1211,0.8259907244693498,0.8276067625480974,0.001956484535326597
WN18RR,topk_rule_weight_global_rf,0.22,1332,0.7932152733324651,0.7966358925538908,0.004312346643370768
WN18RR,topk_rule_weight_global_rf,0.24,1453,0.7818107893952257,0.7856330088490839,0.004888931574882571
WN18RR,topk_rule_weight_global_rf,0.26,1574,0.7477594615148213,0.7517432338364642,0.005327612055316067
WN18RR,topk_rule_weight_global_rf,0.28,1695,0.7243379039093976,0.7288039845884795,0.006165742059027535
WN18RR,topk_rule_weight_global_rf,0.3,1816,0.7095706312423228,0.7140826193054272,0.0063587581904351875
WN18RR,topk_rule_weight_global_rf,0.32,1938,0.6862708356360702,0.6908758167747022,0.006710151298159106
WN18RR,topk_rule_weight_global_rf,0.34,2059,0.6675767981734451,0.672477462195955,0.007340974155960245
WN18RR,topk_rule_weight_global_rf,0.36,2180,0.6498590944996109,0.6546559260294037,0.007381340925122215
WN18RR,topk_rule_weight_global_rf,0.38,2301,0.6553140863504248,0.659913282348867,0.007018307853042138
WN18RR,topk_rule_weight_global_rf,0.4,2422,0.6564351014772859,0.6609147631609575,0.006824226299888991
WN18RR,topk_rule_weight_global_rf,0.42,2543,0.6687914851198105,0.6732340863272391,0.006642729918477919
WN18RR,topk_rule_weight_global_rf,0.44,2664,0.6838217389791218,0.6880625553719488,0.006201640209856585
WN18RR,topk_rule_weight_global_rf,0.46,2785,0.6977108533633624,0.7017824570390399,0.005835660511872565
WN18RR,topk_rule_weight_global_rf,0.48,2906,0.7022607263332813,0.7064557150515711,0.005973548798881456
WN18RR,topk_rule_weight_global_rf,0.5,3028,0.6988217071225288,0.7029768264157817,0.005945893281366521
WN18RR,topk_rule_weight_global_rf,0.52,3149,0.7001439807241908,0.7041904096051725,0.0057794239361970146
WN18RR,topk_rule_weight_global_rf,0.54,3270,0.7000706843402004,0.704072761012976,0.0057166751333794785
WN18RR,topk_rule_weight_global_rf,0.56,3391,0.6992822574414649,0.7032749068204763,0.0057096391857842654
WN18RR,topk_rule_weight_global_rf,0.58,3512,0.6984028681457457,0.7023970184980787,0.005718977590881691
WN18RR,topk_rule_weight_global_rf,0.6,3633,0.6859582950452531,0.6899627585276495,0.00583776522759627
WN18RR,topk_rule_weight_global_rf,0.62,3754,0.6783320953063842,0.682333043794852,0.0058982149247424065
WN18RR,topk_rule_weight_global_rf,0.64,3875,0.6616085751084866,0.6655545629504794,0.005964233219537318
WN18RR,topk_rule_weight_global_rf,0.66,3996,0.6493472441169801,0.6532692762685299,0.006039961187304765
WN18RR,topk_rule_weight_global_rf,0.68,4117,0.6547756110724258,0.6585794048841173,0.00580930894090792
WN18RR,topk_rule_weight_global_rf,0.7,4238,0.6453522976899321,0.6491169138434442,0.0058334279849745485
WN18RR,topk_rule_weight_global_rf,0.72,4360,0.6301422688531473,0.6338193391138681,0.0058353017127592555
WN18RR,topk_rule_weight_global_rf,0.74,4481,0.6163511005687075,0.6199568944380661,0.005850227031365174
WN18RR,topk_rule_weight_global_rf,0.76,4602,0.6061292521229756,0.6097071899439064,0.005902928803384722
WN18RR,topk_rule_weight_global_rf,0.78,4723,0.5951717009309656,0.598681465758122,0.005897062682359344
WN18RR,topk_rule_weight_global_rf,0.8,4844,0.5846475887955037,0.5881341069086927,0.0059634524797613775
WN18RR,topk_rule_weight_global_rf,0.82,4965,0.5745314677644062,0.5778927438836607,0.0058504647836501444
WN18RR,topk_rule_weight_global_rf,0.84,5086,0.5634830100041922,0.5667904449015275,0.005869626658860039
WN18RR,topk_rule_weight_global_rf,0.86,5207,0.5534623457244143,0.5567474972915548,0.005935636981483583
WN18RR,topk_rule_weight_global_rf,0.88,5328,0.5439068914552541,0.5471446115089312,0.005952710113700688
WN18RR,topk_rule_weight_global_rf,0.9,5450,0.5335123574211061,0.5366882980595667,0.0059528904893833
WN18RR,topk_rule_weight_global_rf,0.92,5571,0.5235332200334132,0.5266506169692592,0.00595453510217947
WN18RR,topk_rule_weight_global_rf,0.94,5692,0.5143998988620638,0.5174639756360806,0.005956604542098454
WN18RR,topk_rule_weight_global_rf,0.96,5813,0.5072754802460914,0.5103101632568049,0.00598231755503198
WN18RR,topk_rule_weight_global_rf,0.98,5934,0.5159928482346963,0.5189628179487523,0.005755835035731405
WN18RR,topk_rule_weight_global_rf,1.0,6055,0.5098022893664883,0.5125272756194793,0.005345182455687381
YAGO3-10,topk_rule_weight_global_rf,0.02,200,0.5988816075883822,0.6709055241982511,0.12026403165042887
YAGO3-10,topk_rule_weight_global_rf,0.04,399,0.6545436942216559,0.706256738259307,0.07900625198008382
YAGO3-10,topk_rule_weight_global_rf,0.06,598,0.6965321072509589,0.7368716677397734,0.05791486145272584
YAGO3-10,topk_rule_weight_global_rf,0.08,798,0.7196802220358214,0.7601876147534289,0.05628526597968864
YAGO3-10,topk_rule_weight_global_rf,0.1,998,0.712914124224634,0.7482943849425302,0.04962766133491292
YAGO3-10,topk_rule_weight_global_rf,0.12,1197,0.710434344717785,0.7453695212993321,0.0491743914709315
YAGO3-10,topk_rule_weight_global_rf,0.14,1397,0.707607810884054,0.7435118500662371,0.05074002665025157
YAGO3-10,topk_rule_weight_global_rf,0.16,1596,0.7050545309084768,0.7387185014054716,0.047746619617660135
YAGO3-10,topk_rule_weight_global_rf,0.18,1796,0.7073685304427788,0.7416672713870441,0.04848779591989483
YAGO3-10,topk_rule_weight_global_rf,0.2,1995,0.7086382504361443,0.7409338877341229,0.045574222500834205
YAGO3-10,topk_rule_weight_global_rf,0.22,2194,0.7044695313274525,0.7354789571239898,0.04401812203021094
YAGO3-10,topk_rule_weight_global_rf,0.24,2394,0.704563842809805,0.7343452538902742,0.04226928671460173
YAGO3-10,topk_rule_weight_global_rf,0.26,2594,0.6910336081400462,0.7191178558554464,0.04064092887029114
YAGO3-10,topk_rule_weight_global_rf,0.28,2793,0.6907144608135111,0.7184900102138857,0.04021278107839388
YAGO3-10,topk_rule_weight_global_rf,0.3,2992,0.6917949276786723,0.719611532098856,0.040209321154641264
YAGO3-10,topk_rule_weight_global_rf,0.32,3192,0.6959262364310438,0.724153462537824,0.040560658054134224
YAGO3-10,topk_rule_weight_global_rf,0.34,3392,0.7035426117384967,0.7315110180091762,0.03975367775033245
YAGO3-10,topk_rule_weight_global_rf,0.36,3591,0.70994883378402,0.7374701938546365,0.03876527259567153
YAGO3-10,topk_rule_weight_global_rf,0.38,3790,0.7141856526494652,0.7416359580241455,0.03843581185486711
YAGO3-10,topk_rule_weight_global_rf,0.4,3990,0.7191285332765731,0.7464949882535794,0.03805502592466503
YAGO3-10,topk_rule_weight_global_rf,0.42,4190,0.7213999331590416,0.7482732803219361,0.037251662950972264
YAGO3-10,topk_rule_weight_global_rf,0.44,4389,0.7250222597003451,0.7520973670118268,0.037343829033155584
YAGO3-10,topk_rule_weight_global_rf,0.46,4588,0.7208501459517117,0.7481115931860097,0.03781846669158373
YAGO3-10,topk_rule_weight_global_rf,0.48,4788,0.7143631960298379,0.7408490668363745,0.037076197309345194
YAGO3-10,topk_rule_weight_global_rf,0.5,4988,0.7142848397381653,0.740764875700157,0.03707209573662307
YAGO3-10,topk_rule_weight_global_rf,0.52,5187,0.7144425269971835,0.741348945831885,0.03766071841746288
YAGO3-10,topk_rule_weight_global_rf,0.54,5386,0.7156962327719761,0.742426992657715,0.03734930919254298
YAGO3-10,topk_rule_weight_global_rf,0.56,5586,0.7102552832080635,0.7370538437715298,0.03773088521414891
YAGO3-10,topk_rule_weight_global_rf,0.58,5786,0.6994332315885993,0.7262639439637931,0.03836064854146848
YAGO3-10,topk_rule_weight_global_rf,0.6,5985,0.6878496901182605,0.7145950090273536,0.038882504845636934
YAGO3-10,topk_rule_weight_global_rf,0.62,6184,0.6801297516912836,0.7063611504930438,0.03856822721918918
YAGO3-10,topk_rule_weight_global_rf,0.64,6384,0.6726719038786428,0.6985986195775875,0.0385428847993361
YAGO3-10,topk_rule_weight_global_rf,0.66,6584,0.6613195569442828,0.686786268310356,0.038508934294557484
YAGO3-10,topk_rule_weight_global_rf,0.68,6783,0.6508792316295892,0.6760878467186383,0.038730095944120135
YAGO3-10,topk_rule_weight_global_rf,0.7,6982,0.6423838700102887,0.6672306249128855,0.038678983179012416
YAGO3-10,topk_rule_weight_global_rf,0.72,7182,0.633527160380237,0.6580744732835445,0.0387470568563697
YAGO3-10,topk_rule_weight_global_rf,0.74,7382,0.627237995693541,0.6512590265885163,0.03829651752587959
YAGO3-10,topk_rule_weight_global_rf,0.76,7581,0.625077646030992,0.6488049053764438,0.03795889918014339
YAGO3-10,topk_rule_weight_global_rf,0.78,7780,0.6240516810343607,0.647595557758827,0.0377274470047777
YAGO3-10,topk_rule_weight_global_rf,0.8,7980,0.6242732212980087,0.6474694721903662,0.03715720953739954
YAGO3-10,topk_rule_weight_global_rf,0.82,8179,0.6208464384724538,0.6437932371039515,0.036960506188867814
YAGO3-10,topk_rule_weight_global_rf,0.84,8379,0.618066268687194,0.6404893770166995,0.03627945653325071
YAGO3-10,topk_rule_weight_global_rf,0.86,8578,0.6114769864365809,0.6333510240028448,0.03577246249893418
YAGO3-10,topk_rule_weight_global_rf,0.88,8778,0.6029990990326751,0.6244640461610803,0.03559698043137871
YAGO3-10,topk_rule_weight_global_rf,0.9,8978,0.5960852683501063,0.6171017761310528,0.03525755273086628
YAGO3-10,topk_rule_weight_global_rf,0.92,9177,0.5882991675123573,0.6088722670058591,0.03497047187827196
YAGO3-10,topk_rule_weight_global_rf,0.94,9376,0.5788433046164324,0.5989217438621389,0.03468717541617128
YAGO3-10,topk_rule_weight_global_rf,0.96,9576,0.5735864054591532,0.5933676232893277,0.03448690143613109
YAGO3-10,topk_rule_weight_global_rf,0.98,9776,0.5621069384370901,0.5814838977687538,0.03447201592198845
YAGO3-10,topk_rule_weight_global_rf,1.0,9975,0.5607274620553473,0.5794717170327173,0.03342845900335045
codex-l,topk_rule_weight_global_rf,0.02,1223,0.016096268088483134,0.030081915941223357,0.8688751812444613
codex-l,topk_rule_weight_global_rf,0.04,2445,0.012533615709774112,0.01976663555280396,0.5770896452002521
codex-l,topk_rule_weight_global_rf,0.06,3668,0.06942758549744273,0.07945301058347581,0.14440117734473668
codex-l,topk_rule_weight_global_rf,0.08,4890,0.1308299676728036,0.13699215011893648,0.04710069532038741
codex-l,topk_rule_weight_global_rf,0.1,6113,0.18353444659094795,0.19055637329627717,0.03825944848914009
codex-l,topk_rule_weight_global_rf,0.12,7335,0.2047688376852903,0.21201975649200092,0.03541026500260047
codex-l,topk_rule_weight_global_rf,0.14,8558,0.23214743779616798,0.2394799478502874,0.03158557390824002
codex-l,topk_rule_weight_global_rf,0.16,9781,0.25513148031085864,0.2622093001689216,0.02774185235565274
codex-l,topk_rule_weight_global_rf,0.18,11003,0.2918242875637666,0.2999100763872812,0.02770773087811529
codex-l,topk_rule_weight_global_rf,0.2,12226,0.3017241590054349,0.30955682952095476,0.02595970618109744
codex-l,topk_rule_weight_global_rf,0.22,13448,0.3086619743182688,0.31632405762843896,0.024823541439120023
codex-l,topk_rule_weight_global_rf,0.24,14671,0.3306729475107759,0.3380262960696838,0.022237526880448222
codex-l,topk_rule_weight_global_rf,0.26,15894,0.3433248008108631,0.3512705625452473,0.023143570507047295
codex-l,topk_rule_weight_global_rf,0.28,17116,0.3528222413189592,0.3611435303972224,0.023584933441711753
codex-l,topk_rule_weight_global_rf,0.3,18339,0.3561444838294193,0.36577088797463464,0.027029491069770595
codex-l,topk_rule_weight_global_rf,0.32,19561,0.35465415485496876,0.36592754737250854,0.03178700252968958
codex-l,topk_rule_weight_global_rf,0.34,20784,0.350890361598795,0.3623706187383653,0.032717504941605524
codex-l,topk_rule_weight_global_rf,0.36,22006,0.3460515651663839,0.3580431185640304,0.03465250443783119
codex-l,topk_rule_weight_global_rf,0.38,23229,0.3440107306650482,0.35578287109583145,0.0342202710015036
codex-l,topk_rule_weight_global_rf,0.4,24452,0.34291678697410366,0.3545951946919033,0.03405609804305554
codex-l,topk_rule_weight_global_rf,0.42,25674,0.3412290767725473,0.353130078460313,0.03487686864299233
codex-l,topk_rule_weight_global_rf,0.44,26897,0.3415555266259347,0.35306777457671606,0.03370534818893267
codex-l,topk_rule_weight_global_rf,0.46,28119,0.3397904044391081,0.3509891634546316,0.03295784362718934
codex-l,topk_rule_weight_global_rf,0.48,29342,0.3406898312641851,0.3517315154214006,0.03240978492443847
codex-l,topk_rule_weight_global_rf,0.5,30564,0.34398324708219546,0.3547938106624449,0.03142758745360141
codex-l,topk_rule_weight_global_rf,0.52,31787,0.3452818950409412,0.35561991565326134,0.02994081288592998
codex-l,topk_rule_weight_global_rf,0.54,33010,0.34890028043138627,0.35894746109500925,0.0287967113445724
codex-l,topk_rule_weight_global_rf,0.56,34232,0.3493350442581573,0.3591276834152244,0.028032226706205643
codex-l,topk_rule_weight_global_rf,0.58,35455,0.34633883583033415,0.3555705155428853,0.026655052097806387
codex-l,topk_rule_weight_global_rf,0.6,36677,0.3499252952753004,0.3586466843218231,0.024923574157910577
codex-l,topk_rule_weight_global_rf,0.62,37900,0.3503030619702349,0.35899214582802297,0.024804475898433154
codex-l,topk_rule_weight_global_rf,0.64,39123,0.3575018621953894,0.3660337023781142,0.023865162912247495
codex-l,topk_rule_weight_global_rf,0.66,40345,0.35468563055009217,0.36302108628672974,0.023500968234066555
codex-l,topk_rule_weight_global_rf,0.68,41568,0.3597847240620085,0.36786559021277787,0.022460281413661853
codex-l,topk_rule_weight_global_rf,0.7,42790,0.36110417698789943,0.3689465691039603,0.021717810581636243
codex-l,topk_rule_weight_global_rf,0.72,44013,0.36183660569919474,0.3693872476784432,0.020867545904201812
codex-l,topk_rule_weight_global_rf,0.74,45235,0.36456719012227756,0.372114192998022,0.02070126736641642
codex-l,topk_rule_weight_global_rf,0.76,46458,0.3632497995638727,0.3705073277040822,0.019979441554883293
codex-l,topk_rule_weight_global_rf,0.78,47681,0.3626898383621295,0.3697265377716354,0.019401424206652473
codex-l,topk_rule_weight_global_rf,0.8,48903,0.36067963630283667,0.36757411097940595,0.019115231309539515
codex-l,topk_rule_weight_global_rf,0.82,50126,0.35669675160110453,0.3633949685524299,0.01877846355835633
codex-l,topk_rule_weight_global_rf,0.84,51348,0.353495810047304,0.3600026966365883,0.018407252375674643
codex-l,topk_rule_weight_global_rf,0.86,52571,0.3518730236048521,0.35829872219192016,0.018261412941629862
codex-l,topk_rule_weight_global_rf,0.88,53794,0.3502639182187217,0.3565076851738641,0.017825892506699637
codex-l,topk_rule_weight_global_rf,0.9,55016,0.34696181468383397,0.3530733883403204,0.01761454257453532
codex-l,topk_rule_weight_global_rf,0.92,56239,0.34407635791426955,0.35005876436751465,0.017386857061349348
codex-l,topk_rule_weight_global_rf,0.94,57461,0.3401875290324895,0.3460565080170851,0.01725218734880518
codex-l,topk_rule_weight_global_rf,0.96,58684,0.3358542258778457,0.3415818120666239,0.01705378627828069
codex-l,topk_rule_weight_global_rf,0.98,59906,0.33212258394406835,0.33763144912152065,0.016586843062680767
codex-l,topk_rule_weight_global_rf,1.0,61129,0.3293206066178304,0.3342010881088535,0.014819848478801134
codex-m,topk_rule_weight_global_rf,0.02,412,0.41904907230293104,0.42405851889738727,0.011954319733787466
codex-m,topk_rule_weight_global_rf,0.04,824,0.44323125085936005,0.4473856362861787,0.00937295242328684
codex-m,topk_rule_weight_global_rf,0.06,1236,0.447771027995916,0.4513541819090675,0.008002201324164737
codex-m,topk_rule_weight_global_rf,0.08,1648,0.4225850874051589,0.4260339468371138,0.008161337289804393
codex-m,topk_rule_weight_global_rf,0.1,2059,0.3867813446881023,0.39055291371599377,0.00975116581936697
codex-m,topk_rule_weight_global_rf,0.12,2471,0.37408086889175735,0.37764801974692613,0.009535774619366943
codex-m,topk_rule_weight_global_rf,0.14,2883,0.3706390301828229,0.3745187420589273,0.01046762904109344
codex-m,topk_rule_weight_global_rf,0.16,3295,0.37538101340330776,0.3795115587988915,0.011003607662878556
codex-m,topk_rule_weight_global_rf,0.18,3707,0.3833057652649703,0.38731651576223985,0.010463579890318098
codex-m,topk_rule_weight_global_rf,0.2,4119,0.39877077911786146,0.4029571112658811,0.010498091553449385
codex-m,topk_rule_weight_global_rf,0.22,4531,0.40314866313086595,0.4073048041401567,0.010309202012513285
codex-m,topk_rule_weight_global_rf,0.24,4943,0.407568091307477,0.4115469860249261,0.009762527544010746
codex-m,topk_rule_weight_global_rf,0.26,5354,0.4094708984642808,0.4134438472182283,0.009702640087117409
codex-m,topk_rule_weight_global_rf,0.28,5766,0.41339204586375616,0.41735382487510564,0.009583587906418556
codex-m,topk_rule_weight_global_rf,0.3,6178,0.42220917569913047,0.4261181102733968,0.009258289017034294
codex-m,topk_rule_weight_global_rf,0.32,6590,0.415408953822162,0.4195348261609594,0.009932073685064768
codex-m,topk_rule_weight_global_rf,0.34,7002,0.4078942061984741,0.4121026417345757,0.010317468285033327
codex-m,topk_rule_weight_global_rf,0.36,7414,0.4015566500810901,0.4057089991074163,0.010340630706745069
codex-m,topk_rule_weight_global_rf,0.38,7826,0.3983415314422882,0.40241443154926626,0.010224643391391286
codex-m,topk_rule_weight_global_rf,0.4,8238,0.39650062448613027,0.4005164248940778,0.0101281061364078
codex-m,topk_rule_weight_global_rf,0.42,8649,0.3874373157638651,0.3913201668144848,0.010021881973253821
codex-m,topk_rule_weight_global_rf,0.44,9061,0.3830117173437955,0.3868739393947441,0.010083822181037538
codex-m,topk_rule_weight_global_rf,0.46,9473,0.3806509402236117,0.3844395043548587,0.009952856359743745
codex-m,topk_rule_weight_global_rf,0.48,9885,0.3799034857326342,0.3836558102264013,0.009877046762365893
codex-m,topk_rule_weight_global_rf,0.5,10297,0.3796315674694907,0.3833077846832671,0.009683644693408766
codex-m,topk_rule_weight_global_rf,0.52,10709,0.3766636540458122,0.38025216187747035,0.009527088141139561
codex-m,topk_rule_weight_global_rf,0.54,11121,0.3713526945268069,0.37487226031587184,0.009477690187625232
codex-m,topk_rule_weight_global_rf,0.56,11533,0.3707495536154206,0.3741976699029201,0.00930039228334767
codex-m,topk_rule_weight_global_rf,0.58,11945,0.3695771795420934,0.3728973438017559,0.008983683093680694
codex-m,topk_rule_weight_global_rf,0.6,12356,0.36484845703314367,0.36811334367218246,0.008948610241051869
codex-m,topk_rule_weight_global_rf,0.62,12768,0.37381360079608195,0.3772234691411965,0.009121841307680567
codex-m,topk_rule_weight_global_rf,0.64,13180,0.37112316318233474,0.37451965076844523,0.0091519148440804
codex-m,topk_rule_weight_global_rf,0.66,13592,0.37208267000518985,0.37549813004054744,0.00917930425329927
codex-m,topk_rule_weight_global_rf,0.68,14004,0.3724288651919018,0.3758440107597854,0.009169927164812686
codex-m,topk_rule_weight_global_rf,0.7,14416,0.3700782546333333,0.3734478756283705,0.009105158038468675
codex-m,topk_rule_weight_global_rf,0.72,14828,0.3700160722795565,0.37339400101627385,0.009129140569237748
codex-m,topk_rule_weight_global_rf,0.74,15240,0.3688061382272844,0.3721308461606036,0.009014784703150092
codex-m,topk_rule_weight_global_rf,0.76,15651,0.36878077998230785,0.3720900279642527,0.008973482788619425
codex-m,topk_rule_weight_global_rf,0.78,16063,0.36733387045819543,0.3706075847958431,0.008912094965716655
codex-m,topk_rule_weight_global_rf,0.8,16475,0.36821903588524585,0.37146716564606297,0.00882118914088248
codex-m,topk_rule_weight_global_rf,0.82,16887,0.36614243230620963,0.3693656668477523,0.008803225895563482
codex-m,topk_rule_weight_global_rf,0.84,17299,0.36496602599548206,0.3681583866820541,0.008747007828645348
codex-m,topk_rule_weight_global_rf,0.86,17711,0.36031896286711296,0.3634552273840295,0.008704133948324033
codex-m,topk_rule_weight_global_rf,0.88,18123,0.35688683987538183,0.3600047300098096,0.008736355018068132
codex-m,topk_rule_weight_global_rf,0.9,18535,0.35407450046852645,0.35715064287880843,0.008687839441167133
codex-m,topk_rule_weight_global_rf,0.92,18946,0.35081541130813393,0.35387982863857287,0.008735127453529445
codex-m,topk_rule_weight_global_rf,0.94,19358,0.3496966644077873,0.35275153089901146,0.008735761024193822
codex-m,topk_rule_weight_global_rf,0.96,19770,0.3457928182331606,0.3487802897005078,0.00863948384645985
codex-m,topk_rule_weight_global_rf,0.98,20182,0.34173667590359275,0.34469834844627795,0.008666534064142084
codex-m,topk_rule_weight_global_rf,1.0,20594,0.3418371108917016,0.34476875252136285,0.00857613622468878
hetionet,topk_rule_weight_global_rf,0.02,9001,0.6431984681452372,0.7130928936449566,0.10866696511462615
hetionet,topk_rule_weight_global_rf,0.04,18002,0.6418616893466621,0.7093510818630983,0.10514631677913688
hetionet,topk_rule_weight_global_rf,0.06,27002,0.6395805220196326,0.7025882659457942,0.09851416945469071
hetionet,topk_rule_weight_global_rf,0.08,36003,0.6351376379795151,0.6957614334431619,0.09544985502119174
hetionet,topk_rule_weight_global_rf,0.1,45004,0.6371860372945841,0.6962433018157405,0.09268449254146627
hetionet,topk_rule_weight_global_rf,0.12,54005,0.6319385304273009,0.6882791256166081,0.0891551827852799
hetionet,topk_rule_weight_global_rf,0.14,63006,0.6244888038089161,0.6780151143401218,0.08571220205187857
hetionet,topk_rule_weight_global_rf,0.16,72006,0.6255690878247435,0.6768752604758872,0.08201519808075508
hetionet,topk_rule_weight_global_rf,0.18,81007,0.62891067813101,0.677748828610095,0.07765514591709866
hetionet,topk_rule_weight_global_rf,0.2,90008,0.6203990807801991,0.6670610319738298,0.07521279872779596
hetionet,topk_rule_weight_global_rf,0.22,99009,0.6077284537580748,0.6529440066596335,0.07440091478678412
hetionet,topk_rule_weight_global_rf,0.24,108010,0.6008085472484732,0.6436104710093145,0.07124053736728864
hetionet,topk_rule_weight_global_rf,0.26,117010,0.5975337999322173,0.6390681283082215,0.06950958821193987
hetionet,topk_rule_weight_global_rf,0.28,126011,0.5942930298469964,0.6346262829311062,0.06786761926939278
hetionet,topk_rule_weight_global_rf,0.3,135012,0.5941654257649152,0.6337681633167113,0.06665271292218389
hetionet,topk_rule_weight_global_rf,0.32,144013,0.5983320378943363,0.6373790394346125,0.06525975389466243
hetionet,topk_rule_weight_global_rf,0.34,153014,0.5975250220243491,0.6354477495062718,0.06346634213483582
hetionet,topk_rule_weight_global_rf,0.36,162014,0.6004772828052444,0.6391470142757937,0.06439832542855961
hetionet,topk_rule_weight_global_rf,0.38,171015,0.603429164127489,0.6398938259078669,0.06042906764889788
hetionet,topk_rule_weight_global_rf,0.4,180016,0.5987277109452482,0.6339344109506159,0.05880252301966227
hetionet,topk_rule_weight_global_rf,0.42,189017,0.5980567871142088,0.6324610795384749,0.05752679873474276
hetionet,topk_rule_weight_global_rf,0.44,198018,0.5969823446919218,0.6304643318899222,0.05608538928446727
hetionet,topk_rule_weight_global_rf,0.46,207018,0.5910954225900699,0.6238683016677605,0.055444312077542524
hetionet,topk_rule_weight_global_rf,0.48,216019,0.5839217680334822,0.6156815900025127,0.054390542890686344
hetionet,topk_rule_weight_global_rf,0.5,225020,0.5710179329675633,0.6019253096937294,0.05412680573014805
hetionet,topk_rule_weight_global_rf,0.52,234021,0.5589812778177057,0.5889545672444549,0.053621276089544034
hetionet,topk_rule_weight_global_rf,0.54,243022,0.5459873313223542,0.5750823258458087,0.05328877220097361
hetionet,topk_rule_weight_global_rf,0.56,252022,0.5330979468058823,0.561305436314683,0.05291239570103223
hetionet,topk_rule_weight_global_rf,0.58,261023,0.5211323708841799,0.548506789482538,0.05252872423164434
hetionet,topk_rule_weight_global_rf,0.6,270024,0.5103861302823557,0.5369738294302541,0.05209330263968881
hetionet,topk_rule_weight_global_rf,0.62,279025,0.5006456440444945,0.5265126395924439,0.051667273760700905
hetionet,topk_rule_weight_global_rf,0.64,288026,0.49047986445478803,0.515620564539078,0.051257354085750606
hetionet,topk_rule_weight_global_rf,0.66,297026,0.48035539925393334,0.5048276625617771,0.05094616058412793
hetionet,topk_rule_weight_global_rf,0.68,306027,0.4711499189262207,0.49498027707964565,0.05057914094039484
hetionet,topk_rule_weight_global_rf,0.7,315028,0.4637424921906883,0.4869923655881761,0.05013530955004142
hetionet,topk_rule_weight_global_rf,0.72,324029,0.4592686600234271,0.4819744469132414,0.04943900785360822
hetionet,topk_rule_weight_global_rf,0.74,333030,0.45303903912830373,0.47527093580037905,0.04907280554640914
hetionet,topk_rule_weight_global_rf,0.76,342030,0.4461501029374517,0.46791658294351424,0.048787347268894665
hetionet,topk_rule_weight_global_rf,0.78,351031,0.4417725615141963,0.46319632308151676,0.04849500270883622
hetionet,topk_rule_weight_global_rf,0.8,360032,0.43624368740254543,0.45720757947218565,0.04805546229095503
hetionet,topk_rule_weight_global_rf,0.82,369033,0.4307780123878335,0.451359541040469,0.047777574669028766
hetionet,topk_rule_weight_global_rf,0.84,378034,0.42494066481495035,0.44512476675068197,0.04749863594372927
hetionet,topk_rule_weight_global_rf,0.86,387034,0.41794099933162365,0.4376970655531339,0.047269988474699653
hetionet,topk_rule_weight_global_rf,0.88,396035,0.41123755223162173,0.43063062192295926,0.04715782784451239
hetionet,topk_rule_weight_global_rf,0.9,405036,0.4042280062897507,0.42322873623278523,0.04700498146438381
hetionet,topk_rule_weight_global_rf,0.92,414037,0.3973197267740152,0.4159141331863307,0.04679960535382999
hetionet,topk_rule_weight_global_rf,0.94,423038,0.39008823798243436,0.4083023179186957,0.04669220489821968
hetionet,topk_rule_weight_global_rf,0.96,432038,0.3852850386422068,0.40309464247260884,0.046224488480438586
hetionet,topk_rule_weight_global_rf,0.98,441039,0.3782681670101806,0.3957112805772783,0.046113088777645306
hetionet,topk_rule_weight_global_rf,1.0,450040,0.37318845788011507,0.3902562686910259,0.04573509831430478
FB15k-237,num_neg_dep_global_rf,0.02,816,0.3272313317710111,0.3452891728541394,0.05518371662455834
FB15k-237,num_neg_dep_global_rf,0.04,1633,0.30209522379701015,0.3155507653077687,0.044540729051048666
FB15k-237,num_neg_dep_global_rf,0.06,2449,0.3025703752826323,0.31408873823230044,0.03806837645261463
FB15k-237,num_neg_dep_global_rf,0.08,3266,0.2803253931003411,0.29038500842178505,0.035885494389882755
FB15k-237,num_neg_dep_global_rf,0.1,4082,0.2897531369441887,0.29928575498044474,0.032899102100462096
FB15k-237,num_neg_dep_global_rf,0.12,4898,0.3041283023905785,0.31354197050139315,0.03095294991232067
FB15k-237,num_neg_dep_global_rf,0.14,5715,0.3218027729748241,0.3308101657102473,0.027990413669082503
FB15k-237,num_neg_dep_global_rf,0.16,6531,0.33260184717387203,0.34132649305034596,0.026231501570443738
FB15k-237,num_neg_dep_global_rf,0.18,7347,0.35307745276741254,0.36158206997090203,0.024087114985198
FB15k-237,num_neg_dep_global_rf,0.2,8164,0.34379434200697917,0.3519845100272513,0.023822870302228072
FB15k-237,num_neg_dep_global_rf,0.22,8980,0.34088913169111984,0.3491268290597087,0.02416532708955077
FB15k-237,num_neg_dep_global_rf,0.24,9797,0.3438143713661755,0.35212237580399447,0.02416421513971745
FB15k-237,num_neg_dep_global_rf,0.26,10613,0.35117532776923127,0.35948865211601033,0.023672859934630752
FB15k-237,num_neg_dep_global_rf,0.28,11429,0.3539759381402086,0.36251792218911394,0.02413153869662721
FB15k-237,num_neg_dep_global_rf,0.3,12246,0.35786630863845087,0.366518389958496,0.024176853509801255
FB15k-237,num_neg_dep_global_rf,0.32,13062,0.3411502502524311,0.34940645160718115,0.024201070785206502
FB15k-237,num_neg_dep_global_rf,0.34,13878,0.3519505556087982,0.3601336801886849,0.023250778978688436
FB15k-237,num_neg_dep_global_rf,0.36,14695,0.34508512110629247,0.3529541940154025,0.022803280778617596
FB15k-237,num_neg_dep_global_rf,0.38,15511,0.3483886020054988,0.3558654530826369,0.021461239070674543
FB15k-237,num_neg_dep_global_rf,0.4,16328,0.3506706523690819,0.35778561067468106,0.02028957444123569
FB15k-237,num_neg_dep_global_rf,0.42,17144,0.3581661031827602,0.3650288194100811,0.01916070830359695
FB15k-237,num_neg_dep_global_rf,0.44,17960,0.35935899115754905,0.36602815024036683,0.018558486769276072
FB15k-237,num_neg_dep_global_rf,0.46,18777,0.3594473143867712,0.36608069279149635,0.018454382990847895
FB15k-237,num_neg_dep_global_rf,0.48,19593,0.3564365164563984,0.3627905958857083,0.017826679186746963
FB15k-237,num_neg_dep_global_rf,0.5,20410,0.3694285801944878,0.3753014584442192,0.015897195194371605
FB15k-237,num_neg_dep_global_rf,0.52,21226,0.3621978889717281,0.36778099110867024,0.015414507668149113
FB15k-237,num_neg_dep_global_rf,0.54,22042,0.35742565166040285,0.36280195217396916,0.015041731024594718
FB15k-237,num_neg_dep_global_rf,0.56,22859,0.3549907835058414,0.36022092543732503,0.014733176675268744
FB15k-237,num_neg_dep_global_rf,0.58,23675,0.34972031162472905,0.3548758669457547,0.014741938485282713
FB15k-237,num_neg_dep_global_rf,0.6,24491,0.3483808100337475,0.3533010554527129,0.01412318152222225
FB15k-237,num_neg_dep_global_rf,0.62,25308,0.35091387715116984,0.3559604139185996,0.014381126242140052
FB15k-237,num_neg_dep_global_rf,0.64,26124,0.34886529824195955,0.35377889831183784,0.014084519425232145
FB15k-237,num_neg_dep_global_rf,0.66,26941,0.3557544699497364,0.36051659181099927,0.013385978992577874
FB15k-237,num_neg_dep_global_rf,0.68,27757,0.35458135946116087,0.35920348451301387,0.013035442863880364
FB15k-237,num_neg_dep_global_rf,0.7,28573,0.35826109389553884,0.36275121831594564,0.012533106432472518
FB15k-237,num_neg_dep_global_rf,0.72,29390,0.35151446526719154,0.35589136062238547,0.012451536956998188
FB15k-237,num_neg_dep_global_rf,0.74,30206,0.34615097159622166,0.35037131983189646,0.012192218372848451
FB15k-237,num_neg_dep_global_rf,0.76,31022,0.3519813781556481,0.35605672752895223,0.01157830961018047
FB15k-237,num_neg_dep_global_rf,0.78,31839,0.35971785609446943,0.3636886305615897,0.011038580375830609
FB15k-237,num_neg_dep_global_rf,0.8,32655,0.3537928174624247,0.35766436816702246,0.010942988420077127
FB15k-237,num_neg_dep_global_rf,0.82,33472,0.3521239397895762,0.35590278181439394,0.010731568058326202
FB15k-237,num_neg_dep_global_rf,0.84,34288,0.35657514827082576,0.3602640598508158,0.010345397310718374
FB15k-237,num_neg_dep_global_rf,0.86,35104,0.36195180195102494,0.3655549639910972,0.009954811719820711
FB15k-237,num_neg_dep_global_rf,0.88,35921,0.36235830894273435,0.3658795193838328,0.009717482266026645
FB15k-237,num_neg_dep_global_rf,0.9,36737,0.35815397897674456,0.3615969765066108,0.00961317682328433
FB15k-237,num_neg_dep_global_rf,0.92,37553,0.36138359594353436,0.3647704694799942,0.009371962575160708
FB15k-237,num_neg_dep_global_rf,0.94,38370,0.3659058090758038,0.36933090344566244,0.009360590307406325
FB15k-237,num_neg_dep_global_rf,0.96,39186,0.36034049318149464,0.36370099748337287,0.0093259135885837
FB15k-237,num_neg_dep_global_rf,0.98,40003,0.3544460585230333,0.3577338771565179,0.009275935094848586
FB15k-237,num_neg_dep_global_rf,1.0,40819,0.35210727177438816,0.3556284813078721,0.010000388562665607
KG20C,num_neg_dep_global_rf,0.02,149,0.07892806240644284,0.08287922577593729,0.050060311238197874
KG20C,num_neg_dep_global_rf,0.04,298,0.11428546080029012,0.12008241097486126,0.05072342653192874
KG20C,num_neg_dep_global_rf,0.06,447,0.11903938042549975,0.12504152141651537,0.050421473713667675
KG20C,num_neg_dep_global_rf,0.08,596,0.11927145349189114,0.1252860217340072,0.050427558867009115
KG20C,num_neg_dep_global_rf,0.1,745,0.1364890052465358,0.1432674042328349,0.04966260083774143
KG20C,num_neg_dep_global_rf,0.12,894,0.13114272781468267,0.13768661403502572,0.049898963742695646
KG20C,num_neg_dep_global_rf,0.14,1043,0.13091666870749621,0.13727417342942222,0.048561461154579266
KG20C,num_neg_dep_global_rf,0.16,1192,0.13074764772859362,0.13708934982831683,0.04850337432369978
KG20C,num_neg_dep_global_rf,0.18,1341,0.1368318837654355,0.1432837599284538,0.04715184784036475
KG20C,num_neg_dep_global_rf,0.2,1490,0.13199528745269037,0.1382327510989361,0.04725519953491775
KG20C,num_neg_dep_global_rf,0.22,1639,0.13668962738432855,0.14314090828198903,0.047196565102350485
KG20C,num_neg_dep_global_rf,0.24,1788,0.1501954474513624,0.15719195218882367,0.046582668490847245
KG20C,num_neg_dep_global_rf,0.26,1936,0.14979545524645987,0.15624294269805045,0.043041943034803465
KG20C,num_neg_dep_global_rf,0.28,2085,0.14985576327782812,0.15584249503143932,0.03994996003264806
KG20C,num_neg_dep_global_rf,0.3,2234,0.15460933968144602,0.1601967773297358,0.03613906934601774
KG20C,num_neg_dep_global_rf,0.32,2383,0.19019872919950725,0.19543680545056868,0.027540017081643997
KG20C,num_neg_dep_global_rf,0.34,2532,0.22355609393792852,0.22848592636536905,0.02205188121066981
KG20C,num_neg_dep_global_rf,0.36,2681,0.22045602827644906,0.2252304441769191,0.021656998621434775
KG20C,num_neg_dep_global_rf,0.38,2830,0.21146415197058122,0.2161151628994221,0.021994323319102893
KG20C,num_neg_dep_global_rf,0.4,2979,0.2024091711448393,0.20691866932960112,0.022279119860309615
KG20C,num_neg_dep_global_rf,0.42,3128,0.1939695016161784,0.1983230081482331,0.02244428374451002
KG20C,num_neg_dep_global_rf,0.44,3277,0.18681664511989202,0.191053711473654,0.0226803470913568
KG20C,num_neg_dep_global_rf,0.46,3426,0.1837605918169595,0.18806160037415634,0.023405500138359292
KG20C,num_neg_dep_global_rf,0.48,3575,0.18441577918464486,0.18894436089282837,0.02455636783471382
KG20C,num_neg_dep_global_rf,0.5,3724,0.1864186742805276,0.19122387012649264,0.025776365294466475
KG20C,num_neg_dep_global_rf,0.52,3873,0.18537959460288866,0.19030002140311014,0.026542440179361693
KG20C,num_neg_dep_global_rf,0.54,4022,0.184881006139944,0.1899392217495931,0.027359303777373167
KG20C,num_neg_dep_global_rf,0.56,4171,0.18375389356513866,0.18894638646966644,0.028257866017337374
KG20C,num_neg_dep_global_rf,0.58,4320,0.18169919102269189,0.18695888735590058,0.02894727435826505
KG20C,num_neg_dep_global_rf,0.6,4469,0.1793914111521637,0.18469188114319599,0.029546955213682446
KG20C,num_neg_dep_global_rf,0.62,4618,0.1798218903411389,0.18530497640417343,0.03049176077858262
KG20C,num_neg_dep_global_rf,0.64,4767,0.18006264535691843,0.18571140204590175,0.03137106354172681
KG20C,num_neg_dep_global_rf,0.66,4916,0.17975650593568687,0.18553028108767425,0.03211997875644679
KG20C,num_neg_dep_global_rf,0.68,5065,0.18120273650766996,0.1872351866933153,0.03329116492338402
KG20C,num_neg_dep_global_rf,0.7,5214,0.1826835855683654,0.18903675881086263,0.03477692438940938
KG20C,num_neg_dep_global_rf,0.72,5363,0.18269513193970785,0.18924849657847875,0.03587049402571729
KG20C,num_neg_dep_global_rf,0.74,5512,0.1836565093893937,0.19046962469349438,0.03709705322589629
KG20C,num_neg_dep_global_rf,0.76,5660,0.1854831782849759,0.19259406860207304,0.038337117052048786
KG20C,num_neg_dep_global_rf,0.78,5809,0.18677199819908397,0.19414824128604885,0.03949330284030261
KG20C,num_neg_dep_global_rf,0.8,5958,0.18576962119742335,0.1932330525413222,0.04017573646213779
KG20C,num_neg_dep_global_rf,0.82,6107,0.1869336254011128,0.1946367916964355,0.04120802920712441
KG20C,num_neg_dep_global_rf,0.84,6256,0.1888048229702124,0.19679277903943065,0.04230800857496386
KG20C,num_neg_dep_global_rf,0.86,6405,0.19120140305132124,0.19950625081771528,0.043435077535309174
KG20C,num_neg_dep_global_rf,0.88,6554,0.19178769151874853,0.20026903735844542,0.044222576394417734
KG20C,num_neg_dep_global_rf,0.9,6703,0.1931264142271037,0.20168399745445223,0.044310786080693276
KG20C,num_neg_dep_global_rf,0.92,6852,0.1963003329959004,0.20465354430777646,0.042553220284402116
KG20C,num_neg_dep_global_rf,0.94,7001,0.19826688602833778,0.20642708334358761,0.04115764098944652
KG20C,num_neg_dep_global_rf,0.96,7150,0.20826491166012456,0.21622002167300275,0.0381970728984844
KG20C,num_neg_dep_global_rf,0.98,7299,0.21707774107146127,0.22483806361371178,0.03574904780170818
KG20C,num_neg_dep_global_rf,1.0,7448,0.2263808023358598,0.2339520411211777,0.03344470338118666
WN18RR,num_neg_dep_global_rf,0.02,121,0.224787299237143,0.24185801715584376,0.07594164784502233
WN18RR,num_neg_dep_global_rf,0.04,242,0.32799638715898644,0.3424367185313601,0.044025885460055925
WN18RR,num_neg_dep_global_rf,0.06,363,0.47227913478119354,0.4830213509134737,0.022745481096167808
WN18RR,num_neg_dep_global_rf,0.08,484,0.41620758771329897,0.4290924640765632,0.03095781226396066
WN18RR,num_neg_dep_global_rf,0.1,606,0.36105276114115625,0.37311063582148757,0.03339643392345426
WN18RR,num_neg_dep_global_rf,0.12,727,0.32948816876431797,0.3405133131003957,0.033461427089857
WN18RR,num_neg_dep_global_rf,0.14,848,0.3691735699238803,0.3772907758073535,0.021987505457519374
WN18RR,num_neg_dep_global_rf,0.16,969,0.3683990610876007,0.3767335000071549,0.022623398916786108
WN18RR,num_neg_dep_global_rf,0.18,1090,0.3653473505494559,0.3735982128721365,0.02258361066604686
WN18RR,num_neg_dep_global_rf,0.2,1211,0.3520189546058163,0.3597620300047412,0.021996188834761732
WN18RR,num_neg_dep_global_rf,0.22,1332,0.3667804163988035,0.37380689389529775,0.019157177380087598
WN18RR,num_neg_dep_global_rf,0.24,1453,0.3586128799560693,0.3654611577556463,0.0190965751158072
WN18RR,num_neg_dep_global_rf,0.26,1574,0.36874459900528095,0.37703111013454127,0.022472223733212227
WN18RR,num_neg_dep_global_rf,0.28,1695,0.4108356316155776,0.41891470119917473,0.019664968084259993
WN18RR,num_neg_dep_global_rf,0.3,1816,0.4469296560896441,0.4544704176227923,0.016872367788535625
WN18RR,num_neg_dep_global_rf,0.32,1938,0.4787138805612223,0.48577993987195345,0.014760506427027309
WN18RR,num_neg_dep_global_rf,0.34,2059,0.507744662112544,0.5143954746157965,0.013098734461492567
WN18RR,num_neg_dep_global_rf,0.36,2180,0.5337973787254703,0.5400790406264783,0.011767877009824401
WN18RR,num_neg_dep_global_rf,0.38,2301,0.5562372710024277,0.5621886064844777,0.010699274917922441
WN18RR,num_neg_dep_global_rf,0.4,2422,0.5769857703262359,0.5826397847540629,0.009799226806980199
WN18RR,num_neg_dep_global_rf,0.42,2543,0.5934397495394168,0.5988247369339104,0.009074193966064792
WN18RR,num_neg_dep_global_rf,0.44,2664,0.6091916778261258,0.6143320768292028,0.008438065046161292
WN18RR,num_neg_dep_global_rf,0.46,2785,0.6242337110867603,0.6291507749805475,0.007876959873293066
WN18RR,num_neg_dep_global_rf,0.48,2906,0.6384129297797967,0.6431252570145513,0.0073813154698791905
WN18RR,num_neg_dep_global_rf,0.5,3028,0.651215884813552,0.6557383494582669,0.006944647313094521
WN18RR,num_neg_dep_global_rf,0.52,3149,0.6626098034278599,0.6669584928353535,0.006562971729359601
WN18RR,num_neg_dep_global_rf,0.54,3270,0.6735993861517451,0.677787160752417,0.006217010714033577
WN18RR,num_neg_dep_global_rf,0.56,3391,0.6838596103342462,0.6878979538742631,0.0059052230589302646
WN18RR,num_neg_dep_global_rf,0.58,3512,0.6938591304945994,0.6977583397611704,0.005619597833628864
WN18RR,num_neg_dep_global_rf,0.6,3633,0.7028864540804247,0.7066557970323094,0.005362662674750274
WN18RR,num_neg_dep_global_rf,0.62,3754,0.7083050455310788,0.7119608211629814,0.005161301130025997
WN18RR,num_neg_dep_global_rf,0.64,3875,0.6895367682554708,0.6931001180561462,0.005167744440504052
WN18RR,num_neg_dep_global_rf,0.66,3996,0.6762096043513558,0.679714052771605,0.005182488384811945
WN18RR,num_neg_dep_global_rf,0.68,4117,0.6598211733244032,0.6632452389869248,0.005189384337683567
WN18RR,num_neg_dep_global_rf,0.7,4238,0.6430830888875522,0.646423021840345,0.005193625847898398
WN18RR,num_neg_dep_global_rf,0.72,4360,0.6268566862508381,0.6301146337568302,0.00519727647076329
WN18RR,num_neg_dep_global_rf,0.74,4481,0.6105684638438764,0.6137425813032927,0.005198626603531764
WN18RR,num_neg_dep_global_rf,0.76,4602,0.5995810190560139,0.6027045485270988,0.0052095202680073616
WN18RR,num_neg_dep_global_rf,0.78,4723,0.5876566311919966,0.5907224333897675,0.005216995835735316
WN18RR,num_neg_dep_global_rf,0.8,4844,0.5744925998450199,0.5774916510699747,0.005220347878743592
WN18RR,num_neg_dep_global_rf,0.82,4965,0.5621154740543318,0.565051970356397,0.0052240090116810745
WN18RR,num_neg_dep_global_rf,0.84,5086,0.5561542458874167,0.5590689684896503,0.005240852917669958
WN18RR,num_neg_dep_global_rf,0.86,5207,0.5569853203719164,0.5599215514381045,0.005271648926451933
WN18RR,num_neg_dep_global_rf,0.88,5328,0.5493821948679601,0.5522844822273755,0.005282820205181338
WN18RR,num_neg_dep_global_rf,0.9,5450,0.5413278075227483,0.5441926589624015,0.005292267272881235
WN18RR,num_neg_dep_global_rf,0.92,5571,0.5321389278911672,0.5349582203423883,0.005298038357001378
WN18RR,num_neg_dep_global_rf,0.94,5692,0.5266520815302853,0.5294492357093007,0.005311199323256632
WN18RR,num_neg_dep_global_rf,0.96,5813,0.5231289887345808,0.525916184914263,0.005327932956696202
WN18RR,num_neg_dep_global_rf,0.98,5934,0.5165087446333015,0.5192653627769216,0.005337021245549467
WN18RR,num_neg_dep_global_rf,1.0,6055,0.5098022893664883,0.5125272756194792,0.0053451824556871586
YAGO3-10,num_neg_dep_global_rf,0.02,200,0.6963105657595685,0.7265276538010724,0.04339599243125325
YAGO3-10,num_neg_dep_global_rf,0.04,399,0.6957514138139952,0.7320628188673171,0.052190199448203245
YAGO3-10,num_neg_dep_global_rf,0.06,598,0.6550006587487027,0.6891009022111578,0.05206138804134852
YAGO3-10,num_neg_dep_global_rf,0.08,798,0.6543506180179398,0.6887479933057289,0.052567193092871944
YAGO3-10,num_neg_dep_global_rf,0.1,998,0.6264292732539185,0.659972565341686,0.05354681449276866
YAGO3-10,num_neg_dep_global_rf,0.12,1197,0.6345319674874302,0.6662457754997366,0.04997984284051782
YAGO3-10,num_neg_dep_global_rf,0.14,1397,0.6422941449505396,0.6718364295109994,0.04599494607371013
YAGO3-10,num_neg_dep_global_rf,0.16,1596,0.644225328485584,0.6731899705468908,0.04496042111445009
YAGO3-10,num_neg_dep_global_rf,0.18,1796,0.6376706896148637,0.666069625256579,0.044535425736546674
YAGO3-10,num_neg_dep_global_rf,0.2,1995,0.6384622929570083,0.6659834778114639,0.04310541931457301
YAGO3-10,num_neg_dep_global_rf,0.22,2194,0.637568594001395,0.6653105312980852,0.04351208255504102
YAGO3-10,num_neg_dep_global_rf,0.24,2394,0.6418864278154807,0.6688760166254903,0.042047296282401225
YAGO3-10,num_neg_dep_global_rf,0.26,2594,0.6465313450077682,0.6727793781651372,0.04059823759519898
YAGO3-10,num_neg_dep_global_rf,0.28,2793,0.6487734195853606,0.6754861017454484,0.04117413160539196
YAGO3-10,num_neg_dep_global_rf,0.3,2992,0.6537026594263723,0.6795525787742148,0.03954384914163578
YAGO3-10,num_neg_dep_global_rf,0.32,3192,0.6590844856714391,0.68456597384521,0.03866194505824505
YAGO3-10,num_neg_dep_global_rf,0.34,3392,0.6595685251037461,0.6848232801292747,0.03828981230048267
YAGO3-10,num_neg_dep_global_rf,0.36,3591,0.661052132953831,0.6863520785668715,0.03827223958871562
YAGO3-10,num_neg_dep_global_rf,0.38,3790,0.6631408869108006,0.6891635507955652,0.03924153132223451
YAGO3-10,num_neg_dep_global_rf,0.4,3990,0.6564674985983745,0.6829150225392108,0.04028763647447042
YAGO3-10,num_neg_dep_global_rf,0.42,4190,0.6572105591271334,0.6838442821516966,0.040525403395734294
YAGO3-10,num_neg_dep_global_rf,0.44,4389,0.6593698136080559,0.6856289085427459,0.039824533050733635
YAGO3-10,num_neg_dep_global_rf,0.46,4588,0.6592250818462093,0.6850589803712832,0.039188282176285005
YAGO3-10,num_neg_dep_global_rf,0.48,4788,0.6627631221833895,0.6882302763561573,0.038425726055592024
YAGO3-10,num_neg_dep_global_rf,0.5,4988,0.6615655597946817,0.6864631710977472,0.03763438246512196
YAGO3-10,num_neg_dep_global_rf,0.52,5187,0.6562471244378925,0.6807325049259734,0.03731121947247207
YAGO3-10,num_neg_dep_global_rf,0.54,5386,0.6484137038702287,0.6726054108492331,0.037309061845253844
YAGO3-10,num_neg_dep_global_rf,0.56,5586,0.6504883644281207,0.6746170127676681,0.03709312826949662
YAGO3-10,num_neg_dep_global_rf,0.58,5786,0.6533994988725713,0.6779801207079171,0.03761959089004385
YAGO3-10,num_neg_dep_global_rf,0.6,5985,0.6560834634759055,0.6804932038721209,0.03720523646015006
YAGO3-10,num_neg_dep_global_rf,0.62,6184,0.6535251172378688,0.6781252846195681,0.037642267654030226
YAGO3-10,num_neg_dep_global_rf,0.64,6384,0.6543611349975598,0.6790553030155788,0.03773782808496273
YAGO3-10,num_neg_dep_global_rf,0.66,6584,0.6519957403396939,0.6759726293100693,0.036774609843130746
YAGO3-10,num_neg_dep_global_rf,0.68,6783,0.6456638255330156,0.6690437715745253,0.03621071077074656
YAGO3-10,num_neg_dep_global_rf,0.7,6982,0.6471696792428341,0.6707118054873237,0.03637705380763978
YAGO3-10,num_neg_dep_global_rf,0.72,7182,0.6416414002424959,0.665123184813283,0.036596429971495814
YAGO3-10,num_neg_dep_global_rf,0.74,7382,0.6336464497455055,0.6565890769460747,0.036207300158919375
YAGO3-10,num_neg_dep_global_rf,0.76,7581,0.6252615566895323,0.6477295939701239,0.035933821678641564
YAGO3-10,num_neg_dep_global_rf,0.78,7780,0.6151452619527906,0.6372842870330354,0.035989914008219825
YAGO3-10,num_neg_dep_global_rf,0.8,7980,0.6222063461779076,0.6440264989175989,0.03506899740532732
YAGO3-10,num_neg_dep_global_rf,0.82,8179,0.6171397997964926,0.6385165989008458,0.034638503482359084
YAGO3-10,num_neg_dep_global_rf,0.84,8379,0.6087434301699433,0.6296169608257491,0.03428953746569152
YAGO3-10,num_neg_dep_global_rf,0.86,8578,0.5988230522909072,0.619202016789634,0.03403169671034445
YAGO3-10,num_neg_dep_global_rf,0.88,8778,0.5875918563797334,0.6074813086936988,0.0338490945679677
YAGO3-10,num_neg_dep_global_rf,0.9,8978,0.5809428942980995,0.6006456801461236,0.03391518519531811
YAGO3-10,num_neg_dep_global_rf,0.92,9177,0.5785285001867129,0.598118474765235,0.03386172776656604
YAGO3-10,num_neg_dep_global_rf,0.94,9376,0.5789186205906032,0.5983594424274779,0.033581268844041556
YAGO3-10,num_neg_dep_global_rf,0.96,9576,0.5764419200999613,0.5957350297004063,0.03346930354596567
YAGO3-10,num_neg_dep_global_rf,0.98,9776,0.5718426004489697,0.5909679079413461,0.033445055470439966
YAGO3-10,num_neg_dep_global_rf,1.0,9975,0.5607274620553473,0.5794717170327173,0.03342845900335045
codex-l,num_neg_dep_global_rf,0.02,1223,0.01379433824191223,0.019635220060310123,0.4234260256611053
codex-l,num_neg_dep_global_rf,0.04,2445,0.06395548107756963,0.07009031982112772,0.09592358059377792
codex-l,num_neg_dep_global_rf,0.06,3668,0.07792432696729759,0.0878442664037092,0.12730221514232243
codex-l,num_neg_dep_global_rf,0.08,4890,0.0870751994165008,0.09496077203018276,0.09056048871003375
codex-l,num_neg_dep_global_rf,0.1,6113,0.1352700173567411,0.13784333406444393,0.01902355568504399
codex-l,num_neg_dep_global_rf,0.12,7335,0.17193338236603598,0.1742813478301553,0.013656251228284733
codex-l,num_neg_dep_global_rf,0.14,8558,0.1922420111682956,0.1923567546463389,0.0005968699419340862
codex-l,num_neg_dep_global_rf,0.16,9781,0.21282676995180494,0.21284754908127695,9.763400288753665e-05
codex-l,num_neg_dep_global_rf,0.18,11003,0.221104020080438,0.2215256818592453,0.0019070742298303855
codex-l,num_neg_dep_global_rf,0.2,12226,0.22357665625289738,0.2239987220469844,0.0018877900813114579
codex-l,num_neg_dep_global_rf,0.22,13448,0.22261390433659614,0.22412230856350754,0.0067758760685077135
codex-l,num_neg_dep_global_rf,0.24,14671,0.2325751568638929,0.23440981838528696,0.007888467307227254
codex-l,num_neg_dep_global_rf,0.26,15894,0.240482773302394,0.24205499598736469,0.0065377767537373455
codex-l,num_neg_dep_global_rf,0.28,17116,0.245476696532956,0.24858773051704405,0.01267343918191588
codex-l,num_neg_dep_global_rf,0.3,18339,0.2459075490712081,0.24937753573876761,0.01411093998807944
codex-l,num_neg_dep_global_rf,0.32,19561,0.2534605408205881,0.2573259385953109,0.015250491308068659
codex-l,num_neg_dep_global_rf,0.34,20784,0.26228362611230843,0.2669351594563168,0.01773474544696363
codex-l,num_neg_dep_global_rf,0.36,22006,0.27214481490969167,0.27717588711242686,0.018486746493423745
codex-l,num_neg_dep_global_rf,0.38,23229,0.2759707176555963,0.28093690726804493,0.01799534984956752
codex-l,num_neg_dep_global_rf,0.4,24452,0.2856967096966706,0.290921167158803,0.01828672604483028
codex-l,num_neg_dep_global_rf,0.42,25674,0.29379456838114076,0.2987539493070136,0.01688043776030268
codex-l,num_neg_dep_global_rf,0.44,26897,0.29401856791606706,0.29896481623535487,0.016822911404356544
codex-l,num_neg_dep_global_rf,0.46,28119,0.2945989903128799,0.2994242771588166,0.016379169666576265
codex-l,num_neg_dep_global_rf,0.48,29342,0.30328703498983145,0.3088131114963221,0.018220615684003683
codex-l,num_neg_dep_global_rf,0.5,30564,0.29842988894889166,0.3038500962612576,0.01816241439976607
codex-l,num_neg_dep_global_rf,0.52,31787,0.2948643295537597,0.30012186014132125,0.017830337754038306
codex-l,num_neg_dep_global_rf,0.54,33010,0.2882132993941019,0.29323948801111155,0.017439127991581094
codex-l,num_neg_dep_global_rf,0.56,34232,0.2805129662938502,0.28530903296312676,0.017097486553446783
codex-l,num_neg_dep_global_rf,0.58,35455,0.2875857586829797,0.29227838412604357,0.01631730814680843
codex-l,num_neg_dep_global_rf,0.6,36677,0.2910762155218082,0.2955523342895233,0.015377823844833438
codex-l,num_neg_dep_global_rf,0.62,37900,0.2987983256576136,0.30327980338523597,0.014998336144485647
codex-l,num_neg_dep_global_rf,0.64,39123,0.3119734069941828,0.3164929468822735,0.01448693954922553
codex-l,num_neg_dep_global_rf,0.66,40345,0.3255058398112921,0.3299099923206876,0.013530179710289358
codex-l,num_neg_dep_global_rf,0.68,41568,0.3239746462149907,0.3282502816063835,0.013197438260509564
codex-l,num_neg_dep_global_rf,0.7,42790,0.3233392652272023,0.32750295721294714,0.012877161648830793
codex-l,num_neg_dep_global_rf,0.72,44013,0.3194649327016825,0.3236325194319874,0.013045521757458767
codex-l,num_neg_dep_global_rf,0.74,45235,0.321235766711334,0.3255292587159192,0.0133655478296828
codex-l,num_neg_dep_global_rf,0.76,46458,0.3166234346114198,0.3208086682940248,0.013218332015573653
codex-l,num_neg_dep_global_rf,0.78,47681,0.31570055458379986,0.3197876458003731,0.012946100845345088
codex-l,num_neg_dep_global_rf,0.8,48903,0.3152171694840112,0.31920068174088806,0.012637358121696307
codex-l,num_neg_dep_global_rf,0.82,50126,0.30841936023379996,0.31231177050447084,0.012620512109616566
codex-l,num_neg_dep_global_rf,0.84,51348,0.3068530220736516,0.3106921708871414,0.012511360610189204
codex-l,num_neg_dep_global_rf,0.86,52571,0.30579877025042596,0.30960306494697604,0.012440516662099999
codex-l,num_neg_dep_global_rf,0.88,53794,0.3080679216135594,0.31252798116246255,0.01447752017004178
codex-l,num_neg_dep_global_rf,0.9,55016,0.3116538478390504,0.3160786959821932,0.014197957682293483
codex-l,num_neg_dep_global_rf,0.92,56239,0.306667244593107,0.31102880354213414,0.014222448030972945
codex-l,num_neg_dep_global_rf,0.94,57461,0.30137060912668845,0.3056619450918786,0.014239397722377811
codex-l,num_neg_dep_global_rf,0.96,58684,0.30751797792679464,0.31194845631219925,0.01440721747480822
codex-l,num_neg_dep_global_rf,0.98,59906,0.31857421706390454,0.32323303642686674,0.014623968649753127
codex-l,num_neg_dep_global_rf,1.0,61129,0.3293206066178304,0.3342010881088535,0.014819848478801134
codex-m,num_neg_dep_global_rf,0.02,412,0.15746235001205808,0.15965243207457983,0.01390860775514935
codex-m,num_neg_dep_global_rf,0.04,824,0.2381484230282295,0.24182790256897135,0.015450362819768415
codex-m,num_neg_dep_global_rf,0.06,1236,0.3072857630273995,0.30845412517050175,0.0038022006994122837
codex-m,num_neg_dep_global_rf,0.08,1648,0.32245038490423633,0.3236157441051599,0.0036140729100686553
codex-m,num_neg_dep_global_rf,0.1,2059,0.3329839907497073,0.3338308976408915,0.0025433862128849682
codex-m,num_neg_dep_global_rf,0.12,2471,0.3436643390648443,0.3442433037242732,0.0016846806421764171
codex-m,num_neg_dep_global_rf,0.14,2883,0.3617814694059138,0.3621922034641418,0.0011353098291697616
codex-m,num_neg_dep_global_rf,0.16,3295,0.34978088968387,0.3504241991761276,0.0018391785006866002
codex-m,num_neg_dep_global_rf,0.18,3707,0.37262198033935345,0.3732384290035312,0.0016543540013831404
codex-m,num_neg_dep_global_rf,0.2,4119,0.3570424065894081,0.3577542867826954,0.001993825327605725
codex-m,num_neg_dep_global_rf,0.22,4531,0.36525522713690817,0.3661475930632766,0.002443129789991838
codex-m,num_neg_dep_global_rf,0.24,4943,0.372861915181345,0.37348982855396473,0.0016840372992086294
codex-m,num_neg_dep_global_rf,0.26,5354,0.3677644165945507,0.36882884025319446,0.0028943084502306426
codex-m,num_neg_dep_global_rf,0.28,5766,0.36140876426323204,0.3630218760929264,0.00446339986519928
codex-m,num_neg_dep_global_rf,0.3,6178,0.36194073840302077,0.3639141158863175,0.005452211574756172
codex-m,num_neg_dep_global_rf,0.32,6590,0.34830448519522017,0.35022364797379163,0.005510014542292829
codex-m,num_neg_dep_global_rf,0.34,7002,0.34246470636442783,0.34449127692150794,0.005917604119250575
codex-m,num_neg_dep_global_rf,0.36,7414,0.34642583090525503,0.348064944558431,0.0047314995215361755
codex-m,num_neg_dep_global_rf,0.38,7826,0.34614636789935765,0.34772597462309224,0.004563406900152334
codex-m,num_neg_dep_global_rf,0.4,8238,0.3629371480297781,0.36496327739066253,0.005582590186436809
codex-m,num_neg_dep_global_rf,0.42,8649,0.3733248533386765,0.37568203797271527,0.006314030831213735
codex-m,num_neg_dep_global_rf,0.44,9061,0.3666999012989388,0.3690944346862439,0.006529953727347992
codex-m,num_neg_dep_global_rf,0.46,9473,0.36268813160594826,0.3651814801641539,0.006874635095351245
codex-m,num_neg_dep_global_rf,0.48,9885,0.35672583828762566,0.3593655450007165,0.0073998192162421095
codex-m,num_neg_dep_global_rf,0.5,10297,0.3486172841137266,0.35137445201297907,0.007908867474146763
codex-m,num_neg_dep_global_rf,0.52,10709,0.35659038646503094,0.36001534831512905,0.009604750941411
codex-m,num_neg_dep_global_rf,0.54,11121,0.3733786181501201,0.3777622660701579,0.011740489966341139
codex-m,num_neg_dep_global_rf,0.56,11533,0.371871227032954,0.37647141089440106,0.012370367823696604
codex-m,num_neg_dep_global_rf,0.58,11945,0.360393080774078,0.3648401244745516,0.012339425859458686
codex-m,num_neg_dep_global_rf,0.6,12356,0.34962656906138,0.3539306963743283,0.012310641392338395
codex-m,num_neg_dep_global_rf,0.62,12768,0.3393757469841326,0.3435452142725302,0.012285696091867582
codex-m,num_neg_dep_global_rf,0.64,13180,0.32958393066597436,0.3336264112229587,0.01226540550328381
codex-m,num_neg_dep_global_rf,0.66,13592,0.3207213670257148,0.32464593513619694,0.012236690516997717
codex-m,num_neg_dep_global_rf,0.68,14004,0.31171070366377246,0.3155215525676841,0.012225595268689382
codex-m,num_neg_dep_global_rf,0.7,14416,0.30420621659151065,0.3079139092688023,0.01218808977290009
codex-m,num_neg_dep_global_rf,0.72,14828,0.2974759868885752,0.3010877201620001,0.012141259908746038
codex-m,num_neg_dep_global_rf,0.74,15240,0.30103469035559144,0.30459633793322033,0.01183135263720514
codex-m,num_neg_dep_global_rf,0.76,15651,0.30675744722575327,0.3102814296886325,0.011487846488322795
codex-m,num_neg_dep_global_rf,0.78,16063,0.31291436955474367,0.31640545730496394,0.011156687227844131
codex-m,num_neg_dep_global_rf,0.8,16475,0.32008187319117687,0.32354711642681344,0.010826115209488618
codex-m,num_neg_dep_global_rf,0.82,16887,0.3257881105028518,0.32922421385803224,0.010547049583475854
codex-m,num_neg_dep_global_rf,0.84,17299,0.33225154999876594,0.33566411965503884,0.010271042095320704
codex-m,num_neg_dep_global_rf,0.86,17711,0.33879869257512213,0.34219039924217715,0.010010979207964343
codex-m,num_neg_dep_global_rf,0.88,18123,0.3431112940735904,0.3464751466264087,0.009803969181197525
codex-m,num_neg_dep_global_rf,0.9,18535,0.34671982134782187,0.3500549295666038,0.009619029583648242
codex-m,num_neg_dep_global_rf,0.92,18946,0.34290596375845955,0.3461550716417069,0.009475215442843687
codex-m,num_neg_dep_global_rf,0.94,19358,0.34670527190197803,0.3498443687901953,0.009054078903953933
codex-m,num_neg_dep_global_rf,0.96,19770,0.3512331726965878,0.35426749157753196,0.008639044135974272
codex-m,num_neg_dep_global_rf,0.98,20182,0.34690669190696516,0.3498905041316268,0.008601195348119317
codex-m,num_neg_dep_global_rf,1.0,20594,0.3418371108917016,0.34476875252136285,0.00857613622468878
hetionet,num_neg_dep_global_rf,0.02,9001,0.6024346863384641,0.6504608985497258,0.07972019755894211
hetionet,num_neg_dep_global_rf,0.04,18002,0.6146869021231391,0.6648044834910932,0.08153351111736251
hetionet,num_neg_dep_global_rf,0.06,27002,0.6207912199035326,0.6721263619582171,0.08269308651411289
hetionet,num_neg_dep_global_rf,0.08,36003,0.6192335407121567,0.6697630209198121,0.08160003760381485
hetionet,num_neg_dep_global_rf,0.1,45004,0.6160939022600126,0.6656614806976452,0.08045458371817049
hetionet,num_neg_dep_global_rf,0.12,54005,0.613378707195174,0.661748794373306,0.0788584386949398
hetionet,num_neg_dep_global_rf,0.14,63006,0.6118011437232744,0.6595952626841235,0.07812034915460542
hetionet,num_neg_dep_global_rf,0.16,72006,0.6137029615813506,0.6620988893167469,0.07885887923808066
hetionet,num_neg_dep_global_rf,0.18,81007,0.6139834716469966,0.6617689551580018,0.0778286154557577
hetionet,num_neg_dep_global_rf,0.2,90008,0.6153933397034174,0.6629280298600628,0.07724277643231292
hetionet,num_neg_dep_global_rf,0.22,99009,0.6110794723972063,0.6581394440952641,0.07701121347350459
hetionet,num_neg_dep_global_rf,0.24,108010,0.6055129245647971,0.6519433618734898,0.07667951487916436
hetionet,num_neg_dep_global_rf,0.26,117010,0.5999782744259861,0.6459182973428165,0.07656947738779762
hetionet,num_neg_dep_global_rf,0.28,126011,0.5958319754084478,0.6414057321956387,0.0764875982963984
hetionet,num_neg_dep_global_rf,0.3,135012,0.5908786229358245,0.6361432307804356,0.07660559391996702
hetionet,num_neg_dep_global_rf,0.32,144013,0.5878032561728773,0.6323708976079266,0.07582067803643078
hetionet,num_neg_dep_global_rf,0.34,153014,0.5780344523390909,0.6221399901739281,0.07630261078099831
hetionet,num_neg_dep_global_rf,0.36,162014,0.574245759855419,0.6176697394499896,0.07561915582189704
hetionet,num_neg_dep_global_rf,0.38,171015,0.5670350126652315,0.6101120037895632,0.07596883818841649
hetionet,num_neg_dep_global_rf,0.4,180016,0.5648356519226341,0.6073728105196408,0.07530891233974901
hetionet,num_neg_dep_global_rf,0.42,189017,0.5536308679753608,0.5950099711543312,0.07474132237296427
hetionet,num_neg_dep_global_rf,0.44,198018,0.5418303623925935,0.5824599695698511,0.07498584427392907
hetionet,num_neg_dep_global_rf,0.46,207018,0.5193105427006978,0.5581816419806831,0.07485135787506736
hetionet,num_neg_dep_global_rf,0.48,216019,0.49865148728026615,0.5359103346764696,0.07471921441449991
hetionet,num_neg_dep_global_rf,0.5,225020,0.4799079297454235,0.515685497405862,0.07455089912645829
hetionet,num_neg_dep_global_rf,0.52,234021,0.4633978734643483,0.49781410191788733,0.0742692843975401
hetionet,num_neg_dep_global_rf,0.54,243022,0.4483114393578616,0.4814686895523124,0.0739603036718035
hetionet,num_neg_dep_global_rf,0.56,252022,0.4391898949223692,0.4711122061477554,0.07268453030101885
hetionet,num_neg_dep_global_rf,0.58,261023,0.4479541253401751,0.478516357835838,0.06822625524980719
hetionet,num_neg_dep_global_rf,0.6,270024,0.45576014654135066,0.48505702918590793,0.0642813612969102
hetionet,num_neg_dep_global_rf,0.62,279025,0.46388775790176046,0.49199197879870865,0.06058409694635647
hetionet,num_neg_dep_global_rf,0.64,288026,0.46998464663101774,0.496987262153,0.057454250294226794
hetionet,num_neg_dep_global_rf,0.66,297026,0.47623179924038594,0.5021940426911405,0.05451598043676564
hetionet,num_neg_dep_global_rf,0.68,306027,0.47682607268402444,0.5018663568626469,0.05251450290390425
hetionet,num_neg_dep_global_rf,0.7,315028,0.4643204651482233,0.4886331692567015,0.05236190504917104
hetionet,num_neg_dep_global_rf,0.72,324029,0.4525475919220888,0.4761727262517035,0.05220475095066246
hetionet,num_neg_dep_global_rf,0.74,333030,0.4413604455228511,0.4643357261551522,0.052055595070563676
hetionet,num_neg_dep_global_rf,0.76,342030,0.43069480926368625,0.4530552485875728,0.051917132138448174
hetionet,num_neg_dep_global_rf,0.78,351031,0.4202842135653242,0.4420644293738567,0.05182258839504872
hetionet,num_neg_dep_global_rf,0.8,360032,0.4118985098760421,0.43315908083672766,0.05161604242531448
hetionet,num_neg_dep_global_rf,0.82,369033,0.4048480278916274,0.4256648372609002,0.0514188236946167
hetionet,num_neg_dep_global_rf,0.84,378034,0.40437153778218166,0.4246891909280322,0.05024501293361272
hetionet,num_neg_dep_global_rf,0.86,387034,0.4017456640416563,0.4215482377270293,0.04929131900554817
hetionet,num_neg_dep_global_rf,0.88,396035,0.3933836160426043,0.4127481124509914,0.04922547767289287
hetionet,num_neg_dep_global_rf,0.9,405036,0.3870880282424137,0.4060643239858767,0.04902320495321333
hetionet,num_neg_dep_global_rf,0.92,414037,0.38443845199247734,0.4029369048184578,0.04811811287374135
hetionet,num_neg_dep_global_rf,0.94,423038,0.3813807022545505,0.39942754677223324,0.047319763194618725
hetionet,num_neg_dep_global_rf,0.96,432038,0.37897423496016686,0.3965845403022677,0.04646834459327254
hetionet,num_neg_dep_global_rf,0.98,441039,0.37477449594722423,0.3920782683486743,0.04617115782576309
hetionet,num_neg_dep_global_rf,1.0,450040,0.37318845788011507,0.390256268691026,0.045735098314305
FB15k-237,effective_candidates_global_rf,0.02,816,0.20877795936105262,0.22801381098476736,0.09213545185796645
FB15k-237,effective_candidates_global_rf,0.04,1633,0.16929506957942275,0.17843264670552184,0.05397426604802735
FB15k-237,effective_candidates_global_rf,0.06,2449,0.16881292017599708,0.175750926792406,0.04109878917547105
FB15k-237,effective_candidates_global_rf,0.08,3266,0.17491508898134261,0.17994225544333564,0.028740610608666506
FB15k-237,effective_candidates_global_rf,0.1,4082,0.16481280313401317,0.16897148489833214,0.02523275913787737
FB15k-237,effective_candidates_global_rf,0.12,4898,0.15669904081333438,0.16048953941366276,0.02418967327849675
FB15k-237,effective_candidates_global_rf,0.14,5715,0.15943136156838406,0.16282763166008515,0.021302396581768912
FB15k-237,effective_candidates_global_rf,0.16,6531,0.1578781241471663,0.16118682082292224,0.020957283940565175
FB15k-237,effective_candidates_global_rf,0.18,7347,0.15971061773909684,0.16289873304584526,0.019961824403913697
FB15k-237,effective_candidates_global_rf,0.2,8164,0.16572586456836755,0.1692677014716945,0.021371660437866202
FB15k-237,effective_candidates_global_rf,0.22,8980,0.17512082491344771,0.1787453747578061,0.020697423314159247
FB15k-237,effective_candidates_global_rf,0.24,9797,0.18681269734179784,0.19035486106472116,0.018961043726286375
FB15k-237,effective_candidates_global_rf,0.26,10613,0.20820562335141987,0.21279239974624603,0.022030031278666984
FB15k-237,effective_candidates_global_rf,0.28,11429,0.2233010039362222,0.22842196618255953,0.022933001446782342
FB15k-237,effective_candidates_global_rf,0.3,12246,0.2350019132065664,0.2406222862564116,0.023916286353400373
FB15k-237,effective_candidates_global_rf,0.32,13062,0.23550507533817053,0.2410999932409827,0.023757101178300433
FB15k-237,effective_candidates_global_rf,0.34,13878,0.23939422189965714,0.2451414118874436,0.024007220985456268
FB15k-237,effective_candidates_global_rf,0.36,14695,0.24253328277802333,0.24844740019461492,0.024384766283827686
FB15k-237,effective_candidates_global_rf,0.38,15511,0.24444801239870323,0.2502094398664883,0.02356913198536459
FB15k-237,effective_candidates_global_rf,0.4,16328,0.24606658517770452,0.2517574492161618,0.023127333743211853
FB15k-237,effective_candidates_global_rf,0.42,17144,0.24825767227753395,0.25371002163908646,0.021962460662473315
FB15k-237,effective_candidates_global_rf,0.44,17960,0.2489046841205978,0.25430831512707186,0.021709639678198833
FB15k-237,effective_candidates_global_rf,0.46,18777,0.24989072825752562,0.2552261720299941,0.021351107380702894
FB15k-237,effective_candidates_global_rf,0.48,19593,0.24846481271009702,0.2536204032161851,0.020749781225978037
FB15k-237,effective_candidates_global_rf,0.5,20410,0.2484625879246434,0.25345627265233717,0.020098336612384804
FB15k-237,effective_candidates_global_rf,0.52,21226,0.24962374074294508,0.2544645952613145,0.019392604661566892
FB15k-237,effective_candidates_global_rf,0.54,22042,0.2519133335581262,0.25658043679172665,0.018526622500208312
FB15k-237,effective_candidates_global_rf,0.56,22859,0.25697958270549837,0.2616604786926828,0.018215050152637025
FB15k-237,effective_candidates_global_rf,0.58,23675,0.2633012946668798,0.26797795003287594,0.01776161173803903
FB15k-237,effective_candidates_global_rf,0.6,24491,0.2687118838187971,0.2734398871235341,0.017595065903096785
FB15k-237,effective_candidates_global_rf,0.62,25308,0.2736305068427947,0.278311427758117,0.017106721649321033
FB15k-237,effective_candidates_global_rf,0.64,26124,0.27595879219656955,0.28062467332819785,0.016907890828514516
FB15k-237,effective_candidates_global_rf,0.66,26941,0.2786811377405718,0.2832930312772073,0.01654899780454011
FB15k-237,effective_candidates_global_rf,0.68,27757,0.28421878783964,0.2886739572102132,0.01567514028343142
FB15k-237,effective_candidates_global_rf,0.7,28573,0.28556554100303305,0.28983743635457543,0.014959421702414044
FB15k-237,effective_candidates_global_rf,0.72,29390,0.2847805507934458,0.2889883308831308,0.01477551777311148
FB15k-237,effective_candidates_global_rf,0.74,30206,0.2888514535855423,0.29303139559846864,0.014470905238801013
FB15k-237,effective_candidates_global_rf,0.76,31022,0.2903773867152103,0.29457164414109643,0.014444159971725545
FB15k-237,effective_candidates_global_rf,0.78,31839,0.2945417263518624,0.298733465602691,0.01423139363901571
FB15k-237,effective_candidates_global_rf,0.8,32655,0.29271585667789835,0.296831721391875,0.014060955770174521
FB15k-237,effective_candidates_global_rf,0.82,33472,0.2935644546127222,0.297617774742739,0.013807257882648027
FB15k-237,effective_candidates_global_rf,0.84,34288,0.29984768322911604,0.30390700062196285,0.013537931489519206
FB15k-237,effective_candidates_global_rf,0.86,35104,0.3040615760035886,0.3081314948525359,0.013385179746944642
FB15k-237,effective_candidates_global_rf,0.88,35921,0.31233432812505,0.31640277818709167,0.013025945903752056
FB15k-237,effective_candidates_global_rf,0.9,36737,0.3188974401006484,0.3229690791837216,0.012767863805329016
FB15k-237,effective_candidates_global_rf,0.92,37553,0.3308803197773164,0.3349124732609799,0.012186138741576258
FB15k-237,effective_candidates_global_rf,0.94,38370,0.33744857158084485,0.3413886230130922,0.011676005661512834
FB15k-237,effective_candidates_global_rf,0.96,39186,0.3500521927374769,0.35385384582443374,0.01086024645989836
FB15k-237,effective_candidates_global_rf,0.98,40003,0.3518545818772721,0.3555186330901917,0.010413538437869851
FB15k-237,effective_candidates_global_rf,1.0,40819,0.35210727177438816,0.35562848130787217,0.010000388562665607
KG20C,effective_candidates_global_rf,0.02,149,0.1159458049694024,0.11684089867371539,0.007719931778033651
KG20C,effective_candidates_global_rf,0.04,298,0.1178342912034008,0.1189466870799132,0.009440340881689657
KG20C,effective_candidates_global_rf,0.06,447,0.11004179687249914,0.11119417712573113,0.01047220498014223
KG20C,effective_candidates_global_rf,0.08,596,0.11258330599405324,0.11444948374043877,0.01657597216486173
KG20C,effective_candidates_global_rf,0.1,745,0.10343366515514389,0.1053140356299252,0.018179482202055564
KG20C,effective_candidates_global_rf,0.12,894,0.10154826858310674,0.10369989568153021,0.021188220424089188
KG20C,effective_candidates_global_rf,0.14,1043,0.10494450772643606,0.10770014954417305,0.026258085129335695
KG20C,effective_candidates_global_rf,0.16,1192,0.11695820658605327,0.12053149035238758,0.030551800259567274
KG20C,effective_candidates_global_rf,0.18,1341,0.1260253318999126,0.13026578467683042,0.03364762237075891
KG20C,effective_candidates_global_rf,0.2,1490,0.1270601921794821,0.13146069306960292,0.034633198759095096
KG20C,effective_candidates_global_rf,0.22,1639,0.13776092590285288,0.1425797483421242,0.03497960258099231
KG20C,effective_candidates_global_rf,0.24,1788,0.14242653619784837,0.14751953536182516,0.03575877992919785
KG20C,effective_candidates_global_rf,0.26,1936,0.14703496112835462,0.1524668038746487,0.036942525128784265
KG20C,effective_candidates_global_rf,0.28,2085,0.1465956057325123,0.15211476975526397,0.03764890492572004
KG20C,effective_candidates_global_rf,0.3,2234,0.1482109850397384,0.1539103546862261,0.038454434703065976
KG20C,effective_candidates_global_rf,0.32,2383,0.15277641178827303,0.15881150003637257,0.03950274900069872
KG20C,effective_candidates_global_rf,0.34,2532,0.15444048989060524,0.1606761899629702,0.040376070270055964
KG20C,effective_candidates_global_rf,0.36,2681,0.1506670789665335,0.15681450728070526,0.04080140370636132
KG20C,effective_candidates_global_rf,0.38,2830,0.15381358239058932,0.1602682694546761,0.041964350376392234
KG20C,effective_candidates_global_rf,0.4,2979,0.15602753109201062,0.16256932485058512,0.041927176010474465
KG20C,effective_candidates_global_rf,0.42,3128,0.15929811651893347,0.16602242186746827,0.04221208320272618
KG20C,effective_candidates_global_rf,0.44,3277,0.16326795354486093,0.17014836397059188,0.04214183050833942
KG20C,effective_candidates_global_rf,0.46,3426,0.16583171655411977,0.17291796620232916,0.04273157026567209
KG20C,effective_candidates_global_rf,0.48,3575,0.16529216789453371,0.1724132863552815,0.043082007765131936
KG20C,effective_candidates_global_rf,0.5,3724,0.16737065936285583,0.17452902567116993,0.042769541182214654
KG20C,effective_candidates_global_rf,0.52,3873,0.16880648891446318,0.17605236549949804,0.04292415908671887
KG20C,effective_candidates_global_rf,0.54,4022,0.1693230866581023,0.1766867611347736,0.04348889818870383
KG20C,effective_candidates_global_rf,0.56,4171,0.17512149490943202,0.18246407792519725,0.04192850808841375
KG20C,effective_candidates_global_rf,0.58,4320,0.17603329846155422,0.1836035066426952,0.043004410229774415
KG20C,effective_candidates_global_rf,0.6,4469,0.17898141708028717,0.18655205540377529,0.04229846006913718
KG20C,effective_candidates_global_rf,0.62,4618,0.18189507165178928,0.18954776237799154,0.04207200699121838
KG20C,effective_candidates_global_rf,0.64,4767,0.18657966507607648,0.1942389856525167,0.04105120766144155
KG20C,effective_candidates_global_rf,0.66,4916,0.19078623225693822,0.19840366128863976,0.03992651325826757
KG20C,effective_candidates_global_rf,0.68,5065,0.19181964413983013,0.1995449911921576,0.04027401409782594
KG20C,effective_candidates_global_rf,0.7,5214,0.19366102357533344,0.20147512394612324,0.040349370392283035
KG20C,effective_candidates_global_rf,0.72,5363,0.1952867760850565,0.2032059009919222,0.04055126038547807
KG20C,effective_candidates_global_rf,0.74,5512,0.19414368820664238,0.20203083216241058,0.04062529165188877
KG20C,effective_candidates_global_rf,0.76,5660,0.19520868712491274,0.2032071228383195,0.04097376930919361
KG20C,effective_candidates_global_rf,0.78,5809,0.19504712147406683,0.20305163310028418,0.041038860587756076
KG20C,effective_candidates_global_rf,0.8,5958,0.19582951867967974,0.20388110103385648,0.04111526397277632
KG20C,effective_candidates_global_rf,0.82,6107,0.1968657701575752,0.20485951186396117,0.04060503611159838
KG20C,effective_candidates_global_rf,0.84,6256,0.19648954595262919,0.20450378916629125,0.04078712266755491
KG20C,effective_candidates_global_rf,0.86,6405,0.1954266650258395,0.2034207143622904,0.04090562224655425
KG20C,effective_candidates_global_rf,0.88,6554,0.19304436524440768,0.20091436001841417,0.0407678036291943
KG20C,effective_candidates_global_rf,0.9,6703,0.1928958741311179,0.20088265851924206,0.04140464084107509
KG20C,effective_candidates_global_rf,0.92,6852,0.1930301478168992,0.20113600843048884,0.04199271826325557
KG20C,effective_candidates_global_rf,0.94,7001,0.1963104262537724,0.20436344371337967,0.04102185305836503
KG20C,effective_candidates_global_rf,0.96,7150,0.20627422871485254,0.21416115320942736,0.03823514233315817
KG20C,effective_candidates_global_rf,0.98,7299,0.21563309618818371,0.22335889148661478,0.03582843002768343
KG20C,effective_candidates_global_rf,1.0,7448,0.2263808023358598,0.2339520411211777,0.03344470338118666
WN18RR,effective_candidates_global_rf,0.02,121,0.24631820837958351,0.2488556801594431,0.010301600505104647
WN18RR,effective_candidates_global_rf,0.04,242,0.32988387807769176,0.33501429769918983,0.015552198705175213
WN18RR,effective_candidates_global_rf,0.06,363,0.36159636292423486,0.36686869452617027,0.014580709715379836
WN18RR,effective_candidates_global_rf,0.08,484,0.432333459094955,0.4388187948128492,0.01500077216200335
WN18RR,effective_candidates_global_rf,0.1,606,0.456424674638707,0.46399584731166166,0.016588000372564915
WN18RR,effective_candidates_global_rf,0.12,727,0.46316775642821867,0.47053776975722617,0.01591218997160415
WN18RR,effective_candidates_global_rf,0.14,848,0.46689516343115656,0.4742011158106083,0.015647950443009817
WN18RR,effective_candidates_global_rf,0.16,969,0.4707377100469189,0.4782428646174584,0.015943389302275124
WN18RR,effective_candidates_global_rf,0.18,1090,0.47391373379483953,0.48101582609611304,0.014986044494646578
WN18RR,effective_candidates_global_rf,0.2,1211,0.4833284284291167,0.49006189938610933,0.013931460598908485
WN18RR,effective_candidates_global_rf,0.22,1332,0.4973131223206765,0.5036364385295063,0.01271495949940471
WN18RR,effective_candidates_global_rf,0.24,1453,0.5154815263974888,0.5214769576320035,0.011630739274818724
WN18RR,effective_candidates_global_rf,0.26,1574,0.5417883724104766,0.5473822305809061,0.01032480292174176
WN18RR,effective_candidates_global_rf,0.28,1695,0.5703920390479726,0.5759632663587172,0.009767365126700067
WN18RR,effective_candidates_global_rf,0.3,1816,0.5910391609415422,0.5965102250788238,0.009256686356562405
WN18RR,effective_candidates_global_rf,0.32,1938,0.6084650841552933,0.6136732098445747,0.008559448725824037
WN18RR,effective_candidates_global_rf,0.34,2059,0.6248331020172978,0.6299365058629602,0.008167627209867634
WN18RR,effective_candidates_global_rf,0.36,2180,0.6438432424873483,0.6487553034225289,0.007629280873095556
WN18RR,effective_candidates_global_rf,0.38,2301,0.6543168823281335,0.6590088815283583,0.007170836221633614
WN18RR,effective_candidates_global_rf,0.4,2422,0.6679286453855509,0.672514832061364,0.00686628236039466
WN18RR,effective_candidates_global_rf,0.42,2543,0.6721880436376593,0.6767981328007124,0.006858332585186755
WN18RR,effective_candidates_global_rf,0.44,2664,0.6676359830113756,0.6721292848902735,0.0067301673265582895
WN18RR,effective_candidates_global_rf,0.46,2785,0.6705603494427989,0.6749442254113673,0.00653763076240832
WN18RR,effective_candidates_global_rf,0.48,2906,0.6833776650133024,0.6875048410711135,0.0060393780322491875
WN18RR,effective_candidates_global_rf,0.5,3028,0.6861086615226714,0.6901007785835438,0.005818490983648061
WN18RR,effective_candidates_global_rf,0.52,3149,0.6943256062829322,0.698166966984277,0.005532506170857765
WN18RR,effective_candidates_global_rf,0.54,3270,0.7006768763253404,0.7045867478470277,0.005580134943502735
WN18RR,effective_candidates_global_rf,0.56,3391,0.7089584908381742,0.7127990195078028,0.005417141792163349
WN18RR,effective_candidates_global_rf,0.58,3512,0.6981533113637682,0.7019052830532,0.005374137210783614
WN18RR,effective_candidates_global_rf,0.6,3633,0.6813480181030093,0.6850329698621781,0.005408325351012877
WN18RR,effective_candidates_global_rf,0.62,3754,0.6639533071216217,0.6675491126585236,0.0054157506233238895
WN18RR,effective_candidates_global_rf,0.64,3875,0.6527971788101593,0.6563401638392935,0.005427390227990658
WN18RR,effective_candidates_global_rf,0.66,3996,0.6376108631923979,0.6410797074960499,0.00544037829952293
WN18RR,effective_candidates_global_rf,0.68,4117,0.623125047219968,0.6265236257925002,0.00545408756668464
WN18RR,effective_candidates_global_rf,0.7,4238,0.6115682069024657,0.6150383676783331,0.0056742007460515165
WN18RR,effective_candidates_global_rf,0.72,4360,0.5969463650108148,0.6004022900111138,0.005789339215151124
WN18RR,effective_candidates_global_rf,0.74,4481,0.5823063451767324,0.5856785474750341,0.005791113777539714
WN18RR,effective_candidates_global_rf,0.76,4602,0.569638200413148,0.5729388811927562,0.005794345915028476
WN18RR,effective_candidates_global_rf,0.78,4723,0.5574599869264926,0.5606917781936938,0.005797351097823977
WN18RR,effective_candidates_global_rf,0.8,4844,0.54620672389095,0.5493751209701424,0.005800728809455258
WN18RR,effective_candidates_global_rf,0.82,4965,0.5346755298013709,0.5377782608247315,0.005803016690352658
WN18RR,effective_candidates_global_rf,0.84,5086,0.5260304719720621,0.5290919825981398,0.005820025244165583
WN18RR,effective_candidates_global_rf,0.86,5207,0.5174011848564222,0.520451242108758,0.005894956064281587
WN18RR,effective_candidates_global_rf,0.88,5328,0.5140974801198321,0.5171590504135536,0.005955233028973161
WN18RR,effective_candidates_global_rf,0.9,5450,0.5103767069340163,0.5134719764244366,0.006064676244757594
WN18RR,effective_candidates_global_rf,0.92,5571,0.5043743485685622,0.5074091141431687,0.006016891190480322
WN18RR,effective_candidates_global_rf,0.94,5692,0.49965562573789574,0.5024693625471208,0.00563135220396993
WN18RR,effective_candidates_global_rf,0.96,5813,0.5079141613754385,0.5106775547538421,0.005440670074881027
WN18RR,effective_candidates_global_rf,0.98,5934,0.5071467427073628,0.5098647764635957,0.005359462118839531
WN18RR,effective_candidates_global_rf,1.0,6055,0.5098022893664883,0.5125272756194793,0.005345182455687381
YAGO3-10,effective_candidates_global_rf,0.02,200,0.3432442228183907,0.41704078150174995,0.21499723455623831
YAGO3-10,effective_candidates_global_rf,0.04,399,0.46337518932857846,0.5307799326572803,0.14546472249921272
YAGO3-10,effective_candidates_global_rf,0.06,598,0.503093652920974,0.5615679661246388,0.11622947907245806
YAGO3-10,effective_candidates_global_rf,0.08,798,0.5338210108219906,0.5883571496837382,0.10216184405662765
YAGO3-10,effective_candidates_global_rf,0.1,998,0.5393624072955733,0.5919772365954289,0.09755004907307607
YAGO3-10,effective_candidates_global_rf,0.12,1197,0.5526024079952966,0.6025375756668826,0.09036364472738789
YAGO3-10,effective_candidates_global_rf,0.14,1397,0.5749240904768437,0.6206809657902719,0.07958768135020633
YAGO3-10,effective_candidates_global_rf,0.16,1596,0.5876588301202518,0.631130946480873,0.07397509257493096
YAGO3-10,effective_candidates_global_rf,0.18,1796,0.5833171950172128,0.6261463805428975,0.07342349221236466
YAGO3-10,effective_candidates_global_rf,0.2,1995,0.5838667448660675,0.6254992247206178,0.07130476297995081
YAGO3-10,effective_candidates_global_rf,0.22,2194,0.5827984072533922,0.6242630608719966,0.07114750675798631
YAGO3-10,effective_candidates_global_rf,0.24,2394,0.5866886657077875,0.6266869519399724,0.06817634048534149
YAGO3-10,effective_candidates_global_rf,0.26,2594,0.5877517241170683,0.6265469638440124,0.06600616916134627
YAGO3-10,effective_candidates_global_rf,0.28,2793,0.577070197977902,0.6146018357503805,0.0650382534117897
YAGO3-10,effective_candidates_global_rf,0.3,2992,0.5757578340334712,0.612147534845628,0.06320313621653861
YAGO3-10,effective_candidates_global_rf,0.32,3192,0.579806903702093,0.6145695242577931,0.059955513350633094
YAGO3-10,effective_candidates_global_rf,0.34,3392,0.5888102201961936,0.6237056732124473,0.05926434667629654
YAGO3-10,effective_candidates_global_rf,0.36,3591,0.5948215941078074,0.6284573647171213,0.05654766226126218
YAGO3-10,effective_candidates_global_rf,0.38,3790,0.6036705176770295,0.6371425911263697,0.05544758683618234
YAGO3-10,effective_candidates_global_rf,0.4,3990,0.6062673171859898,0.639674513137853,0.05510307912840129
YAGO3-10,effective_candidates_global_rf,0.42,4190,0.6106853407495952,0.6438492635260501,0.054306073133747246
YAGO3-10,effective_candidates_global_rf,0.44,4389,0.6173083845213221,0.6500206231068396,0.052991728940930294
YAGO3-10,effective_candidates_global_rf,0.46,4588,0.6236128261602425,0.6560995162288473,0.052094326328459895
YAGO3-10,effective_candidates_global_rf,0.48,4788,0.6299486704684747,0.6626368667987232,0.05189025370263778
YAGO3-10,effective_candidates_global_rf,0.5,4988,0.6336779407086514,0.6661281824190841,0.05120935987473896
YAGO3-10,effective_candidates_global_rf,0.52,5187,0.636919591384008,0.6689914356569755,0.05035462043690053
YAGO3-10,effective_candidates_global_rf,0.54,5386,0.6433546968939046,0.6748290550238033,0.04892224814998003
YAGO3-10,effective_candidates_global_rf,0.56,5586,0.6486665630911328,0.6794680683173443,0.04748434246314637
YAGO3-10,effective_candidates_global_rf,0.58,5786,0.6539463085544261,0.6841214689214323,0.046143177157325965
YAGO3-10,effective_candidates_global_rf,0.6,5985,0.6566319239829764,0.6863121912855006,0.04520076806879958
YAGO3-10,effective_candidates_global_rf,0.62,6184,0.6584098878135123,0.6870433786071961,0.043488852952636714
YAGO3-10,effective_candidates_global_rf,0.64,6384,0.6579193688765761,0.6861281673886939,0.04287576843996166
YAGO3-10,effective_candidates_global_rf,0.66,6584,0.6531351733166548,0.6808747476551418,0.042471413991722384
YAGO3-10,effective_candidates_global_rf,0.68,6783,0.6515320083392343,0.6788814498708874,0.041977126498155215
YAGO3-10,effective_candidates_global_rf,0.7,6982,0.6436313170560369,0.6702167499557721,0.041305374979789145
YAGO3-10,effective_candidates_global_rf,0.72,7182,0.626125640409169,0.6519714438704896,0.04127894114738773
YAGO3-10,effective_candidates_global_rf,0.74,7382,0.620879705470399,0.6465920096640615,0.04141269873554987
YAGO3-10,effective_candidates_global_rf,0.76,7581,0.6185200663340188,0.6438630238885191,0.04097354141589715
YAGO3-10,effective_candidates_global_rf,0.78,7780,0.610062915495529,0.6351580400040013,0.04113530567267576
YAGO3-10,effective_candidates_global_rf,0.8,7980,0.6011196587258748,0.625665386372816,0.04083334705600539
YAGO3-10,effective_candidates_global_rf,0.82,8179,0.5899721458863979,0.6138126846359714,0.040409600547758995
YAGO3-10,effective_candidates_global_rf,0.84,8379,0.5810816596681163,0.6044168071977333,0.04015812087916326
YAGO3-10,effective_candidates_global_rf,0.86,8578,0.5725591876280154,0.5954274240853556,0.03994038861218563
YAGO3-10,effective_candidates_global_rf,0.88,8778,0.565598377589607,0.5879387475026798,0.03949864567907735
YAGO3-10,effective_candidates_global_rf,0.9,8978,0.5619262143890221,0.5834716172085832,0.03834204966391752
YAGO3-10,effective_candidates_global_rf,0.92,9177,0.5594745449033102,0.5803208315634485,0.03726047386792386
YAGO3-10,effective_candidates_global_rf,0.94,9376,0.5575599511962224,0.5780515202079076,0.03675222542028256
YAGO3-10,effective_candidates_global_rf,0.96,9576,0.561561604814672,0.581513126937428,0.03552864361041985
YAGO3-10,effective_candidates_global_rf,0.98,9776,0.5649823511474529,0.5846371092744947,0.034788269203673394
YAGO3-10,effective_candidates_global_rf,1.0,9975,0.5607274620553472,0.5794717170327173,0.033428459003350675
codex-l,effective_candidates_global_rf,0.02,1223,0.00758053377119667,0.018237849712627402,1.405879356665455
codex-l,effective_candidates_global_rf,0.04,2445,0.008393361432695399,0.013368451226627684,0.5927410410985496
codex-l,effective_candidates_global_rf,0.06,3668,0.01297698663745089,0.014922518841995016,0.14992172365573864
codex-l,effective_candidates_global_rf,0.08,4890,0.018379912324790852,0.019795957959109753,0.07704311148475584
codex-l,effective_candidates_global_rf,0.1,6113,0.023992589959555468,0.02538587355189927,0.05807141266084548
codex-l,effective_candidates_global_rf,0.12,7335,0.0349353551596291,0.03642768777957346,0.04271697290969234
codex-l,effective_candidates_global_rf,0.14,8558,0.04508141622334404,0.04763408000003054,0.05662341582260866
codex-l,effective_candidates_global_rf,0.16,9781,0.049253777216242994,0.05135386080485966,0.04263802102722991
codex-l,effective_candidates_global_rf,0.18,11003,0.053116154331874894,0.054901518946376564,0.03361246003139717
codex-l,effective_candidates_global_rf,0.2,12226,0.06576509853225915,0.0680494888533496,0.034735602501529295
codex-l,effective_candidates_global_rf,0.22,13448,0.07357478687983107,0.07692250004812612,0.045500820461265246
codex-l,effective_candidates_global_rf,0.24,14671,0.08537636395899795,0.09063039227130934,0.061539612003559174
codex-l,effective_candidates_global_rf,0.26,15894,0.09751854260113572,0.10366202915944844,0.06299813752796157
codex-l,effective_candidates_global_rf,0.28,17116,0.10878174158854625,0.11543465383827328,0.06115835389812796
codex-l,effective_candidates_global_rf,0.3,18339,0.12511462135858328,0.1328583506770233,0.061893080395825306
codex-l,effective_candidates_global_rf,0.32,19561,0.14334715558323685,0.1520024605758607,0.06038002608009907
codex-l,effective_candidates_global_rf,0.34,20784,0.1620069219052262,0.1710139718558487,0.055596698244113396
codex-l,effective_candidates_global_rf,0.36,22006,0.17850444215020286,0.1876589655602653,0.05128456916696411
codex-l,effective_candidates_global_rf,0.38,23229,0.1915578868697292,0.20095636251278906,0.04906337085171231
codex-l,effective_candidates_global_rf,0.4,24452,0.20184891000733038,0.21119716720731183,0.04631314184278712
codex-l,effective_candidates_global_rf,0.42,25674,0.21272858015004453,0.22231226970201223,0.04505125519668307
codex-l,effective_candidates_global_rf,0.44,26897,0.21878395141999585,0.22850788208207504,0.04444535624741652
codex-l,effective_candidates_global_rf,0.46,28119,0.22716117502292227,0.23669917455636552,0.041987806818136075
codex-l,effective_candidates_global_rf,0.48,29342,0.2371302628657503,0.24671254541815468,0.040409361658867216
codex-l,effective_candidates_global_rf,0.5,30564,0.24428372183251562,0.25370557069745714,0.038569286542151415
codex-l,effective_candidates_global_rf,0.52,31787,0.2522586902902155,0.26169225100757554,0.037396375548081284
codex-l,effective_candidates_global_rf,0.54,33010,0.2605459766114165,0.2698995063920066,0.035899728340615056
codex-l,effective_candidates_global_rf,0.56,34232,0.2762670711424684,0.2856410448907993,0.0339308398556728
codex-l,effective_candidates_global_rf,0.58,35455,0.2892514034722285,0.2984984585630157,0.03196892039168642
codex-l,effective_candidates_global_rf,0.6,36677,0.2998635690861544,0.30907460244641455,0.03071741388369076
codex-l,effective_candidates_global_rf,0.62,37900,0.3098134847138282,0.319066982668118,0.02986796382616208
codex-l,effective_candidates_global_rf,0.64,39123,0.318266081980198,0.3273193157324294,0.028445487171940176
codex-l,effective_candidates_global_rf,0.66,40345,0.3248149786294298,0.33378404107475557,0.02761283510745427
codex-l,effective_candidates_global_rf,0.68,41568,0.32744581133422745,0.3361424128451563,0.026558902908219162
codex-l,effective_candidates_global_rf,0.7,42790,0.32864502454035177,0.3370541393848045,0.025587226997316748
codex-l,effective_candidates_global_rf,0.72,44013,0.3271790190050172,0.3351040019905355,0.024222161340354154
codex-l,effective_candidates_global_rf,0.74,45235,0.3278131203859958,0.33570580593804195,0.024076783573374394
codex-l,effective_candidates_global_rf,0.76,46458,0.3258677380534937,0.33348853451330124,0.0233861642926938
codex-l,effective_candidates_global_rf,0.78,47681,0.322937272109246,0.3301786943975313,0.022423618806798995
codex-l,effective_candidates_global_rf,0.8,48903,0.32060259541360003,0.327719140614519,0.022197403585389353
codex-l,effective_candidates_global_rf,0.82,50126,0.31637763591148965,0.323357675898788,0.02206236849576526
codex-l,effective_candidates_global_rf,0.84,51348,0.3148233316288485,0.3217103517792685,0.02187582513274222
codex-l,effective_candidates_global_rf,0.86,52571,0.31433216330707353,0.3210976801564688,0.02152346351775014
codex-l,effective_candidates_global_rf,0.88,53794,0.31449453428990715,0.32115824977060003,0.021188652755885995
codex-l,effective_candidates_global_rf,0.9,55016,0.313729633305382,0.3202922917464089,0.020918197531690774
codex-l,effective_candidates_global_rf,0.92,56239,0.3135932254426932,0.32001632932158613,0.020482278817807842
codex-l,effective_candidates_global_rf,0.94,57461,0.3158300897385634,0.3218999973956048,0.019218902360018664
codex-l,effective_candidates_global_rf,0.96,58684,0.3213091280415059,0.32686962803195374,0.01730576415410634
codex-l,effective_candidates_global_rf,0.98,59906,0.32723368652809554,0.33245315016971944,0.015950263852727575
codex-l,effective_candidates_global_rf,1.0,61129,0.3293206066178304,0.3342010881088536,0.014819848478801356
codex-m,effective_candidates_global_rf,0.02,412,0.08257659344348034,0.0868527503089779,0.05178412776768737
codex-m,effective_candidates_global_rf,0.04,824,0.06265818130234757,0.0668332644925116,0.0666326903109078
codex-m,effective_candidates_global_rf,0.06,1236,0.07186674025522596,0.07584498265001016,0.055355820796323174
codex-m,effective_candidates_global_rf,0.08,1648,0.07476345683990285,0.0778256645352105,0.04095861567590453
codex-m,effective_candidates_global_rf,0.1,2059,0.09250272740753104,0.09545077426927602,0.031869837186065064
codex-m,effective_candidates_global_rf,0.12,2471,0.08031060627663653,0.08278035885040491,0.030752508146447255
codex-m,effective_candidates_global_rf,0.14,2883,0.07676611059684148,0.07905099711234828,0.029764260527754383
codex-m,effective_candidates_global_rf,0.16,3295,0.09189578158035794,0.09402408292338965,0.02315994604355831
codex-m,effective_candidates_global_rf,0.18,3707,0.1142514446385289,0.1164454995154389,0.019203738594742337
codex-m,effective_candidates_global_rf,0.2,4119,0.12122503988539775,0.12334112555411815,0.017455846339344383
codex-m,effective_candidates_global_rf,0.22,4531,0.13467687408928938,0.1368358250436236,0.01603059893492076
codex-m,effective_candidates_global_rf,0.24,4943,0.13637976492639178,0.13851481418159164,0.01565517623785473
codex-m,effective_candidates_global_rf,0.26,5354,0.14270780806811467,0.14489677089621886,0.01533877408487272
codex-m,effective_candidates_global_rf,0.28,5766,0.14976431945882204,0.15194731303780398,0.014576192693094514
codex-m,effective_candidates_global_rf,0.3,6178,0.15883953810981075,0.1611477238930525,0.014531556882556806
codex-m,effective_candidates_global_rf,0.32,6590,0.1618670987830937,0.16431216174291796,0.01510537334767914
codex-m,effective_candidates_global_rf,0.34,7002,0.17386905694981006,0.17644436589377877,0.014811772658962052
codex-m,effective_candidates_global_rf,0.36,7414,0.1838708642013222,0.1863921646644426,0.01371234357369322
codex-m,effective_candidates_global_rf,0.38,7826,0.1880064921997726,0.19053266149131629,0.013436606693663533
codex-m,effective_candidates_global_rf,0.4,8238,0.1966559911183469,0.19918204424152994,0.012845035174458008
codex-m,effective_candidates_global_rf,0.42,8649,0.20752742346986788,0.21007804296509447,0.012290517814851132
codex-m,effective_candidates_global_rf,0.44,9061,0.2157810520470283,0.21841397574050594,0.012201829903507155
codex-m,effective_candidates_global_rf,0.46,9473,0.2213142689996772,0.22396882955718497,0.011994529632030293
codex-m,effective_candidates_global_rf,0.48,9885,0.22622849055195415,0.22886744817616023,0.011665010086782335
codex-m,effective_candidates_global_rf,0.5,10297,0.22936543691351607,0.23200508637222278,0.011508488350413515
codex-m,effective_candidates_global_rf,0.52,10709,0.23503669335297792,0.23769899496957284,0.011327174402494977
codex-m,effective_candidates_global_rf,0.54,11121,0.2420644353528016,0.24476408342021594,0.011152601015013586
codex-m,effective_candidates_global_rf,0.56,11533,0.24755407812435098,0.2502951761222292,0.011072724063553085
codex-m,effective_candidates_global_rf,0.58,11945,0.2536452199322337,0.25645273648803024,0.011068675201317157
codex-m,effective_candidates_global_rf,0.6,12356,0.26410842444713367,0.26706625122419697,0.01119928977371698
codex-m,effective_candidates_global_rf,0.62,12768,0.27232272464997787,0.2753736488749227,0.011203340554359897
codex-m,effective_candidates_global_rf,0.64,13180,0.2785886289452793,0.28167370529962255,0.01107394930662875
codex-m,effective_candidates_global_rf,0.66,13592,0.28412559672777565,0.28724051954694796,0.010963189712740906
codex-m,effective_candidates_global_rf,0.68,14004,0.2891643183097085,0.29232457094782444,0.010928916322003213
codex-m,effective_candidates_global_rf,0.7,14416,0.2971758331207381,0.30039285110652125,0.010825301478926574
codex-m,effective_candidates_global_rf,0.72,14828,0.3023874671876297,0.30563879400527266,0.010752187740722396
codex-m,effective_candidates_global_rf,0.74,15240,0.30512162229510215,0.30839744429043425,0.010736118832521901
codex-m,effective_candidates_global_rf,0.76,15651,0.30906257966362094,0.3123426368477888,0.010612922430589311
codex-m,effective_candidates_global_rf,0.78,16063,0.3111233876694781,0.3143698759018008,0.01043472898852471
codex-m,effective_candidates_global_rf,0.8,16475,0.3126159602671177,0.3158312451399268,0.010285095073398587
codex-m,effective_candidates_global_rf,0.82,16887,0.31387350536351827,0.31706060555429416,0.010154091174674695
codex-m,effective_candidates_global_rf,0.84,17299,0.31179465485523694,0.3149382973285163,0.010082412973817512
codex-m,effective_candidates_global_rf,0.86,17711,0.3080733681550653,0.3111915407198946,0.010121525867369918
codex-m,effective_candidates_global_rf,0.88,18123,0.30519483921037904,0.3082655245938105,0.010061393539209762
codex-m,effective_candidates_global_rf,0.9,18535,0.3028682098890293,0.3059146177527939,0.010058526330250395
codex-m,effective_candidates_global_rf,0.92,18946,0.30652621312196593,0.3095298046960265,0.009798808211111787
codex-m,effective_candidates_global_rf,0.94,19358,0.3140971238054426,0.3172116007876655,0.009915649479656174
codex-m,effective_candidates_global_rf,0.96,19770,0.3243999190763267,0.3275468475826572,0.009700768469026677
codex-m,effective_candidates_global_rf,0.98,20182,0.3338554578824201,0.33687383953548294,0.009040983401043867
codex-m,effective_candidates_global_rf,1.0,20594,0.3418371108917016,0.34476875252136285,0.00857613622468878
hetionet,effective_candidates_global_rf,0.02,9001,0.6776600942329083,0.7553692155869859,0.11467271278832203
hetionet,effective_candidates_global_rf,0.04,18002,0.6339204648872414,0.6990123799252724,0.10268151707266493
hetionet,effective_candidates_global_rf,0.06,27002,0.5876830840297919,0.6439074512671693,0.09567123636066266
hetionet,effective_candidates_global_rf,0.08,36003,0.5591188954447072,0.6114880984347283,0.09366380463383939
hetionet,effective_candidates_global_rf,0.1,45004,0.538101433378487,0.5873381314068965,0.09150077471318974
hetionet,effective_candidates_global_rf,0.12,54005,0.5272526535607068,0.5747097958938664,0.09000835180755606
hetionet,effective_candidates_global_rf,0.14,63006,0.5165074596652887,0.5633923360401425,0.09077289300959279
hetionet,effective_candidates_global_rf,0.16,72006,0.4957191816289494,0.539632631066716,0.0885853343287335
hetionet,effective_candidates_global_rf,0.18,81007,0.47968977798573476,0.5212962450134168,0.08673619688622858
hetionet,effective_candidates_global_rf,0.2,90008,0.4791148659889389,0.5210813969321995,0.08759179462452638
hetionet,effective_candidates_global_rf,0.22,99009,0.4736455460907078,0.5146911402203042,0.08665888335353578
hetionet,effective_candidates_global_rf,0.24,108010,0.4605428616056153,0.4994953737727686,0.08457955906937964
hetionet,effective_candidates_global_rf,0.26,117010,0.4575447824021175,0.49564450834249685,0.08326993860656695
hetionet,effective_candidates_global_rf,0.28,126011,0.45599072987379097,0.49325284736665503,0.08171683118026873
hetionet,effective_candidates_global_rf,0.3,135012,0.4452725081697477,0.48116771916171963,0.08061402923687311
hetionet,effective_candidates_global_rf,0.32,144013,0.4373221868185359,0.4719052587360898,0.07907916167972506
hetionet,effective_candidates_global_rf,0.34,153014,0.43223224971872115,0.4657487848521789,0.0775428838437413
hetionet,effective_candidates_global_rf,0.36,162014,0.42572956759910174,0.4583575954194855,0.0766402672109181
hetionet,effective_candidates_global_rf,0.38,171015,0.42294615892544335,0.4547345169544424,0.07515934914685607
hetionet,effective_candidates_global_rf,0.4,180016,0.4225100457665226,0.45344324595627467,0.07321293422416186
hetionet,effective_candidates_global_rf,0.42,189017,0.41967675198086013,0.4498601606191489,0.07192061150831952
hetionet,effective_candidates_global_rf,0.44,198018,0.4199978524186158,0.4496243061650842,0.07053953627586518
hetionet,effective_candidates_global_rf,0.46,207018,0.420940871910591,0.45005780762009423,0.06917108233597169
hetionet,effective_candidates_global_rf,0.48,216019,0.4190863256602747,0.4472959616506461,0.06731223202266712
hetionet,effective_candidates_global_rf,0.5,225020,0.41844671228638974,0.4460273579139373,0.06591196636925911
hetionet,effective_candidates_global_rf,0.52,234021,0.41828503822288166,0.44525130054111806,0.06446862750053106
hetionet,effective_candidates_global_rf,0.54,243022,0.41859156309232126,0.44512188217266835,0.0633799661043235
hetionet,effective_candidates_global_rf,0.56,252022,0.4179267313668526,0.44397401914213247,0.06232501015211622
hetionet,effective_candidates_global_rf,0.58,261023,0.41763100241397183,0.4431365596361685,0.061071991961254346
hetionet,effective_candidates_global_rf,0.6,270024,0.41522574857329175,0.4401699625582152,0.06007386119630431
hetionet,effective_candidates_global_rf,0.62,279025,0.412288593211944,0.4367969087541562,0.059444563700585595
hetionet,effective_candidates_global_rf,0.64,288026,0.40941002436679935,0.43338822259513393,0.058567687162569326
hetionet,effective_candidates_global_rf,0.66,297026,0.4069666155021629,0.4304281167018454,0.05764969485453486
hetionet,effective_candidates_global_rf,0.68,306027,0.4065793926506949,0.42961768147439067,0.05666369038897323
hetionet,effective_candidates_global_rf,0.7,315028,0.4085485812243437,0.4312633739676448,0.05559875566139327
hetionet,effective_candidates_global_rf,0.72,324029,0.40943261940216363,0.4318138204274162,0.05466394215959802
hetionet,effective_candidates_global_rf,0.74,333030,0.4100293320508286,0.43207829346008536,0.05377410757170775
hetionet,effective_candidates_global_rf,0.76,342030,0.4110052435068215,0.4327648165457578,0.0529423246605738
hetionet,effective_candidates_global_rf,0.78,351031,0.4109184960932977,0.4323777974235407,0.05222276810185433
hetionet,effective_candidates_global_rf,0.8,360032,0.4118203723709268,0.4329377337374557,0.05127808817459001
hetionet,effective_candidates_global_rf,0.82,369033,0.4111707696796711,0.4319801638872641,0.05061010106288655
hetionet,effective_candidates_global_rf,0.84,378034,0.40789572011033487,0.42827536000862343,0.049962867697596725
hetionet,effective_candidates_global_rf,0.86,387034,0.4072911509863906,0.42723936865305284,0.04897778313707768
hetionet,effective_candidates_global_rf,0.88,396035,0.40655559900130367,0.4260589290178831,0.04797211024639436
hetionet,effective_candidates_global_rf,0.9,405036,0.4041528061599963,0.42322190353624095,0.047182889950529106
hetionet,effective_candidates_global_rf,0.92,414037,0.4014350457062692,0.4200363418534704,0.04633700108189309
hetionet,effective_candidates_global_rf,0.94,423038,0.39404272111237015,0.41223551348277065,0.046169593791868024
hetionet,effective_candidates_global_rf,0.96,432038,0.3869813772585311,0.4047823817328611,0.045999641120811896
hetionet,effective_candidates_global_rf,0.98,441039,0.3797529574778835,0.3971834092047882,0.0458994495860372
hetionet,effective_candidates_global_rf,1.0,450040,0.37318845788011507,0.390256268691026,0.045735098314305
FB15k-237,synergy_weight_top5_mean,0.02,816,0.2947908747093581,0.34257219543465944,0.16208548101229447
FB15k-237,synergy_weight_top5_mean,0.04,1633,0.2789841378728144,0.31515589320620063,0.12965523993294736
FB15k-237,synergy_weight_top5_mean,0.06,2449,0.2827396684058622,0.312887118107082,0.10662617619662851
FB15k-237,synergy_weight_top5_mean,0.08,3266,0.2809762801994043,0.30761778697303516,0.0948176364023463
FB15k-237,synergy_weight_top5_mean,0.1,4082,0.2755239622424658,0.2986760289369765,0.08402923109147387
FB15k-237,synergy_weight_top5_mean,0.12,4898,0.26982498212107975,0.2917164140292393,0.0811319683450813
FB15k-237,synergy_weight_top5_mean,0.14,5715,0.2666997734093143,0.28630917661400423,0.07352613372713535
FB15k-237,synergy_weight_top5_mean,0.16,6531,0.27139399015806254,0.29020827476534605,0.06932461767604314
FB15k-237,synergy_weight_top5_mean,0.18,7347,0.27471428322300184,0.2921522637742401,0.06347678885368624
FB15k-237,synergy_weight_top5_mean,0.2,8164,0.27684190888972043,0.2930178590024662,0.05843027949640889
FB15k-237,synergy_weight_top5_mean,0.22,8980,0.282924986629466,0.2978341240065779,0.05269643220532405
FB15k-237,synergy_weight_top5_mean,0.24,9797,0.2883075286894304,0.30220347189927677,0.048198336245375506
FB15k-237,synergy_weight_top5_mean,0.26,10613,0.29034559432875406,0.30348277282734015,0.04524669481883392
FB15k-237,synergy_weight_top5_mean,0.28,11429,0.29500702995691047,0.30733540820558847,0.041790116833753777
FB15k-237,synergy_weight_top5_mean,0.3,12246,0.29972544210956653,0.3114587573354026,0.039146877699981486
FB15k-237,synergy_weight_top5_mean,0.32,13062,0.3015354653633562,0.3124648883891177,0.03624589569452907
FB15k-237,synergy_weight_top5_mean,0.34,13878,0.30342817231792785,0.3135269170507896,0.033282159186855065
FB15k-237,synergy_weight_top5_mean,0.36,14695,0.30904792025383887,0.31852583158056363,0.030668096128716904
FB15k-237,synergy_weight_top5_mean,0.38,15511,0.3172373637473724,0.3261092977890887,0.02796623303420631
FB15k-237,synergy_weight_top5_mean,0.4,16328,0.3299037815680794,0.33843517775671145,0.0258602558239287
FB15k-237,synergy_weight_top5_mean,0.42,17144,0.3359911554775344,0.3440204172603596,0.023897241495578703
FB15k-237,synergy_weight_top5_mean,0.44,17960,0.3360149245866344,0.34376349245051,0.023060189583566704
FB15k-237,synergy_weight_top5_mean,0.46,18777,0.3404463781893756,0.3475835036895807,0.020964022405416838
FB15k-237,synergy_weight_top5_mean,0.48,19593,0.34703597177837586,0.3538837884131811,0.019732296337217736
FB15k-237,synergy_weight_top5_mean,0.5,20410,0.3418870826430465,0.3484589735365959,0.019222401860707006
FB15k-237,synergy_weight_top5_mean,0.52,21226,0.3374551620624551,0.34379730462591696,0.018794030367471626
FB15k-237,synergy_weight_top5_mean,0.54,22042,0.33333779852122536,0.3395598686477976,0.018665960338656307
FB15k-237,synergy_weight_top5_mean,0.56,22859,0.3428030066232941,0.34882935661983894,0.017579629933547114
FB15k-237,synergy_weight_top5_mean,0.58,23675,0.3513478719282507,0.3577938111142662,0.01834631628943484
FB15k-237,synergy_weight_top5_mean,0.6,24491,0.345359672096116,0.35173761001460047,0.01846752366822213
FB15k-237,synergy_weight_top5_mean,0.62,25308,0.34551957055473126,0.3516840352472978,0.01784114480887289
FB15k-237,synergy_weight_top5_mean,0.64,26124,0.3496611721800697,0.35561734983691956,0.017034140850453072
FB15k-237,synergy_weight_top5_mean,0.66,26941,0.3549190832730551,0.36069463670861973,0.016272873755625028
FB15k-237,synergy_weight_top5_mean,0.68,27757,0.358887766006118,0.3644935297812935,0.015619824095870483
FB15k-237,synergy_weight_top5_mean,0.7,28573,0.3507380109266157,0.35619327670086165,0.015553677115957898
FB15k-237,synergy_weight_top5_mean,0.72,29390,0.3449517963198444,0.35026037075190297,0.015389322475469536
FB15k-237,synergy_weight_top5_mean,0.74,30206,0.35193886140532266,0.3571046018650229,0.014677948434205224
FB15k-237,synergy_weight_top5_mean,0.76,31022,0.3573854813565986,0.3624153426268489,0.0140740503815584
FB15k-237,synergy_weight_top5_mean,0.78,31839,0.35224926343353746,0.3571500566847609,0.013912855923254863
FB15k-237,synergy_weight_top5_mean,0.8,32655,0.34967983441634554,0.3544440574229854,0.013624528891098109
FB15k-237,synergy_weight_top5_mean,0.82,33472,0.35486166429985433,0.3595125968857613,0.013106325799050023
FB15k-237,synergy_weight_top5_mean,0.84,34288,0.36022606547818303,0.3647663132475331,0.012603884628179518
FB15k-237,synergy_weight_top5_mean,0.86,35104,0.3630219846563191,0.36745669339365605,0.012216088624867671
FB15k-237,synergy_weight_top5_mean,0.88,35921,0.3583655899996853,0.36269943414421024,0.01209336014802287
FB15k-237,synergy_weight_top5_mean,0.9,36737,0.3586235064968759,0.3628816090066603,0.011873461813417086
FB15k-237,synergy_weight_top5_mean,0.92,37553,0.3638818006396817,0.3680468185131581,0.011446073604545859
FB15k-237,synergy_weight_top5_mean,0.94,38370,0.3579545380437723,0.362025834816003,0.01137378169440284
FB15k-237,synergy_weight_top5_mean,0.96,39186,0.3531433591403306,0.3571281590852471,0.011283802574163726
FB15k-237,synergy_weight_top5_mean,0.98,40003,0.35319456260775334,0.3570221702086156,0.010837107945835145
FB15k-237,synergy_weight_top5_mean,1.0,40819,0.35210727177438816,0.35562848130787206,0.010000388562665385
KG20C,synergy_weight_top5_mean,0.02,149,0.23497561978780188,0.2523758542746787,0.07405123349643827
KG20C,synergy_weight_top5_mean,0.04,298,0.23429488879437044,0.25164059679716705,0.07403365942831175
KG20C,synergy_weight_top5_mean,0.06,447,0.23605524979590542,0.253417528139362,0.07355175688093407
KG20C,synergy_weight_top5_mean,0.08,596,0.23674399961069903,0.2540397006702915,0.0730565551314224
KG20C,synergy_weight_top5_mean,0.1,745,0.23102366075438735,0.24771836204694891,0.07226403234216994
KG20C,synergy_weight_top5_mean,0.12,894,0.23287736554460176,0.24946118078769505,0.07121265394045806
KG20C,synergy_weight_top5_mean,0.14,1043,0.23172080603470868,0.2481754157746138,0.07101049759614786
KG20C,synergy_weight_top5_mean,0.16,1192,0.22486626457532904,0.24061773488347457,0.07004816991064877
KG20C,synergy_weight_top5_mean,0.18,1341,0.22052076038580898,0.23583133178666943,0.06942916110970265
KG20C,synergy_weight_top5_mean,0.2,1490,0.21241891706124427,0.22696680757610688,0.06848679353104958
KG20C,synergy_weight_top5_mean,0.22,1639,0.2085059922027412,0.22269165255714532,0.06803478501764415
KG20C,synergy_weight_top5_mean,0.24,1788,0.20377852317081177,0.21750265351104212,0.06734826676865491
KG20C,synergy_weight_top5_mean,0.26,1936,0.20478806773346586,0.21841083250849994,0.06652128185888384
KG20C,synergy_weight_top5_mean,0.28,2085,0.21034459931992833,0.22410790480639128,0.0654321790574206
KG20C,synergy_weight_top5_mean,0.3,2234,0.20792201231669644,0.22143131864390983,0.06497294912015716
KG20C,synergy_weight_top5_mean,0.32,2383,0.20360201820227947,0.21675953065206274,0.06462368382179418
KG20C,synergy_weight_top5_mean,0.34,2532,0.2000895965451681,0.2129402426728,0.06422445918986597
KG20C,synergy_weight_top5_mean,0.36,2681,0.19783380078935942,0.21045079520945034,0.06377572674512111
KG20C,synergy_weight_top5_mean,0.38,2830,0.1953099500909445,0.20767402454844014,0.06330488770151432
KG20C,synergy_weight_top5_mean,0.4,2979,0.19102081471601237,0.20304822059476435,0.06296384975968694
KG20C,synergy_weight_top5_mean,0.42,3128,0.18594734029989562,0.19760282643436788,0.06268165016866778
KG20C,synergy_weight_top5_mean,0.44,3277,0.1804504488743335,0.19173361044154613,0.06252775561157109
KG20C,synergy_weight_top5_mean,0.46,3426,0.18000199017576807,0.19117777843585493,0.06208702608884464
KG20C,synergy_weight_top5_mean,0.48,3575,0.1795977544512502,0.1906614325518592,0.06160254138150756
KG20C,synergy_weight_top5_mean,0.5,3724,0.17902265452482827,0.189966772891151,0.06113258903109897
KG20C,synergy_weight_top5_mean,0.52,3873,0.17452770588956576,0.18516810666359879,0.060966828847024646
KG20C,synergy_weight_top5_mean,0.54,4022,0.17272287188174548,0.18319715195992947,0.06064211394861019
KG20C,synergy_weight_top5_mean,0.56,4171,0.16888020796660794,0.17909535519838488,0.06048753346985891
KG20C,synergy_weight_top5_mean,0.58,4320,0.16687197007200716,0.17692145369744836,0.06022271817792246
KG20C,synergy_weight_top5_mean,0.6,4469,0.1661499513027984,0.17609826743375515,0.059875528418461776
KG20C,synergy_weight_top5_mean,0.62,4618,0.16485579995702332,0.17459142858139196,0.05905542071863201
KG20C,synergy_weight_top5_mean,0.64,4767,0.16243687504298543,0.171868201451069,0.058061486381018934
KG20C,synergy_weight_top5_mean,0.66,4916,0.1615325759052182,0.17067804640711698,0.056616880221516785
KG20C,synergy_weight_top5_mean,0.68,5065,0.17344449490954628,0.18232092787841786,0.0511773692990416
KG20C,synergy_weight_top5_mean,0.7,5214,0.19133179715231186,0.1999545691099901,0.04506711422782472
KG20C,synergy_weight_top5_mean,0.72,5363,0.19792910251781085,0.20632618524700533,0.042424699664562304
KG20C,synergy_weight_top5_mean,0.74,5512,0.19511089426581768,0.20340489626938285,0.04250916913058411
KG20C,synergy_weight_top5_mean,0.76,5660,0.19352540935952708,0.20177890556464304,0.04264812683993746
KG20C,synergy_weight_top5_mean,0.78,5809,0.19187128001539142,0.20011577406177486,0.04296888020824219
KG20C,synergy_weight_top5_mean,0.8,5958,0.18984340196560234,0.19808687446256656,0.043422486173408714
KG20C,synergy_weight_top5_mean,0.82,6107,0.18946063841111113,0.19781763435210004,0.04410940452367229
KG20C,synergy_weight_top5_mean,0.84,6256,0.1885830653584293,0.19701018573206808,0.04468651709325977
KG20C,synergy_weight_top5_mean,0.86,6405,0.19050482588264525,0.1992030786542694,0.04565896287048621
KG20C,synergy_weight_top5_mean,0.88,6554,0.19191116448170525,0.20066313282388243,0.045604268859571695
KG20C,synergy_weight_top5_mean,0.9,6703,0.19390244465100323,0.20244435151975518,0.04405260018318069
KG20C,synergy_weight_top5_mean,0.92,6852,0.19503749393940528,0.20338118358221052,0.042779926435055016
KG20C,synergy_weight_top5_mean,0.94,7001,0.20046615653161104,0.2086102948719073,0.040626001322133565
KG20C,synergy_weight_top5_mean,0.96,7150,0.20993456849014372,0.21787515375523817,0.03782409596572589
KG20C,synergy_weight_top5_mean,0.98,7299,0.21951272645504735,0.2272568385573635,0.03527864751796983
KG20C,synergy_weight_top5_mean,1.0,7448,0.2263808023358598,0.2339520411211777,0.03344470338118666
WN18RR,synergy_weight_top5_mean,0.02,121,0.4356397076979253,0.462823665007347,0.062400090783898854
WN18RR,synergy_weight_top5_mean,0.04,242,0.42267161981230394,0.4479084511636124,0.059707891820405035
WN18RR,synergy_weight_top5_mean,0.06,363,0.4118147952728227,0.4318981583347283,0.04876794931226436
WN18RR,synergy_weight_top5_mean,0.08,484,0.4323675357775714,0.4485445802001291,0.0374150302322418
WN18RR,synergy_weight_top5_mean,0.1,606,0.466060501158299,0.4791348021914251,0.02805279786772874
WN18RR,synergy_weight_top5_mean,0.12,727,0.4782598033995628,0.49024062693966547,0.025050868701364193
WN18RR,synergy_weight_top5_mean,0.14,848,0.43015913962960767,0.4418362863765326,0.027146108663365087
WN18RR,synergy_weight_top5_mean,0.16,969,0.4189642557839986,0.4290508334863239,0.02407503161206548
WN18RR,synergy_weight_top5_mean,0.18,1090,0.4001058712869626,0.4094244105708954,0.023290183805499298
WN18RR,synergy_weight_top5_mean,0.2,1211,0.3769965715472917,0.3855985600016023,0.02281715300222964
WN18RR,synergy_weight_top5_mean,0.22,1332,0.35577479550428565,0.36414332859383663,0.023521995361389214
WN18RR,synergy_weight_top5_mean,0.24,1453,0.36604677999838164,0.37579773877457084,0.026638559083165037
WN18RR,synergy_weight_top5_mean,0.26,1574,0.4099400996588312,0.41940198016985575,0.023081129459887162
WN18RR,synergy_weight_top5_mean,0.28,1695,0.44867467653887316,0.4574611071727095,0.019583076766479968
WN18RR,synergy_weight_top5_mean,0.3,1816,0.48217352219067844,0.4903745133384498,0.0170083813613644
WN18RR,synergy_weight_top5_mean,0.32,1938,0.5130678950280311,0.5207526215111851,0.01497799132945965
WN18RR,synergy_weight_top5_mean,0.34,2059,0.5403388085945222,0.5475719314329646,0.01338627306311091
WN18RR,synergy_weight_top5_mean,0.36,2180,0.5636611384638451,0.5704927898052913,0.012120138990004747
WN18RR,synergy_weight_top5_mean,0.38,2301,0.58511032464352,0.5915827279135558,0.011061851068820516
WN18RR,synergy_weight_top5_mean,0.4,2422,0.6026165676934656,0.6087656180338259,0.010203918494799957
WN18RR,synergy_weight_top5_mean,0.42,2543,0.6184559213302099,0.6243123900381741,0.00946950058359497
WN18RR,synergy_weight_top5_mean,0.44,2664,0.6333972247189278,0.6389876901559972,0.008826160297039864
WN18RR,synergy_weight_top5_mean,0.46,2785,0.6477943609388457,0.653141937213299,0.00825505221549494
WN18RR,synergy_weight_top5_mean,0.48,2906,0.6606198606283753,0.6657447745734382,0.007757735197649218
WN18RR,synergy_weight_top5_mean,0.5,3028,0.6725180586835349,0.6774364866638362,0.007313451165800844
WN18RR,synergy_weight_top5_mean,0.52,3149,0.6832484325153388,0.6879778704081153,0.006921988646743538
WN18RR,synergy_weight_top5_mean,0.54,3270,0.6938369775865917,0.6983914118142224,0.006564127273055664
WN18RR,synergy_weight_top5_mean,0.56,3391,0.7035424911741756,0.7079344109395406,0.006242579262035974
WN18RR,synergy_weight_top5_mean,0.58,3512,0.7125472121152561,0.7167878157383634,0.005951330032600621
WN18RR,synergy_weight_top5_mean,0.6,3633,0.7186210774403645,0.722726662403227,0.0057131429786141386
WN18RR,synergy_weight_top5_mean,0.62,3754,0.6991942192250316,0.7031917101738795,0.005717282607511587
WN18RR,synergy_weight_top5_mean,0.64,3875,0.6851609967804202,0.6890842663119857,0.005726054971022965
WN18RR,synergy_weight_top5_mean,0.66,3996,0.6680047603526577,0.6718325277946942,0.005730149946859164
WN18RR,synergy_weight_top5_mean,0.68,4117,0.6505347993542575,0.654264100229334,0.005732669303438298
WN18RR,synergy_weight_top5_mean,0.7,4238,0.6337831586083469,0.6374178038089106,0.005734840301759636
WN18RR,synergy_weight_top5_mean,0.72,4360,0.6166961276407044,0.6202332688718623,0.005735630681985793
WN18RR,synergy_weight_top5_mean,0.74,4481,0.6052306364924284,0.6087059179331827,0.00574207786455605
WN18RR,synergy_weight_top5_mean,0.76,4602,0.59277836247352,0.5961847232416704,0.0057464323662834715
WN18RR,synergy_weight_top5_mean,0.78,4723,0.5791911022152395,0.5825205705313918,0.005748479739101864
WN18RR,synergy_weight_top5_mean,0.8,4844,0.5664288308474259,0.5696861966035722,0.005750706141269379
WN18RR,synergy_weight_top5_mean,0.82,4965,0.5595497157931716,0.5627726268369722,0.005759829650225257
WN18RR,synergy_weight_top5_mean,0.84,5086,0.5607107551614058,0.5639508909187643,0.005778622449333692
WN18RR,synergy_weight_top5_mean,0.86,5207,0.5528868000141475,0.5560854163957266,0.005785300682702665
WN18RR,synergy_weight_top5_mean,0.88,5328,0.5445122210996297,0.5476653259635526,0.005790696226349645
WN18RR,synergy_weight_top5_mean,0.9,5450,0.5353050990826594,0.5384069672990446,0.005794579991299731
WN18RR,synergy_weight_top5_mean,0.92,5571,0.5292157070298943,0.5322861287871833,0.005801834141547113
WN18RR,synergy_weight_top5_mean,0.94,5692,0.5254857842347634,0.5285397247937045,0.005811652095190967
WN18RR,synergy_weight_top5_mean,0.96,5813,0.5190857352677847,0.5221055498351154,0.005817564155895738
WN18RR,synergy_weight_top5_mean,0.98,5934,0.5121015136093354,0.51508311048131,0.005822277014883248
WN18RR,synergy_weight_top5_mean,1.0,6055,0.5098022893664883,0.5125272756194792,0.0053451824556871586
YAGO3-10,synergy_weight_top5_mean,0.02,200,0.629852358185531,0.6992788057811155,0.11022654228935025
YAGO3-10,synergy_weight_top5_mean,0.04,399,0.6554455426488268,0.7086192442410996,0.08112604042951288
YAGO3-10,synergy_weight_top5_mean,0.06,598,0.6672801232990443,0.7191010658574725,0.0776599523184125
YAGO3-10,synergy_weight_top5_mean,0.08,798,0.7222200978827312,0.7719890489058481,0.06891105795729047
YAGO3-10,synergy_weight_top5_mean,0.1,998,0.6890337274705969,0.7359352720000524,0.06806857583246084
YAGO3-10,synergy_weight_top5_mean,0.12,1197,0.654393661270548,0.6977502382594412,0.06625457970468962
YAGO3-10,synergy_weight_top5_mean,0.14,1397,0.6705229679352577,0.7112350801532606,0.06071695402674693
YAGO3-10,synergy_weight_top5_mean,0.16,1596,0.6845039567046157,0.7249003956244965,0.05901563975518842
YAGO3-10,synergy_weight_top5_mean,0.18,1796,0.6927476898489017,0.7322403463137546,0.0570087162231705
YAGO3-10,synergy_weight_top5_mean,0.2,1995,0.7061814994783001,0.7467741048827433,0.057481830711271
YAGO3-10,synergy_weight_top5_mean,0.22,2194,0.7190327368339008,0.76039272002536,0.05752169695858167
YAGO3-10,synergy_weight_top5_mean,0.24,2394,0.7069463284646755,0.74797455478213,0.058035843267703724
YAGO3-10,synergy_weight_top5_mean,0.26,2594,0.7199793044691793,0.7607722606918583,0.056658512223145774
YAGO3-10,synergy_weight_top5_mean,0.28,2793,0.7285576826005805,0.7694820600355965,0.05617177392040773
YAGO3-10,synergy_weight_top5_mean,0.3,2992,0.7193533338112871,0.7595776746572814,0.05591736210198306
YAGO3-10,synergy_weight_top5_mean,0.32,3192,0.7194055026137007,0.759158623887254,0.05525829470184007
YAGO3-10,synergy_weight_top5_mean,0.34,3392,0.7063449497088794,0.7449187598294496,0.05461044230084511
YAGO3-10,synergy_weight_top5_mean,0.36,3591,0.6910827814177619,0.7277576760382075,0.05306874314710419
YAGO3-10,synergy_weight_top5_mean,0.38,3790,0.6805168880157801,0.7171169865358399,0.053782792410599356
YAGO3-10,synergy_weight_top5_mean,0.4,3990,0.6718765602037979,0.7068827703298345,0.05210214524438572
YAGO3-10,synergy_weight_top5_mean,0.42,4190,0.662416713679193,0.6964790293009245,0.0514212804694234
YAGO3-10,synergy_weight_top5_mean,0.44,4389,0.6531469979301673,0.6857479477194419,0.04991364867723114
YAGO3-10,synergy_weight_top5_mean,0.46,4588,0.6469447754258031,0.678699948209491,0.0490848276234821
YAGO3-10,synergy_weight_top5_mean,0.48,4788,0.6391616394419606,0.6702329971403727,0.048612676013441325
YAGO3-10,synergy_weight_top5_mean,0.5,4988,0.642725479678573,0.6733725399986916,0.04768297086252948
YAGO3-10,synergy_weight_top5_mean,0.52,5187,0.652110415769784,0.6822340321689344,0.046194042712216055
YAGO3-10,synergy_weight_top5_mean,0.54,5386,0.6606783547460994,0.6907005882890864,0.04544152737457963
YAGO3-10,synergy_weight_top5_mean,0.56,5586,0.6695302838937599,0.6993908461118118,0.044599270468234975
YAGO3-10,synergy_weight_top5_mean,0.58,5786,0.6783947720755094,0.7082998494079179,0.04408211643629811
YAGO3-10,synergy_weight_top5_mean,0.6,5985,0.6861880639984196,0.7158749210690862,0.043263441362825894
YAGO3-10,synergy_weight_top5_mean,0.62,6184,0.691740375509532,0.7212378766675975,0.04264244534857142
YAGO3-10,synergy_weight_top5_mean,0.64,6384,0.6836546150521604,0.7124656216433357,0.042142634536266765
YAGO3-10,synergy_weight_top5_mean,0.66,6584,0.673661476890684,0.7020534003856119,0.04214568365400995
YAGO3-10,synergy_weight_top5_mean,0.68,6783,0.6625697918225297,0.6901697138322801,0.04165587135180315
YAGO3-10,synergy_weight_top5_mean,0.7,6982,0.6515071278893309,0.678422488393194,0.041312457457004514
YAGO3-10,synergy_weight_top5_mean,0.72,7182,0.6465673259040744,0.6728407108710271,0.040635188192065685
YAGO3-10,synergy_weight_top5_mean,0.74,7382,0.6426201515043147,0.6684314867535193,0.04016577318464498
YAGO3-10,synergy_weight_top5_mean,0.76,7581,0.6339933643791938,0.6589663135305818,0.039389921968412844
YAGO3-10,synergy_weight_top5_mean,0.78,7780,0.6295272345542394,0.6539778679222754,0.038839675276875374
YAGO3-10,synergy_weight_top5_mean,0.8,7980,0.6214583760654608,0.6449633244366954,0.03782224083943908
YAGO3-10,synergy_weight_top5_mean,0.82,8179,0.6151900865457081,0.6382107184525521,0.037420355773456704
YAGO3-10,synergy_weight_top5_mean,0.84,8379,0.6076820461733583,0.6301638152536861,0.03699594092321479
YAGO3-10,synergy_weight_top5_mean,0.86,8578,0.6000499537089348,0.6220201926049763,0.03661401648353202
YAGO3-10,synergy_weight_top5_mean,0.88,8778,0.5867112885895213,0.6081815149089091,0.036594193322925905
YAGO3-10,synergy_weight_top5_mean,0.9,8978,0.5954736302691093,0.6165024469616506,0.03531443816082658
YAGO3-10,synergy_weight_top5_mean,0.92,9177,0.5926254883289481,0.6132224506655347,0.034755444614211095
YAGO3-10,synergy_weight_top5_mean,0.94,9376,0.5848959866512714,0.6050861779128995,0.03451928500522605
YAGO3-10,synergy_weight_top5_mean,0.96,9576,0.5756736918922493,0.5954083105461238,0.03428091109914444
YAGO3-10,synergy_weight_top5_mean,0.98,9776,0.5675061803377309,0.5869536784342256,0.03426834591461403
YAGO3-10,synergy_weight_top5_mean,1.0,9975,0.5607274620553473,0.5794717170327172,0.03342845900335045
codex-l,synergy_weight_top5_mean,0.02,1223,0.09545487369795447,0.13394103766829504,0.4031869979957379
codex-l,synergy_weight_top5_mean,0.04,2445,0.06351367908010486,0.0853810245810313,0.34429347847015546
codex-l,synergy_weight_top5_mean,0.06,3668,0.09457450304102134,0.11794096956306019,0.24706940846312175
codex-l,synergy_weight_top5_mean,0.08,4890,0.13989309200040018,0.16711512731360656,0.19459170516531654
codex-l,synergy_weight_top5_mean,0.1,6113,0.15696485256039633,0.1846215152350376,0.1761965320484702
codex-l,synergy_weight_top5_mean,0.12,7335,0.1636082023452455,0.18828471365678234,0.1508268592760682
codex-l,synergy_weight_top5_mean,0.14,8558,0.18378503549662822,0.20820998257510426,0.1328995421878303
codex-l,synergy_weight_top5_mean,0.16,9781,0.18200037588343393,0.205324168259174,0.1281524406887944
codex-l,synergy_weight_top5_mean,0.18,11003,0.2009630550993364,0.223676453499975,0.11302275629424186
codex-l,synergy_weight_top5_mean,0.2,12226,0.21149814362486632,0.23372027911649387,0.10507012076211364
codex-l,synergy_weight_top5_mean,0.22,13448,0.22782938575095454,0.24837372272527544,0.09017421921498037
codex-l,synergy_weight_top5_mean,0.24,14671,0.24052003178351697,0.2585041867059584,0.07477196302147648
codex-l,synergy_weight_top5_mean,0.26,15894,0.25402889533998557,0.2714226481288867,0.06847155228393143
codex-l,synergy_weight_top5_mean,0.28,17116,0.2689993968738213,0.28516831489471073,0.06010763670400987
codex-l,synergy_weight_top5_mean,0.3,18339,0.2813299090264102,0.2957319012875421,0.051192538720722824
codex-l,synergy_weight_top5_mean,0.32,19561,0.2906382503003992,0.3036161151874846,0.04465298312824162
codex-l,synergy_weight_top5_mean,0.34,20784,0.29221850202174177,0.30454289526058914,0.04217526663636928
codex-l,synergy_weight_top5_mean,0.36,22006,0.2987844170520274,0.31036359004919356,0.03875427343705762
codex-l,synergy_weight_top5_mean,0.38,23229,0.30427871448459304,0.31537424542862363,0.036465025043979526
codex-l,synergy_weight_top5_mean,0.4,24452,0.3117252565713466,0.32233370454743576,0.03403140346332867
codex-l,synergy_weight_top5_mean,0.42,25674,0.31769911221463476,0.3278786818496254,0.03204154259050429
codex-l,synergy_weight_top5_mean,0.44,26897,0.31876868780717404,0.3286428346246565,0.030975899437950538
codex-l,synergy_weight_top5_mean,0.46,28119,0.3258782440148246,0.3361775072322985,0.03160463580074202
codex-l,synergy_weight_top5_mean,0.48,29342,0.32014623006060255,0.33018940103037575,0.03137057390265707
codex-l,synergy_weight_top5_mean,0.5,30564,0.3142932979002874,0.32396559233583966,0.03077473971023359
codex-l,synergy_weight_top5_mean,0.52,31787,0.30557421612079483,0.3148082919954066,0.030218766464777502
codex-l,synergy_weight_top5_mean,0.54,33010,0.300079642926302,0.30902914654135727,0.029823761211463573
codex-l,synergy_weight_top5_mean,0.56,34232,0.3073863534662627,0.316166834873367,0.02856496818447085
codex-l,synergy_weight_top5_mean,0.58,35455,0.3070193511885251,0.31549830399086876,0.02761699798244055
codex-l,synergy_weight_top5_mean,0.6,36677,0.3054956461037392,0.31370607825129604,0.026875774670676478
codex-l,synergy_weight_top5_mean,0.62,37900,0.30273029074542884,0.3108417623078104,0.026794383681950862
codex-l,synergy_weight_top5_mean,0.64,39123,0.30412865654186433,0.3122345751263162,0.02665292602354974
codex-l,synergy_weight_top5_mean,0.66,40345,0.29818481684929055,0.30605074491411055,0.026379371518421735
codex-l,synergy_weight_top5_mean,0.68,41568,0.29759991881153414,0.3052452539080027,0.025689977090720406
codex-l,synergy_weight_top5_mean,0.7,42790,0.2914718547281187,0.29890609275749425,0.02550585213900014
codex-l,synergy_weight_top5_mean,0.72,44013,0.2866273157555364,0.2938771713624622,0.025293666054875263
codex-l,synergy_weight_top5_mean,0.74,45235,0.28750141303955684,0.29461418089845737,0.024739940523081483
codex-l,synergy_weight_top5_mean,0.76,46458,0.2935278192704484,0.30052512024732086,0.023838629654470145
codex-l,synergy_weight_top5_mean,0.78,47681,0.28847933668522546,0.2953427787080083,0.023791797712956697
codex-l,synergy_weight_top5_mean,0.8,48903,0.28299405910904,0.28971769080282556,0.02375891463924651
codex-l,synergy_weight_top5_mean,0.82,50126,0.2852220108933635,0.2919495615993847,0.023587067088368663
codex-l,synergy_weight_top5_mean,0.84,51348,0.2982651329102958,0.30519730757098,0.023241652797442613
codex-l,synergy_weight_top5_mean,0.86,52571,0.3112362248774799,0.3183733112787734,0.02293141296165979
codex-l,synergy_weight_top5_mean,0.88,53794,0.316243124279131,0.3233423648560026,0.022448679613364497
codex-l,synergy_weight_top5_mean,0.9,55016,0.32137741054683655,0.32826544798595503,0.0214328612188337
codex-l,synergy_weight_top5_mean,0.92,56239,0.3237498861985928,0.33048295946446626,0.020797144811174784
codex-l,synergy_weight_top5_mean,0.94,57461,0.32506379029230537,0.33164691421536413,0.020251790939676884
codex-l,synergy_weight_top5_mean,0.96,58684,0.3241402097394949,0.33049068852480823,0.01959176490450565
codex-l,synergy_weight_top5_mean,0.98,59906,0.32376179126842525,0.32966486335609435,0.018232763244057315
codex-l,synergy_weight_top5_mean,1.0,61129,0.3293206066178304,0.3342010881088536,0.014819848478801356
codex-m,synergy_weight_top5_mean,0.02,412,0.288964099556464,0.30425443285241566,0.05291430084021176
codex-m,synergy_weight_top5_mean,0.04,824,0.2644788272563739,0.2765384499054647,0.04559768649231333
codex-m,synergy_weight_top5_mean,0.06,1236,0.28512960290190675,0.294489252726805,0.032825949075930394
codex-m,synergy_weight_top5_mean,0.08,1648,0.26349801334977363,0.27126250949142455,0.029467000691743905
codex-m,synergy_weight_top5_mean,0.1,2059,0.2816108526089134,0.2883784331583395,0.024031675223911142
codex-m,synergy_weight_top5_mean,0.12,2471,0.2963451459935189,0.30251310060893594,0.020813415366526478
codex-m,synergy_weight_top5_mean,0.14,2883,0.30883562960765926,0.3144365817153442,0.018135705762966303
codex-m,synergy_weight_top5_mean,0.16,3295,0.34707912691317194,0.35193220762916433,0.013982634908513258
codex-m,synergy_weight_top5_mean,0.18,3707,0.3397658590055225,0.34386086726336784,0.012052441848722673
codex-m,synergy_weight_top5_mean,0.2,4119,0.33649847944620215,0.3411718112605085,0.01388812164024511
codex-m,synergy_weight_top5_mean,0.22,4531,0.3218157437849349,0.32609093662992084,0.013284598182502272
codex-m,synergy_weight_top5_mean,0.24,4943,0.31560217503416105,0.3196355040449499,0.012779788385020696
codex-m,synergy_weight_top5_mean,0.26,5354,0.350659179701378,0.35516209914753,0.012841299206787227
codex-m,synergy_weight_top5_mean,0.28,5766,0.3569466938740593,0.361530652292165,0.012842137206411808
codex-m,synergy_weight_top5_mean,0.3,6178,0.35050326943546395,0.355076861273117,0.013048642442107461
codex-m,synergy_weight_top5_mean,0.32,6590,0.33818991235217083,0.3428229359662678,0.013699473121103534
codex-m,synergy_weight_top5_mean,0.34,7002,0.3267381130020359,0.33140421499690786,0.014280862284477003
codex-m,synergy_weight_top5_mean,0.36,7414,0.35205930145910813,0.3580394549698748,0.01698621080591245
codex-m,synergy_weight_top5_mean,0.38,7826,0.37612030177282796,0.38332702498091814,0.01916068655193981
codex-m,synergy_weight_top5_mean,0.4,8238,0.36238442491818396,0.36930651178522295,0.019101502137134574
codex-m,synergy_weight_top5_mean,0.42,8649,0.34659550578204196,0.3531945238411114,0.019039537296306586
codex-m,synergy_weight_top5_mean,0.44,9061,0.33238525184005185,0.3386905662220385,0.01896989817412509
codex-m,synergy_weight_top5_mean,0.46,9473,0.3190961843710271,0.32513205184202254,0.018915511267841634
codex-m,synergy_weight_top5_mean,0.48,9885,0.3073001092313517,0.31309056969028154,0.018843014645889555
codex-m,synergy_weight_top5_mean,0.5,10297,0.29606081526863537,0.3016239198447652,0.018790411595273282
codex-m,synergy_weight_top5_mean,0.52,10709,0.28561955310008774,0.29097252189297246,0.018741604819362268
codex-m,synergy_weight_top5_mean,0.54,11121,0.2772355920041932,0.28239925690885687,0.018625548283084825
codex-m,synergy_weight_top5_mean,0.56,11533,0.2715284701711684,0.2765248739785363,0.018401031038175253
codex-m,synergy_weight_top5_mean,0.58,11945,0.27975497551455214,0.2846511601143555,0.01750168907915861
codex-m,synergy_weight_top5_mean,0.6,12356,0.28820855056320477,0.2930146717259021,0.01667584515901921
codex-m,synergy_weight_top5_mean,0.62,12768,0.29679712518354495,0.3015214914220648,0.01591783018652282
codex-m,synergy_weight_top5_mean,0.64,13180,0.305374397352687,0.31002427466306726,0.015226807979615842
codex-m,synergy_weight_top5_mean,0.66,13592,0.31398871309744286,0.31857090070608296,0.014593478738256671
codex-m,synergy_weight_top5_mean,0.68,14004,0.3231732974945649,0.32769619375687925,0.01399526599932166
codex-m,synergy_weight_top5_mean,0.7,14416,0.33016380885027347,0.33462396072850037,0.013508906060171855
codex-m,synergy_weight_top5_mean,0.72,14828,0.33509261914325966,0.339486654348924,0.013112897612900909
codex-m,synergy_weight_top5_mean,0.74,15240,0.3377921563505925,0.34209877591570315,0.012749317839816365
codex-m,synergy_weight_top5_mean,0.76,15651,0.33330097517527724,0.33747837732446095,0.012533423123010312
codex-m,synergy_weight_top5_mean,0.78,16063,0.3409707179686094,0.34498125878450586,0.011762126788452454
codex-m,synergy_weight_top5_mean,0.8,16475,0.3427120267622011,0.34659556559729054,0.011331784506600107
codex-m,synergy_weight_top5_mean,0.82,16887,0.33754375613857557,0.34134538814662874,0.011262634662667192
codex-m,synergy_weight_top5_mean,0.84,17299,0.3349106721781882,0.33865580734709516,0.011182489780183547
codex-m,synergy_weight_top5_mean,0.86,17711,0.33818501111522986,0.34189985828398967,0.010984659422099696
codex-m,synergy_weight_top5_mean,0.88,18123,0.3395306456880143,0.34321432701956256,0.010849333862290367
codex-m,synergy_weight_top5_mean,0.9,18535,0.33875991695259206,0.34237235911381003,0.01066372371830382
codex-m,synergy_weight_top5_mean,0.92,18946,0.3360452081391742,0.33959292926215273,0.01055727335802148
codex-m,synergy_weight_top5_mean,0.94,19358,0.33621990799297435,0.3396739978495434,0.01027330557904138
codex-m,synergy_weight_top5_mean,0.96,19770,0.33735458598126217,0.3407300214146712,0.010005601149872811
codex-m,synergy_weight_top5_mean,0.98,20182,0.3371989958721353,0.3403992378160358,0.009490662733509625
codex-m,synergy_weight_top5_mean,1.0,20594,0.3418371108917016,0.34476875252136285,0.00857613622468878
hetionet,synergy_weight_top5_mean,0.02,9001,0.5719238745976163,0.6383249861116267,0.1161013107919786
hetionet,synergy_weight_top5_mean,0.04,18002,0.5223949560198886,0.5830456912101865,0.11610130322159695
hetionet,synergy_weight_top5_mean,0.06,27002,0.514574327909707,0.5743170893557867,0.11610132532022233
hetionet,synergy_weight_top5_mean,0.08,36003,0.5484705617433122,0.6121487369620596,0.11610135467680616
hetionet,synergy_weight_top5_mean,0.1,45004,0.5656780190948927,0.6313539885359608,0.11610132836017262
hetionet,synergy_weight_top5_mean,0.12,54005,0.5779991176634289,0.6451055623118779,0.11610129254128942
hetionet,synergy_weight_top5_mean,0.14,63006,0.5833912061898548,0.6511236722934214,0.11610128055568292
hetionet,synergy_weight_top5_mean,0.16,72006,0.5852595010841745,0.6532088908439205,0.11610130144640451
hetionet,synergy_weight_top5_mean,0.18,81007,0.5844687578480839,0.6523262671623399,0.11610117461897529
hetionet,synergy_weight_top5_mean,0.2,90008,0.5854818293400733,0.653456959727004,0.11610117851744262
hetionet,synergy_weight_top5_mean,0.22,99009,0.5893563546370955,0.6577603316419363,0.11606556282397529
hetionet,synergy_weight_top5_mean,0.24,108010,0.5936109042748672,0.6619391894434427,0.1151061826467672
hetionet,synergy_weight_top5_mean,0.26,117010,0.592466606722592,0.6578131104874884,0.11029567409103502
hetionet,synergy_weight_top5_mean,0.28,126011,0.5758812637540934,0.6372779530344265,0.10661345166900582
hetionet,synergy_weight_top5_mean,0.3,135012,0.5510296237253074,0.6086614063593485,0.10458926372127508
hetionet,synergy_weight_top5_mean,0.32,144013,0.5342272438185001,0.5886679499462686,0.10190552196223135
hetionet,synergy_weight_top5_mean,0.34,153014,0.5284555404208671,0.5799659375701837,0.09747347356466962
hetionet,synergy_weight_top5_mean,0.36,162014,0.5308442674152483,0.5798349715766532,0.09228827957387065
hetionet,synergy_weight_top5_mean,0.38,171015,0.5378972181762268,0.584680808493201,0.08697496238332825
hetionet,synergy_weight_top5_mean,0.4,180016,0.5402349022689044,0.5848653690545662,0.08261307553107122
hetionet,synergy_weight_top5_mean,0.42,189017,0.5454745054838741,0.5880955001180266,0.07813563091522435
hetionet,synergy_weight_top5_mean,0.44,198018,0.5465793388724907,0.5872717607540607,0.0744492500677254
hetionet,synergy_weight_top5_mean,0.46,207018,0.5296447277590935,0.5686662064878412,0.07367481763454165
hetionet,synergy_weight_top5_mean,0.48,216019,0.5085669329430559,0.5459699836347286,0.07354597451946554
hetionet,synergy_weight_top5_mean,0.5,225020,0.4891609698852645,0.5250749604182423,0.07341957503559948
hetionet,synergy_weight_top5_mean,0.52,234021,0.4713953416507988,0.5059359345334498,0.07327308912661668
hetionet,synergy_weight_top5_mean,0.54,243022,0.45587571606827965,0.48915168743514914,0.07299351598251302
hetionet,synergy_weight_top5_mean,0.56,252022,0.44156143045256135,0.47366395897153435,0.07270229305596443
hetionet,synergy_weight_top5_mean,0.58,261023,0.4313709042476976,0.4623373866328302,0.07178621015049114
hetionet,synergy_weight_top5_mean,0.6,270024,0.4400534774265476,0.46973762355703397,0.06745576993069258
hetionet,synergy_weight_top5_mean,0.62,279025,0.4477813914891004,0.47627021250298657,0.06362216375081231
hetionet,synergy_weight_top5_mean,0.64,288026,0.45602200207699034,0.48337940937278506,0.05999141964903698
hetionet,synergy_weight_top5_mean,0.66,297026,0.4621046764791331,0.4884173331388658,0.0569409010534454
hetionet,synergy_weight_top5_mean,0.68,306027,0.46847698559965284,0.49379922208922966,0.05405225287036086
hetionet,synergy_weight_top5_mean,0.7,315028,0.4706697712536852,0.4950995605613002,0.05190430913492361
hetionet,synergy_weight_top5_mean,0.72,324029,0.45870193737824716,0.4824411060410448,0.05175292870677861
hetionet,synergy_weight_top5_mean,0.74,333030,0.4473821505314731,0.47046801799596427,0.05160212010484999
hetionet,synergy_weight_top5_mean,0.76,342030,0.4365716996405894,0.4590396679801385,0.0514645552106241
hetionet,synergy_weight_top5_mean,0.78,351031,0.4263724287622646,0.44825349043307344,0.05131912899323332
hetionet,synergy_weight_top5_mean,0.8,360032,0.4162615077458251,0.4375895810863818,0.0512371981162858
hetionet,synergy_weight_top5_mean,0.82,369033,0.4079964962196778,0.4288206734048063,0.05104008828035633
hetionet,synergy_weight_top5_mean,0.84,378034,0.40651376267372674,0.4268236360386929,0.04996109659703474
hetionet,synergy_weight_top5_mean,0.86,387034,0.40216672196220643,0.4219722066850902,0.0492469506831672
hetionet,synergy_weight_top5_mean,0.88,396035,0.39393011909710696,0.4133072470404165,0.0491892521133499
hetionet,synergy_weight_top5_mean,0.9,405036,0.38845984662895666,0.40742712786307006,0.04882687721449441
hetionet,synergy_weight_top5_mean,0.92,414037,0.38548145413592255,0.40397447508391027,0.04797382792238558
hetionet,synergy_weight_top5_mean,0.94,423038,0.38258326063888765,0.4006227302144377,0.047151748211422984
hetionet,synergy_weight_top5_mean,0.96,432038,0.3797913334696919,0.3974165745982546,0.04640769700441094
hetionet,synergy_weight_top5_mean,0.98,441039,0.3757259375099612,0.3930560324293791,0.04612429749798275
hetionet,synergy_weight_top5_mean,1.0,450040,0.37318845788011507,0.39025626869102603,0.045735098314305
FB15k-237,max_candidate_dep_score,0.02,816,0.21299580926773254,0.2545733226687341,0.19520343402033458
FB15k-237,max_candidate_dep_score,0.04,1633,0.2330074406561636,0.26301821068778325,0.1287974750810852
FB15k-237,max_candidate_dep_score,0.06,2449,0.2464822622565353,0.2724744661322565,0.10545263435090058
FB15k-237,max_candidate_dep_score,0.08,3266,0.24757436811849678,0.27081393687377253,0.09386904198480095
FB15k-237,max_candidate_dep_score,0.1,4082,0.2436179533320424,0.2643916335523555,0.08527154889935118
FB15k-237,max_candidate_dep_score,0.12,4898,0.23729054436595956,0.25599492245605804,0.07882479320900293
FB15k-237,max_candidate_dep_score,0.14,5715,0.23869534217140126,0.25590148395207263,0.07208411200716291
FB15k-237,max_candidate_dep_score,0.16,6531,0.23973233093891483,0.2557611315196376,0.06686123860701532
FB15k-237,max_candidate_dep_score,0.18,7347,0.2461701185498606,0.26120879958601384,0.06109060321676374
FB15k-237,max_candidate_dep_score,0.2,8164,0.24171623418798022,0.2552347063555579,0.05592703449559999
FB15k-237,max_candidate_dep_score,0.22,8980,0.24590613505945866,0.2583636012988375,0.050659436521852896
FB15k-237,max_candidate_dep_score,0.24,9797,0.2488421409205468,0.2602225853859103,0.045733590071455055
FB15k-237,max_candidate_dep_score,0.26,10613,0.25560532323673696,0.2664551206219936,0.04244746254837484
FB15k-237,max_candidate_dep_score,0.28,11429,0.26342125069113237,0.27389629469425325,0.039765371911482994
FB15k-237,max_candidate_dep_score,0.3,12246,0.2653825562940518,0.27519536167499525,0.036976075285334975
FB15k-237,max_candidate_dep_score,0.32,13062,0.2703369030592111,0.2794852510132326,0.033840544337440326
FB15k-237,max_candidate_dep_score,0.34,13878,0.27905276105051086,0.28768226068210007,0.030924258190827114
FB15k-237,max_candidate_dep_score,0.36,14695,0.29308537451733463,0.3013562913811267,0.028220162392657677
FB15k-237,max_candidate_dep_score,0.38,15511,0.3057474701044125,0.31384810366433646,0.02649452359215787
FB15k-237,max_candidate_dep_score,0.4,16328,0.31582912516548106,0.3239956663185567,0.025857466909667393
FB15k-237,max_candidate_dep_score,0.42,17144,0.3209957933645233,0.32882674470831896,0.024395806754086813
FB15k-237,max_candidate_dep_score,0.44,17960,0.3256086080444209,0.33322571949767993,0.023393458480741147
FB15k-237,max_candidate_dep_score,0.46,18777,0.3352296737912551,0.3423639740879374,0.021281828115027546
FB15k-237,max_candidate_dep_score,0.48,19593,0.3351653052070048,0.34193742620882306,0.02020531629201794
FB15k-237,max_candidate_dep_score,0.5,20410,0.332801291776746,0.33929234041618506,0.019504277176284113
FB15k-237,max_candidate_dep_score,0.52,21226,0.3277216610574441,0.3339868412941596,0.019117382160519947
FB15k-237,max_candidate_dep_score,0.54,22042,0.326737984843718,0.33298460543072617,0.019118134030225997
FB15k-237,max_candidate_dep_score,0.56,22859,0.3354672108681917,0.3415157550509939,0.01803020976967762
FB15k-237,max_candidate_dep_score,0.58,23675,0.34158431344936324,0.34784897012457394,0.018340001073086087
FB15k-237,max_candidate_dep_score,0.6,24491,0.3465542979992143,0.35267023390607893,0.01764784318698176
FB15k-237,max_candidate_dep_score,0.62,25308,0.3466252187269058,0.3525245599601771,0.017019365339136394
FB15k-237,max_candidate_dep_score,0.64,26124,0.3569058863283853,0.36259888563871223,0.015950981836956313
FB15k-237,max_candidate_dep_score,0.66,26941,0.3550499678440752,0.36057032395494637,0.015548110437501705
FB15k-237,max_candidate_dep_score,0.68,27757,0.3534264830046999,0.35879411798571526,0.015187415881746436
FB15k-237,max_candidate_dep_score,0.7,28573,0.3475253783191323,0.35273968030881087,0.015004089816111899
FB15k-237,max_candidate_dep_score,0.72,29390,0.3478320578653441,0.35294121166441844,0.014688565023101674
FB15k-237,max_candidate_dep_score,0.74,30206,0.35647572569205926,0.36144685825362965,0.013945220398722702
FB15k-237,max_candidate_dep_score,0.76,31022,0.35477569092150263,0.3596160632429131,0.013643472327086403
FB15k-237,max_candidate_dep_score,0.78,31839,0.3502181105538114,0.35493427720963583,0.013466369995448257
FB15k-237,max_candidate_dep_score,0.8,32655,0.35712823405999616,0.3617107199809077,0.012831485959023059
FB15k-237,max_candidate_dep_score,0.82,33472,0.3596982761912016,0.3641689106841321,0.012428846032484397
FB15k-237,max_candidate_dep_score,0.84,34288,0.36494985997097507,0.3693141004559076,0.011958465980175026
FB15k-237,max_candidate_dep_score,0.86,35104,0.3614074007598325,0.3656701935397826,0.011794979214559076
FB15k-237,max_candidate_dep_score,0.88,35921,0.3593256009058927,0.3634993892731559,0.011615616468018564
FB15k-237,max_candidate_dep_score,0.9,36737,0.3666508630690841,0.37074111593482284,0.011155715907773756
FB15k-237,max_candidate_dep_score,0.92,37553,0.3623859668534345,0.366436248110784,0.01117670557863426
FB15k-237,max_candidate_dep_score,0.94,38370,0.3562201116707228,0.36017986299797616,0.011116024046709638
FB15k-237,max_candidate_dep_score,0.96,39186,0.35344414505211663,0.3573566069364247,0.011069533727121605
FB15k-237,max_candidate_dep_score,0.98,40003,0.3524180326277071,0.3562100702947416,0.010760055717808248
FB15k-237,max_candidate_dep_score,1.0,40819,0.35210727177438816,0.3556284813078721,0.010000388562665607
KG20C,max_candidate_dep_score,0.02,149,0.2204390586064133,0.23692518746449892,0.07478769398811957
KG20C,max_candidate_dep_score,0.04,298,0.21819516708032327,0.2344270637335799,0.07439164153109434
KG20C,max_candidate_dep_score,0.06,447,0.25723988218629534,0.27600922439472386,0.07296435548371005
KG20C,max_candidate_dep_score,0.08,596,0.2616332929282044,0.2805192530007347,0.07218485025800159
KG20C,max_candidate_dep_score,0.1,745,0.25755759263757344,0.27576804585112535,0.07070439285855978
KG20C,max_candidate_dep_score,0.12,894,0.24285773444194939,0.2598390297070187,0.06992281017563551
KG20C,max_candidate_dep_score,0.14,1043,0.2445312671523267,0.26123178111046574,0.0682960267315662
KG20C,max_candidate_dep_score,0.16,1192,0.23650378254681545,0.2524418004665977,0.06739011845033538
KG20C,max_candidate_dep_score,0.18,1341,0.22588162925816177,0.2409862863909824,0.06686979008619343
KG20C,max_candidate_dep_score,0.2,1490,0.22469783008759472,0.23956899999976342,0.06618297073172186
KG20C,max_candidate_dep_score,0.22,1639,0.22223344163432637,0.2368705155514839,0.06586350735296653
KG20C,max_candidate_dep_score,0.24,1788,0.21832454260867482,0.2325849068865496,0.06531727540790078
KG20C,max_candidate_dep_score,0.26,1936,0.21185728574137874,0.2256244792972408,0.06498333775817433
KG20C,max_candidate_dep_score,0.28,2085,0.20400141167791058,0.21718506073658317,0.06462528347346774
KG20C,max_candidate_dep_score,0.3,2234,0.1980415398588377,0.21076371065310195,0.06423991049217492
KG20C,max_candidate_dep_score,0.32,2383,0.19702355583792358,0.20958185514846409,0.06374009065632369
KG20C,max_candidate_dep_score,0.34,2532,0.1910911616394973,0.20320042420704246,0.0633690353004912
KG20C,max_candidate_dep_score,0.36,2681,0.18913723191790058,0.20104709696867198,0.06296943721763437
KG20C,max_candidate_dep_score,0.38,2830,0.18398746473447755,0.19552201456858848,0.06269204182337673
KG20C,max_candidate_dep_score,0.4,2979,0.1810949468370181,0.1923832870062922,0.062333821933934885
KG20C,max_candidate_dep_score,0.42,3128,0.1779873980622379,0.18901342486151052,0.06194835656520503
KG20C,max_candidate_dep_score,0.44,3277,0.1765238757784279,0.18738135061681405,0.06150711789273422
KG20C,max_candidate_dep_score,0.46,3426,0.172937879485648,0.18352570802289972,0.06122330497368211
KG20C,max_candidate_dep_score,0.48,3575,0.1727767616495446,0.18326812233377537,0.06072205882357684
KG20C,max_candidate_dep_score,0.5,3724,0.16936582761343716,0.17960520384518935,0.06045715582675082
KG20C,max_candidate_dep_score,0.52,3873,0.16887726331763642,0.17902429138258935,0.060085223230244234
KG20C,max_candidate_dep_score,0.54,4022,0.16705902252635216,0.17703105050220572,0.05969164565344287
KG20C,max_candidate_dep_score,0.56,4171,0.16666305916188498,0.17651725111808778,0.05912643153052355
KG20C,max_candidate_dep_score,0.58,4320,0.1649844930600967,0.17460255034674504,0.058296735094642615
KG20C,max_candidate_dep_score,0.6,4469,0.1623774918953258,0.17167487553334793,0.05725783499609394
KG20C,max_candidate_dep_score,0.62,4618,0.16145476151754354,0.17045216460942766,0.055727084214276745
KG20C,max_candidate_dep_score,0.64,4767,0.17338467720057957,0.1821008524634956,0.050270735590047355
KG20C,max_candidate_dep_score,0.66,4916,0.1923580919142524,0.20081008692611588,0.04393885865550762
KG20C,max_candidate_dep_score,0.68,5065,0.20001228812286598,0.20823071747838845,0.041089622205981335
KG20C,max_candidate_dep_score,0.7,5214,0.19578593183502266,0.2038423839098606,0.041149289937882916
KG20C,max_candidate_dep_score,0.72,5363,0.19469892395448016,0.20274452610948224,0.04132330056884714
KG20C,max_candidate_dep_score,0.74,5512,0.1926443474519339,0.2006308221084965,0.041457093147024615
KG20C,max_candidate_dep_score,0.76,5660,0.1910164479221154,0.19899613401535593,0.041774863788139216
KG20C,max_candidate_dep_score,0.78,5809,0.18967487737236444,0.1977133580031437,0.042380312786486574
KG20C,max_candidate_dep_score,0.8,5958,0.18917930237407798,0.197331314927698,0.043091461123482055
KG20C,max_candidate_dep_score,0.82,6107,0.1884901665109191,0.19673404688062882,0.04373639496589954
KG20C,max_candidate_dep_score,0.84,6256,0.187907934830596,0.1962447925048725,0.04436671437953055
KG20C,max_candidate_dep_score,0.86,6405,0.19017833554394775,0.19881307962028658,0.04540340544911037
KG20C,max_candidate_dep_score,0.88,6554,0.19095826900281873,0.19971337958766108,0.045848292564451
KG20C,max_candidate_dep_score,0.9,6703,0.19354950527077872,0.20209304942410464,0.04414138977711857
KG20C,max_candidate_dep_score,0.92,6852,0.19503830891847218,0.20338194198549492,0.042779457601380466
KG20C,max_candidate_dep_score,0.94,7001,0.2007766267275611,0.20891994184233448,0.040559079248916996
KG20C,max_candidate_dep_score,0.96,7150,0.2101722506140589,0.21811219424920658,0.03777826812031382
KG20C,max_candidate_dep_score,0.98,7299,0.21954210868785884,0.22728609672099306,0.03527336090291677
KG20C,max_candidate_dep_score,1.0,7448,0.2263808023358598,0.2339520411211777,0.03344470338118666
WN18RR,max_candidate_dep_score,0.02,121,0.6363430862454036,0.6767964574478013,0.06357163623963213
WN18RR,max_candidate_dep_score,0.04,242,0.5063865068983738,0.5330322462452933,0.05261937074533263
WN18RR,max_candidate_dep_score,0.06,363,0.42945432608823775,0.450733010526775,0.049548189751301264
WN18RR,max_candidate_dep_score,0.08,484,0.40347591336277666,0.42047930032479197,0.0421422602908319
WN18RR,max_candidate_dep_score,0.1,606,0.49004925413742123,0.5039405500538017,0.02834673412743327
WN18RR,max_candidate_dep_score,0.12,727,0.4418422197602596,0.4554520400283939,0.030802444084041758
WN18RR,max_candidate_dep_score,0.14,848,0.40390436278537295,0.4165765206255466,0.03137415439829594
WN18RR,max_candidate_dep_score,0.16,969,0.42075055781174675,0.4308935186171956,0.02410682675787923
WN18RR,max_candidate_dep_score,0.18,1090,0.40530850679909597,0.41459349894808273,0.022908456134598687
WN18RR,max_candidate_dep_score,0.2,1211,0.3832216294755628,0.39181303744966983,0.022418901526681356
WN18RR,max_candidate_dep_score,0.22,1332,0.36240552191465064,0.3707759029591141,0.023096726010799484
WN18RR,max_candidate_dep_score,0.24,1453,0.3673042335697067,0.37680563974800185,0.02586794626883049
WN18RR,max_candidate_dep_score,0.26,1574,0.40921898389471634,0.4186834179190636,0.023128042434078067
WN18RR,max_candidate_dep_score,0.28,1695,0.4483982364936017,0.45718703835455904,0.019600438060783265
WN18RR,max_candidate_dep_score,0.3,1816,0.4820989740504869,0.49030217843062046,0.017015602234562
WN18RR,max_candidate_dep_score,0.32,1938,0.5124822210276612,0.5201690214168885,0.014999155236669948
WN18RR,max_candidate_dep_score,0.34,2059,0.5397875525417215,0.5470226274102609,0.013403560038521167
WN18RR,max_candidate_dep_score,0.36,2180,0.5631404796506723,0.569973974675591,0.012134618752957849
WN18RR,max_candidate_dep_score,0.38,2301,0.5846170451073545,0.5910911951092331,0.011074172496441381
WN18RR,max_candidate_dep_score,0.4,2422,0.6021479317674884,0.6082986415752186,0.01021461584975647
WN18RR,max_candidate_dep_score,0.42,2543,0.618402685222232,0.6242607344374591,0.00947287156931087
WN18RR,max_candidate_dep_score,0.44,2664,0.6329711600745146,0.6385631342315427,0.008834484901918405
WN18RR,max_candidate_dep_score,0.46,2785,0.6473868075411018,0.6527358269861009,0.008262478293797226
WN18RR,max_candidate_dep_score,0.48,2906,0.6605732744540505,0.6656995714789378,0.0077603760599065374
WN18RR,max_candidate_dep_score,0.5,3028,0.6724733494947056,0.6773931048296867,0.007315911238233941
WN18RR,max_candidate_dep_score,0.52,3149,0.6828879891324501,0.6876187033764396,0.0069275112745788014
WN18RR,max_candidate_dep_score,0.54,3270,0.6934898717111431,0.6980455350610887,0.006569185125522958
WN18RR,max_candidate_dep_score,0.56,3391,0.7034829282893799,0.7078760333186698,0.006244792663231191
WN18RR,max_candidate_dep_score,0.58,3512,0.7126693046054726,0.7169110526562478,0.005951916300258375
WN18RR,max_candidate_dep_score,0.6,3633,0.7204060642280323,0.7245085103163298,0.005694630142645263
WN18RR,max_candidate_dep_score,0.62,3754,0.7012511633941247,0.7052477543462291,0.005699228979187065
WN18RR,max_candidate_dep_score,0.64,3875,0.6873255109046448,0.6912490231598881,0.005708375715720582
WN18RR,max_candidate_dep_score,0.66,3996,0.670160925180739,0.6739892990572192,0.005712618764586619
WN18RR,max_candidate_dep_score,0.68,4117,0.6526036175506893,0.6563333514817895,0.005715159755164123
WN18RR,max_candidate_dep_score,0.7,4238,0.6358671780464719,0.6395027257844881,0.005717464060946531
WN18RR,max_candidate_dep_score,0.72,4360,0.6187162539791441,0.6222542362986698,0.005718263091961662
WN18RR,max_candidate_dep_score,0.74,4481,0.6071873412120439,0.6106633834665404,0.005724826620327361
WN18RR,max_candidate_dep_score,0.76,4602,0.5943313666253923,0.5977361828244144,0.005728817946046849
WN18RR,max_candidate_dep_score,0.78,4723,0.5810072539514304,0.584337182674419,0.005731303181400582
WN18RR,max_candidate_dep_score,0.8,4844,0.5679641613330269,0.571220448389843,0.005733261495185715
WN18RR,max_candidate_dep_score,0.82,4965,0.5597427764365528,0.5629561693290639,0.0057408385204509305
WN18RR,max_candidate_dep_score,0.84,5086,0.5621127063732204,0.5653514233704238,0.005761686153831436
WN18RR,max_candidate_dep_score,0.86,5207,0.5541345391444659,0.5573309805896411,0.005768349054924959
WN18RR,max_candidate_dep_score,0.88,5328,0.5458282731139961,0.5489798794846884,0.005773988864138824
WN18RR,max_candidate_dep_score,0.9,5450,0.5367092681445558,0.5398104342403582,0.00577811168889153
WN18RR,max_candidate_dep_score,0.92,5571,0.5294405152865944,0.5325027964792408,0.0057839948100473215
WN18RR,max_candidate_dep_score,0.94,5692,0.5262766069410009,0.529326283230698,0.0057948163560288535
WN18RR,max_candidate_dep_score,0.96,5813,0.5204490090676773,0.5234684689263454,0.005801643976759641
WN18RR,max_candidate_dep_score,0.98,5934,0.5132967048409519,0.5162770440895158,0.005806269980804579
WN18RR,max_candidate_dep_score,1.0,6055,0.5098022893664883,0.5125272756194793,0.005345182455687381
YAGO3-10,max_candidate_dep_score,0.02,200,0.5096363519612915,0.5986333874335545,0.1746285074244911
YAGO3-10,max_candidate_dep_score,0.04,399,0.5650326184262517,0.6414687283165357,0.1352773404536829
YAGO3-10,max_candidate_dep_score,0.06,598,0.5940191765146693,0.6713749276197357,0.13022433309130066
YAGO3-10,max_candidate_dep_score,0.08,798,0.6212825544471169,0.6911541553033572,0.11246348437776343
YAGO3-10,max_candidate_dep_score,0.1,998,0.6008157505868584,0.6642571947395852,0.10559217878485905
YAGO3-10,max_candidate_dep_score,0.12,1197,0.5979461360929518,0.6564125821470758,0.09777878394891948
YAGO3-10,max_candidate_dep_score,0.14,1397,0.5896506031902564,0.6442806112456916,0.0926481000101822
YAGO3-10,max_candidate_dep_score,0.16,1596,0.5827774364377614,0.6349828649955626,0.089580387457874
YAGO3-10,max_candidate_dep_score,0.18,1796,0.5849530739203403,0.6358107263608473,0.08694313220658945
YAGO3-10,max_candidate_dep_score,0.2,1995,0.5832058877050755,0.6321019090227148,0.08384006805906208
YAGO3-10,max_candidate_dep_score,0.22,2194,0.5764287762934941,0.6220818712577583,0.07919988876651685
YAGO3-10,max_candidate_dep_score,0.24,2394,0.5733634845960734,0.6167446334283123,0.07566081551705417
YAGO3-10,max_candidate_dep_score,0.26,2594,0.5692829622077089,0.6107666724131497,0.07287010671207317
YAGO3-10,max_candidate_dep_score,0.28,2793,0.57603268588743,0.6166402604300929,0.0704952610112799
YAGO3-10,max_candidate_dep_score,0.3,2992,0.5748109504864743,0.6146986749340889,0.06939277063851468
YAGO3-10,max_candidate_dep_score,0.32,3192,0.5735051681185257,0.6127736392111485,0.06847099777923393
YAGO3-10,max_candidate_dep_score,0.34,3392,0.5845303248550398,0.6234437893123599,0.06657219104410106
YAGO3-10,max_candidate_dep_score,0.36,3591,0.5979179304425358,0.6363484172662023,0.06427384908029588
YAGO3-10,max_candidate_dep_score,0.38,3790,0.6052179529590641,0.6431354076433451,0.06265090865016965
YAGO3-10,max_candidate_dep_score,0.4,3990,0.6183867990464716,0.6559566526151263,0.06075461770300694
YAGO3-10,max_candidate_dep_score,0.42,4190,0.6300466125623377,0.6673327602708048,0.05917998282195014
YAGO3-10,max_candidate_dep_score,0.44,4389,0.6360606914224138,0.6731707784638723,0.05834362591794462
YAGO3-10,max_candidate_dep_score,0.46,4588,0.6358271308039227,0.6720550120774413,0.056977564369914635
YAGO3-10,max_candidate_dep_score,0.48,4788,0.6350927554366212,0.6708576500322411,0.0563144427163742
YAGO3-10,max_candidate_dep_score,0.5,4988,0.6331539092951818,0.6683101916660648,0.055525650011414296
YAGO3-10,max_candidate_dep_score,0.52,5187,0.6291054779255314,0.6632289762821854,0.05424129904126063
YAGO3-10,max_candidate_dep_score,0.54,5386,0.6307115825257641,0.6639407184039797,0.0526851524513714
YAGO3-10,max_candidate_dep_score,0.56,5586,0.6357923854146084,0.6686942749580247,0.05174942370843372
YAGO3-10,max_candidate_dep_score,0.58,5786,0.6346544852682834,0.6667621167763276,0.05059072653440966
YAGO3-10,max_candidate_dep_score,0.6,5985,0.6304088280844841,0.6615164631797336,0.04934517682718842
YAGO3-10,max_candidate_dep_score,0.62,6184,0.6281572044835838,0.6586518600755086,0.048546216415673804
YAGO3-10,max_candidate_dep_score,0.64,6384,0.6302423747103464,0.6602681914194578,0.04764169772448423
YAGO3-10,max_candidate_dep_score,0.66,6584,0.6310282674695386,0.6603478710705516,0.04646321743808146
YAGO3-10,max_candidate_dep_score,0.68,6783,0.6320410468303258,0.6607381178611001,0.04540380909545294
YAGO3-10,max_candidate_dep_score,0.7,6982,0.6310039424021477,0.6587302308102163,0.04393996066414152
YAGO3-10,max_candidate_dep_score,0.72,7182,0.6287633040871252,0.6558011556015713,0.043001637243606616
YAGO3-10,max_candidate_dep_score,0.74,7382,0.6209746245387686,0.6473268394989363,0.042436862826304544
YAGO3-10,max_candidate_dep_score,0.76,7581,0.6136450432985875,0.6393278832307286,0.04185292493211645
YAGO3-10,max_candidate_dep_score,0.78,7780,0.6065126318151978,0.6316141632724334,0.04138665897544569
YAGO3-10,max_candidate_dep_score,0.8,7980,0.6139812491654797,0.638510283709914,0.0399507877117975
YAGO3-10,max_candidate_dep_score,0.82,8179,0.6095855324591435,0.6335395519159335,0.03929558393578758
YAGO3-10,max_candidate_dep_score,0.84,8379,0.601856113028673,0.625241945728385,0.03885618537964053
YAGO3-10,max_candidate_dep_score,0.86,8578,0.5921301926753808,0.6149600421791682,0.038555455854458076
YAGO3-10,max_candidate_dep_score,0.88,8778,0.5809646164852229,0.6032571342948249,0.038371558571792974
YAGO3-10,max_candidate_dep_score,0.9,8978,0.5774578890861836,0.6000601878561325,0.03914103382623568
YAGO3-10,max_candidate_dep_score,0.92,9177,0.5824945835817686,0.6049957225242742,0.038628923901997014
YAGO3-10,max_candidate_dep_score,0.94,9376,0.5790107002930862,0.601046664995792,0.03805795763627762
YAGO3-10,max_candidate_dep_score,0.96,9576,0.571158320252679,0.59256968857571,0.03748762394559657
YAGO3-10,max_candidate_dep_score,0.98,9776,0.5611181327368997,0.5816774730604408,0.036639949992813836
YAGO3-10,max_candidate_dep_score,1.0,9975,0.5607274620553473,0.5794717170327173,0.03342845900335045
codex-l,max_candidate_dep_score,0.02,1223,0.039646469539808035,0.05987978658297176,0.5103434751699127
codex-l,max_candidate_dep_score,0.04,2445,0.049200381425223066,0.06849740135785232,0.3922128116416683
codex-l,max_candidate_dep_score,0.06,3668,0.04374355132602354,0.05793416197202596,0.32440463144473286
codex-l,max_candidate_dep_score,0.08,4890,0.053979597874576415,0.06782712635271967,0.2565326349840267
codex-l,max_candidate_dep_score,0.1,6113,0.10377706029129753,0.12145864567965832,0.17038048041377718
codex-l,max_candidate_dep_score,0.12,7335,0.11153640418835818,0.12767368860397718,0.144681770342596
codex-l,max_candidate_dep_score,0.14,8558,0.13539712449376648,0.15111211886547005,0.1160659388481109
codex-l,max_candidate_dep_score,0.16,9781,0.15500047487070162,0.17118455136241578,0.10441307683227818
codex-l,max_candidate_dep_score,0.18,11003,0.17047996545042593,0.18613806542668815,0.09184715596869042
codex-l,max_candidate_dep_score,0.2,12226,0.19036746316647432,0.2062993668438656,0.08369026624817177
codex-l,max_candidate_dep_score,0.22,13448,0.21391081893053307,0.2297933424215347,0.07424834129665703
codex-l,max_candidate_dep_score,0.24,14671,0.23084263601920324,0.24560247972364319,0.06393898440499579
codex-l,max_candidate_dep_score,0.26,15894,0.24557134315608795,0.2593171448547438,0.05597477914969429
codex-l,max_candidate_dep_score,0.28,17116,0.2594590455667727,0.2722894693427039,0.04945067052067498
codex-l,max_candidate_dep_score,0.3,18339,0.2708098830083548,0.2828921169867617,0.044615188501204495
codex-l,max_candidate_dep_score,0.32,19561,0.2747434624247668,0.2863034040747724,0.04207540207866112
codex-l,max_candidate_dep_score,0.34,20784,0.28727419984207236,0.2990987624385009,0.04116124108231456
codex-l,max_candidate_dep_score,0.36,22006,0.28332622189702245,0.29491240516295264,0.04089343791885702
codex-l,max_candidate_dep_score,0.38,23229,0.28136229503131327,0.29246355590580525,0.03945539637162998
codex-l,max_candidate_dep_score,0.4,24452,0.27201383523749484,0.2824673096283816,0.03842993641025605
codex-l,max_candidate_dep_score,0.42,25674,0.2626789643483247,0.2725699516952046,0.03765428027865969
codex-l,max_candidate_dep_score,0.44,26897,0.2740322897932025,0.2834868167185099,0.03450150685688258
codex-l,max_candidate_dep_score,0.46,28119,0.28714868568046503,0.2963062155163199,0.031891247609767026
codex-l,max_candidate_dep_score,0.48,29342,0.29202257163554296,0.3010123057343147,0.030784380975835468
codex-l,max_candidate_dep_score,0.5,30564,0.2973430457588088,0.30597559523641,0.029032289810482004
codex-l,max_candidate_dep_score,0.52,31787,0.2898495439229158,0.2981825361339447,0.02874937147820744
codex-l,max_candidate_dep_score,0.54,33010,0.29186163165136014,0.30018428488751137,0.028515749703246218
codex-l,max_candidate_dep_score,0.56,34232,0.2893658119788102,0.29755708620707844,0.028307677995035974
codex-l,max_candidate_dep_score,0.58,35455,0.2845490981863584,0.2924647333322117,0.027818169856469455
codex-l,max_candidate_dep_score,0.6,36677,0.28513405739078435,0.2927980847034088,0.026878680795821897
codex-l,max_candidate_dep_score,0.62,37900,0.2772260389239809,0.28465031350674996,0.026780581692778416
codex-l,max_candidate_dep_score,0.64,39123,0.2731150112785344,0.2803382633072352,0.02644765659304693
codex-l,max_candidate_dep_score,0.66,40345,0.2746640483530331,0.28173549196643116,0.02574579256295295
codex-l,max_candidate_dep_score,0.68,41568,0.27001200929219593,0.27687381672213146,0.025412971252363636
codex-l,max_candidate_dep_score,0.7,42790,0.2764295876540743,0.2842715646116625,0.028368804599172126
codex-l,max_candidate_dep_score,0.72,44013,0.2826901597963262,0.291230729998615,0.03021177040064682
codex-l,max_candidate_dep_score,0.74,45235,0.2892648505140428,0.29768876499322694,0.029121804685962482
codex-l,max_candidate_dep_score,0.76,46458,0.2836887109666617,0.29192836298662916,0.02904469477086713
codex-l,max_candidate_dep_score,0.78,47681,0.2783801358312241,0.28644463790091557,0.028969387652647782
codex-l,max_candidate_dep_score,0.8,48903,0.2830390629582621,0.2911156721398309,0.02853531628162509
codex-l,max_candidate_dep_score,0.82,50126,0.29668860665583463,0.3049462092069478,0.02783255698353182
codex-l,max_candidate_dep_score,0.84,51348,0.30991802849867617,0.318352287537451,0.027214483389793598
codex-l,max_candidate_dep_score,0.86,52571,0.31437894701516667,0.3227441822927191,0.02660876422220748
codex-l,max_candidate_dep_score,0.88,53794,0.3150801653141741,0.3232330196049642,0.025875491980463794
codex-l,max_candidate_dep_score,0.9,55016,0.31764349330039576,0.3256668170238075,0.025258895247774138
codex-l,max_candidate_dep_score,0.92,56239,0.3237808139603982,0.33159142786349277,0.024123152349755594
codex-l,max_candidate_dep_score,0.94,57461,0.32606589987708595,0.3337098209289865,0.02344287168569914
codex-l,max_candidate_dep_score,0.96,58684,0.3218731010932827,0.32937039954759145,0.023292715137870346
codex-l,max_candidate_dep_score,0.98,59906,0.3237679394628024,0.33074953986166145,0.02156359400638297
codex-l,max_candidate_dep_score,1.0,61129,0.3293206066178304,0.3342010881088536,0.014819848478801356
codex-m,max_candidate_dep_score,0.02,412,0.16105581353252146,0.1792622489279093,0.11304426084384378
codex-m,max_candidate_dep_score,0.04,824,0.20966151695893126,0.2229028076830488,0.06315556100221897
codex-m,max_candidate_dep_score,0.06,1236,0.22325567919874392,0.23299853341020949,0.04363989416274783
codex-m,max_candidate_dep_score,0.08,1648,0.22492378144945308,0.23290390017500803,0.035479212887714606
codex-m,max_candidate_dep_score,0.1,2059,0.24267941989388067,0.24949068515333503,0.028066925750987792
codex-m,max_candidate_dep_score,0.12,2471,0.274366348956183,0.2802304031932241,0.021373081135316774
codex-m,max_candidate_dep_score,0.14,2883,0.3174993661152228,0.32244378579984007,0.015573006475933848
codex-m,max_candidate_dep_score,0.16,3295,0.32226872010659957,0.3265801596736512,0.013378399137296215
codex-m,max_candidate_dep_score,0.18,3707,0.31986318428781496,0.32472911640532803,0.015212541975867744
codex-m,max_candidate_dep_score,0.2,4119,0.32720736160671043,0.33201019700133433,0.014678262038605006
codex-m,max_candidate_dep_score,0.22,4531,0.34379327836828194,0.34762117864201636,0.011134308069961296
codex-m,max_candidate_dep_score,0.24,4943,0.3471457873241957,0.350437757944876,0.009482962895948965
codex-m,max_candidate_dep_score,0.26,5354,0.37845224625695284,0.38227293464952256,0.010095562730457752
codex-m,max_candidate_dep_score,0.28,5766,0.3849126421203131,0.3888860806104582,0.010322961771941808
codex-m,max_candidate_dep_score,0.3,6178,0.37431879908415955,0.3782837074182504,0.010592330237732428
codex-m,max_candidate_dep_score,0.32,6590,0.3627160335325557,0.3667922817753518,0.011238125326572312
codex-m,max_candidate_dep_score,0.34,7002,0.3498794480627751,0.35402364665108504,0.01184464709560884
codex-m,max_candidate_dep_score,0.36,7414,0.3684516948672399,0.37374125865352625,0.014356193389725824
codex-m,max_candidate_dep_score,0.38,7826,0.39152051235640983,0.39806832641180845,0.016724063870855455
codex-m,max_candidate_dep_score,0.4,8238,0.3827443630143894,0.38925563236151683,0.017012058115883022
codex-m,max_candidate_dep_score,0.42,8649,0.3657669715171852,0.3719737882711676,0.016969319914908798
codex-m,max_candidate_dep_score,0.44,9061,0.35104365386051095,0.3569760703932197,0.016899369828990096
codex-m,max_candidate_dep_score,0.46,9473,0.3369694617710574,0.3426487575631278,0.016854037046030612
codex-m,max_candidate_dep_score,0.48,9885,0.32398216967058396,0.3294290907306137,0.01681240997172173
codex-m,max_candidate_dep_score,0.5,10297,0.31250269849582235,0.3177377608659318,0.01675205492722953
codex-m,max_candidate_dep_score,0.52,10709,0.3012296819773949,0.30626641254557235,0.01672056530124877
codex-m,max_candidate_dep_score,0.54,11121,0.292172280978578,0.2970310333779124,0.01662975140236056
codex-m,max_candidate_dep_score,0.56,11533,0.283901174528155,0.2885952352823374,0.01653413643668067
codex-m,max_candidate_dep_score,0.58,11945,0.2912078304100869,0.2958100788621625,0.01580399965754542
codex-m,max_candidate_dep_score,0.6,12356,0.2990586531203055,0.30357970619863184,0.01511761332151651
codex-m,max_candidate_dep_score,0.62,12768,0.30698490898931574,0.3114321259554485,0.014486760866435855
codex-m,max_candidate_dep_score,0.64,13180,0.3163019218634301,0.3206876513072578,0.01386564273144475
codex-m,max_candidate_dep_score,0.66,13592,0.32352485337352316,0.32784655412008396,0.013358172336674246
codex-m,max_candidate_dep_score,0.68,14004,0.3323684730992296,0.33663829843028115,0.012846661692177852
codex-m,max_candidate_dep_score,0.7,14416,0.339823185389758,0.3440404790768304,0.012410258829854248
codex-m,max_candidate_dep_score,0.72,14828,0.344422299938633,0.3485799735189025,0.012071441312047293
codex-m,max_candidate_dep_score,0.74,15240,0.3474649463739865,0.35155542624783565,0.01177235262588594
codex-m,max_candidate_dep_score,0.76,15651,0.3438061461436676,0.34776908451644656,0.011526665294467886
codex-m,max_candidate_dep_score,0.78,16063,0.3492566608600963,0.3530654175710351,0.010905323041110027
codex-m,max_candidate_dep_score,0.8,16475,0.3525165199199375,0.35619313436573147,0.01042962311845419
codex-m,max_candidate_dep_score,0.82,16887,0.3471948851291463,0.35079498641053536,0.010369108058864152
codex-m,max_candidate_dep_score,0.84,17299,0.34271986228586687,0.3462516320653294,0.01030512137786932
codex-m,max_candidate_dep_score,0.86,17711,0.3409707621144655,0.34442193419782985,0.010121607090187501
codex-m,max_candidate_dep_score,0.88,18123,0.3418670327033872,0.3452842624950793,0.009995786270087681
codex-m,max_candidate_dep_score,0.9,18535,0.34336309143195215,0.3467275335271726,0.009798496632790421
codex-m,max_candidate_dep_score,0.92,18946,0.34490223153234567,0.34820925728173063,0.009588299080270923
codex-m,max_candidate_dep_score,0.94,19358,0.34530059283238856,0.34854217280113714,0.009387704614576275
codex-m,max_candidate_dep_score,0.96,19770,0.34127042528557816,0.3444500147883975,0.009316920738615453
codex-m,max_candidate_dep_score,0.98,20182,0.34247669769632766,0.3455558700568007,0.008990895968061796
codex-m,max_candidate_dep_score,1.0,20594,0.3418371108917016,0.34476875252136285,0.00857613622468878
hetionet,max_candidate_dep_score,0.02,9001,0.6344116373363285,0.7072454422302256,0.11480527879296254
hetionet,max_candidate_dep_score,0.04,18002,0.6548190622080475,0.7304145607397031,0.11544486545145438
hetionet,max_candidate_dep_score,0.06,27002,0.641014694013776,0.7144893015496707,0.11462234520058545
hetionet,max_candidate_dep_score,0.08,36003,0.6125999527596275,0.6808387885386911,0.11139216624432091
hetionet,max_candidate_dep_score,0.1,45004,0.595024814119682,0.658814633152529,0.10720530895374791
hetionet,max_candidate_dep_score,0.12,54005,0.5906631104207254,0.6513510486483212,0.10274543501517841
hetionet,max_candidate_dep_score,0.14,63006,0.5837322194307033,0.6419770126995601,0.09977998700442003
hetionet,max_candidate_dep_score,0.16,72006,0.581101917861477,0.6367980963444753,0.09584580048877944
hetionet,max_candidate_dep_score,0.18,81007,0.5775104581207735,0.6310051343309405,0.09262979649622172
hetionet,max_candidate_dep_score,0.2,90008,0.577451863745744,0.6288964495241669,0.08908895963157604
hetionet,max_candidate_dep_score,0.22,99009,0.5767656878587879,0.6268819598517194,0.08689190957073989
hetionet,max_candidate_dep_score,0.24,108010,0.5710462795005976,0.6190800596907591,0.08411538944298691
hetionet,max_candidate_dep_score,0.26,117010,0.5669596501688546,0.6140046165119185,0.08297762694232769
hetionet,max_candidate_dep_score,0.28,126011,0.5662119331323946,0.612057332705378,0.08096862127111604
hetionet,max_candidate_dep_score,0.3,135012,0.5639701366295946,0.6089639110564568,0.07978042010478514
hetionet,max_candidate_dep_score,0.32,144013,0.5619724369887421,0.6057886937303792,0.07796869358294689
hetionet,max_candidate_dep_score,0.34,153014,0.5599148548237832,0.6025206895733075,0.07609341738742259
hetionet,max_candidate_dep_score,0.36,162014,0.5580530682340499,0.5991428138618828,0.07363053438243927
hetionet,max_candidate_dep_score,0.38,171015,0.5505057754726812,0.589779639187261,0.07134141995305687
hetionet,max_candidate_dep_score,0.4,180016,0.5479695129076578,0.5877347912284542,0.07256841372395373
hetionet,max_candidate_dep_score,0.42,189017,0.5482001242596658,0.5891281331836692,0.07465888297503742
hetionet,max_candidate_dep_score,0.44,198018,0.5457629768634387,0.5865770330807161,0.07478348284421998
hetionet,max_candidate_dep_score,0.46,207018,0.5231120814601895,0.5621591999116721,0.07464388576629388
hetionet,max_candidate_dep_score,0.48,216019,0.5022364517305692,0.5396635435778333,0.07452085908599537
hetionet,max_candidate_dep_score,0.5,225020,0.48306358631679747,0.5190005039582182,0.07439376235213246
hetionet,max_candidate_dep_score,0.52,234021,0.46641542649893813,0.5009847493008489,0.07411702280389632
hetionet,max_candidate_dep_score,0.54,243022,0.4511341142180792,0.484438159237484,0.07382293639470938
hetionet,max_candidate_dep_score,0.56,252022,0.4367794456328204,0.46890745757724106,0.07355660222946736
hetionet,max_candidate_dep_score,0.58,261023,0.44228350487538065,0.47308466571587576,0.06964121542170965
hetionet,max_candidate_dep_score,0.6,270024,0.4502844969910157,0.479812279042958,0.06557583538686984
hetionet,max_candidate_dep_score,0.62,279025,0.4584940051256712,0.48682270432844416,0.06178641135124163
hetionet,max_candidate_dep_score,0.64,288026,0.46488595446918574,0.4921046613371392,0.058549213213017426
hetionet,max_candidate_dep_score,0.66,297026,0.4717103619716732,0.49787756442939113,0.055473028721148454
hetionet,max_candidate_dep_score,0.68,306027,0.47752493303497,0.5027089780419981,0.052738701719652115
hetionet,max_candidate_dep_score,0.7,315028,0.46657099662094575,0.4910063102240588,0.05237212295680882
hetionet,max_candidate_dep_score,0.72,324029,0.4546977247370618,0.4784424734893311,0.052220953526873615
hetionet,max_candidate_dep_score,0.74,333030,0.44356038449150836,0.46665087631751934,0.05205715531264499
hetionet,max_candidate_dep_score,0.76,342030,0.432783834187416,0.45525702814289276,0.05192706422981774
hetionet,max_candidate_dep_score,0.78,351031,0.4224758282208058,0.4443642140052032,0.05180979436522337
hetionet,max_candidate_dep_score,0.8,360032,0.41288055191494166,0.43421123075349827,0.051663074803656395
hetionet,max_candidate_dep_score,0.82,369033,0.409661269332638,0.4304951274182501,0.050856304086426274
hetionet,max_candidate_dep_score,0.84,378034,0.4075262444502245,0.4278161373560449,0.04978794171450862
hetionet,max_candidate_dep_score,0.86,387034,0.39872370479374614,0.4185506098722721,0.04972592509588103
hetionet,max_candidate_dep_score,0.88,396035,0.3917039243979146,0.41113313662646506,0.04960178088186096
hetionet,max_candidate_dep_score,0.9,405036,0.38900360448655513,0.40793303574301476,0.04866132611147522
hetionet,max_candidate_dep_score,0.92,414037,0.38572084399564555,0.4041801514498811,0.047856650065932094
hetionet,max_candidate_dep_score,0.94,423038,0.38331849593524275,0.4013195887511143,0.046961190254990015
hetionet,max_candidate_dep_score,0.96,432038,0.3790610491013591,0.39673812426893057,0.04663384752793398
hetionet,max_candidate_dep_score,0.98,441039,0.37713042005443437,0.39455754864372977,0.046209819369066096
hetionet,max_candidate_dep_score,1.0,450040,0.37318845788011507,0.390256268691026,0.045735098314305
FB15k-237,topk_rule_weight,0.02,816,0.1732851791724525,0.2011103714372981,0.1605745649900856
FB15k-237,topk_rule_weight,0.04,1633,0.276542528505355,0.30429482159813753,0.10035452139234047
FB15k-237,topk_rule_weight,0.06,2449,0.25508986862326166,0.27764184885123555,0.08840798088018365
FB15k-237,topk_rule_weight,0.08,3266,0.26509416795256274,0.28506595412151847,0.07533845924716687
FB15k-237,topk_rule_weight,0.1,4082,0.2778387580038149,0.29575164397934334,0.0644722359984149
FB15k-237,topk_rule_weight,0.12,4898,0.29095687634153444,0.3077444900829932,0.05769794463201805
FB15k-237,topk_rule_weight,0.14,5715,0.3071219743879111,0.32271452728572275,0.05076990315944441
FB15k-237,topk_rule_weight,0.16,6531,0.31507997933831555,0.32941938566966644,0.045510369657457694
FB15k-237,topk_rule_weight,0.18,7347,0.3222410129723924,0.33605500370564634,0.042868505798911105
FB15k-237,topk_rule_weight,0.2,8164,0.3158070732908662,0.328629559065574,0.04060227543699746
FB15k-237,topk_rule_weight,0.22,8980,0.32072226281856536,0.33351811317002406,0.039896982014925975
FB15k-237,topk_rule_weight,0.24,9797,0.32090937410039677,0.3334474413331572,0.039070429986373334
FB15k-237,topk_rule_weight,0.26,10613,0.32190771337177754,0.3338248197689976,0.03702025736629899
FB15k-237,topk_rule_weight,0.28,11429,0.3279230551525924,0.33930593945406823,0.03471205858392312
FB15k-237,topk_rule_weight,0.3,12246,0.3355639107411219,0.34639776312806697,0.032285511165421665
FB15k-237,topk_rule_weight,0.32,13062,0.3354277937885661,0.345562670991797,0.030214780620175352
FB15k-237,topk_rule_weight,0.34,13878,0.33471910144964473,0.34455817509759806,0.02939501691221391
FB15k-237,topk_rule_weight,0.36,14695,0.335985510450765,0.34531260022775534,0.027760392894553343
FB15k-237,topk_rule_weight,0.38,15511,0.34006382173437893,0.3490327244107857,0.02637417479655424
FB15k-237,topk_rule_weight,0.4,16328,0.34314599292183057,0.35176896927726603,0.025129176890606342
FB15k-237,topk_rule_weight,0.42,17144,0.34337649248745217,0.35172406632955616,0.02431026591725427
FB15k-237,topk_rule_weight,0.44,17960,0.3441960414498196,0.35217814654208557,0.023190577842336024
FB15k-237,topk_rule_weight,0.46,18777,0.3506096215065932,0.3583522375542261,0.02208329598703651
FB15k-237,topk_rule_weight,0.48,19593,0.3517563528550404,0.3592715693136579,0.021364835055913023
FB15k-237,topk_rule_weight,0.5,20410,0.35297165497449956,0.36021020634521933,0.020507457946567165
FB15k-237,topk_rule_weight,0.52,21226,0.35388121149046325,0.36086577388469626,0.019737025214805026
FB15k-237,topk_rule_weight,0.54,22042,0.35526791370880967,0.36205133812951124,0.019093827950535047
FB15k-237,topk_rule_weight,0.56,22859,0.3573855310930298,0.36390508424451895,0.018242353381094478
FB15k-237,topk_rule_weight,0.58,23675,0.35788450561965585,0.36416210038931396,0.01754083977116805
FB15k-237,topk_rule_weight,0.6,24491,0.35917485874744637,0.3652635606909083,0.016951915745704316
FB15k-237,topk_rule_weight,0.62,25308,0.3616544800769413,0.3675240307086541,0.016229719124353226
FB15k-237,topk_rule_weight,0.64,26124,0.36308183072433453,0.3687567469257791,0.015629854543046884
FB15k-237,topk_rule_weight,0.66,26941,0.3648825537448732,0.37037373001072293,0.01504916091353925
FB15k-237,topk_rule_weight,0.68,27757,0.36739751417640276,0.37279366624154486,0.014687502927826612
FB15k-237,topk_rule_weight,0.7,28573,0.3673421014547874,0.37258355602170046,0.01426859199137609
FB15k-237,topk_rule_weight,0.72,29390,0.3676628837871926,0.3727742774241496,0.013902392279323772
FB15k-237,topk_rule_weight,0.74,30206,0.36635172085976114,0.3713462111142116,0.013633047069437243
FB15k-237,topk_rule_weight,0.76,31022,0.36424929052711114,0.3691314299108816,0.013403291401626216
FB15k-237,topk_rule_weight,0.78,31839,0.3671602074072647,0.37192966855235804,0.012990136318892898
FB15k-237,topk_rule_weight,0.8,32655,0.36634851484286296,0.3710083630670091,0.012719713702524116
FB15k-237,topk_rule_weight,0.82,33472,0.36667182779747304,0.37122498394989295,0.01241752381078709
FB15k-237,topk_rule_weight,0.84,34288,0.3661437169932286,0.3705988535424597,0.012167726339309182
FB15k-237,topk_rule_weight,0.86,35104,0.36382807034012543,0.36819703855047864,0.012008331864742816
FB15k-237,topk_rule_weight,0.88,35921,0.36445274559159363,0.3686987311191665,0.011650304679913015
FB15k-237,topk_rule_weight,0.9,36737,0.3653957883807223,0.36954738591046365,0.011361919490477712
FB15k-237,topk_rule_weight,0.92,37553,0.3605589515106557,0.3646203623496298,0.01126420748107293
FB15k-237,topk_rule_weight,0.94,38370,0.3588309992423076,0.36278177080805524,0.011010117782716433
FB15k-237,topk_rule_weight,0.96,39186,0.35529404593243374,0.35915205821021434,0.010858646019962448
FB15k-237,topk_rule_weight,0.98,40003,0.35273076612960874,0.3564773296877047,0.010621595613010015
FB15k-237,topk_rule_weight,1.0,40819,0.35210727177438816,0.35562848130787217,0.010000388562665607
KG20C,topk_rule_weight,0.02,149,0.1457942799961534,0.15659052626659367,0.07405123349643827
KG20C,topk_rule_weight,0.04,298,0.1212707016334421,0.1302433292004265,0.0739884196770415
KG20C,topk_rule_weight,0.06,447,0.13230799328966134,0.14197884508251843,0.07309348099388635
KG20C,topk_rule_weight,0.08,596,0.1537295625098065,0.16484849885596864,0.07232789949202423
KG20C,topk_rule_weight,0.1,745,0.16500931485617842,0.17696377332828206,0.07244717355819041
KG20C,topk_rule_weight,0.12,894,0.16609234121815034,0.1780462835738417,0.07197166508713804
KG20C,topk_rule_weight,0.14,1043,0.16328884386377712,0.1749939828653819,0.07168364184983589
KG20C,topk_rule_weight,0.16,1192,0.17940161793809756,0.19217825766932325,0.07121808531088214
KG20C,topk_rule_weight,0.18,1341,0.18089568284105823,0.19369447056772607,0.07075231163981588
KG20C,topk_rule_weight,0.2,1490,0.18052230540760214,0.1931785347752521,0.07010895046500432
KG20C,topk_rule_weight,0.22,1639,0.17988012763693734,0.19244692294502608,0.06986205465371387
KG20C,topk_rule_weight,0.24,1788,0.1810035900865098,0.19361244883191397,0.06966082130955442
KG20C,topk_rule_weight,0.26,1936,0.1811640108233053,0.19367419723803622,0.06905447918644558
KG20C,topk_rule_weight,0.28,2085,0.18053093087205144,0.1929303821381211,0.06868325115355223
KG20C,topk_rule_weight,0.3,2234,0.17918738943824197,0.19145223974697176,0.06844706174458182
KG20C,topk_rule_weight,0.32,2383,0.1791303954980515,0.19132758853700604,0.06809114112120196
KG20C,topk_rule_weight,0.34,2532,0.18123153214145474,0.1935047954650778,0.06772145651808281
KG20C,topk_rule_weight,0.36,2681,0.1786142615518796,0.19064101497174316,0.06733366818175557
KG20C,topk_rule_weight,0.38,2830,0.17814279697579874,0.19006898026625904,0.06694732255764735
KG20C,topk_rule_weight,0.4,2979,0.18026113662974663,0.19214388978345479,0.06591966175224528
KG20C,topk_rule_weight,0.42,3128,0.18051165457394575,0.19229426061692592,0.06527338121624426
KG20C,topk_rule_weight,0.44,3277,0.17865630960879536,0.1902134248614863,0.06468909650041255
KG20C,topk_rule_weight,0.46,3426,0.17680628267723922,0.18819975244805048,0.06444041240101228
KG20C,topk_rule_weight,0.48,3575,0.17696900363960394,0.18826179434181142,0.06381225225862242
KG20C,topk_rule_weight,0.5,3724,0.17244625065100777,0.18340893446668585,0.06357159853747163
KG20C,topk_rule_weight,0.52,3873,0.1722216929657029,0.1830866907983129,0.06308727806301229
KG20C,topk_rule_weight,0.54,4022,0.17196192425421397,0.18275207753438838,0.06274733972052537
KG20C,topk_rule_weight,0.56,4171,0.17292643337388935,0.18361005493108457,0.06178130982494645
KG20C,topk_rule_weight,0.58,4320,0.17204087980397992,0.18257225366009874,0.061214368748393255
KG20C,topk_rule_weight,0.6,4469,0.17183488721715395,0.18227391413581015,0.06075033474118685
KG20C,topk_rule_weight,0.62,4618,0.17083831668065874,0.18109236336003046,0.06002193699051239
KG20C,topk_rule_weight,0.64,4767,0.16877142550087967,0.17884528124836657,0.05968934443487517
KG20C,topk_rule_weight,0.66,4916,0.16890800600207379,0.1788435104135701,0.05882198627917212
KG20C,topk_rule_weight,0.68,5065,0.17197038314917895,0.18187492898686464,0.0575944860755111
KG20C,topk_rule_weight,0.7,5214,0.17294483452953943,0.18273300938985454,0.05659709286456471
KG20C,topk_rule_weight,0.72,5363,0.17317955336797208,0.18284547227547765,0.05581443490021831
KG20C,topk_rule_weight,0.74,5512,0.17442419681012908,0.18395673855881553,0.05465148713892698
KG20C,topk_rule_weight,0.76,5660,0.17983202429826634,0.18930168798467564,0.052658383418423105
KG20C,topk_rule_weight,0.78,5809,0.18354061430050822,0.19288778854882102,0.05092700753964352
KG20C,topk_rule_weight,0.8,5958,0.18904618572865325,0.19833236693360048,0.04912123018591941
KG20C,topk_rule_weight,0.82,6107,0.19720435989349896,0.20638806296026344,0.04656947276279366
KG20C,topk_rule_weight,0.84,6256,0.1988897240201511,0.20795661048437036,0.04558750588492266
KG20C,topk_rule_weight,0.86,6405,0.20608794459018856,0.21499067128827035,0.04319867770909691
KG20C,topk_rule_weight,0.88,6554,0.2056255992841236,0.2143370723551543,0.04236570301246201
KG20C,topk_rule_weight,0.9,6703,0.21027235387953722,0.21877696174157388,0.04044567773711649
KG20C,topk_rule_weight,0.92,6852,0.21521720740107403,0.2235212620934635,0.03858452952097946
KG20C,topk_rule_weight,0.94,7001,0.21838056356062538,0.22648910973006697,0.037130347303964806
KG20C,topk_rule_weight,0.96,7150,0.21996811760136853,0.22789246784586858,0.036024994580627245
KG20C,topk_rule_weight,0.98,7299,0.2220771795298032,0.22982510563009062,0.03488843886027304
KG20C,topk_rule_weight,1.0,7448,0.2263808023358598,0.2339520411211777,0.03344470338118666
WN18RR,topk_rule_weight,0.02,121,0.29124683338945817,0.3107322284982644,0.06690337155614712
WN18RR,topk_rule_weight,0.04,242,0.28846196049733847,0.30902860632156826,0.07129760121151074
WN18RR,topk_rule_weight,0.06,363,0.32602962908614497,0.3430866348221267,0.0523173485299242
WN18RR,topk_rule_weight,0.08,484,0.30367668121820257,0.31967835159978525,0.05269311531393117
WN18RR,topk_rule_weight,0.1,606,0.3056014416738146,0.31963835055848383,0.04593207678533018
WN18RR,topk_rule_weight,0.12,727,0.30415829410498274,0.31692333836431297,0.04196842403029866
WN18RR,topk_rule_weight,0.14,848,0.30976058243143195,0.321523511608896,0.03797426091187006
WN18RR,topk_rule_weight,0.16,969,0.30835020970536453,0.31981869134003654,0.03719303984138822
WN18RR,topk_rule_weight,0.18,1090,0.30329596833457995,0.31414232338753806,0.0357616196236179
WN18RR,topk_rule_weight,0.2,1211,0.31602550925594347,0.3263022902557227,0.03251883376115772
WN18RR,topk_rule_weight,0.22,1332,0.3219491189587339,0.33179031793441965,0.030567559891186313
WN18RR,topk_rule_weight,0.24,1453,0.3179833855863865,0.32722557814880365,0.02906501717180543
WN18RR,topk_rule_weight,0.26,1574,0.31465271685033286,0.32338975697352773,0.027767248319520155
WN18RR,topk_rule_weight,0.28,1695,0.3075561992143994,0.31586041729076475,0.027000652555783544
WN18RR,topk_rule_weight,0.3,1816,0.31059393725567064,0.31863026117782284,0.025874052768573463
WN18RR,topk_rule_weight,0.32,1938,0.3106672402865745,0.3183587875848357,0.024758153744070865
WN18RR,topk_rule_weight,0.34,2059,0.3049212047259084,0.31235194491508944,0.02436937829843777
WN18RR,topk_rule_weight,0.36,2180,0.30053593269089024,0.30768383857453313,0.023783864443905678
WN18RR,topk_rule_weight,0.38,2301,0.29324636583844343,0.3000747988096816,0.02328565249807757
WN18RR,topk_rule_weight,0.4,2422,0.29171528118516526,0.29834152745746345,0.022714772587083543
WN18RR,topk_rule_weight,0.42,2543,0.29165291408072885,0.2980436438373251,0.02191210664477472
WN18RR,topk_rule_weight,0.44,2664,0.28626373650199266,0.29245323187134836,0.021621653671500374
WN18RR,topk_rule_weight,0.46,2785,0.27994527709345773,0.2859153937602699,0.021326013172278335
WN18RR,topk_rule_weight,0.48,2906,0.2769265105683851,0.28275171429696966,0.021035197087590163
WN18RR,topk_rule_weight,0.5,3028,0.2754583652309354,0.2811831699226012,0.020782831143524305
WN18RR,topk_rule_weight,0.52,3149,0.26945494612064663,0.2749963324468211,0.020565168336874162
WN18RR,topk_rule_weight,0.54,3270,0.26961431987234064,0.27499595951972733,0.01996051118477249
WN18RR,topk_rule_weight,0.56,3391,0.26874788220245427,0.273955391867778,0.01937693284370079
WN18RR,topk_rule_weight,0.58,3512,0.2625872374615114,0.26763543463889666,0.019224838290646806
WN18RR,topk_rule_weight,0.6,3633,0.25904274996856963,0.26395134119992786,0.018948962022499405
WN18RR,topk_rule_weight,0.62,3754,0.2634951258146281,0.2682793572023351,0.018156811716785848
WN18RR,topk_rule_weight,0.64,3875,0.26780875849904234,0.2724451628550537,0.017312370147998468
WN18RR,topk_rule_weight,0.66,3996,0.28416838028458746,0.28863497157908224,0.015718115048625858
WN18RR,topk_rule_weight,0.68,4117,0.30325941233011267,0.30760276143736015,0.014322223583680627
WN18RR,topk_rule_weight,0.7,4238,0.32050315748740077,0.32475522706710147,0.013266857066354554
WN18RR,topk_rule_weight,0.72,4360,0.33762043174464096,0.3417773430431513,0.012312380731905659
WN18RR,topk_rule_weight,0.74,4481,0.3550321837416639,0.3590796063450283,0.011400156911716586
WN18RR,topk_rule_weight,0.76,4602,0.3697769001227545,0.37372658167687933,0.010681255515998078
WN18RR,topk_rule_weight,0.78,4723,0.3847477885060041,0.3886183410290867,0.010059973413004242
WN18RR,topk_rule_weight,0.8,4844,0.4001534402074377,0.4039302681462164,0.009438449252918701
WN18RR,topk_rule_weight,0.82,4965,0.41478609622921253,0.4184723242291938,0.008887057771445273
WN18RR,topk_rule_weight,0.84,5086,0.4287017958629065,0.43230032555616393,0.008394015905658136
WN18RR,topk_rule_weight,0.86,5207,0.4419707508621943,0.44548565810627083,0.0079528051058122
WN18RR,topk_rule_weight,0.88,5328,0.4546567396006584,0.45809316781093784,0.00755829158784227
WN18RR,topk_rule_weight,0.9,5450,0.46668321231396387,0.4700427721550883,0.00719880156919861
WN18RR,topk_rule_weight,0.92,5571,0.4782603065252477,0.48154689800507694,0.00687197209341428
WN18RR,topk_rule_weight,0.94,5692,0.48934513942952523,0.49256186485716547,0.006573530967100671
WN18RR,topk_rule_weight,0.96,5813,0.49996850156778944,0.5031182695248045,0.006299932790042151
WN18RR,topk_rule_weight,0.98,5934,0.5101586224459492,0.5132441635875279,0.006048199532108445
WN18RR,topk_rule_weight,1.0,6055,0.5098022893664882,0.5125272756194792,0.005345182455687381
YAGO3-10,topk_rule_weight,0.02,200,0.592553706962654,0.6764482533716284,0.14158133756179825
YAGO3-10,topk_rule_weight,0.04,399,0.5352810678223435,0.605598267648927,0.13136500439414256
YAGO3-10,topk_rule_weight,0.06,598,0.5547071421143427,0.6195476666560688,0.11689145428086145
YAGO3-10,topk_rule_weight,0.08,798,0.5895332605826772,0.6499459430947914,0.10247544379837725
YAGO3-10,topk_rule_weight,0.1,998,0.5858910137347207,0.6433606713093797,0.09808933099745398
YAGO3-10,topk_rule_weight,0.12,1197,0.5855280211480229,0.6401996286936296,0.09337146228871163
YAGO3-10,topk_rule_weight,0.14,1397,0.5719118546917525,0.6233250728388918,0.08989710166936438
YAGO3-10,topk_rule_weight,0.16,1596,0.5541009229170046,0.6011510181504148,0.08491250111210791
YAGO3-10,topk_rule_weight,0.18,1796,0.5512651995388591,0.5948222177356547,0.07901282038705082
YAGO3-10,topk_rule_weight,0.2,1995,0.5670467432358409,0.6090624828754754,0.0740957251599268
YAGO3-10,topk_rule_weight,0.22,2194,0.5782991328488503,0.6184991113885511,0.06951416015733125
YAGO3-10,topk_rule_weight,0.24,2394,0.5885423346792993,0.6284086829865204,0.06773743528397924
YAGO3-10,topk_rule_weight,0.26,2594,0.5978404271940131,0.6352613496633333,0.06259349613567733
YAGO3-10,topk_rule_weight,0.28,2793,0.599214847120926,0.6358631399622358,0.06116052200207567
YAGO3-10,topk_rule_weight,0.3,2992,0.5963493352989905,0.6329315440548554,0.06134358938712281
YAGO3-10,topk_rule_weight,0.32,3192,0.5934578814555908,0.6302968802153756,0.06207516979878802
YAGO3-10,topk_rule_weight,0.34,3392,0.5829535491184089,0.6193884885713038,0.06250058775350942
YAGO3-10,topk_rule_weight,0.36,3591,0.5785399167120703,0.6142016178213695,0.061640865356309416
YAGO3-10,topk_rule_weight,0.38,3790,0.5771040373371021,0.611889627809585,0.06027611699441926
YAGO3-10,topk_rule_weight,0.4,3990,0.5751917641978102,0.6092797485693252,0.0592636864664704
YAGO3-10,topk_rule_weight,0.42,4190,0.580239829863249,0.6135414718417587,0.057392892153505404
YAGO3-10,topk_rule_weight,0.44,4389,0.5818674348784424,0.6150309723757813,0.05699500523562917
YAGO3-10,topk_rule_weight,0.46,4588,0.5835111171100283,0.6159026150585966,0.055511363877683184
YAGO3-10,topk_rule_weight,0.48,4788,0.586961571200545,0.6189133320291764,0.054435864963491065
YAGO3-10,topk_rule_weight,0.5,4988,0.5933864776037256,0.6250150192701858,0.053301756713745485
YAGO3-10,topk_rule_weight,0.52,5187,0.5980624883655902,0.6289619084112035,0.051665872123256795
YAGO3-10,topk_rule_weight,0.54,5386,0.5995634765177034,0.6298317743563949,0.05048389207176429
YAGO3-10,topk_rule_weight,0.56,5586,0.6013266710231863,0.631712223427462,0.05053085763279608
YAGO3-10,topk_rule_weight,0.58,5786,0.6055240173473544,0.6353966652580132,0.04933354756351904
YAGO3-10,topk_rule_weight,0.6,5985,0.6049450639591577,0.6344315949294683,0.0487424937023726
YAGO3-10,topk_rule_weight,0.62,6184,0.608403453491617,0.6376310004682217,0.04803974535132638
YAGO3-10,topk_rule_weight,0.64,6384,0.6087724187981021,0.6372628194443107,0.0467997559785267
YAGO3-10,topk_rule_weight,0.66,6584,0.6117147762542903,0.6397258738358137,0.045791108321828755
YAGO3-10,topk_rule_weight,0.68,6783,0.6156575979750698,0.643327976445814,0.044944427814670895
YAGO3-10,topk_rule_weight,0.7,6982,0.6185611169741323,0.6457750951415385,0.04399561728116885
YAGO3-10,topk_rule_weight,0.72,7182,0.6205927074000903,0.6474231924053967,0.04323364532868901
YAGO3-10,topk_rule_weight,0.74,7382,0.6176599075289839,0.6440057622787113,0.042654306081038706
YAGO3-10,topk_rule_weight,0.76,7581,0.6161474916065668,0.6421238270026862,0.042159281259731785
YAGO3-10,topk_rule_weight,0.78,7780,0.6204230231152061,0.6457960844883105,0.04089638912125415
YAGO3-10,topk_rule_weight,0.8,7980,0.6223963054812159,0.6472957551670675,0.04000578002563837
YAGO3-10,topk_rule_weight,0.82,8179,0.6239410844297014,0.6482626991998182,0.03898062714101824
YAGO3-10,topk_rule_weight,0.84,8379,0.62397942612498,0.6473715166375797,0.0374885605730122
YAGO3-10,topk_rule_weight,0.86,8578,0.6231055481606207,0.6458165625375046,0.03644810168024626
YAGO3-10,topk_rule_weight,0.88,8778,0.6164975554273129,0.6384699463716592,0.03564067813556315
YAGO3-10,topk_rule_weight,0.9,8978,0.6083227060549989,0.6295593234198668,0.034910117859299206
YAGO3-10,topk_rule_weight,0.92,9177,0.5987515823444101,0.6194108975550202,0.03450398432304547
YAGO3-10,topk_rule_weight,0.94,9376,0.5914993564992457,0.6116100675355671,0.033999548461634
YAGO3-10,topk_rule_weight,0.96,9576,0.5803783738884756,0.6000845135684231,0.03395395239818866
YAGO3-10,topk_rule_weight,0.98,9776,0.5697296122365306,0.5888768656704736,0.03360761495050002
YAGO3-10,topk_rule_weight,1.0,9975,0.5607274620553472,0.5794717170327173,0.033428459003350675
codex-l,topk_rule_weight,0.02,1223,0.016080195149606392,0.03480929485628016,1.1647308712626052
codex-l,topk_rule_weight,0.04,2445,0.017170875674996283,0.028209418789368435,0.6428643083384589
codex-l,topk_rule_weight,0.06,3668,0.015906696089049033,0.023197673353486777,0.4583589969671462
codex-l,topk_rule_weight,0.08,4890,0.026326180726312532,0.031958022190728075,0.21392550339771166
codex-l,topk_rule_weight,0.1,6113,0.07758734346997317,0.08474060265211437,0.09219621219419061
codex-l,topk_rule_weight,0.12,7335,0.1313280199502037,0.1415260110544934,0.07765282007721197
codex-l,topk_rule_weight,0.14,8558,0.19659392884002294,0.20886624797181025,0.062424710692738694
codex-l,topk_rule_weight,0.16,9781,0.2307208834475069,0.244846145278523,0.06122229431489612
codex-l,topk_rule_weight,0.18,11003,0.24799878529973854,0.2627940046400243,0.05965843470726595
codex-l,topk_rule_weight,0.2,12226,0.2546879465952475,0.2703524668770615,0.06150475706142533
codex-l,topk_rule_weight,0.22,13448,0.2632864884987822,0.2801506056856154,0.06405234572799268
codex-l,topk_rule_weight,0.24,14671,0.26927060480600923,0.28554496273127017,0.06043867260217839
codex-l,topk_rule_weight,0.26,15894,0.2801013239771292,0.2960730336979872,0.057021186098221044
codex-l,topk_rule_weight,0.28,17116,0.2832020956521026,0.29849906084255257,0.05401430789283923
codex-l,topk_rule_weight,0.3,18339,0.2906410147788406,0.30502118182205407,0.04947741823071983
codex-l,topk_rule_weight,0.32,19561,0.294734032443879,0.30799175623165265,0.04498199165479155
codex-l,topk_rule_weight,0.34,20784,0.3026638822279016,0.31573328612484836,0.04318124713376181
codex-l,topk_rule_weight,0.36,22006,0.31141196013162636,0.32381483567482267,0.0398278715369631
codex-l,topk_rule_weight,0.38,23229,0.3189916332097227,0.3321236989991969,0.04116743018410296
codex-l,topk_rule_weight,0.4,24452,0.32892871133285684,0.341713843480751,0.03886900628433243
codex-l,topk_rule_weight,0.42,25674,0.3375765450581101,0.35014418303506234,0.03722900231350157
codex-l,topk_rule_weight,0.44,26897,0.34621771785148425,0.35895376723553174,0.03678624382103646
codex-l,topk_rule_weight,0.46,28119,0.35538748709198975,0.36773757492450004,0.034751048590839995
codex-l,topk_rule_weight,0.48,29342,0.36360028053055105,0.375512458856472,0.032761741296071456
codex-l,topk_rule_weight,0.5,30564,0.367717239909838,0.3791102925839151,0.030983188813422435
codex-l,topk_rule_weight,0.52,31787,0.36846017165091033,0.3794865359869432,0.029925525699639355
codex-l,topk_rule_weight,0.54,33010,0.375344894166113,0.38580249248751247,0.027861304320210944
codex-l,topk_rule_weight,0.56,34232,0.3763441064340892,0.3863005882738327,0.026455793167807107
codex-l,topk_rule_weight,0.58,35455,0.3786738523055448,0.3887367817858962,0.026574133437214043
codex-l,topk_rule_weight,0.6,36677,0.3730806587763668,0.3829015156267876,0.02632368261231055
codex-l,topk_rule_weight,0.62,37900,0.3688608956390099,0.3783698054572222,0.025779121426626528
codex-l,topk_rule_weight,0.64,39123,0.363478812364226,0.3728490287066637,0.025779264220353593
codex-l,topk_rule_weight,0.66,40345,0.3650753687600364,0.3742737769520134,0.02519591563577417
codex-l,topk_rule_weight,0.68,41568,0.3627292735754384,0.3717388728339425,0.024838357184949977
codex-l,topk_rule_weight,0.7,42790,0.3598815453454301,0.36860843142556604,0.024249329239040218
codex-l,topk_rule_weight,0.72,44013,0.3592286975050647,0.36778219618418717,0.023810733214046476
codex-l,topk_rule_weight,0.74,45235,0.3573430353873498,0.36578084357715746,0.02361262807504083
codex-l,topk_rule_weight,0.76,46458,0.3551769310261824,0.3633985165544818,0.023147859024924333
codex-l,topk_rule_weight,0.78,47681,0.3532838185749851,0.3612768186961079,0.02262486901710803
codex-l,topk_rule_weight,0.8,48903,0.35074120135857173,0.3585861909855484,0.022366889309239024
codex-l,topk_rule_weight,0.82,50126,0.34622803183251555,0.3539521180288463,0.022309245601659367
codex-l,topk_rule_weight,0.84,51348,0.34255686126016016,0.35014130280612416,0.022140679121309015
codex-l,topk_rule_weight,0.86,52571,0.33974120639396665,0.34719683019146,0.021945008898472507
codex-l,topk_rule_weight,0.88,53794,0.3390050278910733,0.3462728409054365,0.021438658475290806
codex-l,topk_rule_weight,0.9,55016,0.33665243968671765,0.3437684018648051,0.021137414553447087
codex-l,topk_rule_weight,0.92,56239,0.3342738345203111,0.34118438654592903,0.020673326213326515
codex-l,topk_rule_weight,0.94,57461,0.3301779935540856,0.33695115521250496,0.02051366775087593
codex-l,topk_rule_weight,0.96,58684,0.32658205356220754,0.3331229678924155,0.02002839488227437
codex-l,topk_rule_weight,0.98,59906,0.32748265600877285,0.33354282803590024,0.018505322086324494
codex-l,topk_rule_weight,1.0,61129,0.32932060661783036,0.3342010881088536,0.014819848478801356
codex-m,topk_rule_weight,0.02,412,0.1700782105007116,0.18462592294202504,0.08553542748647747
codex-m,topk_rule_weight,0.04,824,0.16770313403376097,0.1787543986973499,0.06589778257432077
codex-m,topk_rule_weight,0.06,1236,0.22706834811733667,0.2372063651136008,0.04464742479663153
codex-m,topk_rule_weight,0.08,1648,0.20932049351140083,0.21872053882330694,0.04490742953171045
codex-m,topk_rule_weight,0.1,2059,0.20923898430007296,0.2175394491589795,0.03966978183665204
codex-m,topk_rule_weight,0.12,2471,0.2234156591545369,0.23095061496494906,0.03372617585950066
codex-m,topk_rule_weight,0.14,2883,0.23655539942650514,0.24378909560253717,0.030579290067227705
codex-m,topk_rule_weight,0.16,3295,0.25052189661321983,0.2574788734836699,0.02776993534098504
codex-m,topk_rule_weight,0.18,3707,0.3014170525513012,0.30862165535609937,0.02390243930731817
codex-m,topk_rule_weight,0.2,4119,0.3023620455784556,0.30930981456139295,0.022978310553645853
codex-m,topk_rule_weight,0.22,4531,0.3180329737815294,0.32475068974078247,0.021122702716567243
codex-m,topk_rule_weight,0.24,4943,0.31648995198936797,0.32291745595583415,0.020308714150527374
codex-m,topk_rule_weight,0.26,5354,0.32086087325081,0.32711330843781083,0.019486436983276123
codex-m,topk_rule_weight,0.28,5766,0.33291556480807283,0.3389771713079622,0.01820763923544355
codex-m,topk_rule_weight,0.3,6178,0.3292867893991938,0.3352027233129578,0.017965901166451248
codex-m,topk_rule_weight,0.32,6590,0.33473177677978927,0.34047392988151376,0.01715449055051055
codex-m,topk_rule_weight,0.34,7002,0.3344966728611929,0.3400757342597402,0.016678974265500246
codex-m,topk_rule_weight,0.36,7414,0.341086901113362,0.3466221442284751,0.016228248862812267
codex-m,topk_rule_weight,0.38,7826,0.34795227953026303,0.3534101231258469,0.015685609540917467
codex-m,topk_rule_weight,0.4,8238,0.35408591304124654,0.359492531688527,0.015269228309149563
codex-m,topk_rule_weight,0.42,8649,0.3575049663355743,0.3628014367880314,0.014815096155854635
codex-m,topk_rule_weight,0.44,9061,0.35868606284998944,0.3638516507034094,0.014401417809145167
codex-m,topk_rule_weight,0.46,9473,0.35767579483332074,0.3627426722517082,0.014166117728902083
codex-m,topk_rule_weight,0.48,9885,0.36124007123380214,0.36626300751433943,0.013904704047315697
codex-m,topk_rule_weight,0.5,10297,0.36644079353962805,0.3714122691373032,0.013566927278082952
codex-m,topk_rule_weight,0.52,10709,0.36716307354288535,0.3720407273953372,0.01328470699786255
codex-m,topk_rule_weight,0.54,11121,0.3700107690273622,0.3747902945577847,0.012917260605647574
codex-m,topk_rule_weight,0.56,11533,0.36957610704795196,0.37429709584676785,0.012774063876925146
codex-m,topk_rule_weight,0.58,11945,0.36586024545053086,0.37048346237551866,0.012636565416651369
codex-m,topk_rule_weight,0.6,12356,0.3586897039905353,0.3631793952395769,0.012516922563130084
codex-m,topk_rule_weight,0.62,12768,0.35993761366092286,0.3643532666684544,0.01226782875682253
codex-m,topk_rule_weight,0.64,13180,0.3596134051643951,0.3639293663173906,0.01200166926764723
codex-m,topk_rule_weight,0.66,13592,0.3568352780044105,0.36105772825217275,0.011833051573196807
codex-m,topk_rule_weight,0.68,14004,0.3576988597823796,0.36183349537400783,0.011558984543992512
codex-m,topk_rule_weight,0.7,14416,0.3562852940603526,0.36031774558523993,0.011318040884966463
codex-m,topk_rule_weight,0.72,14828,0.3578258359280964,0.36180015179857594,0.011106844367934743
codex-m,topk_rule_weight,0.74,15240,0.355675683291959,0.35958001193825195,0.010977215563786835
codex-m,topk_rule_weight,0.76,15651,0.35676857491305486,0.3606293249725605,0.010821440931131576
codex-m,topk_rule_weight,0.78,16063,0.3566806180488602,0.36048165153406586,0.010656686382339409
codex-m,topk_rule_weight,0.8,16475,0.3540673641789489,0.3578109672680804,0.010573137961507939
codex-m,topk_rule_weight,0.82,16887,0.3503894860267217,0.35406273301327185,0.010483325365162388
codex-m,topk_rule_weight,0.84,17299,0.3521694625700387,0.3557550350452763,0.010181383840242697
codex-m,topk_rule_weight,0.86,17711,0.35291417690442983,0.35644087442185834,0.009993074090598464
codex-m,topk_rule_weight,0.88,18123,0.348308568475823,0.35176464919304773,0.009922468265275208
codex-m,topk_rule_weight,0.9,18535,0.3458318460235006,0.34922738125218394,0.009818457344881404
codex-m,topk_rule_weight,0.92,18946,0.348696878052508,0.35198291747037097,0.009423770686493471
codex-m,topk_rule_weight,0.94,19358,0.34715633102746807,0.3503826701268507,0.00929362022531377
codex-m,topk_rule_weight,0.96,19770,0.34361187424311657,0.34676777248593343,0.009184485401642295
codex-m,topk_rule_weight,0.98,20182,0.3424817829320616,0.345553594543383,0.008969270087953118
codex-m,topk_rule_weight,1.0,20594,0.34183711089170155,0.34476875252136285,0.00857613622468878
hetionet,topk_rule_weight,0.02,9001,0.6293130415453401,0.6975306018910913,0.108400042335427
hetionet,topk_rule_weight,0.04,18002,0.6382972745165778,0.7042497950835765,0.10332571232886534
hetionet,topk_rule_weight,0.06,27002,0.6318070470324897,0.6940305323393879,0.09848494979464584
hetionet,topk_rule_weight,0.08,36003,0.6355744892731542,0.6950241439651994,0.09353687993366777
hetionet,topk_rule_weight,0.1,45004,0.634539650966852,0.692255078155809,0.09095637617131658
hetionet,topk_rule_weight,0.12,54005,0.6307018389201212,0.6863693317971455,0.0882627724256162
hetionet,topk_rule_weight,0.14,63006,0.6237933028254955,0.6769050265534665,0.0851431451530491
hetionet,topk_rule_weight,0.16,72006,0.6198712839004167,0.6700600977753841,0.08096650898096835
hetionet,topk_rule_weight,0.18,81007,0.6159106440529962,0.663800691943199,0.07775486322993652
hetionet,topk_rule_weight,0.2,90008,0.6106160710356958,0.6567654760156423,0.0755784316349064
hetionet,topk_rule_weight,0.22,99009,0.6061582492594888,0.6502864386775995,0.07279978367368556
hetionet,topk_rule_weight,0.24,108010,0.6063596958136838,0.6486951913162857,0.06981911198070523
hetionet,topk_rule_weight,0.26,117010,0.5997024702135669,0.640438734485938,0.0679274578573339
hetionet,topk_rule_weight,0.28,126011,0.5923715342752747,0.6323531572270302,0.0674941664789317
hetionet,topk_rule_weight,0.3,135012,0.5862805306971728,0.6242169637057893,0.06470696368426987
hetionet,topk_rule_weight,0.32,144013,0.5839832387209438,0.6213396276384674,0.06396825532072214
hetionet,topk_rule_weight,0.34,153014,0.5838063340092423,0.6204344199550009,0.06274013112228194
hetionet,topk_rule_weight,0.36,162014,0.5849195404002018,0.6210843362221894,0.06182866757578953
hetionet,topk_rule_weight,0.38,171015,0.586377883943385,0.622055388199726,0.06084387769949662
hetionet,topk_rule_weight,0.4,180016,0.5876291989117256,0.6226568395117437,0.05960840724880301
hetionet,topk_rule_weight,0.42,189017,0.5875710967180938,0.6217737337807662,0.05821021022598427
hetionet,topk_rule_weight,0.44,198018,0.588670611188172,0.6219784075522611,0.05658138138892421
hetionet,topk_rule_weight,0.46,207018,0.5873057106007621,0.6196432460064124,0.05506082236553067
hetionet,topk_rule_weight,0.48,216019,0.5801074134587734,0.6118153034782903,0.05465865335260078
hetionet,topk_rule_weight,0.5,225020,0.5695561779058805,0.6004925697283113,0.05431666448808681
hetionet,topk_rule_weight,0.52,234021,0.5593614689599665,0.5894879468351396,0.05385869343340355
hetionet,topk_rule_weight,0.54,243022,0.5499835901922532,0.5792493962486865,0.05321214410452346
hetionet,topk_rule_weight,0.56,252022,0.5391023348434173,0.5675574230848178,0.05278235021865618
hetionet,topk_rule_weight,0.58,261023,0.5302748424186315,0.5579124120178718,0.0521193301820293
hetionet,topk_rule_weight,0.6,270024,0.5206050738662483,0.5474665202424484,0.051596589669621995
hetionet,topk_rule_weight,0.62,279025,0.5104944581404334,0.5366420682591712,0.05122016449303901
hetionet,topk_rule_weight,0.64,288026,0.5008765085417558,0.5263098462464688,0.05077766130170347
hetionet,topk_rule_weight,0.66,297026,0.49211383303181483,0.5168879198264604,0.05034218737973162
hetionet,topk_rule_weight,0.68,306027,0.48364862625362154,0.5078041774903492,0.049944422304759595
hetionet,topk_rule_weight,0.7,315028,0.4750127314878326,0.4985890995345233,0.04963312872235015
hetionet,topk_rule_weight,0.72,324029,0.4664741487330043,0.4894639330119649,0.049284155062833346
hetionet,topk_rule_weight,0.74,333030,0.45798159362365065,0.4804111504145986,0.04897479964965479
hetionet,topk_rule_weight,0.76,342030,0.44977618739799147,0.47167309586758294,0.04868401014350643
hetionet,topk_rule_weight,0.78,351031,0.4427206489030399,0.4641580733793296,0.04842201177967809
hetionet,topk_rule_weight,0.8,360032,0.43598588254076615,0.456980796060626,0.04815503061133364
hetionet,topk_rule_weight,0.82,369033,0.4294724309604227,0.4500267843261744,0.04785954087852917
hetionet,topk_rule_weight,0.84,378034,0.42355844594867065,0.4437103900748485,0.047577717594657454
hetionet,topk_rule_weight,0.86,387034,0.4160814205219224,0.4358534995326933,0.047519735406520436
hetionet,topk_rule_weight,0.88,396035,0.41071176287257516,0.43005079196379026,0.04708662093326765
hetionet,topk_rule_weight,0.9,405036,0.4030430494676998,0.4219981304603142,0.04702991657503697
hetionet,topk_rule_weight,0.92,414037,0.3971731166246617,0.41574964691455857,0.04677187229530477
hetionet,topk_rule_weight,0.94,423038,0.3902783001476183,0.40848623263971123,0.046653714759970155
hetionet,topk_rule_weight,0.96,432038,0.38319931344537983,0.4010267447726407,0.04652260769199401
hetionet,topk_rule_weight,0.98,441039,0.3787452534471862,0.3961773595237725,0.04602593938254351
hetionet,topk_rule_weight,1.0,450040,0.37318845788011507,0.3902562686910259,0.04573509831430478
FB15k-237,num_neg_dep,0.02,816,0.23890652199192436,0.2692110883458418,0.1268469613187948
FB15k-237,num_neg_dep,0.04,1633,0.21454683975895336,0.23499755753221122,0.09532052672616631
FB15k-237,num_neg_dep,0.06,2449,0.24498200142065116,0.2620610391291371,0.0697154795431687
FB15k-237,num_neg_dep,0.08,3266,0.29275904375840595,0.30818209370366045,0.05268171991291948
FB15k-237,num_neg_dep,0.1,4082,0.31289833907897474,0.32745132910302593,0.046510282115553414
FB15k-237,num_neg_dep,0.12,4898,0.3222064777840693,0.3351910667142848,0.040298969218481195
FB15k-237,num_neg_dep,0.14,5715,0.32869574980396954,0.34152368042650066,0.0390267614661326
FB15k-237,num_neg_dep,0.16,6531,0.32790072417622845,0.33990127156059713,0.0365981118660752
FB15k-237,num_neg_dep,0.18,7347,0.3393542075974752,0.35076881811880894,0.0336362722659187
FB15k-237,num_neg_dep,0.2,8164,0.34241356093355124,0.3535325540046745,0.03247240863010381
FB15k-237,num_neg_dep,0.22,8980,0.33867362898117487,0.34899367351842725,0.03047194600978509
FB15k-237,num_neg_dep,0.24,9797,0.34106085682698595,0.3508721990118898,0.028767130523808415
FB15k-237,num_neg_dep,0.26,10613,0.3485849182879591,0.35810189432804107,0.027301743537338385
FB15k-237,num_neg_dep,0.28,11429,0.3603757158911351,0.3698872754768757,0.026393453183215954
FB15k-237,num_neg_dep,0.3,12246,0.3546044065148035,0.36359689897424896,0.02535922367075849
FB15k-237,num_neg_dep,0.32,13062,0.36078130610499615,0.3695691245891651,0.024357743418145672
FB15k-237,num_neg_dep,0.34,13878,0.3598323254808656,0.36837740023392,0.023747379398543877
FB15k-237,num_neg_dep,0.36,14695,0.3594662679177547,0.3674537630364423,0.02222043020880915
FB15k-237,num_neg_dep,0.38,15511,0.36429667325151466,0.37190594556997425,0.020887570151391532
FB15k-237,num_neg_dep,0.4,16328,0.37033864637645375,0.3776945512613942,0.019862644519856643
FB15k-237,num_neg_dep,0.42,17144,0.36972948854178744,0.37676948322280107,0.01904093370745019
FB15k-237,num_neg_dep,0.44,17960,0.37045025679073035,0.3774791218207796,0.01897384304964822
FB15k-237,num_neg_dep,0.46,18777,0.36815187484795775,0.37489817547368465,0.01832477595968518
FB15k-237,num_neg_dep,0.48,19593,0.38102463926019414,0.38723530016575813,0.016299893145028
FB15k-237,num_neg_dep,0.5,20410,0.37342451419078443,0.3793210896830257,0.015790542045744482
FB15k-237,num_neg_dep,0.52,21226,0.3671671014400124,0.37284343310629015,0.015459804661189569
FB15k-237,num_neg_dep,0.54,22042,0.364535470427746,0.370044946359417,0.015113689554561605
FB15k-237,num_neg_dep,0.56,22859,0.3584154794797092,0.36383589198702515,0.015123265644621187
FB15k-237,num_neg_dep,0.58,23675,0.3566478223155915,0.36184502432077276,0.014572364332516186
FB15k-237,num_neg_dep,0.6,24491,0.35742050337467907,0.36270173482721296,0.014775961095319756
FB15k-237,num_neg_dep,0.62,25308,0.3565705724896666,0.3617153910475696,0.0144286123276538
FB15k-237,num_neg_dep,0.64,26124,0.3612678753016817,0.3662494441618177,0.013789127682543256
FB15k-237,num_neg_dep,0.66,26941,0.36287911454438676,0.36770961470778796,0.013311595982772761
FB15k-237,num_neg_dep,0.68,27757,0.36655161560825306,0.37124010877762265,0.012790812998026313
FB15k-237,num_neg_dep,0.7,28573,0.35897641574643385,0.36354152091114006,0.012717005810016335
FB15k-237,num_neg_dep,0.72,29390,0.35316267908481513,0.3576057490342656,0.012580802594895468
FB15k-237,num_neg_dep,0.74,30206,0.3567925274807283,0.36103895759714727,0.011901678957243034
FB15k-237,num_neg_dep,0.76,31022,0.3648121575737254,0.3689468899603075,0.011333866760584899
FB15k-237,num_neg_dep,0.78,31839,0.36013727535806667,0.3641659090493431,0.011186383545749301
FB15k-237,num_neg_dep,0.8,32655,0.3568775612366589,0.36080682738511516,0.011010123849872988
FB15k-237,num_neg_dep,0.82,33472,0.36137260036551555,0.3652064788338655,0.01060921183419028
FB15k-237,num_neg_dep,0.84,34288,0.36672291822561764,0.3704655564691024,0.010205629529764337
FB15k-237,num_neg_dep,0.86,35104,0.36883196819475017,0.3724876080105149,0.009911396329491895
FB15k-237,num_neg_dep,0.88,35921,0.364110711948478,0.36768320659207393,0.009811561501386068
FB15k-237,num_neg_dep,0.9,36737,0.364861122876273,0.36837337052176894,0.009626258938766119
FB15k-237,num_neg_dep,0.92,37553,0.371268632634518,0.3747567852348263,0.009395225703707988
FB15k-237,num_neg_dep,0.94,38370,0.3660616587534284,0.36954281306100345,0.009509748492725567
FB15k-237,num_neg_dep,0.96,39186,0.36015435540526003,0.36355827348115666,0.009451275612275767
FB15k-237,num_neg_dep,0.98,40003,0.35771266076745867,0.36135351654911235,0.010178157445817959
FB15k-237,num_neg_dep,1.0,40819,0.35210727177438816,0.3556284813078721,0.010000388562665607
KG20C,num_neg_dep,0.02,149,0.13183564845636628,0.13886470719460633,0.05331682910154956
KG20C,num_neg_dep,0.04,298,0.10844767042507131,0.11415001755780518,0.052581554867734415
KG20C,num_neg_dep,0.06,447,0.11449725004610634,0.12039821741485325,0.051538070707992434
KG20C,num_neg_dep,0.08,596,0.11771763087062853,0.12370588182626603,0.050869618351549795
KG20C,num_neg_dep,0.1,745,0.12965158733697854,0.13614181093816088,0.050058959820627136
KG20C,num_neg_dep,0.12,894,0.12251524803051649,0.1286403603286645,0.049994693694146
KG20C,num_neg_dep,0.14,1043,0.13157563524802038,0.13812797165572654,0.0497990102449819
KG20C,num_neg_dep,0.16,1192,0.13042112603930492,0.1364889685227721,0.04652499689075307
KG20C,num_neg_dep,0.18,1341,0.1324952443826872,0.1378888821457691,0.04070816117372056
KG20C,num_neg_dep,0.2,1490,0.13951801982105166,0.1443722938078254,0.03479316860287951
KG20C,num_neg_dep,0.22,1639,0.19273634362472072,0.19714931997633317,0.022896441162155723
KG20C,num_neg_dep,0.24,1788,0.2399489636668212,0.24399419198913264,0.01685870303623571
KG20C,num_neg_dep,0.26,1936,0.23630109740376232,0.24020002694520298,0.016499836794150236
KG20C,num_neg_dep,0.28,2085,0.222987292756957,0.22678242931795267,0.017019519426751062
KG20C,num_neg_dep,0.3,2234,0.2099793465401291,0.21363480118564723,0.017408639019740768
KG20C,num_neg_dep,0.32,2383,0.19856361612573745,0.2020743554052319,0.017680677598414185
KG20C,num_neg_dep,0.34,2532,0.1890533575637733,0.19246384936510355,0.018039837246369927
KG20C,num_neg_dep,0.36,2681,0.1844709906259142,0.18798208134630598,0.01903329465775916
KG20C,num_neg_dep,0.38,2830,0.18510893464265465,0.1889416431796596,0.02070515150661878
KG20C,num_neg_dep,0.4,2979,0.18797721234874726,0.19221004931028993,0.022517819626400426
KG20C,num_neg_dep,0.42,3128,0.18678962261281098,0.1912008748065976,0.023616152396916057
KG20C,num_neg_dep,0.44,3277,0.18608288118012475,0.19068415557050358,0.024727016054340245
KG20C,num_neg_dep,0.46,3426,0.18447946632162618,0.18925380051127785,0.025880030362446904
KG20C,num_neg_dep,0.48,3575,0.18211669381728984,0.18699831016836488,0.02680488124813296
KG20C,num_neg_dep,0.5,3724,0.17908992094723378,0.18402175914992602,0.02753833480190848
KG20C,num_neg_dep,0.52,3873,0.17961806449951243,0.18478201557320553,0.028749619856343056
KG20C,num_neg_dep,0.54,4022,0.17989666381131816,0.18526797321134816,0.029857748811082052
KG20C,num_neg_dep,0.56,4171,0.17970598240873165,0.18524399428825145,0.03081707022376068
KG20C,num_neg_dep,0.58,4320,0.18124794565184585,0.187083509241468,0.0321965778350477
KG20C,num_neg_dep,0.6,4469,0.18281966528533924,0.18902454224725898,0.03393987704897805
KG20C,num_neg_dep,0.62,4618,0.1831059712095486,0.18956865375921853,0.035294766778926956
KG20C,num_neg_dep,0.64,4767,0.18427900392282517,0.19105036440308154,0.036745154554298276
KG20C,num_neg_dep,0.66,4916,0.1858296774304579,0.1929070127610276,0.038085064928438106
KG20C,num_neg_dep,0.68,5065,0.18770118706948838,0.19511372473454627,0.039491160289325755
KG20C,num_neg_dep,0.7,5214,0.18628208148712638,0.19377491008792505,0.04022302381947829
KG20C,num_neg_dep,0.72,5363,0.18780651376294627,0.19558730524091789,0.04142982755003222
KG20C,num_neg_dep,0.74,5512,0.18983115772573717,0.1979274880463053,0.0426501656396443
KG20C,num_neg_dep,0.76,5660,0.1924219675549601,0.20086601862352413,0.04388298891160747
KG20C,num_neg_dep,0.78,5809,0.19285744893214196,0.20148264618038628,0.044723174012734956
KG20C,num_neg_dep,0.8,5958,0.19446133954027162,0.20320890449183562,0.044983568313600175
KG20C,num_neg_dep,0.82,6107,0.19781598117278534,0.20633003861430793,0.0430402912395933
KG20C,num_neg_dep,0.84,6256,0.19998837243390805,0.20828258056963606,0.0414734518551525
KG20C,num_neg_dep,0.86,6405,0.21093606056388917,0.21899863858326632,0.038222852924358675
KG20C,num_neg_dep,0.88,6554,0.22073603075299503,0.22857912208992537,0.035531541045543236
KG20C,num_neg_dep,0.9,6703,0.23082140549797062,0.2384529800389845,0.0330626811865633
KG20C,num_neg_dep,0.92,6852,0.22752832963177624,0.23503881112707178,0.03300899500053567
KG20C,num_neg_dep,0.94,7001,0.22625252097980636,0.23376810371172352,0.033217675097586774
KG20C,num_neg_dep,0.96,7150,0.2262943651054109,0.2339049501355766,0.03363135015147467
KG20C,num_neg_dep,0.98,7299,0.22729467733351136,0.23486174459791023,0.03329188062462052
KG20C,num_neg_dep,1.0,7448,0.2263808023358598,0.23395204112117768,0.03344470338118666
WN18RR,num_neg_dep,0.02,121,0.24753557952522584,0.26015870298626115,0.05099518818768001
WN18RR,num_neg_dep,0.04,242,0.32799638715898644,0.3424367185313601,0.044025885460055925
WN18RR,num_neg_dep,0.06,363,0.47227913478119354,0.4830213509134737,0.022745481096167808
WN18RR,num_neg_dep,0.08,484,0.41620758771329897,0.4290924640765632,0.03095781226396066
WN18RR,num_neg_dep,0.1,606,0.36105276114115625,0.37311063582148757,0.03339643392345426
WN18RR,num_neg_dep,0.12,727,0.32948816876431797,0.3405133131003957,0.033461427089857
WN18RR,num_neg_dep,0.14,848,0.3691735699238803,0.3772907758073535,0.021987505457519374
WN18RR,num_neg_dep,0.16,969,0.3683990610876007,0.3767335000071549,0.022623398916786108
WN18RR,num_neg_dep,0.18,1090,0.36534735054945583,0.3735982128721365,0.02258361066604686
WN18RR,num_neg_dep,0.2,1211,0.3520189546058163,0.3597620300047412,0.021996188834761732
WN18RR,num_neg_dep,0.22,1332,0.3667804163988035,0.37380689389529775,0.019157177380087598
WN18RR,num_neg_dep,0.24,1453,0.3586128799560693,0.3654611577556463,0.0190965751158072
WN18RR,num_neg_dep,0.26,1574,0.36874459900528095,0.37703111013454127,0.022472223733212227
WN18RR,num_neg_dep,0.28,1695,0.4108356316155776,0.41891470119917473,0.019664968084259993
WN18RR,num_neg_dep,0.3,1816,0.4469296560896441,0.4544704176227923,0.016872367788535625
WN18RR,num_neg_dep,0.32,1938,0.4787138805612223,0.48577993987195345,0.014760506427027309
WN18RR,num_neg_dep,0.34,2059,0.507744662112544,0.5143954746157965,0.013098734461492567
WN18RR,num_neg_dep,0.36,2180,0.5337973787254703,0.5400790406264783,0.011767877009824401
WN18RR,num_neg_dep,0.38,2301,0.5562372710024277,0.5621886064844777,0.010699274917922441
WN18RR,num_neg_dep,0.4,2422,0.5769857703262359,0.5826397847540629,0.009799226806980199
WN18RR,num_neg_dep,0.42,2543,0.5934397495394168,0.5988247369339104,0.009074193966064792
WN18RR,num_neg_dep,0.44,2664,0.6091916778261258,0.6143320768292028,0.008438065046161292
WN18RR,num_neg_dep,0.46,2785,0.6242337110867603,0.6291507749805475,0.007876959873293066
WN18RR,num_neg_dep,0.48,2906,0.6384129297797967,0.6431252570145513,0.0073813154698791905
WN18RR,num_neg_dep,0.5,3028,0.651215884813552,0.6557383494582669,0.006944647313094521
WN18RR,num_neg_dep,0.52,3149,0.6626098034278599,0.6669584928353535,0.006562971729359601
WN18RR,num_neg_dep,0.54,3270,0.6735993861517451,0.677787160752417,0.006217010714033577
WN18RR,num_neg_dep,0.56,3391,0.6838596103342462,0.6878979538742631,0.0059052230589302646
WN18RR,num_neg_dep,0.58,3512,0.6938591304945994,0.6977583397611704,0.005619597833628864
WN18RR,num_neg_dep,0.6,3633,0.7028864540804247,0.7066557970323094,0.005362662674750274
WN18RR,num_neg_dep,0.62,3754,0.7083050455310788,0.7119608211629814,0.005161301130025997
WN18RR,num_neg_dep,0.64,3875,0.6895367682554708,0.6931001180561462,0.005167744440504052
WN18RR,num_neg_dep,0.66,3996,0.6762096043513558,0.679714052771605,0.005182488384811945
WN18RR,num_neg_dep,0.68,4117,0.6598211733244032,0.6632452389869248,0.005189384337683567
WN18RR,num_neg_dep,0.7,4238,0.6430830888875522,0.646423021840345,0.005193625847898398
WN18RR,num_neg_dep,0.72,4360,0.6268566862508381,0.6301146337568302,0.00519727647076329
WN18RR,num_neg_dep,0.74,4481,0.6105684638438764,0.6137425813032927,0.005198626603531764
WN18RR,num_neg_dep,0.76,4602,0.5995810190560139,0.6027045485270988,0.0052095202680073616
WN18RR,num_neg_dep,0.78,4723,0.5876566311919966,0.5907224333897675,0.005216995835735316
WN18RR,num_neg_dep,0.8,4844,0.5744925998450199,0.5774916510699747,0.005220347878743592
WN18RR,num_neg_dep,0.82,4965,0.5621154740543318,0.565051970356397,0.0052240090116810745
WN18RR,num_neg_dep,0.84,5086,0.5561542458874167,0.5590689684896503,0.005240852917669958
WN18RR,num_neg_dep,0.86,5207,0.5569853203719164,0.5599215514381045,0.005271648926451933
WN18RR,num_neg_dep,0.88,5328,0.5493821948679601,0.5522844822273755,0.005282820205181338
WN18RR,num_neg_dep,0.9,5450,0.5413278075227483,0.5441926589624015,0.005292267272881235
WN18RR,num_neg_dep,0.92,5571,0.5321389278911672,0.5349582203423883,0.005298038357001378
WN18RR,num_neg_dep,0.94,5692,0.5266520815302853,0.5294492357093007,0.005311199323256632
WN18RR,num_neg_dep,0.96,5813,0.5231289887345808,0.525916184914263,0.005327932956696202
WN18RR,num_neg_dep,0.98,5934,0.5165087446333015,0.5192653627769216,0.005337021245549467
WN18RR,num_neg_dep,1.0,6055,0.5098022893664883,0.5125272756194792,0.0053451824556871586
YAGO3-10,num_neg_dep,0.02,200,0.5748136618334265,0.6571216884008291,0.143190797353133
YAGO3-10,num_neg_dep,0.04,399,0.5546720205356876,0.624434720135523,0.12577288382504026
YAGO3-10,num_neg_dep,0.06,598,0.5405292589558461,0.6010229582426255,0.11191567946504244
YAGO3-10,num_neg_dep,0.08,798,0.545951185521474,0.5998857855828958,0.09879015100938981
YAGO3-10,num_neg_dep,0.1,998,0.5634885616541455,0.6161723296005247,0.09349571851418537
YAGO3-10,num_neg_dep,0.12,1197,0.5749225015352626,0.6208922024456962,0.0799580826766686
YAGO3-10,num_neg_dep,0.14,1397,0.5937924187678949,0.6367149225838669,0.07228536852160405
YAGO3-10,num_neg_dep,0.16,1596,0.5969361496792465,0.6381548624171364,0.06905045499428719
YAGO3-10,num_neg_dep,0.18,1796,0.6023507207110314,0.6426065702086389,0.06683124650384475
YAGO3-10,num_neg_dep,0.2,1995,0.5925024501996641,0.6308388200612972,0.06470246637581734
YAGO3-10,num_neg_dep,0.22,2194,0.5978475625912811,0.6354553194132576,0.06290526076408387
YAGO3-10,num_neg_dep,0.24,2394,0.6049668801392007,0.6412703937308926,0.06000909270163435
YAGO3-10,num_neg_dep,0.26,2594,0.6159553672854016,0.6516526076205679,0.05795426459629516
YAGO3-10,num_neg_dep,0.28,2793,0.6204614013794846,0.65594983989045,0.05719685129818419
YAGO3-10,num_neg_dep,0.3,2992,0.6263897843294972,0.6612715699591282,0.055687028272610295
YAGO3-10,num_neg_dep,0.32,3192,0.6288059273435755,0.6636717154104028,0.055447613565157816
YAGO3-10,num_neg_dep,0.34,3392,0.633020946381346,0.6673622590620294,0.054249883636544594
YAGO3-10,num_neg_dep,0.36,3591,0.6335562267468701,0.6669875203834873,0.052767682212322864
YAGO3-10,num_neg_dep,0.38,3790,0.6362292729571621,0.6690619722536478,0.05160513778921394
YAGO3-10,num_neg_dep,0.4,3990,0.6419588107674099,0.6742906598735581,0.05036436694045543
YAGO3-10,num_neg_dep,0.42,4190,0.6440662679661713,0.6754874241531057,0.04878559513162517
YAGO3-10,num_neg_dep,0.44,4389,0.6488403035798775,0.6803779021668732,0.0486061029393392
YAGO3-10,num_neg_dep,0.46,4588,0.6510143409890181,0.681990549902986,0.04758145399210245
YAGO3-10,num_neg_dep,0.48,4788,0.6473575772633937,0.6773552680148577,0.04633867248186796
YAGO3-10,num_neg_dep,0.5,4988,0.6484709490881491,0.6783797767519274,0.04612207795250467
YAGO3-10,num_neg_dep,0.52,5187,0.6436905242392709,0.6732572458457915,0.04593313167296231
YAGO3-10,num_neg_dep,0.54,5386,0.6415497207481449,0.6705008963676483,0.04512693978845772
YAGO3-10,num_neg_dep,0.56,5586,0.6419542850599717,0.6703309115030728,0.04420350031692699
YAGO3-10,num_neg_dep,0.58,5786,0.6421745825832139,0.66958184344636,0.04267883159264496
YAGO3-10,num_neg_dep,0.6,5985,0.6463029603049055,0.6731632685566504,0.041559933810411565
YAGO3-10,num_neg_dep,0.62,6184,0.6471646346843356,0.6740622738636863,0.041562282204234524
YAGO3-10,num_neg_dep,0.64,6384,0.6454529206371921,0.6715375734461275,0.04041294411246077
YAGO3-10,num_neg_dep,0.66,6584,0.6486808386077225,0.6742751579802672,0.0394559509842749
YAGO3-10,num_neg_dep,0.68,6783,0.6469490330209191,0.6720842648024962,0.03885195046077805
YAGO3-10,num_neg_dep,0.7,6982,0.6423886600090708,0.666825566544081,0.03804068791417503
YAGO3-10,num_neg_dep,0.72,7182,0.6335466040194832,0.6574419554453826,0.037716801375459186
YAGO3-10,num_neg_dep,0.74,7382,0.6237660333489276,0.6470130957562317,0.03726888154280106
YAGO3-10,num_neg_dep,0.76,7581,0.6178441096410389,0.6409645721319942,0.037421191090399875
YAGO3-10,num_neg_dep,0.78,7780,0.627105600789233,0.6496770144119818,0.03599300276435402
YAGO3-10,num_neg_dep,0.8,7980,0.6165850488931481,0.6386686042856999,0.03581591125538108
YAGO3-10,num_neg_dep,0.82,8179,0.6078542470208772,0.6294222661360745,0.03548222163603065
YAGO3-10,num_neg_dep,0.84,8379,0.5965889498711255,0.6176054367714533,0.03522775087414498
YAGO3-10,num_neg_dep,0.86,8578,0.5855427273424569,0.6061718203838763,0.03523072199196542
YAGO3-10,num_neg_dep,0.88,8778,0.5798822967954739,0.6003033571120728,0.035215871271548016
YAGO3-10,num_neg_dep,0.9,8978,0.579609654581968,0.5998691961573913,0.034953768308147115
YAGO3-10,num_neg_dep,0.92,9177,0.5777325737099981,0.5978799127875041,0.03487312295397649
YAGO3-10,num_neg_dep,0.94,9376,0.5771082160193147,0.5970938058291885,0.03463057578304318
YAGO3-10,num_neg_dep,0.96,9576,0.5787605942255111,0.5984568010963999,0.034031699924639724
YAGO3-10,num_neg_dep,0.98,9776,0.570769387375026,0.5900201349442403,0.033727715597622776
YAGO3-10,num_neg_dep,1.0,9975,0.5607274620553473,0.5794717170327173,0.03342845900335045
codex-l,num_neg_dep,0.02,1223,0.009168307466163988,0.010581932337542685,0.15418602360312827
codex-l,num_neg_dep,0.04,2445,0.027001113917687242,0.02894241139756535,0.07189694046683193
codex-l,num_neg_dep,0.06,3668,0.054816951365639105,0.06414852486281646,0.17023152993193746
codex-l,num_neg_dep,0.08,4890,0.08457808829551947,0.09235132381691782,0.09190602055509145
codex-l,num_neg_dep,0.1,6113,0.11424384725985855,0.12275540559649532,0.07450342876913463
codex-l,num_neg_dep,0.12,7335,0.14324224786123932,0.15196226707107421,0.06087602882553256
codex-l,num_neg_dep,0.14,8558,0.16817666287923683,0.1773877964477283,0.054770581190005885
codex-l,num_neg_dep,0.16,9781,0.18604257295031462,0.19407810740688575,0.0431919120937827
codex-l,num_neg_dep,0.18,11003,0.19623909434379289,0.2038912558723528,0.038994072787321477
codex-l,num_neg_dep,0.2,12226,0.22029217940056578,0.22953089314820646,0.041938455431236976
codex-l,num_neg_dep,0.22,13448,0.22968080739859473,0.2377399942663467,0.03508863870269252
codex-l,num_neg_dep,0.24,14671,0.23891128260434183,0.2478223891350835,0.037298809974994906
codex-l,num_neg_dep,0.26,15894,0.24732468612464964,0.2561598608135304,0.03572297948627723
codex-l,num_neg_dep,0.28,17116,0.26309860581190625,0.2715400519052774,0.032084723776172774
codex-l,num_neg_dep,0.3,18339,0.27122435289752067,0.28055195868930055,0.034390738486909544
codex-l,num_neg_dep,0.32,19561,0.26071609895178627,0.2693593447437423,0.03315194507246133
codex-l,num_neg_dep,0.34,20784,0.264188670648008,0.272067237653671,0.029821744385700955
codex-l,num_neg_dep,0.36,22006,0.2725532176610934,0.2801037306773813,0.02770289443317675
codex-l,num_neg_dep,0.38,23229,0.2787062125903429,0.286025552274689,0.026261846179598702
codex-l,num_neg_dep,0.4,24452,0.28881734852967117,0.2956872341003156,0.02378626355244262
codex-l,num_neg_dep,0.42,25674,0.29153508565207337,0.29827447297854287,0.023116899673998326
codex-l,num_neg_dep,0.44,26897,0.2932707968763489,0.29984743949148984,0.022425153425398303
codex-l,num_neg_dep,0.46,28119,0.30141851258483704,0.3085563404674229,0.02368078795617068
codex-l,num_neg_dep,0.48,29342,0.29541356502189237,0.3024233424185221,0.02372869166014846
codex-l,num_neg_dep,0.5,30564,0.29267167990719556,0.2994496359577138,0.02315890643285834
codex-l,num_neg_dep,0.52,31787,0.28671866345277064,0.29324765959069066,0.02277143754541644
codex-l,num_neg_dep,0.54,33010,0.27903071522202383,0.2852603273280392,0.022325900935524112
codex-l,num_neg_dep,0.56,34232,0.2809821823349082,0.28709232210968505,0.02174564851053118
codex-l,num_neg_dep,0.58,35455,0.29015470717909303,0.2959092820435843,0.01983278134770816
codex-l,num_neg_dep,0.6,36677,0.2930272260131246,0.29875704882741955,0.019553892285893992
codex-l,num_neg_dep,0.62,37900,0.3066120890349762,0.3123587951436353,0.018742594679636237
codex-l,num_neg_dep,0.64,39123,0.3237054580523055,0.3292935784603214,0.017262978640023352
codex-l,num_neg_dep,0.66,40345,0.32133285343029333,0.32675729818428806,0.016881077350441087
codex-l,num_neg_dep,0.68,41568,0.3236563853380286,0.3289282873585918,0.01628857720528898
codex-l,num_neg_dep,0.7,42790,0.3176351570680688,0.32283189924136524,0.016360727261002905
codex-l,num_neg_dep,0.72,44013,0.3214024233512525,0.3267494730028405,0.016636618964581906
codex-l,num_neg_dep,0.74,45235,0.3151247197412194,0.3203302437939003,0.016518932748137427
codex-l,num_neg_dep,0.76,46458,0.3145461794038775,0.3196245394555083,0.016145038103006604
codex-l,num_neg_dep,0.78,47681,0.31526162817519265,0.32020884456417076,0.015692415273034444
codex-l,num_neg_dep,0.8,48903,0.3083001159021392,0.31312995873948785,0.01566604288556861
codex-l,num_neg_dep,0.82,50126,0.3053992352209458,0.31014275039145595,0.0155321776332491
codex-l,num_neg_dep,0.84,51348,0.3055502257509732,0.3102314454123452,0.015320622492968727
codex-l,num_neg_dep,0.86,52571,0.30523742025467926,0.3103159238289315,0.01663788001489097
codex-l,num_neg_dep,0.88,53794,0.3113363755048838,0.31661866505705066,0.016966503010130918
codex-l,num_neg_dep,0.9,55016,0.3061452151344197,0.3113418864597842,0.016974530609870087
codex-l,num_neg_dep,0.92,56239,0.30106227874116537,0.30617490146164655,0.016981943875063576
codex-l,num_neg_dep,0.94,57461,0.3043241174557502,0.30950575895551014,0.01702671987708415
codex-l,num_neg_dep,0.96,58684,0.3154942807253493,0.32089002110389253,0.017102498232734797
codex-l,num_neg_dep,0.98,59906,0.3264849088510234,0.3320910859444847,0.01717132076086081
codex-l,num_neg_dep,1.0,61129,0.32932060661783036,0.3342010881088536,0.014819848478801356
codex-m,num_neg_dep,0.02,412,0.21792323145854273,0.23340769458153157,0.07105466920324455
codex-m,num_neg_dep,0.04,824,0.2504392806034402,0.2590105245698323,0.034224838634496546
codex-m,num_neg_dep,0.06,1236,0.31530096003953684,0.3216712737930012,0.020203914864913797
codex-m,num_neg_dep,0.08,1648,0.3373948826027769,0.34243882734189857,0.014949677660227145
codex-m,num_neg_dep,0.1,2059,0.34328962408484376,0.34744740186729267,0.012111574282307247
codex-m,num_neg_dep,0.12,2471,0.36023723073293346,0.36366985378832806,0.009528784818855662
codex-m,num_neg_dep,0.14,2883,0.3663657589083452,0.3694813800796023,0.008504127625192481
codex-m,num_neg_dep,0.16,3295,0.3467380420299884,0.3506066857743688,0.011157252090746361
codex-m,num_neg_dep,0.18,3707,0.34521860946165533,0.3490312764070942,0.011044210366829343
codex-m,num_neg_dep,0.2,4119,0.34322869561002783,0.34735499527564595,0.012022012490197964
codex-m,num_neg_dep,0.22,4531,0.3344837655583804,0.33865727474150603,0.012477464118949122
codex-m,num_neg_dep,0.24,4943,0.3280148654809115,0.33159763606077935,0.010922586007237944
codex-m,num_neg_dep,0.26,5354,0.33505290679594746,0.3381883515141787,0.009358058547275228
codex-m,num_neg_dep,0.28,5766,0.3494396024053621,0.35288618590765397,0.00986317371748191
codex-m,num_neg_dep,0.3,6178,0.37787099043476147,0.3817479510314007,0.010260011206942865
codex-m,num_neg_dep,0.32,6590,0.3707135977327166,0.3746677626061616,0.010666360494000271
codex-m,num_neg_dep,0.34,7002,0.3611312650670388,0.36506059613655195,0.010880617242552404
codex-m,num_neg_dep,0.36,7414,0.35543914221533773,0.3594682588575589,0.011335601974247878
codex-m,num_neg_dep,0.38,7826,0.34463305663149396,0.3487361560591323,0.011905704774065384
codex-m,num_neg_dep,0.4,8238,0.34581896031850595,0.350383484005065,0.013199171272607613
codex-m,num_neg_dep,0.42,8649,0.3674656544965942,0.3731912761092641,0.015581378946867064
codex-m,num_neg_dep,0.44,9061,0.37601492117765023,0.3823631696648642,0.016882969610173326
codex-m,num_neg_dep,0.46,9473,0.362124192324329,0.3682064387678012,0.016796023497995805
codex-m,num_neg_dep,0.48,9885,0.3485914392465938,0.3544265780618438,0.016739191380779284
codex-m,num_neg_dep,0.5,10297,0.3358689273294639,0.34147561503988083,0.01669308249201973
codex-m,num_neg_dep,0.52,10709,0.3237790640761121,0.32917345927279373,0.016660728858656215
codex-m,num_neg_dep,0.54,11121,0.31316523494552884,0.3183654458272609,0.016605326203071646
codex-m,num_neg_dep,0.56,11533,0.3027512639158022,0.307768875084561,0.016573378105381842
codex-m,num_neg_dep,0.58,11945,0.2936571076606586,0.29850718078034183,0.016516110092890335
codex-m,num_neg_dep,0.6,12356,0.286095588343637,0.29079337738219235,0.016420347708796967
codex-m,num_neg_dep,0.62,12768,0.2865584595856327,0.29114440049352935,0.01600350907290604
codex-m,num_neg_dep,0.64,13180,0.2933198384020987,0.29782686167131367,0.015365558953555958
codex-m,num_neg_dep,0.66,13592,0.30103913325695286,0.3054776302240633,0.014743920230869012
codex-m,num_neg_dep,0.68,14004,0.30866498231026607,0.3130404639358544,0.014175503786789001
codex-m,num_neg_dep,0.7,14416,0.3159628530688645,0.3202793635613769,0.013661449283000282
codex-m,num_neg_dep,0.72,14828,0.32376592750222705,0.3280304773242316,0.013171706655189075
codex-m,num_neg_dep,0.74,15240,0.331246393879661,0.3354621994708984,0.012727098827735484
codex-m,num_neg_dep,0.76,15651,0.3375388913492259,0.34170544118031415,0.012343910399283287
codex-m,num_neg_dep,0.78,16063,0.34145340982853184,0.345564627952775,0.012040348714946747
codex-m,num_neg_dep,0.8,16475,0.34027584993231036,0.3442906391632547,0.011798631115734537
codex-m,num_neg_dep,0.82,16887,0.3411505324719063,0.3450335839239533,0.011382223043626016
codex-m,num_neg_dep,0.84,17299,0.3480725455000203,0.35180771517678355,0.010731009167636252
codex-m,num_neg_dep,0.86,17711,0.3449112173840138,0.34856116146009264,0.010582271297993495
codex-m,num_neg_dep,0.88,18123,0.33952985619099274,0.34310671644708013,0.010534744414568697
codex-m,num_neg_dep,0.9,18535,0.33706525743380994,0.3405625099813299,0.010375594845181357
codex-m,num_neg_dep,0.92,18946,0.3308935144242775,0.33431252474382006,0.01033266041944425
codex-m,num_neg_dep,0.94,19358,0.3330083882138166,0.33631526228412295,0.009930302621035114
codex-m,num_neg_dep,0.96,19770,0.33661452564055844,0.33983873005350923,0.009578328228157407
codex-m,num_neg_dep,0.98,20182,0.3394401404633283,0.34257179835711765,0.009225950382635073
codex-m,num_neg_dep,1.0,20594,0.3418371108917016,0.34476875252136285,0.00857613622468878
hetionet,num_neg_dep,0.02,9001,0.6289140496585179,0.6829398081857015,0.08590324632836244
hetionet,num_neg_dep,0.04,18002,0.6324968854386752,0.6845152858191224,0.08224293522705528
hetionet,num_neg_dep,0.06,27002,0.6292002377185644,0.6804851056544865,0.08150802377614697
hetionet,num_neg_dep,0.08,36003,0.6287015086778656,0.6803359637680634,0.08212872782631475
hetionet,num_neg_dep,0.1,45004,0.6311544537270964,0.681344552771873,0.0795211041424071
hetionet,num_neg_dep,0.12,54005,0.6243010457382927,0.6742553489616419,0.08001636960943048
hetionet,num_neg_dep,0.14,63006,0.6205944059581131,0.6697358074353755,0.07918440934283777
hetionet,num_neg_dep,0.16,72006,0.6116693018616796,0.6600178388526832,0.0790435891483352
hetionet,num_neg_dep,0.18,81007,0.6025543235421507,0.6502598299857623,0.07917212536650964
hetionet,num_neg_dep,0.2,90008,0.5985626871444439,0.6460100007278321,0.07926874595164701
hetionet,num_neg_dep,0.22,99009,0.595283844199502,0.6420517827321293,0.07856409843528955
hetionet,num_neg_dep,0.24,108010,0.5922488572975186,0.6384317772383014,0.07797890932456886
hetionet,num_neg_dep,0.26,117010,0.5906455778201445,0.6364158585319208,0.0774919552952511
hetionet,num_neg_dep,0.28,126011,0.5903003486062182,0.6363077550489598,0.07793897894753332
hetionet,num_neg_dep,0.3,135012,0.5848554891344181,0.6300357930026268,0.07725037160047044
hetionet,num_neg_dep,0.32,144013,0.5778691537895508,0.6223655644763986,0.07700084075270186
hetionet,num_neg_dep,0.34,153014,0.5819662752595559,0.6260098465974799,0.07568062482363036
hetionet,num_neg_dep,0.36,162014,0.5718476493334959,0.6151506729659706,0.07572475585576965
hetionet,num_neg_dep,0.38,171015,0.5671885307425183,0.6101212789329178,0.07569396393505223
hetionet,num_neg_dep,0.4,180016,0.5583254354373125,0.6005754130361501,0.07567267209623907
hetionet,num_neg_dep,0.42,189017,0.5537053061609581,0.5950271332579251,0.07462783295949671
hetionet,num_neg_dep,0.44,198018,0.542376398510896,0.583010080902215,0.0749178660850276
hetionet,num_neg_dep,0.46,207018,0.5198474842652993,0.5587225924591839,0.07478175690092415
hetionet,num_neg_dep,0.48,216019,0.4991582321831052,0.5364208622203901,0.07465093758809527
hetionet,num_neg_dep,0.5,225020,0.48037348856893614,0.5161545292115355,0.07448587712280585
hetionet,num_neg_dep,0.52,234021,0.463850793051633,0.4982704007856584,0.07420405063357083
hetionet,num_neg_dep,0.54,243022,0.448741276276687,0.48190173283741233,0.0738966043771716
hetionet,num_neg_dep,0.56,252022,0.4391179936071245,0.47104941938924283,0.07271718819768314
hetionet,num_neg_dep,0.58,261023,0.44784150091812225,0.4784130021821088,0.06826410951488815
hetionet,num_neg_dep,0.6,270024,0.4555971150954902,0.48490354489949417,0.06432531908781192
hetionet,num_neg_dep,0.62,279025,0.46376210740422397,0.49187521913363663,0.060619682549675646
hetionet,num_neg_dep,0.64,288026,0.46983180906246685,0.49684337498845654,0.05749199054846943
hetionet,num_neg_dep,0.66,297026,0.4761794057592825,0.5021492893595757,0.05453802345543157
hetionet,num_neg_dep,0.68,306027,0.47718978309446214,0.5022329869402898,0.05248059521188497
hetionet,num_neg_dep,0.7,315028,0.4646720604184825,0.48898761946047614,0.052328429258464704
hetionet,num_neg_dep,0.72,324029,0.4528880849995714,0.4765160094396572,0.052171662763236926
hetionet,num_neg_dep,0.74,333030,0.44167119924459025,0.4646494172890259,0.05202562015303758
hetionet,num_neg_dep,0.76,342030,0.43102804278403983,0.4533910097657895,0.051882858566012935
hetionet,num_neg_dep,0.78,351031,0.42059271796442627,0.4423755721317243,0.05179084952474233
hetionet,num_neg_dep,0.8,360032,0.4121291011258342,0.43338985622883824,0.051587609428513925
hetionet,num_neg_dep,0.82,369033,0.40509820928730633,0.42591582748374834,0.05138906497036033
hetionet,num_neg_dep,0.84,378034,0.4044441378539783,0.42476550859695533,0.050245185529957936
hetionet,num_neg_dep,0.86,387034,0.4020384926492204,0.42184330201165593,0.04926097805195795
hetionet,num_neg_dep,0.88,396035,0.39363321293278813,0.4129987077115022,0.04919680083504718
hetionet,num_neg_dep,0.9,405036,0.38715284129624333,0.406133725578372,0.04902685001245999
hetionet,num_neg_dep,0.92,414037,0.3845436339089361,0.4030461023081112,0.04811539385295527
hetionet,num_neg_dep,0.94,423038,0.38147929126027524,0.3995301152395526,0.04731796559557333
hetionet,num_neg_dep,0.96,432038,0.37913176660403086,0.39674468052099826,0.04645591709375951
hetionet,num_neg_dep,0.98,441039,0.37497259848672715,0.39227682505328293,0.046147976242504773
hetionet,num_neg_dep,1.0,450040,0.37318845788011495,0.390256268691026,0.04573509831430522
FB15k-237,effective_candidates,0.02,816,0.31184116833367753,0.3527733071858505,0.13125957381090414
FB15k-237,effective_candidates,0.04,1633,0.34529583226324045,0.37784868838962493,0.09427526510533557
FB15k-237,effective_candidates,0.06,2449,0.2980764160108621,0.3232732655552882,0.08453151001221082
FB15k-237,effective_candidates,0.08,3266,0.32904478294238687,0.35182733045302766,0.06923844015065228
FB15k-237,effective_candidates,0.1,4082,0.35205412143249615,0.3734170471731709,0.06068080002514886
FB15k-237,effective_candidates,0.12,4898,0.3806970334587775,0.40049716321349416,0.052010202377530845
FB15k-237,effective_candidates,0.14,5715,0.38605017784966866,0.4046301877147238,0.048128484148219686
FB15k-237,effective_candidates,0.16,6531,0.38651476432243165,0.40394249604531846,0.04508943339703464
FB15k-237,effective_candidates,0.18,7347,0.3877120242417635,0.4041544550062783,0.042408874980523814
FB15k-237,effective_candidates,0.2,8164,0.38738011045832854,0.40301694762652707,0.04036561698972574
FB15k-237,effective_candidates,0.22,8980,0.3936832882649466,0.40822221952499577,0.03693052688145748
FB15k-237,effective_candidates,0.24,9797,0.39097999159238966,0.4048428970825339,0.035456815663848174
FB15k-237,effective_candidates,0.26,10613,0.38767904759175464,0.40106059146508566,0.03451706754970796
FB15k-237,effective_candidates,0.28,11429,0.38963909855845724,0.4022619998438644,0.032396392795558615
FB15k-237,effective_candidates,0.3,12246,0.3928996477144582,0.4049914866895765,0.030775896709141826
FB15k-237,effective_candidates,0.32,13062,0.39994944531574034,0.411490013776244,0.028855068048395438
FB15k-237,effective_candidates,0.34,13878,0.40009317879542133,0.4113239659239955,0.02807042889955591
FB15k-237,effective_candidates,0.36,14695,0.40126355766571964,0.412000466749106,0.026757747815043142
FB15k-237,effective_candidates,0.38,15511,0.4045949583161282,0.4149175738807439,0.025513455747390168
FB15k-237,effective_candidates,0.4,16328,0.40247536291149194,0.4122229847232204,0.024219176401791387
FB15k-237,effective_candidates,0.42,17144,0.39994524538774473,0.409310071406175,0.023415270281188283
FB15k-237,effective_candidates,0.44,17960,0.3977128652579294,0.4067685692950128,0.022769452105127375
FB15k-237,effective_candidates,0.46,18777,0.39350471465083553,0.4020981561758824,0.02183821744720893
FB15k-237,effective_candidates,0.48,19593,0.38991173520970945,0.39826473666453344,0.021422800856023105
FB15k-237,effective_candidates,0.5,20410,0.3874880880325215,0.39543864057452377,0.020518185687646184
FB15k-237,effective_candidates,0.52,21226,0.3854326043524015,0.39314305592357573,0.020004668738726084
FB15k-237,effective_candidates,0.54,22042,0.38332695987017623,0.39073800513950335,0.019333483018875164
FB15k-237,effective_candidates,0.56,22859,0.38253654019441835,0.3897297419412578,0.018803959860105524
FB15k-237,effective_candidates,0.58,23675,0.3785829296142064,0.38549982549464107,0.018270490662331884
FB15k-237,effective_candidates,0.6,24491,0.3757930871055256,0.3825113586221364,0.01787758143279583
FB15k-237,effective_candidates,0.62,25308,0.37419126208737524,0.38068790163116967,0.0173618152052879
FB15k-237,effective_candidates,0.64,26124,0.3707520596939701,0.37717064876121015,0.017312349046794573
FB15k-237,effective_candidates,0.66,26941,0.3740440504914873,0.3803229006793128,0.016786392350246482
FB15k-237,effective_candidates,0.68,27757,0.3705075655093567,0.376600569145117,0.01644501813986965
FB15k-237,effective_candidates,0.7,28573,0.36612529510059233,0.37206506872510337,0.01622333584703317
FB15k-237,effective_candidates,0.72,29390,0.36217170884747607,0.3679547688775011,0.01596772991581319
FB15k-237,effective_candidates,0.74,30206,0.35747119073383543,0.36307604144552885,0.015679167600016974
FB15k-237,effective_candidates,0.76,31022,0.35529721495742866,0.36071848540313695,0.01525840962856373
FB15k-237,effective_candidates,0.78,31839,0.35248613980217225,0.35770804209833107,0.014814489724587654
FB15k-237,effective_candidates,0.8,32655,0.35403072486389203,0.3591317476205502,0.014408418248498922
FB15k-237,effective_candidates,0.82,33472,0.34813688755863015,0.3531113817965478,0.014288903059948899
FB15k-237,effective_candidates,0.84,34288,0.3433125305967926,0.3481597150020207,0.014118868299977327
FB15k-237,effective_candidates,0.86,35104,0.3417759797793874,0.34650287037079525,0.013830376828877888
FB15k-237,effective_candidates,0.88,35921,0.3384701893141725,0.3430659273662789,0.013577969928218803
FB15k-237,effective_candidates,0.9,36737,0.33423341193582484,0.33872731318254806,0.013445397995057728
FB15k-237,effective_candidates,0.92,37553,0.33421084070749324,0.33858258992181456,0.013080812115689344
FB15k-237,effective_candidates,0.94,38370,0.3378450420926907,0.3420599195971281,0.01247577137237088
FB15k-237,effective_candidates,0.96,39186,0.3416856247229578,0.3456810269774098,0.011693211435779727
FB15k-237,effective_candidates,0.98,40003,0.34851833419622014,0.3523217324497076,0.010913050707243688
FB15k-237,effective_candidates,1.0,40819,0.35210727177438816,0.35562848130787217,0.010000388562665607
KG20C,effective_candidates,0.02,149,0.228694415264683,0.2455233451663349,0.07358697361356481
KG20C,effective_candidates,0.04,298,0.22237750194679115,0.23833016522059433,0.07173685797414975
KG20C,effective_candidates,0.06,447,0.19320875098592047,0.20670125330216846,0.06983380539130568
KG20C,effective_candidates,0.08,596,0.17532086357676505,0.18717240485367007,0.06759914955424451
KG20C,effective_candidates,0.1,745,0.17778032952749834,0.18941496584433998,0.06544388992732775
KG20C,effective_candidates,0.12,894,0.18448942688744252,0.1962867876608493,0.06394599935856693
KG20C,effective_candidates,0.14,1043,0.1845175830174656,0.1961711253641262,0.06315681224567915
KG20C,effective_candidates,0.16,1192,0.18470469479443738,0.19597814407350414,0.06103499042952465
KG20C,effective_candidates,0.18,1341,0.18925378189181444,0.20007676087738,0.05718764971234469
KG20C,effective_candidates,0.2,1490,0.19164566131354988,0.20251148941528774,0.056697490708961906
KG20C,effective_candidates,0.22,1639,0.19434320218953718,0.20522428681587931,0.05598901584285998
KG20C,effective_candidates,0.24,1788,0.194313155814598,0.20516721661097825,0.05585859974780383
KG20C,effective_candidates,0.26,1936,0.1945606890632565,0.20548149055481255,0.05613056545048223
KG20C,effective_candidates,0.28,2085,0.19400433205644255,0.20492349689713243,0.05628309803676501
KG20C,effective_candidates,0.3,2234,0.1973325987399899,0.20829276203493338,0.055541574807844274
KG20C,effective_candidates,0.32,2383,0.19960841846122598,0.21068259341722298,0.05547949851698353
KG20C,effective_candidates,0.34,2532,0.19839176262094455,0.2092851701476254,0.054908567688338294
KG20C,effective_candidates,0.36,2681,0.19755032547560739,0.20837616974645767,0.05480043753300223
KG20C,effective_candidates,0.38,2830,0.19521700551416946,0.20590658819774169,0.0547574359898495
KG20C,effective_candidates,0.4,2979,0.19419267345987634,0.20484326396796815,0.05484548061640648
KG20C,effective_candidates,0.42,3128,0.19170960409814414,0.20217887497387033,0.054610049011245776
KG20C,effective_candidates,0.44,3277,0.1948462518030142,0.2054983710256107,0.05466935660310046
KG20C,effective_candidates,0.46,3426,0.1943401239528666,0.20491581880090157,0.05441848359940282
KG20C,effective_candidates,0.48,3575,0.19437130515536932,0.20490468575251444,0.054192055708661924
KG20C,effective_candidates,0.5,3724,0.19106853072583246,0.2013732830282985,0.053932231871571146
KG20C,effective_candidates,0.52,3873,0.19306504069224303,0.20346442810212004,0.05386468400798794
KG20C,effective_candidates,0.54,4022,0.19168640060935832,0.2019716116438737,0.05365644616320919
KG20C,effective_candidates,0.56,4171,0.19129361089066987,0.2015354513641835,0.05353989830516159
KG20C,effective_candidates,0.58,4320,0.19128757646593228,0.2014254201757976,0.05299792018469551
KG20C,effective_candidates,0.6,4469,0.1894705393117573,0.19950023712447237,0.05293539485952525
KG20C,effective_candidates,0.62,4618,0.18965993207151072,0.19956732722437656,0.05223768164764664
KG20C,effective_candidates,0.64,4767,0.18982116996864293,0.19966657442629873,0.05186673572437783
KG20C,effective_candidates,0.66,4916,0.1912539434873162,0.20103935052616326,0.051164472012552364
KG20C,effective_candidates,0.68,5065,0.19219571679643443,0.20191701960983746,0.05058022611242374
KG20C,effective_candidates,0.7,5214,0.19265982229760775,0.20237099143722934,0.050405782709694646
KG20C,effective_candidates,0.72,5363,0.19215812558324144,0.20179722941318778,0.050162353534046966
KG20C,effective_candidates,0.74,5512,0.19305816203590162,0.20260612253907428,0.04945639387884104
KG20C,effective_candidates,0.76,5660,0.19641084338455828,0.20588542999020876,0.048238612707853123
KG20C,effective_candidates,0.78,5809,0.19762721336429961,0.20705625525933355,0.04771125258773323
KG20C,effective_candidates,0.8,5958,0.2016720065008388,0.21095591351988274,0.046034683643638497
KG20C,effective_candidates,0.82,6107,0.20267670153650938,0.2117593356707346,0.04481341005339545
KG20C,effective_candidates,0.84,6256,0.2023855242573166,0.21139282063854906,0.04450563554031861
KG20C,effective_candidates,0.86,6405,0.19952015157552644,0.20834351517370114,0.04422291948206891
KG20C,effective_candidates,0.88,6554,0.19969650154954985,0.2083253305087155,0.04320971520387196
KG20C,effective_candidates,0.9,6703,0.1973417255725005,0.20577931212084694,0.04275622159413328
KG20C,effective_candidates,0.92,6852,0.20366120542808266,0.211893970480972,0.04042382561560798
KG20C,effective_candidates,0.94,7001,0.2104201317610447,0.2184776815599874,0.03829267538000081
KG20C,effective_candidates,0.96,7150,0.2227868264934651,0.23067646371617812,0.03541339201644611
KG20C,effective_candidates,0.98,7299,0.22881949911152083,0.236548079210493,0.03377588067879422
KG20C,effective_candidates,1.0,7448,0.2263808023358598,0.2339520411211777,0.03344470338118666
WN18RR,effective_candidates,0.02,121,0.35449365003337946,0.3747018567046331,0.057005835420044226
WN18RR,effective_candidates,0.04,242,0.38232903309758925,0.40298433918294535,0.05402494787803325
WN18RR,effective_candidates,0.06,363,0.362247085670846,0.3799766104789479,0.048943181351669196
WN18RR,effective_candidates,0.08,484,0.33725308474457294,0.35164804708400826,0.04268296715606823
WN18RR,effective_candidates,0.1,606,0.3346099596218214,0.34672940783768497,0.0362196278603335
WN18RR,effective_candidates,0.12,727,0.3343132393067227,0.34544778186762,0.033305718265861595
WN18RR,effective_candidates,0.14,848,0.35780338412686613,0.36819005837996793,0.029028999483747153
WN18RR,effective_candidates,0.16,969,0.3669519383301094,0.376883371948536,0.027064671367104998
WN18RR,effective_candidates,0.18,1090,0.35971214953897174,0.36904940454054075,0.025957574726169774
WN18RR,effective_candidates,0.2,1211,0.3632340035994672,0.3722879496673819,0.02492593198377513
WN18RR,effective_candidates,0.22,1332,0.36070265685873515,0.36917837707207457,0.023497803667852812
WN18RR,effective_candidates,0.24,1453,0.35374991224371377,0.36186374563337964,0.022936637180211994
WN18RR,effective_candidates,0.26,1574,0.35169441924881184,0.35957331714912527,0.02240268104663712
WN18RR,effective_candidates,0.28,1695,0.3625377298388948,0.3701338512396626,0.020952636858357687
WN18RR,effective_candidates,0.3,1816,0.3615642695254461,0.36892490630168195,0.020357754890705015
WN18RR,effective_candidates,0.32,1938,0.36781836777574983,0.37485907893402604,0.019141815023682396
WN18RR,effective_candidates,0.34,2059,0.3540989275419534,0.3609221057563692,0.019269129849616373
WN18RR,effective_candidates,0.36,2180,0.3371548480240284,0.34361756737099597,0.019168401062134466
WN18RR,effective_candidates,0.38,2301,0.3239800848501379,0.33013250779006303,0.018990126947991293
WN18RR,effective_candidates,0.4,2422,0.3119329352945609,0.3178048410952722,0.018824257192227467
WN18RR,effective_candidates,0.42,2543,0.30244204459834223,0.3080692748804503,0.018605978839950188
WN18RR,effective_candidates,0.44,2664,0.29254752345127094,0.29794409243391917,0.01844681137267301
WN18RR,effective_candidates,0.46,2785,0.2872536674062356,0.29246562725873515,0.0181441020390134
WN18RR,effective_candidates,0.48,2906,0.2918030116788228,0.29689468474475245,0.017449007933934224
WN18RR,effective_candidates,0.5,3028,0.28452295729321025,0.2894385291249708,0.017276538520914153
WN18RR,effective_candidates,0.52,3149,0.2830529551764309,0.2878532424071379,0.01695897231567467
WN18RR,effective_candidates,0.54,3270,0.28511402342740333,0.28982288097513903,0.016515699547604568
WN18RR,effective_candidates,0.56,3391,0.28190381502697076,0.28649241981776646,0.016277200045542894
WN18RR,effective_candidates,0.58,3512,0.2801138342782747,0.2846201487589552,0.016087439923455404
WN18RR,effective_candidates,0.6,3633,0.2836694620858366,0.28811376456267246,0.01566718688771318
WN18RR,effective_candidates,0.62,3754,0.28951522847311917,0.293871516829741,0.015046836671067654
WN18RR,effective_candidates,0.64,3875,0.3035227496937055,0.30788811746272354,0.014382341269058907
WN18RR,effective_candidates,0.66,3996,0.31408685699078237,0.31835405414964923,0.013586041771216584
WN18RR,effective_candidates,0.68,4117,0.3275772052713447,0.331781686554944,0.012835085030158178
WN18RR,effective_candidates,0.7,4238,0.3418604607872413,0.3459818806210399,0.012055854088266704
WN18RR,effective_candidates,0.72,4360,0.35886053530567597,0.3629160119297678,0.011300982485124456
WN18RR,effective_candidates,0.74,4481,0.37627936752926394,0.38024874618433635,0.010549020216378713
WN18RR,effective_candidates,0.76,4602,0.391752890799593,0.3956342077567338,0.009907564304678873
WN18RR,effective_candidates,0.78,4723,0.4073283418507578,0.411110222146494,0.00928459895167788
WN18RR,effective_candidates,0.8,4844,0.4218196878712252,0.4255109389699735,0.008750779550799948
WN18RR,effective_candidates,0.82,4965,0.43581301162396996,0.4394150265413049,0.008265046754599492
WN18RR,effective_candidates,0.84,5086,0.449228464155272,0.45274478426234394,0.007827465059864425
WN18RR,effective_candidates,0.86,5207,0.4620204214853881,0.4654550295254434,0.007433887941604489
WN18RR,effective_candidates,0.88,5328,0.47423136273557026,0.4775879701050461,0.007077995327245956
WN18RR,effective_candidates,0.9,5450,0.48599427011739327,0.48927573875309377,0.006752072683712695
WN18RR,effective_candidates,0.92,5571,0.4971518826279834,0.5003620790136535,0.006457174352233697
WN18RR,effective_candidates,0.94,5692,0.5078351201864367,0.5109770745196356,0.006186957554344286
WN18RR,effective_candidates,0.96,5813,0.51552586470677,0.5185509177507495,0.005867897715859716
WN18RR,effective_candidates,0.98,5934,0.5136288589989835,0.5166413383341685,0.005865089709047977
WN18RR,effective_candidates,1.0,6055,0.5098022893664883,0.5125272756194792,0.0053451824556871586
YAGO3-10,effective_candidates,0.02,200,0.5490927370014026,0.6237866686573225,0.1360315418918554
YAGO3-10,effective_candidates,0.04,399,0.5019760758276883,0.5657530392771668,0.12705179892153073
YAGO3-10,effective_candidates,0.06,598,0.4992834126944513,0.5609577313439416,0.12352567115469815
YAGO3-10,effective_candidates,0.08,798,0.4910481598842999,0.5545832413490932,0.12938666032220425
YAGO3-10,effective_candidates,0.1,998,0.4872070475623726,0.5425537655405684,0.11359999461237336
YAGO3-10,effective_candidates,0.12,1197,0.4845637167047092,0.538347168744994,0.11099356015766282
YAGO3-10,effective_candidates,0.14,1397,0.4800566890338215,0.5320091565825288,0.10822152619780923
YAGO3-10,effective_candidates,0.16,1596,0.478799672419928,0.5264046587527675,0.09942568693131415
YAGO3-10,effective_candidates,0.18,1796,0.4783844269178733,0.5258110657727758,0.09913917800473149
YAGO3-10,effective_candidates,0.2,1995,0.48374037822322563,0.5301485786292798,0.09593617257362519
YAGO3-10,effective_candidates,0.22,2194,0.4817827849578406,0.5270410884321985,0.09393922922820575
YAGO3-10,effective_candidates,0.24,2394,0.4874045617608511,0.5313461784643936,0.09015429922279372
YAGO3-10,effective_candidates,0.26,2594,0.4923112730331198,0.5344825608586086,0.0856598053619051
YAGO3-10,effective_candidates,0.28,2793,0.49775078782133947,0.5382331435963584,0.08133057097149088
YAGO3-10,effective_candidates,0.3,2992,0.5020639011112065,0.5412226990794127,0.07799564533824666
YAGO3-10,effective_candidates,0.32,3192,0.507242371437603,0.545749379388646,0.07591441511857178
YAGO3-10,effective_candidates,0.34,3392,0.512888645969591,0.5508537485018039,0.07402211538616088
YAGO3-10,effective_candidates,0.36,3591,0.5158462068052596,0.5531195117222212,0.07225662305011937
YAGO3-10,effective_candidates,0.38,3790,0.5237859183900871,0.5602517221349399,0.06961967182495932
YAGO3-10,effective_candidates,0.4,3990,0.5354653133548416,0.5720138614241229,0.0682556781134791
YAGO3-10,effective_candidates,0.42,4190,0.5460267931864164,0.5818483178002686,0.06560396863459861
YAGO3-10,effective_candidates,0.44,4389,0.5567244950506015,0.5926176785010253,0.06447207509193831
YAGO3-10,effective_candidates,0.46,4588,0.564700152679505,0.5998295536334726,0.062208945379735425
YAGO3-10,effective_candidates,0.48,4788,0.572210493690178,0.6067382581243708,0.06034101928387181
YAGO3-10,effective_candidates,0.5,4988,0.5802911587497945,0.6135571264151917,0.05732633896588535
YAGO3-10,effective_candidates,0.52,5187,0.5848927593653123,0.6177564187508607,0.05618749567221526
YAGO3-10,effective_candidates,0.54,5386,0.588968541395923,0.6215129615603404,0.055256635757290784
YAGO3-10,effective_candidates,0.56,5586,0.5966266663736584,0.6291262871539222,0.05447228997959308
YAGO3-10,effective_candidates,0.58,5786,0.6041126353619973,0.6360152137005138,0.05280899036220266
YAGO3-10,effective_candidates,0.6,5985,0.609157513917554,0.640239322147159,0.05102425484291362
YAGO3-10,effective_candidates,0.62,6184,0.615129314512447,0.6458845795525102,0.04999804807618369
YAGO3-10,effective_candidates,0.64,6384,0.6190538060666279,0.6490415931950818,0.04844132583400418
YAGO3-10,effective_candidates,0.66,6584,0.6250405662979457,0.6545641114449667,0.04723460642224575
YAGO3-10,effective_candidates,0.68,6783,0.6293508217908471,0.658509093534797,0.04633071211534889
YAGO3-10,effective_candidates,0.7,6982,0.6352339336042667,0.6636508323006833,0.04473454139198996
YAGO3-10,effective_candidates,0.72,7182,0.6367326138433049,0.6641551036479708,0.043067512498133675
YAGO3-10,effective_candidates,0.74,7382,0.6367895164055799,0.6627581043014736,0.04078048904208709
YAGO3-10,effective_candidates,0.76,7581,0.631275238625319,0.656639658013329,0.04017965197438156
YAGO3-10,effective_candidates,0.78,7780,0.6253009868146606,0.6503134185298756,0.04000062728611797
YAGO3-10,effective_candidates,0.8,7980,0.6179612587439296,0.6421241718106333,0.039101016001904965
YAGO3-10,effective_candidates,0.82,8179,0.6100314772891606,0.6335671613646852,0.038581097782218965
YAGO3-10,effective_candidates,0.84,8379,0.6039100296382732,0.6268315378080352,0.03795517054666475
YAGO3-10,effective_candidates,0.86,8578,0.5972415296721233,0.6194331748664134,0.03715690234480662
YAGO3-10,effective_candidates,0.88,8778,0.5881588630180767,0.609828587066565,0.036843318040456374
YAGO3-10,effective_candidates,0.9,8978,0.5789226191523302,0.6000579845366382,0.036508100884458106
YAGO3-10,effective_candidates,0.92,9177,0.5789773624302033,0.5997081369075186,0.03580584634656492
YAGO3-10,effective_candidates,0.94,9376,0.5857183697568924,0.6060412874359017,0.03469742239336715
YAGO3-10,effective_candidates,0.96,9576,0.5737457650715087,0.5936446673942929,0.034682438693563356
YAGO3-10,effective_candidates,0.98,9776,0.5656128111049085,0.5851119142197965,0.034474295369648855
YAGO3-10,effective_candidates,1.0,9975,0.5607274620553473,0.5794717170327173,0.03342845900335045
codex-l,effective_candidates,0.02,1223,0.021419691252535192,0.04029503399249422,0.8812145103970619
codex-l,effective_candidates,0.04,2445,0.012422095797692174,0.022894722524473863,0.8430643989017808
codex-l,effective_candidates,0.06,3668,0.011647889597319584,0.01861452450439279,0.5981027592050983
codex-l,effective_candidates,0.08,4890,0.021142035107123685,0.026176142285318543,0.23810892152471386
codex-l,effective_candidates,0.1,6113,0.03396779099404364,0.04021783742653035,0.18399920187870555
codex-l,effective_candidates,0.12,7335,0.049826081325186816,0.056561982364394754,0.13518825603094298
codex-l,effective_candidates,0.14,8558,0.055676616802047024,0.06189728342591642,0.11172853131479576
codex-l,effective_candidates,0.16,9781,0.07302850496263452,0.08005835727864474,0.09626175860517883
codex-l,effective_candidates,0.18,11003,0.09811294117121491,0.10691381218036325,0.0897014288236464
codex-l,effective_candidates,0.2,12226,0.1129288561559538,0.12267121054105685,0.08626984029351137
codex-l,effective_candidates,0.22,13448,0.12632321006117128,0.13625558832307214,0.0786267088771031
codex-l,effective_candidates,0.24,14671,0.14027414979678976,0.15129453253309133,0.07856317612522634
codex-l,effective_candidates,0.26,15894,0.16319632493807618,0.17585744873837272,0.07758216249722993
codex-l,effective_candidates,0.28,17116,0.18606556249754852,0.19939857288757432,0.07165759322175203
codex-l,effective_candidates,0.3,18339,0.20833933496408444,0.2223408415269093,0.06720529546299359
codex-l,effective_candidates,0.32,19561,0.22197461007076694,0.23675654793956077,0.06659292188454002
codex-l,effective_candidates,0.34,20784,0.2416570887167153,0.25661172511888847,0.06188370670849164
codex-l,effective_candidates,0.36,22006,0.2561408063953403,0.2712407045801812,0.058951552457966905
codex-l,effective_candidates,0.38,23229,0.2666241477339372,0.28175702103100225,0.056757324592242364
codex-l,effective_candidates,0.4,24452,0.2765889524422669,0.29130695940297474,0.053212562652082074
codex-l,effective_candidates,0.42,25674,0.28477713610766914,0.29933006316572613,0.05110286330204117
codex-l,effective_candidates,0.44,26897,0.2946611904861507,0.3091743341913505,0.04925366547679766
codex-l,effective_candidates,0.46,28119,0.30672078840464045,0.3210992785753777,0.04687810775893175
codex-l,effective_candidates,0.48,29342,0.3138889966763577,0.3277038067278592,0.044011769121507394
codex-l,effective_candidates,0.5,30564,0.3164263922696387,0.3299092259303338,0.04260970004425513
codex-l,effective_candidates,0.52,31787,0.32394925680146097,0.3370708927516328,0.04050522010678281
codex-l,effective_candidates,0.54,33010,0.3261993375801331,0.338964101312983,0.039131789253600724
codex-l,effective_candidates,0.56,34232,0.3323956458044387,0.34472021998688424,0.03707802535324589
codex-l,effective_candidates,0.58,35455,0.33407231438187646,0.34546464816094635,0.03410140047117882
codex-l,effective_candidates,0.6,36677,0.3375345073898653,0.3481813863583755,0.031543082960145075
codex-l,effective_candidates,0.62,37900,0.34022974118966204,0.3502863255987886,0.02955821667430447
codex-l,effective_candidates,0.64,39123,0.3372977388804634,0.34699142027350094,0.028739242146158972
codex-l,effective_candidates,0.66,40345,0.33168321133736034,0.34112179076417637,0.028456608909324332
codex-l,effective_candidates,0.68,41568,0.3321042498947903,0.3412714536256489,0.027603391807731414
codex-l,effective_candidates,0.7,42790,0.334417147978457,0.34342507562634883,0.02693620139500763
codex-l,effective_candidates,0.72,44013,0.3333619222213348,0.34227844935129875,0.026747287364283334
codex-l,effective_candidates,0.74,45235,0.3314517954831781,0.34021385640894275,0.02643540039658454
codex-l,effective_candidates,0.76,46458,0.329689462917348,0.33831219571985616,0.02615410491499337
codex-l,effective_candidates,0.78,47681,0.32826010559180596,0.336718997114172,0.025768868584002513
codex-l,effective_candidates,0.8,48903,0.3241386924501962,0.33244285186717304,0.025619155041950892
codex-l,effective_candidates,0.82,50126,0.3198076396391767,0.3279708389564326,0.025525341816305724
codex-l,effective_candidates,0.84,51348,0.31687106830218004,0.32488976547030873,0.025305867181543373
codex-l,effective_candidates,0.86,52571,0.31613281438035534,0.3239284066930671,0.024659231683973548
codex-l,effective_candidates,0.88,53794,0.31660626302318645,0.3242413520420712,0.024115407402176325
codex-l,effective_candidates,0.9,55016,0.3165860480608021,0.3240983370916058,0.02372905905619982
codex-l,effective_candidates,0.92,56239,0.32112676014111596,0.32855867560089963,0.023143245541161983
codex-l,effective_candidates,0.94,57461,0.32863203819521464,0.3358869699856419,0.022076154930815495
codex-l,effective_candidates,0.96,58684,0.328924297657852,0.3356091935220946,0.02032350881902989
codex-l,effective_candidates,0.98,59906,0.3244325156368489,0.33080281403655126,0.019635203293966175
codex-l,effective_candidates,1.0,61129,0.32932060661783036,0.3342010881088536,0.014819848478801356
codex-m,effective_candidates,0.02,412,0.1458268013131703,0.15622818096373028,0.07132694097995396
codex-m,effective_candidates,0.04,824,0.213133695170278,0.22231703823061533,0.04308724180379131
codex-m,effective_candidates,0.06,1236,0.24023811190711483,0.24966460573089455,0.039238128159383656
codex-m,effective_candidates,0.08,1648,0.2546594666412157,0.2641505641301993,0.03726976112125202
codex-m,effective_candidates,0.1,2059,0.24503454088260895,0.2531718373035146,0.03320877290032387
codex-m,effective_candidates,0.12,2471,0.23718022909853784,0.24436699737994164,0.030300874186347304
codex-m,effective_candidates,0.14,2883,0.23602384930324916,0.2427783022746196,0.02861767144002547
codex-m,effective_candidates,0.16,3295,0.24560485111371919,0.25215932993722406,0.0266870902336942
codex-m,effective_candidates,0.18,3707,0.23856954062164087,0.2446687118798132,0.025565590822196782
codex-m,effective_candidates,0.2,4119,0.23577420273847416,0.24143274289512243,0.0239998273387223
codex-m,effective_candidates,0.22,4531,0.2467566921083535,0.2522054984698285,0.022081696406768048
codex-m,effective_candidates,0.24,4943,0.24998792990339902,0.25524980694057603,0.021048524379598366
codex-m,effective_candidates,0.26,5354,0.2495004527297131,0.254583221475689,0.020371781655571297
codex-m,effective_candidates,0.28,5766,0.25501025434457186,0.260031389965365,0.0196899361309939
codex-m,effective_candidates,0.3,6178,0.25431626311292643,0.25919555441675407,0.019185919312053823
codex-m,effective_candidates,0.32,6590,0.26099373985661983,0.2658446726876481,0.018586395343019424
codex-m,effective_candidates,0.34,7002,0.26371373511995566,0.26845758348941917,0.017988628340900314
codex-m,effective_candidates,0.36,7414,0.26604583781216984,0.27064160919429286,0.01727435926048071
codex-m,effective_candidates,0.38,7826,0.2698024971916974,0.2742953391245726,0.016652336355815756
codex-m,effective_candidates,0.4,8238,0.2708162853588221,0.2751905452458356,0.016152130146891874
codex-m,effective_candidates,0.42,8649,0.2732236988952571,0.27754988637293954,0.0158338661513433
codex-m,effective_candidates,0.44,9061,0.2761957144034048,0.28045859492677916,0.01543427468663805
codex-m,effective_candidates,0.46,9473,0.2807222256671042,0.2849968717888385,0.01522731629665608
codex-m,effective_candidates,0.48,9885,0.2852208244453749,0.28942575413739363,0.014742716280255586
codex-m,effective_candidates,0.5,10297,0.2878521953029261,0.2919777475755802,0.014332189713934573
codex-m,effective_candidates,0.52,10709,0.2915438345945143,0.29563775355642663,0.014042207298282428
codex-m,effective_candidates,0.54,11121,0.2955065885177114,0.29950370002873894,0.01352630251351572
codex-m,effective_candidates,0.56,11533,0.29817940583500757,0.3021131340277626,0.01319248786393934
codex-m,effective_candidates,0.58,11945,0.30594359471681787,0.3098731516085996,0.012844056746534882
codex-m,effective_candidates,0.6,12356,0.31405215933811387,0.31805942215968824,0.012759863934767912
codex-m,effective_candidates,0.62,12768,0.3223736558451199,0.32641447127996887,0.012534570867013706
codex-m,effective_candidates,0.64,13180,0.3295492712934835,0.33364949331790134,0.012441908939214041
codex-m,effective_candidates,0.66,13592,0.33711546153731026,0.3412413272528673,0.012238731788634993
codex-m,effective_candidates,0.68,14004,0.3418821935701534,0.3459843048616593,0.011998610540868038
codex-m,effective_candidates,0.7,14416,0.3466585855295696,0.35072828023597363,0.011739777626413206
codex-m,effective_candidates,0.72,14828,0.3465688362352482,0.35056839536507994,0.01154044654816233
codex-m,effective_candidates,0.74,15240,0.3472724696493054,0.35121024637030945,0.011339156037853071
codex-m,effective_candidates,0.76,15651,0.3457165197386158,0.34959510153977424,0.011218965770252831
codex-m,effective_candidates,0.78,16063,0.3471046144412061,0.35090568589739085,0.010950794942049313
codex-m,effective_candidates,0.8,16475,0.3413306086006415,0.34503454601844136,0.010851465776787306
codex-m,effective_candidates,0.82,16887,0.34346956153377284,0.3471362158864224,0.010675340010555923
codex-m,effective_candidates,0.84,17299,0.34384943513331473,0.34746258640780964,0.010507945935970708
codex-m,effective_candidates,0.86,17711,0.33946968393918586,0.3430102499263285,0.010429697126583148
codex-m,effective_candidates,0.88,18123,0.3337688307354628,0.3372427392714181,0.010408127470442619
codex-m,effective_candidates,0.9,18535,0.332507787430418,0.3359320303177153,0.010298233655697153
codex-m,effective_candidates,0.92,18946,0.3316204222306257,0.3349772773379836,0.010122582574312533
codex-m,effective_candidates,0.94,19358,0.33008928673371857,0.33337047908590495,0.009940317617255223
codex-m,effective_candidates,0.96,19770,0.32663121334643386,0.32984272209701937,0.009832216332550159
codex-m,effective_candidates,0.98,20182,0.33430204618227566,0.3374334618880343,0.0093670252441449
codex-m,effective_candidates,1.0,20594,0.3418371108917016,0.34476875252136285,0.00857613622468878
hetionet,effective_candidates,0.02,9001,0.6665719230012669,0.7383333616956708,0.10765745783485015
hetionet,effective_candidates,0.04,18002,0.6524904578638684,0.7181560236964323,0.10063835423362466
hetionet,effective_candidates,0.06,27002,0.611963958651643,0.6734883736430436,0.10053601053068384
hetionet,effective_candidates,0.08,36003,0.5707411484335037,0.6236392373661884,0.0926831525602676
hetionet,effective_candidates,0.1,45004,0.5560820393560757,0.6067510926653379,0.09111794613603275
hetionet,effective_candidates,0.12,54005,0.5506963268985441,0.5997863551051961,0.08914173893826605
hetionet,effective_candidates,0.14,63006,0.5365605130613008,0.5842004235559461,0.08878758189423941
hetionet,effective_candidates,0.16,72006,0.5158009745754499,0.5607487395112611,0.08714168284154011
hetionet,effective_candidates,0.18,81007,0.5017972355733633,0.5452058614780374,0.08650630738344844
hetionet,effective_candidates,0.2,90008,0.49179180982534665,0.533832245696869,0.08548421309914156
hetionet,effective_candidates,0.22,99009,0.47910141596826394,0.519625679930573,0.08458389520809395
hetionet,effective_candidates,0.24,108010,0.4673855647654912,0.5062342159117498,0.08311906501808775
hetionet,effective_candidates,0.26,117010,0.4554558079930668,0.4927004281920582,0.08177438852543606
hetionet,effective_candidates,0.28,126011,0.44844980376386234,0.484578897191223,0.08056440904673678
hetionet,effective_candidates,0.3,135012,0.4417588157221876,0.4767016632747418,0.07909937800659295
hetionet,effective_candidates,0.32,144013,0.43848061904200636,0.47243741458357835,0.07744195311473723
hetionet,effective_candidates,0.34,153014,0.4337795068406046,0.46682978083095894,0.07619141399987539
hetionet,effective_candidates,0.36,162014,0.4296616136389498,0.4618153964090742,0.07483513013369558
hetionet,effective_candidates,0.38,171015,0.428390946819357,0.46000012576097804,0.07378582385157162
hetionet,effective_candidates,0.4,180016,0.42693195190559724,0.457792023791716,0.07228335042241696
hetionet,effective_candidates,0.42,189017,0.42730945793983477,0.45739422077868874,0.07040509466815936
hetionet,effective_candidates,0.44,198018,0.42631336278950677,0.4556675984163054,0.06885600637691569
hetionet,effective_candidates,0.46,207018,0.4254712515086819,0.4541553888844892,0.06741733377777215
hetionet,effective_candidates,0.48,216019,0.42525126787625134,0.4532449981600002,0.06582868153116261
hetionet,effective_candidates,0.5,225020,0.42334620475549645,0.4507196181261097,0.06465964041516048
hetionet,effective_candidates,0.52,234021,0.42002222924823257,0.44682119900722056,0.06380369393056529
hetionet,effective_candidates,0.54,243022,0.4169354921201905,0.4430669344399029,0.06267502482657306
hetionet,effective_candidates,0.56,252022,0.4151664796399274,0.44073304859691415,0.06158148648985473
hetionet,effective_candidates,0.58,261023,0.41439834293433137,0.43950868133290977,0.06059468824313696
hetionet,effective_candidates,0.6,270024,0.4154013325811719,0.44009036398249923,0.05943416514318223
hetionet,effective_candidates,0.62,279025,0.4148994809142588,0.4391440412176226,0.05843478099789201
hetionet,effective_candidates,0.64,288026,0.4152592962043882,0.4390643912507469,0.05732585703425652
hetionet,effective_candidates,0.66,297026,0.4074400610882594,0.4306779946437197,0.057033992910251685
hetionet,effective_candidates,0.68,306027,0.40405907169008554,0.4268709337994238,0.05645675028139219
hetionet,effective_candidates,0.7,315028,0.4035608246570295,0.4260322999996595,0.055682994903500926
hetionet,effective_candidates,0.72,324029,0.40384295848823554,0.42594919871531317,0.05473969463236683
hetionet,effective_candidates,0.74,333030,0.4040791278014975,0.4258350832334089,0.05384082951841784
hetionet,effective_candidates,0.76,342030,0.40478031055405134,0.4262122056118933,0.052946980124864984
hetionet,effective_candidates,0.78,351031,0.4052527260230687,0.4263775277001059,0.05212747582069244
hetionet,effective_candidates,0.8,360032,0.40419578994248606,0.424990747721997,0.05144773472892905
hetionet,effective_candidates,0.82,369033,0.40494372731930667,0.425436193982933,0.05060571452553342
hetionet,effective_candidates,0.84,378034,0.40575670056239943,0.42591272250891193,0.049675142563450514
hetionet,effective_candidates,0.86,387034,0.40429903377706644,0.4240883635300844,0.048947259577003965
hetionet,effective_candidates,0.88,396035,0.40266421122041135,0.4221031352424888,0.048275767948587234
hetionet,effective_candidates,0.9,405036,0.3988201809352449,0.4179007835054365,0.04784262051495758
hetionet,effective_candidates,0.92,414037,0.3934270205675332,0.41208077272670457,0.04741350030372238
hetionet,effective_candidates,0.94,423038,0.39115103623603714,0.40936228714753975,0.046558104733009475
hetionet,effective_candidates,0.96,432038,0.3845434428566301,0.40236288939096293,0.04633922867585194
hetionet,effective_candidates,0.98,441039,0.37855249030898663,0.3959883333503659,0.046059248024356014
hetionet,effective_candidates,1.0,450040,0.37318845788011495,0.390256268691026,0.04573509831430522
