dataset,selector,coverage,n,mrr_stage1,mrr_stage2,gain_pt
FB15k-237,balanced1_syn_global_rf,0.02,816,0.2366206352010013,0.2598538583642971,0.09818764599106045
FB15k-237,balanced1_syn_global_rf,0.04,1633,0.28180979756261976,0.29846183056332204,0.05908961698537851
FB15k-237,balanced1_syn_global_rf,0.06,2449,0.2907241142594611,0.30630378821572213,0.05358920430782255
FB15k-237,balanced1_syn_global_rf,0.08,3266,0.264447058083409,0.278918998338756,0.05472528361719342
FB15k-237,balanced1_syn_global_rf,0.1,4082,0.26739783369510667,0.2809794686495306,0.05079186606242314
FB15k-237,balanced1_syn_global_rf,0.12,4898,0.2587770937462103,0.27186222485258993,0.050565260305506676
FB15k-237,balanced1_syn_global_rf,0.14,5715,0.2652013351659623,0.27952782154240535,0.05402116986883798
FB15k-237,balanced1_syn_global_rf,0.16,6531,0.2658875801084851,0.27981487543705696,0.0523803907007967
FB15k-237,balanced1_syn_global_rf,0.18,7347,0.27275137509535985,0.2868184151091399,0.05157458879487553
FB15k-237,balanced1_syn_global_rf,0.2,8164,0.27151060283819384,0.2845950177659582,0.04819117482333457
FB15k-237,balanced1_syn_global_rf,0.22,8980,0.2717685473388849,0.2827601755185707,0.040444813380040134
FB15k-237,balanced1_syn_global_rf,0.24,9797,0.27939267042837385,0.28984608868909456,0.03741479060525532
FB15k-237,balanced1_syn_global_rf,0.26,10613,0.2890056997718269,0.2991149236644659,0.034979323593342215
FB15k-237,balanced1_syn_global_rf,0.28,11429,0.29334830599220973,0.3032914988711146,0.033895518316608086
FB15k-237,balanced1_syn_global_rf,0.3,12246,0.2936944031462608,0.30300618771343124,0.03170569294959691
FB15k-237,balanced1_syn_global_rf,0.32,13062,0.29770125920190454,0.30717973222399836,0.03183887447269873
FB15k-237,balanced1_syn_global_rf,0.34,13878,0.2992708487087853,0.30866791008457944,0.031399855403017485
FB15k-237,balanced1_syn_global_rf,0.36,14695,0.302593180050945,0.31096758465179714,0.02767545719121034
FB15k-237,balanced1_syn_global_rf,0.38,15511,0.30899138225290934,0.3165070325703873,0.024323171289374113
FB15k-237,balanced1_syn_global_rf,0.4,16328,0.3180132483076087,0.32515168471058253,0.022446978045609578
FB15k-237,balanced1_syn_global_rf,0.42,17144,0.3256616061568259,0.33232785143904653,0.020469853234742263
FB15k-237,balanced1_syn_global_rf,0.44,17960,0.335422679559092,0.34179329178566337,0.01899278914277791
FB15k-237,balanced1_syn_global_rf,0.46,18777,0.3383769542478641,0.3445526388078646,0.01825090179006894
FB15k-237,balanced1_syn_global_rf,0.48,19593,0.3374614588413239,0.34337994141076844,0.01753824744836252
FB15k-237,balanced1_syn_global_rf,0.5,20410,0.3502013096952482,0.35588407723590804,0.016227145311378477
FB15k-237,balanced1_syn_global_rf,0.52,21226,0.3422089019037891,0.3476687935535698,0.01595484985751683
FB15k-237,balanced1_syn_global_rf,0.54,22042,0.3403148637714913,0.34557175880207214,0.015447150830622203
FB15k-237,balanced1_syn_global_rf,0.56,22859,0.33566347653112516,0.3408846761572449,0.01555486369883785
FB15k-237,balanced1_syn_global_rf,0.58,23675,0.34507704370270376,0.3501305620060951,0.014644608778279444
FB15k-237,balanced1_syn_global_rf,0.6,24491,0.34504902569044005,0.3498757685601614,0.013988571218432222
FB15k-237,balanced1_syn_global_rf,0.62,25308,0.34546601487758744,0.3508699766358072,0.015642527847882892
FB15k-237,balanced1_syn_global_rf,0.64,26124,0.3468911851006724,0.35213690025368466,0.015122076830778708
FB15k-237,balanced1_syn_global_rf,0.66,26941,0.3483837181605738,0.3534703918278062,0.014600778974658946
FB15k-237,balanced1_syn_global_rf,0.68,27757,0.35658112572033035,0.3615161057237888,0.013839711772431151
FB15k-237,balanced1_syn_global_rf,0.7,28573,0.3567906359476271,0.36158468067362703,0.013436576644639375
FB15k-237,balanced1_syn_global_rf,0.72,29390,0.35328941345483006,0.3579500432932672,0.013192101605481676
FB15k-237,balanced1_syn_global_rf,0.74,30206,0.34703944782958496,0.3515844081086507,0.013096379410151515
FB15k-237,balanced1_syn_global_rf,0.76,31022,0.35042410100281124,0.3548521935386164,0.012636381239570227
FB15k-237,balanced1_syn_global_rf,0.78,31839,0.3584845183428475,0.36279898445816977,0.012035292724122515
FB15k-237,balanced1_syn_global_rf,0.8,32655,0.3535294658939657,0.35773611990240994,0.011899019499850949
FB15k-237,balanced1_syn_global_rf,0.82,33472,0.34863271677073093,0.3527375109743002,0.011773978763641502
FB15k-237,balanced1_syn_global_rf,0.84,34288,0.35461212583801627,0.35853654586976047,0.011066795932231699
FB15k-237,balanced1_syn_global_rf,0.86,35104,0.3575175149675564,0.3613507110149711,0.010721701418635599
FB15k-237,balanced1_syn_global_rf,0.88,35921,0.36143229222156964,0.36517830469473145,0.010364354690436395
FB15k-237,balanced1_syn_global_rf,0.9,36737,0.3584501662195282,0.36211297249245317,0.010218453269405847
FB15k-237,balanced1_syn_global_rf,0.92,37553,0.3589515131731951,0.36253739239463323,0.00998987074810831
FB15k-237,balanced1_syn_global_rf,0.94,38370,0.3655063807622972,0.3690178115500413,0.009607030061748123
FB15k-237,balanced1_syn_global_rf,0.96,39186,0.35977980392082076,0.36321811350398164,0.00955670536725739
FB15k-237,balanced1_syn_global_rf,0.98,40003,0.3538753129606794,0.3572434003372697,0.009517723484046892
FB15k-237,balanced1_syn_global_rf,1.0,40819,0.3528119855172369,0.3560530550713822,0.009186393000208737
KG20C,balanced1_syn_global_rf,0.02,149,0.17867468946957737,0.20566454366275982,0.151055833779848
KG20C,balanced1_syn_global_rf,0.04,298,0.18153356726614042,0.1977365832096918,0.0892563077317634
KG20C,balanced1_syn_global_rf,0.06,447,0.16851054244851674,0.18492801840265485,0.09742699605369776
KG20C,balanced1_syn_global_rf,0.08,596,0.15551364472058632,0.1698744989523625,0.09234465732944885
KG20C,balanced1_syn_global_rf,0.1,745,0.1395468268469076,0.15529687495797587,0.11286568435086752
KG20C,balanced1_syn_global_rf,0.12,894,0.1419587966115486,0.1570486689581221,0.10629755046363876
KG20C,balanced1_syn_global_rf,0.14,1043,0.1380043768383777,0.15186346944770748,0.100425022211873
KG20C,balanced1_syn_global_rf,0.16,1192,0.13041799479660476,0.14401236959698635,0.10423695611623907
KG20C,balanced1_syn_global_rf,0.18,1341,0.12190872970059935,0.13441219688035433,0.10256416591709838
KG20C,balanced1_syn_global_rf,0.2,1490,0.11541737001625131,0.12714299367230905,0.10159323206209536
KG20C,balanced1_syn_global_rf,0.22,1639,0.1171254870245111,0.12801717641878965,0.0929916252301195
KG20C,balanced1_syn_global_rf,0.24,1788,0.11986774654837387,0.12943040764164204,0.07977676538207934
KG20C,balanced1_syn_global_rf,0.26,1936,0.1217410221594116,0.13110025753027865,0.07687823877979083
KG20C,balanced1_syn_global_rf,0.28,2085,0.12663865437950217,0.1377361396156554,0.08763110513553807
KG20C,balanced1_syn_global_rf,0.3,2234,0.12813274978459369,0.13987656353248804,0.09165349036555526
KG20C,balanced1_syn_global_rf,0.32,2383,0.13053433918613658,0.14292819304907034,0.0949470763035054
KG20C,balanced1_syn_global_rf,0.34,2532,0.13357476362054146,0.14528463847373116,0.08766532341734146
KG20C,balanced1_syn_global_rf,0.36,2681,0.13916079071857318,0.15059889772918034,0.08219346089904445
KG20C,balanced1_syn_global_rf,0.38,2830,0.1401221939777362,0.15132472848738057,0.07994832361406168
KG20C,balanced1_syn_global_rf,0.4,2979,0.14237721776889187,0.152595566830609,0.07176955149034892
KG20C,balanced1_syn_global_rf,0.42,3128,0.1467384937018862,0.15706724683078563,0.07038884527384681
KG20C,balanced1_syn_global_rf,0.44,3277,0.14829332528553094,0.15822726483272453,0.06698844690458139
KG20C,balanced1_syn_global_rf,0.46,3426,0.14951351298256188,0.1599114186457908,0.06954492243414578
KG20C,balanced1_syn_global_rf,0.48,3575,0.1541303278473783,0.16586147541096605,0.07611187056712221
KG20C,balanced1_syn_global_rf,0.5,3724,0.15706507491557856,0.16873070946764415,0.07427261953897646
KG20C,balanced1_syn_global_rf,0.52,3873,0.15859561168600475,0.16999569053822655,0.07188142680008203
KG20C,balanced1_syn_global_rf,0.54,4022,0.15965532723876766,0.17116911392731207,0.07211652055509132
KG20C,balanced1_syn_global_rf,0.56,4171,0.16133470348897083,0.17290225505137252,0.07169909084806703
KG20C,balanced1_syn_global_rf,0.58,4320,0.16169499309340843,0.1731937303908365,0.0711137498907306
KG20C,balanced1_syn_global_rf,0.6,4469,0.16325191800365693,0.17475346747559847,0.07045276779954213
KG20C,balanced1_syn_global_rf,0.62,4618,0.1623711826254918,0.17333111317715422,0.06749923462060026
KG20C,balanced1_syn_global_rf,0.64,4767,0.16104550416175015,0.1716628650360058,0.06592770738630405
KG20C,balanced1_syn_global_rf,0.66,4916,0.15898626010789657,0.16928181732668762,0.06475752817761693
KG20C,balanced1_syn_global_rf,0.68,5065,0.17441384125946588,0.1844065281869243,0.0572929697282043
KG20C,balanced1_syn_global_rf,0.7,5214,0.1925437375088485,0.20225086433807302,0.05041517815544849
KG20C,balanced1_syn_global_rf,0.72,5363,0.19530275395371985,0.204932525855316,0.049306892538126146
KG20C,balanced1_syn_global_rf,0.74,5512,0.1935744324347148,0.20279252262698522,0.04762039116596295
KG20C,balanced1_syn_global_rf,0.76,5660,0.19133749693064492,0.2007786153342224,0.04934275066324112
KG20C,balanced1_syn_global_rf,0.78,5809,0.1899277940187308,0.19916948300523896,0.04865896028675376
KG20C,balanced1_syn_global_rf,0.8,5958,0.18876630439081066,0.19782547449555635,0.04799145765967916
KG20C,balanced1_syn_global_rf,0.82,6107,0.1883384284782031,0.19747554751773078,0.048514363814951
KG20C,balanced1_syn_global_rf,0.84,6256,0.1882847711640619,0.1972749954786951,0.047748016257775694
KG20C,balanced1_syn_global_rf,0.86,6405,0.19008736943496998,0.19910919093132062,0.04746144640313443
KG20C,balanced1_syn_global_rf,0.88,6554,0.19175959884872198,0.20072116367762954,0.0467333311224607
KG20C,balanced1_syn_global_rf,0.9,6703,0.19487252313721518,0.20370321155542068,0.04531520542784562
KG20C,balanced1_syn_global_rf,0.92,6852,0.1952890323725413,0.2039651894467426,0.04442726234441219
KG20C,balanced1_syn_global_rf,0.94,7001,0.20216393330649388,0.2106759074049124,0.04210431583517815
KG20C,balanced1_syn_global_rf,0.96,7150,0.21150111811005318,0.2197545713268602,0.03902321316576862
KG20C,balanced1_syn_global_rf,0.98,7299,0.22055845056995163,0.22852997509140363,0.036142457932818006
KG20C,balanced1_syn_global_rf,1.0,7448,0.22638074035722044,0.23398674950607826,0.033598304947920044
WN18RR,balanced1_syn_global_rf,0.02,121,0.5075362798554507,0.5279655693956701,0.04025188021246051
WN18RR,balanced1_syn_global_rf,0.04,242,0.5029178914550451,0.512998013414216,0.020043275712476882
WN18RR,balanced1_syn_global_rf,0.06,363,0.40730065122422665,0.4167072099175187,0.023094877616862908
WN18RR,balanced1_syn_global_rf,0.08,484,0.43408456325321115,0.4450792304376835,0.025328399383921285
WN18RR,balanced1_syn_global_rf,0.1,606,0.4388772850534779,0.45085999472215255,0.027303098330127895
WN18RR,balanced1_syn_global_rf,0.12,727,0.4622120136197633,0.4707816930199528,0.01854058126502811
WN18RR,balanced1_syn_global_rf,0.14,848,0.4608110847778669,0.46846841654083116,0.01661707371179122
WN18RR,balanced1_syn_global_rf,0.16,969,0.42276062245222634,0.43060277807826386,0.01854987245630646
WN18RR,balanced1_syn_global_rf,0.18,1090,0.4115492904422068,0.4188631764167083,0.017771591749417892
WN18RR,balanced1_syn_global_rf,0.2,1211,0.3999209543988326,0.40580542975660067,0.014714096105850949
WN18RR,balanced1_syn_global_rf,0.22,1332,0.37922503078180675,0.3847775454848454,0.014641741056996116
WN18RR,balanced1_syn_global_rf,0.24,1453,0.35885798117869955,0.36425246164022557,0.015032354704240802
WN18RR,balanced1_syn_global_rf,0.26,1574,0.37363202456824723,0.3805529533858132,0.01852338226511363
WN18RR,balanced1_syn_global_rf,0.28,1695,0.4164612076138903,0.42300605627426213,0.015715386068898107
WN18RR,balanced1_syn_global_rf,0.3,1816,0.45247408344062334,0.4585828491230738,0.013500807904840206
WN18RR,balanced1_syn_global_rf,0.32,1938,0.4838938785936247,0.489618088335281,0.011829473351250064
WN18RR,balanced1_syn_global_rf,0.34,2059,0.512622538818509,0.518010357409733,0.010510303748332506
WN18RR,balanced1_syn_global_rf,0.36,2180,0.5388678313214362,0.5439566012660831,0.009443447258983717
WN18RR,balanced1_syn_global_rf,0.38,2301,0.5610438029341894,0.5658649756761842,0.008593219846259048
WN18RR,balanced1_syn_global_rf,0.4,2422,0.581160242689054,0.5857405558514529,0.007881325710109799
WN18RR,balanced1_syn_global_rf,0.42,2543,0.5972042099286514,0.6015665844781324,0.007304661415568514
WN18RR,balanced1_syn_global_rf,0.44,2664,0.6131620654050882,0.6173262990685003,0.006791407848528497
WN18RR,balanced1_syn_global_rf,0.46,2785,0.6282116061468963,0.6321949161933343,0.006340713873259185
WN18RR,balanced1_syn_global_rf,0.48,2906,0.6422256324267099,0.6460430854478145,0.005944099438510486
WN18RR,balanced1_syn_global_rf,0.5,3028,0.654875943884409,0.6585395893531442,0.005594411434636459
WN18RR,balanced1_syn_global_rf,0.52,3149,0.6661317501599306,0.6696546204296449,0.005288548802648174
WN18RR,balanced1_syn_global_rf,0.54,3270,0.6769928191144932,0.6803853324109242,0.005011151079665099
WN18RR,balanced1_syn_global_rf,0.56,3391,0.6871331723356966,0.6904046316336412,0.004761026580661687
WN18RR,balanced1_syn_global_rf,0.58,3512,0.697021841710036,0.700180588429663,0.00453177580759534
WN18RR,balanced1_syn_global_rf,0.6,3633,0.7058077009742088,0.7088612430824748,0.004326308857286909
WN18RR,balanced1_syn_global_rf,0.62,3754,0.70831759030888,0.7112727099620092,0.00417202635309466
WN18RR,balanced1_syn_global_rf,0.64,3875,0.690325904508679,0.6930624909603158,0.00396419493135558
WN18RR,balanced1_syn_global_rf,0.66,3996,0.6771544636241699,0.6798263303840215,0.003945727161793533
WN18RR,balanced1_syn_global_rf,0.68,4117,0.6606121287358911,0.6632239544572616,0.003953644820854585
WN18RR,balanced1_syn_global_rf,0.7,4238,0.6438372229905063,0.6463880139024009,0.003961856849541201
WN18RR,balanced1_syn_global_rf,0.72,4360,0.6275125220016387,0.630002793657115,0.003968481214578601
WN18RR,balanced1_syn_global_rf,0.74,4481,0.6116230264315807,0.6140528993079587,0.003972827659145972
WN18RR,balanced1_syn_global_rf,0.76,4602,0.6002113538231277,0.6026076346218041,0.003992394984554837
WN18RR,balanced1_syn_global_rf,0.78,4723,0.5883461285070513,0.5907038022526869,0.004007290320101831
WN18RR,balanced1_syn_global_rf,0.8,4844,0.5752034216416138,0.5775122831001237,0.004013991175366272
WN18RR,balanced1_syn_global_rf,0.82,4965,0.5626953179664165,0.5649576331406967,0.004020497597982953
WN18RR,balanced1_syn_global_rf,0.84,5086,0.5589600951028683,0.5612589766805821,0.00411278300160367
WN18RR,balanced1_syn_global_rf,0.86,5207,0.557043414803614,0.5593106657116651,0.004070151172777869
WN18RR,balanced1_syn_global_rf,0.88,5328,0.5498556982227378,0.5521025601832485,0.004086275667912753
WN18RR,balanced1_syn_global_rf,0.9,5450,0.5420454761504817,0.5442712268108603,0.004106206505375631
WN18RR,balanced1_syn_global_rf,0.92,5571,0.53249471955708,0.5346865455104586,0.0041161458938066
WN18RR,balanced1_syn_global_rf,0.94,5692,0.5274176323839768,0.5296033662312665,0.004144218382328146
WN18RR,balanced1_syn_global_rf,0.96,5813,0.5245493499626873,0.5267422045007916,0.0041804542094279196
WN18RR,balanced1_syn_global_rf,0.98,5934,0.5166929307655868,0.5188594213185196,0.004192994376220227
WN18RR,balanced1_syn_global_rf,1.0,6055,0.5112021246888968,0.5133269561687425,0.0041565388272568615
YAGO3-10,balanced1_syn_global_rf,0.02,200,0.573517757289022,0.6659037779009804,0.16108659137017955
YAGO3-10,balanced1_syn_global_rf,0.04,399,0.6422171577555813,0.7084238829258411,0.1030908694523811
YAGO3-10,balanced1_syn_global_rf,0.06,598,0.6635820413576559,0.7269216104125188,0.09545099943523683
YAGO3-10,balanced1_syn_global_rf,0.08,798,0.6537755239665834,0.720364195064705,0.10185249930146512
YAGO3-10,balanced1_syn_global_rf,0.1,998,0.6908497568727768,0.7520643258015401,0.08860764344169292
YAGO3-10,balanced1_syn_global_rf,0.12,1197,0.712854248746563,0.7687715107154166,0.07844136731621498
YAGO3-10,balanced1_syn_global_rf,0.14,1397,0.7165506603442252,0.7663518675812656,0.06950130673679977
YAGO3-10,balanced1_syn_global_rf,0.16,1596,0.7226963298108736,0.7687545296484046,0.0637310554068875
YAGO3-10,balanced1_syn_global_rf,0.18,1796,0.7302056466504719,0.7772742094112477,0.0644593245432763
YAGO3-10,balanced1_syn_global_rf,0.2,1995,0.7349093035697624,0.7790711625562196,0.060091576976838645
YAGO3-10,balanced1_syn_global_rf,0.22,2194,0.7404351415106459,0.7848604178111847,0.05999887607968146
YAGO3-10,balanced1_syn_global_rf,0.24,2394,0.7507810902445198,0.793965833969356,0.05751975414134569
YAGO3-10,balanced1_syn_global_rf,0.26,2594,0.7188016745501543,0.7595482669530692,0.056686835667731694
YAGO3-10,balanced1_syn_global_rf,0.28,2793,0.6993636153694693,0.7402050721339236,0.05839802910375602
YAGO3-10,balanced1_syn_global_rf,0.3,2992,0.6833941732032264,0.7230069192815821,0.0579647114822206
YAGO3-10,balanced1_syn_global_rf,0.32,3192,0.6695224575599843,0.7077573663713906,0.0571077316073163
YAGO3-10,balanced1_syn_global_rf,0.34,3392,0.6598324930812305,0.697287583746525,0.05676454411996268
YAGO3-10,balanced1_syn_global_rf,0.36,3591,0.6511052518784158,0.6856459180007104,0.053049282005706466
YAGO3-10,balanced1_syn_global_rf,0.38,3790,0.6411997551917843,0.6753462093411714,0.05325400372177902
YAGO3-10,balanced1_syn_global_rf,0.4,3990,0.6332363460718335,0.6674387108206145,0.054012005092488824
YAGO3-10,balanced1_syn_global_rf,0.42,4190,0.627366858417486,0.6610979924388498,0.053766203249004274
YAGO3-10,balanced1_syn_global_rf,0.44,4389,0.6393216797367876,0.6723202605119234,0.051614987917696586
YAGO3-10,balanced1_syn_global_rf,0.46,4588,0.6499424663146459,0.6819297014026026,0.049215487132781455
YAGO3-10,balanced1_syn_global_rf,0.48,4788,0.6595002395636984,0.6907081706423852,0.04732057580347937
YAGO3-10,balanced1_syn_global_rf,0.5,4988,0.6695060150373042,0.7004265076479712,0.04618404004771204
YAGO3-10,balanced1_syn_global_rf,0.52,5187,0.6793263840118436,0.7094576876311738,0.044354678882610354
YAGO3-10,balanced1_syn_global_rf,0.54,5386,0.6871587157283964,0.7162720473915926,0.04236769613310609
YAGO3-10,balanced1_syn_global_rf,0.56,5586,0.6892175334263587,0.7181053565349905,0.04191394111089952
YAGO3-10,balanced1_syn_global_rf,0.58,5786,0.6807738054549708,0.7091636360137052,0.041702295727670036
YAGO3-10,balanced1_syn_global_rf,0.6,5985,0.68711902226993,0.7153059918311718,0.04102196074869946
YAGO3-10,balanced1_syn_global_rf,0.62,6184,0.6924119910205395,0.7199914365658707,0.03983097621501641
YAGO3-10,balanced1_syn_global_rf,0.64,6384,0.6956356079125579,0.7226130581253368,0.03878100819728325
YAGO3-10,balanced1_syn_global_rf,0.66,6584,0.6789205357343006,0.7054924469843982,0.039138470338591524
YAGO3-10,balanced1_syn_global_rf,0.68,6783,0.6662951156208399,0.6922991567581993,0.039027812943112083
YAGO3-10,balanced1_syn_global_rf,0.7,6982,0.6556090804477446,0.6810307560803847,0.03877566127558585
YAGO3-10,balanced1_syn_global_rf,0.72,7182,0.6513768565579271,0.6761414998762337,0.03801891803336477
YAGO3-10,balanced1_syn_global_rf,0.74,7382,0.646069004368021,0.6701970843559534,0.03734597980216425
YAGO3-10,balanced1_syn_global_rf,0.76,7581,0.6360793186161983,0.659779234450607,0.037259371812258246
YAGO3-10,balanced1_syn_global_rf,0.78,7780,0.6271084712115716,0.6502633542422325,0.036923250272677066
YAGO3-10,balanced1_syn_global_rf,0.8,7980,0.6189808995222776,0.6417091215720049,0.03671877769939047
YAGO3-10,balanced1_syn_global_rf,0.82,8179,0.6130733110601955,0.6353231377997633,0.0362922775109733
YAGO3-10,balanced1_syn_global_rf,0.84,8379,0.6066877197534724,0.6284426759955543,0.03585857358530675
YAGO3-10,balanced1_syn_global_rf,0.86,8578,0.5983119294725373,0.6195614759503761,0.035515832847545115
YAGO3-10,balanced1_syn_global_rf,0.88,8778,0.5903261536718238,0.6111471115215326,0.03527026156676705
YAGO3-10,balanced1_syn_global_rf,0.9,8978,0.5839335621971792,0.6042906983081999,0.034862075806060044
YAGO3-10,balanced1_syn_global_rf,0.92,9177,0.5924109754174866,0.6123811582664289,0.03371001496869441
YAGO3-10,balanced1_syn_global_rf,0.94,9376,0.5855062239593184,0.6052485629933085,0.033718410199789606
YAGO3-10,balanced1_syn_global_rf,0.96,9576,0.5769299456785204,0.5962593006230331,0.03350381634598576
YAGO3-10,balanced1_syn_global_rf,0.98,9776,0.5676346207201378,0.5865685305962277,0.03335580527500093
YAGO3-10,balanced1_syn_global_rf,1.0,9975,0.5616723217905851,0.5802260659200453,0.033033039745151926
codex-l,balanced1_syn_global_rf,0.02,1223,0.40476265841927117,0.4247627162680072,0.049411815622623756
codex-l,balanced1_syn_global_rf,0.04,2445,0.41764280181312097,0.44026382264557734,0.05416355970760489
codex-l,balanced1_syn_global_rf,0.06,3668,0.40861753909776816,0.43064276645390154,0.05390181587595411
codex-l,balanced1_syn_global_rf,0.08,4890,0.42448522364396074,0.44634334423855926,0.0514932425844159
codex-l,balanced1_syn_global_rf,0.1,6113,0.43580692219487255,0.4553082878497613,0.044747718913396906
codex-l,balanced1_syn_global_rf,0.12,7335,0.45914411620247675,0.4759462908777072,0.03659455513488674
codex-l,balanced1_syn_global_rf,0.14,8558,0.4515932890528456,0.4668713603500372,0.03383148436336425
codex-l,balanced1_syn_global_rf,0.16,9781,0.4286374698016445,0.4433649609726034,0.03435885149698681
codex-l,balanced1_syn_global_rf,0.18,11003,0.4073524588418879,0.4213907524325391,0.03446227777920474
codex-l,balanced1_syn_global_rf,0.2,12226,0.40434262860862974,0.4177914677985473,0.033260997575734086
codex-l,balanced1_syn_global_rf,0.22,13448,0.3961061204854264,0.40880282669428963,0.03205379960628596
codex-l,balanced1_syn_global_rf,0.24,14671,0.3880834863258604,0.40000845627279374,0.03072784688632768
codex-l,balanced1_syn_global_rf,0.26,15894,0.37514889164779996,0.386199107526868,0.02945554718429566
codex-l,balanced1_syn_global_rf,0.28,17116,0.36629911653969155,0.3768952351435279,0.02892750248467557
codex-l,balanced1_syn_global_rf,0.3,18339,0.3669653150471393,0.37743787355414504,0.02853827889881222
codex-l,balanced1_syn_global_rf,0.32,19561,0.36463870619887867,0.3746951523547585,0.02757920644440559
codex-l,balanced1_syn_global_rf,0.34,20784,0.37069135515417106,0.3802886152283165,0.025890164258494552
codex-l,balanced1_syn_global_rf,0.36,22006,0.3663762213973381,0.3753473338967133,0.024486066440556398
codex-l,balanced1_syn_global_rf,0.38,23229,0.36718616955997707,0.3757438986525052,0.023306240272566336
codex-l,balanced1_syn_global_rf,0.4,24452,0.3754234037046978,0.38356534765315053,0.021687363835359186
codex-l,balanced1_syn_global_rf,0.42,25674,0.3702844793900227,0.3780160825495816,0.02088017076031745
codex-l,balanced1_syn_global_rf,0.44,26897,0.3745640667420085,0.38196702750840417,0.01976420437440063
codex-l,balanced1_syn_global_rf,0.46,28119,0.3641035043692444,0.3710271012158436,0.01901546336005011
codex-l,balanced1_syn_global_rf,0.48,29342,0.3575499703125792,0.3640970387899397,0.018310918811255794
codex-l,balanced1_syn_global_rf,0.5,30564,0.36002327415446705,0.3663680979776111,0.017623371261330734
codex-l,balanced1_syn_global_rf,0.52,31787,0.35924019534810553,0.36554595171362164,0.017553036790345367
codex-l,balanced1_syn_global_rf,0.54,33010,0.3635343798543116,0.3701999125457052,0.018335357151268328
codex-l,balanced1_syn_global_rf,0.56,34232,0.35872426475651376,0.36533221336208616,0.01842069035964866
codex-l,balanced1_syn_global_rf,0.58,35455,0.35383980184248315,0.3603291219208887,0.018339712052219515
codex-l,balanced1_syn_global_rf,0.6,36677,0.34505680714703596,0.351329916817398,0.018179933102113743
codex-l,balanced1_syn_global_rf,0.62,37900,0.3369342652313957,0.3430002174574013,0.01800336995063323
codex-l,balanced1_syn_global_rf,0.64,39123,0.34383368531481673,0.34989131713231597,0.017617912601997743
codex-l,balanced1_syn_global_rf,0.66,40345,0.34088217650204106,0.3467713699747227,0.01727633146770402
codex-l,balanced1_syn_global_rf,0.68,41568,0.3411767965753878,0.3468800504841544,0.016716417898326785
codex-l,balanced1_syn_global_rf,0.7,42790,0.33558960459323117,0.34130411374390346,0.017028266288518834
codex-l,balanced1_syn_global_rf,0.72,44013,0.3379078264350527,0.34360172332621314,0.01685044395458779
codex-l,balanced1_syn_global_rf,0.74,45235,0.3302118314062718,0.3357583554409223,0.016796866456993742
codex-l,balanced1_syn_global_rf,0.76,46458,0.32929941050383404,0.3347133989647337,0.0164409297077579
codex-l,balanced1_syn_global_rf,0.78,47681,0.3239730554355777,0.3293397350159241,0.016565203464624423
codex-l,balanced1_syn_global_rf,0.8,48903,0.3176319516127096,0.3228734385264499,0.016501762140514353
codex-l,balanced1_syn_global_rf,0.82,50126,0.3176450757094999,0.3228237328642923,0.01630328171537121
codex-l,balanced1_syn_global_rf,0.84,51348,0.3214951788836933,0.3264500695970725,0.015412021824351418
codex-l,balanced1_syn_global_rf,0.86,52571,0.318044166820576,0.32309777050103533,0.015889628572594683
codex-l,balanced1_syn_global_rf,0.88,53794,0.3122210319012507,0.31730520198174555,0.01628388084407728
codex-l,balanced1_syn_global_rf,0.9,55016,0.3106981653221866,0.3161544522613002,0.017561374826451148
codex-l,balanced1_syn_global_rf,0.92,56239,0.3221986374038314,0.32762849863502624,0.016852526984430627
codex-l,balanced1_syn_global_rf,0.94,57461,0.3334768980794541,0.33884974356148506,0.016111597273976264
codex-l,balanced1_syn_global_rf,0.96,58684,0.3368356226652967,0.34209793628891805,0.015622794234119164
codex-l,balanced1_syn_global_rf,0.98,59906,0.33350156824814015,0.33863037857448086,0.015378669291667757
codex-l,balanced1_syn_global_rf,1.0,61129,0.32990176871301513,0.33484279266174394,0.014977258133547888
codex-m,balanced1_syn_global_rf,0.02,412,0.25535115991191026,0.2632530440407402,0.030945166380117017
codex-m,balanced1_syn_global_rf,0.04,824,0.32633101559941174,0.32802125932173404,0.00517953746816735
codex-m,balanced1_syn_global_rf,0.06,1236,0.32830380709398205,0.329614401818003,0.003992018050664292
codex-m,balanced1_syn_global_rf,0.08,1648,0.2960242917688758,0.29906419115839816,0.010269087618984374
codex-m,balanced1_syn_global_rf,0.1,2059,0.3140918828593514,0.3171968839754413,0.009885645842940605
codex-m,balanced1_syn_global_rf,0.12,2471,0.3277562404266006,0.3310665691605479,0.010099971642457906
codex-m,balanced1_syn_global_rf,0.14,2883,0.3392500156155438,0.3422442868328712,0.00882614909212176
codex-m,balanced1_syn_global_rf,0.16,3295,0.344836730084174,0.3479604442285769,0.009058530811495658
codex-m,balanced1_syn_global_rf,0.18,3707,0.36453738395510277,0.36797990191326674,0.009443525162807331
codex-m,balanced1_syn_global_rf,0.2,4119,0.37108698082347324,0.37502811939041314,0.010620525026758365
codex-m,balanced1_syn_global_rf,0.22,4531,0.373259839041548,0.3774918739695894,0.011338039846205517
codex-m,balanced1_syn_global_rf,0.24,4943,0.3658674272492361,0.3698941757561038,0.011006031712477604
codex-m,balanced1_syn_global_rf,0.26,5354,0.35360552956713126,0.3573851558267002,0.010688821139748006
codex-m,balanced1_syn_global_rf,0.28,5766,0.3541029730477854,0.3577102346892487,0.010187041386338525
codex-m,balanced1_syn_global_rf,0.3,6178,0.35072701404120954,0.35394355066741257,0.009171054687635571
codex-m,balanced1_syn_global_rf,0.32,6590,0.3639034425761128,0.36714246637172404,0.008900778109384833
codex-m,balanced1_syn_global_rf,0.34,7002,0.3648696822335893,0.36808806703064195,0.008820641872328228
codex-m,balanced1_syn_global_rf,0.36,7414,0.35609597945988186,0.3594951074648331,0.009545538846315926
codex-m,balanced1_syn_global_rf,0.38,7826,0.3487127996555965,0.3520523958496405,0.009576924613442062
codex-m,balanced1_syn_global_rf,0.4,8238,0.3472112277384784,0.350429718392243,0.009269546594814715
codex-m,balanced1_syn_global_rf,0.42,8649,0.3688347397666035,0.37223789215228004,0.009226767488957233
codex-m,balanced1_syn_global_rf,0.44,9061,0.3658048592299476,0.3691114546010226,0.00903923304363885
codex-m,balanced1_syn_global_rf,0.46,9473,0.36257459536534503,0.36603416188288124,0.009541668284977822
codex-m,balanced1_syn_global_rf,0.48,9885,0.3532317965375552,0.35841143908850703,0.014663579558022999
codex-m,balanced1_syn_global_rf,0.5,10297,0.34789722015936536,0.353264189712818,0.015426882545925835
codex-m,balanced1_syn_global_rf,0.52,10709,0.36573708730360105,0.3710534658659144,0.014536066335269382
codex-m,balanced1_syn_global_rf,0.54,11121,0.3787746266611976,0.38402988561751333,0.013874369047999657
codex-m,balanced1_syn_global_rf,0.56,11533,0.36742928530048874,0.3724086533351932,0.013551908445817773
codex-m,balanced1_syn_global_rf,0.58,11945,0.356617944538551,0.3615983715398448,0.013965721797141395
codex-m,balanced1_syn_global_rf,0.6,12356,0.3458426387565925,0.3506695265601155,0.013956890396386923
codex-m,balanced1_syn_global_rf,0.62,12768,0.33527682862652936,0.34001805972015214,0.014141242963450207
codex-m,balanced1_syn_global_rf,0.64,13180,0.325844472353897,0.3304227608011417,0.014050532802263538
codex-m,balanced1_syn_global_rf,0.66,13592,0.31671668944047654,0.3212060338169391,0.014174637858186623
codex-m,balanced1_syn_global_rf,0.68,14004,0.3085109175683494,0.31286570444421097,0.014115503302721155
codex-m,balanced1_syn_global_rf,0.7,14416,0.30181773287451014,0.3060284565575904,0.01395121367779617
codex-m,balanced1_syn_global_rf,0.72,14828,0.29935385917538726,0.3034296423617545,0.013615268557400917
codex-m,balanced1_syn_global_rf,0.74,15240,0.30473908597133065,0.3086740239265951,0.01291248197690864
codex-m,balanced1_syn_global_rf,0.76,15651,0.3111031171048158,0.31480623259055757,0.0119031770565452
codex-m,balanced1_syn_global_rf,0.78,16063,0.3173302640806289,0.32093563597035907,0.011361575928396483
codex-m,balanced1_syn_global_rf,0.8,16475,0.32387549138263255,0.3274179606149643,0.010937750236082566
codex-m,balanced1_syn_global_rf,0.82,16887,0.3294251463737054,0.33289937355203464,0.01054633265424143
codex-m,balanced1_syn_global_rf,0.84,17299,0.3363579385758641,0.3397584539569491,0.010109811575973904
codex-m,balanced1_syn_global_rf,0.86,17711,0.34140891368060344,0.34470221816395624,0.009646217047612815
codex-m,balanced1_syn_global_rf,0.88,18123,0.3451714752365356,0.3484259501792579,0.00942857442229883
codex-m,balanced1_syn_global_rf,0.9,18535,0.34616157411331694,0.34918720605075204,0.00874051935193898
codex-m,balanced1_syn_global_rf,0.92,18946,0.3442670099846454,0.3472798816488254,0.008751554975640508
codex-m,balanced1_syn_global_rf,0.94,19358,0.3504492693943495,0.35352249776127687,0.00876939584504921
codex-m,balanced1_syn_global_rf,0.96,19770,0.34945972332940917,0.3523664147405596,0.008317672158203226
codex-m,balanced1_syn_global_rf,0.98,20182,0.3447482340698711,0.3475955876125547,0.008259225896735334
codex-m,balanced1_syn_global_rf,1.0,20594,0.3423415349994885,0.3449297847479118,0.0075604315685129375
hetionet,balanced1_syn_global_rf,0.02,9001,0.46679804580014383,0.611525475053421,0.3100429201780359
hetionet,balanced1_syn_global_rf,0.04,18002,0.4630530037053853,0.5728056982820375,0.2370197227928612
hetionet,balanced1_syn_global_rf,0.06,27002,0.49490531452515046,0.5963392610511963,0.20495626850030746
hetionet,balanced1_syn_global_rf,0.08,36003,0.518798034527566,0.6182779070197397,0.19175067342489704
hetionet,balanced1_syn_global_rf,0.1,45004,0.5256292756912192,0.6192625187040801,0.17813551745140188
hetionet,balanced1_syn_global_rf,0.12,54005,0.5383183893123095,0.6297699493555515,0.169883774842003
hetionet,balanced1_syn_global_rf,0.14,63006,0.5459409767487992,0.6362356750451853,0.1653927844619969
hetionet,balanced1_syn_global_rf,0.16,72006,0.553814989620668,0.6422403461242463,0.15966587788485942
hetionet,balanced1_syn_global_rf,0.18,81007,0.5628705656794899,0.6503236943536215,0.15536987365569432
hetionet,balanced1_syn_global_rf,0.2,90008,0.5703291065281929,0.6545608111216438,0.14768964730942957
hetionet,balanced1_syn_global_rf,0.22,99009,0.5777588582240364,0.6596350759152453,0.14171347877363027
hetionet,balanced1_syn_global_rf,0.24,108010,0.5873731897258948,0.6631400373162261,0.1289926896828384
hetionet,balanced1_syn_global_rf,0.26,117010,0.5874522397770582,0.6576866651688268,0.1195576774350593
hetionet,balanced1_syn_global_rf,0.28,126011,0.5863838366221557,0.6521897373207863,0.11222325137354283
hetionet,balanced1_syn_global_rf,0.3,135012,0.5877939706736484,0.6498787804771036,0.1056234206218587
hetionet,balanced1_syn_global_rf,0.32,144013,0.5766090603492156,0.6352668073190614,0.1017287985976505
hetionet,balanced1_syn_global_rf,0.34,153014,0.5691849341856982,0.6244923888325212,0.09716956884311845
hetionet,balanced1_syn_global_rf,0.36,162014,0.5655459615115179,0.6179011534542749,0.09257460136896523
hetionet,balanced1_syn_global_rf,0.38,171015,0.5505146996594753,0.6002543327667006,0.09035114437088065
hetionet,balanced1_syn_global_rf,0.4,180016,0.5409152199842725,0.588165025809454,0.08735159241138613
hetionet,balanced1_syn_global_rf,0.42,189017,0.5375427023554797,0.5825388416490196,0.0837070973084919
hetionet,balanced1_syn_global_rf,0.44,198018,0.5173651805631352,0.5603205883939759,0.08302724930983008
hetionet,balanced1_syn_global_rf,0.46,207018,0.4959174189010469,0.5369959689366901,0.08283344861463693
hetionet,balanced1_syn_global_rf,0.48,216019,0.4761910742264668,0.5155757622582589,0.08270774099613121
hetionet,balanced1_syn_global_rf,0.5,225020,0.4583351063922235,0.4961556505480083,0.08251723166808778
hetionet,balanced1_syn_global_rf,0.52,234021,0.4427626480758956,0.4791444032320051,0.08216988337704834
hetionet,balanced1_syn_global_rf,0.54,243022,0.4283582859463619,0.46338771795734696,0.08177601125094469
hetionet,balanced1_syn_global_rf,0.56,252022,0.4202784963606473,0.45416355923914936,0.08062525961219968
hetionet,balanced1_syn_global_rf,0.58,261023,0.42909283209139354,0.46218650330645944,0.0771247355817335
hetionet,balanced1_syn_global_rf,0.6,270024,0.43725705459219144,0.46928431560895495,0.07324584173177895
hetionet,balanced1_syn_global_rf,0.62,279025,0.4452748318965933,0.47673197493536207,0.07064657776587313
hetionet,balanced1_syn_global_rf,0.64,288026,0.45183201919639904,0.48218114474084406,0.06716904569627924
hetionet,balanced1_syn_global_rf,0.66,297026,0.45835252617936495,0.4878130346646733,0.06427478153306754
hetionet,balanced1_syn_global_rf,0.68,306027,0.4591643245293716,0.4875426298954512,0.06180424708554266
hetionet,balanced1_syn_global_rf,0.7,315028,0.44758799464810695,0.47469301879350595,0.0605579784746213
hetionet,balanced1_syn_global_rf,0.72,324029,0.4365336941603471,0.4626459496718259,0.05981727381137092
hetionet,balanced1_syn_global_rf,0.74,333030,0.4260459236325391,0.45117798505611273,0.05898909021190346
hetionet,balanced1_syn_global_rf,0.76,342030,0.41607411021037266,0.4402152125507781,0.05802115956746112
hetionet,balanced1_syn_global_rf,0.78,351031,0.40647415864834097,0.4295842959791529,0.05685512064939302
hetionet,balanced1_syn_global_rf,0.8,360032,0.39861438335531835,0.42111435602179575,0.056445461092208715
hetionet,balanced1_syn_global_rf,0.82,369033,0.39798263139531903,0.4198851760512029,0.055033920900251276
hetionet,balanced1_syn_global_rf,0.84,378034,0.3926755979532834,0.41404739753614495,0.05442609546978816
hetionet,balanced1_syn_global_rf,0.86,387034,0.3847427984219906,0.4056321950835735,0.05429444487917645
hetionet,balanced1_syn_global_rf,0.88,396035,0.3796142128172044,0.4000783904237824,0.05390782777786063
hetionet,balanced1_syn_global_rf,0.9,405036,0.3764282553663656,0.3963229068384899,0.052851110904949206
hetionet,balanced1_syn_global_rf,0.92,414037,0.3739817622695809,0.3933885646955798,0.0518923765378958
hetionet,balanced1_syn_global_rf,0.94,423038,0.3711233882385441,0.3901029325656728,0.05114079287002338
hetionet,balanced1_syn_global_rf,0.96,432038,0.36753534536373583,0.38621515798361733,0.05082453389998398
hetionet,balanced1_syn_global_rf,0.98,441039,0.3688708474892013,0.3872453637471236,0.049812871857433105
hetionet,balanced1_syn_global_rf,1.0,450040,0.37318845483349955,0.39032189792982713,0.045910967701216165
FB15k-237,balanced1_max_global_rf,0.02,816,0.2640892388798542,0.3024241771660623,0.14515903203329072
FB15k-237,balanced1_max_global_rf,0.04,1633,0.27747450921981726,0.3066165538142496,0.10502602446751541
FB15k-237,balanced1_max_global_rf,0.06,2449,0.29959945794582604,0.3189252664397597,0.0645054855120204
FB15k-237,balanced1_max_global_rf,0.08,3266,0.29855206510191196,0.31754084489111073,0.06360290886856501
FB15k-237,balanced1_max_global_rf,0.1,4082,0.277079869436959,0.29757595688537847,0.0739717666608859
FB15k-237,balanced1_max_global_rf,0.12,4898,0.2770576884685928,0.2988584250730399,0.07868663282707788
FB15k-237,balanced1_max_global_rf,0.14,5715,0.2777665517028926,0.29843946915490593,0.07442551065012926
FB15k-237,balanced1_max_global_rf,0.16,6531,0.27032810699250687,0.29056518087409194,0.07486115338404686
FB15k-237,balanced1_max_global_rf,0.18,7347,0.2661153784635881,0.2864627748603054,0.07646080626453289
FB15k-237,balanced1_max_global_rf,0.2,8164,0.2657876411134532,0.2842447259296562,0.06944297612515582
FB15k-237,balanced1_max_global_rf,0.22,8980,0.270975821863067,0.2878981662054492,0.06244964671030173
FB15k-237,balanced1_max_global_rf,0.24,9797,0.27012247355100616,0.2855397566753158,0.05707515898857052
FB15k-237,balanced1_max_global_rf,0.26,10613,0.26818166488482303,0.28231605585230285,0.052704538819050795
FB15k-237,balanced1_max_global_rf,0.28,11429,0.27087485593240385,0.2846265212917758,0.0507675963944163
FB15k-237,balanced1_max_global_rf,0.3,12246,0.2745676906896257,0.28656860252876365,0.04370839048467601
FB15k-237,balanced1_max_global_rf,0.32,13062,0.2786079792005952,0.2897727980909594,0.04007357909274245
FB15k-237,balanced1_max_global_rf,0.34,13878,0.2797921150978999,0.29018833667145516,0.037156949794377114
FB15k-237,balanced1_max_global_rf,0.36,14695,0.28863332225014743,0.29855657759273696,0.03438014455583005
FB15k-237,balanced1_max_global_rf,0.38,15511,0.2978273789575791,0.30703149433765836,0.030904194947739327
FB15k-237,balanced1_max_global_rf,0.4,16328,0.31442533151836455,0.3231358618813466,0.027703017186683887
FB15k-237,balanced1_max_global_rf,0.42,17144,0.3220744694392281,0.3308962198890028,0.027390405905610926
FB15k-237,balanced1_max_global_rf,0.44,17960,0.3264975975992466,0.335029501245779,0.02613159701409118
FB15k-237,balanced1_max_global_rf,0.46,18777,0.32822432393991763,0.3365182036847071,0.02526893694297838
FB15k-237,balanced1_max_global_rf,0.48,19593,0.3422524784547979,0.35020207907763073,0.02322729891898434
FB15k-237,balanced1_max_global_rf,0.5,20410,0.33661844527593754,0.34421224193507144,0.022559062837180566
FB15k-237,balanced1_max_global_rf,0.52,21226,0.3355597977049244,0.3428033290967693,0.021586410056828598
FB15k-237,balanced1_max_global_rf,0.54,22042,0.329425678145062,0.33650140185820987,0.021478968345728155
FB15k-237,balanced1_max_global_rf,0.56,22859,0.32931267022740307,0.3361307793067812,0.020704059381225548
FB15k-237,balanced1_max_global_rf,0.58,23675,0.33697907759962675,0.343520763715037,0.019412736725401558
FB15k-237,balanced1_max_global_rf,0.6,24491,0.34218782649047863,0.3484914383903843,0.01842149665157966
FB15k-237,balanced1_max_global_rf,0.62,25308,0.3465355550605804,0.3526599960553009,0.01767334088893069
FB15k-237,balanced1_max_global_rf,0.64,26124,0.34845987017927854,0.35439382869986336,0.01702910156492865
FB15k-237,balanced1_max_global_rf,0.66,26941,0.35633408129083805,0.36208748942325514,0.01614610679835926
FB15k-237,balanced1_max_global_rf,0.68,27757,0.3585731009038663,0.3641573704032879,0.015573587325276694
FB15k-237,balanced1_max_global_rf,0.7,28573,0.35293888815701113,0.3583635281839988,0.015369913061477058
FB15k-237,balanced1_max_global_rf,0.72,29390,0.34776187884643067,0.3530473253155042,0.015198464209493112
FB15k-237,balanced1_max_global_rf,0.74,30206,0.35023162101597277,0.3553939099768867,0.014739642713981205
FB15k-237,balanced1_max_global_rf,0.76,31022,0.3587950650121509,0.36382156557154,0.014009391570697582
FB15k-237,balanced1_max_global_rf,0.78,31839,0.35534452070477185,0.3602420394821634,0.013782451936160456
FB15k-237,balanced1_max_global_rf,0.8,32655,0.3505398710032516,0.35530899609461936,0.01360508599982757
FB15k-237,balanced1_max_global_rf,0.82,33472,0.3565140481219021,0.36115762215644714,0.013024939855826423
FB15k-237,balanced1_max_global_rf,0.84,34288,0.3594896465323291,0.3640227108721649,0.012609721541530172
FB15k-237,balanced1_max_global_rf,0.86,35104,0.36324533236226414,0.36767302465044477,0.012189261344079494
FB15k-237,balanced1_max_global_rf,0.88,35921,0.3600925974348374,0.364419584714821,0.012016318332582765
FB15k-237,balanced1_max_global_rf,0.9,36737,0.36047486467677226,0.3647041329221222,0.011732491387831612
FB15k-237,balanced1_max_global_rf,0.92,37553,0.36721075749161974,0.37137593058643764,0.011342731687028484
FB15k-237,balanced1_max_global_rf,0.94,38370,0.3620808838217847,0.3661255343402751,0.011170571823065911
FB15k-237,balanced1_max_global_rf,0.96,39186,0.35614961578860355,0.3601100414608967,0.011120117772761784
FB15k-237,balanced1_max_global_rf,0.98,40003,0.3537274163703076,0.3575637475584652,0.010845444855598796
FB15k-237,balanced1_max_global_rf,1.0,40819,0.35281198551723697,0.3560530550713822,0.009186393000208515
KG20C,balanced1_max_global_rf,0.02,149,0.16205369856930066,0.1719061003957661,0.060797142635113266
KG20C,balanced1_max_global_rf,0.04,298,0.16178964320707248,0.1731425501934916,0.07017078943606214
KG20C,balanced1_max_global_rf,0.06,447,0.15401877140038153,0.16195707088162395,0.051541116768204276
KG20C,balanced1_max_global_rf,0.08,596,0.16097673406612495,0.17520981322277338,0.0884169954075591
KG20C,balanced1_max_global_rf,0.1,745,0.16639663583388242,0.17736954964303342,0.06594432486066304
KG20C,balanced1_max_global_rf,0.12,894,0.1759259383381537,0.18625931114454275,0.05873706233430398
KG20C,balanced1_max_global_rf,0.14,1043,0.16659148636581222,0.1769152883049149,0.061970765519391735
KG20C,balanced1_max_global_rf,0.16,1192,0.16873990612878015,0.17726156353481107,0.05050173134224267
KG20C,balanced1_max_global_rf,0.18,1341,0.16255293726650213,0.1706484050284558,0.049802039250027796
KG20C,balanced1_max_global_rf,0.2,1490,0.16226997716862024,0.17071418460723156,0.05203801458501878
KG20C,balanced1_max_global_rf,0.22,1639,0.1629114987738643,0.1714966517128047,0.05269826257542065
KG20C,balanced1_max_global_rf,0.24,1788,0.16272401056429714,0.1706006683141588,0.0484050124044193
KG20C,balanced1_max_global_rf,0.26,1936,0.159478797793916,0.16767911547711836,0.051419485202033544
KG20C,balanced1_max_global_rf,0.28,2085,0.15926571828202885,0.1673211085750557,0.05057830636698801
KG20C,balanced1_max_global_rf,0.3,2234,0.15885718558696285,0.16766068592090086,0.05541770302306359
KG20C,balanced1_max_global_rf,0.32,2383,0.1596261413757159,0.1682256622126631,0.05387288549878755
KG20C,balanced1_max_global_rf,0.34,2532,0.1631854427106225,0.17342163438954206,0.06272735796091466
KG20C,balanced1_max_global_rf,0.36,2681,0.17077996199569104,0.18268008146181758,0.06968100547081035
KG20C,balanced1_max_global_rf,0.38,2830,0.17107881937028838,0.1822867952638406,0.06551352139795474
KG20C,balanced1_max_global_rf,0.4,2979,0.17064332915378064,0.18172678703980613,0.06495101766349909
KG20C,balanced1_max_global_rf,0.42,3128,0.17017799605240064,0.18219374155734783,0.07060692794412349
KG20C,balanced1_max_global_rf,0.44,3277,0.16820551313548462,0.179830736431063,0.06911321203969467
KG20C,balanced1_max_global_rf,0.46,3426,0.16675896012981545,0.17881571162323648,0.0723004717949507
KG20C,balanced1_max_global_rf,0.48,3575,0.1662688852784383,0.17789268136924047,0.06990962904055475
KG20C,balanced1_max_global_rf,0.5,3724,0.16644409024126022,0.1777092557932654,0.06768137898844206
KG20C,balanced1_max_global_rf,0.52,3873,0.16597269884587146,0.1775265048051948,0.06961268955476019
KG20C,balanced1_max_global_rf,0.54,4022,0.1657007670989827,0.1775415977744571,0.0714591180401789
KG20C,balanced1_max_global_rf,0.56,4171,0.16456777784359172,0.17644344282529573,0.07216275954695606
KG20C,balanced1_max_global_rf,0.58,4320,0.1636721250188828,0.17506199672427256,0.0695895633057595
KG20C,balanced1_max_global_rf,0.6,4469,0.1598609488973058,0.1708710732578526,0.06887313278504115
KG20C,balanced1_max_global_rf,0.62,4618,0.16038635142872038,0.1710412335784137,0.06643259887627417
KG20C,balanced1_max_global_rf,0.64,4767,0.17126749896651963,0.1815893462011082,0.0602674021450289
KG20C,balanced1_max_global_rf,0.66,4916,0.19030940067681962,0.2003184010363159,0.052593305028023396
KG20C,balanced1_max_global_rf,0.68,5065,0.19871991603444625,0.2085977954321909,0.04970754615270878
KG20C,balanced1_max_global_rf,0.7,5214,0.19433917150776805,0.20398462534753706,0.049632062156771406
KG20C,balanced1_max_global_rf,0.72,5363,0.19385612850085024,0.2030277871460161,0.04731167756259835
KG20C,balanced1_max_global_rf,0.74,5512,0.1917364179517057,0.20098639625633027,0.04824319971886837
KG20C,balanced1_max_global_rf,0.76,5660,0.18950994845516098,0.1987399434481378,0.04870454067566121
KG20C,balanced1_max_global_rf,0.78,5809,0.18869306386304166,0.1977439519422789,0.047966193849110494
KG20C,balanced1_max_global_rf,0.8,5958,0.1882087032601553,0.19733831883029507,0.04850793513794205
KG20C,balanced1_max_global_rf,0.82,6107,0.1877906921436157,0.1969309925290168,0.04867280843936039
KG20C,balanced1_max_global_rf,0.84,6256,0.1875036517913226,0.1965035803617773,0.047998684209473064
KG20C,balanced1_max_global_rf,0.86,6405,0.18994917633561695,0.19909293905222172,0.04813794349099387
KG20C,balanced1_max_global_rf,0.88,6554,0.1911344685676105,0.20002972428621618,0.04653925472086762
KG20C,balanced1_max_global_rf,0.9,6703,0.1935966037736648,0.20228368471645272,0.044872073029463166
KG20C,balanced1_max_global_rf,0.92,6852,0.19492408867824754,0.2036105755156765,0.04456343439300281
KG20C,balanced1_max_global_rf,0.94,7001,0.20066943350197275,0.20913218389567087,0.04217259323460909
KG20C,balanced1_max_global_rf,0.96,7150,0.21044308221524216,0.21862708323738145,0.038889380140177954
KG20C,balanced1_max_global_rf,0.98,7299,0.21964339527651802,0.22757052239733971,0.036090896841409315
KG20C,balanced1_max_global_rf,1.0,7448,0.22638074035722042,0.23398674950607826,0.033598304947920266
WN18RR,balanced1_max_global_rf,0.02,121,0.40660400970989197,0.42984467784477726,0.05715799052613191
WN18RR,balanced1_max_global_rf,0.04,242,0.40135103495219704,0.4205239914317815,0.04777104033596924
WN18RR,balanced1_max_global_rf,0.06,363,0.41612372751523646,0.4316301555544235,0.03726398427645372
WN18RR,balanced1_max_global_rf,0.08,484,0.4218932358278908,0.43483899118747954,0.030684908550820955
WN18RR,balanced1_max_global_rf,0.1,606,0.43913419934045034,0.4494706325556672,0.02353821048495308
WN18RR,balanced1_max_global_rf,0.12,727,0.46767592324898893,0.4769282929454352,0.019783720385195824
WN18RR,balanced1_max_global_rf,0.14,848,0.42499449434776543,0.4340712316728308,0.02135730567285421
WN18RR,balanced1_max_global_rf,0.16,969,0.4045698135334909,0.4133692085634734,0.0217500039192966
WN18RR,balanced1_max_global_rf,0.18,1090,0.41416951743656805,0.4214246954092904,0.017517411753590784
WN18RR,balanced1_max_global_rf,0.2,1211,0.3998521714474962,0.4057099983140035,0.014649981380122412
WN18RR,balanced1_max_global_rf,0.22,1332,0.38057979128867003,0.38612162799119965,0.01456156325002067
WN18RR,balanced1_max_global_rf,0.24,1453,0.3624567354948835,0.36798861083588386,0.015262167313423891
WN18RR,balanced1_max_global_rf,0.26,1574,0.384248643710692,0.39127629394021346,0.0182893299548319
WN18RR,balanced1_max_global_rf,0.28,1695,0.4267099990189789,0.433235970382558,0.015293692152943628
WN18RR,balanced1_max_global_rf,0.3,1816,0.46259047012661114,0.46868161630572286,0.013167470089568756
WN18RR,balanced1_max_global_rf,0.32,1938,0.4930293756987562,0.49873707511117454,0.011576793785013306
WN18RR,balanced1_max_global_rf,0.34,2059,0.5215457203152989,0.5269179988297558,0.010300685644988317
WN18RR,balanced1_max_global_rf,0.36,2180,0.5472956002232083,0.5523696926366334,0.009271209948253922
WN18RR,balanced1_max_global_rf,0.38,2301,0.5686194817294986,0.5734267487704662,0.008454277764711637
WN18RR,balanced1_max_global_rf,0.4,2422,0.5879407094205484,0.5925078115928303,0.0077679638424477115
WN18RR,balanced1_max_global_rf,0.42,2543,0.6040356257460637,0.6083854179054293,0.007201217898353374
WN18RR,balanced1_max_global_rf,0.44,2664,0.6200581103471778,0.6242103331179236,0.006696505862040736
WN18RR,balanced1_max_global_rf,0.46,2785,0.6342099995370832,0.6381818205285614,0.006262627511987029
WN18RR,balanced1_max_global_rf,0.48,2906,0.648547503803776,0.6523539461510804,0.005869180476340441
WN18RR,balanced1_max_global_rf,0.5,3028,0.6609430058810162,0.6645960843028347,0.00552707024556387
WN18RR,balanced1_max_global_rf,0.52,3149,0.671966247048432,0.6754789563089167,0.00522750848857978
WN18RR,balanced1_max_global_rf,0.54,3270,0.6823051759755321,0.6856879042511489,0.004957793659970955
WN18RR,balanced1_max_global_rf,0.56,3391,0.6925511144500687,0.6958131378830581,0.004710155488782508
WN18RR,balanced1_max_global_rf,0.58,3512,0.7022532016775368,0.7054028376289224,0.004485043206441386
WN18RR,balanced1_max_global_rf,0.6,3633,0.7105893418857488,0.7136340766672702,0.00428480220860239
WN18RR,balanced1_max_global_rf,0.62,3754,0.7079089398268708,0.7108555360335259,0.004162394399731317
WN18RR,balanced1_max_global_rf,0.64,3875,0.6911674825124877,0.6938958116691404,0.003947421176029309
WN18RR,balanced1_max_global_rf,0.66,3996,0.6777005389930358,0.6803673283183886,0.003935055635805318
WN18RR,balanced1_max_global_rf,0.68,4117,0.6608604444326915,0.6634686669955877,0.003946707031520447
WN18RR,balanced1_max_global_rf,0.7,4238,0.6435518888633596,0.6460957632279111,0.003952865974870212
WN18RR,balanced1_max_global_rf,0.72,4360,0.6272234360827562,0.6297069085860165,0.003959470198962034
WN18RR,balanced1_max_global_rf,0.74,4481,0.6127546187248019,0.6151870426023748,0.003969654088670893
WN18RR,balanced1_max_global_rf,0.76,4602,0.6004168253212284,0.6028097745124854,0.003985479903859668
WN18RR,balanced1_max_global_rf,0.78,4723,0.588073804403126,0.5904251661626483,0.003998412685477293
WN18RR,balanced1_max_global_rf,0.8,4844,0.5750835494919404,0.5773872015912522,0.004005769424889616
WN18RR,balanced1_max_global_rf,0.82,4965,0.5632001332306541,0.5654618635942642,0.0040158555194869106
WN18RR,balanced1_max_global_rf,0.84,5086,0.5616814333483137,0.5639749239973048,0.004083258788383004
WN18RR,balanced1_max_global_rf,0.86,5207,0.5571336534217929,0.5593954166432508,0.004059642076127634
WN18RR,balanced1_max_global_rf,0.88,5328,0.5503428349483358,0.5525888283297363,0.004081080444358509
WN18RR,balanced1_max_global_rf,0.9,5450,0.5421958584752848,0.5444186459234746,0.004099602410170489
WN18RR,balanced1_max_global_rf,0.92,5571,0.532595441026971,0.5347840671249504,0.004109359430038095
WN18RR,balanced1_max_global_rf,0.94,5692,0.5285468520210783,0.5307361407081873,0.004142090107504215
WN18RR,balanced1_max_global_rf,0.96,5813,0.5248065433445499,0.52699737361671,0.0041745483167912045
WN18RR,balanced1_max_global_rf,0.98,5934,0.5171399850536755,0.5193057584390506,0.00418798284404609
WN18RR,balanced1_max_global_rf,1.0,6055,0.5112021246888967,0.5133269561687425,0.004156538827257084
YAGO3-10,balanced1_max_global_rf,0.02,200,0.5025776195877978,0.6378543520148425,0.2691658505167729
YAGO3-10,balanced1_max_global_rf,0.04,399,0.5286770054538165,0.6382455379920347,0.20725042210633804
YAGO3-10,balanced1_max_global_rf,0.06,598,0.5161499896017396,0.6211304306222338,0.20339134580143448
YAGO3-10,balanced1_max_global_rf,0.08,798,0.5124062935190613,0.5984546664354331,0.16792996886399636
YAGO3-10,balanced1_max_global_rf,0.1,998,0.5098327261452018,0.5840431636835608,0.1455584032422894
YAGO3-10,balanced1_max_global_rf,0.12,1197,0.5081754211316488,0.5759557244110093,0.1333797355417572
YAGO3-10,balanced1_max_global_rf,0.14,1397,0.5074516181286112,0.5694090866931131,0.12209532170375126
YAGO3-10,balanced1_max_global_rf,0.16,1596,0.5093769711259059,0.5675516915073833,0.11420759806414171
YAGO3-10,balanced1_max_global_rf,0.18,1796,0.5087812480788338,0.5643033352328282,0.10912762088549166
YAGO3-10,balanced1_max_global_rf,0.2,1995,0.5007761545894344,0.5527929214248871,0.10387229175897783
YAGO3-10,balanced1_max_global_rf,0.22,2194,0.5011482691190144,0.5504800277397757,0.09843745186925057
YAGO3-10,balanced1_max_global_rf,0.24,2394,0.5056165122072104,0.5553664145723899,0.09839453649961327
YAGO3-10,balanced1_max_global_rf,0.26,2594,0.5214868232791168,0.569387475828786,0.09185400361310991
YAGO3-10,balanced1_max_global_rf,0.28,2793,0.5228470920263785,0.5699297554691706,0.09005054089583941
YAGO3-10,balanced1_max_global_rf,0.3,2992,0.5115451889103123,0.5577681847814384,0.09035955546681973
YAGO3-10,balanced1_max_global_rf,0.32,3192,0.5120862905362605,0.5552945330636728,0.08437687812763794
YAGO3-10,balanced1_max_global_rf,0.34,3392,0.5148577532504105,0.5568046382982353,0.08147276559982819
YAGO3-10,balanced1_max_global_rf,0.36,3591,0.5227755770966911,0.5642891681128067,0.079409966407894
YAGO3-10,balanced1_max_global_rf,0.38,3790,0.5270498484491886,0.5670212152181143,0.07583982214687857
YAGO3-10,balanced1_max_global_rf,0.4,3990,0.5299400876473092,0.5682453685202852,0.07228228580146467
YAGO3-10,balanced1_max_global_rf,0.42,4190,0.5346967871359903,0.5720533380025643,0.0698649248795149
YAGO3-10,balanced1_max_global_rf,0.44,4389,0.5353945806127134,0.5715330229537815,0.0674987077749476
YAGO3-10,balanced1_max_global_rf,0.46,4588,0.5127534296135818,0.5473234206620655,0.06742030194617343
YAGO3-10,balanced1_max_global_rf,0.48,4788,0.5119727892051047,0.5451035806616332,0.06471201625376977
YAGO3-10,balanced1_max_global_rf,0.5,4988,0.5181833725675696,0.550473090839847,0.06231330448193195
YAGO3-10,balanced1_max_global_rf,0.52,5187,0.5169886422009502,0.548795721886657,0.0615237494392451
YAGO3-10,balanced1_max_global_rf,0.54,5386,0.5204363052604805,0.5520661455282526,0.06077562220018695
YAGO3-10,balanced1_max_global_rf,0.56,5586,0.5256562304751533,0.5562183443332985,0.05814087627291964
YAGO3-10,balanced1_max_global_rf,0.58,5786,0.5341149336149695,0.5638953383454032,0.055756547619583374
YAGO3-10,balanced1_max_global_rf,0.6,5985,0.5438256779205457,0.5725160413682945,0.05275654426148768
YAGO3-10,balanced1_max_global_rf,0.62,6184,0.5530361195564325,0.5803108749971257,0.04931821715834617
YAGO3-10,balanced1_max_global_rf,0.64,6384,0.5553910059800967,0.5821457875682002,0.04817287514566315
YAGO3-10,balanced1_max_global_rf,0.66,6584,0.557791077602336,0.5840242346157727,0.047030434990462444
YAGO3-10,balanced1_max_global_rf,0.68,6783,0.5600091543135222,0.5855214132147504,0.04555686046329366
YAGO3-10,balanced1_max_global_rf,0.7,6982,0.5643799630803933,0.5896923061705758,0.04484982590811226
YAGO3-10,balanced1_max_global_rf,0.72,7182,0.5595553093118104,0.584136481840292,0.04392983520916571
YAGO3-10,balanced1_max_global_rf,0.74,7382,0.5539111515696198,0.5778230657297827,0.043169223245286936
YAGO3-10,balanced1_max_global_rf,0.76,7581,0.5485693770578566,0.5719627952729114,0.04264441143346498
YAGO3-10,balanced1_max_global_rf,0.78,7780,0.5559922855700141,0.5788024498622607,0.041026044576969456
YAGO3-10,balanced1_max_global_rf,0.8,7980,0.554460422200814,0.5766835112429645,0.04008056869765486
YAGO3-10,balanced1_max_global_rf,0.82,8179,0.5481483439877727,0.5700870464488201,0.0400232942444807
YAGO3-10,balanced1_max_global_rf,0.84,8379,0.539483745141738,0.5608987883961725,0.03969543743863513
YAGO3-10,balanced1_max_global_rf,0.86,8578,0.529454884342769,0.5503774942085777,0.039517266691723396
YAGO3-10,balanced1_max_global_rf,0.88,8778,0.5261003762018365,0.5470905173608668,0.039897597699070086
YAGO3-10,balanced1_max_global_rf,0.9,8978,0.5330525842936319,0.5539454754493126,0.039194803235719666
YAGO3-10,balanced1_max_global_rf,0.92,9177,0.533057248205267,0.5534481090413694,0.038252665928013796
YAGO3-10,balanced1_max_global_rf,0.94,9376,0.5401783466909836,0.5603313028312623,0.037307967384718976
YAGO3-10,balanced1_max_global_rf,0.96,9576,0.5485930040025482,0.5683444653743678,0.03600385208654222
YAGO3-10,balanced1_max_global_rf,0.98,9776,0.556077457051852,0.5752240238064645,0.034431474449839516
YAGO3-10,balanced1_max_global_rf,1.0,9975,0.5616723217905851,0.5802260659200454,0.03303303974515215
codex-l,balanced1_max_global_rf,0.02,1223,0.3929715008198517,0.4189721688826442,0.06616425875298249
codex-l,balanced1_max_global_rf,0.04,2445,0.3546956748364657,0.37247056755620944,0.050113079974654307
codex-l,balanced1_max_global_rf,0.06,3668,0.34521007051858527,0.35765060058650716,0.036037564168488245
codex-l,balanced1_max_global_rf,0.08,4890,0.36925840128003373,0.3799761463285967,0.029025054031025288
codex-l,balanced1_max_global_rf,0.1,6113,0.3638120769514221,0.3727956293245724,0.024692837160405157
codex-l,balanced1_max_global_rf,0.12,7335,0.3625292007482376,0.37084189336000445,0.022929718749855166
codex-l,balanced1_max_global_rf,0.14,8558,0.3752380111691688,0.3836093966999212,0.022309534966004296
codex-l,balanced1_max_global_rf,0.16,9781,0.37892667093286336,0.3863694311543115,0.019641690048169735
codex-l,balanced1_max_global_rf,0.18,11003,0.37674915505209267,0.3836234013965237,0.018246215690863377
codex-l,balanced1_max_global_rf,0.2,12226,0.3756803921956786,0.38257117957611003,0.018342153393095417
codex-l,balanced1_max_global_rf,0.22,13448,0.3824370073742877,0.3895770558019069,0.01866986795195591
codex-l,balanced1_max_global_rf,0.24,14671,0.3836182069112381,0.3907570613906087,0.018609269192018107
codex-l,balanced1_max_global_rf,0.26,15894,0.3859478491027751,0.39343398416181014,0.019396752894045965
codex-l,balanced1_max_global_rf,0.28,17116,0.3849497644517035,0.3926104135321053,0.019900386460329766
codex-l,balanced1_max_global_rf,0.3,18339,0.37056601851393856,0.3778578675215346,0.0196775976298047
codex-l,balanced1_max_global_rf,0.32,19561,0.3656372651624373,0.3728471089877784,0.019718569501218974
codex-l,balanced1_max_global_rf,0.34,20784,0.34986119647806113,0.3566456677346815,0.01939189405660713
codex-l,balanced1_max_global_rf,0.36,22006,0.33947987822354153,0.34592945587577095,0.018998409231143043
codex-l,balanced1_max_global_rf,0.38,23229,0.3476240774065212,0.35363753574035633,0.01729873942765714
codex-l,balanced1_max_global_rf,0.4,24452,0.34960226533571415,0.3555195738532913,0.016925830019707933
codex-l,balanced1_max_global_rf,0.42,25674,0.34949147710058526,0.35523602152047057,0.016436865549748436
codex-l,balanced1_max_global_rf,0.44,26897,0.355741071000292,0.3621813181814239,0.01810374934505843
codex-l,balanced1_max_global_rf,0.46,28119,0.34836124040079414,0.35461586474294193,0.0179544209193645
codex-l,balanced1_max_global_rf,0.48,29342,0.34223472551367756,0.348311561779579,0.017756340350268074
codex-l,balanced1_max_global_rf,0.5,30564,0.33209627542695075,0.33793014958328105,0.017566815974765504
codex-l,balanced1_max_global_rf,0.52,31787,0.3272508612862414,0.33293711577022495,0.0173758274054161
codex-l,balanced1_max_global_rf,0.54,33010,0.33360006578158746,0.33918240682534506,0.016733632922639963
codex-l,balanced1_max_global_rf,0.56,34232,0.34586576351228104,0.35143554549821887,0.016103883568516553
codex-l,balanced1_max_global_rf,0.58,35455,0.3419963185549325,0.34735730698452866,0.015675573503973306
codex-l,balanced1_max_global_rf,0.6,36677,0.3449855120713825,0.35015530619273466,0.014985539799371228
codex-l,balanced1_max_global_rf,0.62,37900,0.33657646890701265,0.3417663196610551,0.015419529389252284
codex-l,balanced1_max_global_rf,0.64,39123,0.3404164067092422,0.3456128438311733,0.015264943226926952
codex-l,balanced1_max_global_rf,0.66,40345,0.3319946704776413,0.33704799358451726,0.015221097072449119
codex-l,balanced1_max_global_rf,0.68,41568,0.32949145335551866,0.33441089624254866,0.014930411204693517
codex-l,balanced1_max_global_rf,0.7,42790,0.32606238274980465,0.33091305583613606,0.014876518552750184
codex-l,balanced1_max_global_rf,0.72,44013,0.3180429801588413,0.3227723734490709,0.014870296108618897
codex-l,balanced1_max_global_rf,0.74,45235,0.31623359724244743,0.32092378936042953,0.014831416265951969
codex-l,balanced1_max_global_rf,0.76,46458,0.31465713552943086,0.3192463803191303,0.01458490614547081
codex-l,balanced1_max_global_rf,0.78,47681,0.3128544245442796,0.3175666370487435,0.015061997321367482
codex-l,balanced1_max_global_rf,0.8,48903,0.31884986536853377,0.3237560287013682,0.015387064150595764
codex-l,balanced1_max_global_rf,0.82,50126,0.32341943200468226,0.328504149966616,0.01572174538312865
codex-l,balanced1_max_global_rf,0.84,51348,0.32520152392266855,0.3301656531397044,0.01526477845846852
codex-l,balanced1_max_global_rf,0.86,52571,0.3191000751477728,0.3243551568674462,0.01646844400534797
codex-l,balanced1_max_global_rf,0.88,53794,0.31308141233558845,0.3184573264900737,0.017170978354738242
codex-l,balanced1_max_global_rf,0.9,55016,0.3225509193291112,0.32796809758403206,0.016794800232435625
codex-l,balanced1_max_global_rf,0.92,56239,0.33428985049959115,0.33968845599194986,0.016149474727666924
codex-l,balanced1_max_global_rf,0.94,57461,0.3448046522713025,0.3502120112220736,0.01568238396770938
codex-l,balanced1_max_global_rf,0.96,58684,0.34086701521439006,0.3461341811238898,0.015452260484009939
codex-l,balanced1_max_global_rf,0.98,59906,0.3353565441691349,0.3404819918354458,0.015283577301315132
codex-l,balanced1_max_global_rf,1.0,61129,0.32990176871301513,0.33484279266174394,0.014977258133547888
codex-m,balanced1_max_global_rf,0.02,412,0.46995828221997465,0.47294836965303005,0.006362452894607795
codex-m,balanced1_max_global_rf,0.04,824,0.4736412860142358,0.4758762771112877,0.0047187421431516
codex-m,balanced1_max_global_rf,0.06,1236,0.42123676952680095,0.425026398313401,0.008996433979059137
codex-m,balanced1_max_global_rf,0.08,1648,0.3872128122578703,0.3922897640463571,0.013111528409617268
codex-m,balanced1_max_global_rf,0.1,2059,0.3620174917149993,0.36619648545697675,0.0115436238237554
codex-m,balanced1_max_global_rf,0.12,2471,0.34883991488569,0.3527320931903327,0.01115749126907728
codex-m,balanced1_max_global_rf,0.14,2883,0.326963242816308,0.330205989597794,0.009917771653946472
codex-m,balanced1_max_global_rf,0.16,3295,0.32078771444890236,0.3233582247272568,0.008013119463662788
codex-m,balanced1_max_global_rf,0.18,3707,0.32038529796506016,0.323049907283127,0.008316890116341735
codex-m,balanced1_max_global_rf,0.2,4119,0.32073328861199973,0.3234287280898264,0.008403990398038852
codex-m,balanced1_max_global_rf,0.22,4531,0.3287633031849696,0.3319381295438157,0.009656875716021807
codex-m,balanced1_max_global_rf,0.24,4943,0.3302395725888082,0.3330797844179845,0.008600458772736852
codex-m,balanced1_max_global_rf,0.26,5354,0.31737605180273853,0.3200276476284377,0.008354744507778067
codex-m,balanced1_max_global_rf,0.28,5766,0.31523267569070074,0.31760748392693194,0.007533509116806503
codex-m,balanced1_max_global_rf,0.3,6178,0.33343713219945553,0.3357936137761026,0.007067244014195451
codex-m,balanced1_max_global_rf,0.32,6590,0.33538029766842725,0.3378027893778138,0.0072231187288811505
codex-m,balanced1_max_global_rf,0.34,7002,0.33286274821154965,0.3357694416988775,0.008732408486516796
codex-m,balanced1_max_global_rf,0.36,7414,0.33559829423440124,0.3386949211318176,0.009227183065636968
codex-m,balanced1_max_global_rf,0.38,7826,0.3440596061204174,0.3467059007533625,0.007691384242353827
codex-m,balanced1_max_global_rf,0.4,8238,0.3459833033279927,0.34843776431226936,0.007094160211395639
codex-m,balanced1_max_global_rf,0.42,8649,0.3655517104220686,0.3683608684535118,0.0076847076661186176
codex-m,balanced1_max_global_rf,0.44,9061,0.3701097169312661,0.37284503607299657,0.007390562896889552
codex-m,balanced1_max_global_rf,0.46,9473,0.3639336001884602,0.3668079456410562,0.007897994170110945
codex-m,balanced1_max_global_rf,0.48,9885,0.3559573912770874,0.3601595368295677,0.011805192574886547
codex-m,balanced1_max_global_rf,0.5,10297,0.34690311738265656,0.3516791564743496,0.013767645352188662
codex-m,balanced1_max_global_rf,0.52,10709,0.3602313907460807,0.36501723756376714,0.013285479668427636
codex-m,balanced1_max_global_rf,0.54,11121,0.37736953896137454,0.38223901171741065,0.012903725005039446
codex-m,balanced1_max_global_rf,0.56,11533,0.3716105932945394,0.3762297063760214,0.012429982257854633
codex-m,balanced1_max_global_rf,0.58,11945,0.3598482672245969,0.3644177015175323,0.012698225082971915
codex-m,balanced1_max_global_rf,0.6,12356,0.3497449247372186,0.35422762748771996,0.012817063046359989
codex-m,balanced1_max_global_rf,0.62,12768,0.3393185501925552,0.34373725838598096,0.01302230069920518
codex-m,balanced1_max_global_rf,0.64,13180,0.329407223114655,0.3336787020799002,0.012967168493929648
codex-m,balanced1_max_global_rf,0.66,13592,0.3205065262518393,0.3246899116821248,0.013052418867122828
codex-m,balanced1_max_global_rf,0.68,14004,0.31181093899692697,0.3158739971267004,0.013030518245588096
codex-m,balanced1_max_global_rf,0.7,14416,0.30448511226450176,0.30841648915937386,0.012911557040125476
codex-m,balanced1_max_global_rf,0.72,14828,0.2978467047414379,0.3016821246824094,0.012877160901615836
codex-m,balanced1_max_global_rf,0.74,15240,0.30339669520219903,0.30705436576648354,0.01205573634164625
codex-m,balanced1_max_global_rf,0.76,15651,0.3094344066670452,0.3129054750240418,0.011217460897073206
codex-m,balanced1_max_global_rf,0.78,16063,0.31573396351905575,0.3190836536056095,0.01060921685212235
codex-m,balanced1_max_global_rf,0.8,16475,0.3225364323625628,0.32579136951715354,0.010091688342766414
codex-m,balanced1_max_global_rf,0.82,16887,0.3281574245980263,0.33139659019948225,0.009870767377650358
codex-m,balanced1_max_global_rf,0.84,17299,0.3346567933555173,0.33781952051844033,0.009450658781527066
codex-m,balanced1_max_global_rf,0.86,17711,0.3401625175963673,0.34324753420682097,0.0090692432318904
codex-m,balanced1_max_global_rf,0.88,18123,0.34426305228383225,0.34728947523906484,0.008791018772288828
codex-m,balanced1_max_global_rf,0.9,18535,0.3472440796603826,0.35010934169167374,0.008251435227041082
codex-m,balanced1_max_global_rf,0.92,18946,0.34428324019184686,0.3470950960290551,0.008167274816053727
codex-m,balanced1_max_global_rf,0.94,19358,0.34881829275441084,0.35159636526941357,0.007964239756653724
codex-m,balanced1_max_global_rf,0.96,19770,0.35110161153750324,0.35380000894816205,0.007685517018398924
codex-m,balanced1_max_global_rf,0.98,20182,0.3466612326469702,0.3493045443509006,0.007625057130695279
codex-m,balanced1_max_global_rf,1.0,20594,0.34234153499948855,0.3449297847479118,0.0075604315685127155
hetionet,balanced1_max_global_rf,0.02,9001,0.5028065710665665,0.6773128728158373,0.347064481236002
hetionet,balanced1_max_global_rf,0.04,18002,0.5429893138040311,0.6737081192971708,0.2407391861496504
hetionet,balanced1_max_global_rf,0.06,27002,0.5394091194079486,0.6476458271134511,0.2006579121693426
hetionet,balanced1_max_global_rf,0.08,36003,0.5458662382838272,0.6440591384403367,0.1798845454615814
hetionet,balanced1_max_global_rf,0.1,45004,0.548483892546259,0.6375155473196198,0.16232318940132218
hetionet,balanced1_max_global_rf,0.12,54005,0.5519452464534607,0.6352427425840235,0.1509162306692433
hetionet,balanced1_max_global_rf,0.14,63006,0.5572018952681187,0.6332173255201664,0.13642349550062094
hetionet,balanced1_max_global_rf,0.16,72006,0.5538616933906897,0.6232957102551253,0.12536345750753597
hetionet,balanced1_max_global_rf,0.18,81007,0.5532249615179098,0.6201568332510848,0.1209849091941384
hetionet,balanced1_max_global_rf,0.2,90008,0.554063273997429,0.6179879563000628,0.11537433593357127
hetionet,balanced1_max_global_rf,0.22,99009,0.5532294972877673,0.6147959028995647,0.1112854717863554
hetionet,balanced1_max_global_rf,0.24,108010,0.5531452522628245,0.611927501321066,0.10626910168309878
hetionet,balanced1_max_global_rf,0.26,117010,0.5523262385163077,0.6091940583045725,0.10296056175246471
hetionet,balanced1_max_global_rf,0.28,126011,0.5544899876497495,0.6085376408519395,0.09747273062814954
hetionet,balanced1_max_global_rf,0.3,135012,0.5520399568496709,0.6033369351859639,0.09292258232362327
hetionet,balanced1_max_global_rf,0.32,144013,0.5535974672333924,0.6020398032084291,0.08750461994908965
hetionet,balanced1_max_global_rf,0.34,153014,0.5566061867283777,0.6027415546719733,0.08288691186630581
hetionet,balanced1_max_global_rf,0.36,162014,0.5518127191256419,0.5952022956938449,0.07863098305699556
hetionet,balanced1_max_global_rf,0.38,171015,0.5417673490972306,0.5825882152316273,0.07534759376403577
hetionet,balanced1_max_global_rf,0.4,180016,0.5402219592245447,0.5829200213841162,0.07903799804965717
hetionet,balanced1_max_global_rf,0.42,189017,0.5405679240037183,0.5836683094291562,0.07973167387775182
hetionet,balanced1_max_global_rf,0.44,198018,0.5334136211435319,0.5757089591619372,0.07929182222181086
hetionet,balanced1_max_global_rf,0.46,207018,0.5112643638157289,0.5517160145380224,0.07912081026025342
hetionet,balanced1_max_global_rf,0.48,216019,0.4908978667801306,0.529662686463158,0.07896717893131489
hetionet,balanced1_max_global_rf,0.5,225020,0.47225578988517974,0.50949180068875,0.07884712395505722
hetionet,balanced1_max_global_rf,0.52,234021,0.45616381613455464,0.49197393554542623,0.07850276182429305
hetionet,balanced1_max_global_rf,0.54,243022,0.44127982450871,0.4757720176971693,0.07816399316887068
hetionet,balanced1_max_global_rf,0.56,252022,0.42865196875091716,0.46196520891271103,0.0777162887152203
hetionet,balanced1_max_global_rf,0.58,261023,0.4372607971656632,0.46975570952855716,0.0743147169230054
hetionet,balanced1_max_global_rf,0.6,270024,0.44491413527677565,0.4763993165599479,0.07076687114826252
hetionet,balanced1_max_global_rf,0.62,279025,0.45267911316006304,0.48368339795460463,0.06849064578682862
hetionet,balanced1_max_global_rf,0.64,288026,0.4591823121007499,0.4889861775007385,0.06490638819173267
hetionet,balanced1_max_global_rf,0.66,297026,0.4654666744031436,0.49451909539906125,0.06241568428753963
hetionet,balanced1_max_global_rf,0.68,306027,0.46939748462365527,0.49745624634162383,0.059776122874763526
hetionet,balanced1_max_global_rf,0.7,315028,0.45767793189822437,0.4844271074932893,0.058445412659776874
hetionet,balanced1_max_global_rf,0.72,324029,0.44627798809333824,0.4720335325467367,0.05771188617981249
hetionet,balanced1_max_global_rf,0.74,333030,0.43534242675605467,0.46021526512463506,0.057133963610943805
hetionet,balanced1_max_global_rf,0.76,342030,0.4253832143424088,0.4491387041281766,0.055844915795492556
hetionet,balanced1_max_global_rf,0.78,351031,0.4154184485344383,0.4381821049847639,0.05479693193846802
hetionet,balanced1_max_global_rf,0.8,360032,0.40685152427084254,0.4289769095864928,0.05438196490796798
hetionet,balanced1_max_global_rf,0.82,369033,0.40513599313319215,0.42669688276125867,0.053218894379937653
hetionet,balanced1_max_global_rf,0.84,378034,0.40115287487061235,0.4221792393452024,0.05241484180157463
hetionet,balanced1_max_global_rf,0.86,387034,0.39268883010347333,0.4132450041365242,0.05234723388397455
hetionet,balanced1_max_global_rf,0.88,396035,0.38694702825501126,0.4070776856039597,0.05202432343189267
hetionet,balanced1_max_global_rf,0.9,405036,0.3837545935515147,0.4033890331145289,0.05116405091416443
hetionet,balanced1_max_global_rf,0.92,414037,0.3809212329008728,0.4000285455182422,0.050160796949698216
hetionet,balanced1_max_global_rf,0.94,423038,0.37821721967328137,0.3968731500881836,0.04932596784201926
hetionet,balanced1_max_global_rf,0.96,432038,0.3740468473925307,0.3923951637997477,0.04905352507345695
hetionet,balanced1_max_global_rf,0.98,441039,0.374815130130379,0.3928122799765422,0.04801607085579218
hetionet,balanced1_max_global_rf,1.0,450040,0.37318845483349955,0.39032189792982713,0.045910967701216165
FB15k-237,balanced1_eff_global_rf,0.02,816,0.30008198773511613,0.31365159404021903,0.0452196628245507
FB15k-237,balanced1_eff_global_rf,0.04,1633,0.23562652807852855,0.24528073175270823,0.040972481973515995
FB15k-237,balanced1_eff_global_rf,0.06,2449,0.227525299859089,0.2358747869138968,0.0366969609972112
FB15k-237,balanced1_eff_global_rf,0.08,3266,0.23769554927574696,0.24484376715775363,0.03007299843765332
FB15k-237,balanced1_eff_global_rf,0.1,4082,0.23741452139984578,0.24349433647570323,0.02560843810230984
FB15k-237,balanced1_eff_global_rf,0.12,4898,0.2253765028901164,0.23046462930562855,0.02257611752008093
FB15k-237,balanced1_eff_global_rf,0.14,5715,0.22742712063388862,0.2318779139061296,0.01957019576133079
FB15k-237,balanced1_eff_global_rf,0.16,6531,0.22845230427300123,0.2322642135345124,0.01668579913711854
FB15k-237,balanced1_eff_global_rf,0.18,7347,0.22913241006816953,0.23303245263128647,0.017020911890887058
FB15k-237,balanced1_eff_global_rf,0.2,8164,0.23789233296570522,0.24161072409008816,0.015630563112426943
FB15k-237,balanced1_eff_global_rf,0.22,8980,0.24209383034316334,0.24662675562133554,0.018723836422212203
FB15k-237,balanced1_eff_global_rf,0.24,9797,0.24237965865110225,0.24659490023658331,0.01739106989810879
FB15k-237,balanced1_eff_global_rf,0.26,10613,0.23894072872961497,0.24313355481346446,0.01754755711235023
FB15k-237,balanced1_eff_global_rf,0.28,11429,0.2413725960875341,0.2452662696224519,0.016131381929975763
FB15k-237,balanced1_eff_global_rf,0.3,12246,0.24728695041157758,0.2515574523552199,0.01726941893429723
FB15k-237,balanced1_eff_global_rf,0.32,13062,0.24904771001282588,0.25301465792804023,0.015928465734577735
FB15k-237,balanced1_eff_global_rf,0.34,13878,0.25011602037398983,0.25411228318822304,0.01597763633156224
FB15k-237,balanced1_eff_global_rf,0.36,14695,0.2535595299863074,0.25766554313518203,0.016193487774237347
FB15k-237,balanced1_eff_global_rf,0.38,15511,0.261111628437468,0.2650213236421266,0.01497327111800728
FB15k-237,balanced1_eff_global_rf,0.4,16328,0.2664770789819763,0.27050864083325354,0.01512911304296427
FB15k-237,balanced1_eff_global_rf,0.42,17144,0.27264956759918574,0.2771361135123592,0.016455356788861675
FB15k-237,balanced1_eff_global_rf,0.44,17960,0.2774009967323109,0.28205275793672197,0.01676908612156125
FB15k-237,balanced1_eff_global_rf,0.46,18777,0.2784293159875584,0.2833725542058556,0.017754014877219726
FB15k-237,balanced1_eff_global_rf,0.48,19593,0.2796964185351548,0.28447483071585405,0.01708428089900149
FB15k-237,balanced1_eff_global_rf,0.5,20410,0.2796691972109943,0.2844918377936357,0.017244089198006796
FB15k-237,balanced1_eff_global_rf,0.52,21226,0.2766679781267759,0.2813297842721608,0.016849821858490488
FB15k-237,balanced1_eff_global_rf,0.54,22042,0.27564960820914397,0.2802621580667742,0.016733380785836305
FB15k-237,balanced1_eff_global_rf,0.56,22859,0.27527708197322076,0.2797056664701043,0.016087734093731765
FB15k-237,balanced1_eff_global_rf,0.58,23675,0.2756419978865375,0.28010100984825825,0.016176823546157237
FB15k-237,balanced1_eff_global_rf,0.6,24491,0.2787178577873758,0.2829880843936855,0.015320965223431404
FB15k-237,balanced1_eff_global_rf,0.62,25308,0.2831807206004291,0.2874459201456001,0.015061758216193155
FB15k-237,balanced1_eff_global_rf,0.64,26124,0.29003588145824016,0.29415290533401856,0.01419487773401995
FB15k-237,balanced1_eff_global_rf,0.66,26941,0.29678042632880325,0.30084292305001903,0.013688560163718222
FB15k-237,balanced1_eff_global_rf,0.68,27757,0.30074392556908214,0.30469567451302704,0.013139912756233496
FB15k-237,balanced1_eff_global_rf,0.7,28573,0.3030676116210918,0.30697808160483564,0.012902962354924608
FB15k-237,balanced1_eff_global_rf,0.72,29390,0.30782077943825153,0.31174064320193295,0.012734240264204555
FB15k-237,balanced1_eff_global_rf,0.74,30206,0.3100377578680489,0.3139686827919653,0.01267885870078267
FB15k-237,balanced1_eff_global_rf,0.76,31022,0.3117446015482251,0.3155536211992446,0.012218398112117113
FB15k-237,balanced1_eff_global_rf,0.78,31839,0.3120590245037058,0.31573959288219106,0.011794462231428104
FB15k-237,balanced1_eff_global_rf,0.8,32655,0.31008413658323875,0.3137988758598435,0.011979778512815287
FB15k-237,balanced1_eff_global_rf,0.82,33472,0.3094029640983053,0.31340249045175284,0.012926593528615138
FB15k-237,balanced1_eff_global_rf,0.84,34288,0.3088134199364041,0.31301169865055095,0.013594871346625625
FB15k-237,balanced1_eff_global_rf,0.86,35104,0.31310054923441705,0.3171902424250615,0.013061916373651838
FB15k-237,balanced1_eff_global_rf,0.88,35921,0.3159825626722818,0.3199155986330444,0.012447003174797633
FB15k-237,balanced1_eff_global_rf,0.9,36737,0.31635820491846917,0.3201779583242159,0.01207414047228883
FB15k-237,balanced1_eff_global_rf,0.92,37553,0.3191194724169537,0.32287072000898664,0.011754994339961966
FB15k-237,balanced1_eff_global_rf,0.94,38370,0.3319011210577974,0.3355732290656937,0.01106386141810245
FB15k-237,balanced1_eff_global_rf,0.96,39186,0.34464388645374155,0.34823891974979554,0.010431153539514515
FB15k-237,balanced1_eff_global_rf,0.98,40003,0.35269268801701886,0.3561795147565981,0.009886302886469078
FB15k-237,balanced1_eff_global_rf,1.0,40819,0.3528119855172369,0.35605305507138224,0.009186393000208737
KG20C,balanced1_eff_global_rf,0.02,149,0.08860671147735685,0.1002949650891824,0.13191160598271878
KG20C,balanced1_eff_global_rf,0.04,298,0.09310010750904432,0.10090801627384584,0.08386573306634482
KG20C,balanced1_eff_global_rf,0.06,447,0.10530835211521647,0.11135659659671339,0.057433663712443295
KG20C,balanced1_eff_global_rf,0.08,596,0.10362314803756352,0.10888183486305968,0.05074818633757272
KG20C,balanced1_eff_global_rf,0.1,745,0.10110804433990864,0.1051321002208225,0.03979956201492385
KG20C,balanced1_eff_global_rf,0.12,894,0.10410960945324928,0.1095801005891232,0.05254549666071373
KG20C,balanced1_eff_global_rf,0.14,1043,0.12047188760631881,0.12876791663724385,0.06886277948956043
KG20C,balanced1_eff_global_rf,0.16,1192,0.1296519289872216,0.13778179425516335,0.0627053167002476
KG20C,balanced1_eff_global_rf,0.18,1341,0.13144994664115647,0.140573997843602,0.06941083990968178
KG20C,balanced1_eff_global_rf,0.2,1490,0.13077519912835628,0.1395334499446384,0.06697180256392388
KG20C,balanced1_eff_global_rf,0.22,1639,0.13367391489614855,0.14173001176386374,0.060266783343436714
KG20C,balanced1_eff_global_rf,0.24,1788,0.13644754225675465,0.14378807649535602,0.05379748229388115
KG20C,balanced1_eff_global_rf,0.26,1936,0.14092813648024696,0.14827412368117418,0.05212576696461779
KG20C,balanced1_eff_global_rf,0.28,2085,0.14216109820135184,0.15019192566903342,0.05649103425120572
KG20C,balanced1_eff_global_rf,0.3,2234,0.14687398031615473,0.15518358354359832,0.056576414757445015
KG20C,balanced1_eff_global_rf,0.32,2383,0.15354018293330698,0.16270753201236499,0.05970651398168525
KG20C,balanced1_eff_global_rf,0.34,2532,0.16043931933985292,0.1695686219549533,0.05690190317849786
KG20C,balanced1_eff_global_rf,0.36,2681,0.15735515407621975,0.16592187110920426,0.05444192205382081
KG20C,balanced1_eff_global_rf,0.38,2830,0.15956599085891257,0.16886908189137495,0.05830246772752545
KG20C,balanced1_eff_global_rf,0.4,2979,0.1618858474274846,0.17145867097371528,0.05913317129540152
KG20C,balanced1_eff_global_rf,0.42,3128,0.16510544283042633,0.17525191040719124,0.06145447056633957
KG20C,balanced1_eff_global_rf,0.44,3277,0.161721117374454,0.17108426362818502,0.05789686842226871
KG20C,balanced1_eff_global_rf,0.46,3426,0.1566993378074412,0.1655896804819533,0.05673503665622981
KG20C,balanced1_eff_global_rf,0.48,3575,0.15618493958238777,0.1652688438479676,0.05816120485027976
KG20C,balanced1_eff_global_rf,0.5,3724,0.1589181090029137,0.16834954168330854,0.05934775300039541
KG20C,balanced1_eff_global_rf,0.52,3873,0.16631974847418432,0.17638480449472554,0.060516301358545466
KG20C,balanced1_eff_global_rf,0.54,4022,0.16847380061778242,0.1781633592306054,0.057513741467765334
KG20C,balanced1_eff_global_rf,0.56,4171,0.16806315717014939,0.17738058189629252,0.055440019591623146
KG20C,balanced1_eff_global_rf,0.58,4320,0.16810293222925862,0.17733099969161606,0.05489533906387911
KG20C,balanced1_eff_global_rf,0.6,4469,0.1673055989165688,0.17629952443167118,0.053757468807648534
KG20C,balanced1_eff_global_rf,0.62,4618,0.17072831480028156,0.18020821997926176,0.05552626223757806
KG20C,balanced1_eff_global_rf,0.64,4767,0.17424762374619712,0.1840443301757792,0.056222898303919466
KG20C,balanced1_eff_global_rf,0.66,4916,0.17946489664374363,0.18934321087446843,0.05504315560014095
KG20C,balanced1_eff_global_rf,0.68,5065,0.17967785698705055,0.18953122483740037,0.05483907708816882
KG20C,balanced1_eff_global_rf,0.7,5214,0.18510884441431769,0.19531095927291886,0.05511414049869168
KG20C,balanced1_eff_global_rf,0.72,5363,0.18861434911593003,0.19879684488593333,0.05398579597856967
KG20C,balanced1_eff_global_rf,0.74,5512,0.19211801841707174,0.20234261118605973,0.053220373878681615
KG20C,balanced1_eff_global_rf,0.76,5660,0.19198900984941952,0.2020030849929298,0.05215962700867349
KG20C,balanced1_eff_global_rf,0.78,5809,0.19314552267650123,0.20255927738247817,0.04873918160528112
KG20C,balanced1_eff_global_rf,0.8,5958,0.19548303613136614,0.20489560329112255,0.0481503016631637
KG20C,balanced1_eff_global_rf,0.82,6107,0.1951331207674803,0.20415201879751552,0.0462192066347471
KG20C,balanced1_eff_global_rf,0.84,6256,0.1948296405425442,0.20352263061048007,0.0446184166009258
KG20C,balanced1_eff_global_rf,0.86,6405,0.19577525373704427,0.20432383931278578,0.04366530198563057
KG20C,balanced1_eff_global_rf,0.88,6554,0.19694519395725457,0.2052703910883247,0.042271644023347266
KG20C,balanced1_eff_global_rf,0.9,6703,0.1972960343901591,0.20542728694553494,0.04121346169227125
KG20C,balanced1_eff_global_rf,0.92,6852,0.19869622046231944,0.2068598017363782,0.041085740106500346
KG20C,balanced1_eff_global_rf,0.94,7001,0.20418289259044856,0.21217720956513836,0.039152726623012724
KG20C,balanced1_eff_global_rf,0.96,7150,0.20638593384089668,0.21430894868574887,0.03838931606143303
KG20C,balanced1_eff_global_rf,0.98,7299,0.21755827368965944,0.22531955004815965,0.035674471151446285
KG20C,balanced1_eff_global_rf,1.0,7448,0.22638074035722044,0.23398674950607826,0.033598304947920044
WN18RR,balanced1_eff_global_rf,0.02,121,0.23629324412335198,0.23843732571142778,0.009073816714609606
WN18RR,balanced1_eff_global_rf,0.04,242,0.22535893005293084,0.22983672010752748,0.019869592270183922
WN18RR,balanced1_eff_global_rf,0.06,363,0.23634729413501923,0.24060905019717463,0.018031753135793416
WN18RR,balanced1_eff_global_rf,0.08,484,0.2856443490958707,0.29126411402224844,0.019673993006217527
WN18RR,balanced1_eff_global_rf,0.1,606,0.3834615107167055,0.38827933885330623,0.01256404620008933
WN18RR,balanced1_eff_global_rf,0.12,727,0.43032136768747586,0.4349731672726376,0.01081005949149172
WN18RR,balanced1_eff_global_rf,0.14,848,0.46421264749734487,0.46817093826424505,0.008526891260373981
WN18RR,balanced1_eff_global_rf,0.16,969,0.4958391316715812,0.4996078097314454,0.00760060636432458
WN18RR,balanced1_eff_global_rf,0.18,1090,0.5208250656125474,0.5249451559847703,0.007910699089294537
WN18RR,balanced1_eff_global_rf,0.2,1211,0.5305675095037992,0.5348341702527984,0.008041692475646567
WN18RR,balanced1_eff_global_rf,0.22,1332,0.5326004447241731,0.5377663897640725,0.009699475640833954
WN18RR,balanced1_eff_global_rf,0.24,1453,0.527010493105079,0.5326448868159415,0.010691236293352224
WN18RR,balanced1_eff_global_rf,0.26,1574,0.5322461290416016,0.5376095447266923,0.010076946345759952
WN18RR,balanced1_eff_global_rf,0.28,1695,0.5380120324526783,0.5437716835183762,0.010705431697207501
WN18RR,balanced1_eff_global_rf,0.3,1816,0.5627945730682733,0.5682475993801747,0.009689194908494292
WN18RR,balanced1_eff_global_rf,0.32,1938,0.5844716046042301,0.589663888156821,0.008883722513956638
WN18RR,balanced1_eff_global_rf,0.34,2059,0.6054061323304777,0.6102933527883293,0.008072631241838435
WN18RR,balanced1_eff_global_rf,0.36,2180,0.6208043724466666,0.6254314945704499,0.007453430306148201
WN18RR,balanced1_eff_global_rf,0.38,2301,0.6376993858610394,0.6421065213487682,0.006910992209563149
WN18RR,balanced1_eff_global_rf,0.4,2422,0.6514850452829921,0.6557260027045401,0.006509677316853368
WN18RR,balanced1_eff_global_rf,0.42,2543,0.6639150052143541,0.6680160587489903,0.006177076135388981
WN18RR,balanced1_eff_global_rf,0.44,2664,0.6733635809231693,0.677383825937102,0.0059703927088261555
WN18RR,balanced1_eff_global_rf,0.46,2785,0.671679169410961,0.6755506023250806,0.005763812680858793
WN18RR,balanced1_eff_global_rf,0.48,2906,0.6804739072504434,0.684260121168905,0.005564083909933126
WN18RR,balanced1_eff_global_rf,0.5,3028,0.6901178867450989,0.6938026190093156,0.005339279469476654
WN18RR,balanced1_eff_global_rf,0.52,3149,0.6967480062289199,0.7002834007481284,0.005074136542339902
WN18RR,balanced1_eff_global_rf,0.54,3270,0.7044804446889863,0.7079442172383971,0.004916776009219026
WN18RR,balanced1_eff_global_rf,0.56,3391,0.7115611789540384,0.7150898046208984,0.0049589912592575836
WN18RR,balanced1_eff_global_rf,0.58,3512,0.7174195429173238,0.7209456893766057,0.00491504098835005
WN18RR,balanced1_eff_global_rf,0.6,3633,0.7125058085452075,0.7160186351570051,0.004930242770890603
WN18RR,balanced1_eff_global_rf,0.62,3754,0.71168897674889,0.7152355236991644,0.004983282116403753
WN18RR,balanced1_eff_global_rf,0.64,3875,0.701919111096978,0.7053025155105765,0.004820219823208571
WN18RR,balanced1_eff_global_rf,0.66,3996,0.6911143684238614,0.6939850672575565,0.0041537247159857404
WN18RR,balanced1_eff_global_rf,0.68,4117,0.6759227294871799,0.6786433764711925,0.004025085805409612
WN18RR,balanced1_eff_global_rf,0.7,4238,0.6623850681261889,0.6649440868416606,0.0038633399794334444
WN18RR,balanced1_eff_global_rf,0.72,4360,0.6502876824744608,0.6528794620961623,0.0039855892884812505
WN18RR,balanced1_eff_global_rf,0.74,4481,0.6372314657365089,0.6398616867454459,0.004127575536303718
WN18RR,balanced1_eff_global_rf,0.76,4602,0.6249532926974858,0.6275472854183862,0.00415069854213268
WN18RR,balanced1_eff_global_rf,0.78,4723,0.612016663012622,0.6145951755381772,0.0042131410489096854
WN18RR,balanced1_eff_global_rf,0.8,4844,0.600475935158284,0.6030167559566072,0.004231344920847535
WN18RR,balanced1_eff_global_rf,0.82,4965,0.591537439746698,0.5941200690328773,0.0043659608211530365
WN18RR,balanced1_eff_global_rf,0.84,5086,0.5794830424655634,0.5820245242568747,0.004385774224725969
WN18RR,balanced1_eff_global_rf,0.86,5207,0.5672079236707114,0.5696980726825235,0.0043901872803486786
WN18RR,balanced1_eff_global_rf,0.88,5328,0.5566243339269041,0.5590728391408399,0.004398846878759244
WN18RR,balanced1_eff_global_rf,0.9,5450,0.5465076836703383,0.5489583259183015,0.004484186263411294
WN18RR,balanced1_eff_global_rf,0.92,5571,0.5364590504599461,0.5388682821195181,0.004490988934768403
WN18RR,balanced1_eff_global_rf,0.94,5692,0.5279431097283062,0.5303197875606235,0.004501768824183294
WN18RR,balanced1_eff_global_rf,0.96,5813,0.5219410158319885,0.5241780072471616,0.00428590845961252
WN18RR,balanced1_eff_global_rf,0.98,5934,0.5141737649277248,0.516279956782733,0.00409626472347191
WN18RR,balanced1_eff_global_rf,1.0,6055,0.5112021246888967,0.5133269561687425,0.004156538827257084
YAGO3-10,balanced1_eff_global_rf,0.02,200,0.35533244531870173,0.40323744754206653,0.13481741635047784
YAGO3-10,balanced1_eff_global_rf,0.04,399,0.4152051088599374,0.4794152670800427,0.1546468404408905
YAGO3-10,balanced1_eff_global_rf,0.06,598,0.44735975094310126,0.5095442746310378,0.13900339392813565
YAGO3-10,balanced1_eff_global_rf,0.08,798,0.4691125352332222,0.5199722605773504,0.10841689685150468
YAGO3-10,balanced1_eff_global_rf,0.1,998,0.43914807729012334,0.48244037532194917,0.09858246061094511
YAGO3-10,balanced1_eff_global_rf,0.12,1197,0.3689570383294525,0.4050495282482154,0.09782301506479163
YAGO3-10,balanced1_eff_global_rf,0.14,1397,0.3804134739661487,0.42069374142577315,0.1058854909624174
YAGO3-10,balanced1_eff_global_rf,0.16,1596,0.3918113959630623,0.4308825352446418,0.0997192518751111
YAGO3-10,balanced1_eff_global_rf,0.18,1796,0.41113575614526376,0.44927570447609283,0.09276728613541785
YAGO3-10,balanced1_eff_global_rf,0.2,1995,0.43005593100517814,0.467060068189294,0.0860449409397177
YAGO3-10,balanced1_eff_global_rf,0.22,2194,0.4504044823454752,0.4874867190924459,0.08233096738705936
YAGO3-10,balanced1_eff_global_rf,0.24,2394,0.4690997209059332,0.5052890290291416,0.07714630069128803
YAGO3-10,balanced1_eff_global_rf,0.26,2594,0.501834295423396,0.535963705245065,0.06800932126983095
YAGO3-10,balanced1_eff_global_rf,0.28,2793,0.5189121394371918,0.5517423309996248,0.06326734155427616
YAGO3-10,balanced1_eff_global_rf,0.3,2992,0.5309819136547026,0.5632063732397126,0.06068843167032156
YAGO3-10,balanced1_eff_global_rf,0.32,3192,0.5326636010586936,0.5641497140126036,0.059110689920110815
YAGO3-10,balanced1_eff_global_rf,0.34,3392,0.54738118378497,0.5773520927417736,0.054753268553303425
YAGO3-10,balanced1_eff_global_rf,0.36,3591,0.5561913364910567,0.5863399650693283,0.05420549836046651
YAGO3-10,balanced1_eff_global_rf,0.38,3790,0.5491989206609195,0.5794489396072704,0.05508025928009341
YAGO3-10,balanced1_eff_global_rf,0.4,3990,0.5516184443485852,0.5815253808236289,0.05421670863518946
YAGO3-10,balanced1_eff_global_rf,0.42,4190,0.5567707098505142,0.5860985829187031,0.05267495676283507
YAGO3-10,balanced1_eff_global_rf,0.44,4389,0.5595949083955032,0.5882808235569404,0.05126193024823422
YAGO3-10,balanced1_eff_global_rf,0.46,4588,0.5616257038728185,0.5901770839821413,0.05083702528648559
YAGO3-10,balanced1_eff_global_rf,0.48,4788,0.5631180333879966,0.5913304209050633,0.050100309072552696
YAGO3-10,balanced1_eff_global_rf,0.5,4988,0.565445612681187,0.5935195996807088,0.04964931439896181
YAGO3-10,balanced1_eff_global_rf,0.52,5187,0.5744104863587928,0.6015533563544138,0.04725343746365174
YAGO3-10,balanced1_eff_global_rf,0.54,5386,0.5823053317394199,0.6092691179852087,0.046305236747952394
YAGO3-10,balanced1_eff_global_rf,0.56,5586,0.589093494895997,0.6159811366519521,0.045642401399631716
YAGO3-10,balanced1_eff_global_rf,0.58,5786,0.5931866792785985,0.6189220405545225,0.043384927839617005
YAGO3-10,balanced1_eff_global_rf,0.6,5985,0.5930195141462485,0.6183059468421918,0.042640135936078405
YAGO3-10,balanced1_eff_global_rf,0.62,6184,0.5929503082445704,0.6174872663095378,0.0413811372113273
YAGO3-10,balanced1_eff_global_rf,0.64,6384,0.5929837868035418,0.6177263831370726,0.04172558657447434
YAGO3-10,balanced1_eff_global_rf,0.66,6584,0.5949377341278753,0.620121613953516,0.04233027824761848
YAGO3-10,balanced1_eff_global_rf,0.68,6783,0.5951753079030531,0.620417608883949,0.04241153933255526
YAGO3-10,balanced1_eff_global_rf,0.7,6982,0.5946698930699035,0.6193441967340629,0.041492437992415754
YAGO3-10,balanced1_eff_global_rf,0.72,7182,0.5963996086844465,0.6212527556946338,0.04167197068591144
YAGO3-10,balanced1_eff_global_rf,0.74,7382,0.5985294272175273,0.6232403549457561,0.041286069831363514
YAGO3-10,balanced1_eff_global_rf,0.76,7581,0.600294671322856,0.6246409883446076,0.04055727659234454
YAGO3-10,balanced1_eff_global_rf,0.78,7780,0.6034062918310331,0.6270516324079324,0.03918643358051099
YAGO3-10,balanced1_eff_global_rf,0.8,7980,0.6035894470979447,0.6265827725954799,0.038094313292067916
YAGO3-10,balanced1_eff_global_rf,0.82,8179,0.6016576356508275,0.6241273291664837,0.03734631156363566
YAGO3-10,balanced1_eff_global_rf,0.84,8379,0.5929960297698214,0.6149682037021216,0.03705281794353499
YAGO3-10,balanced1_eff_global_rf,0.86,8578,0.5847996309963278,0.6060872200957796,0.03640150911720652
YAGO3-10,balanced1_eff_global_rf,0.88,8778,0.5767396711449104,0.5979964770846632,0.036856847210726684
YAGO3-10,balanced1_eff_global_rf,0.9,8978,0.5706608779021466,0.5916001563481619,0.036693033037400236
YAGO3-10,balanced1_eff_global_rf,0.92,9177,0.5636226170134462,0.5841484751318436,0.03641773324704567
YAGO3-10,balanced1_eff_global_rf,0.94,9376,0.5574403326512173,0.5776204278635899,0.036201354710727385
YAGO3-10,balanced1_eff_global_rf,0.96,9576,0.553782158347622,0.573642288395428,0.03586271198599955
YAGO3-10,balanced1_eff_global_rf,0.98,9776,0.562552981622016,0.5820068078636066,0.03458132278580983
YAGO3-10,balanced1_eff_global_rf,1.0,9975,0.5616723217905851,0.5802260659200453,0.033033039745151926
codex-l,balanced1_eff_global_rf,0.02,1223,0.14920018337037305,0.1548377480375829,0.03778523953429214
codex-l,balanced1_eff_global_rf,0.04,2445,0.1361444809562267,0.1383108054517734,0.015911952363630633
codex-l,balanced1_eff_global_rf,0.06,3668,0.1275782336606845,0.13163519502828866,0.03179979257585841
codex-l,balanced1_eff_global_rf,0.08,4890,0.12971071846894935,0.13346971644331068,0.028979856242652646
codex-l,balanced1_eff_global_rf,0.1,6113,0.1350152789925452,0.13782628965829025,0.02081994487379646
codex-l,balanced1_eff_global_rf,0.12,7335,0.13477561657048517,0.1373284588196555,0.0189414251192479
codex-l,balanced1_eff_global_rf,0.14,8558,0.13576538387421327,0.13859915630191563,0.020872569625906
codex-l,balanced1_eff_global_rf,0.16,9781,0.1370427207156527,0.14061770742512622,0.026086658895886794
codex-l,balanced1_eff_global_rf,0.18,11003,0.15133628842049418,0.1553373836895325,0.026438439258673396
codex-l,balanced1_eff_global_rf,0.2,12226,0.15632407154064074,0.16024660462910578,0.025092316556284633
codex-l,balanced1_eff_global_rf,0.22,13448,0.1526908706380947,0.15658463912803885,0.02550099081675361
codex-l,balanced1_eff_global_rf,0.24,14671,0.1525675827432198,0.15659981410436963,0.026429148896828902
codex-l,balanced1_eff_global_rf,0.26,15894,0.15460794419915008,0.15892777702853828,0.027940561862874524
codex-l,balanced1_eff_global_rf,0.28,17116,0.16170288347023443,0.16628586036567966,0.028341961485732314
codex-l,balanced1_eff_global_rf,0.3,18339,0.16118716563639282,0.16578709533134983,0.028537816126958715
codex-l,balanced1_eff_global_rf,0.32,19561,0.176607993385951,0.18186518687431755,0.029767585190086487
codex-l,balanced1_eff_global_rf,0.34,20784,0.19665154179807365,0.2024738535829834,0.02960725215614235
codex-l,balanced1_eff_global_rf,0.36,22006,0.2119367005785088,0.2177804928265438,0.027573290666900174
codex-l,balanced1_eff_global_rf,0.38,23229,0.22825014998575224,0.23438886891555805,0.02689469833947089
codex-l,balanced1_eff_global_rf,0.4,24452,0.23545888326113862,0.24162926052901723,0.026205752708999608
codex-l,balanced1_eff_global_rf,0.42,25674,0.24510962795079608,0.25168708152632213,0.026834741786831984
codex-l,balanced1_eff_global_rf,0.44,26897,0.2571505919900686,0.26365665942608507,0.025300612320844795
codex-l,balanced1_eff_global_rf,0.46,28119,0.2675718656746225,0.27406986714084464,0.024285069918837943
codex-l,balanced1_eff_global_rf,0.48,29342,0.27541713099114923,0.2821831011075021,0.02456626460381761
codex-l,balanced1_eff_global_rf,0.5,30564,0.28152384467593417,0.28821909315438127,0.0237821719369955
codex-l,balanced1_eff_global_rf,0.52,31787,0.2909296543085104,0.29760387741773187,0.02294102031326073
codex-l,balanced1_eff_global_rf,0.54,33010,0.30090297409682376,0.3074679291059939,0.021817514528978066
codex-l,balanced1_eff_global_rf,0.56,34232,0.3107733303789169,0.3172527122509495,0.020849221083844016
codex-l,balanced1_eff_global_rf,0.58,35455,0.3216777559229734,0.32812537062699043,0.020043707049364423
codex-l,balanced1_eff_global_rf,0.6,36677,0.3270077191747852,0.3332857731116503,0.01919848850268102
codex-l,balanced1_eff_global_rf,0.62,37900,0.33037870871449704,0.33666050837577655,0.01901393611507829
codex-l,balanced1_eff_global_rf,0.64,39123,0.32719093201804683,0.3334252558298947,0.019054084944823524
codex-l,balanced1_eff_global_rf,0.66,40345,0.33727680404877286,0.3434490412779713,0.01830021262981929
codex-l,balanced1_eff_global_rf,0.68,41568,0.3339319386375894,0.33996724534148415,0.01807346349833505
codex-l,balanced1_eff_global_rf,0.7,42790,0.34099829320107217,0.34695480875832163,0.017467874989442134
codex-l,balanced1_eff_global_rf,0.72,44013,0.3419239107412566,0.34774854986181203,0.017034898518586195
codex-l,balanced1_eff_global_rf,0.74,45235,0.3410045919477635,0.3467044219314802,0.016714818856720326
codex-l,balanced1_eff_global_rf,0.76,46458,0.3405688437275631,0.3462034597443334,0.016544719578863498
codex-l,balanced1_eff_global_rf,0.78,47681,0.3401461842404561,0.3457176235319155,0.0163795437067753
codex-l,balanced1_eff_global_rf,0.8,48903,0.3395920888894367,0.345153540851713,0.01637685960371993
codex-l,balanced1_eff_global_rf,0.82,50126,0.33814120826685945,0.34407273401960803,0.017541564316134517
codex-l,balanced1_eff_global_rf,0.84,51348,0.3321363118906522,0.33812741112522077,0.018038073586308156
codex-l,balanced1_eff_global_rf,0.86,52571,0.33110984972890295,0.3369581128211763,0.017662606826893468
codex-l,balanced1_eff_global_rf,0.88,53794,0.3314667552148492,0.3372093966462623,0.0173249393523367
codex-l,balanced1_eff_global_rf,0.9,55016,0.33280828866361317,0.3384854741260067,0.017058425693633472
codex-l,balanced1_eff_global_rf,0.92,56239,0.330538215415355,0.33610522822224526,0.0168422667856869
codex-l,balanced1_eff_global_rf,0.94,57461,0.3296545612247353,0.33515873740764307,0.01669679971197313
codex-l,balanced1_eff_global_rf,0.96,58684,0.33168721620355096,0.33700921793667143,0.016045242243687863
codex-l,balanced1_eff_global_rf,0.98,59906,0.32885322352197366,0.3339166812263251,0.015397318141274319
codex-l,balanced1_eff_global_rf,1.0,61129,0.32990176871301513,0.334842792661744,0.014977258133547888
codex-m,balanced1_eff_global_rf,0.02,412,0.1393390683153189,0.18103250218984807,0.2992228552883571
codex-m,balanced1_eff_global_rf,0.04,824,0.1672901201879432,0.19140734537578113,0.14416407353131966
codex-m,balanced1_eff_global_rf,0.06,1236,0.17544147915198258,0.19271179150197926,0.09843916292472454
codex-m,balanced1_eff_global_rf,0.08,1648,0.19378529433316602,0.2057195786601612,0.06158508759945991
codex-m,balanced1_eff_global_rf,0.1,2059,0.17701789125542897,0.1869348894729704,0.05602257572502456
codex-m,balanced1_eff_global_rf,0.12,2471,0.16340437117971618,0.1724422563522831,0.055309935146268696
codex-m,balanced1_eff_global_rf,0.14,2883,0.16969186695823263,0.17765771534578523,0.046943018132467706
codex-m,balanced1_eff_global_rf,0.16,3295,0.17417540795044673,0.18221435224074134,0.04615430148773769
codex-m,balanced1_eff_global_rf,0.18,3707,0.17771099531907092,0.18613352594908233,0.04739453861529053
codex-m,balanced1_eff_global_rf,0.2,4119,0.17401681513468817,0.1810982744333415,0.040694109320253524
codex-m,balanced1_eff_global_rf,0.22,4531,0.16721626263454759,0.17405937548365374,0.04092372799924271
codex-m,balanced1_eff_global_rf,0.24,4943,0.16949541967085932,0.17604866796939952,0.03866327663169811
codex-m,balanced1_eff_global_rf,0.26,5354,0.18081905965783013,0.18748203168994387,0.036848836868869306
codex-m,balanced1_eff_global_rf,0.28,5766,0.1827921338154166,0.1891359092281604,0.03470485999769424
codex-m,balanced1_eff_global_rf,0.3,6178,0.1856758071278783,0.1916333960540882,0.032085972956653386
codex-m,balanced1_eff_global_rf,0.32,6590,0.18781569377678903,0.1934406213068756,0.029949188041610286
codex-m,balanced1_eff_global_rf,0.34,7002,0.18259387109887884,0.18770838198483103,0.028010309739161743
codex-m,balanced1_eff_global_rf,0.36,7414,0.18468496512376137,0.1897721187057683,0.027545033666372953
codex-m,balanced1_eff_global_rf,0.38,7826,0.1920339112676947,0.19716027116330492,0.026695076206952217
codex-m,balanced1_eff_global_rf,0.4,8238,0.20752124155988041,0.2125526990213551,0.024245505778852205
codex-m,balanced1_eff_global_rf,0.42,8649,0.21790632922172348,0.22294690797906952,0.023131860260089843
codex-m,balanced1_eff_global_rf,0.44,9061,0.22567684891766174,0.23042056425153573,0.021019946692027558
codex-m,balanced1_eff_global_rf,0.46,9473,0.23449060762010884,0.2389820881541507,0.019154202292478884
codex-m,balanced1_eff_global_rf,0.48,9885,0.24309114486809033,0.24741112664983247,0.0177710372135782
codex-m,balanced1_eff_global_rf,0.5,10297,0.24800260556685258,0.25223420124239954,0.017062706522275928
codex-m,balanced1_eff_global_rf,0.52,10709,0.25252345314975855,0.2566593689519969,0.016378343281190588
codex-m,balanced1_eff_global_rf,0.54,11121,0.2574471487692784,0.26146932445090865,0.015623306379030533
codex-m,balanced1_eff_global_rf,0.56,11533,0.2622963688160905,0.2662302179874518,0.014997726385299393
codex-m,balanced1_eff_global_rf,0.58,11945,0.26470093184400056,0.26848287113452135,0.01428759341410113
codex-m,balanced1_eff_global_rf,0.6,12356,0.2706302197635396,0.2742955308724315,0.013543613540625499
codex-m,balanced1_eff_global_rf,0.62,12768,0.2764193948123289,0.28000030943255433,0.012954643152506051
codex-m,balanced1_eff_global_rf,0.64,13180,0.28438028013177463,0.28793004548391005,0.012482459580145822
codex-m,balanced1_eff_global_rf,0.66,13592,0.2948043711176938,0.29801571413752354,0.010893132308908982
codex-m,balanced1_eff_global_rf,0.68,14004,0.30504451563074275,0.3079934784762079,0.009667319667647778
codex-m,balanced1_eff_global_rf,0.7,14416,0.312047648377464,0.31513392413805064,0.009890399035641373
codex-m,balanced1_eff_global_rf,0.72,14828,0.3167696100040723,0.31979105209458963,0.009538295325989488
codex-m,balanced1_eff_global_rf,0.74,15240,0.3218778721694295,0.3249736382537956,0.009617828226280212
codex-m,balanced1_eff_global_rf,0.76,15651,0.3269013404900559,0.3300889794852276,0.009751073490225082
codex-m,balanced1_eff_global_rf,0.78,16063,0.329460057054054,0.3325468813498611,0.009369343049985046
codex-m,balanced1_eff_global_rf,0.8,16475,0.332058229921082,0.335098286896864,0.009155192378470733
codex-m,balanced1_eff_global_rf,0.82,16887,0.3305234118076328,0.3333966504252457,0.008692995760570144
codex-m,balanced1_eff_global_rf,0.84,17299,0.32896966919356435,0.33190623289678284,0.0089265484882457
codex-m,balanced1_eff_global_rf,0.86,17711,0.3233997226882086,0.32628438349936956,0.008919799890929614
codex-m,balanced1_eff_global_rf,0.88,18123,0.320822220397481,0.32363398297025203,0.00876423886502442
codex-m,balanced1_eff_global_rf,0.9,18535,0.3230768874493285,0.32598515792932353,0.009001790573617496
codex-m,balanced1_eff_global_rf,0.92,18946,0.31815750983803776,0.3211261459787303,0.009330712143817532
codex-m,balanced1_eff_global_rf,0.94,19358,0.32080356092976514,0.32379415930893224,0.009322210671538711
codex-m,balanced1_eff_global_rf,0.96,19770,0.3293918585833655,0.33231579713822046,0.008876778459036894
codex-m,balanced1_eff_global_rf,0.98,20182,0.3365328416959978,0.33936793504950075,0.00842441807229033
codex-m,balanced1_eff_global_rf,1.0,20594,0.3423415349994885,0.3449297847479118,0.0075604315685129375
hetionet,balanced1_eff_global_rf,0.02,9001,0.4474472180282623,0.6244389346528934,0.39555887151241964
hetionet,balanced1_eff_global_rf,0.04,18002,0.45603966076464036,0.5822679938460255,0.27679244579240847
hetionet,balanced1_eff_global_rf,0.06,27002,0.4457178459200718,0.5446804426570736,0.2220296935446202
hetionet,balanced1_eff_global_rf,0.08,36003,0.4463823734178106,0.5297320101980267,0.18672250909468935
hetionet,balanced1_eff_global_rf,0.1,45004,0.42933001214706046,0.502498478957094,0.17042476589074518
hetionet,balanced1_eff_global_rf,0.12,54005,0.4210441889951286,0.48818667267700944,0.15946659623096626
hetionet,balanced1_eff_global_rf,0.14,63006,0.4230953109363818,0.4875867019957749,0.15242757220982361
hetionet,balanced1_eff_global_rf,0.16,72006,0.4178193662664625,0.4787543851154438,0.14584058032896507
hetionet,balanced1_eff_global_rf,0.18,81007,0.40433820989851343,0.4611313712159618,0.14045954581364728
hetionet,balanced1_eff_global_rf,0.2,90008,0.4004260652662536,0.45481562890936633,0.13582922881643023
hetionet,balanced1_eff_global_rf,0.22,99009,0.3940066850579625,0.44551343663357174,0.1307255778364067
hetionet,balanced1_eff_global_rf,0.24,108010,0.39111442987119593,0.4406018967263618,0.12652938136663328
hetionet,balanced1_eff_global_rf,0.26,117010,0.3853323979323292,0.4326806930621549,0.12287649671788259
hetionet,balanced1_eff_global_rf,0.28,126011,0.37999713422271214,0.42565909351526166,0.12016395698865345
hetionet,balanced1_eff_global_rf,0.3,135012,0.3774976360458061,0.421935555876429,0.11771708108188195
hetionet,balanced1_eff_global_rf,0.32,144013,0.37878351283500117,0.4225710128980615,0.1156003325892756
hetionet,balanced1_eff_global_rf,0.34,153014,0.38255507826515606,0.42588673186296633,0.11326905865245451
hetionet,balanced1_eff_global_rf,0.36,162014,0.3840829404930426,0.427725691321879,0.11362845424171342
hetionet,balanced1_eff_global_rf,0.38,171015,0.3843712021708933,0.4274949677168688,0.11219301889011568
hetionet,balanced1_eff_global_rf,0.4,180016,0.3879169677734696,0.4301477175331525,0.10886543582270991
hetionet,balanced1_eff_global_rf,0.42,189017,0.38989764539908883,0.4307466463188597,0.10476852425707506
hetionet,balanced1_eff_global_rf,0.44,198018,0.39258463099373175,0.43263059690022243,0.1020059440562513
hetionet,balanced1_eff_global_rf,0.46,207018,0.3936129339964936,0.43263791516323435,0.0991455762657647
hetionet,balanced1_eff_global_rf,0.48,216019,0.3956607616438627,0.43364408901440726,0.09599973273249085
hetionet,balanced1_eff_global_rf,0.5,225020,0.39543249195133107,0.43209697345302167,0.09271995156686108
hetionet,balanced1_eff_global_rf,0.52,234021,0.3959637667882766,0.4314181627143721,0.08953949552927942
hetionet,balanced1_eff_global_rf,0.54,243022,0.39549171494398555,0.4299375152006321,0.08709613616438272
hetionet,balanced1_eff_global_rf,0.56,252022,0.3928822667949916,0.42655675044282837,0.08571138606621886
hetionet,balanced1_eff_global_rf,0.58,261023,0.3925451592800289,0.42556556397841805,0.08411874129068919
hetionet,balanced1_eff_global_rf,0.6,270024,0.3946699558129036,0.42748764616171364,0.08315223863750987
hetionet,balanced1_eff_global_rf,0.62,279025,0.3948121378421829,0.42726270041002345,0.08219241370135366
hetionet,balanced1_eff_global_rf,0.64,288026,0.3949696185847197,0.42710282201662764,0.08135613961157229
hetionet,balanced1_eff_global_rf,0.66,297026,0.39379075863263047,0.4252310543871066,0.0798401056023943
hetionet,balanced1_eff_global_rf,0.68,306027,0.39169382387284696,0.42240185277063785,0.07839804210892898
hetionet,balanced1_eff_global_rf,0.7,315028,0.39031973886168636,0.42047177333603336,0.07724957636598462
hetionet,balanced1_eff_global_rf,0.72,324029,0.3899494629979838,0.4194194463255473,0.07557385282952911
hetionet,balanced1_eff_global_rf,0.74,333030,0.3923183286970673,0.4210596810994966,0.07326028457014111
hetionet,balanced1_eff_global_rf,0.76,342030,0.3956289103679583,0.42368562369145873,0.07091674189685993
hetionet,balanced1_eff_global_rf,0.78,351031,0.3967785467427064,0.42410851308088005,0.06887964725546492
hetionet,balanced1_eff_global_rf,0.8,360032,0.39725281464765577,0.42400707569976387,0.0673481975850514
hetionet,balanced1_eff_global_rf,0.82,369033,0.3980428067446079,0.42405979975481656,0.06536229915317038
hetionet,balanced1_eff_global_rf,0.84,378034,0.3958311463481457,0.4209472768884209,0.06345162772558766
hetionet,balanced1_eff_global_rf,0.86,387034,0.3922401226146441,0.4167078021195225,0.06237933881362934
hetionet,balanced1_eff_global_rf,0.88,396035,0.3875550048945231,0.41122811654585173,0.061083230386281606
hetionet,balanced1_eff_global_rf,0.9,405036,0.38518401152451925,0.40813119003639275,0.05957458727596432
hetionet,balanced1_eff_global_rf,0.92,414037,0.3816346838316766,0.403638897301855,0.05765779265462023
hetionet,balanced1_eff_global_rf,0.94,423038,0.37772547803713563,0.3988152506238261,0.05583359824252332
hetionet,balanced1_eff_global_rf,0.96,432038,0.37428365014810083,0.3944336939031334,0.0538362916655839
hetionet,balanced1_eff_global_rf,0.98,441039,0.37273820003360975,0.3917737757673162,0.05106955963190796
hetionet,balanced1_eff_global_rf,1.0,450040,0.37318845483349955,0.3903218979298272,0.04591096770121639
