dataset,selector,coverage,n,mrr_stage1,mrr_stage2,gain_pt
FB15k-237,hard_synergy_weight_top5_mean_desc,0.02,816,0.2506342369747462,0.26414475194049775,0.05390530491296319
FB15k-237,hard_synergy_weight_top5_mean_desc,0.04,1633,0.27276069132343556,0.28490467503597683,0.044522484723215294
FB15k-237,hard_synergy_weight_top5_mean_desc,0.06,2449,0.24526438723088342,0.25843688269955156,0.053707330352319005
FB15k-237,hard_synergy_weight_top5_mean_desc,0.08,3266,0.2433127473086674,0.2561961344521271,0.05294990618438811
FB15k-237,hard_synergy_weight_top5_mean_desc,0.1,4082,0.25694595493530376,0.26922823119665323,0.04780101038929385
FB15k-237,hard_synergy_weight_top5_mean_desc,0.12,4898,0.2617946173822986,0.27296542104133864,0.04267010441520025
FB15k-237,hard_synergy_weight_top5_mean_desc,0.14,5715,0.2577130027121375,0.2662915956012725,0.03328738867986902
FB15k-237,hard_synergy_weight_top5_mean_desc,0.16,6531,0.25165463954573236,0.2594304304798073,0.030898659162855946
FB15k-237,hard_synergy_weight_top5_mean_desc,0.18,7347,0.2514022336100337,0.25910563302564826,0.030641730206597106
FB15k-237,hard_synergy_weight_top5_mean_desc,0.2,8164,0.2610472099004942,0.269336054638529,0.0317522824365537
FB15k-237,hard_synergy_weight_top5_mean_desc,0.22,8980,0.27028241215131815,0.2792093375656979,0.03302814024532963
FB15k-237,hard_synergy_weight_top5_mean_desc,0.24,9797,0.27572051331072495,0.2843875061550899,0.03143397906922374
FB15k-237,hard_synergy_weight_top5_mean_desc,0.26,10613,0.2799022855924611,0.2884894417958793,0.030679121412824584
FB15k-237,hard_synergy_weight_top5_mean_desc,0.28,11429,0.2844737110719913,0.29322311038846444,0.03075644242662179
FB15k-237,hard_synergy_weight_top5_mean_desc,0.3,12246,0.28763739256170395,0.2961586218795571,0.029624901136680926
FB15k-237,hard_synergy_weight_top5_mean_desc,0.32,13062,0.29315648752489565,0.3014372442154041,0.028246881931293544
FB15k-237,hard_synergy_weight_top5_mean_desc,0.34,13878,0.29672775286249914,0.3047378812154139,0.026994874175542805
FB15k-237,hard_synergy_weight_top5_mean_desc,0.36,14695,0.3024954215855395,0.31018516586073297,0.025421026985755546
FB15k-237,hard_synergy_weight_top5_mean_desc,0.38,15511,0.30799841637929404,0.3153389550157402,0.023833040191370447
FB15k-237,hard_synergy_weight_top5_mean_desc,0.4,16328,0.3142183211320978,0.3211964108243357,0.022207774731583196
FB15k-237,hard_synergy_weight_top5_mean_desc,0.42,17144,0.3233486415441271,0.32986058471539675,0.020139076942375045
FB15k-237,hard_synergy_weight_top5_mean_desc,0.44,17960,0.33178755686737627,0.3380117355589901,0.018759530195708418
FB15k-237,hard_synergy_weight_top5_mean_desc,0.46,18777,0.339759365966317,0.3457916632164628,0.017754616515101018
FB15k-237,hard_synergy_weight_top5_mean_desc,0.48,19593,0.33920648485129173,0.34498755183776586,0.01704291410881642
FB15k-237,hard_synergy_weight_top5_mean_desc,0.5,20410,0.35030485339848644,0.3558557060191492,0.015845777090471636
FB15k-237,hard_synergy_weight_top5_mean_desc,0.52,21226,0.3428534815689742,0.348186529559227,0.015554889411790729
FB15k-237,hard_synergy_weight_top5_mean_desc,0.54,22042,0.341489378292644,0.3466241254456666,0.015036330496412509
FB15k-237,hard_synergy_weight_top5_mean_desc,0.56,22859,0.33730584339783115,0.34240901425198156,0.015129209748470096
FB15k-237,hard_synergy_weight_top5_mean_desc,0.58,23675,0.33896964594215806,0.3439070287865977,0.01456585539013755
FB15k-237,hard_synergy_weight_top5_mean_desc,0.6,24491,0.3403990017694526,0.34511515355371264,0.013854775600823377
FB15k-237,hard_synergy_weight_top5_mean_desc,0.62,25308,0.3470273792631264,0.3522171032450093,0.01495479691804924
FB15k-237,hard_synergy_weight_top5_mean_desc,0.64,26124,0.34786650689130905,0.3530091495438231,0.01478337968915433
FB15k-237,hard_synergy_weight_top5_mean_desc,0.66,26941,0.3462440365131076,0.35123073630673635,0.014402269115875388
FB15k-237,hard_synergy_weight_top5_mean_desc,0.68,27757,0.3538387272841625,0.3586767089262296,0.013672843781686428
FB15k-237,hard_synergy_weight_top5_mean_desc,0.7,28573,0.350834554783379,0.3555343712688322,0.013396104863031777
FB15k-237,hard_synergy_weight_top5_mean_desc,0.72,29390,0.3547087617553317,0.3592779300587974,0.012881464446647506
FB15k-237,hard_synergy_weight_top5_mean_desc,0.74,30206,0.34817371999152336,0.3526294986253942,0.012797573102241389
FB15k-237,hard_synergy_weight_top5_mean_desc,0.76,31022,0.34749469936391475,0.3518360024110622,0.012493148974917156
FB15k-237,hard_synergy_weight_top5_mean_desc,0.78,31839,0.35617418066715517,0.36040408434279214,0.011875941337785578
FB15k-237,hard_synergy_weight_top5_mean_desc,0.8,32655,0.3548964694324935,0.3590206740911555,0.01162086696792719
FB15k-237,hard_synergy_weight_top5_mean_desc,0.82,33472,0.34989827021893133,0.3539218093898385,0.011499168510863633
FB15k-237,hard_synergy_weight_top5_mean_desc,0.84,34288,0.3539089579649616,0.35775485537896373,0.010866911750741615
FB15k-237,hard_synergy_weight_top5_mean_desc,0.86,35104,0.35616140204184105,0.35991790074658425,0.010547180809620471
FB15k-237,hard_synergy_weight_top5_mean_desc,0.88,35921,0.360243430567472,0.36391449012960303,0.010190496899133539
FB15k-237,hard_synergy_weight_top5_mean_desc,0.9,36737,0.35871950312223,0.3623090213336056,0.010006476314036616
FB15k-237,hard_synergy_weight_top5_mean_desc,0.92,37553,0.35614754344845767,0.3596590639802742,0.009859735372075518
FB15k-237,hard_synergy_weight_top5_mean_desc,0.94,38370,0.36295272152240654,0.3663920788037598,0.009476047643138807
FB15k-237,hard_synergy_weight_top5_mean_desc,0.96,39186,0.3611994971134758,0.36456909890515143,0.009328921603168894
FB15k-237,hard_synergy_weight_top5_mean_desc,0.98,40003,0.35532174780021214,0.3586225306367144,0.009289560396844143
FB15k-237,hard_synergy_weight_top5_mean_desc,1.0,40819,0.352811985517237,0.3560530550713822,0.009186393000208293
KG20C,hard_synergy_weight_top5_mean_desc,0.02,149,0.07616366553677409,0.08700237675582187,0.142308161544753
KG20C,hard_synergy_weight_top5_mean_desc,0.04,298,0.0902729498568214,0.09667951258119813,0.07096879779089904
KG20C,hard_synergy_weight_top5_mean_desc,0.06,447,0.08438433747769605,0.09074561848079173,0.07538461749228098
KG20C,hard_synergy_weight_top5_mean_desc,0.08,596,0.09067860305662147,0.09834589223990703,0.08455455779902077
KG20C,hard_synergy_weight_top5_mean_desc,0.1,745,0.09984195332571706,0.10756935629091914,0.07739635201239259
KG20C,hard_synergy_weight_top5_mean_desc,0.12,894,0.09625347587335102,0.10375785044714042,0.07796471250205594
KG20C,hard_synergy_weight_top5_mean_desc,0.14,1043,0.10021133629186163,0.10679454137476667,0.0656932172197735
KG20C,hard_synergy_weight_top5_mean_desc,0.16,1192,0.10155015062330032,0.10835312734482375,0.066991301143009
KG20C,hard_synergy_weight_top5_mean_desc,0.18,1341,0.10255382501801995,0.11036347927481048,0.07615175987261602
KG20C,hard_synergy_weight_top5_mean_desc,0.2,1490,0.1081504425336894,0.11583180968543891,0.0710248332951271
KG20C,hard_synergy_weight_top5_mean_desc,0.22,1639,0.11490682672668677,0.12259609130063183,0.06691738683406911
KG20C,hard_synergy_weight_top5_mean_desc,0.24,1788,0.11550633993920234,0.12277958807905315,0.06296838895318757
KG20C,hard_synergy_weight_top5_mean_desc,0.26,1936,0.1276187383109333,0.13469633900905986,0.05545894585544753
KG20C,hard_synergy_weight_top5_mean_desc,0.28,2085,0.13239863097870103,0.13922103462618998,0.05152926126997848
KG20C,hard_synergy_weight_top5_mean_desc,0.3,2234,0.13312556923430996,0.14026441968386988,0.05362493839928728
KG20C,hard_synergy_weight_top5_mean_desc,0.32,2383,0.13515838280327175,0.14378566633663412,0.06383091713904054
KG20C,hard_synergy_weight_top5_mean_desc,0.34,2532,0.1371514555151759,0.14547499966659258,0.06068870447018826
KG20C,hard_synergy_weight_top5_mean_desc,0.36,2681,0.13647911847901126,0.145203107606179,0.06392178689598849
KG20C,hard_synergy_weight_top5_mean_desc,0.38,2830,0.14066855163080688,0.15034667515857222,0.06880090407958539
KG20C,hard_synergy_weight_top5_mean_desc,0.4,2979,0.14318972573705152,0.1537067550429298,0.07344821181647743
KG20C,hard_synergy_weight_top5_mean_desc,0.42,3128,0.14506092775818397,0.15586011867600183,0.07444589721513473
KG20C,hard_synergy_weight_top5_mean_desc,0.44,3277,0.14648335860439268,0.15704161910102715,0.07207822511189921
KG20C,hard_synergy_weight_top5_mean_desc,0.46,3426,0.15067820370828075,0.16215097872930687,0.07614090650587979
KG20C,hard_synergy_weight_top5_mean_desc,0.48,3575,0.15376775674799104,0.16550627934138448,0.07633929792337169
KG20C,hard_synergy_weight_top5_mean_desc,0.5,3724,0.1556221992700615,0.1671031785606855,0.07377468860146541
KG20C,hard_synergy_weight_top5_mean_desc,0.52,3873,0.15661331065715772,0.16813854587587504,0.07359039388387112
KG20C,hard_synergy_weight_top5_mean_desc,0.54,4022,0.15980204937330036,0.17127251746498082,0.07177923022054133
KG20C,hard_synergy_weight_top5_mean_desc,0.56,4171,0.16188492752211678,0.1733570343422337,0.07086581188078545
KG20C,hard_synergy_weight_top5_mean_desc,0.58,4320,0.16327861616729045,0.17456248490936566,0.06910806207785414
KG20C,hard_synergy_weight_top5_mean_desc,0.6,4469,0.16274674426677083,0.1737502229163768,0.06761105236962095
KG20C,hard_synergy_weight_top5_mean_desc,0.62,4618,0.1638830889071245,0.1747480742521271,0.0662971720722203
KG20C,hard_synergy_weight_top5_mean_desc,0.64,4767,0.15982037811441974,0.17034576144213576,0.06585757994002872
KG20C,hard_synergy_weight_top5_mean_desc,0.66,4916,0.16071816891059792,0.17092453634819396,0.06350475186955062
KG20C,hard_synergy_weight_top5_mean_desc,0.68,5065,0.1683825327384043,0.17828865363143934,0.0588310481611829
KG20C,hard_synergy_weight_top5_mean_desc,0.7,5214,0.18611612032929437,0.1957391549137252,0.051704465832432156
KG20C,hard_synergy_weight_top5_mean_desc,0.72,5363,0.19697690847090887,0.20648797236360988,0.048285171934788984
KG20C,hard_synergy_weight_top5_mean_desc,0.74,5512,0.19388424520286052,0.20326956262527912,0.04840680795182073
KG20C,hard_synergy_weight_top5_mean_desc,0.76,5660,0.19236233036304728,0.20157479103104387,0.04789118873019382
KG20C,hard_synergy_weight_top5_mean_desc,0.78,5809,0.1899748570148236,0.19926077627982086,0.048879727617179736
KG20C,hard_synergy_weight_top5_mean_desc,0.8,5958,0.18823723541107695,0.1971321879873703,0.04725394822585627
KG20C,hard_synergy_weight_top5_mean_desc,0.82,6107,0.1887130961096922,0.19773832760815388,0.04782514666187043
KG20C,hard_synergy_weight_top5_mean_desc,0.84,6256,0.18768443863731324,0.1965883478717997,0.04744084964706441
KG20C,hard_synergy_weight_top5_mean_desc,0.86,6405,0.18953056894942244,0.1986060248968451,0.04788386378898335
KG20C,hard_synergy_weight_top5_mean_desc,0.88,6554,0.19080705401357675,0.1996814286659006,0.04650967805253359
KG20C,hard_synergy_weight_top5_mean_desc,0.9,6703,0.1929349897503722,0.20161382575661552,0.044983214384660686
KG20C,hard_synergy_weight_top5_mean_desc,0.92,6852,0.1942771237142249,0.20296236446619353,0.04470542174972869
KG20C,hard_synergy_weight_top5_mean_desc,0.94,7001,0.19821217982134945,0.20663879336398405,0.042513096572721176
KG20C,hard_synergy_weight_top5_mean_desc,0.96,7150,0.20830065993794675,0.2165582862091511,0.039642823376864644
KG20C,hard_synergy_weight_top5_mean_desc,0.98,7299,0.2175642847347507,0.2255278714283721,0.036603373128684336
KG20C,hard_synergy_weight_top5_mean_desc,1.0,7448,0.22638074035722044,0.23398674950607826,0.033598304947920044
WN18RR,hard_synergy_weight_top5_mean_desc,0.02,121,0.5396501132539963,0.5625454325442575,0.04242622901013848
WN18RR,hard_synergy_weight_top5_mean_desc,0.04,242,0.4718611237602328,0.4901446203191844,0.03874762220979666
WN18RR,hard_synergy_weight_top5_mean_desc,0.06,363,0.4865074105553871,0.5017163368673198,0.031261448401310954
WN18RR,hard_synergy_weight_top5_mean_desc,0.08,484,0.45048032236044216,0.46367405466516504,0.029288143454501814
WN18RR,hard_synergy_weight_top5_mean_desc,0.1,606,0.42000710832359006,0.43084216077603693,0.025797307325806207
WN18RR,hard_synergy_weight_top5_mean_desc,0.12,727,0.4579766555115729,0.46636940249736986,0.01832570914869458
WN18RR,hard_synergy_weight_top5_mean_desc,0.14,848,0.4690080077729969,0.476433817059106,0.015833011724830204
WN18RR,hard_synergy_weight_top5_mean_desc,0.16,969,0.43052775244287,0.4382087398785644,0.017840864827206815
WN18RR,hard_synergy_weight_top5_mean_desc,0.18,1090,0.4180648884917454,0.4249634718056364,0.016501226254084678
WN18RR,hard_synergy_weight_top5_mean_desc,0.2,1211,0.4043034043491621,0.4100542111363204,0.014223988037933566
WN18RR,hard_synergy_weight_top5_mean_desc,0.22,1332,0.38356053511724125,0.38899940933790267,0.014179963063715384
WN18RR,hard_synergy_weight_top5_mean_desc,0.24,1453,0.36340230204391405,0.36866098169517986,0.014470683376767157
WN18RR,hard_synergy_weight_top5_mean_desc,0.26,1574,0.37316528577429536,0.3797179123227867,0.017559582303844357
WN18RR,hard_synergy_weight_top5_mean_desc,0.28,1695,0.41494143631088004,0.42141039714513767,0.015590057459123008
WN18RR,hard_synergy_weight_top5_mean_desc,0.3,1816,0.4507625939244398,0.4568005281832871,0.013394931922544151
WN18RR,hard_synergy_weight_top5_mean_desc,0.32,1938,0.48230674489363046,0.4879645821557908,0.011730786106688429
WN18RR,hard_synergy_weight_top5_mean_desc,0.34,2059,0.5111281031171743,0.5164534497000141,0.010418809982003507
WN18RR,hard_synergy_weight_top5_mean_desc,0.36,2180,0.53699805568255,0.5420278211018467,0.009366449963964296
WN18RR,hard_synergy_weight_top5_mean_desc,0.38,2301,0.5592723510033887,0.5640376220221054,0.008520483821822022
WN18RR,hard_synergy_weight_top5_mean_desc,0.4,2422,0.5798714102976239,0.5843986145148273,0.007807255430785531
WN18RR,hard_synergy_weight_top5_mean_desc,0.42,2543,0.5961911124632051,0.6005029050758935,0.007232232286848328
WN18RR,hard_synergy_weight_top5_mean_desc,0.44,2664,0.611819847256165,0.6159357964356196,0.0067273874783784215
WN18RR,hard_synergy_weight_top5_mean_desc,0.46,2785,0.6267480115713946,0.6306851349516699,0.0062818282748182686
WN18RR,hard_synergy_weight_top5_mean_desc,0.48,2906,0.6408231816694087,0.6445963711443111,0.005888035237852751
WN18RR,hard_synergy_weight_top5_mean_desc,0.5,3028,0.6535299987388615,0.6571511640671529,0.005540932069345361
WN18RR,hard_synergy_weight_top5_mean_desc,0.52,3149,0.6648371487357241,0.6683191711600069,0.005237406530162136
WN18RR,hard_synergy_weight_top5_mean_desc,0.54,3270,0.675746211961955,0.6790993889081528,0.0049621838596212164
WN18RR,hard_synergy_weight_top5_mean_desc,0.56,3391,0.6859311343254423,0.6891646608999238,0.004714068822173179
WN18RR,hard_synergy_weight_top5_mean_desc,0.58,3512,0.6958613017337418,0.6989834226375194,0.004486700001852251
WN18RR,hard_synergy_weight_top5_mean_desc,0.6,3633,0.7048234004939559,0.7078415366387582,0.004282116829105176
WN18RR,hard_synergy_weight_top5_mean_desc,0.62,3754,0.7103752020317919,0.7132960567505098,0.004111707039271328
WN18RR,hard_synergy_weight_top5_mean_desc,0.64,3875,0.6914427628539458,0.6941461545016436,0.0039097837057973095
WN18RR,hard_synergy_weight_top5_mean_desc,0.66,3996,0.6788347113565768,0.6814734913658603,0.003887220210071707
WN18RR,hard_synergy_weight_top5_mean_desc,0.68,4117,0.6624270402458938,0.665006914880228,0.0038945792934064194
WN18RR,hard_synergy_weight_top5_mean_desc,0.7,4238,0.6456145527637625,0.6481343971932977,0.003903016774867041
WN18RR,hard_synergy_weight_top5_mean_desc,0.72,4360,0.6293259091144056,0.6317866568169221,0.003910132519379994
WN18RR,hard_synergy_weight_top5_mean_desc,0.74,4481,0.612971010526571,0.6153694548899924,0.003912818587229916
WN18RR,hard_synergy_weight_top5_mean_desc,0.76,4602,0.6019203957802978,0.6042886468630398,0.003934492167642967
WN18RR,hard_synergy_weight_top5_mean_desc,0.78,4723,0.589936074699334,0.5922659482197487,0.00394936607598062
WN18RR,hard_synergy_weight_top5_mean_desc,0.8,4844,0.5767151043217239,0.5789966098936744,0.003956035752928244
WN18RR,hard_synergy_weight_top5_mean_desc,0.82,4965,0.564288421610046,0.5665248293193049,0.003963235153537248
WN18RR,hard_synergy_weight_top5_mean_desc,0.84,5086,0.5583874664779414,0.560661057087259,0.004071707811886371
WN18RR,hard_synergy_weight_top5_mean_desc,0.86,5207,0.5585045141395316,0.5607309634600809,0.003986448209786664
WN18RR,hard_synergy_weight_top5_mean_desc,0.88,5328,0.5509626443188096,0.5531829004718615,0.0040297762034247064
WN18RR,hard_synergy_weight_top5_mean_desc,0.9,5450,0.5428728752955059,0.5450709628240985,0.0040489912622658775
WN18RR,hard_synergy_weight_top5_mean_desc,0.92,5571,0.533650436463655,0.5358174467995396,0.004060729998170309
WN18RR,hard_synergy_weight_top5_mean_desc,0.94,5692,0.5281314585958736,0.5302901968113369,0.004087501663321946
WN18RR,hard_synergy_weight_top5_mean_desc,0.96,5813,0.5245775719544895,0.5267396410630313,0.004121543169461672
WN18RR,hard_synergy_weight_top5_mean_desc,0.98,5934,0.517937124812166,0.5200813505051398,0.0041399343477288575
WN18RR,hard_synergy_weight_top5_mean_desc,1.0,6055,0.5112021246888967,0.5133269561687425,0.004156538827257084
YAGO3-10,hard_synergy_weight_top5_mean_desc,0.02,200,0.7915179924366232,0.8291447010176342,0.047537401474829544
YAGO3-10,hard_synergy_weight_top5_mean_desc,0.04,399,0.7981710527810092,0.8382844714220017,0.05025666929567074
YAGO3-10,hard_synergy_weight_top5_mean_desc,0.06,598,0.7628983222769167,0.8114187611697934,0.0636001384143361
YAGO3-10,hard_synergy_weight_top5_mean_desc,0.08,798,0.7416602105401839,0.7950958475221099,0.07204867703905338
YAGO3-10,hard_synergy_weight_top5_mean_desc,0.1,998,0.7371079732117702,0.7941995023208479,0.07745341413187412
YAGO3-10,hard_synergy_weight_top5_mean_desc,0.12,1197,0.7596461149921636,0.8080147224851396,0.06367255296694951
YAGO3-10,hard_synergy_weight_top5_mean_desc,0.14,1397,0.754681319750219,0.7999473230316687,0.059980288496383594
YAGO3-10,hard_synergy_weight_top5_mean_desc,0.16,1596,0.7602722218847892,0.8073469361992768,0.0619182352839156
YAGO3-10,hard_synergy_weight_top5_mean_desc,0.18,1796,0.7617936872916469,0.8047268227307667,0.056357956432741
YAGO3-10,hard_synergy_weight_top5_mean_desc,0.2,1995,0.763062386385218,0.8066511035621714,0.05712339902303665
YAGO3-10,hard_synergy_weight_top5_mean_desc,0.22,2194,0.7714715480237789,0.8143064459459667,0.05552362628526586
YAGO3-10,hard_synergy_weight_top5_mean_desc,0.24,2394,0.7552963485651142,0.7977039257001721,0.05614693784184488
YAGO3-10,hard_synergy_weight_top5_mean_desc,0.26,2594,0.7519315953272051,0.7928536406499203,0.05442256393669398
YAGO3-10,hard_synergy_weight_top5_mean_desc,0.28,2793,0.7612164451903233,0.7998214252594168,0.05071485293442568
YAGO3-10,hard_synergy_weight_top5_mean_desc,0.3,2992,0.7684585704585255,0.8049848814317091,0.047531919582065374
YAGO3-10,hard_synergy_weight_top5_mean_desc,0.32,3192,0.7441137198258455,0.7790163483620182,0.04690496574144798
YAGO3-10,hard_synergy_weight_top5_mean_desc,0.34,3392,0.7288389966117421,0.7620193510419259,0.04552494389629813
YAGO3-10,hard_synergy_weight_top5_mean_desc,0.36,3591,0.7122893582739633,0.7455166068560591,0.0466485259061189
YAGO3-10,hard_synergy_weight_top5_mean_desc,0.38,3790,0.698181009950591,0.7309381528010903,0.04691783704174002
YAGO3-10,hard_synergy_weight_top5_mean_desc,0.4,3990,0.6877218970824254,0.7192622430906819,0.04586206450901509
YAGO3-10,hard_synergy_weight_top5_mean_desc,0.42,4190,0.6779716504629648,0.7092860146569674,0.046188309161038
YAGO3-10,hard_synergy_weight_top5_mean_desc,0.44,4389,0.6692326302943549,0.6991663632174077,0.044728442051438444
YAGO3-10,hard_synergy_weight_top5_mean_desc,0.46,4588,0.6605306735435913,0.689434134704379,0.04375793936370509
YAGO3-10,hard_synergy_weight_top5_mean_desc,0.48,4788,0.6542974487557399,0.6837752104647314,0.045052539582797646
YAGO3-10,hard_synergy_weight_top5_mean_desc,0.5,4988,0.6466424105998585,0.6759512991795443,0.045324723679192935
YAGO3-10,hard_synergy_weight_top5_mean_desc,0.52,5187,0.6545717482054876,0.6835620822656858,0.04428900901952382
YAGO3-10,hard_synergy_weight_top5_mean_desc,0.54,5386,0.6630957125316312,0.6914407168016625,0.042746474957307434
YAGO3-10,hard_synergy_weight_top5_mean_desc,0.56,5586,0.6712109894072833,0.6989527842073063,0.04133096036541439
YAGO3-10,hard_synergy_weight_top5_mean_desc,0.58,5786,0.6788558834974957,0.7063544735810625,0.04050725750787176
YAGO3-10,hard_synergy_weight_top5_mean_desc,0.6,5985,0.6870559860579838,0.7141862835163477,0.03948775355852052
YAGO3-10,hard_synergy_weight_top5_mean_desc,0.62,6184,0.6940195431499763,0.7202484510024517,0.0377927510995284
YAGO3-10,hard_synergy_weight_top5_mean_desc,0.64,6384,0.6969588309879649,0.7226639797602147,0.03688187541265786
YAGO3-10,hard_synergy_weight_top5_mean_desc,0.66,6584,0.6828534717986918,0.7077205078083567,0.036416357295750545
YAGO3-10,hard_synergy_weight_top5_mean_desc,0.68,6783,0.6680127736477042,0.6930182895788786,0.03743269128617266
YAGO3-10,hard_synergy_weight_top5_mean_desc,0.7,6982,0.6566301040194374,0.6812413293391872,0.037481110246235794
YAGO3-10,hard_synergy_weight_top5_mean_desc,0.72,7182,0.652360348026067,0.6765018367681573,0.037006370505409114
YAGO3-10,hard_synergy_weight_top5_mean_desc,0.74,7382,0.6467515877830257,0.6706326847135713,0.03692468233809332
YAGO3-10,hard_synergy_weight_top5_mean_desc,0.76,7581,0.6371212910686939,0.6605381259387328,0.036754123898072866
YAGO3-10,hard_synergy_weight_top5_mean_desc,0.78,7780,0.6291323400381753,0.6522836971209192,0.036798866644399464
YAGO3-10,hard_synergy_weight_top5_mean_desc,0.8,7980,0.6198804526545627,0.6424438309585074,0.036399564153571484
YAGO3-10,hard_synergy_weight_top5_mean_desc,0.82,8179,0.6137167603608119,0.6357294436851969,0.03586782168282876
YAGO3-10,hard_synergy_weight_top5_mean_desc,0.84,8379,0.6073243585039714,0.6288636527469821,0.035465882343446165
YAGO3-10,hard_synergy_weight_top5_mean_desc,0.86,8578,0.6000074161971957,0.6210471125941361,0.03506572723765422
YAGO3-10,hard_synergy_weight_top5_mean_desc,0.88,8778,0.5925546970279623,0.6131702254340112,0.03479092902216263
YAGO3-10,hard_synergy_weight_top5_mean_desc,0.9,8978,0.5811743627375483,0.6013303112055028,0.03468141363464916
YAGO3-10,hard_synergy_weight_top5_mean_desc,0.92,9177,0.5898205762948359,0.6095939341836116,0.0335243609386926
YAGO3-10,hard_synergy_weight_top5_mean_desc,0.94,9376,0.5861666077557478,0.6055722037582922,0.033105939072241686
YAGO3-10,hard_synergy_weight_top5_mean_desc,0.96,9576,0.5783372971993268,0.5974780282236799,0.03309613804443279
YAGO3-10,hard_synergy_weight_top5_mean_desc,0.98,9776,0.5695797756212326,0.588328920495333,0.032917504582480994
YAGO3-10,hard_synergy_weight_top5_mean_desc,1.0,9975,0.5616723217905851,0.5802260659200453,0.033033039745151926
codex-l,hard_synergy_weight_top5_mean_desc,0.02,1223,0.07364064826788506,0.07343681031930135,-0.0027680086117954916
codex-l,hard_synergy_weight_top5_mean_desc,0.04,2445,0.13670290919641084,0.13871976823296378,0.014753592651456815
codex-l,hard_synergy_weight_top5_mean_desc,0.06,3668,0.15862578418404888,0.16274469797849977,0.025966231250726723
codex-l,hard_synergy_weight_top5_mean_desc,0.08,4890,0.1848513254880794,0.18949934900750431,0.025144658861127045
codex-l,hard_synergy_weight_top5_mean_desc,0.1,6113,0.17576975441757664,0.1796859528764296,0.022280274964424418
codex-l,hard_synergy_weight_top5_mean_desc,0.12,7335,0.20988519768579303,0.21458693965594886,0.022401493873781986
codex-l,hard_synergy_weight_top5_mean_desc,0.14,8558,0.2132863056640675,0.21819171362477258,0.022999169803387343
codex-l,hard_synergy_weight_top5_mean_desc,0.16,9781,0.2033668877375471,0.20799607835653164,0.02276275489330737
codex-l,hard_synergy_weight_top5_mean_desc,0.18,11003,0.21055766006774085,0.2148208501512125,0.020247138394775543
codex-l,hard_synergy_weight_top5_mean_desc,0.2,12226,0.21580651120770744,0.22074513700691323,0.02288450784718221
codex-l,hard_synergy_weight_top5_mean_desc,0.22,13448,0.2128134118759615,0.21801450140039869,0.024439669843123513
codex-l,hard_synergy_weight_top5_mean_desc,0.24,14671,0.2268141122152007,0.23245489071120207,0.02486960992378373
codex-l,hard_synergy_weight_top5_mean_desc,0.26,15894,0.24399034753320928,0.251444853069938,0.030552460833370043
codex-l,hard_synergy_weight_top5_mean_desc,0.28,17116,0.2584921517736237,0.2667993729356799,0.03213722778450645
codex-l,hard_synergy_weight_top5_mean_desc,0.3,18339,0.27415245576887926,0.28285715438485226,0.03175130637279944
codex-l,hard_synergy_weight_top5_mean_desc,0.32,19561,0.2945196284425692,0.30264428827880174,0.027586140452492414
codex-l,hard_synergy_weight_top5_mean_desc,0.34,20784,0.2968723030220974,0.30466422936079085,0.026246727159702443
codex-l,hard_synergy_weight_top5_mean_desc,0.36,22006,0.303699811411527,0.31111486206373284,0.024415723598056882
codex-l,hard_synergy_weight_top5_mean_desc,0.38,23229,0.3042122239646262,0.31124246468986216,0.02310965888751859
codex-l,hard_synergy_weight_top5_mean_desc,0.4,24452,0.31077096286365474,0.31735846169597837,0.02119727908818092
codex-l,hard_synergy_weight_top5_mean_desc,0.42,25674,0.3068021756731961,0.31316823458751275,0.02074971893647093
codex-l,hard_synergy_weight_top5_mean_desc,0.44,26897,0.31898722536499424,0.32502795670936363,0.018937220252182252
codex-l,hard_synergy_weight_top5_mean_desc,0.46,28119,0.3285302320667465,0.3343588647078094,0.017741541179926212
codex-l,hard_synergy_weight_top5_mean_desc,0.48,29342,0.3338437665307461,0.33964756153769493,0.017384763739221487
codex-l,hard_synergy_weight_top5_mean_desc,0.5,30564,0.33788069824024736,0.34364383105555296,0.01705670920334068
codex-l,hard_synergy_weight_top5_mean_desc,0.52,31787,0.3376867762897443,0.3434363574593787,0.017026373471909828
codex-l,hard_synergy_weight_top5_mean_desc,0.54,33010,0.34014402749067535,0.34566507670690527,0.016231504215905357
codex-l,hard_synergy_weight_top5_mean_desc,0.56,34232,0.34123198333098326,0.3466544653466586,0.015890896166130375
codex-l,hard_synergy_weight_top5_mean_desc,0.58,35455,0.3415775569968844,0.3469155683708297,0.015627523719287995
codex-l,hard_synergy_weight_top5_mean_desc,0.6,36677,0.3456931849131268,0.3515677580515642,0.01699360414036999
codex-l,hard_synergy_weight_top5_mean_desc,0.62,37900,0.341957411278115,0.3477318951610282,0.016886558654571004
codex-l,hard_synergy_weight_top5_mean_desc,0.64,39123,0.335107630242148,0.340752230648415,0.016844141693187265
codex-l,hard_synergy_weight_top5_mean_desc,0.66,40345,0.3273271301152467,0.3328007625776184,0.01672220833159943
codex-l,hard_synergy_weight_top5_mean_desc,0.68,41568,0.3272731329389563,0.3326496253878268,0.016428151008268888
codex-l,hard_synergy_weight_top5_mean_desc,0.7,42790,0.3289137800260995,0.3342670585616723,0.01627562863175891
codex-l,hard_synergy_weight_top5_mean_desc,0.72,44013,0.3311037157957927,0.3362489125256456,0.015539531827622799
codex-l,hard_synergy_weight_top5_mean_desc,0.74,45235,0.3254302861303169,0.3305441730274377,0.015714231634461395
codex-l,hard_synergy_weight_top5_mean_desc,0.76,46458,0.3254868114798303,0.3306171677416112,0.015762101814373652
codex-l,hard_synergy_weight_top5_mean_desc,0.78,47681,0.3231993087615206,0.3282669916346415,0.015679745394691524
codex-l,hard_synergy_weight_top5_mean_desc,0.8,48903,0.31979964516361903,0.3247470180026285,0.015470226167631385
codex-l,hard_synergy_weight_top5_mean_desc,0.82,50126,0.31798457960249504,0.3228854457721785,0.015412276204745279
codex-l,hard_synergy_weight_top5_mean_desc,0.84,51348,0.311330971988664,0.31613656642453297,0.015435645240088558
codex-l,hard_synergy_weight_top5_mean_desc,0.86,52571,0.30860201790729624,0.313332541134485,0.015328879763222503
codex-l,hard_synergy_weight_top5_mean_desc,0.88,53794,0.30874937094739235,0.3134176233006735,0.015119876484142258
codex-l,hard_synergy_weight_top5_mean_desc,0.9,55016,0.31230207732181603,0.3168507750245504,0.014565057465330655
codex-l,hard_synergy_weight_top5_mean_desc,0.92,56239,0.30708091373338836,0.31191849953899875,0.01575345646460602
codex-l,hard_synergy_weight_top5_mean_desc,0.94,57461,0.3018994215725972,0.3065297129167595,0.015337198461802481
codex-l,hard_synergy_weight_top5_mean_desc,0.96,58684,0.3078394746781435,0.31280249886809264,0.01612211752614945
codex-l,hard_synergy_weight_top5_mean_desc,0.98,59906,0.3190263546408908,0.32398464830522833,0.015541956306145188
codex-l,hard_synergy_weight_top5_mean_desc,1.0,61129,0.32990176871301513,0.33484279266174394,0.014977258133547888
codex-m,hard_synergy_weight_top5_mean_desc,0.02,412,0.09037644090885459,0.09285750602869768,0.027452565014650876
codex-m,hard_synergy_weight_top5_mean_desc,0.04,824,0.29998413589426054,0.3006299218896996,0.002152733822120112
codex-m,hard_synergy_weight_top5_mean_desc,0.06,1236,0.30714596142457584,0.3076401026396533,0.0016088156028020162
codex-m,hard_synergy_weight_top5_mean_desc,0.08,1648,0.31610884850962323,0.31815660237348614,0.006478002351144374
codex-m,hard_synergy_weight_top5_mean_desc,0.1,2059,0.3215891973705634,0.3233535236268713,0.005486273390815644
codex-m,hard_synergy_weight_top5_mean_desc,0.12,2471,0.3190022163560179,0.3206082669461184,0.005034606368715888
codex-m,hard_synergy_weight_top5_mean_desc,0.14,2883,0.30411285066299354,0.30626454548412807,0.007075316996449255
codex-m,hard_synergy_weight_top5_mean_desc,0.16,3295,0.3065537158415813,0.3088371343482045,0.007448673392702165
codex-m,hard_synergy_weight_top5_mean_desc,0.18,3707,0.30945557373510413,0.31236229339363986,0.009393011162965426
codex-m,hard_synergy_weight_top5_mean_desc,0.2,4119,0.326024035732688,0.3288358984142568,0.00862470975567664
codex-m,hard_synergy_weight_top5_mean_desc,0.22,4531,0.3431104160635578,0.34576604450298554,0.007739865405123059
codex-m,hard_synergy_weight_top5_mean_desc,0.24,4943,0.35322001330306924,0.35625081500407874,0.008580492573644127
codex-m,hard_synergy_weight_top5_mean_desc,0.26,5354,0.35475599750175213,0.35749414063310286,0.007718384327913164
codex-m,hard_synergy_weight_top5_mean_desc,0.28,5766,0.3569518064012128,0.35923889182335383,0.006407266698547964
codex-m,hard_synergy_weight_top5_mean_desc,0.3,6178,0.35150291436142356,0.3540913511862176,0.00736391284122484
codex-m,hard_synergy_weight_top5_mean_desc,0.32,6590,0.3623007245345454,0.36468445081635653,0.006579413510346965
codex-m,hard_synergy_weight_top5_mean_desc,0.34,7002,0.36664862525093606,0.36903082954880606,0.00649724050169187
codex-m,hard_synergy_weight_top5_mean_desc,0.36,7414,0.3636092537128328,0.36625228647218155,0.00726888200000575
codex-m,hard_synergy_weight_top5_mean_desc,0.38,7826,0.351945790135337,0.35479308277855537,0.008090145479857869
codex-m,hard_synergy_weight_top5_mean_desc,0.4,8238,0.34555168170534806,0.34794844975134115,0.006936062455736636
codex-m,hard_synergy_weight_top5_mean_desc,0.42,8649,0.358404495253047,0.3609710042104689,0.007160928480012041
codex-m,hard_synergy_weight_top5_mean_desc,0.44,9061,0.37231695090297867,0.37507147689521003,0.0073983362442962
codex-m,hard_synergy_weight_top5_mean_desc,0.46,9473,0.36408469160955803,0.36699201978904167,0.007985307392713636
codex-m,hard_synergy_weight_top5_mean_desc,0.48,9885,0.3572476070550172,0.36106343889849346,0.010681196369465518
codex-m,hard_synergy_weight_top5_mean_desc,0.5,10297,0.34853694638511284,0.35322408973505737,0.013448053064553767
codex-m,hard_synergy_weight_top5_mean_desc,0.52,10709,0.3565939022954844,0.3613906950205782,0.013451695876501635
codex-m,hard_synergy_weight_top5_mean_desc,0.54,11121,0.3741134577331869,0.37888883463891865,0.012764515167849266
codex-m,hard_synergy_weight_top5_mean_desc,0.56,11533,0.37267977499989785,0.37730359428518934,0.012406949868134731
codex-m,hard_synergy_weight_top5_mean_desc,0.58,11945,0.3611804029715156,0.36564755331036336,0.01236819689577695
codex-m,hard_synergy_weight_top5_mean_desc,0.6,12356,0.35104650573073853,0.3555267899659698,0.012762651563516192
codex-m,hard_synergy_weight_top5_mean_desc,0.62,12768,0.34071649562474776,0.3451234520299777,0.012934379350049374
codex-m,hard_synergy_weight_top5_mean_desc,0.64,13180,0.33078053001250984,0.33505063311941463,0.012909173060286605
codex-m,hard_synergy_weight_top5_mean_desc,0.66,13592,0.32177715812003965,0.32591609651699616,0.01286274768892226
codex-m,hard_synergy_weight_top5_mean_desc,0.68,14004,0.3129570616701687,0.31701691346677335,0.01297255212883952
codex-m,hard_synergy_weight_top5_mean_desc,0.7,14416,0.3055329064161013,0.30946116861274264,0.012857083849722839
codex-m,hard_synergy_weight_top5_mean_desc,0.72,14828,0.29874474611234264,0.30257898518769094,0.012834498766068458
codex-m,hard_synergy_weight_top5_mean_desc,0.74,15240,0.30238092016302115,0.30603394783164795,0.012080880191307486
codex-m,hard_synergy_weight_top5_mean_desc,0.76,15651,0.3081422461892651,0.31164388838874585,0.011363719979278653
codex-m,hard_synergy_weight_top5_mean_desc,0.78,16063,0.31449570086926004,0.3178357002326373,0.010620174947211014
codex-m,hard_synergy_weight_top5_mean_desc,0.8,16475,0.321395180437127,0.3246464076430591,0.01011597996432334
codex-m,hard_synergy_weight_top5_mean_desc,0.82,16887,0.32692249095855913,0.3301591721960041,0.009900454471501119
codex-m,hard_synergy_weight_top5_mean_desc,0.84,17299,0.3328607312153594,0.3360116553203614,0.009466193544360735
codex-m,hard_synergy_weight_top5_mean_desc,0.86,17711,0.33915052741595836,0.3422335377881943,0.009090389437769408
codex-m,hard_synergy_weight_top5_mean_desc,0.88,18123,0.34330980854581045,0.3463605026769009,0.008886125753332141
codex-m,hard_synergy_weight_top5_mean_desc,0.9,18535,0.3472818026326169,0.3501773531345025,0.008337754756902127
codex-m,hard_synergy_weight_top5_mean_desc,0.92,18946,0.34385487899011535,0.3466942165238227,0.008257371662273139
codex-m,hard_synergy_weight_top5_mean_desc,0.94,19358,0.3476687504096231,0.35043311113847625,0.007951133731737947
codex-m,hard_synergy_weight_top5_mean_desc,0.96,19770,0.3517239383961486,0.3544200646136008,0.00766546124141132
codex-m,hard_synergy_weight_top5_mean_desc,0.98,20182,0.347399132222903,0.3500402190982884,0.007602456743302399
codex-m,hard_synergy_weight_top5_mean_desc,1.0,20594,0.34234153499948855,0.3449297847479118,0.0075604315685127155
hetionet,hard_synergy_weight_top5_mean_desc,0.02,9001,0.46083445889931696,0.5456828707023681,0.1841190695802304
hetionet,hard_synergy_weight_top5_mean_desc,0.04,18002,0.4739778073920726,0.555525862222873,0.17205036514155636
hetionet,hard_synergy_weight_top5_mean_desc,0.06,27002,0.49463186379079366,0.5725665058521336,0.15756090087698582
hetionet,hard_synergy_weight_top5_mean_desc,0.08,36003,0.5258659009782031,0.6045899495590297,0.14970365721448387
hetionet,hard_synergy_weight_top5_mean_desc,0.1,45004,0.5469131361622142,0.625326204622511,0.14337389847780058
hetionet,hard_synergy_weight_top5_mean_desc,0.12,54005,0.555968772736207,0.63062364196069,0.13427888918485142
hetionet,hard_synergy_weight_top5_mean_desc,0.14,63006,0.5665395061346847,0.63857210568284,0.12714488357504017
hetionet,hard_synergy_weight_top5_mean_desc,0.16,72006,0.5736418196475792,0.6469361305036642,0.12777016658428741
hetionet,hard_synergy_weight_top5_mean_desc,0.18,81007,0.5818353999288023,0.6553894530444774,0.12641728764643
hetionet,hard_synergy_weight_top5_mean_desc,0.2,90008,0.5832191815805722,0.6554614120593418,0.12386806326051758
hetionet,hard_synergy_weight_top5_mean_desc,0.22,99009,0.5861393500039813,0.6555503183132918,0.11842059112536818
hetionet,hard_synergy_weight_top5_mean_desc,0.24,108010,0.5843723922650614,0.6482307187716786,0.10927676829341393
hetionet,hard_synergy_weight_top5_mean_desc,0.26,117010,0.5906719628596568,0.6498757705483102,0.10023128133935177
hetionet,hard_synergy_weight_top5_mean_desc,0.28,126011,0.5922283451764625,0.6478411302144602,0.093904294671048
hetionet,hard_synergy_weight_top5_mean_desc,0.3,135012,0.6013681179666766,0.6533483909101603,0.08643669557880362
hetionet,hard_synergy_weight_top5_mean_desc,0.32,144013,0.6067551244372299,0.6569080703973021,0.08265763887299582
hetionet,hard_synergy_weight_top5_mean_desc,0.34,153014,0.6098492265086215,0.6606216752876933,0.08325410047618398
hetionet,hard_synergy_weight_top5_mean_desc,0.36,162014,0.6092121765725087,0.6583410056032459,0.08064321581216771
hetionet,hard_synergy_weight_top5_mean_desc,0.38,171015,0.5878710807545763,0.634621524114667,0.07952499262267332
hetionet,hard_synergy_weight_top5_mean_desc,0.4,180016,0.5700534289601871,0.6148057016312235,0.07850540036688725
hetionet,hard_synergy_weight_top5_mean_desc,0.42,189017,0.5581464657234976,0.6008977545492762,0.07659510800693181
hetionet,hard_synergy_weight_top5_mean_desc,0.44,198018,0.5498389108182835,0.5907437122574463,0.07439415551418005
hetionet,hard_synergy_weight_top5_mean_desc,0.46,207018,0.5297908445152055,0.5689970455177314,0.07400316824727726
hetionet,hard_synergy_weight_top5_mean_desc,0.48,216019,0.5087317746586406,0.5463085126581552,0.0738635561435661
hetionet,hard_synergy_weight_top5_mean_desc,0.5,225020,0.4892722798449436,0.5253391816503017,0.07371539997481191
hetionet,hard_synergy_weight_top5_mean_desc,0.52,234021,0.47130827899185707,0.5060064000159136,0.07362086042340876
hetionet,hard_synergy_weight_top5_mean_desc,0.54,243022,0.45579822215650084,0.4892109916652525,0.07330605492638198
hetionet,hard_synergy_weight_top5_mean_desc,0.56,252022,0.44142915952268974,0.4736734881724698,0.07304530739347914
hetionet,hard_synergy_weight_top5_mean_desc,0.58,261023,0.42791194777575614,0.45903340237859397,0.07272864140532653
hetionet,hard_synergy_weight_top5_mean_desc,0.6,270024,0.4342359042657044,0.4646358564650774,0.07000791942983042
hetionet,hard_synergy_weight_top5_mean_desc,0.62,279025,0.44175015122799316,0.47131652711577604,0.06693008662383737
hetionet,hard_synergy_weight_top5_mean_desc,0.64,288026,0.4494154408018328,0.4784483371508456,0.06460146606714989
hetionet,hard_synergy_weight_top5_mean_desc,0.66,297026,0.4558735657008616,0.48383310168070703,0.06133177723709493
hetionet,hard_synergy_weight_top5_mean_desc,0.68,306027,0.46216888997880384,0.48964762042268245,0.05945603661280363
hetionet,hard_synergy_weight_top5_mean_desc,0.7,315028,0.468020054587081,0.4945864229049943,0.05676331186566763
hetionet,hard_synergy_weight_top5_mean_desc,0.72,324029,0.4572387146722491,0.48252702871634473,0.05530658982414138
hetionet,hard_synergy_weight_top5_mean_desc,0.74,333030,0.4462158953809363,0.4705189313799525,0.054464747335521535
hetionet,hard_synergy_weight_top5_mean_desc,0.76,342030,0.43560539205695564,0.459161279715392,0.05407620770533628
hetionet,hard_synergy_weight_top5_mean_desc,0.78,351031,0.42591788823188187,0.4483674331891887,0.052708621961153
hetionet,hard_synergy_weight_top5_mean_desc,0.8,360032,0.41627482063519217,0.4377837778393733,0.05167008941679607
hetionet,hard_synergy_weight_top5_mean_desc,0.82,369033,0.40733044844799715,0.4282144303631913,0.05127036781749528
hetionet,hard_synergy_weight_top5_mean_desc,0.84,378034,0.40417719340384095,0.4245572746909143,0.05042363008026096
hetionet,hard_synergy_weight_top5_mean_desc,0.86,387034,0.4022650802355779,0.422137893227189,0.04940228214681963
hetionet,hard_synergy_weight_top5_mean_desc,0.88,396035,0.39374281245054754,0.4131657140134993,0.04932890442385207
hetionet,hard_synergy_weight_top5_mean_desc,0.9,405036,0.38701963209320767,0.4060706623953314,0.049224971351157665
hetionet,hard_synergy_weight_top5_mean_desc,0.92,414037,0.3842612200214512,0.4028736794469836,0.04843699664643064
hetionet,hard_synergy_weight_top5_mean_desc,0.94,423038,0.3812275196165017,0.3993231982564223,0.04746687400249616
hetionet,hard_synergy_weight_top5_mean_desc,0.96,432038,0.3791076572615017,0.3967786787558057,0.046612146064132
hetionet,hard_synergy_weight_top5_mean_desc,0.98,441039,0.3749556884692086,0.3923319447015903,0.04634215926506369
hetionet,hard_synergy_weight_top5_mean_desc,1.0,450040,0.37318845483349955,0.39032189792982713,0.045910967701216165
macro,hard_synergy_weight_top5_mean_desc,0.02,11922,0.3261167937540281,0.3506877784726541,0.07071153184653857
macro,hard_synergy_weight_top5_mean_desc,0.04,23843,0.36339009574346326,0.3864126902434139,0.056207466519245006
macro,hard_synergy_weight_top5_mean_desc,0.06,35763,0.3627797238486145,0.3864669865268205,0.058441354627251654
macro,hard_synergy_weight_top5_mean_desc,0.08,47685,0.3647082797488315,0.3893654042599041,0.06002394327195991
macro,hard_synergy_weight_top5_mean_desc,0.1,59607,0.36545358253524796,0.39002927595860987,0.05708407581320106
macro,hard_synergy_weight_top5_mean_desc,0.12,71527,0.3800752929339149,0.4024180350048208,0.05204972406574994
macro,hard_synergy_weight_top5_mean_desc,0.14,83450,0.3807931898555658,0.4017850916940792,0.047430468070819014
macro,hard_synergy_weight_top5_mean_desc,0.16,95370,0.3753667411033428,0.39672979673012465,0.04794723646961204
macro,hard_synergy_weight_top5_mean_desc,0.18,107291,0.37652332402044186,0.39739028620374167,0.0479585871386014
macro,hard_synergy_weight_top5_mean_desc,0.2,119213,0.38023045309850445,0.40098794664328163,0.047071683379432495
macro,hard_synergy_weight_top5_mean_desc,0.22,131133,0.3831834999946465,0.40349173548098216,0.045749891828856394
macro,hard_synergy_weight_top5_mean_desc,0.24,143056,0.38204743166318383,0.40149548944520774,0.043963837147409306
macro,hard_synergy_weight_top5_mean_desc,0.26,154975,0.3888623161285019,0.4077960140041425,0.042374620001349346
macro,hard_synergy_weight_top5_mean_desc,0.28,166895,0.4001003609861707,0.41822219462752896,0.040148486177750194
macro,hard_synergy_weight_top5_mean_desc,0.3,178817,0.40957251632513697,0.4269293353799505,0.038532657976200806
macro,hard_synergy_weight_top5_mean_desc,0.32,190739,0.41690154463742685,0.4337772357946154,0.03821953482204367
macro,hard_synergy_weight_top5_mean_desc,0.34,202661,0.4210309232697495,0.43757177368874806,0.037089342951658714
macro,hard_synergy_weight_top5_mean_desc,0.36,214581,0.42354045653113326,0.4398058365091397,0.03681223016600822
macro,hard_synergy_weight_top5_mean_desc,0.38,226502,0.42144991768837425,0.4373312109400847,0.03697100887493824
macro,hard_synergy_weight_top5_mean_desc,0.4,238425,0.4216253468254841,0.4369538052216168,0.03656629262838086
macro,hard_synergy_weight_top5_mean_desc,0.42,250345,0.4237036384111746,0.4386495166387882,0.036073038718401555
macro,hard_synergy_weight_top5_mean_desc,0.44,262266,0.42863806858693504,0.4429998085964378,0.034717613835440427
macro,hard_synergy_weight_top5_mean_desc,0.46,274186,0.4285888604258705,0.4426299773737715,0.03480932963991733
macro,hard_synergy_weight_top5_mean_desc,0.48,286108,0.42684543146697645,0.4408407036975052,0.035178900443584515
macro,hard_synergy_weight_top5_mean_desc,0.5,298031,0.42596991235393883,0.43975263575249196,0.03495804052616881
macro,hard_synergy_weight_top5_mean_desc,0.52,309952,0.42635209239206134,0.43986282590809506,0.03468151837388115
macro,hard_synergy_weight_top5_mean_desc,0.54,321873,0.4300270085056991,0.44317166451879125,0.03383232769200273
macro,hard_synergy_weight_top5_mean_desc,0.56,333794,0.4302391160723206,0.4430735773579662,0.03334045774922677
macro,hard_synergy_weight_top5_mean_desc,0.58,345716,0.42966219358354885,0.4422005619963332,0.03277031957115817
macro,hard_synergy_weight_top5_mean_desc,0.6,357635,0.43228581821396184,0.4446605144439724,0.03214283907025523
macro,hard_synergy_weight_top5_mean_desc,0.62,369557,0.43424703878326787,0.4463830799366971,0.03141535025107529
macro,hard_synergy_weight_top5_mean_desc,0.64,381479,0.43019886855773287,0.4420594637380703,0.03082677136689457
macro,hard_synergy_weight_top5_mean_desc,0.66,393400,0.4248040346450175,0.4362713189434956,0.0298753331069807
macro,hard_synergy_weight_top5_mean_desc,0.68,405321,0.4221514512148706,0.43347210375629397,0.028955414610337207
macro,hard_synergy_weight_top5_mean_desc,0.7,417241,0.4202374389893079,0.4312805575420645,0.027482960294816592
macro,hard_synergy_weight_top5_mean_desc,0.72,429165,0.417208443421014,0.427915617491024,0.026537679974865464
macro,hard_synergy_weight_top5_mean_desc,0.74,441086,0.4108296664540364,0.42128546472761075,0.02632882016295368
macro,hard_synergy_weight_top5_mean_desc,0.76,453004,0.4068761666145721,0.4170942717270897,0.02603928332425934
macro,hard_synergy_weight_top5_mean_desc,0.78,464926,0.4041186214688786,0.4140978044313926,0.025787491996914418
macro,hard_synergy_weight_top5_mean_desc,0.8,476847,0.3995998440079708,0.40925292948796693,0.025212387235576283
macro,hard_synergy_weight_top5_mean_desc,0.82,488769,0.3955505810440761,0.40502477976198115,0.02510549578612025
macro,hard_synergy_weight_top5_mean_desc,0.84,500690,0.3936677311702931,0.40293905850297335,0.024738688631121258
macro,hard_synergy_weight_top5_mean_desc,0.86,512610,0.393460218126689,0.4025722819782164,0.02447211019912232
macro,hard_synergy_weight_top5_mean_desc,0.88,524533,0.39148140255308156,0.40041326924177856,0.024122255262654418
macro,hard_synergy_weight_top5_mean_desc,0.9,536455,0.38890074899332816,0.39763184452488665,0.023692554167000397
macro,hard_synergy_weight_top5_mean_desc,0.92,548375,0.38701324180944685,0.395645600705632,0.02351401040456813
macro,hard_synergy_weight_top5_mean_desc,0.94,560296,0.38660837989915703,0.395025613578433,0.0228482558782086
macro,hard_synergy_weight_top5_mean_desc,0.96,572217,0.38729801379157613,0.39562089951978757,0.022369878717945824
macro,hard_synergy_weight_top5_mean_desc,0.98,584139,0.38596915832876627,0.39413106931009523,0.021776706395749943
macro,hard_synergy_weight_top5_mean_desc,1.0,596060,0.3853569901285632,0.393383900286533,0.02120327627483059
FB15k-237,hard_synergy_weight_top5_mean_asc,0.02,816,0.4453943768297781,0.44528228207132564,-0.000251675288876263
FB15k-237,hard_synergy_weight_top5_mean_asc,0.04,1633,0.4638499497935676,0.4624915045629059,-0.0029286307592923944
FB15k-237,hard_synergy_weight_top5_mean_asc,0.06,2449,0.48479294031784625,0.48394653546340305,-0.001745910024779418
FB15k-237,hard_synergy_weight_top5_mean_asc,0.08,3266,0.4919268558304464,0.4917460079051777,-0.0003676317385912231
FB15k-237,hard_synergy_weight_top5_mean_asc,0.1,4082,0.4631704955935681,0.46302579953185147,-0.00031240345206184905
FB15k-237,hard_synergy_weight_top5_mean_asc,0.12,4898,0.47989510017194065,0.47977950343813336,-0.0002408791708143898
FB15k-237,hard_synergy_weight_top5_mean_asc,0.14,5715,0.44156567233721755,0.4414502185928937,-0.00026146449227537616
FB15k-237,hard_synergy_weight_top5_mean_asc,0.16,6531,0.42172087310283096,0.4216169077004437,-0.00024652657484636187
FB15k-237,hard_synergy_weight_top5_mean_asc,0.18,7347,0.39711930854324545,0.39749963898629825,0.0009577233714672673
FB15k-237,hard_synergy_weight_top5_mean_asc,0.2,8164,0.395939341532236,0.3962802219854999,0.0008609411026061498
FB15k-237,hard_synergy_weight_top5_mean_asc,0.22,8980,0.3986625819462479,0.3988456753269158,0.00045926903842863354
FB15k-237,hard_synergy_weight_top5_mean_asc,0.24,9797,0.4108401871659646,0.41234128436586154,0.0036537253335700015
FB15k-237,hard_synergy_weight_top5_mean_asc,0.26,10613,0.40665798322365,0.4085883800826306,0.0047469788830358794
FB15k-237,hard_synergy_weight_top5_mean_asc,0.28,11429,0.3987014318329348,0.4004940282412152,0.004496087210019262
FB15k-237,hard_synergy_weight_top5_mean_asc,0.3,12246,0.4115094356377111,0.4131776343678222,0.004053852926910073
FB15k-237,hard_synergy_weight_top5_mean_asc,0.32,13062,0.4035542753179912,0.40511825952017616,0.0038755238089165367
FB15k-237,hard_synergy_weight_top5_mean_asc,0.34,13878,0.40866396872329414,0.4101359936295443,0.0036020423108229505
FB15k-237,hard_synergy_weight_top5_mean_asc,0.36,14695,0.3919516410533079,0.39335744048501864,0.0035866655078491405
FB15k-237,hard_synergy_weight_top5_mean_asc,0.38,15511,0.3865550078884478,0.38789707534629664,0.0034718666954538513
FB15k-237,hard_synergy_weight_top5_mean_asc,0.4,16328,0.4018060151605644,0.40308092992898015,0.0031729608823956035
FB15k-237,hard_synergy_weight_top5_mean_asc,0.42,17144,0.3988294920232382,0.40004372489413714,0.0030444911802764985
FB15k-237,hard_synergy_weight_top5_mean_asc,0.44,17960,0.3874301056660244,0.3885891707182902,0.002991675234616187
FB15k-237,hard_synergy_weight_top5_mean_asc,0.46,18777,0.39126223233589463,0.3922213331369485,0.002451299210066704
FB15k-237,hard_synergy_weight_top5_mean_asc,0.48,19593,0.3944684353029443,0.3953875919273198,0.0023301145088316932
FB15k-237,hard_synergy_weight_top5_mean_asc,0.5,20410,0.3997122568443519,0.4005946201829796,0.0022074963264668845
FB15k-237,hard_synergy_weight_top5_mean_asc,0.52,21226,0.39676027968757105,0.3976087219631477,0.0021384254397762703
FB15k-237,hard_synergy_weight_top5_mean_asc,0.54,22042,0.3907591943660425,0.3915762271099581,0.002090885526676134
FB15k-237,hard_synergy_weight_top5_mean_asc,0.56,22859,0.3995319159890545,0.40032412230147457,0.0019828361157554486
FB15k-237,hard_synergy_weight_top5_mean_asc,0.58,23675,0.397182118112748,0.3979501063289544,0.0019335921260894562
FB15k-237,hard_synergy_weight_top5_mean_asc,0.6,24491,0.3863145401216797,0.38705694022860415,0.0019217503609638698
FB15k-237,hard_synergy_weight_top5_mean_asc,0.62,25308,0.38080839286539253,0.3815369420727869,0.0019131647858714462
FB15k-237,hard_synergy_weight_top5_mean_asc,0.64,26124,0.3811155342454675,0.38185418169634355,0.0019381195057777134
FB15k-237,hard_synergy_weight_top5_mean_asc,0.66,26941,0.38171684686875845,0.38250007357961396,0.0020518526160957506
FB15k-237,hard_synergy_weight_top5_mean_asc,0.68,27757,0.3808838788539589,0.38175374244628946,0.0022838025987024224
FB15k-237,hard_synergy_weight_top5_mean_asc,0.7,28573,0.3807305692463492,0.38170856368328454,0.002568731055326845
FB15k-237,hard_synergy_weight_top5_mean_asc,0.72,29390,0.37938586753843356,0.38048536472222294,0.002898097366998087
FB15k-237,hard_synergy_weight_top5_mean_asc,0.74,30206,0.3784304822386934,0.3797936424794623,0.003602141753235033
FB15k-237,hard_synergy_weight_top5_mean_asc,0.76,31022,0.3771580996687165,0.3786856185016225,0.004050075642675344
FB15k-237,hard_synergy_weight_top5_mean_asc,0.78,31839,0.3760889593174804,0.37772636714779934,0.00435377798191805
FB15k-237,hard_synergy_weight_top5_mean_asc,0.8,32655,0.3757538819537731,0.3777329690672117,0.005266977158421282
FB15k-237,hard_synergy_weight_top5_mean_asc,0.82,33472,0.3750707769147194,0.37733224746604055,0.0060294501478459495
FB15k-237,hard_synergy_weight_top5_mean_asc,0.84,34288,0.3721398833797644,0.3745153481859482,0.006383257780945062
FB15k-237,hard_synergy_weight_top5_mean_asc,0.86,35104,0.3682942863015106,0.37066639659575773,0.006440801235523708
FB15k-237,hard_synergy_weight_top5_mean_asc,0.88,35921,0.36522115510441144,0.367380991612169,0.005913777111679286
FB15k-237,hard_synergy_weight_top5_mean_asc,0.9,36737,0.36349127343290993,0.36572773711888934,0.00615273006379935
FB15k-237,hard_synergy_weight_top5_mean_asc,0.92,37553,0.362335179722472,0.36473765291289917,0.0066305269951081325
FB15k-237,hard_synergy_weight_top5_mean_asc,0.94,38370,0.35967474966490803,0.36227743756186037,0.007236226338871887
FB15k-237,hard_synergy_weight_top5_mean_asc,0.96,39186,0.356147966822256,0.3590180248207268,0.008058611211736011
FB15k-237,hard_synergy_weight_top5_mean_asc,0.98,40003,0.35489625526727253,0.3579278438460941,0.008542182493693762
FB15k-237,hard_synergy_weight_top5_mean_asc,1.0,40819,0.35281198551723697,0.3560530550713822,0.009186393000208515
KG20C,hard_synergy_weight_top5_mean_asc,0.02,149,0.033172634724470976,0.033172634724470976,0.0
KG20C,hard_synergy_weight_top5_mean_asc,0.04,298,0.11428997842239327,0.11428997842239327,0.0
KG20C,hard_synergy_weight_top5_mean_asc,0.06,447,0.2081743413082596,0.2081743413082596,0.0
KG20C,hard_synergy_weight_top5_mean_asc,0.08,596,0.3492920735972103,0.3492920735972103,0.0
KG20C,hard_synergy_weight_top5_mean_asc,0.1,745,0.40325047096826805,0.4039216119078654,0.001664327726600856
KG20C,hard_synergy_weight_top5_mean_asc,0.12,894,0.3486688242392105,0.35041356767039383,0.005004013292528642
KG20C,hard_synergy_weight_top5_mean_asc,0.14,1043,0.3180185418913588,0.31996118580077937,0.006108586932909832
KG20C,hard_synergy_weight_top5_mean_asc,0.16,1192,0.29104651217090727,0.2936128152571301,0.008817501598218369
KG20C,hard_synergy_weight_top5_mean_asc,0.18,1341,0.2720072855531206,0.2739462586947398,0.00712838679183303
KG20C,hard_synergy_weight_top5_mean_asc,0.2,1490,0.2660774621390097,0.26936871187005584,0.012369517149583675
KG20C,hard_synergy_weight_top5_mean_asc,0.22,1639,0.2533398878874614,0.25663637395115546,0.013012108322864702
KG20C,hard_synergy_weight_top5_mean_asc,0.24,1788,0.2555497711629523,0.25999402216726464,0.01739094104482075
KG20C,hard_synergy_weight_top5_mean_asc,0.26,1936,0.25523737072341635,0.25936348082057975,0.01616577574619593
KG20C,hard_synergy_weight_top5_mean_asc,0.28,2085,0.257478338659381,0.26127427983476137,0.014742759313831177
KG20C,hard_synergy_weight_top5_mean_asc,0.3,2234,0.2570567898280109,0.2612292212307465,0.016231554924214464
KG20C,hard_synergy_weight_top5_mean_asc,0.32,2383,0.2626281475191388,0.26633000868861,0.014095447134818029
KG20C,hard_synergy_weight_top5_mean_asc,0.34,2532,0.28772912985459004,0.2912315720168857,0.012172706197894234
KG20C,hard_synergy_weight_top5_mean_asc,0.36,2681,0.3074239731739184,0.3103899250402072,0.009647757250898836
KG20C,hard_synergy_weight_top5_mean_asc,0.38,2830,0.3261315825609803,0.3284195874434788,0.007015588200724787
KG20C,hard_synergy_weight_top5_mean_asc,0.4,2979,0.321842414921913,0.3243516495830759,0.007796469777830994
KG20C,hard_synergy_weight_top5_mean_asc,0.42,3128,0.3135294540722133,0.31605606634041283,0.008058612150734668
KG20C,hard_synergy_weight_top5_mean_asc,0.44,3277,0.30847168797248364,0.3111568874213653,0.008704848949123711
KG20C,hard_synergy_weight_top5_mean_asc,0.46,3426,0.3045417138357162,0.3076109880552008,0.010078337646514779
KG20C,hard_synergy_weight_top5_mean_asc,0.48,3575,0.30166354667076767,0.3052143064244498,0.011770596059315741
KG20C,hard_synergy_weight_top5_mean_asc,0.5,3724,0.2971392814443794,0.300870320451471,0.0125565323741621
KG20C,hard_synergy_weight_top5_mean_asc,0.52,3873,0.2934066676494991,0.2971981310807698,0.012922212919169285
KG20C,hard_synergy_weight_top5_mean_asc,0.54,4022,0.2908620349894173,0.29517349210258176,0.014823031521873586
KG20C,hard_synergy_weight_top5_mean_asc,0.56,4171,0.28915314985230955,0.2944396846145301,0.01828281920816255
KG20C,hard_synergy_weight_top5_mean_asc,0.58,4320,0.28526230836874494,0.29055621738489285,0.01855803890258345
KG20C,hard_synergy_weight_top5_mean_asc,0.6,4469,0.28183521172743375,0.287500757898497,0.020102336171331503
KG20C,hard_synergy_weight_top5_mean_asc,0.62,4618,0.2789068326256809,0.2852430098792792,0.02271789899855925
KG20C,hard_synergy_weight_top5_mean_asc,0.64,4767,0.2768634859530834,0.283814512026244,0.02510633010789487
KG20C,hard_synergy_weight_top5_mean_asc,0.66,4916,0.27233583553634294,0.27957222010468324,0.026571547420811692
KG20C,hard_synergy_weight_top5_mean_asc,0.68,5065,0.2692972747835918,0.27641847011268705,0.026443621959479247
KG20C,hard_synergy_weight_top5_mean_asc,0.7,5214,0.26632263069353534,0.2741277045274052,0.029306836649760193
KG20C,hard_synergy_weight_top5_mean_asc,0.72,5363,0.2630817841860873,0.2710024285948604,0.03010715634789274
KG20C,hard_synergy_weight_top5_mean_asc,0.74,5512,0.2610692809888627,0.2688608849781805,0.029844966668637785
KG20C,hard_synergy_weight_top5_mean_asc,0.76,5660,0.26140608098397244,0.26911720968832575,0.029498658467803862
KG20C,hard_synergy_weight_top5_mean_asc,0.78,5809,0.2578329256628573,0.26541544442753234,0.029408651921321916
KG20C,hard_synergy_weight_top5_mean_asc,0.8,5958,0.255905045655738,0.2635096924753508,0.029716674011356137
KG20C,hard_synergy_weight_top5_mean_asc,0.82,6107,0.2535663453615312,0.2611588704618713,0.02994295275863501
KG20C,hard_synergy_weight_top5_mean_asc,0.84,6256,0.25016559696892643,0.25792461357516644,0.031015522119149708
KG20C,hard_synergy_weight_top5_mean_asc,0.86,6405,0.2463804983494683,0.25432746635482884,0.03225485806952344
KG20C,hard_synergy_weight_top5_mean_asc,0.88,6554,0.24378567902521378,0.25143515940616185,0.03137789066008634
KG20C,hard_synergy_weight_top5_mean_asc,0.9,6703,0.2404340406653106,0.24804040094694838,0.031635954129415556
KG20C,hard_synergy_weight_top5_mean_asc,0.92,6852,0.23785404456786888,0.24564796032285727,0.03276764021040002
KG20C,hard_synergy_weight_top5_mean_asc,0.94,7001,0.23519566690439617,0.2428718711991186,0.032637524303722465
KG20C,hard_synergy_weight_top5_mean_asc,0.96,7150,0.23243779680711948,0.24012191640149805,0.03305882132738924
KG20C,hard_synergy_weight_top5_mean_asc,0.98,7299,0.22899005082170265,0.2367888502067499,0.034057372174302714
KG20C,hard_synergy_weight_top5_mean_asc,1.0,7448,0.22638074035722044,0.23398674950607826,0.033598304947920044
WN18RR,hard_synergy_weight_top5_mean_asc,0.02,121,0.7700818485293885,0.7663874270446135,-0.004797440027745403
WN18RR,hard_synergy_weight_top5_mean_asc,0.04,242,0.4759090644215748,0.4794888086654449,0.007521908094398233
WN18RR,hard_synergy_weight_top5_mean_asc,0.06,363,0.39356116110894496,0.39822759334158975,0.011856942945020599
WN18RR,hard_synergy_weight_top5_mean_asc,0.08,484,0.3735691309967838,0.3750137752027523,0.0038671402053853665
WN18RR,hard_synergy_weight_top5_mean_asc,0.1,606,0.3389790806188439,0.3406652512120303,0.004974261509318234
WN18RR,hard_synergy_weight_top5_mean_asc,0.12,727,0.3138260667680065,0.31566222934737276,0.005850892496841675
WN18RR,hard_synergy_weight_top5_mean_asc,0.14,848,0.31333777962974735,0.3167255543793313,0.010811893649042448
WN18RR,hard_synergy_weight_top5_mean_asc,0.16,969,0.3822370000673233,0.3872559490408964,0.013130463489115618
WN18RR,hard_synergy_weight_top5_mean_asc,0.18,1090,0.44615859335751334,0.45062039294961626,0.01000047888470812
WN18RR,hard_synergy_weight_top5_mean_asc,0.2,1211,0.49774707159571274,0.5017630596678782,0.0080683308879963
WN18RR,hard_synergy_weight_top5_mean_asc,0.22,1332,0.53984417767774,0.543495350016623,0.00676338189769754
WN18RR,hard_synergy_weight_top5_mean_asc,0.24,1453,0.5765294355197587,0.5798765529013088,0.0058056313786174485
WN18RR,hard_synergy_weight_top5_mean_asc,0.26,1574,0.6060424103016673,0.6091322206926408,0.005098340212585928
WN18RR,hard_synergy_weight_top5_mean_asc,0.28,1695,0.6325518722130625,0.6354211120687513,0.00453597559619956
WN18RR,hard_synergy_weight_top5_mean_asc,0.3,1816,0.6521923697534603,0.6548704322839626,0.004106246338813513
WN18RR,hard_synergy_weight_top5_mean_asc,0.32,1938,0.6707509185491725,0.6732603930359591,0.003741291166942551
WN18RR,hard_synergy_weight_top5_mean_asc,0.34,2059,0.6867616312542659,0.6891236329810226,0.003439332687300567
WN18RR,hard_synergy_weight_top5_mean_asc,0.36,2180,0.701954342402188,0.7041852421982395,0.0031781266405690456
WN18RR,hard_synergy_weight_top5_mean_asc,0.38,2301,0.7159712824997007,0.7180848685733174,0.002952054258709369
WN18RR,hard_synergy_weight_top5_mean_asc,0.4,2422,0.727323172236361,0.7293311662724437,0.0027608003054659935
WN18RR,hard_synergy_weight_top5_mean_asc,0.42,2543,0.7379835027305004,0.7398959532045044,0.002591454235667978
WN18RR,hard_synergy_weight_top5_mean_asc,0.44,2664,0.7484950025186067,0.7503205886880482,0.002439009162784833
WN18RR,hard_synergy_weight_top5_mean_asc,0.46,2785,0.7579381642988551,0.7596844341571648,0.002303974045066326
WN18RR,hard_synergy_weight_top5_mean_asc,0.48,2906,0.7674569878803879,0.7691305465711629,0.002180654704046825
WN18RR,hard_synergy_weight_top5_mean_asc,0.5,3028,0.7739392297560618,0.77554535972812,0.002075266261621689
WN18RR,hard_synergy_weight_top5_mean_asc,0.52,3149,0.7551487794324021,0.7565344143480772,0.0018349164474802393
WN18RR,hard_synergy_weight_top5_mean_asc,0.54,3270,0.7383933360785341,0.7397676568724387,0.0018612313068850916
WN18RR,hard_synergy_weight_top5_mean_asc,0.56,3391,0.7159640207569234,0.7172904257985927,0.0018526141024055587
WN18RR,hard_synergy_weight_top5_mean_asc,0.58,3512,0.6942211043599148,0.6955207065434169,0.0018720292070353306
WN18RR,hard_synergy_weight_top5_mean_asc,0.6,3633,0.6735346349626221,0.6748067514934365,0.0018887173202086771
WN18RR,hard_synergy_weight_top5_mean_asc,0.62,3754,0.65271017119137,0.6539468939660685,0.0018947502724542264
WN18RR,hard_synergy_weight_top5_mean_asc,0.64,3875,0.6369009949088476,0.638128764105527,0.0019277237851624829
WN18RR,hard_synergy_weight_top5_mean_asc,0.66,3996,0.6224047235239386,0.6236263877708945,0.001962813264075214
WN18RR,hard_synergy_weight_top5_mean_asc,0.68,4117,0.6061618313106769,0.6073608892464095,0.001978115205868214
WN18RR,hard_synergy_weight_top5_mean_asc,0.7,4238,0.5904190624807443,0.5915940321546765,0.001990060532590876
WN18RR,hard_synergy_weight_top5_mean_asc,0.72,4360,0.5783386722658956,0.5795892005245739,0.002162276739645863
WN18RR,hard_synergy_weight_top5_mean_asc,0.74,4481,0.5817771057300062,0.5830003492322553,0.00210259821192893
WN18RR,hard_synergy_weight_top5_mean_asc,0.76,4602,0.5710348796530758,0.5722659121052502,0.0021557920471029224
WN18RR,hard_synergy_weight_top5_mean_asc,0.78,4723,0.5624124580667587,0.563648178273334,0.0021971778698199884
WN18RR,hard_synergy_weight_top5_mean_asc,0.8,4844,0.5519713186106353,0.5531995765839193,0.0022252206443906797
WN18RR,hard_synergy_weight_top5_mean_asc,0.82,4965,0.542493491132831,0.5437175988684112,0.002256446861738537
WN18RR,hard_synergy_weight_top5_mean_asc,0.84,5086,0.5383222800705012,0.5395739379355744,0.002325108789681396
WN18RR,hard_synergy_weight_top5_mean_asc,0.86,5207,0.5323043787866693,0.5335690674965333,0.00237587508249848
WN18RR,hard_synergy_weight_top5_mean_asc,0.88,5328,0.5233369183402552,0.524593055066247,0.0024002448173836566
WN18RR,hard_synergy_weight_top5_mean_asc,0.9,5450,0.5211180890080325,0.5222573244525411,0.0021861368249127544
WN18RR,hard_synergy_weight_top5_mean_asc,0.92,5571,0.5182554913326092,0.5193815234849284,0.002172735593063857
WN18RR,hard_synergy_weight_top5_mean_asc,0.94,5692,0.512776998411747,0.514067408524051,0.0025165132529361145
WN18RR,hard_synergy_weight_top5_mean_asc,0.96,5813,0.512839922469954,0.5142920556649853,0.002831552559398043
WN18RR,hard_synergy_weight_top5_mean_asc,0.98,5934,0.5106220426841147,0.5123233438260668,0.0033318207984307513
WN18RR,hard_synergy_weight_top5_mean_asc,1.0,6055,0.5112021246888968,0.5133269561687425,0.0041565388272568615
YAGO3-10,hard_synergy_weight_top5_mean_asc,0.02,200,0.3634982535128877,0.36567830127309847,0.005997409173613688
YAGO3-10,hard_synergy_weight_top5_mean_asc,0.04,399,0.3488364417484796,0.34993112541467364,0.0031381000812504833
YAGO3-10,hard_synergy_weight_top5_mean_asc,0.06,598,0.32924731724279477,0.3307880721560968,0.00467962784390985
YAGO3-10,hard_synergy_weight_top5_mean_asc,0.08,798,0.2509545183991541,0.25210535603718875,0.004585841471896446
YAGO3-10,hard_synergy_weight_top5_mean_asc,0.1,998,0.3805230113295401,0.3819442221864054,0.0037348880739160872
YAGO3-10,hard_synergy_weight_top5_mean_asc,0.12,1197,0.40550014880940055,0.40677123529948256,0.003134614114973955
YAGO3-10,hard_synergy_weight_top5_mean_asc,0.14,1397,0.38034849020494016,0.38267483478551423,0.006116350243221991
YAGO3-10,hard_synergy_weight_top5_mean_asc,0.16,1596,0.3516510508943832,0.35368733120707857,0.005790627690479999
YAGO3-10,hard_synergy_weight_top5_mean_asc,0.18,1796,0.3304026457568861,0.3333053156528467,0.008785250158367175
YAGO3-10,hard_synergy_weight_top5_mean_asc,0.2,1995,0.32883979833467447,0.3313550057661974,0.007648731827049504
YAGO3-10,hard_synergy_weight_top5_mean_asc,0.22,2194,0.3227127566733115,0.32497166259291915,0.006999741636784407
YAGO3-10,hard_synergy_weight_top5_mean_asc,0.24,2394,0.3227383069037516,0.3258799780720453,0.009734422908869611
YAGO3-10,hard_synergy_weight_top5_mean_asc,0.26,2594,0.3193541507739632,0.3227405448887096,0.010603883201578679
YAGO3-10,hard_synergy_weight_top5_mean_asc,0.28,2793,0.3284745400422032,0.3326597980249004,0.012741498875862511
YAGO3-10,hard_synergy_weight_top5_mean_asc,0.3,2992,0.34027072438988537,0.34469519715354635,0.013002801729693925
YAGO3-10,hard_synergy_weight_top5_mean_asc,0.32,3192,0.3356988615942071,0.3405425906450251,0.014428792006667912
YAGO3-10,hard_synergy_weight_top5_mean_asc,0.34,3392,0.3262928618789964,0.33259461084648834,0.019313168333510378
YAGO3-10,hard_synergy_weight_top5_mean_asc,0.36,3591,0.3211629721063544,0.32699647764952183,0.01816369273490115
YAGO3-10,hard_synergy_weight_top5_mean_asc,0.38,3790,0.327278073808103,0.33506527500861344,0.023793837179194588
YAGO3-10,hard_synergy_weight_top5_mean_asc,0.4,3990,0.33328987824161654,0.3422736803018266,0.026954920166214258
YAGO3-10,hard_synergy_weight_top5_mean_asc,0.42,4190,0.34145462223490025,0.3504301516646824,0.02628615589103811
YAGO3-10,hard_synergy_weight_top5_mean_asc,0.44,4389,0.3483083954563347,0.3574925983983718,0.026368020587056007
YAGO3-10,hard_synergy_weight_top5_mean_asc,0.46,4588,0.3538571586074608,0.36259180129844293,0.02468409209341904
YAGO3-10,hard_synergy_weight_top5_mean_asc,0.48,4788,0.3593453990191952,0.36892729375028266,0.026664859929306006
YAGO3-10,hard_synergy_weight_top5_mean_asc,0.5,4988,0.36401861084887077,0.37444024424628836,0.028629397197893036
YAGO3-10,hard_synergy_weight_top5_mean_asc,0.52,5187,0.3736346484760388,0.38450353807247617,0.029089619072451667
YAGO3-10,hard_synergy_weight_top5_mean_asc,0.54,5386,0.3925432532742708,0.4036908132906273,0.028398297317232535
YAGO3-10,hard_synergy_weight_top5_mean_asc,0.56,5586,0.41017834739512177,0.4212002933561722,0.026871106266448175
YAGO3-10,hard_synergy_weight_top5_mean_asc,0.58,5786,0.4263230364275285,0.43782924035584053,0.02698940227281854
YAGO3-10,hard_synergy_weight_top5_mean_asc,0.6,5985,0.4422885984720572,0.4541561312224185,0.02683210191571561
YAGO3-10,hard_synergy_weight_top5_mean_asc,0.62,6184,0.4579072264196489,0.46940467260760615,0.025108680371469738
YAGO3-10,hard_synergy_weight_top5_mean_asc,0.64,6384,0.471579356448348,0.48278151023779764,0.023754546581125968
YAGO3-10,hard_synergy_weight_top5_mean_asc,0.66,6584,0.475313321039692,0.48633605890722403,0.02319046696065885
YAGO3-10,hard_synergy_weight_top5_mean_asc,0.68,6783,0.47582222408755664,0.4866823755550347,0.022823968527959426
YAGO3-10,hard_synergy_weight_top5_mean_asc,0.7,6982,0.47194166416068556,0.48298467835970543,0.023399108486552134
YAGO3-10,hard_synergy_weight_top5_mean_asc,0.72,7182,0.4840948331404129,0.4951488078977469,0.022834316750758976
YAGO3-10,hard_synergy_weight_top5_mean_asc,0.74,7382,0.4942466208135888,0.5052389391976438,0.022240553442652633
YAGO3-10,hard_synergy_weight_top5_mean_asc,0.76,7581,0.5005278922828391,0.5115488470421107,0.022018662554461166
YAGO3-10,hard_synergy_weight_top5_mean_asc,0.78,7780,0.5006402308615201,0.5124138576324205,0.023517140743243736
YAGO3-10,hard_synergy_weight_top5_mean_asc,0.8,7980,0.506977388040331,0.5192023098968622,0.024113347350234626
YAGO3-10,hard_synergy_weight_top5_mean_asc,0.82,8179,0.5138716446841713,0.5269153448180312,0.025383187161215126
YAGO3-10,hard_synergy_weight_top5_mean_asc,0.84,8379,0.520082907560357,0.533220998381167,0.02526153163240652
YAGO3-10,hard_synergy_weight_top5_mean_asc,0.86,8578,0.5268516205026633,0.5408784007099029,0.026623777286395756
YAGO3-10,hard_synergy_weight_top5_mean_asc,0.88,8778,0.5344258839668578,0.548801301267852,0.02689880436608072
YAGO3-10,hard_synergy_weight_top5_mean_asc,0.9,8978,0.537504916914935,0.5529677810920984,0.02876785623825384
YAGO3-10,hard_synergy_weight_top5_mean_asc,0.92,9177,0.5415540340445605,0.5580958406768709,0.030545071391619105
YAGO3-10,hard_synergy_weight_top5_mean_asc,0.94,9376,0.5489772420178056,0.5656491651183817,0.030369060544836568
YAGO3-10,hard_synergy_weight_top5_mean_asc,0.96,9576,0.5517485895086462,0.569473632357464,0.032125216422578484
YAGO3-10,hard_synergy_weight_top5_mean_asc,0.98,9776,0.5562424117013511,0.5745092359114965,0.03283968253027214
YAGO3-10,hard_synergy_weight_top5_mean_asc,1.0,9975,0.5616723217905851,0.5802260659200454,0.03303303974515215
codex-l,hard_synergy_weight_top5_mean_asc,0.02,1223,0.44884499939433437,0.4491992660863703,0.0007892851485791219
codex-l,hard_synergy_weight_top5_mean_asc,0.04,2445,0.3602938789970867,0.3633211353216511,0.008402186384601107
codex-l,hard_synergy_weight_top5_mean_asc,0.06,3668,0.40203827412769605,0.4069757595672734,0.012281132810775919
codex-l,hard_synergy_weight_top5_mean_asc,0.08,4890,0.3782368009879706,0.3850337660688531,0.0179701315766434
codex-l,hard_synergy_weight_top5_mean_asc,0.1,6113,0.352737974430451,0.3588788884665655,0.01740927963888761
codex-l,hard_synergy_weight_top5_mean_asc,0.12,7335,0.3102538339462884,0.3153716809132643,0.016495676787871227
codex-l,hard_synergy_weight_top5_mean_asc,0.14,8558,0.2759588549608819,0.28034532463870016,0.015895375701714842
codex-l,hard_synergy_weight_top5_mean_asc,0.16,9781,0.30500641017644237,0.3095829925121162,0.01500487262882877
codex-l,hard_synergy_weight_top5_mean_asc,0.18,11003,0.29686949827493886,0.30096458122802583,0.013794219267667662
codex-l,hard_synergy_weight_top5_mean_asc,0.2,12226,0.3115191796631738,0.31513359749171876,0.011602553115519276
codex-l,hard_synergy_weight_top5_mean_asc,0.22,13448,0.28990602218546735,0.2936907361141982,0.013054968296966285
codex-l,hard_synergy_weight_top5_mean_asc,0.24,14671,0.3040125563203112,0.3079299059355969,0.012885486253266132
codex-l,hard_synergy_weight_top5_mean_asc,0.26,15894,0.28620916701453286,0.2898756327825798,0.012810441420489926
codex-l,hard_synergy_weight_top5_mean_asc,0.28,17116,0.2848814218949785,0.28832413709595744,0.012084730475152128
codex-l,hard_synergy_weight_top5_mean_asc,0.3,18339,0.2766979591799116,0.2801188230440504,0.012363169841504096
codex-l,hard_synergy_weight_top5_mean_asc,0.32,19561,0.2617226356604725,0.26496391995651947,0.012384424785679693
codex-l,hard_synergy_weight_top5_mean_asc,0.34,20784,0.2640375343942917,0.2672250012735679,0.012072021830488389
codex-l,hard_synergy_weight_top5_mean_asc,0.36,22006,0.2706848752175334,0.2734715633866947,0.010294953373075622
codex-l,hard_synergy_weight_top5_mean_asc,0.38,23229,0.2734686447813133,0.27643958016818526,0.010863897721246074
codex-l,hard_synergy_weight_top5_mean_asc,0.4,24452,0.2624579073576232,0.2658848085198484,0.013056955291332661
codex-l,hard_synergy_weight_top5_mean_asc,0.42,25674,0.255292070125758,0.25939876419580793,0.016086257861542386
codex-l,hard_synergy_weight_top5_mean_asc,0.44,26897,0.2816563513827298,0.28572950929821456,0.014461445287807129
codex-l,hard_synergy_weight_top5_mean_asc,0.46,28119,0.306532878550151,0.31056751504624525,0.013162165556847905
codex-l,hard_synergy_weight_top5_mean_asc,0.48,29342,0.3214680547248245,0.3255331462769571,0.012645398173738664
codex-l,hard_synergy_weight_top5_mean_asc,0.5,30564,0.32195023298505776,0.326051656893916,0.012739310268020887
codex-l,hard_synergy_weight_top5_mean_asc,0.52,31787,0.3262629824177416,0.3304075981369963,0.012703297470468167
codex-l,hard_synergy_weight_top5_mean_asc,0.54,33010,0.331070088584461,0.3352550183550699,0.012640615733369831
codex-l,hard_synergy_weight_top5_mean_asc,0.56,34232,0.33847761798947346,0.3425545723594296,0.01204497477314126
codex-l,hard_synergy_weight_top5_mean_asc,0.58,35455,0.3466288580291712,0.35053797257988845,0.01127752193785403
codex-l,hard_synergy_weight_top5_mean_asc,0.6,36677,0.34265598701409106,0.34649933111295045,0.011216334295951924
codex-l,hard_synergy_weight_top5_mean_asc,0.62,37900,0.3456469516934987,0.34930748971870557,0.01059039579915888
codex-l,hard_synergy_weight_top5_mean_asc,0.64,39123,0.34458557309217197,0.34815076118935295,0.010346306913514791
codex-l,hard_synergy_weight_top5_mean_asc,0.66,40345,0.3469166859050443,0.35038921209963964,0.010009683407230963
codex-l,hard_synergy_weight_top5_mean_asc,0.68,41568,0.3465558466695408,0.3499947110661592,0.00992297325140079
codex-l,hard_synergy_weight_top5_mean_asc,0.7,42790,0.35381387845142254,0.35714209189999857,0.009406678627596587
codex-l,hard_synergy_weight_top5_mean_asc,0.72,44013,0.3576719048894772,0.3613038648911151,0.010154445881792595
codex-l,hard_synergy_weight_top5_mean_asc,0.74,45235,0.36008864015399994,0.36414667923198546,0.011269555952251098
codex-l,hard_synergy_weight_top5_mean_asc,0.76,46458,0.36245588228827536,0.3671759303240712,0.013022407047161177
codex-l,hard_synergy_weight_top5_mean_asc,0.78,47681,0.3629254935246738,0.36779316830157066,0.013412325294712035
codex-l,hard_synergy_weight_top5_mean_asc,0.8,48903,0.35842616636264585,0.36336778986101526,0.013787005420161202
codex-l,hard_synergy_weight_top5_mean_asc,0.82,50126,0.35609856239635723,0.3611887091242316,0.014294207462171027
codex-l,hard_synergy_weight_top5_mean_asc,0.84,51348,0.35400458052820394,0.35900554159499376,0.014126825871371373
codex-l,hard_synergy_weight_top5_mean_asc,0.86,52571,0.34888065818564035,0.35382808659320986,0.014180861826214919
codex-l,hard_synergy_weight_top5_mean_asc,0.88,53794,0.34629433150553346,0.3512679823887314,0.014362495804002062
codex-l,hard_synergy_weight_top5_mean_asc,0.9,55016,0.3470551241621211,0.35210638437338476,0.014554633715490262
codex-l,hard_synergy_weight_top5_mean_asc,0.92,56239,0.3424971449727878,0.34746342923576434,0.01450022090949421
codex-l,hard_synergy_weight_top5_mean_asc,0.94,57461,0.3408337784225085,0.3458278649528251,0.014652557482509154
codex-l,hard_synergy_weight_top5_mean_asc,0.96,58684,0.3379518784055665,0.34301512079233315,0.014982140092413943
codex-l,hard_synergy_weight_top5_mean_asc,0.98,59906,0.33513394202921254,0.3401802370800992,0.015057546902983665
codex-l,hard_synergy_weight_top5_mean_asc,1.0,61129,0.32990176871301513,0.334842792661744,0.014977258133547888
codex-m,hard_synergy_weight_top5_mean_asc,0.02,412,0.6472109892192326,0.6471080492545422,-0.00015905163293739033
codex-m,hard_synergy_weight_top5_mean_asc,0.04,824,0.46119876826605827,0.4627329088772834,0.0033264195760820403
codex-m,hard_synergy_weight_top5_mean_asc,0.06,1236,0.4164242027294508,0.42027887235286393,0.00925659363252107
codex-m,hard_synergy_weight_top5_mean_asc,0.08,1648,0.35626589448554097,0.3603388114048868,0.011432239185362514
codex-m,hard_synergy_weight_top5_mean_asc,0.1,2059,0.33129279690249663,0.333547162082372,0.006804751570070655
codex-m,hard_synergy_weight_top5_mean_asc,0.12,2471,0.39707412359118954,0.40045671739730687,0.00851879688236723
codex-m,hard_synergy_weight_top5_mean_asc,0.14,2883,0.4114864699884029,0.4147023013214368,0.007815156919070976
codex-m,hard_synergy_weight_top5_mean_asc,0.16,3295,0.3897800775726259,0.3932409835535317,0.008879124870770028
codex-m,hard_synergy_weight_top5_mean_asc,0.18,3707,0.363904052682161,0.37097768032591016,0.019438166713486194
codex-m,hard_synergy_weight_top5_mean_asc,0.2,4119,0.3407317554157746,0.3490016887454463,0.024271096539212778
codex-m,hard_synergy_weight_top5_mean_asc,0.22,4531,0.37641061240427826,0.384384789711793,0.02118478343790753
codex-m,hard_synergy_weight_top5_mean_asc,0.24,4943,0.4137841037303906,0.4215432287712425,0.018751626683821465
codex-m,hard_synergy_weight_top5_mean_asc,0.26,5354,0.3951210270259041,0.4021180857648067,0.017708646870984834
codex-m,hard_synergy_weight_top5_mean_asc,0.28,5766,0.36952662825572336,0.3763872650881443,0.018566014754620497
codex-m,hard_synergy_weight_top5_mean_asc,0.3,6178,0.34814423915966786,0.3545501212295677,0.018400080625668336
codex-m,hard_synergy_weight_top5_mean_asc,0.32,6590,0.32801041330461883,0.33417322153130785,0.01878845297806353
codex-m,hard_synergy_weight_top5_mean_asc,0.34,7002,0.31014685174374484,0.315858495954278,0.018415934833516667
codex-m,hard_synergy_weight_top5_mean_asc,0.36,7414,0.2948008533540631,0.3003387475672715,0.0187852041478227
codex-m,hard_synergy_weight_top5_mean_asc,0.38,7826,0.28061818812276335,0.28586913446183426,0.018712067005342448
codex-m,hard_synergy_weight_top5_mean_asc,0.4,8238,0.26960211922999117,0.27456322257020704,0.018401573972731455
codex-m,hard_synergy_weight_top5_mean_asc,0.42,8649,0.26062248424570283,0.26536984872697694,0.018215483192150606
codex-m,hard_synergy_weight_top5_mean_asc,0.44,9061,0.27189653970547506,0.2763041010733429,0.01621043567763758
codex-m,hard_synergy_weight_top5_mean_asc,0.46,9473,0.283623369436358,0.28765453142540515,0.014213081231839952
codex-m,hard_synergy_weight_top5_mean_asc,0.48,9885,0.29514975601991394,0.29901091722650996,0.013082040990525234
codex-m,hard_synergy_weight_top5_mean_asc,0.5,10297,0.3062324754668295,0.30991303329261644,0.012018835755992718
codex-m,hard_synergy_weight_top5_mean_asc,0.52,10709,0.31614581244988316,0.3197622064031319,0.011439006340854263
codex-m,hard_synergy_weight_top5_mean_asc,0.54,11121,0.32670498078031385,0.33020322133557134,0.010707643779724885
codex-m,hard_synergy_weight_top5_mean_asc,0.56,11533,0.33525810422408686,0.33859733486362076,0.009960178732329572
codex-m,hard_synergy_weight_top5_mean_asc,0.58,11945,0.341533047897602,0.3448015873047097,0.009570199508446064
codex-m,hard_synergy_weight_top5_mean_asc,0.6,12356,0.3458531169686896,0.34884418818701224,0.008648385894389543
codex-m,hard_synergy_weight_top5_mean_asc,0.62,12768,0.340948718855888,0.34388414228432124,0.008609574596096348
codex-m,hard_synergy_weight_top5_mean_asc,0.64,13180,0.34874261333038864,0.35162507130217036,0.008265287526107334
codex-m,hard_synergy_weight_top5_mean_asc,0.66,13592,0.35118662317195565,0.35394870062994166,0.007864984813597431
codex-m,hard_synergy_weight_top5_mean_asc,0.68,14004,0.34476249465322667,0.3474433113348139,0.007775836186252327
codex-m,hard_synergy_weight_top5_mean_asc,0.7,14416,0.33839905322365105,0.3409929697179461,0.0076652593131836255
codex-m,hard_synergy_weight_top5_mean_asc,0.72,14828,0.33673395831701974,0.3394432024395406,0.008045651635675721
codex-m,hard_synergy_weight_top5_mean_asc,0.74,15240,0.3379752743501597,0.34051132652318755,0.0075036618519033205
codex-m,hard_synergy_weight_top5_mean_asc,0.76,15651,0.3389031614181668,0.34135052984469155,0.007221438762281096
codex-m,hard_synergy_weight_top5_mean_asc,0.78,16063,0.3421246514720467,0.3446938952534065,0.007509671607424995
codex-m,hard_synergy_weight_top5_mean_asc,0.8,16475,0.3464211574261927,0.34895350054811364,0.007310012877779881
codex-m,hard_synergy_weight_top5_mean_asc,0.82,16887,0.3495582139206629,0.35207590306224207,0.007202488859697098
codex-m,hard_synergy_weight_top5_mean_asc,0.84,17299,0.3491581639448209,0.35180447594780984,0.00757912108681813
codex-m,hard_synergy_weight_top5_mean_asc,0.86,17711,0.34837177158084165,0.3510357059134048,0.007646814552381143
codex-m,hard_synergy_weight_top5_mean_asc,0.88,18123,0.3455879902658207,0.3483084781610929,0.007872055661366062
codex-m,hard_synergy_weight_top5_mean_asc,0.9,18535,0.3446471822556914,0.3473282654300251,0.0077792110667673775
codex-m,hard_synergy_weight_top5_mean_asc,0.92,18946,0.3446233605740318,0.34725862484888587,0.007646795244711679
codex-m,hard_synergy_weight_top5_mean_asc,0.94,19358,0.3445887572816763,0.3473107149620769,0.007899148253915689
codex-m,hard_synergy_weight_top5_mean_asc,0.96,19770,0.3440500182890648,0.3467193708333795,0.00775861764980923
codex-m,hard_synergy_weight_top5_mean_asc,0.98,20182,0.3471424512950457,0.34975163815954996,0.007516184940131954
codex-m,hard_synergy_weight_top5_mean_asc,1.0,20594,0.34234153499948855,0.3449297847479118,0.0075604315685127155
hetionet,hard_synergy_weight_top5_mean_asc,0.02,9001,0.03682673725769466,0.03817481389010941,0.03660592093678017
hetionet,hard_synergy_weight_top5_mean_asc,0.04,18002,0.03050220458326001,0.0310201221827423,0.016979677585879482
hetionet,hard_synergy_weight_top5_mean_asc,0.06,27002,0.027638890496631117,0.028164283262672434,0.019009184399256362
hetionet,hard_synergy_weight_top5_mean_asc,0.08,36003,0.02960636991188331,0.030048366311574728,0.014929098062576474
hetionet,hard_synergy_weight_top5_mean_asc,0.1,45004,0.034150750381179464,0.03462399064350075,0.013857389868132897
hetionet,hard_synergy_weight_top5_mean_asc,0.12,54005,0.03748323945026806,0.037801249405049774,0.00848405739326874
hetionet,hard_synergy_weight_top5_mean_asc,0.14,63006,0.07476752301767098,0.0756548070660043,0.011867238775900235
hetionet,hard_synergy_weight_top5_mean_asc,0.16,72006,0.15030210002900304,0.15222633529368065,0.012802450959143563
hetionet,hard_synergy_weight_top5_mean_asc,0.18,81007,0.20832914514233875,0.21046741872377653,0.01026391952972694
hetionet,hard_synergy_weight_top5_mean_asc,0.2,90008,0.2554019953812399,0.2583618541480027,0.011589019742561435
hetionet,hard_synergy_weight_top5_mean_asc,0.22,99009,0.29200458232303106,0.2945264944371906,0.008636549790063341
hetionet,hard_synergy_weight_top5_mean_asc,0.24,108010,0.32311901584878805,0.3255113714857776,0.00740394566598046
hetionet,hard_synergy_weight_top5_mean_asc,0.26,117010,0.32823167617779175,0.3297360727486061,0.004583337563067724
hetionet,hard_synergy_weight_top5_mean_asc,0.28,126011,0.30868354409249465,0.3090449725481941,0.0011708705002788644
hetionet,hard_synergy_weight_top5_mean_asc,0.3,135012,0.29133290963069625,0.2910594462263753,-0.0009386629360466081
hetionet,hard_synergy_weight_top5_mean_asc,0.32,144013,0.2765344118608094,0.2754476878371008,-0.0039297967164232395
hetionet,hard_synergy_weight_top5_mean_asc,0.34,153014,0.2626502398036653,0.2610102450463166,-0.006244025356971439
hetionet,hard_synergy_weight_top5_mean_asc,0.36,162014,0.2505768256350221,0.24820881583590343,-0.00945023464607131
hetionet,hard_synergy_weight_top5_mean_asc,0.38,171015,0.24252437067588103,0.24024461325419805,-0.009400116843225392
hetionet,hard_synergy_weight_top5_mean_asc,0.4,180016,0.25189856049822046,0.2495844571119752,-0.009186647917591495
hetionet,hard_synergy_weight_top5_mean_asc,0.42,189017,0.2450032809202841,0.24281069917505854,-0.00894919340259337
hetionet,hard_synergy_weight_top5_mean_asc,0.44,198018,0.23677529560971167,0.2347402974621559,-0.008594638821231348
hetionet,hard_synergy_weight_top5_mean_asc,0.46,207018,0.23464226088249676,0.23277393865877016,-0.00796242849305906
hetionet,hard_synergy_weight_top5_mean_asc,0.48,216019,0.2343026465447722,0.23224835485354148,-0.008767684537605791
hetionet,hard_synergy_weight_top5_mean_asc,0.5,225020,0.23564017304374965,0.2335992964959045,-0.008660987307398726
hetionet,hard_synergy_weight_top5_mean_asc,0.52,234021,0.23527771197420885,0.2333274504939788,-0.008289189247317474
hetionet,hard_synergy_weight_top5_mean_asc,0.54,243022,0.23400174097988838,0.23227578710792632,-0.007375816371000377
hetionet,hard_synergy_weight_top5_mean_asc,0.56,252022,0.23438009704986912,0.23283855032206585,-0.0065771230032184436
hetionet,hard_synergy_weight_top5_mean_asc,0.58,261023,0.23925562584683852,0.23783568363116067,-0.005934833133607653
hetionet,hard_synergy_weight_top5_mean_asc,0.6,270024,0.24194596727219397,0.24066671976480508,-0.005287327256625507
hetionet,hard_synergy_weight_top5_mean_asc,0.62,279025,0.24162355956162807,0.24060470542849266,-0.004216700287769437
hetionet,hard_synergy_weight_top5_mean_asc,0.64,288026,0.2404255077830349,0.23956155785427402,-0.0035934204183547536
hetionet,hard_synergy_weight_top5_mean_asc,0.66,297026,0.25127181683851896,0.2510760065511716,-0.0007792767601675354
hetionet,hard_synergy_weight_top5_mean_asc,0.68,306027,0.2632745034839715,0.26486932526284523,0.0060576385398853905
hetionet,hard_synergy_weight_top5_mean_asc,0.7,315028,0.275399022320824,0.27759800395767,0.007984711123208976
hetionet,hard_synergy_weight_top5_mean_asc,0.72,324029,0.2879645302113667,0.2901379010294216,0.007547355976305958
hetionet,hard_synergy_weight_top5_mean_asc,0.74,333030,0.2962402704591322,0.29853940114492067,0.007761033576647591
hetionet,hard_synergy_weight_top5_mean_asc,0.76,342030,0.3065595955646598,0.3089378674990898,0.007757943215084939
hetionet,hard_synergy_weight_top5_mean_asc,0.78,351031,0.313182853277483,0.3155664280518714,0.00761080866798447
hetionet,hard_synergy_weight_top5_mean_asc,0.8,360032,0.3206828559966217,0.32403567616529866,0.010455252302955298
hetionet,hard_synergy_weight_top5_mean_asc,0.82,369033,0.3274132859618003,0.33229885065800874,0.014921705702493737
hetionet,hard_synergy_weight_top5_mean_asc,0.84,378034,0.33500226928819354,0.3414446443677195,0.01923084011703735
hetionet,hard_synergy_weight_top5_mean_asc,0.86,387034,0.3417899612354884,0.34987070130789094,0.023642414900638453
hetionet,hard_synergy_weight_top5_mean_asc,0.88,396035,0.3482225186375833,0.3574825071403263,0.026592158769549457
hetionet,hard_synergy_weight_top5_mean_asc,0.9,405036,0.3536930586479881,0.36403729992662687,0.029246379101077746
hetionet,hard_synergy_weight_top5_mean_asc,0.92,414037,0.3592473398793226,0.3709952113217473,0.032701345670008264
hetionet,hard_synergy_weight_top5_mean_asc,0.94,423038,0.36344104170922026,0.37657422594809503,0.03613566639890475
hetionet,hard_synergy_weight_top5_mean_asc,0.96,432038,0.3687265093122584,0.3833001379862186,0.03952422271222811
hetionet,hard_synergy_weight_top5_mean_asc,0.98,441039,0.3704841634114305,0.3863767971208358,0.042896931310276276
hetionet,hard_synergy_weight_top5_mean_asc,1.0,450040,0.37318845483349955,0.39032189792982713,0.045910967701216165
macro,hard_synergy_weight_top5_mean_asc,0.02,11922,0.39214711992396956,0.39214325347779005,0.005454921187059132
macro,hard_synergy_weight_top5_mean_asc,0.04,23843,0.32212575517606007,0.32332508334958493,0.0052056658518455645
macro,hard_synergy_weight_top5_mean_asc,0.06,35763,0.32312530390451766,0.3252222082074513,0.00790536737238634
macro,hard_synergy_weight_top5_mean_asc,0.08,47685,0.31855023488699846,0.3205111652182348,0.007488116966181854
macro,hard_synergy_weight_top5_mean_asc,0.1,59607,0.3291577971749068,0.33094384657579873,0.006876070704980641
macro,hard_synergy_weight_top5_mean_asc,0.12,71527,0.3275287624251863,0.32946516906728623,0.006749595971005297
macro,hard_synergy_weight_top5_mean_asc,0.14,83450,0.31649761886145994,0.3187877466549514,0.00833616253279785
macro,hard_synergy_weight_top5_mean_asc,0.16,95370,0.3273920034305023,0.3301747592235539,0.00916835923738714
macro,hard_synergy_weight_top5_mean_asc,0.18,107291,0.33068436133002915,0.3339687552230305,0.010052592102465199
macro,hard_synergy_weight_top5_mean_asc,0.2,119213,0.3423223720088316,0.3458948770963999,0.010915741480647017
macro,hard_synergy_weight_top5_mean_asc,0.22,131133,0.35326866015679104,0.3566501545929707,0.010015828917244634
macro,hard_synergy_weight_top5_mean_asc,0.24,143056,0.3723676252359881,0.3761537633855853,0.010803682752706554
macro,hard_synergy_weight_top5_mean_asc,0.26,154975,0.3709791121772751,0.3745077739686505,0.010245343413991272
macro,hard_synergy_weight_top5_mean_asc,0.28,166895,0.36861396814153974,0.3719436561288463,0.009762562389423428
macro,hard_synergy_weight_top5_mean_asc,0.3,178817,0.36817206108276335,0.37138583936229586,0.0096027204929654
macro,hard_synergy_weight_top5_mean_asc,0.32,190739,0.36269995197234434,0.3656908687449569,0.009054876452095002
macro,hard_synergy_weight_top5_mean_asc,0.34,202661,0.3637546025218355,0.3667399359640148,0.00896731154808025
macro,hard_synergy_weight_top5_mean_asc,0.36,214581,0.36265078327748385,0.36527831602326527,0.007743737858435026
macro,hard_synergy_weight_top5_mean_asc,0.38,226502,0.3646495929053128,0.3674314477508463,0.008201313459635104
macro,hard_synergy_weight_top5_mean_asc,0.4,238425,0.3668885810923271,0.3698671306126224,0.008993861782625638
macro,hard_synergy_weight_top5_mean_asc,0.42,250345,0.364673558050371,0.36771502974308284,0.009333323015545267
macro,hard_synergy_weight_top5_mean_asc,0.44,262266,0.3690047683301951,0.3720475932942556,0.008940113725399157
macro,hard_synergy_weight_top5_mean_asc,0.46,274186,0.3760568254209904,0.37901493453973967,0.008418645898670807
macro,hard_synergy_weight_top5_mean_asc,0.48,286108,0.3819792608804008,0.3850645938614606,0.008557997118308338
macro,hard_synergy_weight_top5_mean_asc,0.5,298031,0.3855188943413287,0.38871636161304224,0.008795121553822656
macro,hard_synergy_weight_top5_mean_asc,0.52,309952,0.38523384029819213,0.38847743721408257,0.00883404120612606
macro,hard_synergy_weight_top5_mean_asc,0.54,321873,0.3863335184361326,0.38970603088202477,0.009020841259251669
macro,hard_synergy_weight_top5_mean_asc,0.56,333794,0.3889918933224055,0.3924635690879837,0.00920248659928916
macro,hard_synergy_weight_top5_mean_asc,0.58,345716,0.39005801414893543,0.3935759305898377,0.009180850117317032
macro,hard_synergy_weight_top5_mean_asc,0.6,357635,0.3877754366483953,0.39136154570110343,0.009331756957419375
macro,hard_synergy_weight_top5_mean_asc,0.62,369557,0.3855074076018724,0.3891325508510372,0.009516823505120064
macro,hard_synergy_weight_top5_mean_asc,0.64,381479,0.3857447236801917,0.3894166226302442,0.009677842000175487
macro,hard_synergy_weight_top5_mean_asc,0.66,393400,0.3858779789834644,0.389635522806167,0.010124581674614623
macro,hard_synergy_weight_top5_mean_asc,0.68,405321,0.38382257912036044,0.3877889750034627,0.011040850895649688
macro,hard_synergy_weight_top5_mean_asc,0.7,417241,0.3824322686538874,0.38659257775724093,0.011760197969745605
macro,hard_synergy_weight_top5_mean_asc,0.72,429165,0.38389593579267045,0.38815868144278304,0.011964185814152848
macro,hard_synergy_weight_top5_mean_asc,0.74,441086,0.38711823924777755,0.3914416032553765,0.012046358779608055
macro,hard_synergy_weight_top5_mean_asc,0.76,453004,0.38829222740852937,0.39272598785788027,0.012246425390938644
macro,hard_synergy_weight_top5_mean_asc,0.78,464926,0.3878867960261171,0.3924653341554193,0.012572793440917884
macro,hard_synergy_weight_top5_mean_asc,0.8,476847,0.3880196877208482,0.3928573592282531,0.013267784252185586
macro,hard_synergy_weight_top5_mean_asc,0.82,488769,0.38829604576743904,0.3935267892084053,0.014290062707685212
macro,hard_synergy_weight_top5_mean_asc,0.84,500690,0.3884108116772525,0.3939270799983399,0.01513174391391565
macro,hard_synergy_weight_top5_mean_asc,0.86,512610,0.3875533107060403,0.3934536892816469,0.016166486136167984
macro,hard_synergy_weight_top5_mean_asc,0.88,524533,0.38669635383509654,0.39275278214894005,0.016488203884306798
macro,hard_synergy_weight_top5_mean_asc,0.9,536455,0.38684909786956984,0.39320931333435916,0.017188985877102412
macro,hard_synergy_weight_top5_mean_asc,0.92,548375,0.38662379929909324,0.39336860611485047,0.01813776228777218
macro,hard_synergy_weight_top5_mean_asc,0.94,560296,0.3864983192017517,0.3935112411809155,0.018778099510813804
macro,hard_synergy_weight_top5_mean_asc,0.96,572217,0.38627181165926655,0.39370575126522933,0.019762740282221865
macro,hard_synergy_weight_top5_mean_asc,0.98,584139,0.38621590245859,0.3939797065929846,0.02060596016429875
macro,hard_synergy_weight_top5_mean_asc,1.0,596060,0.3853569901285632,0.39338390028653303,0.02120327627483062
FB15k-237,hard_max_candidate_dep_score_desc,0.02,816,0.1706850371275766,0.18070330573255877,0.05869447476813172
FB15k-237,hard_max_candidate_dep_score_desc,0.04,1633,0.1704152565996245,0.18256832766265318,0.07131445450087393
FB15k-237,hard_max_candidate_dep_score_desc,0.06,2449,0.17110378035725587,0.1840271475068624,0.07552940748955517
FB15k-237,hard_max_candidate_dep_score_desc,0.08,3266,0.18164429007678848,0.1940323716892553,0.06819967535026761
FB15k-237,hard_max_candidate_dep_score_desc,0.1,4082,0.18796077623158508,0.19863945996720958,0.056813362605330875
FB15k-237,hard_max_candidate_dep_score_desc,0.12,4898,0.19748371244374113,0.20911656581054672,0.058905381222866815
FB15k-237,hard_max_candidate_dep_score_desc,0.14,5715,0.21199165517105292,0.22394747674627669,0.05639760473390698
FB15k-237,hard_max_candidate_dep_score_desc,0.16,6531,0.21666361100138654,0.22840178123936478,0.054176934390256726
FB15k-237,hard_max_candidate_dep_score_desc,0.18,7347,0.22240315489186152,0.23385260230961952,0.05148059803074756
FB15k-237,hard_max_candidate_dep_score_desc,0.2,8164,0.23051872747331847,0.2407801156042111,0.044514336181559644
FB15k-237,hard_max_candidate_dep_score_desc,0.22,8980,0.2393199132346976,0.24798940569739644,0.03622553738015433
FB15k-237,hard_max_candidate_dep_score_desc,0.24,9797,0.2485370921797871,0.25764824603279973,0.036659131130502676
FB15k-237,hard_max_candidate_dep_score_desc,0.26,10613,0.24574502641058452,0.2557216714727926,0.040597546196273315
FB15k-237,hard_max_candidate_dep_score_desc,0.28,11429,0.252054888020269,0.2617558230779148,0.03848739111485
FB15k-237,hard_max_candidate_dep_score_desc,0.3,12246,0.2552145409024833,0.2645282951091108,0.03649382270184298
FB15k-237,hard_max_candidate_dep_score_desc,0.32,13062,0.26492602014231625,0.27320705293585457,0.03125790660007577
FB15k-237,hard_max_candidate_dep_score_desc,0.34,13878,0.2744417428204423,0.2823023493503981,0.02864216809430009
FB15k-237,hard_max_candidate_dep_score_desc,0.36,14695,0.28624236069332143,0.29375857019519386,0.02625820120986644
FB15k-237,hard_max_candidate_dep_score_desc,0.38,15511,0.29850381437594936,0.30540409315007216,0.023116216416023017
FB15k-237,hard_max_candidate_dep_score_desc,0.4,16328,0.3113257381363844,0.3177918916463308,0.020769736381749837
FB15k-237,hard_max_candidate_dep_score_desc,0.42,17144,0.31915587995933886,0.3258637450693818,0.021017520062289075
FB15k-237,hard_max_candidate_dep_score_desc,0.44,17960,0.3214451371626134,0.3281333334484462,0.020806649448392056
FB15k-237,hard_max_candidate_dep_score_desc,0.46,18777,0.32496588308392227,0.33136307141504845,0.019685722914716264
FB15k-237,hard_max_candidate_dep_score_desc,0.48,19593,0.33629927771683865,0.3424311794332072,0.018233466803730725
FB15k-237,hard_max_candidate_dep_score_desc,0.5,20410,0.33134654031891186,0.3371953994633788,0.017651788785353117
FB15k-237,hard_max_candidate_dep_score_desc,0.52,21226,0.3306886364231385,0.3362543116633602,0.016830560918035253
FB15k-237,hard_max_candidate_dep_score_desc,0.54,22042,0.3286235084864103,0.33408155346755564,0.016608808682873066
FB15k-237,hard_max_candidate_dep_score_desc,0.56,22859,0.3332652650055977,0.3385354341442344,0.015813736659739064
FB15k-237,hard_max_candidate_dep_score_desc,0.58,23675,0.3329082563271277,0.3379030710725424,0.015003577263360546
FB15k-237,hard_max_candidate_dep_score_desc,0.6,24491,0.3386922881080578,0.34357183384722045,0.014407017551004486
FB15k-237,hard_max_candidate_dep_score_desc,0.62,25308,0.34392284483390023,0.3486408606828724,0.01371823919184778
FB15k-237,hard_max_candidate_dep_score_desc,0.64,26124,0.3494216315639331,0.3539916971672516,0.013078943003224763
FB15k-237,hard_max_candidate_dep_score_desc,0.66,26941,0.35077144385516135,0.35520291981452046,0.0126335140359628
FB15k-237,hard_max_candidate_dep_score_desc,0.68,27757,0.3550665632943668,0.3593677627691333,0.012113783496985109
FB15k-237,hard_max_candidate_dep_score_desc,0.7,28573,0.34848854964867076,0.35267434479147797,0.012011284580302872
FB15k-237,hard_max_candidate_dep_score_desc,0.72,29390,0.3432627396288476,0.347361008033037,0.011939158932952054
FB15k-237,hard_max_candidate_dep_score_desc,0.74,30206,0.35135145731899187,0.3553347032197736,0.011336927221466953
FB15k-237,hard_max_candidate_dep_score_desc,0.76,31022,0.35743607754137857,0.3613145484871272,0.01085080994740828
FB15k-237,hard_max_candidate_dep_score_desc,0.78,31839,0.3515917071558551,0.35537065516549776,0.010748114738575287
FB15k-237,hard_max_candidate_dep_score_desc,0.8,32655,0.3510681830555958,0.3547375892171182,0.010452118245478648
FB15k-237,hard_max_candidate_dep_score_desc,0.82,33472,0.3555089335548119,0.35908850858498453,0.010068875047329229
FB15k-237,hard_max_candidate_dep_score_desc,0.84,34288,0.3592791833379291,0.36277357016159734,0.009726104338145136
FB15k-237,hard_max_candidate_dep_score_desc,0.86,35104,0.3603078515927167,0.36372101064609913,0.009472896686249843
FB15k-237,hard_max_candidate_dep_score_desc,0.88,35921,0.35734327644778846,0.3606788053977045,0.009334242924823544
FB15k-237,hard_max_candidate_dep_score_desc,0.9,36737,0.36036056410464457,0.36362039623179343,0.009046029038300318
FB15k-237,hard_max_candidate_dep_score_desc,0.92,37553,0.3640551021249423,0.36723937676931484,0.008746683196544591
FB15k-237,hard_max_candidate_dep_score_desc,0.94,38370,0.35808439750934024,0.36120087042359944,0.008703179853509102
FB15k-237,hard_max_candidate_dep_score_desc,0.96,39186,0.35258532508757107,0.355643434311329,0.008673387705510516
FB15k-237,hard_max_candidate_dep_score_desc,0.98,40003,0.3522137740247567,0.3552521427114657,0.008626490247640062
FB15k-237,hard_max_candidate_dep_score_desc,1.0,40819,0.3528119855172369,0.35605305507138224,0.009186393000208737
KG20C,hard_max_candidate_dep_score_desc,0.02,149,0.1636703236769632,0.17799320454702364,0.08751055504924388
KG20C,hard_max_candidate_dep_score_desc,0.04,298,0.1548943233729922,0.17151239970011434,0.1072865419806579
KG20C,hard_max_candidate_dep_score_desc,0.06,447,0.153797531992453,0.16825919321765492,0.09403051556062403
KG20C,hard_max_candidate_dep_score_desc,0.08,596,0.15907435319765173,0.1731438932464777,0.08844631309828044
KG20C,hard_max_candidate_dep_score_desc,0.1,745,0.1637103411519597,0.17605724258704422,0.07541919067668323
KG20C,hard_max_candidate_dep_score_desc,0.12,894,0.16640527441243522,0.1793684220463427,0.07790106220899196
KG20C,hard_max_candidate_dep_score_desc,0.14,1043,0.1677474201869733,0.18035784775425115,0.07517509093863928
KG20C,hard_max_candidate_dep_score_desc,0.16,1192,0.18819328956710846,0.20156713872657114,0.07106443162891662
KG20C,hard_max_candidate_dep_score_desc,0.18,1341,0.19526149317410393,0.2105514978302297,0.07830527364907791
KG20C,hard_max_candidate_dep_score_desc,0.2,1490,0.20265894816087165,0.21975559291324734,0.08436165739301216
KG20C,hard_max_candidate_dep_score_desc,0.22,1639,0.20657078602068113,0.222638593353556,0.07778354162464307
KG20C,hard_max_candidate_dep_score_desc,0.24,1788,0.20290680520060572,0.21942832507298118,0.08142417823808978
KG20C,hard_max_candidate_dep_score_desc,0.26,1936,0.19593861842502905,0.21184883941364852,0.08120002639860968
KG20C,hard_max_candidate_dep_score_desc,0.28,2085,0.19031076969260813,0.20610603967785843,0.08299724713826229
KG20C,hard_max_candidate_dep_score_desc,0.3,2234,0.1881245318444965,0.2045106614889755,0.08710256702737595
KG20C,hard_max_candidate_dep_score_desc,0.32,2383,0.18703734160439556,0.20328958556050122,0.08689304401300224
KG20C,hard_max_candidate_dep_score_desc,0.34,2532,0.1854827778264978,0.20087964040786493,0.0830096613916873
KG20C,hard_max_candidate_dep_score_desc,0.36,2681,0.1834248649264019,0.19822036386680755,0.08066244969754921
KG20C,hard_max_candidate_dep_score_desc,0.38,2830,0.18084785450724303,0.19534275065115073,0.0801496715756016
KG20C,hard_max_candidate_dep_score_desc,0.4,2979,0.17671783949728787,0.19052499186644994,0.07813106140522952
KG20C,hard_max_candidate_dep_score_desc,0.42,3128,0.1725301649287458,0.1862278206714999,0.07939281660346853
KG20C,hard_max_candidate_dep_score_desc,0.44,3277,0.17115821035797157,0.18468633542405652,0.07903871533706353
KG20C,hard_max_candidate_dep_score_desc,0.46,3426,0.1698926641779494,0.18321657127301955,0.07842544090729175
KG20C,hard_max_candidate_dep_score_desc,0.48,3575,0.16762263394082264,0.17995640034778937,0.07358055482722592
KG20C,hard_max_candidate_dep_score_desc,0.5,3724,0.1662376915856682,0.1788084735323468,0.07561932451522546
KG20C,hard_max_candidate_dep_score_desc,0.52,3873,0.16658546416515865,0.17869905093797667,0.07271694942608065
KG20C,hard_max_candidate_dep_score_desc,0.54,4022,0.1636933939945572,0.17559278559890987,0.07269316930864234
KG20C,hard_max_candidate_dep_score_desc,0.56,4171,0.1640267754858331,0.17576033903766788,0.07153444013686783
KG20C,hard_max_candidate_dep_score_desc,0.58,4320,0.16359068285704356,0.17498440258844492,0.06964773012994852
KG20C,hard_max_candidate_dep_score_desc,0.6,4469,0.1592424418300569,0.17025628592037995,0.06916399901778059
KG20C,hard_max_candidate_dep_score_desc,0.62,4618,0.16040930349701654,0.1710677853592196,0.06644553420432553
KG20C,hard_max_candidate_dep_score_desc,0.64,4767,0.16787613992039804,0.17820147435288256,0.06150566981931127
KG20C,hard_max_candidate_dep_score_desc,0.66,4916,0.18630791381197778,0.19632029567521084,0.05374104437312077
KG20C,hard_max_candidate_dep_score_desc,0.68,5065,0.19884172769825195,0.2086582862845607,0.04936870494912249
KG20C,hard_max_candidate_dep_score_desc,0.7,5214,0.19383566549375855,0.20361961893799416,0.050475506761425315
KG20C,hard_max_candidate_dep_score_desc,0.72,5363,0.19285568099996733,0.20216924539995895,0.04829292220846315
KG20C,hard_max_candidate_dep_score_desc,0.74,5512,0.19137860063168122,0.20063802854520385,0.04838277572811256
KG20C,hard_max_candidate_dep_score_desc,0.76,5660,0.1890275860030391,0.19807117814537992,0.04784271086335212
KG20C,hard_max_candidate_dep_score_desc,0.78,5809,0.1881522562391028,0.19726171571941167,0.048415361380161226
KG20C,hard_max_candidate_dep_score_desc,0.8,5958,0.18721559965852103,0.19643829548886868,0.049262432442434
KG20C,hard_max_candidate_dep_score_desc,0.82,6107,0.1873152353407686,0.1964720215696376,0.048884364436297734
KG20C,hard_max_candidate_dep_score_desc,0.84,6256,0.1869546809003871,0.19596276243946056,0.04818323614947695
KG20C,hard_max_candidate_dep_score_desc,0.86,6405,0.1888058603633289,0.19801537247164486,0.04877768142680328
KG20C,hard_max_candidate_dep_score_desc,0.88,6554,0.19079854450492043,0.19967678915660186,0.04653203552846019
KG20C,hard_max_candidate_dep_score_desc,0.9,6703,0.1924605899135447,0.20113752111777214,0.045084197279688265
KG20C,hard_max_candidate_dep_score_desc,0.92,6852,0.19427712370776007,0.2029623644597287,0.04470542175121639
KG20C,hard_max_candidate_dep_score_desc,0.94,7001,0.19821217982134945,0.20663879336398405,0.042513096572721176
KG20C,hard_max_candidate_dep_score_desc,0.96,7150,0.20830065993794675,0.2165582862091511,0.039642823376864644
KG20C,hard_max_candidate_dep_score_desc,0.98,7299,0.21756428473475073,0.22552787142837213,0.036603373128684336
KG20C,hard_max_candidate_dep_score_desc,1.0,7448,0.22638074035722044,0.23398674950607826,0.033598304947920044
WN18RR,hard_max_candidate_dep_score_desc,0.02,121,0.6809026143715875,0.7164481751338581,0.05220358978218331
WN18RR,hard_max_candidate_dep_score_desc,0.04,242,0.5759050679008646,0.5914349175659643,0.026965988894150472
WN18RR,hard_max_candidate_dep_score_desc,0.06,363,0.4578640108363021,0.4710270078993513,0.028748704312895335
WN18RR,hard_max_candidate_dep_score_desc,0.08,484,0.426795256989474,0.438740507497713,0.02798824568130942
WN18RR,hard_max_candidate_dep_score_desc,0.1,606,0.40372815947709484,0.41390513254841726,0.025207488832345915
WN18RR,hard_max_candidate_dep_score_desc,0.12,727,0.47036509144928357,0.4789899531373625,0.018336525913315693
WN18RR,hard_max_candidate_dep_score_desc,0.14,848,0.4318751680051912,0.4405069502487321,0.019986752846686384
WN18RR,hard_max_candidate_dep_score_desc,0.16,969,0.39600783589090005,0.4044006093930099,0.021193453112433147
WN18RR,hard_max_candidate_dep_score_desc,0.18,1090,0.41630979188403433,0.4232839429514493,0.016752310907348633
WN18RR,hard_max_candidate_dep_score_desc,0.2,1211,0.40355283931215796,0.4092941002695322,0.014226788658357803
WN18RR,hard_max_candidate_dep_score_desc,0.22,1332,0.3835605351172412,0.38899940933790267,0.014179963063715606
WN18RR,hard_max_candidate_dep_score_desc,0.24,1453,0.36340230204391405,0.36866098169517986,0.014470683376767157
WN18RR,hard_max_candidate_dep_score_desc,0.26,1574,0.37316528577429536,0.3797179123227866,0.017559582303844135
WN18RR,hard_max_candidate_dep_score_desc,0.28,1695,0.41494143631088004,0.42141039714513767,0.015590057459123008
WN18RR,hard_max_candidate_dep_score_desc,0.3,1816,0.4507625939244398,0.45680052818328715,0.013394931922544373
WN18RR,hard_max_candidate_dep_score_desc,0.32,1938,0.48230674489363046,0.48796458215579075,0.011730786106688429
WN18RR,hard_max_candidate_dep_score_desc,0.34,2059,0.5111281031171743,0.516453449700014,0.010418809982003285
WN18RR,hard_max_candidate_dep_score_desc,0.36,2180,0.53699805568255,0.5420278211018467,0.009366449963964296
WN18RR,hard_max_candidate_dep_score_desc,0.38,2301,0.5592723510033888,0.5640376220221054,0.0085204838218218
WN18RR,hard_max_candidate_dep_score_desc,0.4,2422,0.5798714102976239,0.5843986145148273,0.007807255430785531
WN18RR,hard_max_candidate_dep_score_desc,0.42,2543,0.5961911124632051,0.6005029050758935,0.007232232286848328
WN18RR,hard_max_candidate_dep_score_desc,0.44,2664,0.611819847256165,0.6159357964356196,0.0067273874783784215
WN18RR,hard_max_candidate_dep_score_desc,0.46,2785,0.6267480115713946,0.6306851349516699,0.0062818282748182686
WN18RR,hard_max_candidate_dep_score_desc,0.48,2906,0.6408231816694087,0.6445963711443111,0.005888035237852751
WN18RR,hard_max_candidate_dep_score_desc,0.5,3028,0.6535299987388614,0.6571511640671529,0.005540932069345583
WN18RR,hard_max_candidate_dep_score_desc,0.52,3149,0.6648371487357241,0.6683191711600069,0.005237406530162136
WN18RR,hard_max_candidate_dep_score_desc,0.54,3270,0.675746211961955,0.6790993889081528,0.0049621838596212164
WN18RR,hard_max_candidate_dep_score_desc,0.56,3391,0.6859311343254423,0.6891646608999238,0.004714068822173179
WN18RR,hard_max_candidate_dep_score_desc,0.58,3512,0.6958613017337418,0.6989834226375194,0.004486700001852251
WN18RR,hard_max_candidate_dep_score_desc,0.6,3633,0.7048234004939559,0.7078415366387582,0.004282116829105176
WN18RR,hard_max_candidate_dep_score_desc,0.62,3754,0.7103752020317919,0.7132960567505098,0.004111707039271328
WN18RR,hard_max_candidate_dep_score_desc,0.64,3875,0.6914427628539459,0.6941461545016435,0.0039097837057970874
WN18RR,hard_max_candidate_dep_score_desc,0.66,3996,0.6788347113565768,0.6814734913658602,0.003887220210071707
WN18RR,hard_max_candidate_dep_score_desc,0.68,4117,0.6624270402458938,0.665006914880228,0.0038945792934064194
WN18RR,hard_max_candidate_dep_score_desc,0.7,4238,0.6456145527637625,0.6481343971932976,0.0039030167748668187
WN18RR,hard_max_candidate_dep_score_desc,0.72,4360,0.6293259091144056,0.6317866568169221,0.003910132519379994
WN18RR,hard_max_candidate_dep_score_desc,0.74,4481,0.612971010526571,0.6153694548899924,0.003912818587229916
WN18RR,hard_max_candidate_dep_score_desc,0.76,4602,0.6019203957802978,0.6042886468630398,0.003934492167642967
WN18RR,hard_max_candidate_dep_score_desc,0.78,4723,0.589936074699334,0.5922659482197487,0.00394936607598062
WN18RR,hard_max_candidate_dep_score_desc,0.8,4844,0.5767151043217239,0.5789966098936744,0.003956035752928244
WN18RR,hard_max_candidate_dep_score_desc,0.82,4965,0.5642884216100461,0.5665248293193049,0.003963235153537026
WN18RR,hard_max_candidate_dep_score_desc,0.84,5086,0.5583874664779414,0.560661057087259,0.004071707811886371
WN18RR,hard_max_candidate_dep_score_desc,0.86,5207,0.5585045141395316,0.5607309634600809,0.003986448209786664
WN18RR,hard_max_candidate_dep_score_desc,0.88,5328,0.5509626443188096,0.5531829004718615,0.0040297762034247064
WN18RR,hard_max_candidate_dep_score_desc,0.9,5450,0.5428728752955059,0.5450709628240985,0.0040489912622658775
WN18RR,hard_max_candidate_dep_score_desc,0.92,5571,0.533650436463655,0.5358174467995396,0.004060729998170309
WN18RR,hard_max_candidate_dep_score_desc,0.94,5692,0.5281314585958736,0.5302901968113369,0.004087501663321946
WN18RR,hard_max_candidate_dep_score_desc,0.96,5813,0.5245775719544895,0.5267396410630313,0.004121543169461672
WN18RR,hard_max_candidate_dep_score_desc,0.98,5934,0.5179371248121661,0.5200813505051398,0.0041399343477286354
WN18RR,hard_max_candidate_dep_score_desc,1.0,6055,0.5112021246888967,0.5133269561687425,0.004156538827257084
YAGO3-10,hard_max_candidate_dep_score_desc,0.02,200,0.5336187376798044,0.5453139244640515,0.021916746842695733
YAGO3-10,hard_max_candidate_dep_score_desc,0.04,399,0.4723786090635164,0.49679951824722524,0.051697745653900284
YAGO3-10,hard_max_candidate_dep_score_desc,0.06,598,0.4403508138327539,0.4607180837247821,0.046252372545321885
YAGO3-10,hard_max_candidate_dep_score_desc,0.08,798,0.4947895284884761,0.5206278547112476,0.05222084287374584
YAGO3-10,hard_max_candidate_dep_score_desc,0.1,998,0.5449992982918993,0.5757252841170641,0.05637802823134663
YAGO3-10,hard_max_candidate_dep_score_desc,0.12,1197,0.5800633323690821,0.6151435512270922,0.060476532303354036
YAGO3-10,hard_max_candidate_dep_score_desc,0.14,1397,0.6108439617631596,0.6497114586212451,0.0636291742098869
YAGO3-10,hard_max_candidate_dep_score_desc,0.16,1596,0.6373760807626868,0.6765885322282365,0.06152168656631707
YAGO3-10,hard_max_candidate_dep_score_desc,0.18,1796,0.6236693158830217,0.661406828444201,0.06050884916111143
YAGO3-10,hard_max_candidate_dep_score_desc,0.2,1995,0.6071591213157363,0.6416580653769293,0.056820268114283534
YAGO3-10,hard_max_candidate_dep_score_desc,0.22,2194,0.5948317731360806,0.6282911860727574,0.05625021131650643
YAGO3-10,hard_max_candidate_dep_score_desc,0.24,2394,0.5809944693217668,0.6123111127430446,0.05390179265877659
YAGO3-10,hard_max_candidate_dep_score_desc,0.26,2594,0.601524050872436,0.6315671255266353,0.04994492674170803
YAGO3-10,hard_max_candidate_dep_score_desc,0.28,2793,0.6196054230280476,0.6487979343874182,0.04711468020519427
YAGO3-10,hard_max_candidate_dep_score_desc,0.3,2992,0.6351279505599101,0.6651340657514019,0.04724420514801664
YAGO3-10,hard_max_candidate_dep_score_desc,0.32,3192,0.6513818540549625,0.6807173789430983,0.0450358337517649
YAGO3-10,hard_max_candidate_dep_score_desc,0.34,3392,0.6667662992843675,0.6962609792935118,0.044235409079314
YAGO3-10,hard_max_candidate_dep_score_desc,0.36,3591,0.6833394808820665,0.7115970536177583,0.04135217344564435
YAGO3-10,hard_max_candidate_dep_score_desc,0.38,3790,0.6747282627345005,0.7014765650851682,0.039643073853559585
YAGO3-10,hard_max_candidate_dep_score_desc,0.4,3990,0.6627174729399004,0.6890526754478354,0.03973820456416921
YAGO3-10,hard_max_candidate_dep_score_desc,0.42,4190,0.6498956018871076,0.6775391619864599,0.04253538571284898
YAGO3-10,hard_max_candidate_dep_score_desc,0.44,4389,0.6448034020986956,0.67250621010855,0.042963185243266144
YAGO3-10,hard_max_candidate_dep_score_desc,0.46,4588,0.6387774414977048,0.6669732200553138,0.044140222753483505
YAGO3-10,hard_max_candidate_dep_score_desc,0.48,4788,0.6311506301211417,0.6582821775668098,0.042987436201181506
YAGO3-10,hard_max_candidate_dep_score_desc,0.5,4988,0.6332264221582451,0.6597780346937523,0.04193067693702757
YAGO3-10,hard_max_candidate_dep_score_desc,0.52,5187,0.6401906864572247,0.6663284181161685,0.040828041100673396
YAGO3-10,hard_max_candidate_dep_score_desc,0.54,5386,0.6411753115594099,0.667312805736805,0.04076497286494973
YAGO3-10,hard_max_candidate_dep_score_desc,0.56,5586,0.6259012662308268,0.6515533014215843,0.04098415608780259
YAGO3-10,hard_max_candidate_dep_score_desc,0.58,5786,0.6143142916168766,0.6395018176336701,0.04100104191048515
YAGO3-10,hard_max_candidate_dep_score_desc,0.6,5985,0.6023035630620635,0.6270322438152988,0.04105683955697792
YAGO3-10,hard_max_candidate_dep_score_desc,0.62,6184,0.5833526432219217,0.6072848310944329,0.04102524973630195
YAGO3-10,hard_max_candidate_dep_score_desc,0.64,6384,0.5728522585107485,0.596441690797628,0.04117891120514261
YAGO3-10,hard_max_candidate_dep_score_desc,0.66,6584,0.5679206988483795,0.590713374164485,0.04013355273425345
YAGO3-10,hard_max_candidate_dep_score_desc,0.68,6783,0.5610422841569864,0.5831752896007634,0.039449799184091194
YAGO3-10,hard_max_candidate_dep_score_desc,0.7,6982,0.5530849605863071,0.5745836637023066,0.038870525593770466
YAGO3-10,hard_max_candidate_dep_score_desc,0.72,7182,0.5518507128046993,0.5728823576138423,0.0381111128809688
YAGO3-10,hard_max_candidate_dep_score_desc,0.74,7382,0.56345053093516,0.5839123668900861,0.036315230586375646
YAGO3-10,hard_max_candidate_dep_score_desc,0.76,7581,0.5553314911133392,0.5753662670175121,0.03607714711803367
YAGO3-10,hard_max_candidate_dep_score_desc,0.78,7780,0.5475769766700929,0.5672457224611587,0.03591959967103575
YAGO3-10,hard_max_candidate_dep_score_desc,0.8,7980,0.5374733267356052,0.5566491215043387,0.03567766773692638
YAGO3-10,hard_max_candidate_dep_score_desc,0.82,8179,0.5277373012863882,0.5465949336158618,0.03573299117478923
YAGO3-10,hard_max_candidate_dep_score_desc,0.84,8379,0.5301909972924489,0.5491825330559025,0.035820177748091764
YAGO3-10,hard_max_candidate_dep_score_desc,0.86,8578,0.5327679107214307,0.5515767579278423,0.03530401667949978
YAGO3-10,hard_max_candidate_dep_score_desc,0.88,8778,0.5348405604344422,0.5537254240631583,0.03530933333361297
YAGO3-10,hard_max_candidate_dep_score_desc,0.9,8978,0.5386238757192703,0.5570509865601827,0.03421146308507983
YAGO3-10,hard_max_candidate_dep_score_desc,0.92,9177,0.5415507745918466,0.5600827460591502,0.034220191968649116
YAGO3-10,hard_max_candidate_dep_score_desc,0.94,9376,0.5495605283687,0.5678355629474738,0.03325390677714979
YAGO3-10,hard_max_candidate_dep_score_desc,0.96,9576,0.5578949198444291,0.5758736690077918,0.03222604925023553
YAGO3-10,hard_max_candidate_dep_score_desc,0.98,9776,0.5649392604479597,0.5827316368178792,0.03149431738167974
YAGO3-10,hard_max_candidate_dep_score_desc,1.0,9975,0.561672321790585,0.5802260659200454,0.03303303974515237
codex-l,hard_max_candidate_dep_score_desc,0.02,1223,0.07691791601702572,0.07836935673093666,0.01886999530239053
codex-l,hard_max_candidate_dep_score_desc,0.04,2445,0.21339803862632753,0.21428708564276722,0.0041661442727525255
codex-l,hard_max_candidate_dep_score_desc,0.06,3668,0.3202446494425077,0.3208278185162365,0.0018210111386529615
codex-l,hard_max_candidate_dep_score_desc,0.08,4890,0.35328699722787327,0.35379368906968384,0.0014342215982654505
codex-l,hard_max_candidate_dep_score_desc,0.1,6113,0.33717602367367744,0.3381118939378456,0.00277561332496723
codex-l,hard_max_candidate_dep_score_desc,0.12,7335,0.34508285010163636,0.34673838383289685,0.0047974964005683685
codex-l,hard_max_candidate_dep_score_desc,0.14,8558,0.3530610415136391,0.3545177257263774,0.0041258707176901055
codex-l,hard_max_candidate_dep_score_desc,0.16,9781,0.3564522960255852,0.35794470321660216,0.00418683567943634
codex-l,hard_max_candidate_dep_score_desc,0.18,11003,0.3480406515027802,0.349637950242038,0.004589402796371322
codex-l,hard_max_candidate_dep_score_desc,0.2,12226,0.3332166390720679,0.33467691588088233,0.0043823646168479335
codex-l,hard_max_candidate_dep_score_desc,0.22,13448,0.32538144850499706,0.3268620353847832,0.0045503112933722445
codex-l,hard_max_candidate_dep_score_desc,0.24,14671,0.3219207778041583,0.3241431436645393,0.006903455799094127
codex-l,hard_max_candidate_dep_score_desc,0.26,15894,0.3307235385761057,0.33277576688346777,0.006205268352527105
codex-l,hard_max_candidate_dep_score_desc,0.28,17116,0.3339865532438246,0.3362070401206247,0.00664843196599918
codex-l,hard_max_candidate_dep_score_desc,0.3,18339,0.33504330114499936,0.33726551409555444,0.006632614181393048
codex-l,hard_max_candidate_dep_score_desc,0.32,19561,0.3442280604583083,0.3475897124796862,0.009765769870422991
codex-l,hard_max_candidate_dep_score_desc,0.34,20784,0.33535212179014556,0.3386816463705612,0.009928443460092806
codex-l,hard_max_candidate_dep_score_desc,0.36,22006,0.32752446652081846,0.3307804233959355,0.009941110383917096
codex-l,hard_max_candidate_dep_score_desc,0.38,23229,0.31488148809315464,0.3179660197989459,0.009795849620980901
codex-l,hard_max_candidate_dep_score_desc,0.4,24452,0.31045551548397937,0.3134856573358577,0.009760309289897906
codex-l,hard_max_candidate_dep_score_desc,0.42,25674,0.31899120721269697,0.32200630828355437,0.009451988025635405
codex-l,hard_max_candidate_dep_score_desc,0.44,26897,0.3352328513213168,0.3383666665756071,0.009348174684964183
codex-l,hard_max_candidate_dep_score_desc,0.46,28119,0.33097493702118036,0.33394169124744816,0.008963682425530362
codex-l,hard_max_candidate_dep_score_desc,0.48,29342,0.3345713689364932,0.3373993739648247,0.008452621147233774
codex-l,hard_max_candidate_dep_score_desc,0.5,30564,0.3250447278814306,0.3280303852786592,0.009185374015103998
codex-l,hard_max_candidate_dep_score_desc,0.52,31787,0.33021656567061713,0.33326134391849493,0.009220549676828949
codex-l,hard_max_candidate_dep_score_desc,0.54,33010,0.31984188638969774,0.32278704526832763,0.009208171299494916
codex-l,hard_max_candidate_dep_score_desc,0.56,34232,0.31742392523730456,0.3202817298955869,0.009003116750402107
codex-l,hard_max_candidate_dep_score_desc,0.58,35455,0.3135546028218417,0.3164005867068754,0.009076517644522442
codex-l,hard_max_candidate_dep_score_desc,0.6,36677,0.30432295925688946,0.30709042243843643,0.009093836325411386
codex-l,hard_max_candidate_dep_score_desc,0.62,37900,0.30281195083786083,0.3055826536899544,0.009149912493305656
codex-l,hard_max_candidate_dep_score_desc,0.64,39123,0.3011612889124866,0.3038852091897957,0.009044722471288846
codex-l,hard_max_candidate_dep_score_desc,0.66,40345,0.2997248435700131,0.3026514009359583,0.009764146779049243
codex-l,hard_max_candidate_dep_score_desc,0.68,41568,0.30716099208468506,0.31035695915464323,0.01040485983674988
codex-l,hard_max_candidate_dep_score_desc,0.7,42790,0.3126687257043341,0.31611775928409924,0.011030951598998806
codex-l,hard_max_candidate_dep_score_desc,0.72,44013,0.3149551170612759,0.31834367685411996,0.010758865658260897
codex-l,hard_max_candidate_dep_score_desc,0.74,45235,0.3081506754232923,0.31189595633175043,0.012154057112850447
codex-l,hard_max_candidate_dep_score_desc,0.76,46458,0.3015079115745387,0.30554317136166337,0.013383595030895368
codex-l,hard_max_candidate_dep_score_desc,0.78,47681,0.313145632892826,0.31716241831419467,0.01282721200440129
codex-l,hard_max_candidate_dep_score_desc,0.8,48903,0.3268214882146854,0.33084049623106093,0.012297257558950614
codex-l,hard_max_candidate_dep_score_desc,0.82,50126,0.336140133800717,0.34024037446542965,0.012198009854852643
codex-l,hard_max_candidate_dep_score_desc,0.84,51348,0.3391191396539431,0.3435811920663469,0.013157772271294332
codex-l,hard_max_candidate_dep_score_desc,0.86,52571,0.3422733555346872,0.34677901182243054,0.013163911870103906
codex-l,hard_max_candidate_dep_score_desc,0.88,53794,0.33830933073045855,0.34283930431884724,0.013390034435668108
codex-l,hard_max_candidate_dep_score_desc,0.9,55016,0.33445593984182875,0.33898135953670844,0.01353069016211772
codex-l,hard_max_candidate_dep_score_desc,0.92,56239,0.3330625937718302,0.33768009680363664,0.013863769508051682
codex-l,hard_max_candidate_dep_score_desc,0.94,57461,0.3318334034785495,0.33653794519225994,0.014177420550172348
codex-l,hard_max_candidate_dep_score_desc,0.96,58684,0.3364759200376008,0.3415113201826701,0.014965112940345415
codex-l,hard_max_candidate_dep_score_desc,0.98,59906,0.33238735582206136,0.3373231565825003,0.0148495442861587
codex-l,hard_max_candidate_dep_score_desc,1.0,61129,0.32990176871301513,0.334842792661744,0.014977258133547888
codex-m,hard_max_candidate_dep_score_desc,0.02,412,0.16809002369247208,0.17160958536056667,0.020938551799681848
codex-m,hard_max_candidate_dep_score_desc,0.04,824,0.20188237607241233,0.20775960936536994,0.02911216623906543
codex-m,hard_max_candidate_dep_score_desc,0.06,1236,0.19360903517187683,0.19742779897162488,0.01972409911736772
codex-m,hard_max_candidate_dep_score_desc,0.08,1648,0.18239868059240139,0.18697148679628176,0.02507039080013418
codex-m,hard_max_candidate_dep_score_desc,0.1,2059,0.18660204669096891,0.19041945507077862,0.02045748397460878
codex-m,hard_max_candidate_dep_score_desc,0.12,2471,0.18199367865121494,0.18468287531591573,0.014776319071249544
codex-m,hard_max_candidate_dep_score_desc,0.14,2883,0.22445758374841185,0.22748237493293516,0.013476003501462053
codex-m,hard_max_candidate_dep_score_desc,0.16,3295,0.2610441598507469,0.26374159843623823,0.01033326540242685
codex-m,hard_max_candidate_dep_score_desc,0.18,3707,0.27521543784844643,0.27779920820466847,0.009388173775501718
codex-m,hard_max_candidate_dep_score_desc,0.2,4119,0.2863331634844853,0.28856266428940824,0.007786386940972667
codex-m,hard_max_candidate_dep_score_desc,0.22,4531,0.2980575093006598,0.30067447119406915,0.008780056907640388
codex-m,hard_max_candidate_dep_score_desc,0.24,4943,0.30523071448956657,0.307570055787603,0.007664173973934707
codex-m,hard_max_candidate_dep_score_desc,0.26,5354,0.3184803447617931,0.3210136551319182,0.007954369592320987
codex-m,hard_max_candidate_dep_score_desc,0.28,5766,0.342290456219965,0.3445746420063982,0.006673238312450369
codex-m,hard_max_candidate_dep_score_desc,0.3,6178,0.34192961281895995,0.3442219299368316,0.006704061397236671
codex-m,hard_max_candidate_dep_score_desc,0.32,6590,0.3403585598536876,0.3430593343698251,0.007935086214075238
codex-m,hard_max_candidate_dep_score_desc,0.34,7002,0.33656984794170985,0.3395706659252322,0.00891588477658889
codex-m,hard_max_candidate_dep_score_desc,0.36,7414,0.3409932776679849,0.34381568637249876,0.008277021540764817
codex-m,hard_max_candidate_dep_score_desc,0.38,7826,0.35326271396941683,0.35574659333667885,0.007031252575036895
codex-m,hard_max_candidate_dep_score_desc,0.4,8238,0.36424069145891663,0.3668540865625906,0.007174912537109446
codex-m,hard_max_candidate_dep_score_desc,0.42,8649,0.38157325735046155,0.38437641166555037,0.0073463070618553505
codex-m,hard_max_candidate_dep_score_desc,0.44,9061,0.37094627827860316,0.37393610397535587,0.008059996478808618
codex-m,hard_max_candidate_dep_score_desc,0.46,9473,0.36483477397201264,0.36806483336432816,0.008853485530311067
codex-m,hard_max_candidate_dep_score_desc,0.48,9885,0.35458343468921993,0.35924635280329276,0.013150411603857659
codex-m,hard_max_candidate_dep_score_desc,0.5,10297,0.3586289110806584,0.36354701144485607,0.013713619321370052
codex-m,hard_max_candidate_dep_score_desc,0.52,10709,0.3761786138840183,0.3811055730348512,0.013097393017541314
codex-m,hard_max_candidate_dep_score_desc,0.54,11121,0.37980790995683067,0.3845996851098636,0.012616312160474985
codex-m,hard_max_candidate_dep_score_desc,0.56,11533,0.36802301791247055,0.3726083653554589,0.01245940394977918
codex-m,hard_max_candidate_dep_score_desc,0.58,11945,0.3573937868506084,0.3619857359753748,0.012848430201406469
codex-m,hard_max_candidate_dep_score_desc,0.6,12356,0.34643409072094344,0.35094775114374727,0.013028915293557652
codex-m,hard_max_candidate_dep_score_desc,0.62,12768,0.33609446233392765,0.34046736337747663,0.013010928574015868
codex-m,hard_max_candidate_dep_score_desc,0.64,13180,0.3264490452557022,0.3306810069074407,0.012963620856736302
codex-m,hard_max_candidate_dep_score_desc,0.66,13592,0.31739335550380654,0.3215411387736672,0.013068273793182428
codex-m,hard_max_candidate_dep_score_desc,0.68,14004,0.3093076431754154,0.31332204867609653,0.012978681869831643
codex-m,hard_max_candidate_dep_score_desc,0.7,14416,0.3025778038521555,0.30648067094930265,0.012898722402830742
codex-m,hard_max_candidate_dep_score_desc,0.72,14828,0.3038737865867907,0.30763416166436963,0.012374792573642823
codex-m,hard_max_candidate_dep_score_desc,0.74,15240,0.30923554982973717,0.312801379243156,0.011531110880951934
codex-m,hard_max_candidate_dep_score_desc,0.76,15651,0.31596190638949145,0.3193591413156634,0.01075203958917803
codex-m,hard_max_candidate_dep_score_desc,0.78,16063,0.32234699360071845,0.325645947846376,0.010234170974598555
codex-m,hard_max_candidate_dep_score_desc,0.8,16475,0.3283533225738664,0.3316065423692125,0.009907680451792134
codex-m,hard_max_candidate_dep_score_desc,0.82,16887,0.3341509889559874,0.33735035962968685,0.009574625781283874
codex-m,hard_max_candidate_dep_score_desc,0.84,17299,0.3406125013784085,0.3437268837321666,0.009143476358485447
codex-m,hard_max_candidate_dep_score_desc,0.86,17711,0.3453164705097103,0.34838313906883045,0.008880748012376927
codex-m,hard_max_candidate_dep_score_desc,0.88,18123,0.34907278155764915,0.35201103008476725,0.008417294851826851
codex-m,hard_max_candidate_dep_score_desc,0.9,18535,0.3474676993393343,0.3502902539162087,0.008123214279316171
codex-m,hard_max_candidate_dep_score_desc,0.92,18946,0.34910824083734754,0.35190901505806427,0.008022652842565314
codex-m,hard_max_candidate_dep_score_desc,0.94,19358,0.3550812154278743,0.3578082285470403,0.007679970104529366
codex-m,hard_max_candidate_dep_score_desc,0.96,19770,0.3504810133836506,0.3531529871298987,0.007623733224382034
codex-m,hard_max_candidate_dep_score_desc,0.98,20182,0.34552589907480513,0.3481433265331008,0.007575199038058367
codex-m,hard_max_candidate_dep_score_desc,1.0,20594,0.3423415349994885,0.3449297847479118,0.0075604315685129375
hetionet,hard_max_candidate_dep_score_desc,0.02,9001,0.5802813639450507,0.611018599677305,0.052969537955323664
hetionet,hard_max_candidate_dep_score_desc,0.04,18002,0.5693684413705671,0.6052785134118928,0.06307000780528682
hetionet,hard_max_candidate_dep_score_desc,0.06,27002,0.5692557324881398,0.6075739976056224,0.06731291918659932
hetionet,hard_max_candidate_dep_score_desc,0.08,36003,0.563698573525593,0.6036624893400149,0.07089589665709406
hetionet,hard_max_candidate_dep_score_desc,0.1,45004,0.5643637721983336,0.605074011645328,0.07213474969950373
hetionet,hard_max_candidate_dep_score_desc,0.12,54005,0.5659768530278219,0.6074462136980197,0.0732704181246071
hetionet,hard_max_candidate_dep_score_desc,0.14,63006,0.5666310072906454,0.6099879137870331,0.07651700302053599
hetionet,hard_max_candidate_dep_score_desc,0.16,72006,0.5655461250196615,0.6092775920562917,0.07732608376568728
hetionet,hard_max_candidate_dep_score_desc,0.18,81007,0.559858521121366,0.6026627841139128,0.07645549969805265
hetionet,hard_max_candidate_dep_score_desc,0.2,90008,0.5591215067827663,0.6016872652034261,0.07612971045522254
hetionet,hard_max_candidate_dep_score_desc,0.22,99009,0.5557632492884615,0.5970031607475346,0.07420409951876472
hetionet,hard_max_candidate_dep_score_desc,0.24,108010,0.5523484496462426,0.5925246418544485,0.0727370416879729
hetionet,hard_max_candidate_dep_score_desc,0.26,117010,0.5532509303068732,0.5923307235575076,0.07063665167080302
hetionet,hard_max_candidate_dep_score_desc,0.28,126011,0.5500006475531957,0.5880242310431664,0.06913370676766895
hetionet,hard_max_candidate_dep_score_desc,0.3,135012,0.5426848586104898,0.5809563369389267,0.07052247307291504
hetionet,hard_max_candidate_dep_score_desc,0.32,144013,0.5401754098684177,0.5793468695719572,0.07251618453546671
hetionet,hard_max_candidate_dep_score_desc,0.34,153014,0.5340293103794023,0.574906222282046,0.07654432277060352
hetionet,hard_max_candidate_dep_score_desc,0.36,162014,0.5350072381105616,0.5764846929646351,0.0775269041229345
hetionet,hard_max_candidate_dep_score_desc,0.38,171015,0.5376601842433287,0.5796109947173506,0.07802476676427306
hetionet,hard_max_candidate_dep_score_desc,0.4,180016,0.5137069002531113,0.5535807809415938,0.07761990479169367
hetionet,hard_max_candidate_dep_score_desc,0.42,189017,0.4903671766745675,0.5283198632057656,0.07739646602893546
hetionet,hard_max_candidate_dep_score_desc,0.44,198018,0.4690402579669335,0.505290826717816,0.07728668943687578
hetionet,hard_max_candidate_dep_score_desc,0.46,207018,0.45049969381772703,0.4851772520288468,0.07697576421694619
hetionet,hard_max_candidate_dep_score_desc,0.48,216019,0.43389837418560634,0.467149506364964,0.07663345649028397
hetionet,hard_max_candidate_dep_score_desc,0.5,225020,0.41863326241575055,0.45055113883799336,0.07624304919790315
hetionet,hard_max_candidate_dep_score_desc,0.52,234021,0.4187455164033053,0.4497806166346858,0.07411446574508451
hetionet,hard_max_candidate_dep_score_desc,0.54,243022,0.4283743153450157,0.45837999675190993,0.0700454726906945
hetionet,hard_max_candidate_dep_score_desc,0.56,252022,0.4373896547234458,0.46660423519631317,0.06679303032747597
hetionet,hard_max_candidate_dep_score_desc,0.58,261023,0.44535800173623113,0.4737150419299498,0.06367246144263383
hetionet,hard_max_candidate_dep_score_desc,0.6,270024,0.4527103928536622,0.4802490379412221,0.06083060058323353
hetionet,hard_max_candidate_dep_score_desc,0.62,279025,0.45951027629740143,0.48605387824719554,0.057764980064590965
hetionet,hard_max_candidate_dep_score_desc,0.64,288026,0.4534411295254654,0.47876978064578574,0.05585874211902042
hetionet,hard_max_candidate_dep_score_desc,0.66,297026,0.44125531814112057,0.465458154156128,0.0548499587879574
hetionet,hard_max_candidate_dep_score_desc,0.68,306027,0.4297318335704471,0.4530073637929279,0.05416291836956777
hetionet,hard_max_candidate_dep_score_desc,0.7,315028,0.41903994548296425,0.4411214408528307,0.05269544254168057
hetionet,hard_max_candidate_dep_score_desc,0.72,324029,0.40851062229941104,0.4297210226001389,0.05192129443621174
hetionet,hard_max_candidate_dep_score_desc,0.74,333030,0.39865051863171574,0.4189826464381387,0.05100238644166
hetionet,hard_max_candidate_dep_score_desc,0.76,342030,0.39301597473593697,0.41280649120770385,0.05035550141457712
hetionet,hard_max_candidate_dep_score_desc,0.78,351031,0.3940017769977322,0.4132271247860091,0.048795078882061915
hetionet,hard_max_candidate_dep_score_desc,0.8,360032,0.38448132234321536,0.40322604710165005,0.048753277907481296
hetionet,hard_max_candidate_dep_score_desc,0.82,369033,0.3770557794596368,0.39538376659278474,0.04860815861094614
hetionet,hard_max_candidate_dep_score_desc,0.84,378034,0.37367818627226845,0.3915872337840831,0.047926392735073486
hetionet,hard_max_candidate_dep_score_desc,0.86,387034,0.37024340877500883,0.3876032390631979,0.046887614679288925
hetionet,hard_max_candidate_dep_score_desc,0.88,396035,0.36812832416813135,0.3850666332595936,0.04601196914075589
hetionet,hard_max_candidate_dep_score_desc,0.9,405036,0.364218768292021,0.3807911732548205,0.04550123828191133
hetionet,hard_max_candidate_dep_score_desc,0.92,414037,0.3612702198527869,0.3775915723928685,0.04517768596241445
hetionet,hard_max_candidate_dep_score_desc,0.94,423038,0.36611393330372344,0.3829689560505111,0.04603764351356987
hetionet,hard_max_candidate_dep_score_desc,0.96,432038,0.3725341158086319,0.3899316437069277,0.04670049576676294
hetionet,hard_max_candidate_dep_score_desc,0.98,441039,0.3743787062004001,0.3918036490641011,0.046543627014870026
hetionet,hard_max_candidate_dep_score_desc,1.0,450040,0.37318845483349955,0.3903218979298272,0.04591096770121639
macro,hard_max_candidate_dep_score_desc,0.02,11922,0.33916657378721143,0.3544937359494715,0.0447290644999501
macro,hard_max_candidate_dep_score_desc,0.04,23843,0.33689173042947207,0.3528057673708553,0.050516149906669625
macro,hard_max_candidate_dep_score_desc,0.06,35763,0.32946079344589846,0.34426586392030495,0.04763128990728806
macro,hard_max_candidate_dep_score_desc,0.08,47685,0.33738395429975115,0.352996041764382,0.04775079800844243
macro,hard_max_candidate_dep_score_desc,0.1,59607,0.34122005967364555,0.3568474971248125,0.044169416763540914
macro,hard_max_candidate_dep_score_desc,0.12,71527,0.3581958274936022,0.37449799500973946,0.044066247892136215
macro,hard_max_candidate_dep_score_desc,0.14,83450,0.36665826252558187,0.38378739254526434,0.044186785709829667
macro,hard_max_candidate_dep_score_desc,0.16,95370,0.3744690568740108,0.3917031364709021,0.04282895579221058
macro,hard_max_candidate_dep_score_desc,0.18,107291,0.37725119518651634,0.394170687728017,0.04249715828831589
macro,hard_max_candidate_dep_score_desc,0.2,119213,0.3746515636573434,0.39091638850537663,0.041174501765750895
macro,hard_max_candidate_dep_score_desc,0.22,131133,0.37192645922897416,0.3874940373982856,0.038853388729256685
macro,hard_max_candidate_dep_score_desc,0.24,143056,0.3679058015265773,0.3831837866929423,0.039108636695019704
macro,hard_max_candidate_dep_score_desc,0.26,154975,0.374118256446731,0.3892822420441081,0.039156910179440896
macro,hard_max_candidate_dep_score_desc,0.28,166895,0.38617002486697,0.40098230106550264,0.03809210756622115
macro,hard_max_candidate_dep_score_desc,0.3,178817,0.39269819854368265,0.4076310473577269,0.038299239350189244
macro,hard_max_candidate_dep_score_desc,0.32,190739,0.4014877129822455,0.4164535022881019,0.037876373013070896
macro,hard_max_candidate_dep_score_desc,0.34,202661,0.4062528861656771,0.4212935647613754,0.03738495707922713
macro,hard_max_candidate_dep_score_desc,0.36,214581,0.4133613920691007,0.42809780164495365,0.0361977586235201
macro,hard_max_candidate_dep_score_desc,0.38,226502,0.4170223812752831,0.4313692341087817,0.03518304494675669
macro,hard_max_candidate_dep_score_desc,0.4,238425,0.4170050811524577,0.43081267118792654,0.034428769200090734
macro,hard_max_candidate_dep_score_desc,0.42,250345,0.41838634292516047,0.43211945942258645,0.03491038796884016
macro,hard_max_candidate_dep_score_desc,0.44,262266,0.4177779977774713,0.43126503895506446,0.03489011401539267
macro,hard_max_candidate_dep_score_desc,0.46,274186,0.41524191502027014,0.4284888249050964,0.03476087814615677
macro,hard_max_candidate_dep_score_desc,0.48,286108,0.41413555732279017,0.42700876594645704,0.03413228318733804
macro,hard_max_candidate_dep_score_desc,0.5,298031,0.4123782220256466,0.4250088010454485,0.034269252120189844
macro,hard_max_candidate_dep_score_desc,0.52,309952,0.4182060902484552,0.4305354979236492,0.03314933805920089
macro,hard_max_candidate_dep_score_desc,0.54,321873,0.4196089339562681,0.4316933229773606,0.03241415583810725
macro,hard_max_candidate_dep_score_desc,0.56,333794,0.418851576988703,0.4306440094215385,0.03161456467631999
macro,hard_max_candidate_dep_score_desc,0.58,345716,0.41756870342049585,0.4290677255063396,0.030819494084887027
macro,hard_max_candidate_dep_score_desc,0.6,357635,0.41550416233223275,0.4267127302492947,0.030266189308152964
macro,hard_max_candidate_dep_score_desc,0.62,369557,0.41378238329340294,0.42462763274309445,0.029318078757665584
macro,hard_max_candidate_dep_score_desc,0.64,381479,0.40894917950609705,0.4194452876517754,0.0282200561686459
macro,hard_max_candidate_dep_score_desc,0.66,393400,0.40602975501243366,0.41619439641226147,0.02686824438765683
macro,hard_max_candidate_dep_score_desc,0.68,405321,0.40336829774657806,0.4132706607369076,0.026053332428536358
macro,hard_max_candidate_dep_score_desc,0.7,417241,0.3964728862188504,0.40610455653018696,0.025983635750553655
macro,hard_max_candidate_dep_score_desc,0.72,429165,0.3920906526421996,0.40141401842605556,0.025329754172839922
macro,hard_max_candidate_dep_score_desc,0.74,441086,0.3907411918995928,0.39984779079401445,0.024947900936949634
macro,hard_max_candidate_dep_score_desc,0.76,453004,0.3877430490197174,0.39667849205686995,0.024742328018726795
macro,hard_max_candidate_dep_score_desc,0.78,464926,0.38667877403652307,0.3954542189303424,0.024412700532402094
macro,hard_max_candidate_dep_score_desc,0.8,476847,0.38458976384331617,0.3932135288294177,0.024329495727998758
macro,hard_max_candidate_dep_score_desc,0.82,488769,0.38317097057262234,0.39166497053967003,0.024147180008433695
macro,hard_max_candidate_dep_score_desc,0.84,500690,0.38403173647333233,0.39249646176097375,0.024004123916064785
macro,hard_max_candidate_dep_score_desc,0.86,512610,0.3854599102337735,0.393829927780018,0.023781902509158476
macro,hard_max_candidate_dep_score_desc,0.88,524533,0.38420792316602853,0.39245441239321915,0.023289240916938896
macro,hard_max_candidate_dep_score_desc,0.9,536455,0.3829229017865928,0.3909918076345121,0.022792260484097073
macro,hard_max_candidate_dep_score_desc,0.92,548375,0.38242492733573835,0.3904689454774718,0.02268530503251598
macro,hard_max_candidate_dep_score_desc,0.94,560296,0.3838595880722015,0.39189722190517223,0.022350388433567656
macro,hard_max_candidate_dep_score_desc,0.96,572217,0.38612136086490284,0.39420156880154283,0.021993306490508964
macro,hard_max_candidate_dep_score_desc,0.98,584139,0.38642091501669995,0.3944090190917941,0.02140464077783141
macro,hard_max_candidate_dep_score_desc,1.0,596060,0.3853569901285632,0.39338390028653303,0.02120327627483078
FB15k-237,hard_max_candidate_dep_score_asc,0.02,816,0.38213827759283586,0.3953164094019418,0.034485244168989126
FB15k-237,hard_max_candidate_dep_score_asc,0.04,1633,0.38478467108746606,0.3925656743950459,0.020221708119477322
FB15k-237,hard_max_candidate_dep_score_asc,0.06,2449,0.4283161268542465,0.4336853900801806,0.01253574845609573
FB15k-237,hard_max_candidate_dep_score_asc,0.08,3266,0.45216597463781555,0.45542337855002285,0.007204000510689701
FB15k-237,hard_max_candidate_dep_score_asc,0.1,4082,0.4632203894790988,0.46650401073459474,0.007088680313033002
FB15k-237,hard_max_candidate_dep_score_asc,0.12,4898,0.46406389435505635,0.4684017043248024,0.0093474412090917
FB15k-237,hard_max_candidate_dep_score_asc,0.14,5715,0.45130361650531453,0.45545559427237936,0.009199965644449692
FB15k-237,hard_max_candidate_dep_score_asc,0.16,6531,0.45451641366094736,0.45815337728987326,0.008001831220200817
FB15k-237,hard_max_candidate_dep_score_asc,0.18,7347,0.45683626723558624,0.45996761755263144,0.006854425844939227
FB15k-237,hard_max_candidate_dep_score_asc,0.2,8164,0.4353382089721929,0.4381534665400257,0.006466828571007888
FB15k-237,hard_max_candidate_dep_score_asc,0.22,8980,0.421679389427978,0.42410094514002306,0.005742646600133794
FB15k-237,hard_max_candidate_dep_score_asc,0.24,9797,0.40805689192641104,0.4104904713210294,0.005963823777438426
FB15k-237,hard_max_candidate_dep_score_asc,0.26,10613,0.42335273709727106,0.42561134576838994,0.0053350515378856045
FB15k-237,hard_max_candidate_dep_score_asc,0.28,11429,0.4201589514636492,0.4220730412362849,0.004555632495673034
FB15k-237,hard_max_candidate_dep_score_asc,0.3,12246,0.41992948940037716,0.42180695495479287,0.004470906668394559
FB15k-237,hard_max_candidate_dep_score_asc,0.32,13062,0.42045481549749664,0.4222165742443198,0.0041901262201946565
FB15k-237,hard_max_candidate_dep_score_asc,0.34,13878,0.43174393993821886,0.43340101887367866,0.0038381058358269993
FB15k-237,hard_max_candidate_dep_score_asc,0.36,14695,0.4219680103705288,0.42353296045329925,0.00370869365522819
FB15k-237,hard_max_candidate_dep_score_asc,0.38,15511,0.42473992350483253,0.4262225449648488,0.0034906571715276336
FB15k-237,hard_max_candidate_dep_score_asc,0.4,16328,0.41085994190631686,0.4122843835625656,0.0034669762392496306
FB15k-237,hard_max_candidate_dep_score_asc,0.42,17144,0.40350965913889375,0.4049052770416138,0.0034586976324144647
FB15k-237,hard_max_candidate_dep_score_asc,0.44,17960,0.4166647610280695,0.41799697001048775,0.0031973161808336314
FB15k-237,hard_max_candidate_dep_score_asc,0.46,18777,0.41672672946021344,0.41800097312662626,0.0030577440234356157
FB15k-237,hard_max_candidate_dep_score_asc,0.48,19593,0.4058525748891669,0.4070737494578513,0.003008911718788365
FB15k-237,hard_max_candidate_dep_score_asc,0.5,20410,0.40928171990971085,0.41042939668850337,0.002804124208248826
FB15k-237,hard_max_candidate_dep_score_asc,0.52,21226,0.41089457787520994,0.4119981340353511,0.002685740381018986
FB15k-237,hard_max_candidate_dep_score_asc,0.54,22042,0.4154563203117985,0.4165190225645502,0.0025579157201269798
FB15k-237,hard_max_candidate_dep_score_asc,0.56,22859,0.41112784548794573,0.4121525658630783,0.0024924616183961135
FB15k-237,hard_max_candidate_dep_score_asc,0.58,23675,0.4052220648620136,0.406211466469412,0.0024416281668553363
FB15k-237,hard_max_candidate_dep_score_asc,0.6,24491,0.4137671155968916,0.41472113954447576,0.0023057026806199143
FB15k-237,hard_max_candidate_dep_score_asc,0.62,25308,0.41135593641891194,0.41227215316323557,0.0022273089147559766
FB15k-237,hard_max_candidate_dep_score_asc,0.64,26124,0.4009245176087805,0.401812115731784,0.0022138783836351816
FB15k-237,hard_max_candidate_dep_score_asc,0.66,26941,0.39419003592220137,0.39506021949695347,0.0022075230103579813
FB15k-237,hard_max_candidate_dep_score_asc,0.68,27757,0.39420503490600656,0.39507437841508375,0.0022053079796011676
FB15k-237,hard_max_candidate_dep_score_asc,0.7,28573,0.3946291893605554,0.3952675886926624,0.0016177194929281047
FB15k-237,hard_max_candidate_dep_score_asc,0.72,29390,0.39199377753128417,0.3927227748554359,0.0018597165718874376
FB15k-237,hard_max_candidate_dep_score_asc,0.74,30206,0.39043039368114163,0.3913048915982918,0.0022398305339526026
FB15k-237,hard_max_candidate_dep_score_asc,0.76,31022,0.3857428452305693,0.3871300944031788,0.0035963056470440513
FB15k-237,hard_max_candidate_dep_score_asc,0.78,31839,0.38481651274581,0.38653176267458556,0.0044573189350336495
FB15k-237,hard_max_candidate_dep_score_asc,0.8,32655,0.3833862362803835,0.38487217244421895,0.003875820317004619
FB15k-237,hard_max_candidate_dep_score_asc,0.82,33472,0.3814456829840437,0.3828784173258775,0.003756063853247893
FB15k-237,hard_max_candidate_dep_score_asc,0.84,34288,0.3787449156959087,0.3803675587004768,0.004284263464201521
FB15k-237,hard_max_candidate_dep_score_asc,0.86,35104,0.37573781129003897,0.377560102135192,0.004849900090960979
FB15k-237,hard_max_candidate_dep_score_asc,0.88,35921,0.37399637760489185,0.37609225937340346,0.005604016225862596
FB15k-237,hard_max_candidate_dep_score_asc,0.9,36737,0.3711474321506229,0.3735575408817432,0.006493669421757442
FB15k-237,hard_max_candidate_dep_score_asc,0.92,37553,0.3676669688300662,0.3701018641875916,0.006622556726467277
FB15k-237,hard_max_candidate_dep_score_asc,0.94,38370,0.3644096762766009,0.36703276441789007,0.0071981846587907405
FB15k-237,hard_max_candidate_dep_score_asc,0.96,39186,0.36041294554482634,0.3632825857824051,0.007962089800189531
FB15k-237,hard_max_candidate_dep_score_asc,0.98,40003,0.35653542592485477,0.3596424173408899,0.008714397476704105
FB15k-237,hard_max_candidate_dep_score_asc,1.0,40819,0.352811985517237,0.35605305507138213,0.009186393000208293
KG20C,hard_max_candidate_dep_score_asc,0.02,149,0.033172634724470976,0.033172634724470976,0.0
KG20C,hard_max_candidate_dep_score_asc,0.04,298,0.11428997842239327,0.11428997842239327,0.0
KG20C,hard_max_candidate_dep_score_asc,0.06,447,0.2081743413082596,0.2081743413082596,0.0
KG20C,hard_max_candidate_dep_score_asc,0.08,596,0.3492920735972103,0.3492920735972103,0.0
KG20C,hard_max_candidate_dep_score_asc,0.1,745,0.40325047096826805,0.4039216119078654,0.001664327726600856
KG20C,hard_max_candidate_dep_score_asc,0.12,894,0.3399859171858732,0.3419911342089052,0.005897941419543473
KG20C,hard_max_candidate_dep_score_asc,0.14,1043,0.3140329355033963,0.31474098716692894,0.0022547051072769886
KG20C,hard_max_candidate_dep_score_asc,0.16,1192,0.2912476663138268,0.29277207690080925,0.0052340697052652985
KG20C,hard_max_candidate_dep_score_asc,0.18,1341,0.27083110241719305,0.27229706981912843,0.005412847301700108
KG20C,hard_max_candidate_dep_score_asc,0.2,1490,0.2592381396357068,0.26171866371722347,0.009568515207686756
KG20C,hard_max_candidate_dep_score_asc,0.22,1639,0.24937090563131362,0.2528656905718612,0.014014405295999177
KG20C,hard_max_candidate_dep_score_asc,0.24,1788,0.24453160726528436,0.24827860069931643,0.015323145649499104
KG20C,hard_max_candidate_dep_score_asc,0.26,1936,0.2387449321334761,0.24242968878057825,0.015433863304131101
KG20C,hard_max_candidate_dep_score_asc,0.28,2085,0.2410502569337338,0.24573421655680813,0.01943146496774739
KG20C,hard_max_candidate_dep_score_asc,0.3,2234,0.2434117773941416,0.24742571929542476,0.016490335612576512
KG20C,hard_max_candidate_dep_score_asc,0.32,2383,0.244797139850115,0.24854896554137923,0.015326264406362755
KG20C,hard_max_candidate_dep_score_asc,0.34,2532,0.24663313652196242,0.25069727569764777,0.01647847987094564
KG20C,hard_max_candidate_dep_score_asc,0.36,2681,0.2536262001094824,0.2572717995769687,0.014373907214288772
KG20C,hard_max_candidate_dep_score_asc,0.38,2830,0.27619720498960204,0.27966757905301454,0.012564841355085843
KG20C,hard_max_candidate_dep_score_asc,0.4,2979,0.2954985182420947,0.29848789388395064,0.01011638115696667
KG20C,hard_max_candidate_dep_score_asc,0.42,3128,0.3127788125782713,0.3151537124826956,0.007592905302145292
KG20C,hard_max_candidate_dep_score_asc,0.44,3277,0.30574552140041744,0.30809793597655116,0.007694027913667689
KG20C,hard_max_candidate_dep_score_asc,0.46,3426,0.29997341609295647,0.3025391496329409,0.008553203058464742
KG20C,hard_max_candidate_dep_score_asc,0.48,3575,0.29116035006123586,0.2938830450457307,0.00935118735748941
KG20C,hard_max_candidate_dep_score_asc,0.5,3724,0.28538761072196256,0.2879602261957099,0.009014460954486436
KG20C,hard_max_candidate_dep_score_asc,0.52,3873,0.28065006877103443,0.28392436291918494,0.01166682111459516
KG20C,hard_max_candidate_dep_score_asc,0.54,4022,0.27463134435952846,0.2772473426645204,0.009525490657640523
KG20C,hard_max_candidate_dep_score_asc,0.56,4171,0.26962551238348403,0.2725662100652516,0.010906600253707044
KG20C,hard_max_candidate_dep_score_asc,0.58,4320,0.264806488551758,0.26801500976699966,0.012116475063693732
KG20C,hard_max_candidate_dep_score_asc,0.6,4469,0.25950754996233344,0.26298890429562366,0.013415233328647025
KG20C,hard_max_candidate_dep_score_asc,0.62,4618,0.2542150666921148,0.2575867150495574,0.013262976114338798
KG20C,hard_max_candidate_dep_score_asc,0.64,4767,0.2505263924521874,0.25408110683890145,0.014188981655465671
KG20C,hard_max_candidate_dep_score_asc,0.66,4916,0.24744535409354868,0.2510386616779001,0.014521620733250806
KG20C,hard_max_candidate_dep_score_asc,0.68,5065,0.2449239428552437,0.24841709835057624,0.014262205052762322
KG20C,hard_max_candidate_dep_score_asc,0.7,5214,0.24277206560030162,0.24661612822303408,0.015834040103531954
KG20C,hard_max_candidate_dep_score_asc,0.72,5363,0.24039784874116996,0.24482118651787863,0.018400072213088592
KG20C,hard_max_candidate_dep_score_asc,0.74,5512,0.23707580769297126,0.24176489865915904,0.01977886740877599
KG20C,hard_max_candidate_dep_score_asc,0.76,5660,0.23379618135722524,0.2385857712174524,0.020486176602298567
KG20C,hard_max_candidate_dep_score_asc,0.78,5809,0.23197008708773997,0.23718861349884532,0.02249654891551378
KG20C,hard_max_candidate_dep_score_asc,0.8,5958,0.23227436118983522,0.23759964123579705,0.022926680407957534
KG20C,hard_max_candidate_dep_score_asc,0.82,6107,0.23359003074171333,0.24013812696024142,0.02803243014154355
KG20C,hard_max_candidate_dep_score_asc,0.84,6256,0.2336568658913978,0.24016388762135518,0.027848621974505994
KG20C,hard_max_candidate_dep_score_asc,0.86,6405,0.23577257086808834,0.242563652864657,0.028803528635942044
KG20C,hard_max_candidate_dep_score_asc,0.88,6554,0.23456170870550214,0.2414369760469699,0.029311124050941384
KG20C,hard_max_candidate_dep_score_asc,0.9,6703,0.23330358902300385,0.24039214737524123,0.030383408939064438
KG20C,hard_max_candidate_dep_score_asc,0.92,6852,0.23222911478508643,0.23927358937662502,0.030334157704807296
KG20C,hard_max_candidate_dep_score_asc,0.94,7001,0.2310150346207615,0.2381833239470046,0.031029535969425925
KG20C,hard_max_candidate_dep_score_asc,0.96,7150,0.22936572441353148,0.2366084929653784,0.03157737962097884
KG20C,hard_max_candidate_dep_score_asc,0.98,7299,0.22766089545865328,0.2351297880317529,0.032807094771601264
KG20C,hard_max_candidate_dep_score_asc,1.0,7448,0.22638074035722047,0.23398674950607826,0.033598304947920044
WN18RR,hard_max_candidate_dep_score_asc,0.02,121,0.8364612940210251,0.8385235981600166,0.002465510542726479
WN18RR,hard_max_candidate_dep_score_asc,0.04,242,0.5118741876469708,0.5166366077349925,0.009303887953237222
WN18RR,hard_max_candidate_dep_score_asc,0.06,363,0.39660690766841894,0.4020262504838213,0.013664267340328662
WN18RR,hard_max_candidate_dep_score_asc,0.08,484,0.44162406184261266,0.44443028381860705,0.006354323096177783
WN18RR,hard_max_candidate_dep_score_asc,0.1,606,0.40970554902856327,0.41098563877629435,0.003124413986498986
WN18RR,hard_max_candidate_dep_score_asc,0.12,727,0.37255788944116525,0.3740328916136329,0.003959122096917955
WN18RR,hard_max_candidate_dep_score_asc,0.14,848,0.33999251175912776,0.3417271548067795,0.005102003684365419
WN18RR,hard_max_candidate_dep_score_asc,0.16,969,0.35736504063825636,0.3615681222794283,0.011761311721105061
WN18RR,hard_max_candidate_dep_score_asc,0.18,1090,0.4217134384292947,0.4261149457071345,0.01043719947420585
WN18RR,hard_max_candidate_dep_score_asc,0.2,1211,0.47475374393705394,0.4787154639476611,0.008344789401244723
WN18RR,hard_max_candidate_dep_score_asc,0.22,1332,0.5180575671478023,0.5216594011814699,0.006952574891430974
WN18RR,hard_max_candidate_dep_score_asc,0.24,1453,0.5559218053428935,0.5592236931149824,0.005939482388269246
WN18RR,hard_max_candidate_dep_score_asc,0.26,1574,0.5883085608188998,0.5913566185907202,0.005181052894381866
WN18RR,hard_max_candidate_dep_score_asc,0.28,1695,0.6148833619491209,0.6177138297561093,0.004603259710941332
WN18RR,hard_max_candidate_dep_score_asc,0.3,1816,0.6386511393622436,0.6412930132239425,0.0041366462828784645
WN18RR,hard_max_candidate_dep_score_asc,0.32,1938,0.6573768526517716,0.6598524166006081,0.003765821596623642
WN18RR,hard_max_candidate_dep_score_asc,0.34,2059,0.6737238629775958,0.6760539469663502,0.0034585148557102485
WN18RR,hard_max_candidate_dep_score_asc,0.36,2180,0.6889151952143687,0.6911159488532886,0.003194520391200051
WN18RR,hard_max_candidate_dep_score_asc,0.38,2301,0.7034220248901744,0.7055070500674213,0.0029641169930276767
WN18RR,hard_max_candidate_dep_score_asc,0.4,2422,0.7160326358457018,0.7180134958510053,0.0027664381567802376
WN18RR,hard_max_candidate_dep_score_asc,0.42,2543,0.7274325165704182,0.7293191240941482,0.002593515523095835
WN18RR,hard_max_candidate_dep_score_asc,0.44,2664,0.7376247451023309,0.7394256621191648,0.0024415084076172544
WN18RR,hard_max_candidate_dep_score_asc,0.46,2785,0.7476963522837955,0.7494190247911009,0.0023039734004901558
WN18RR,hard_max_candidate_dep_score_asc,0.48,2906,0.7567815208279141,0.7584324647139586,0.0021815330324641558
WN18RR,hard_max_candidate_dep_score_asc,0.5,3028,0.765180094892844,0.7667645212246951,0.0020706580613194525
WN18RR,hard_max_candidate_dep_score_asc,0.52,3149,0.7704315965702273,0.7719551414838015,0.0019775213274697556
WN18RR,hard_max_candidate_dep_score_asc,0.54,3270,0.7460156230684536,0.7473331756536546,0.0017661192935636283
WN18RR,hard_max_candidate_dep_score_asc,0.56,3391,0.7292690629288655,0.7305599023572754,0.0017700455072449106
WN18RR,hard_max_candidate_dep_score_asc,0.58,3512,0.708296688084109,0.7095649117668972,0.0017905260664408118
WN18RR,hard_max_candidate_dep_score_asc,0.6,3633,0.6871573658187309,0.6883992524768665,0.0018072813010683308
WN18RR,hard_max_candidate_dep_score_asc,0.62,3754,0.6670755007814921,0.6682906346534844,0.0018215837196369211
WN18RR,hard_max_candidate_dep_score_asc,0.64,3875,0.6469737977890645,0.6481557130443057,0.0018268363560940415
WN18RR,hard_max_candidate_dep_score_asc,0.66,3996,0.6331999078907224,0.6343837722504609,0.0018696533985327335
WN18RR,hard_max_candidate_dep_score_asc,0.68,4117,0.6184505588125254,0.6196246761926565,0.001898482204277574
WN18RR,hard_max_candidate_dep_score_asc,0.7,4238,0.6025793984739005,0.6037315830126635,0.0019120875052831554
WN18RR,hard_max_candidate_dep_score_asc,0.72,4360,0.5876221453494807,0.5887543743850882,0.0019267977637809075
WN18RR,hard_max_candidate_dep_score_asc,0.74,4481,0.5797365188876359,0.5809407670817374,0.0020772336309125006
WN18RR,hard_max_candidate_dep_score_asc,0.76,4602,0.579585546097655,0.5807642600775483,0.0020337187285459635
WN18RR,hard_max_candidate_dep_score_asc,0.78,4723,0.5705620991772571,0.5717594547923324,0.0020985544199341177
WN18RR,hard_max_candidate_dep_score_asc,0.8,4844,0.5609092331640687,0.5621065198565384,0.002134546236145507
WN18RR,hard_max_candidate_dep_score_asc,0.82,4965,0.5505127779439724,0.5517021223758202,0.002160430201619823
WN18RR,hard_max_candidate_dep_score_asc,0.84,5086,0.5434783245027293,0.544678707506415,0.0022087044681755597
WN18RR,hard_max_candidate_dep_score_asc,0.86,5207,0.5388599081643678,0.5400843705901626,0.0022723205182695327
WN18RR,hard_max_candidate_dep_score_asc,0.88,5328,0.5316876135456722,0.5329170502713009,0.002312329071256558
WN18RR,hard_max_candidate_dep_score_asc,0.9,5450,0.5238071516883254,0.5250351582985135,0.00234438687259253
WN18RR,hard_max_candidate_dep_score_asc,0.92,5571,0.5185352648731583,0.5198069132961484,0.0024523856121938525
WN18RR,hard_max_candidate_dep_score_asc,0.94,5692,0.5145384629797659,0.515954796550953,0.002752629148431218
WN18RR,hard_max_candidate_dep_score_asc,0.96,5813,0.5085084876241631,0.5100752571048981,0.003081107825859908
WN18RR,hard_max_candidate_dep_score_asc,0.98,5934,0.5077677607080977,0.5092114417757043,0.002843191670131473
WN18RR,hard_max_candidate_dep_score_asc,1.0,6055,0.5112021246888967,0.5133269561687425,0.004156538827257084
YAGO3-10,hard_max_candidate_dep_score_asc,0.02,200,0.4041759986091589,0.45985263010433214,0.13775343337250678
YAGO3-10,hard_max_candidate_dep_score_asc,0.04,399,0.6523299684983281,0.6846835918141309,0.04959702125947274
YAGO3-10,hard_max_candidate_dep_score_asc,0.06,598,0.7508392907628014,0.7737939286905322,0.030571972205144515
YAGO3-10,hard_max_candidate_dep_score_asc,0.08,798,0.7930701145760787,0.8118742443203404,0.02371055143631673
YAGO3-10,hard_max_candidate_dep_score_asc,0.1,998,0.7689541619774322,0.7886285072295924,0.02558584922873175
YAGO3-10,hard_max_candidate_dep_score_asc,0.12,1197,0.7584385717356339,0.7745641062038836,0.0212614904742352
YAGO3-10,hard_max_candidate_dep_score_asc,0.14,1397,0.7403031178445536,0.7571638798813791,0.022775484298805715
YAGO3-10,hard_max_candidate_dep_score_asc,0.16,1596,0.688955747759631,0.7037525436301489,0.02147713538733753
YAGO3-10,hard_max_candidate_dep_score_asc,0.18,1796,0.6463668700703886,0.6595024243243507,0.02032213416589812
YAGO3-10,hard_max_candidate_dep_score_asc,0.2,1995,0.623480985878436,0.6357801253789231,0.01972656709515941
YAGO3-10,hard_max_candidate_dep_score_asc,0.22,2194,0.6558088271775204,0.6669924111809261,0.017053115999578372
YAGO3-10,hard_max_candidate_dep_score_asc,0.24,2394,0.6281035574492656,0.6386350498692683,0.01676712748256226
YAGO3-10,hard_max_candidate_dep_score_asc,0.26,2594,0.6009078820531,0.6111277558151273,0.017007388432166204
YAGO3-10,hard_max_candidate_dep_score_asc,0.28,2793,0.5670602002472774,0.5765519125776387,0.016738456210155794
YAGO3-10,hard_max_candidate_dep_score_asc,0.3,2992,0.5393078233314977,0.5488118936325957,0.017622719140968357
YAGO3-10,hard_max_candidate_dep_score_asc,0.32,3192,0.5400761634641474,0.5501380646064362,0.018630522550282302
YAGO3-10,hard_max_candidate_dep_score_asc,0.34,3392,0.5476120644688492,0.5578273841597009,0.018654299920802364
YAGO3-10,hard_max_candidate_dep_score_asc,0.36,3591,0.5417968787325167,0.5513982883598986,0.017721419233428293
YAGO3-10,hard_max_candidate_dep_score_asc,0.38,3790,0.5261403355717461,0.5359202719508408,0.01858807568605636
YAGO3-10,hard_max_candidate_dep_score_asc,0.4,3990,0.5006804715610594,0.5099690566167647,0.0185519220007615
YAGO3-10,hard_max_candidate_dep_score_asc,0.42,4190,0.4889639423784816,0.4983526230844959,0.019201171890803836
YAGO3-10,hard_max_candidate_dep_score_asc,0.44,4389,0.4799263925030049,0.489445948008996,0.019835449049473652
YAGO3-10,hard_max_candidate_dep_score_asc,0.46,4588,0.468019389368074,0.477460778359487,0.020173072325402774
YAGO3-10,hard_max_candidate_dep_score_asc,0.48,4788,0.4766107600683923,0.48694851770757874,0.021690147401840054
YAGO3-10,hard_max_candidate_dep_score_asc,0.5,4988,0.4900189821175674,0.5005864129195817,0.02156534988981096
YAGO3-10,hard_max_candidate_dep_score_asc,0.52,5187,0.49753849871622513,0.5081742705538013,0.021376781625982888
YAGO3-10,hard_max_candidate_dep_score_asc,0.54,5386,0.4963426085662594,0.5086018722664499,0.0246991966609571
YAGO3-10,hard_max_candidate_dep_score_asc,0.56,5586,0.4965223785927098,0.5093682246339646,0.02587163559004857
YAGO3-10,hard_max_candidate_dep_score_asc,0.58,5786,0.4974658975477323,0.5110471318907924,0.02730083491151669
YAGO3-10,hard_max_candidate_dep_score_asc,0.6,5985,0.49430888769104153,0.5076749929015186,0.027039985610842088
YAGO3-10,hard_max_candidate_dep_score_asc,0.62,6184,0.4923934822278993,0.5059280119469057,0.02748722354684241
YAGO3-10,hard_max_candidate_dep_score_asc,0.64,6384,0.49323454480162676,0.5063298853400819,0.0265499257431816
YAGO3-10,hard_max_candidate_dep_score_asc,0.66,6584,0.5075957051471007,0.5205099887285632,0.025442066295103816
YAGO3-10,hard_max_candidate_dep_score_asc,0.68,6783,0.519456071313231,0.5329360362621381,0.02595015381152166
YAGO3-10,hard_max_candidate_dep_score_asc,0.7,6982,0.5301315642775473,0.5437802753973444,0.025745894112902512
YAGO3-10,hard_max_candidate_dep_score_asc,0.72,7182,0.5391427824204609,0.5535592281827337,0.02673956924277232
YAGO3-10,hard_max_candidate_dep_score_asc,0.74,7382,0.5477279899617973,0.5622419241311787,0.026498434323930953
YAGO3-10,hard_max_candidate_dep_score_asc,0.76,7581,0.5555159201535753,0.5701187389165238,0.026286949182142916
YAGO3-10,hard_max_candidate_dep_score_asc,0.78,7780,0.5525083702969907,0.5668563556092685,0.02596881076130164
YAGO3-10,hard_max_candidate_dep_score_asc,0.8,7980,0.5502630279243349,0.5648680660558244,0.026541921572637017
YAGO3-10,hard_max_candidate_dep_score_asc,0.82,8179,0.5480708280122683,0.5624173107454076,0.026176329773235363
YAGO3-10,hard_max_candidate_dep_score_asc,0.84,8379,0.5472525581768514,0.5618713104327709,0.026712990259234903
YAGO3-10,hard_max_candidate_dep_score_asc,0.86,8578,0.5537196029671615,0.5690097042102723,0.027613436766871224
YAGO3-10,hard_max_candidate_dep_score_asc,0.88,8778,0.5591644567116991,0.5754645906509026,0.029150876354087973
YAGO3-10,hard_max_candidate_dep_score_asc,0.9,8978,0.5635188360621264,0.5807174397419941,0.03052001562192963
YAGO3-10,hard_max_candidate_dep_score_asc,0.92,9177,0.5674882168603337,0.5854085190686364,0.0315782807041316
YAGO3-10,hard_max_candidate_dep_score_asc,0.94,9376,0.5691501339201192,0.5875901904789858,0.032399283527981604
YAGO3-10,hard_max_candidate_dep_score_asc,0.96,9576,0.5654600713775705,0.5837000631348789,0.032256904917923324
YAGO3-10,hard_max_candidate_dep_score_asc,0.98,9776,0.5622910865717191,0.5809832469987359,0.03324285387659742
YAGO3-10,hard_max_candidate_dep_score_asc,1.0,9975,0.5616723217905851,0.5802260659200453,0.033033039745151926
codex-l,hard_max_candidate_dep_score_asc,0.02,1223,0.20701217332309627,0.21225644575969724,0.025333159651514503
codex-l,hard_max_candidate_dep_score_asc,0.04,2445,0.17239149377510377,0.1749291482218812,0.014720299657522418
codex-l,hard_max_candidate_dep_score_asc,0.06,3668,0.2996417727309082,0.30828740565084456,0.028853229778815104
codex-l,hard_max_candidate_dep_score_asc,0.08,4890,0.2935496949946724,0.30221147412679533,0.02950702821299167
codex-l,hard_max_candidate_dep_score_asc,0.1,6113,0.2888908079794193,0.29756454982622244,0.030024291556625338
codex-l,hard_max_candidate_dep_score_asc,0.12,7335,0.26811517498760634,0.27601356785530534,0.029458954973600848
codex-l,hard_max_candidate_dep_score_asc,0.14,8558,0.2537881044899291,0.26139868284845025,0.029987923877744738
codex-l,hard_max_candidate_dep_score_asc,0.16,9781,0.28143090038924745,0.28887732680790085,0.026459164250813405
codex-l,hard_max_candidate_dep_score_asc,0.18,11003,0.3014818570174644,0.31025320932160505,0.029094129878709518
codex-l,hard_max_candidate_dep_score_asc,0.2,12226,0.31322175736419666,0.3212998885618002,0.025790453592949847
codex-l,hard_max_candidate_dep_score_asc,0.22,13448,0.31799602726319104,0.32572759489710124,0.024313409511594664
codex-l,hard_max_candidate_dep_score_asc,0.24,14671,0.3205387185375225,0.3278262537521881,0.022735272817946628
codex-l,hard_max_candidate_dep_score_asc,0.26,15894,0.3325270813260838,0.3408254143681639,0.02495536005364496
codex-l,hard_max_candidate_dep_score_asc,0.28,17116,0.32347365217474844,0.33138469823450173,0.02445653921599633
codex-l,hard_max_candidate_dep_score_asc,0.3,18339,0.31417973880148153,0.3216948896007513,0.023919909119341165
codex-l,hard_max_candidate_dep_score_asc,0.32,19561,0.2997643640946485,0.30681003407613244,0.023504027914603265
codex-l,hard_max_candidate_dep_score_asc,0.34,20784,0.2969819146424574,0.3037305093343412,0.02272392478851315
codex-l,hard_max_candidate_dep_score_asc,0.36,22006,0.30690691711917933,0.31336704197689225,0.021049134109949907
codex-l,hard_max_candidate_dep_score_asc,0.38,23229,0.32659793633542455,0.3330899053080982,0.019877556623646875
codex-l,hard_max_candidate_dep_score_asc,0.4,24452,0.3221083480634348,0.3282456780025594,0.019053619615955864
codex-l,hard_max_candidate_dep_score_asc,0.42,25674,0.3259793108667655,0.33178856913267724,0.017820941612721297
codex-l,hard_max_candidate_dep_score_asc,0.44,26897,0.3160169035259304,0.32186626693257797,0.018509653570374818
codex-l,hard_max_candidate_dep_score_asc,0.46,28119,0.3221509545563232,0.32794379584212147,0.017981760425873405
codex-l,hard_max_candidate_dep_score_asc,0.48,29342,0.31039933228887273,0.3159677960548999,0.017939677012078326
codex-l,hard_max_candidate_dep_score_asc,0.5,30564,0.30826217725676663,0.3136276721770314,0.01740562195470252
codex-l,hard_max_candidate_dep_score_asc,0.52,31787,0.30410480080960667,0.30936123642321106,0.017284947819338647
codex-l,hard_max_candidate_dep_score_asc,0.54,33010,0.2942569347984183,0.2993376550318996,0.0172662718619081
codex-l,hard_max_candidate_dep_score_asc,0.56,34232,0.2932079817695646,0.29821017164586644,0.017060210455775104
codex-l,hard_max_candidate_dep_score_asc,0.58,35455,0.29142761538261225,0.2962954900614885,0.016703546341980235
codex-l,hard_max_candidate_dep_score_asc,0.6,36677,0.2904806026418973,0.2955403733053184,0.017418618033021582
codex-l,hard_max_candidate_dep_score_asc,0.62,37900,0.2991047396088552,0.3043604688375487,0.01757153442491921
codex-l,hard_max_candidate_dep_score_asc,0.64,39123,0.30518017149575516,0.3106037247100057,0.017771643510351653
codex-l,hard_max_candidate_dep_score_asc,0.66,40345,0.30766038286477687,0.3130447070607601,0.0175008694517218
codex-l,hard_max_candidate_dep_score_asc,0.68,41568,0.3004519916051493,0.306112433463369,0.018839754823987365
codex-l,hard_max_candidate_dep_score_asc,0.7,42790,0.29348352309715586,0.29945549508430336,0.020348576724597
codex-l,hard_max_candidate_dep_score_asc,0.72,44013,0.30690496709905096,0.3127653852796053,0.01909522102541583
codex-l,hard_max_candidate_dep_score_asc,0.74,45235,0.32181436103790595,0.32762889410849044,0.01806797264059834
codex-l,hard_max_candidate_dep_score_asc,0.76,46458,0.33240017559801655,0.33821667622843815,0.017498488440799376
codex-l,hard_max_candidate_dep_score_asc,0.78,47681,0.33117773327242933,0.33709194621404437,0.01785812374272755
codex-l,hard_max_candidate_dep_score_asc,0.8,48903,0.32817987298210577,0.33394863913395173,0.017578061992121308
codex-l,hard_max_candidate_dep_score_asc,0.82,50126,0.3259206870259203,0.33159577077618513,0.01741246866546242
codex-l,hard_max_candidate_dep_score_asc,0.84,51348,0.32486279437568094,0.3304585227619828,0.017224897658889127
codex-l,hard_max_candidate_dep_score_asc,0.86,52571,0.3261316852710464,0.3316399226922335,0.016889611374648394
codex-l,hard_max_candidate_dep_score_asc,0.88,53794,0.3273007316879918,0.33270411204257766,0.016508916209013513
codex-l,hard_max_candidate_dep_score_asc,0.9,55016,0.3283672124363864,0.3337593794245905,0.016421149201212293
codex-l,hard_max_candidate_dep_score_asc,0.92,56239,0.3278684152138837,0.33319500583347844,0.016246123055555506
codex-l,hard_max_candidate_dep_score_asc,0.94,57461,0.3305014454984858,0.3357293759478469,0.015818177259333766
codex-l,hard_max_candidate_dep_score_asc,0.96,58684,0.33473847484608277,0.3398482431520224,0.01526495664500227
codex-l,hard_max_candidate_dep_score_asc,0.98,59906,0.3350242390144746,0.3400390829429576,0.014968600311532576
codex-l,hard_max_candidate_dep_score_asc,1.0,61129,0.32990176871301513,0.33484279266174394,0.014977258133547888
codex-m,hard_max_candidate_dep_score_asc,0.02,412,0.23237886496357404,0.23341314953369977,0.004450854729356912
codex-m,hard_max_candidate_dep_score_asc,0.04,824,0.4253829543052945,0.4263943931246801,0.0023777135617419898
codex-m,hard_max_candidate_dep_score_asc,0.06,1236,0.3944307094784603,0.3962357419693585,0.004576298060779527
codex-m,hard_max_candidate_dep_score_asc,0.08,1648,0.3662846282033019,0.3695629682364336,0.008950252838107353
codex-m,hard_max_candidate_dep_score_asc,0.1,2059,0.37493904704764575,0.3794177936134486,0.011945265773382285
codex-m,hard_max_candidate_dep_score_asc,0.12,2471,0.38870059931788076,0.3916953401339348,0.007704492407033747
codex-m,hard_max_candidate_dep_score_asc,0.14,2883,0.3917928848388864,0.39403612422030154,0.005725574578358206
codex-m,hard_max_candidate_dep_score_asc,0.16,3295,0.4327650030899004,0.43593749221105565,0.007330743240566928
codex-m,hard_max_candidate_dep_score_asc,0.18,3707,0.44359344576610776,0.44655908818155626,0.006685496469242658
codex-m,hard_max_candidate_dep_score_asc,0.2,4119,0.42052233338470635,0.42392487414909114,0.008091224875022451
codex-m,hard_max_candidate_dep_score_asc,0.22,4531,0.39937926316897016,0.4049877384955784,0.014042980805028416
codex-m,hard_max_candidate_dep_score_asc,0.24,4943,0.3769224856323176,0.38407772929685924,0.01898332929790092
codex-m,hard_max_candidate_dep_score_asc,0.26,5354,0.39651641902570606,0.4034712858962942,0.017539921518703316
codex-m,hard_max_candidate_dep_score_asc,0.28,5766,0.42678158977078706,0.43371464716972585,0.016244977677369654
codex-m,hard_max_candidate_dep_score_asc,0.3,6178,0.41635923304787953,0.42278673199636646,0.015437387809165815
codex-m,hard_max_candidate_dep_score_asc,0.32,6590,0.39274452020667605,0.39877298981663617,0.015349595729019283
codex-m,hard_max_candidate_dep_score_asc,0.34,7002,0.3732597973140881,0.37921679211951503,0.015959379628592174
codex-m,hard_max_candidate_dep_score_asc,0.36,7414,0.35400284704111684,0.35976770658469165,0.01628478299471192
codex-m,hard_max_candidate_dep_score_asc,0.38,7826,0.336531755009072,0.3419797938245579,0.016188780804174074
codex-m,hard_max_candidate_dep_score_asc,0.4,8238,0.3213928829607121,0.3265689981292317,0.01610525759262793
codex-m,hard_max_candidate_dep_score_asc,0.42,8649,0.3072901136628235,0.3122874160667722,0.016262490011091035
codex-m,hard_max_candidate_dep_score_asc,0.44,9061,0.29588065374006917,0.30062597233171257,0.016037948178295514
codex-m,hard_max_candidate_dep_score_asc,0.46,9473,0.28547514100854027,0.290035831299175,0.015975787855021295
codex-m,hard_max_candidate_dep_score_asc,0.48,9885,0.29300031324973064,0.29725489114303716,0.014520728138881722
codex-m,hard_max_candidate_dep_score_asc,0.5,10297,0.3026732640722505,0.30667168166923714,0.013210342873337444
codex-m,hard_max_candidate_dep_score_asc,0.52,10709,0.31235125605308117,0.3161081180845828,0.012027683445150483
codex-m,hard_max_candidate_dep_score_asc,0.54,11121,0.32253667079995557,0.3261288573837444,0.011137296651817952
codex-m,hard_max_candidate_dep_score_asc,0.56,11533,0.3308449990638662,0.3344022122771527,0.010751902623136855
codex-m,hard_max_candidate_dep_score_asc,0.58,11945,0.33959224938799104,0.3430280827818981,0.010117525945009254
codex-m,hard_max_candidate_dep_score_asc,0.6,12356,0.34816380136271124,0.35147904293580884,0.009522074265393865
codex-m,hard_max_candidate_dep_score_asc,0.62,12768,0.3534911268659221,0.3567548533157089,0.009232838398868015
codex-m,hard_max_candidate_dep_score_asc,0.64,13180,0.3581867120405659,0.36121639549169204,0.008458391529563514
codex-m,hard_max_candidate_dep_score_asc,0.66,13592,0.3531869045957679,0.3561263674107989,0.008322683476600812
codex-m,hard_max_candidate_dep_score_asc,0.68,14004,0.3587707719869448,0.36164013768346365,0.007997768827788576
codex-m,hard_max_candidate_dep_score_asc,0.7,14416,0.36291963299826674,0.36567143094853927,0.007582389322777994
codex-m,hard_max_candidate_dep_score_asc,0.72,14828,0.3564818918515993,0.35915723034978714,0.007504837017925148
codex-m,hard_max_candidate_dep_score_asc,0.74,15240,0.3506594688927051,0.35326769060334207,0.007438047285228233
codex-m,hard_max_candidate_dep_score_asc,0.76,15651,0.3540621142455779,0.3567289758699364,0.0075321857862171715
codex-m,hard_max_candidate_dep_score_asc,0.78,16063,0.35463824946064837,0.3572107400074971,0.007253844024893263
codex-m,hard_max_candidate_dep_score_asc,0.8,16475,0.3563444777776554,0.359022420205792,0.007515038383189232
codex-m,hard_max_candidate_dep_score_asc,0.82,16887,0.35611580054432446,0.3587559769528305,0.007413814283080189
codex-m,hard_max_candidate_dep_score_asc,0.84,17299,0.3578265255258255,0.3603939777010862,0.007175130942257191
codex-m,hard_max_candidate_dep_score_asc,0.86,17711,0.36153070734756904,0.36404789679672767,0.0069625882338637535
codex-m,hard_max_candidate_dep_score_asc,0.88,18123,0.36417776771006466,0.36675236529846494,0.007069617688606478
codex-m,hard_max_candidate_dep_score_asc,0.9,18535,0.359589384097033,0.3620410662228808,0.0068180047417256695
codex-m,hard_max_candidate_dep_score_asc,0.92,18946,0.35625242055056283,0.3586682915892884,0.006781346313358583
codex-m,hard_max_candidate_dep_score_asc,0.94,19358,0.3518455475211266,0.3543553502445878,0.007133251340378122
codex-m,hard_max_candidate_dep_score_asc,0.96,19770,0.3481295499903302,0.350584549113314,0.007051969943522529
codex-m,hard_max_candidate_dep_score_asc,0.98,20182,0.3458987455167064,0.3484679832489318,0.007427716247965677
codex-m,hard_max_candidate_dep_score_asc,1.0,20594,0.34234153499948855,0.3449297847479118,0.0075604315685127155
hetionet,hard_max_candidate_dep_score_asc,0.02,9001,0.31477834661107174,0.31764023612974407,0.009091761074049964
hetionet,hard_max_candidate_dep_score_asc,0.04,18002,0.3886147946921814,0.39965117286112606,0.02839927434488554
hetionet,hard_max_candidate_dep_score_asc,0.06,27002,0.4819068302097451,0.5044820571792632,0.046845625656918966
hetionet,hard_max_candidate_dep_score_asc,0.08,36003,0.5102278182320706,0.543922741697952,0.06603897761324262
hetionet,hard_max_candidate_dep_score_asc,0.1,45004,0.5135266273662288,0.5523291811170704,0.07556093819292653
hetionet,hard_max_candidate_dep_score_asc,0.12,54005,0.5265295958821604,0.5691159574881876,0.0808812304931823
hetionet,hard_max_candidate_dep_score_asc,0.14,63006,0.4827836683654536,0.5200300357826807,0.07714918680520211
hetionet,hard_max_candidate_dep_score_asc,0.16,72006,0.42549701571263754,0.45806629948625244,0.07654409448457988
hetionet,hard_max_candidate_dep_score_asc,0.18,81007,0.38064463306011403,0.40963355425384096,0.07615744102491728
hetionet,hard_max_candidate_dep_score_asc,0.2,90008,0.34580208663339373,0.3719248117036007,0.07554241596552691
hetionet,hard_max_candidate_dep_score_asc,0.22,99009,0.3191919949341721,0.3429858180710283,0.07454392188551995
hetionet,hard_max_candidate_dep_score_asc,0.24,108010,0.2970531368542177,0.31884908067381446,0.07337388876082929
hetionet,hard_max_candidate_dep_score_asc,0.26,117010,0.2924245003130485,0.3128437298287299,0.06982735541591767
hetionet,hard_max_candidate_dep_score_asc,0.28,126011,0.3198720445792784,0.3395717439348494,0.06158618638112512
hetionet,hard_max_candidate_dep_score_asc,0.3,135012,0.34350064372551903,0.36187721474665097,0.053497923095061406
hetionet,hard_max_candidate_dep_score_asc,0.32,144013,0.3647227987554756,0.38287449762653564,0.049768478781688774
hetionet,hard_max_candidate_dep_score_asc,0.34,153014,0.3818800934068657,0.3986954914631763,0.044033188287704306
hetionet,hard_max_candidate_dep_score_asc,0.36,162014,0.3976137901288376,0.4136304534998248,0.04028196146264795
hetionet,hard_max_candidate_dep_score_asc,0.38,171015,0.40049863002520875,0.41523870965334103,0.03680431972315246
hetionet,hard_max_candidate_dep_score_asc,0.4,180016,0.38314054798004377,0.39636548748034184,0.034517201507439754
hetionet,hard_max_candidate_dep_score_asc,0.42,189017,0.36730763821519585,0.3794724104436976,0.033118756494180834
hetionet,hard_max_candidate_dep_score_asc,0.44,198018,0.35287353902118357,0.3640113156458291,0.03156308250128359
hetionet,hard_max_candidate_dep_score_asc,0.46,207018,0.3394948276509305,0.3496051662439474,0.029780537933297824
hetionet,hard_max_candidate_dep_score_asc,0.48,216019,0.32711419103899747,0.3361609677851287,0.02765632612084601
hetionet,hard_max_candidate_dep_score_asc,0.5,225020,0.31807509531976524,0.326720415930612,0.02718012424756333
hetionet,hard_max_candidate_dep_score_asc,0.52,234021,0.32150368247254657,0.32970288331992964,0.025502665426182736
hetionet,hard_max_candidate_dep_score_asc,0.54,243022,0.31441329156205633,0.32231391034153156,0.025128132275272774
hetionet,hard_max_candidate_dep_score_asc,0.56,252022,0.305356303631572,0.31302000636542343,0.02509757500568277
hetionet,hard_max_candidate_dep_score_asc,0.58,261023,0.3010699993688242,0.30854213764980093,0.024818607953770222
hetionet,hard_max_candidate_dep_score_asc,0.6,270024,0.2985312677873616,0.3055274942274438,0.02343548966222686
hetionet,hard_max_candidate_dep_score_asc,0.62,279025,0.2974991257982609,0.30421920777084693,0.02258857720860341
hetionet,hard_max_candidate_dep_score_asc,0.64,288026,0.2952248382457404,0.3017437182511246,0.022081068937560122
hetionet,hard_max_candidate_dep_score_asc,0.66,297026,0.2926063617503945,0.29905391960601774,0.02203492028352838
hetionet,hard_max_candidate_dep_score_asc,0.68,306027,0.2946042722575898,0.3013625766696715,0.02294027971927215
hetionet,hard_max_candidate_dep_score_asc,0.7,315028,0.3005471389290752,0.3086214240687845,0.026865286984530945
hetionet,hard_max_candidate_dep_score_asc,0.72,324029,0.30442830923911884,0.313437826757355,0.029594874211121613
hetionet,hard_max_candidate_dep_score_asc,0.74,333030,0.3099235530074195,0.31934615194089255,0.030402977902255213
hetionet,hard_max_candidate_dep_score_asc,0.76,342030,0.31661726873003526,0.32647551296241434,0.031136154613173428
hetionet,hard_max_candidate_dep_score_asc,0.78,351031,0.32161505835026555,0.3319426054865394,0.03211151613748853
hetionet,hard_max_candidate_dep_score_asc,0.8,360032,0.3267047289243686,0.33748032465052025,0.03298267448294623
hetionet,hard_max_candidate_dep_score_asc,0.82,369033,0.332216341535417,0.34372028888988876,0.03462787923466837
hetionet,hard_max_candidate_dep_score_asc,0.84,378034,0.33655166593628333,0.348618090746866,0.03585311270712044
hetionet,hard_max_candidate_dep_score_asc,0.86,387034,0.3416977758110311,0.3545623162545892,0.03764888551885859
hetionet,hard_max_candidate_dep_score_asc,0.88,396035,0.3469020330671361,0.3607149851133764,0.03981801987181521
hetionet,hard_max_candidate_dep_score_asc,0.9,405036,0.35194691738936584,0.3664611690813934,0.041239888673240355
hetionet,hard_max_candidate_dep_score_asc,0.92,414037,0.35662012025179085,0.3717683168380975,0.04247712264695358
hetionet,hard_max_candidate_dep_score_asc,0.94,423038,0.36066967837597064,0.3764509032151384,0.04375534120369573
hetionet,hard_max_candidate_dep_score_asc,0.96,432038,0.365014099527623,0.38136516497599404,0.04479570917817011
hetionet,hard_max_candidate_dep_score_asc,0.98,441039,0.36896650765128397,0.3858223160315979,0.04568384400961567
hetionet,hard_max_candidate_dep_score_asc,1.0,450040,0.37318845483349955,0.3903218979298272,0.04591096770121639
macro,hard_max_candidate_dep_score_asc,0.02,11922,0.34430251283503327,0.3557393005448432,0.030511423362734824
macro,hard_max_candidate_dep_score_asc,0.04,23843,0.3785240069182483,0.38702150951060715,0.017802843556619603
macro,hard_max_candidate_dep_score_asc,0.06,35763,0.42284513985897715,0.43238358790889425,0.019578163071154644
macro,hard_max_candidate_dep_score_asc,0.08,47685,0.45803062372625175,0.4681024520496231,0.02025216195821798
macro,hard_max_candidate_dep_score_asc,0.1,59607,0.46035529340666514,0.47133589902929834,0.022141966682542678
macro,hard_max_candidate_dep_score_asc,0.12,71527,0.4454845204150537,0.45654495740409307,0.022644381867657888
macro,hard_max_candidate_dep_score_asc,0.14,83450,0.42485669132952303,0.43493606556841424,0.021742120570886123
macro,hard_max_candidate_dep_score_asc,0.16,95370,0.4188253982234924,0.4284467483722098,0.022401192858552705
macro,hard_max_candidate_dep_score_asc,0.18,107291,0.4173525162851641,0.42633255845146395,0.022137667737087537
macro,hard_max_candidate_dep_score_asc,0.2,119213,0.41033675082938376,0.41878818485690367,0.021932970672656853
macro,hard_max_candidate_dep_score_asc,0.22,131133,0.41164056782156394,0.4199027999339983,0.022380436427040764
macro,hard_max_candidate_dep_score_asc,0.24,143056,0.4044468861439875,0.41248298267535116,0.022726581453492267
macro,hard_max_candidate_dep_score_asc,0.26,154975,0.41039744468108363,0.41823797700685766,0.02218285616526153
macro,hard_max_candidate_dep_score_asc,0.28,166895,0.4161828653026564,0.4238205842094169,0.021088073808429808
macro,hard_max_candidate_dep_score_asc,0.3,178817,0.4164771207233057,0.4236709167786464,0.01936797538976947
macro,hard_max_candidate_dep_score_asc,0.32,190739,0.4171338077886187,0.4241733632160068,0.018647833885539238
macro,hard_max_candidate_dep_score_asc,0.34,202661,0.42169068703857676,0.4285174883734872,0.01787798474115641
macro,hard_max_candidate_dep_score_asc,0.36,214581,0.4235471198165758,0.4300120284721234,0.016659202723065012
macro,hard_max_candidate_dep_score_asc,0.38,226502,0.4277325443322943,0.43394655068887467,0.01578262119381013
macro,hard_max_candidate_dep_score_asc,0.4,238425,0.4213876209370519,0.42713357050377415,0.014939685181397369
macro,hard_max_candidate_dep_score_asc,0.42,250345,0.41903742763012136,0.4244684474780143,0.014292639780921799
macro,hard_max_candidate_dep_score_asc,0.44,262266,0.414961788045858,0.42021001014647424,0.014182712257363736
macro,hard_max_candidate_dep_score_asc,0.46,274186,0.41136240148869047,0.41642924561362843,0.013975154145997972
macro,hard_max_candidate_dep_score_asc,0.48,286108,0.40870272034633,0.4136744902725979,0.013764072968912577
macro,hard_max_candidate_dep_score_asc,0.5,298031,0.411268420612981,0.41610861811505295,0.013321526027066996
macro,hard_max_candidate_dep_score_asc,0.52,309952,0.41392492589541874,0.4187463066885518,0.013217451591391236
macro,hard_max_candidate_dep_score_asc,0.54,321873,0.40909325620949577,0.41392597655805013,0.013154346160183865
macro,hard_max_candidate_dep_score_asc,0.56,333794,0.4051362976940011,0.4100398990297161,0.013421490150570195
macro,hard_max_candidate_dep_score_asc,0.58,345716,0.4011258575978629,0.4061006043410412,0.013612734921323755
macro,hard_max_candidate_dep_score_asc,0.6,357635,0.39884522726585253,0.40376159995529365,0.013563483554545666
macro,hard_max_candidate_dep_score_asc,0.62,369557,0.3964478540562081,0.4013445778196125,0.013456006046852107
macro,hard_max_candidate_dep_score_asc,0.64,381479,0.3928929963476744,0.39770609420112796,0.013298675159407398
macro,hard_max_candidate_dep_score_asc,0.66,393400,0.39084066460921607,0.3956025194616363,0.013128476664156619
macro,hard_max_candidate_dep_score_asc,0.68,405321,0.39012323481952726,0.3950239052909941,0.013441993202744402
macro,hard_max_candidate_dep_score_asc,0.7,417241,0.38958035896240034,0.3947348464896188,0.014272284892364524
macro,hard_max_candidate_dep_score_asc,0.72,429165,0.38956738889030923,0.3950311437611263,0.01501729829228455
macro,hard_max_candidate_dep_score_asc,0.74,441086,0.3910525847373681,0.39664217401758456,0.015214766246521976
macro,hard_max_candidate_dep_score_asc,0.76,453004,0.3939600073446649,0.39971714709649886,0.015509997000031639
macro,hard_max_candidate_dep_score_asc,0.78,464926,0.39246973005587726,0.3983687826118732,0.016034959562413218
macro,hard_max_candidate_dep_score_asc,0.8,476847,0.3911517054632503,0.3971282547975204,0.01622210619885735
macro,hard_max_candidate_dep_score_asc,0.82,488769,0.38969602125537994,0.39588685914660726,0.017082773736122516
macro,hard_max_candidate_dep_score_asc,0.84,500690,0.3889105214435253,0.39522172221013613,0.017329674496340677
macro,hard_max_candidate_dep_score_asc,0.86,512610,0.3904928659599004,0.3970668522205477,0.017862895877059217
macro,hard_max_candidate_dep_score_asc,0.88,524533,0.39111295557613684,0.3980117626852851,0.01853927135308339
macro,hard_max_candidate_dep_score_asc,0.9,536455,0.39024007469240907,0.3974234144323367,0.019174360495931766
macro,hard_max_candidate_dep_score_asc,0.92,548375,0.38952293162355456,0.3968889285985523,0.019498853251923957
macro,hard_max_candidate_dep_score_asc,0.94,560296,0.38887571131326154,0.3964709578289152,0.020012343301148157
macro,hard_max_candidate_dep_score_asc,0.96,572217,0.3873756219034468,0.39506633660412727,0.020284302561663786
macro,hard_max_candidate_dep_score_asc,0.98,584139,0.38630638012082713,0.3941851823386529,0.020812528337735454
macro,hard_max_candidate_dep_score_asc,1.0,596060,0.3853569901285632,0.39338390028653303,0.02120327627483062
FB15k-237,hard_effective_candidates_desc,0.02,816,0.22896398623170774,0.23055088137588467,0.006930763087654279
FB15k-237,hard_effective_candidates_desc,0.04,1633,0.16294610991066863,0.1760732902951252,0.08056148374240557
FB15k-237,hard_effective_candidates_desc,0.06,2449,0.1330100855518176,0.14223929834621296,0.06938731567689937
FB15k-237,hard_effective_candidates_desc,0.08,3266,0.14818369014055738,0.1584664907259185,0.06939225616265543
FB15k-237,hard_effective_candidates_desc,0.1,4082,0.1643595548996392,0.172382666581652,0.048814391636140986
FB15k-237,hard_effective_candidates_desc,0.12,4898,0.16519939343883264,0.17187411844792289,0.040404052764041465
FB15k-237,hard_effective_candidates_desc,0.14,5715,0.16028919600484695,0.16583827540329737,0.03461917294963923
FB15k-237,hard_effective_candidates_desc,0.16,6531,0.15449366456895733,0.15981922726368653,0.03447107497636037
FB15k-237,hard_effective_candidates_desc,0.18,7347,0.1572601289232373,0.162500882113927,0.03332537768201793
FB15k-237,hard_effective_candidates_desc,0.2,8164,0.1585943278414006,0.1641618447887,0.035105397671391536
FB15k-237,hard_effective_candidates_desc,0.22,8980,0.16140621950092332,0.1667081844616972,0.032848579052082494
FB15k-237,hard_effective_candidates_desc,0.24,9797,0.16934312451666694,0.17414219280491766,0.028339315823704414
FB15k-237,hard_effective_candidates_desc,0.26,10613,0.17852179627727827,0.18296800986001804,0.024905718379810482
FB15k-237,hard_effective_candidates_desc,0.28,11429,0.18357989174372097,0.18751811471495083,0.021452365691160047
FB15k-237,hard_effective_candidates_desc,0.3,12246,0.18905943962004704,0.19265506399979626,0.019018486392297307
FB15k-237,hard_effective_candidates_desc,0.32,13062,0.19837428906964083,0.20179074532836863,0.017222273484889028
FB15k-237,hard_effective_candidates_desc,0.34,13878,0.20707153719789018,0.21033455059515577,0.015757903966044706
FB15k-237,hard_effective_candidates_desc,0.36,14695,0.20578856713422786,0.2089853921213827,0.015534512104696585
FB15k-237,hard_effective_candidates_desc,0.38,15511,0.20703456752238258,0.2103549297866586,0.01603771922733177
FB15k-237,hard_effective_candidates_desc,0.4,16328,0.2133001870924939,0.21652135123207614,0.015101553277988566
FB15k-237,hard_effective_candidates_desc,0.42,17144,0.2194121999678889,0.22309160490347485,0.01676937260610134
FB15k-237,hard_effective_candidates_desc,0.44,17960,0.22823033820232358,0.23179309285428057,0.015610346459718372
FB15k-237,hard_effective_candidates_desc,0.46,18777,0.22533937803202045,0.2288854240927793,0.015736468662192582
FB15k-237,hard_effective_candidates_desc,0.48,19593,0.22134185310233379,0.2248182761224935,0.015706125937928528
FB15k-237,hard_effective_candidates_desc,0.5,20410,0.21831289211239846,0.2216651122678541,0.015355117707522847
FB15k-237,hard_effective_candidates_desc,0.52,21226,0.21668355543932988,0.22004082713805712,0.015493892427232536
FB15k-237,hard_effective_candidates_desc,0.54,22042,0.21623188800463816,0.21948411038077914,0.015040438328278505
FB15k-237,hard_effective_candidates_desc,0.56,22859,0.21627469481925485,0.21952650995623182,0.015035578432763819
FB15k-237,hard_effective_candidates_desc,0.58,23675,0.21744016687907167,0.22061023450853925,0.014579034200385754
FB15k-237,hard_effective_candidates_desc,0.6,24491,0.21914131394025416,0.2223037024855915,0.014430818582202853
FB15k-237,hard_effective_candidates_desc,0.62,25308,0.22134162448047887,0.2246335986808151,0.01487282027527792
FB15k-237,hard_effective_candidates_desc,0.64,26124,0.22506704226656482,0.2284799565209099,0.015163989449432203
FB15k-237,hard_effective_candidates_desc,0.66,26941,0.22978402708754217,0.23306802666437018,0.014291679097332866
FB15k-237,hard_effective_candidates_desc,0.68,27757,0.2342650410674096,0.23773595932251868,0.014816202363332254
FB15k-237,hard_effective_candidates_desc,0.7,28573,0.23962088216566385,0.24297880730188884,0.014013491252834465
FB15k-237,hard_effective_candidates_desc,0.72,29390,0.24633957250501498,0.2497674138316888,0.013915106256848109
FB15k-237,hard_effective_candidates_desc,0.74,30206,0.2539287365733649,0.2573559976422165,0.01349694057908013
FB15k-237,hard_effective_candidates_desc,0.76,31022,0.260526918236316,0.26405542709934465,0.013543740074597688
FB15k-237,hard_effective_candidates_desc,0.78,31839,0.2679523361656485,0.27135691219912494,0.012705901662195984
FB15k-237,hard_effective_candidates_desc,0.8,32655,0.2746768276717136,0.27808019120130795,0.012390428265983688
FB15k-237,hard_effective_candidates_desc,0.82,33472,0.2812800157477459,0.2848667096464132,0.01275132856179817
FB15k-237,hard_effective_candidates_desc,0.84,34288,0.28770215014135675,0.2914096235054716,0.01288649863163438
FB15k-237,hard_effective_candidates_desc,0.86,35104,0.292448520723908,0.2960195085165248,0.012210654318843606
FB15k-237,hard_effective_candidates_desc,0.88,35921,0.2953922195005243,0.2988985090700638,0.011869945577673846
FB15k-237,hard_effective_candidates_desc,0.9,36737,0.301849595946196,0.3052639190413463,0.011311338961536688
FB15k-237,hard_effective_candidates_desc,0.92,37553,0.31024302993662595,0.3136859230767841,0.011097406896978246
FB15k-237,hard_effective_candidates_desc,0.94,38370,0.3167925395126916,0.32026914149681085,0.010974380865998778
FB15k-237,hard_effective_candidates_desc,0.96,39186,0.32843813252604015,0.33180150766335076,0.010240513522113526
FB15k-237,hard_effective_candidates_desc,0.98,40003,0.3404351923292733,0.3437423747438586,0.009714572667876675
FB15k-237,hard_effective_candidates_desc,1.0,40819,0.35281198551723697,0.3560530550713822,0.009186393000208515
KG20C,hard_effective_candidates_desc,0.02,149,0.12764652805200216,0.13037145276032494,0.021347425189760516
KG20C,hard_effective_candidates_desc,0.04,298,0.11827781529891657,0.12183446600602275,0.03007031114091574
KG20C,hard_effective_candidates_desc,0.06,447,0.1137507374601276,0.11904092193601525,0.04650681476014151
KG20C,hard_effective_candidates_desc,0.08,596,0.11439573086654882,0.11859763121272812,0.03673126885374023
KG20C,hard_effective_candidates_desc,0.1,745,0.10940408833895167,0.11363066164098806,0.038632681522300816
KG20C,hard_effective_candidates_desc,0.12,894,0.11113877190392289,0.11438688460265192,0.029225738624653497
KG20C,hard_effective_candidates_desc,0.14,1043,0.11444665608224995,0.1182767553510311,0.0334662400798198
KG20C,hard_effective_candidates_desc,0.16,1192,0.11968942253608518,0.12455800726382546,0.04067681691982816
KG20C,hard_effective_candidates_desc,0.18,1341,0.12181501905661186,0.1271787613468649,0.04403186349098953
KG20C,hard_effective_candidates_desc,0.2,1490,0.125613659554098,0.1316660150385353,0.048182303627821055
KG20C,hard_effective_candidates_desc,0.22,1639,0.13133323585646625,0.13785551744822674,0.049662079436531004
KG20C,hard_effective_candidates_desc,0.24,1788,0.13983974657229756,0.14620711392460176,0.045533315873196756
KG20C,hard_effective_candidates_desc,0.26,1936,0.1374179801428829,0.14345598375557225,0.04393896349234083
KG20C,hard_effective_candidates_desc,0.28,2085,0.14145048570668164,0.14806860890154613,0.04678756076234425
KG20C,hard_effective_candidates_desc,0.3,2234,0.13803616147758868,0.14447697059386896,0.046660302976666124
KG20C,hard_effective_candidates_desc,0.32,2383,0.14231309215794935,0.14950968980086957,0.050568767312939134
KG20C,hard_effective_candidates_desc,0.34,2532,0.14581001900243135,0.15356888016183223,0.05321212638530359
KG20C,hard_effective_candidates_desc,0.36,2681,0.16508170008122033,0.17303697771481416,0.048189942493200855
KG20C,hard_effective_candidates_desc,0.38,2830,0.16771893380247654,0.1757225459004061,0.04772038503032361
KG20C,hard_effective_candidates_desc,0.4,2979,0.17205186458635047,0.17936319979567464,0.042494948990539516
KG20C,hard_effective_candidates_desc,0.42,3128,0.1738891992044245,0.18057175387367383,0.03842995827126283
KG20C,hard_effective_candidates_desc,0.44,3277,0.1763048138603858,0.18280208321987315,0.036852478484407536
KG20C,hard_effective_candidates_desc,0.46,3426,0.17582091771021796,0.18217081678215857,0.03611572021485121
KG20C,hard_effective_candidates_desc,0.48,3575,0.1775137357958018,0.18419413011117358,0.03763311208241604
KG20C,hard_effective_candidates_desc,0.5,3724,0.18244799049255916,0.18925343070144596,0.03730071342805141
KG20C,hard_effective_candidates_desc,0.52,3873,0.1875931416250934,0.19483621209074725,0.03861052916384966
KG20C,hard_effective_candidates_desc,0.54,4022,0.1945627920028572,0.20170035147065868,0.03668512049157191
KG20C,hard_effective_candidates_desc,0.56,4171,0.20027910942593236,0.20795526555116012,0.038327293082290215
KG20C,hard_effective_candidates_desc,0.58,4320,0.20265771719465384,0.2100729820915444,0.03659009387620893
KG20C,hard_effective_candidates_desc,0.6,4469,0.20344044122019575,0.21057175403863715,0.035053565435019696
KG20C,hard_effective_candidates_desc,0.62,4618,0.202928641740562,0.210461537470879,0.0371209094275986
KG20C,hard_effective_candidates_desc,0.64,4767,0.2024454671619485,0.2100344606660845,0.037486606198325445
KG20C,hard_effective_candidates_desc,0.66,4916,0.20201497514396333,0.21014870346213646,0.040262996900980896
KG20C,hard_effective_candidates_desc,0.68,5065,0.20232321108512924,0.21022258700126698,0.03904334986465785
KG20C,hard_effective_candidates_desc,0.7,5214,0.20138192352409445,0.20930130878872358,0.03932520419928154
KG20C,hard_effective_candidates_desc,0.72,5363,0.20007793165142737,0.2080505793968016,0.039847711736964886
KG20C,hard_effective_candidates_desc,0.74,5512,0.1990702525558338,0.20682042459653877,0.03893184411634398
KG20C,hard_effective_candidates_desc,0.76,5660,0.1995322144721181,0.2074720834451559,0.039792416447857804
KG20C,hard_effective_candidates_desc,0.78,5809,0.19831784963317856,0.206291534040408,0.040206589684075755
KG20C,hard_effective_candidates_desc,0.8,5958,0.19649640686887687,0.20432514719152806,0.03984164620310504
KG20C,hard_effective_candidates_desc,0.82,6107,0.19570140850432455,0.20384255152371172,0.04159981822106951
KG20C,hard_effective_candidates_desc,0.84,6256,0.19698203612610263,0.20517440508316231,0.04158942164561208
KG20C,hard_effective_candidates_desc,0.86,6405,0.19632436495192737,0.20455434913743206,0.041920340287462166
KG20C,hard_effective_candidates_desc,0.88,6554,0.19674953110187696,0.2050192638517532,0.04203177869630692
KG20C,hard_effective_candidates_desc,0.9,6703,0.19771858300015868,0.2060435160680206,0.042104960199189856
KG20C,hard_effective_candidates_desc,0.92,6852,0.19881806141882322,0.20691158840772667,0.04070820795226404
KG20C,hard_effective_candidates_desc,0.94,7001,0.19958874765960613,0.2077349577183753,0.04081497656702737
KG20C,hard_effective_candidates_desc,0.96,7150,0.2047176745773702,0.2126406894222224,0.038702153398376016
KG20C,hard_effective_candidates_desc,0.98,7299,0.21539263154851918,0.2231539079070194,0.03603315630020476
KG20C,hard_effective_candidates_desc,1.0,7448,0.22638074035722044,0.23398674950607826,0.033598304947920044
WN18RR,hard_effective_candidates_desc,0.02,121,0.24383340932823908,0.2449233022962616,0.004469826226952245
WN18RR,hard_effective_candidates_desc,0.04,242,0.20059328233993834,0.2029603512782727,0.011800340024961331
WN18RR,hard_effective_candidates_desc,0.06,363,0.20210440343426272,0.2044489721109239,0.011600779779267656
WN18RR,hard_effective_candidates_desc,0.08,484,0.2053284096397107,0.2076116538832,0.011119962636907843
WN18RR,hard_effective_candidates_desc,0.1,606,0.1808426572746104,0.18312248083114158,0.012606669194587417
WN18RR,hard_effective_candidates_desc,0.12,727,0.1679703013663981,0.17002255732699287,0.01221796915228568
WN18RR,hard_effective_candidates_desc,0.14,848,0.16230687964514412,0.16444980573664325,0.013202928281193405
WN18RR,hard_effective_candidates_desc,0.16,969,0.1544975259336195,0.15645078544416424,0.01264265883056237
WN18RR,hard_effective_candidates_desc,0.18,1090,0.153339758124691,0.15520797663922414,0.0121835232909
WN18RR,hard_effective_candidates_desc,0.2,1211,0.1459342041602425,0.147711894623623,0.012181451727578008
WN18RR,hard_effective_candidates_desc,0.22,1332,0.1418775173953053,0.14356619036188029,0.011902329541543466
WN18RR,hard_effective_candidates_desc,0.24,1453,0.14185290075725882,0.1435145356606666,0.011713788682060189
WN18RR,hard_effective_candidates_desc,0.26,1574,0.13805591160309366,0.1396411990829158,0.011482938045998425
WN18RR,hard_effective_candidates_desc,0.28,1695,0.13631735088218877,0.1378949737426185,0.011573162552088956
WN18RR,hard_effective_candidates_desc,0.3,1816,0.13547099239938665,0.13698709161008712,0.011191319882198902
WN18RR,hard_effective_candidates_desc,0.32,1938,0.1341440778402916,0.13550517557183583,0.010146536123381678
WN18RR,hard_effective_candidates_desc,0.34,2059,0.13418956539924448,0.13505075111761375,0.006417680210879517
WN18RR,hard_effective_candidates_desc,0.36,2180,0.1366633306301607,0.13762526490018098,0.007038715254375605
WN18RR,hard_effective_candidates_desc,0.38,2301,0.13986173100176547,0.14136651023948693,0.010759049147636146
WN18RR,hard_effective_candidates_desc,0.4,2422,0.14281714129404954,0.14442179676618225,0.011235734433507893
WN18RR,hard_effective_candidates_desc,0.42,2543,0.14974194823129272,0.15138513156059877,0.010973433621739526
WN18RR,hard_effective_candidates_desc,0.44,2664,0.1544202547881138,0.15579772647307888,0.0089202785402418
WN18RR,hard_effective_candidates_desc,0.46,2785,0.1619179794590244,0.1630381571492937,0.006918179772325894
WN18RR,hard_effective_candidates_desc,0.48,2906,0.1761105986615276,0.1773292180584428,0.006919625543135632
WN18RR,hard_effective_candidates_desc,0.5,3028,0.18642426862129866,0.18813814575790258,0.00919342288039493
WN18RR,hard_effective_candidates_desc,0.52,3149,0.19777082058097809,0.19963236643636387,0.009412641611726391
WN18RR,hard_effective_candidates_desc,0.54,3270,0.20853741187122796,0.21091495088582868,0.011401019094208653
WN18RR,hard_effective_candidates_desc,0.56,3391,0.21934879325571566,0.221927490121824,0.011756147949727236
WN18RR,hard_effective_candidates_desc,0.58,3512,0.23415943008180673,0.23674997337666004,0.011063160232104519
WN18RR,hard_effective_candidates_desc,0.6,3633,0.24393930795150692,0.24664064551796613,0.01107381007654662
WN18RR,hard_effective_candidates_desc,0.62,3754,0.2556022035394097,0.2584486624495724,0.01113628470626149
WN18RR,hard_effective_candidates_desc,0.64,3875,0.2788792887551917,0.281671290171656,0.010011505081380268
WN18RR,hard_effective_candidates_desc,0.66,3996,0.3002012118463802,0.302924076196759,0.009070131108505075
WN18RR,hard_effective_candidates_desc,0.68,4117,0.31943479944335423,0.3221679138040383,0.008556094594098118
WN18RR,hard_effective_candidates_desc,0.7,4238,0.3368519084452173,0.3396637253523791,0.00834733850890168
WN18RR,hard_effective_candidates_desc,0.72,4360,0.35502464610461054,0.3577979159364221,0.007811485377819061
WN18RR,hard_effective_candidates_desc,0.74,4481,0.3717220083681791,0.37441070564152806,0.007233086050385085
WN18RR,hard_effective_candidates_desc,0.76,4602,0.3879429704578487,0.3905854167647467,0.00681142979283611
WN18RR,hard_effective_candidates_desc,0.78,4723,0.40351696198025394,0.40610937000974706,0.006424532978170028
WN18RR,hard_effective_candidates_desc,0.8,4844,0.41833294433591506,0.420870916392974,0.006066871116468864
WN18RR,hard_effective_candidates_desc,0.82,4965,0.43196258193884435,0.43450137524684157,0.005877345432564907
WN18RR,hard_effective_candidates_desc,0.84,5086,0.4450414271579049,0.4475216795349268,0.005573082022635845
WN18RR,hard_effective_candidates_desc,0.86,5207,0.4579315310056109,0.46035414740459946,0.005290346339917873
WN18RR,hard_effective_candidates_desc,0.88,5328,0.47023638201040463,0.4726039802817134,0.005034910870117315
WN18RR,hard_effective_candidates_desc,0.9,5450,0.4820897450019503,0.48440434382571784,0.004801178302928255
WN18RR,hard_effective_candidates_desc,0.92,5571,0.49333316669643673,0.49559749331455444,0.004589852803290162
WN18RR,hard_effective_candidates_desc,0.94,5692,0.5040982030215878,0.506314394797683,0.004396349288315893
WN18RR,hard_effective_candidates_desc,0.96,5813,0.5137417265282415,0.5159790663626065,0.004354989518730479
WN18RR,hard_effective_candidates_desc,0.98,5934,0.5134947760090144,0.5157004337228857,0.004295384913190592
WN18RR,hard_effective_candidates_desc,1.0,6055,0.5112021246888968,0.5133269561687425,0.0041565388272568615
YAGO3-10,hard_effective_candidates_desc,0.02,200,0.01681555073252722,0.016738083155059643,-0.004606900998950225
YAGO3-10,hard_effective_candidates_desc,0.04,399,0.10147132580353004,0.10792566367598515,0.06360750508919222
YAGO3-10,hard_effective_candidates_desc,0.06,598,0.20430710110522315,0.21481409751391284,0.051427465574377385
YAGO3-10,hard_effective_candidates_desc,0.08,798,0.27625274400362776,0.29904710624254144,0.08251270886422168
YAGO3-10,hard_effective_candidates_desc,0.1,998,0.33981495426070957,0.36553832265633823,0.0756981647602637
YAGO3-10,hard_effective_candidates_desc,0.12,1197,0.3828423634747082,0.41135076438429913,0.07446511574854564
YAGO3-10,hard_effective_candidates_desc,0.14,1397,0.3607568057031139,0.3894443853255473,0.07952055004623237
YAGO3-10,hard_effective_candidates_desc,0.16,1596,0.34009415274849525,0.3683192376312514,0.08299197341281261
YAGO3-10,hard_effective_candidates_desc,0.18,1796,0.3175737032758059,0.34288083295636496,0.07968899634797633
YAGO3-10,hard_effective_candidates_desc,0.2,1995,0.3022727006339909,0.3252107885598023,0.07588541035197927
YAGO3-10,hard_effective_candidates_desc,0.22,2194,0.2921855710506739,0.3141501061501782,0.07517323672254506
YAGO3-10,hard_effective_candidates_desc,0.24,2394,0.2887056716680761,0.3081630163081921,0.0673950897039739
YAGO3-10,hard_effective_candidates_desc,0.26,2594,0.28544837889082003,0.3055377859748087,0.07037842415518702
YAGO3-10,hard_effective_candidates_desc,0.28,2793,0.28463179757651685,0.30407321370561397,0.06830373940870293
YAGO3-10,hard_effective_candidates_desc,0.3,2992,0.29233728990317254,0.3121773941490303,0.06786716895552103
YAGO3-10,hard_effective_candidates_desc,0.32,3192,0.3019052010624817,0.32267204378511116,0.06878597205197412
YAGO3-10,hard_effective_candidates_desc,0.34,3392,0.3113590968750495,0.3321832716900457,0.06688153654091922
YAGO3-10,hard_effective_candidates_desc,0.36,3591,0.3245468985959661,0.34570717191410616,0.06519943160659447
YAGO3-10,hard_effective_candidates_desc,0.38,3790,0.338399057231004,0.3593782057255747,0.06199529238123613
YAGO3-10,hard_effective_candidates_desc,0.4,3990,0.3558224565785266,0.37778135630435405,0.061713079992131714
YAGO3-10,hard_effective_candidates_desc,0.42,4190,0.37218681756530453,0.39410060367063116,0.05887845853509188
YAGO3-10,hard_effective_candidates_desc,0.44,4389,0.38629654900421273,0.407397442100673,0.0546235609685195
YAGO3-10,hard_effective_candidates_desc,0.46,4588,0.4020127202801907,0.42239013884535775,0.05068849202324888
YAGO3-10,hard_effective_candidates_desc,0.48,4788,0.421206824339811,0.44121162364433114,0.047494005672569894
YAGO3-10,hard_effective_candidates_desc,0.5,4988,0.4350142982587073,0.45496055188950885,0.045851949489116084
YAGO3-10,hard_effective_candidates_desc,0.52,5187,0.4484769638403654,0.4678586225946072,0.0432166205110609
YAGO3-10,hard_effective_candidates_desc,0.54,5386,0.462430802704409,0.4820420718939686,0.04240908926236764
YAGO3-10,hard_effective_candidates_desc,0.56,5586,0.4765204941783974,0.49540062101444043,0.03962080763933473
YAGO3-10,hard_effective_candidates_desc,0.58,5786,0.4891632382827412,0.5076763678837117,0.037846526787177925
YAGO3-10,hard_effective_candidates_desc,0.6,5985,0.49951757492353094,0.5181737740005318,0.0373484337960619
YAGO3-10,hard_effective_candidates_desc,0.62,6184,0.5096894793417976,0.5279234214321259,0.03577460950121081
YAGO3-10,hard_effective_candidates_desc,0.64,6384,0.5171391228380529,0.535448346156309,0.03540483113668791
YAGO3-10,hard_effective_candidates_desc,0.66,6584,0.5273083098913485,0.5452860109231081,0.03409333912348922
YAGO3-10,hard_effective_candidates_desc,0.68,6783,0.5349765975807443,0.5527896569351932,0.033296894546420486
YAGO3-10,hard_effective_candidates_desc,0.7,6982,0.5419081599505238,0.5597226846046064,0.0328736970037673
YAGO3-10,hard_effective_candidates_desc,0.72,7182,0.548246744116846,0.5654293971364177,0.03134109450526812
YAGO3-10,hard_effective_candidates_desc,0.74,7382,0.5540765130985263,0.5714343161257492,0.03132744777459329
YAGO3-10,hard_effective_candidates_desc,0.76,7581,0.5579754286713509,0.5758741207120537,0.03207792157321898
YAGO3-10,hard_effective_candidates_desc,0.78,7780,0.5618263177009862,0.5800135154331048,0.03237156601446012
YAGO3-10,hard_effective_candidates_desc,0.8,7980,0.5655149507051718,0.5839853590325096,0.03266122019286333
YAGO3-10,hard_effective_candidates_desc,0.82,8179,0.566873347972242,0.5861448690455543,0.033996167119601406
YAGO3-10,hard_effective_candidates_desc,0.84,8379,0.5677936286569546,0.5871888357442152,0.034158902298952576
YAGO3-10,hard_effective_candidates_desc,0.86,8578,0.5672053830916678,0.5861724306136545,0.03343947022964233
YAGO3-10,hard_effective_candidates_desc,0.88,8778,0.5651263673825807,0.5842774035061413,0.03388805978432741
YAGO3-10,hard_effective_candidates_desc,0.9,8978,0.5613228763465989,0.5807942184886244,0.034688310351354
YAGO3-10,hard_effective_candidates_desc,0.92,9177,0.5574216115965012,0.5772439483256006,0.03556076104104866
YAGO3-10,hard_effective_candidates_desc,0.94,9376,0.5525450912901335,0.5720398012558331,0.03528166347506856
YAGO3-10,hard_effective_candidates_desc,0.96,9576,0.5488804111616051,0.568137110151197,0.035083596714334364
YAGO3-10,hard_effective_candidates_desc,0.98,9776,0.552903170379011,0.5718345940381115,0.034240034554555265
YAGO3-10,hard_effective_candidates_desc,1.0,9975,0.5616723217905851,0.5802260659200453,0.033033039745151926
codex-l,hard_effective_candidates_desc,0.02,1223,0.10341614243570507,0.12112765692840163,0.17126450547803018
codex-l,hard_effective_candidates_desc,0.04,2445,0.06593895473050868,0.07965110568985927,0.20795220390423097
codex-l,hard_effective_candidates_desc,0.06,3668,0.04891700180391637,0.05805462861561313,0.18679858688651652
codex-l,hard_effective_candidates_desc,0.08,4890,0.04260566750399741,0.05017638235160724,0.17769267074385153
codex-l,hard_effective_candidates_desc,0.1,6113,0.040252463858287985,0.04446973313354415,0.10477046299832482
codex-l,hard_effective_candidates_desc,0.12,7335,0.0375782977257162,0.041212997010339966,0.09672336174335028
codex-l,hard_effective_candidates_desc,0.14,8558,0.037156548654702984,0.040125598737424405,0.07990650881794492
codex-l,hard_effective_candidates_desc,0.16,9781,0.04035872268081967,0.04376647227853444,0.08443650768299182
codex-l,hard_effective_candidates_desc,0.18,11003,0.04760750142794898,0.05114065261005185,0.07421416953481752
codex-l,hard_effective_candidates_desc,0.2,12226,0.0550273323695954,0.05865623916279458,0.06594735083331571
codex-l,hard_effective_candidates_desc,0.22,13448,0.058222890188251296,0.061558739882076316,0.057294471006837044
codex-l,hard_effective_candidates_desc,0.24,14671,0.06441713001338309,0.06773689587782596,0.0515354512651085
codex-l,hard_effective_candidates_desc,0.26,15894,0.0707625028674023,0.07369421940444343,0.04143036803735889
codex-l,hard_effective_candidates_desc,0.28,17116,0.07576648880054893,0.07879333268634342,0.03994963913086291
codex-l,hard_effective_candidates_desc,0.3,18339,0.08330444023157198,0.08631643169897028,0.03615643366698684
codex-l,hard_effective_candidates_desc,0.32,19561,0.09072559026102041,0.0939085514087372,0.03508338869506744
codex-l,hard_effective_candidates_desc,0.34,20784,0.09955089668839866,0.10305429706793474,0.03519205246841706
codex-l,hard_effective_candidates_desc,0.36,22006,0.11101430896413478,0.11464767748561658,0.032728830683039556
codex-l,hard_effective_candidates_desc,0.38,23229,0.11673322245647455,0.12055322376678547,0.03272419993147424
codex-l,hard_effective_candidates_desc,0.4,24452,0.11887117030204848,0.12257155395894818,0.031129361707276315
codex-l,hard_effective_candidates_desc,0.42,25674,0.12450731071104583,0.12815492236165163,0.029296365247749145
codex-l,hard_effective_candidates_desc,0.44,26897,0.13089239128588068,0.1346793964310271,0.028932202307124788
codex-l,hard_effective_candidates_desc,0.46,28119,0.1361085047069246,0.13993628995429144,0.02812304238893093
codex-l,hard_effective_candidates_desc,0.48,29342,0.14246223792826826,0.14633548113669373,0.027187858795084452
codex-l,hard_effective_candidates_desc,0.5,30564,0.14851612182584054,0.1522705820786621,0.0252798161348724
codex-l,hard_effective_candidates_desc,0.52,31787,0.15535586333654916,0.1591411454958572,0.024365235260596085
codex-l,hard_effective_candidates_desc,0.54,33010,0.16105820354851252,0.1647087761653916,0.02266616997115256
codex-l,hard_effective_candidates_desc,0.56,34232,0.16711373189662615,0.1706828062154387,0.021357157657279302
codex-l,hard_effective_candidates_desc,0.58,35455,0.17227907611137785,0.17595799105509666,0.021354392110510156
codex-l,hard_effective_candidates_desc,0.6,36677,0.17731786651292036,0.18094252846319409,0.020441605922489448
codex-l,hard_effective_candidates_desc,0.62,37900,0.18276255575841172,0.1862530775277337,0.0190986701561342
codex-l,hard_effective_candidates_desc,0.64,39123,0.18718815825347865,0.19071697801712825,0.018851725432711852
codex-l,hard_effective_candidates_desc,0.66,40345,0.19333804955245132,0.19708830678702358,0.0193974090627973
codex-l,hard_effective_candidates_desc,0.68,41568,0.19993633052387622,0.2037567025363595,0.019107943026027696
codex-l,hard_effective_candidates_desc,0.7,42790,0.2070262800817398,0.21106013460629966,0.019484746202111047
codex-l,hard_effective_candidates_desc,0.72,44013,0.21440455289712226,0.2184908036764943,0.019058600781359125
codex-l,hard_effective_candidates_desc,0.74,45235,0.22131426258182743,0.22553615919973008,0.01907647780423405
codex-l,hard_effective_candidates_desc,0.76,46458,0.22781306650170846,0.23217633443755128,0.019152843174647716
codex-l,hard_effective_candidates_desc,0.78,47681,0.2357977757949109,0.2403909566360517,0.019479322167719637
codex-l,hard_effective_candidates_desc,0.8,48903,0.24371018487145363,0.2484666614853278,0.019516938187802868
codex-l,hard_effective_candidates_desc,0.82,50126,0.25193807132531754,0.25676102050151617,0.0191433916709276
codex-l,hard_effective_candidates_desc,0.84,51348,0.259976226039985,0.26483909639167885,0.01870505786535248
codex-l,hard_effective_candidates_desc,0.86,52571,0.26883321601127247,0.27383473419646465,0.018604539496274386
codex-l,hard_effective_candidates_desc,0.88,53794,0.2789214466782921,0.28389669155235414,0.017837441090718498
codex-l,hard_effective_candidates_desc,0.9,55016,0.2904045321605258,0.2953777769804204,0.01712523142423117
codex-l,hard_effective_candidates_desc,0.92,56239,0.30078410211941503,0.30575953839611686,0.01654155336549845
codex-l,hard_effective_candidates_desc,0.94,57461,0.3101780403735514,0.3150788243168033,0.01579990620016103
codex-l,hard_effective_candidates_desc,0.96,58684,0.31442876134606174,0.3193822485747162,0.015753925332557595
codex-l,hard_effective_candidates_desc,0.98,59906,0.3225317988559743,0.3275145395176893,0.015448835368756741
codex-l,hard_effective_candidates_desc,1.0,61129,0.32990176871301513,0.334842792661744,0.014977258133547888
codex-m,hard_effective_candidates_desc,0.02,412,0.08206826120235357,0.1223624128435926,0.4909833722672252
codex-m,hard_effective_candidates_desc,0.04,824,0.0674435156855892,0.08905180771520461,0.32039094952211244
codex-m,hard_effective_candidates_desc,0.06,1236,0.06620937200041524,0.08063190281129977,0.21783216446750275
codex-m,hard_effective_candidates_desc,0.08,1648,0.06746992340675811,0.07876479063627725,0.16740595896967903
codex-m,hard_effective_candidates_desc,0.1,2059,0.06512096211426471,0.07432780355914208,0.14138061149530534
codex-m,hard_effective_candidates_desc,0.12,2471,0.06481502601243613,0.07315279063171996,0.12863937781470702
codex-m,hard_effective_candidates_desc,0.14,2883,0.06112953558864277,0.06846442505301004,0.11998928821782195
codex-m,hard_effective_candidates_desc,0.16,3295,0.06224973603923718,0.06885116946070266,0.10604757291347333
codex-m,hard_effective_candidates_desc,0.18,3707,0.06499927342551653,0.0714493180100502,0.09923256437512107
codex-m,hard_effective_candidates_desc,0.2,4119,0.08580948776412553,0.0921436112868159,0.0738161208944832
codex-m,hard_effective_candidates_desc,0.22,4531,0.10365504396774104,0.10892895916230642,0.05087948441955903
codex-m,hard_effective_candidates_desc,0.24,4943,0.1092035521468673,0.11412733472875854,0.04508811742011165
codex-m,hard_effective_candidates_desc,0.26,5354,0.11350972901122305,0.1186194870178629,0.04501603563985812
codex-m,hard_effective_candidates_desc,0.28,5766,0.11936843044554388,0.12468795804377288,0.044563940217474673
codex-m,hard_effective_candidates_desc,0.3,6178,0.12411642343035599,0.12941046181714808,0.0426538103538141
codex-m,hard_effective_candidates_desc,0.32,6590,0.12969742169564788,0.13470912500320692,0.03864150298469049
codex-m,hard_effective_candidates_desc,0.34,7002,0.1368553793237561,0.14155407257352934,0.03433327409555176
codex-m,hard_effective_candidates_desc,0.36,7414,0.14279115712097892,0.14723891585251422,0.03114869870945136
codex-m,hard_effective_candidates_desc,0.38,7826,0.15375852377007987,0.15824268042822237,0.029163629750034614
codex-m,hard_effective_candidates_desc,0.4,8238,0.164514308051803,0.1690754300408687,0.02772477386969574
codex-m,hard_effective_candidates_desc,0.42,8649,0.16434091181908173,0.16862999833847447,0.02609871438534106
codex-m,hard_effective_candidates_desc,0.44,9061,0.16391858839261203,0.16835153670690722,0.02704359742091933
codex-m,hard_effective_candidates_desc,0.46,9473,0.16444546193112755,0.16873304517824497,0.026072980043153393
codex-m,hard_effective_candidates_desc,0.48,9885,0.16648196401344387,0.17086528010228055,0.026329074832891264
codex-m,hard_effective_candidates_desc,0.5,10297,0.16714238851793672,0.17151119314117352,0.02613822060325499
codex-m,hard_effective_candidates_desc,0.52,10709,0.170634323606875,0.17498683806686452,0.025507848409311196
codex-m,hard_effective_candidates_desc,0.54,11121,0.17601932065487513,0.18032772645023148,0.024476891396507217
codex-m,hard_effective_candidates_desc,0.56,11533,0.18089096572109276,0.18499191644303842,0.022670843209874336
codex-m,hard_effective_candidates_desc,0.58,11945,0.18501284879788035,0.18899297006212304,0.021512674876926097
codex-m,hard_effective_candidates_desc,0.6,12356,0.19076985295350732,0.19470578253305923,0.0206318216354191
codex-m,hard_effective_candidates_desc,0.62,12768,0.19815818176452787,0.20197432031059911,0.019258041793126512
codex-m,hard_effective_candidates_desc,0.64,13180,0.20295918254599093,0.20664568518703152,0.018163763742028438
codex-m,hard_effective_candidates_desc,0.66,13592,0.20710524732988675,0.21069625641811074,0.01733905410182124
codex-m,hard_effective_candidates_desc,0.68,14004,0.213240735406231,0.21685665198782741,0.016956969195908833
codex-m,hard_effective_candidates_desc,0.7,14416,0.2190850463709175,0.22259196880026172,0.016007128224565736
codex-m,hard_effective_candidates_desc,0.72,14828,0.22578078939751062,0.2292343346316554,0.015296010096166546
codex-m,hard_effective_candidates_desc,0.74,15240,0.23318732133290365,0.23656237264161348,0.014473562668064321
codex-m,hard_effective_candidates_desc,0.76,15651,0.24109567534466042,0.24439679475457768,0.01369215522094347
codex-m,hard_effective_candidates_desc,0.78,16063,0.2479969019749517,0.25116369781308673,0.01276949757402579
codex-m,hard_effective_candidates_desc,0.8,16475,0.25778628093226447,0.2609609881615869,0.012315268360447051
codex-m,hard_effective_candidates_desc,0.82,16887,0.26607149396682056,0.2692520135877603,0.011953627852130388
codex-m,hard_effective_candidates_desc,0.84,17299,0.2768891243925607,0.2799800586229029,0.011163075606971384
codex-m,hard_effective_candidates_desc,0.86,17711,0.28763219757979874,0.2905030549574373,0.009981001437928683
codex-m,hard_effective_candidates_desc,0.88,18123,0.29660046691524755,0.2993860185997192,0.009391595749805859
codex-m,hard_effective_candidates_desc,0.9,18535,0.30255850907101495,0.305281394196756,0.008999532467625748
codex-m,hard_effective_candidates_desc,0.92,18946,0.3076966034981781,0.31035090256260733,0.00862635152371749
codex-m,hard_effective_candidates_desc,0.94,19358,0.317762177542257,0.32034732339737304,0.008135473753078326
codex-m,hard_effective_candidates_desc,0.96,19770,0.32407832393964825,0.3267591705233476,0.008272218120328745
codex-m,hard_effective_candidates_desc,0.98,20182,0.3337996004748337,0.33645738669681163,0.007962221099717226
codex-m,hard_effective_candidates_desc,1.0,20594,0.34234153499948855,0.3449297847479118,0.0075604315685127155
hetionet,hard_effective_candidates_desc,0.02,9001,0.13296887956821576,0.12289404965848948,-0.07576832972077274
hetionet,hard_effective_candidates_desc,0.04,18002,0.11544819869136526,0.10142091932346482,-0.1215027997569752
hetionet,hard_effective_candidates_desc,0.06,27002,0.13600552660912718,0.12246776787254517,-0.09953829873023345
hetionet,hard_effective_candidates_desc,0.08,36003,0.1831223348428014,0.17404167470153958,-0.04958794430541191
hetionet,hard_effective_candidates_desc,0.1,45004,0.1902949186730147,0.18476634721281301,-0.02905264890284054
hetionet,hard_effective_candidates_desc,0.12,54005,0.19456604285461576,0.1890209948043958,-0.028499567390407154
hetionet,hard_effective_candidates_desc,0.14,63006,0.21949987827080555,0.21328260271639973,-0.02832473349591258
hetionet,hard_effective_candidates_desc,0.16,72006,0.24057395086473957,0.23627569360969417,-0.0178666777495875
hetionet,hard_effective_candidates_desc,0.18,81007,0.24871265343058072,0.24557643445371372,-0.012609808683265777
hetionet,hard_effective_candidates_desc,0.2,90008,0.2690274040369852,0.26884558583659823,-0.0006758352407919554
hetionet,hard_effective_candidates_desc,0.22,99009,0.28085506836518925,0.2821517941277939,0.004617063776533037
hetionet,hard_effective_candidates_desc,0.24,108010,0.29706546463558525,0.2990331114489215,0.006623613471023804
hetionet,hard_effective_candidates_desc,0.26,117010,0.3084928815200007,0.3118092198630233,0.010750129230478134
hetionet,hard_effective_candidates_desc,0.28,126011,0.30983973389051805,0.3143094548737126,0.01442591280037031
hetionet,hard_effective_candidates_desc,0.3,135012,0.3157722620455237,0.32158292210146255,0.018401426453033887
hetionet,hard_effective_candidates_desc,0.32,144013,0.31983620736141655,0.32682473193856254,0.021850323435235408
hetionet,hard_effective_candidates_desc,0.34,153014,0.3228406181972837,0.33119952419240933,0.02589174200508304
hetionet,hard_effective_candidates_desc,0.36,162014,0.32220126342251904,0.33175875098002466,0.029663097704779595
hetionet,hard_effective_candidates_desc,0.38,171015,0.32469869184647543,0.3354668910111863,0.033163666608802655
hetionet,hard_effective_candidates_desc,0.4,180016,0.3275970855831179,0.33974404004273284,0.03707894543076762
hetionet,hard_effective_candidates_desc,0.42,189017,0.32819210939959714,0.34135977964740194,0.04012183678606429
hetionet,hard_effective_candidates_desc,0.44,198018,0.33031313558375813,0.3444775317982431,0.0428817224887299
hetionet,hard_effective_candidates_desc,0.46,207018,0.33131398523684336,0.3465858304083138,0.046094779731538305
hetionet,hard_effective_candidates_desc,0.48,216019,0.33059917402512456,0.34655674663355185,0.04826864028164368
hetionet,hard_effective_candidates_desc,0.5,225020,0.3318563199058389,0.3487862219181091,0.051015758919624954
hetionet,hard_effective_candidates_desc,0.52,234021,0.3347232691069195,0.35260061542797383,0.05340933233818235
hetionet,hard_effective_candidates_desc,0.54,243022,0.3356152282030544,0.35412368385813886,0.05514784223046765
hetionet,hard_effective_candidates_desc,0.56,252022,0.33858407963509046,0.35765267731115596,0.05631864822651056
hetionet,hard_effective_candidates_desc,0.58,261023,0.33902857205900677,0.35836900414036105,0.057046613988593675
hetionet,hard_effective_candidates_desc,0.6,270024,0.3396591968686621,0.35933245854486645,0.057920591750711736
hetionet,hard_effective_candidates_desc,0.62,279025,0.34087917862121214,0.36080124373930184,0.0584431856432841
hetionet,hard_effective_candidates_desc,0.64,288026,0.34395650667117084,0.3641749190778806,0.058781886705341346
hetionet,hard_effective_candidates_desc,0.66,297026,0.34444778932601944,0.3647915195546748,0.05906186905267097
hetionet,hard_effective_candidates_desc,0.68,306027,0.3450960046172121,0.3654596856596105,0.059008741828194156
hetionet,hard_effective_candidates_desc,0.7,315028,0.34518897438340435,0.36550847407506326,0.05886485722191659
hetionet,hard_effective_candidates_desc,0.72,324029,0.34755319478847835,0.3680182071267549,0.05888310809725583
hetionet,hard_effective_candidates_desc,0.74,333030,0.3500179935992706,0.37062844014601226,0.05888396289231412
hetionet,hard_effective_candidates_desc,0.76,342030,0.3547155871409194,0.3752960505251339,0.05801961946498402
hetionet,hard_effective_candidates_desc,0.78,351031,0.351541843793123,0.3718486345951241,0.057764932284850135
hetionet,hard_effective_candidates_desc,0.8,360032,0.34729053146007227,0.36739490849066664,0.05788921726737528
hetionet,hard_effective_candidates_desc,0.82,369033,0.3458611320143204,0.36565889496454773,0.05724194226429469
hetionet,hard_effective_candidates_desc,0.84,378034,0.34591308848562585,0.36546232014704255,0.056514865473871856
hetionet,hard_effective_candidates_desc,0.86,387034,0.3473609405974537,0.3666337107138452,0.05548341181723759
hetionet,hard_effective_candidates_desc,0.88,396035,0.3493994401704195,0.36856969666915035,0.054866305708390684
hetionet,hard_effective_candidates_desc,0.9,405036,0.35306452743346856,0.3719653363662602,0.05353358228929794
hetionet,hard_effective_candidates_desc,0.92,414037,0.35726962374780213,0.37597905877054694,0.05236783028593517
hetionet,hard_effective_candidates_desc,0.94,423038,0.3604863132244513,0.37902686926207635,0.05143206650977916
hetionet,hard_effective_candidates_desc,0.96,432038,0.364215820385177,0.382512736368601,0.05023646684011163
hetionet,hard_effective_candidates_desc,0.98,441039,0.3682999518505661,0.38616979565029996,0.04851981030663932
hetionet,hard_effective_candidates_desc,1.0,450040,0.3731884548334996,0.3903218979298272,0.045910967701216165
macro,hard_effective_candidates_desc,0.02,11922,0.13367325107867867,0.14128111985971636,0.0878029516471285
macro,hard_effective_candidates_desc,0.04,23843,0.11887417178007383,0.12555965771199065,0.08469714195240616
macro,hard_effective_candidates_desc,0.06,35763,0.12918631828069854,0.1345282270295033,0.06914497548778167
macro,hard_effective_candidates_desc,0.08,47685,0.14819407148628594,0.155243675679116,0.0707524117036634
macro,hard_effective_candidates_desc,0.1,59607,0.15572708563135404,0.1626054308022313,0.05612147610058322
macro,hard_effective_candidates_desc,0.12,71527,0.16058717096808997,0.16728872960118893,0.05045372120816806
macro,hard_effective_candidates_desc,0.14,83450,0.15936935713564376,0.16569740690333618,0.04748285069953416
macro,hard_effective_candidates_desc,0.16,95370,0.15885102505313625,0.16543437042169412,0.04905713242663445
macro,hard_effective_candidates_desc,0.18,107291,0.15875829109491318,0.16513355116145667,0.0471523837197938
macro,hard_effective_candidates_desc,0.2,119213,0.163182730908634,0.16977085418526702,0.04434888569511097
macro,hard_effective_candidates_desc,0.22,131133,0.16707650661779289,0.17355992737059414,0.04033960627937588
macro,hard_effective_candidates_desc,0.24,143056,0.17291822718716215,0.17898917153626917,0.03660409889131132
macro,hard_effective_candidates_desc,0.26,154975,0.1760298829018144,0.18224655785123492,0.03541465385443313
macro,hard_effective_candidates_desc,0.28,166895,0.17870773986367414,0.18504937952407977,0.03529376008042916
macro,hard_effective_candidates_desc,0.3,178817,0.18258528701537807,0.18908661942433766,0.03456413552578831
macro,hard_effective_candidates_desc,0.32,190739,0.18814226849263546,0.19498858040524172,0.0346141091554539
macro,hard_effective_candidates_desc,0.34,202661,0.19395387324057914,0.20099219248550299,0.03395518795317127
macro,hard_effective_candidates_desc,0.36,214581,0.20115531799274397,0.2084285929955199,0.03278617550801972
macro,hard_effective_candidates_desc,0.38,226502,0.20688638966152265,0.21444071240833149,0.03308056315383417
macro,hard_effective_candidates_desc,0.4,238425,0.21356774478405569,0.22135410402011954,0.0323540568145582
macro,hard_effective_candidates_desc,0.42,250345,0.21889578527123363,0.2267562563365581,0.03150973420762144
macro,hard_effective_candidates_desc,0.44,262266,0.22433943873104095,0.23218554422629759,0.030694883809951605
macro,hard_effective_candidates_desc,0.46,274186,0.22813699247947844,0.2359628146300628,0.029964237548034456
macro,hard_effective_candidates_desc,0.48,286108,0.23367376969518724,0.24161582225842387,0.029934063306524213
macro,hard_effective_candidates_desc,0.5,298031,0.23853061139065426,0.2466550339649509,0.030019285594691088
macro,hard_effective_candidates_desc,0.52,309952,0.24446256250515863,0.2527280896072101,0.030002299960279873
macro,hard_effective_candidates_desc,0.54,321873,0.25063652099851064,0.2590430958721424,0.02968951011065059
macro,hard_effective_candidates_desc,0.56,333794,0.25700169556172997,0.2654481838018985,0.029298068028254316
macro,hard_effective_candidates_desc,0.58,345716,0.2628201499152198,0.2712042175882909,0.02857035658170101
macro,hard_effective_candidates_desc,0.6,357635,0.2676836506243682,0.276095806511978,0.02812866388549305
macro,hard_effective_candidates_desc,0.62,369557,0.2730516950352,0.2814994088015753,0.027957788786127664
macro,hard_effective_candidates_desc,0.64,381479,0.2796621097846283,0.2881673765424285,0.027694901106558208
macro,hard_effective_candidates_desc,0.66,393400,0.28631423002537026,0.2948575571437404,0.027645211206799653
macro,hard_effective_candidates_desc,0.68,405321,0.29275324567485095,0.3012841653209735,0.027255170774091342
macro,hard_effective_candidates_desc,0.7,417241,0.2987233107030801,0.30726101478988893,0.026988066087625478
macro,hard_effective_candidates_desc,0.72,429165,0.30534677592300147,0.3138269502480336,0.026593302407383095
macro,hard_effective_candidates_desc,0.74,441086,0.311902441158558,0.32039263085619835,0.026203331697859284
macro,hard_effective_candidates_desc,0.76,453004,0.31851455154641745,0.3271223182483663,0.026155732249869397
macro,hard_effective_candidates_desc,0.78,464926,0.32384999814900756,0.3324535172466639,0.025960334623642493
macro,hard_effective_candidates_desc,0.8,476847,0.32911544669220966,0.33772631027941447,0.025811655656292305
macro,hard_effective_candidates_desc,0.82,488769,0.334241150209945,0.34300391921662066,0.026080517303198096
macro,hard_effective_candidates_desc,0.84,500690,0.3400425258572129,0.34879657414705717,0.02579870050643294
macro,hard_effective_candidates_desc,0.86,512610,0.34539087913737704,0.35401027650570827,0.025275680561043807
macro,hard_effective_candidates_desc,0.88,524533,0.3503465505370494,0.35895022336155646,0.024988576782477217
macro,hard_effective_candidates_desc,0.9,536455,0.3555726241371305,0.36416150070959225,0.024652019142309096
macro,hard_effective_candidates_desc,0.92,548375,0.3607951712876832,0.36936120755056245,0.024213137695533175
macro,hard_effective_candidates_desc,0.94,560296,0.3659215875177541,0.37440161603499356,0.023833545237061302
macro,hard_effective_candidates_desc,0.96,572217,0.37121440720916343,0.3796017898665774,0.023234837635221765
macro,hard_effective_candidates_desc,0.98,584139,0.37812244592102745,0.38636757603952515,0.022316287887277225
macro,hard_effective_candidates_desc,1.0,596060,0.3853569901285633,0.39338390028653303,0.02120327627483059
FB15k-237,hard_effective_candidates_asc,0.02,816,0.9595630368629608,0.9595630368629608,0.0
FB15k-237,hard_effective_candidates_asc,0.04,1633,0.9376949024266296,0.9380010873623308,0.0003265293806213876
FB15k-237,hard_effective_candidates_asc,0.06,2449,0.9171509578301834,0.9167017949065411,-0.0004897371799129635
FB15k-237,hard_effective_candidates_asc,0.08,3266,0.8422767708566994,0.8431972399437463,0.0010928344683074354
FB15k-237,hard_effective_candidates_asc,0.1,4082,0.8114610069947805,0.8131428371231775,0.002072595126444199
FB15k-237,hard_effective_candidates_asc,0.12,4898,0.7739176235503801,0.7752136199781515,0.0016745922154168813
FB15k-237,hard_effective_candidates_asc,0.14,5715,0.7237529548144539,0.7249675239585714,0.0016781543150024003
FB15k-237,hard_effective_candidates_asc,0.16,6531,0.6946411135785108,0.695433545276855,0.0011407785730706
FB15k-237,hard_effective_candidates_asc,0.18,7347,0.6787025656348912,0.6803690145193967,0.002455344901999279
FB15k-237,hard_effective_candidates_asc,0.2,8164,0.6653430462038571,0.6679349597354287,0.0038956047506018
FB15k-237,hard_effective_candidates_asc,0.22,8980,0.6536857467316273,0.6563470965980859,0.004071298601453499
FB15k-237,hard_effective_candidates_asc,0.24,9797,0.6450307624069715,0.6473616612721118,0.003613624343190125
FB15k-237,hard_effective_candidates_asc,0.26,10613,0.6342467747001824,0.6369579186071759,0.004274588401770085
FB15k-237,hard_effective_candidates_asc,0.28,11429,0.6265505061019371,0.629311286707389,0.004406317732672527
FB15k-237,hard_effective_candidates_asc,0.3,12246,0.6169153168960135,0.6198837329676532,0.004811707523449282
FB15k-237,hard_effective_candidates_asc,0.32,13062,0.6047265114010112,0.6074791480664217,0.0045518703306610675
FB15k-237,hard_effective_candidates_asc,0.34,13878,0.5916429574191254,0.5948006880381864,0.0053372233700468286
FB15k-237,hard_effective_candidates_asc,0.36,14695,0.5799102432566422,0.5828458163189179,0.00506211624369679
FB15k-237,hard_effective_candidates_asc,0.38,15511,0.5673211659129738,0.570479178618057,0.005566534257541944
FB15k-237,hard_effective_candidates_asc,0.4,16328,0.5533098062908703,0.5566688925394493,0.006070895925551545
FB15k-237,hard_effective_candidates_asc,0.42,17144,0.5397536447717028,0.5430927644055694,0.00618637718561188
FB15k-237,hard_effective_candidates_asc,0.44,17960,0.5265929391956987,0.5298203320639893,0.006128819108778716
FB15k-237,hard_effective_candidates_asc,0.46,18777,0.5131410321899059,0.5163690096365563,0.006290624300447245
FB15k-237,hard_effective_candidates_asc,0.48,19593,0.5002861883873261,0.503401370802141,0.0062268007534980185
FB15k-237,hard_effective_candidates_asc,0.5,20410,0.4872937993830183,0.49042355953773686,0.006422737491593944
FB15k-237,hard_effective_candidates_asc,0.52,21226,0.47416760147903847,0.47719142423870414,0.006377118027958151
FB15k-237,hard_effective_candidates_asc,0.54,22042,0.4614025467526018,0.4643838148429649,0.006461316937554029
FB15k-237,hard_effective_candidates_asc,0.56,22859,0.45068312536481764,0.453671451388769,0.006630658783890242
FB15k-237,hard_effective_candidates_asc,0.58,23675,0.44941905852727576,0.452344120121713,0.006508539277400693
FB15k-237,hard_effective_candidates_asc,0.6,24491,0.44582364876819464,0.44907798914055824,0.007299613605862509
FB15k-237,hard_effective_candidates_asc,0.62,25308,0.44215899722220836,0.4453514691302797,0.007220189859592274
FB15k-237,hard_effective_candidates_asc,0.64,26124,0.43555233908237356,0.43881829662886,0.007498427292038423
FB15k-237,hard_effective_candidates_asc,0.66,26941,0.4278886849986504,0.43111845071645605,0.007548144718563465
FB15k-237,hard_effective_candidates_asc,0.68,27757,0.4254878939727077,0.4286464293504197,0.007423326074500691
FB15k-237,hard_effective_candidates_asc,0.7,28573,0.4229941041977041,0.4260832163657034,0.007302967434636987
FB15k-237,hard_effective_candidates_asc,0.72,29390,0.41860542630449504,0.4215753911834494,0.007094902961898075
FB15k-237,hard_effective_candidates_asc,0.74,30206,0.4140465803475563,0.41686774050227543,0.006813629887610695
FB15k-237,hard_effective_candidates_asc,0.76,31022,0.4107562632972094,0.4135050215251523,0.006691944770064184
FB15k-237,hard_effective_candidates_asc,0.78,31839,0.4067968399041994,0.40945664620411154,0.006538414360688138
FB15k-237,hard_effective_candidates_asc,0.8,32655,0.40137408437554073,0.40398884302586485,0.006514517882718174
FB15k-237,hard_effective_candidates_asc,0.82,33472,0.3957335957694873,0.3985357409785772,0.007080887847394468
FB15k-237,hard_effective_candidates_asc,0.84,34288,0.39061735782704715,0.3934612261951577,0.007280445456726792
FB15k-237,hard_effective_candidates_asc,0.86,35104,0.3841642019934711,0.3870295230215166,0.007458584150155101
FB15k-237,hard_effective_candidates_asc,0.88,35921,0.37839554104619955,0.38116841527119694,0.007327978065837737
FB15k-237,hard_effective_candidates_asc,0.9,36737,0.3737924118727151,0.37650212894935936,0.00724925651397923
FB15k-237,hard_effective_candidates_asc,0.92,37553,0.37056914354728676,0.37319779083029647,0.007093540648978269
FB15k-237,hard_effective_candidates_asc,0.94,38370,0.36676439385814913,0.36963373560957236,0.007823392345258418
FB15k-237,hard_effective_candidates_asc,0.96,39186,0.36070846788853517,0.36353755308638225,0.007843134968268384
FB15k-237,hard_effective_candidates_asc,0.98,40003,0.35534854878677025,0.3586106353771931,0.009179963170133254
FB15k-237,hard_effective_candidates_asc,1.0,40819,0.35281198551723697,0.35605305507138224,0.009186393000208737
KG20C,hard_effective_candidates_asc,0.02,149,0.764650580590178,0.764650580590178,0.0
KG20C,hard_effective_candidates_asc,0.04,298,0.7461489293704059,0.7461489293704059,0.0
KG20C,hard_effective_candidates_asc,0.06,447,0.6460020845988265,0.6451473631653815,-0.001323093924651686
KG20C,hard_effective_candidates_asc,0.08,596,0.5432590559375858,0.5452602458918251,0.0036836752786117977
KG20C,hard_effective_candidates_asc,0.1,745,0.4842632111818984,0.48540083505681697,0.0023491850065215925
KG20C,hard_effective_candidates_asc,0.12,894,0.4436099858376692,0.44635017341932953,0.006177019609885592
KG20C,hard_effective_candidates_asc,0.14,1043,0.4109551262353628,0.4147293423739391,0.009184010364223338
KG20C,hard_effective_candidates_asc,0.16,1192,0.38067461088563753,0.38520321486661724,0.011896259565207012
KG20C,hard_effective_candidates_asc,0.18,1341,0.3660963851190662,0.37126536030273194,0.014119164771279058
KG20C,hard_effective_candidates_asc,0.2,1490,0.34587796111128155,0.35259334453298435,0.01941547070569838
KG20C,hard_effective_candidates_asc,0.22,1639,0.3258421999154629,0.3321450818063091,0.01934335666921405
KG20C,hard_effective_candidates_asc,0.24,1788,0.31137104041856234,0.31792020023584366,0.02103329779313312
KG20C,hard_effective_candidates_asc,0.26,1936,0.3041366333124079,0.31133219521960187,0.023658977969295503
KG20C,hard_effective_candidates_asc,0.28,2085,0.29403635814579043,0.30069930600298506,0.022660285616416864
KG20C,hard_effective_candidates_asc,0.3,2234,0.28472623318081886,0.2916008443584898,0.024144635711543794
KG20C,hard_effective_candidates_asc,0.32,2383,0.27751434747561826,0.28449681374731595,0.025160739742694282
KG20C,hard_effective_candidates_asc,0.34,2532,0.2736880475406216,0.2802694644950269,0.024047147888065723
KG20C,hard_effective_candidates_asc,0.36,2681,0.268939280947247,0.2765755450675293,0.028394008095010026
KG20C,hard_effective_candidates_asc,0.38,2830,0.26464992460164755,0.2723752403818911,0.02919069707604005
KG20C,hard_effective_candidates_asc,0.4,2979,0.26079503939829585,0.26911317271654966,0.03189528963988475
KG20C,hard_effective_candidates_asc,0.42,3128,0.25914399485283673,0.26701343596093324,0.030367059489707415
KG20C,hard_effective_candidates_asc,0.44,3277,0.25960317020598533,0.2671198955469582,0.028954674686786808
KG20C,hard_effective_candidates_asc,0.46,3426,0.26373386011240113,0.2718898122318394,0.030924933628022844
KG20C,hard_effective_candidates_asc,0.48,3575,0.268401543123522,0.2764007443059599,0.029803111745734467
KG20C,hard_effective_candidates_asc,0.5,3724,0.27031349022188167,0.27854104933469914,0.030437101404240163
KG20C,hard_effective_candidates_asc,0.52,3873,0.27148777400221696,0.279948178459547,0.03116311402391525
KG20C,hard_effective_candidates_asc,0.54,4022,0.269448356565234,0.2781243391411228,0.032199055457175385
KG20C,hard_effective_candidates_asc,0.56,4171,0.2657235385183634,0.2742006433972061,0.031901971974744425
KG20C,hard_effective_candidates_asc,0.58,4320,0.26438850441415235,0.2726631630102822,0.031297346359537626
KG20C,hard_effective_candidates_asc,0.6,4469,0.2625959385942806,0.27039837505704994,0.029712708066000904
KG20C,hard_effective_candidates_asc,0.62,4618,0.26232983359020556,0.2696921839374452,0.028065242319105232
KG20C,hard_effective_candidates_asc,0.64,4767,0.26064607462709616,0.26805565230803347,0.02842773554728617
KG20C,hard_effective_candidates_asc,0.66,4916,0.2678789231217294,0.2754062054010398,0.028099568982849377
KG20C,hard_effective_candidates_asc,0.68,5065,0.2659331995198785,0.2737318301136819,0.029325524635070988
KG20C,hard_effective_candidates_asc,0.7,5214,0.2642330206059925,0.272338273497232,0.030674640408874243
KG20C,hard_effective_candidates_asc,0.72,5363,0.2594049590735503,0.26740732777489934,0.03084894263366822
KG20C,hard_effective_candidates_asc,0.74,5512,0.25780681803113076,0.26596363148757146,0.031639246466537374
KG20C,hard_effective_candidates_asc,0.76,5660,0.253719132033447,0.26171642943888396,0.031520277329274204
KG20C,hard_effective_candidates_asc,0.78,5809,0.25319824076636765,0.2611100219011237,0.03124737798654942
KG20C,hard_effective_candidates_asc,0.8,5958,0.2514131458449603,0.2594076987937487,0.031798468301726945
KG20C,hard_effective_candidates_asc,0.82,6107,0.24928714619031422,0.2573855214530396,0.03248613250417187
KG20C,hard_effective_candidates_asc,0.84,6256,0.24670939298554417,0.25483698300236435,0.032943982871768585
KG20C,hard_effective_candidates_asc,0.86,6405,0.24461362480668092,0.25282920837786316,0.033585960625353684
KG20C,hard_effective_candidates_asc,0.88,6554,0.24215852922027553,0.2503495824500544,0.03382516922345524
KG20C,hard_effective_candidates_asc,0.9,6703,0.23938202422319244,0.2473636382811778,0.03334257901730986
KG20C,hard_effective_candidates_asc,0.92,6852,0.23609813297753887,0.24401516760052017,0.03353281333967373
KG20C,hard_effective_candidates_asc,0.94,7001,0.23357194322752478,0.24132581320038168,0.03319692367890181
KG20C,hard_effective_candidates_asc,0.96,7150,0.23088345612320968,0.23865823573579362,0.033674043793050945
KG20C,hard_effective_candidates_asc,0.98,7299,0.2283695831020987,0.23607523351436793,0.033742017249399625
KG20C,hard_effective_candidates_asc,1.0,7448,0.22638074035722044,0.23398674950607826,0.033598304947920044
WN18RR,hard_effective_candidates_asc,0.02,121,0.3987674723452774,0.3969284784308423,-0.0046116948898048404
WN18RR,hard_effective_candidates_asc,0.04,242,0.45019920943224,0.44962151585084326,-0.0012831954594618722
WN18RR,hard_effective_candidates_asc,0.06,363,0.6225947476374413,0.6232870094030959,0.0011118978569633065
WN18RR,hard_effective_candidates_asc,0.08,484,0.7168797382756624,0.7173989345999033,0.0007242446626958277
WN18RR,hard_effective_candidates_asc,0.1,606,0.7738274921363262,0.7742421637880301,0.0005358709220308899
WN18RR,hard_effective_candidates_asc,0.12,727,0.811429740907612,0.8117753956819346,0.00042598238257318677
WN18RR,hard_effective_candidates_asc,0.14,848,0.838301159251243,0.8385974930023428,0.00035349319016142466
WN18RR,hard_effective_candidates_asc,0.16,969,0.8584604401095617,0.8587197703685221,0.00030208760572270066
WN18RR,hard_effective_candidates_asc,0.18,1090,0.8721418767567962,0.8723810931203373,0.0002742860650501999
WN18RR,hard_effective_candidates_asc,0.2,1211,0.8826788461008237,0.8831511152718166,0.000535040771713291
WN18RR,hard_effective_candidates_asc,0.22,1332,0.8930317218907889,0.8934986224066819,0.0005228263503387343
WN18RR,hard_effective_candidates_asc,0.24,1453,0.9015934720882659,0.9020788930835317,0.0005384034049642494
WN18RR,hard_effective_candidates_asc,0.26,1574,0.9082862423719567,0.9088058117039699,0.0005720325903608714
WN18RR,hard_effective_candidates_asc,0.28,1695,0.9129329840561462,0.9133898561173659,0.0005004442485907479
WN18RR,hard_effective_candidates_asc,0.3,1816,0.9178143014848381,0.9183370848317072,0.0005695959912841442
WN18RR,hard_effective_candidates_asc,0.32,1938,0.9185840019004027,0.9194166245977863,0.0009064197674475416
WN18RR,hard_effective_candidates_asc,0.34,2059,0.9207017107591717,0.9216659111799352,0.0010472451712602027
WN18RR,hard_effective_candidates_asc,0.36,2180,0.924161294066469,0.9251002156819124,0.0010159715857738227
WN18RR,hard_effective_candidates_asc,0.38,2301,0.9282043428528144,0.9291518647396961,0.0010208117363139646
WN18RR,hard_effective_candidates_asc,0.4,2422,0.9120963497949816,0.9133564221449071,0.0013815123262019835
WN18RR,hard_effective_candidates_asc,0.42,2543,0.8937812619630714,0.8952603006006018,0.0016548105229705623
WN18RR,hard_effective_candidates_asc,0.44,2664,0.8827016167646915,0.8842487239484349,0.0017526955364757235
WN18RR,hard_effective_candidates_asc,0.46,2785,0.8665750549990501,0.8684031706301887,0.0021095871853138437
WN18RR,hard_effective_candidates_asc,0.48,2906,0.85084258464617,0.8532527177197611,0.002832642743890501
WN18RR,hard_effective_candidates_asc,0.5,3028,0.8359254449975504,0.8384584739733955,0.0030302092022722604
WN18RR,hard_effective_candidates_asc,0.52,3149,0.8204355240650589,0.823396637638584,0.0036091971723182237
WN18RR,hard_effective_candidates_asc,0.54,3270,0.8086811291125037,0.8116616060981507,0.0036856022458666704
WN18RR,hard_effective_candidates_asc,0.56,3391,0.7914931601992728,0.794205124233988,0.003426389729043855
WN18RR,hard_effective_candidates_asc,0.58,3512,0.772931403940516,0.7754049914701402,0.0032002678594937883
WN18RR,hard_effective_candidates_asc,0.6,3633,0.756792113618795,0.7592637291037826,0.003265910730978705
WN18RR,hard_effective_candidates_asc,0.62,3754,0.7388138044635609,0.7413186946032702,0.003390421408717481
WN18RR,hard_effective_candidates_asc,0.64,3875,0.7219104010883921,0.7246894560307977,0.0038495842949703984
WN18RR,hard_effective_candidates_asc,0.66,3996,0.7054636010596159,0.7082395453079502,0.003934922006131547
WN18RR,hard_effective_candidates_asc,0.68,4117,0.6886950794599913,0.6911794241786537,0.003607321720100698
WN18RR,hard_effective_candidates_asc,0.7,4238,0.672246392038851,0.6746325691138471,0.0035495572802690667
WN18RR,hard_effective_candidates_asc,0.72,4360,0.6569428796435688,0.6592804447495407,0.003558247114635371
WN18RR,hard_effective_candidates_asc,0.74,4481,0.6422737915929481,0.6445881437726458,0.0036033732186981915
WN18RR,hard_effective_candidates_asc,0.76,4602,0.6278176010845226,0.63008867868031,0.0036174162557154332
WN18RR,hard_effective_candidates_asc,0.78,4723,0.6153605784079448,0.6176084171161785,0.0036528805827136246
WN18RR,hard_effective_candidates_asc,0.8,4844,0.6025191048210603,0.6047307215550224,0.0036706167759092967
WN18RR,hard_effective_candidates_asc,0.82,4965,0.589766068204503,0.5919472356626349,0.0036983603766358453
WN18RR,hard_effective_candidates_asc,0.84,5086,0.5791625565005097,0.5813200763874048,0.0037252406300771757
WN18RR,hard_effective_candidates_asc,0.86,5207,0.5680223988961375,0.5701442835292995,0.0037355650715280575
WN18RR,hard_effective_candidates_asc,0.88,5328,0.5580357462270831,0.56017048056025,0.0038254437060707414
WN18RR,hard_effective_candidates_asc,0.9,5450,0.5478418841312385,0.5499490918164616,0.0038463793044314354
WN18RR,hard_effective_candidates_asc,0.92,5571,0.5377759674610753,0.5398870362811464,0.003925554408907184
WN18RR,hard_effective_candidates_asc,0.94,5692,0.5310901120546823,0.5332009300766143,0.003974500699637673
WN18RR,hard_effective_candidates_asc,0.96,5813,0.5241330278109417,0.5262477747449499,0.004034752289586496
WN18RR,hard_effective_candidates_asc,0.98,5934,0.5166540314227422,0.5187999662999474,0.004153523918696056
WN18RR,hard_effective_candidates_asc,1.0,6055,0.5112021246888967,0.5133269561687425,0.004156538827257084
YAGO3-10,hard_effective_candidates_asc,0.02,200,0.9925000811793739,0.9925000811793739,0.0
YAGO3-10,hard_effective_candidates_asc,0.04,399,0.8686781768861029,0.8703610043724096,0.0019372277686759976
YAGO3-10,hard_effective_candidates_asc,0.06,598,0.7056238768716375,0.7094959548123113,0.005487453114314311
YAGO3-10,hard_effective_candidates_asc,0.08,798,0.6105554890225507,0.6145204182561617,0.006493970335044397
YAGO3-10,hard_effective_candidates_asc,0.1,998,0.5645036332878967,0.5748675824598355,0.018359402067219754
YAGO3-10,hard_effective_candidates_asc,0.12,1197,0.5363426541159504,0.5505162569553421,0.026426395011886594
YAGO3-10,hard_effective_candidates_asc,0.14,1397,0.52769766191894,0.5437135989610054,0.03035059314802413
YAGO3-10,hard_effective_candidates_asc,0.16,1596,0.5295354607421447,0.5436715243431536,0.02669521618287307
YAGO3-10,hard_effective_candidates_asc,0.18,1796,0.5379868022250106,0.5532717837577193,0.02841144330956258
YAGO3-10,hard_effective_candidates_asc,0.2,1995,0.5463018061322382,0.5652008280685896,0.03459447090273149
YAGO3-10,hard_effective_candidates_asc,0.22,2194,0.5613665339055577,0.5812285208406003,0.03538149450566297
YAGO3-10,hard_effective_candidates_asc,0.24,2394,0.5734456040153157,0.5943961290380667,0.0365344591990131
YAGO3-10,hard_effective_candidates_asc,0.26,2594,0.5834574364563474,0.6054074348157944,0.03762056490831833
YAGO3-10,hard_effective_candidates_asc,0.28,2793,0.5961952358087713,0.618274642792231,0.037033853438140474
YAGO3-10,hard_effective_candidates_asc,0.3,2992,0.6076466033043213,0.6279315587042419,0.033382817067705295
YAGO3-10,hard_effective_candidates_asc,0.32,3192,0.6184007357364967,0.6385284350128562,0.032547987272990575
YAGO3-10,hard_effective_candidates_asc,0.34,3392,0.6283068487234024,0.6479732443891635,0.031300622786015087
YAGO3-10,hard_effective_candidates_asc,0.36,3591,0.6408424532617536,0.6598309010555767,0.029630446137230537
YAGO3-10,hard_effective_candidates_asc,0.38,3790,0.6463751107154116,0.6654555592127144,0.029519157190604606
YAGO3-10,hard_effective_candidates_asc,0.4,3990,0.6549044420911664,0.6733045037993156,0.028095796158285724
YAGO3-10,hard_effective_candidates_asc,0.42,4190,0.6616963993215145,0.6803196999945815,0.028144781643307804
YAGO3-10,hard_effective_candidates_asc,0.44,4389,0.6700473751151876,0.6881857230726336,0.027070247016978133
YAGO3-10,hard_effective_candidates_asc,0.46,4588,0.678079578573483,0.6953959041699082,0.025537305861436765
YAGO3-10,hard_effective_candidates_asc,0.48,4788,0.6843006262366564,0.7019574628559369,0.02580274800621618
YAGO3-10,hard_effective_candidates_asc,0.5,4988,0.6882511541325823,0.7054754961362434,0.025026244998265668
YAGO3-10,hard_effective_candidates_asc,0.52,5187,0.691332780975915,0.7085470895591661,0.0249001769581223
YAGO3-10,hard_effective_candidates_asc,0.54,5386,0.6975950704076442,0.7145987839825383,0.024374761657873778
YAGO3-10,hard_effective_candidates_asc,0.56,5586,0.6994675718370205,0.7160199846352665,0.023664303342575632
YAGO3-10,hard_effective_candidates_asc,0.58,5786,0.69896623647813,0.7150835600021618,0.023058801245167126
YAGO3-10,hard_effective_candidates_asc,0.6,5985,0.6989055652652907,0.7151892056638396,0.023298770546158032
YAGO3-10,hard_effective_candidates_asc,0.62,6184,0.6984393568815623,0.7155096390447162,0.02444060747001764
YAGO3-10,hard_effective_candidates_asc,0.64,6384,0.6950553723375583,0.712142943798386,0.024584475051764754
YAGO3-10,hard_effective_candidates_asc,0.66,6584,0.6905486310137078,0.707933297120396,0.025175151069618318
YAGO3-10,hard_effective_candidates_asc,0.68,6783,0.6839156727214573,0.7014279586894262,0.025605914100905958
YAGO3-10,hard_effective_candidates_asc,0.7,6982,0.6770994326082489,0.6951045895529295,0.026591599516371023
YAGO3-10,hard_effective_candidates_asc,0.72,7182,0.6694103034293893,0.6876188417812132,0.027200863593735525
YAGO3-10,hard_effective_candidates_asc,0.74,7382,0.6586769594985504,0.6766829211686716,0.027336559159180318
YAGO3-10,hard_effective_candidates_asc,0.76,7581,0.6478723165661143,0.6661407131658938,0.028197526167820453
YAGO3-10,hard_effective_candidates_asc,0.78,7780,0.6377090317449752,0.6553033000846994,0.027589805795255495
YAGO3-10,hard_effective_candidates_asc,0.8,7980,0.6265222270797337,0.6439798852601062,0.027864387607992702
YAGO3-10,hard_effective_candidates_asc,0.82,8179,0.6152731432666266,0.6323439334347501,0.0277450598241471
YAGO3-10,hard_effective_candidates_asc,0.84,8379,0.6038776873224118,0.6205892713083871,0.02767378947229271
YAGO3-10,hard_effective_candidates_asc,0.86,8578,0.5943931163783908,0.6112964795118517,0.028438019666937597
YAGO3-10,hard_effective_candidates_asc,0.88,8778,0.5860629719125686,0.6033057806544141,0.029421426652455063
YAGO3-10,hard_effective_candidates_asc,0.9,8978,0.5863829455902092,0.6041376432993347,0.030278332346884707
YAGO3-10,hard_effective_candidates_asc,0.92,9177,0.5865004961838863,0.6047308942760057,0.03108334640931587
YAGO3-10,hard_effective_candidates_asc,0.94,9376,0.5845142665742494,0.603583210029771,0.03262357233345514
YAGO3-10,hard_effective_candidates_asc,0.96,9576,0.5808473632900458,0.5999052493468813,0.03281048905669026
YAGO3-10,hard_effective_candidates_asc,0.98,9776,0.5727710310852856,0.5917027619255444,0.03305287769946563
YAGO3-10,hard_effective_candidates_asc,1.0,9975,0.5616723217905851,0.5802260659200453,0.033033039745151926
codex-l,hard_effective_candidates_asc,0.02,1223,0.6909037427570777,0.6938013640826289,0.004193958067137071
codex-l,hard_effective_candidates_asc,0.04,2445,0.70127925923338,0.705921144074071,0.00661916744231883
codex-l,hard_effective_candidates_asc,0.06,3668,0.6388835446437471,0.6444549478058657,0.008720530069725507
codex-l,hard_effective_candidates_asc,0.08,4890,0.6647787526715991,0.6693240066994959,0.006837243232624912
codex-l,hard_effective_candidates_asc,0.1,6113,0.6853704364983504,0.6900214778774644,0.006786171581716793
codex-l,hard_effective_candidates_asc,0.12,7335,0.7037852647642614,0.7084753165988288,0.0066640381226770184
codex-l,hard_effective_candidates_asc,0.14,8558,0.7050402220997076,0.7096096355664178,0.006481067779511518
codex-l,hard_effective_candidates_asc,0.16,9781,0.6969947822264344,0.7023460945813129,0.007677693565774746
codex-l,hard_effective_candidates_asc,0.18,11003,0.6850783837503442,0.6905573170008861,0.007997527553779138
codex-l,hard_effective_candidates_asc,0.2,12226,0.6746610542196309,0.6803402524131164,0.008417853910441808
codex-l,hard_effective_candidates_asc,0.22,13448,0.6635552849480039,0.6697296155009046,0.0093049225783568
codex-l,hard_effective_candidates_asc,0.24,14671,0.6531814992925861,0.6599520773853172,0.01036553867502965
codex-l,hard_effective_candidates_asc,0.26,15894,0.6389464295815364,0.6459341204995569,0.010936270389048097
codex-l,hard_effective_candidates_asc,0.28,17116,0.6268975013435885,0.6340365348449523,0.011387879974099624
codex-l,hard_effective_candidates_asc,0.3,18339,0.6166045419575907,0.6236622450960349,0.011446077117819087
codex-l,hard_effective_candidates_asc,0.32,19561,0.6060841384612962,0.6134065979033974,0.012081588969959256
codex-l,hard_effective_candidates_asc,0.34,20784,0.5949933415350391,0.602245830220231,0.01218919301933874
codex-l,hard_effective_candidates_asc,0.36,22006,0.58362278034659,0.5910744679476343,0.01276798619241526
codex-l,hard_effective_candidates_asc,0.38,23229,0.5699713442857677,0.5772789803400336,0.012821058685718922
codex-l,hard_effective_candidates_asc,0.4,24452,0.5587713818732015,0.5656868949850801,0.012376283639822905
codex-l,hard_effective_candidates_asc,0.42,25674,0.5475738325204098,0.5542577899727855,0.012206495371793746
codex-l,hard_effective_candidates_asc,0.44,26897,0.5370832416021339,0.5437703554393742,0.0124507959274478
codex-l,hard_effective_candidates_asc,0.46,28119,0.5281138703553293,0.5345698058750371,0.012224514223351246
codex-l,hard_effective_candidates_asc,0.48,29342,0.5189921747590148,0.5251852457481745,0.011932879319491274
codex-l,hard_effective_candidates_asc,0.5,30564,0.5112982085639631,0.5174259578701602,0.01198468761196625
codex-l,hard_effective_candidates_asc,0.52,31787,0.5029237812428557,0.5088504541198252,0.011784435530813653
codex-l,hard_effective_candidates_asc,0.54,33010,0.49498122313856074,0.5008705403027879,0.011898061762594336
codex-l,hard_effective_candidates_asc,0.56,34232,0.48626877106922095,0.49211653852577725,0.01202579273947224
codex-l,hard_effective_candidates_asc,0.58,35455,0.47863388871703605,0.4845115102498012,0.01227999452466677
codex-l,hard_effective_candidates_asc,0.6,36677,0.4705926701592882,0.4763608101866441,0.01225718204536319
codex-l,hard_effective_candidates_asc,0.62,37900,0.46055327691863995,0.4661813783045143,0.012220304724633646
codex-l,hard_effective_candidates_asc,0.64,39123,0.45302014047084255,0.4586968185542678,0.012530741078145446
codex-l,hard_effective_candidates_asc,0.66,40345,0.44856913073451915,0.4542507011212175,0.012665986126586537
codex-l,hard_effective_candidates_asc,0.68,41568,0.44245289522137415,0.44822122542613163,0.01303716229921248
codex-l,hard_effective_candidates_asc,0.7,42790,0.4355876400064355,0.44135568113526863,0.013241976123904431
codex-l,hard_effective_candidates_asc,0.72,44013,0.4287374300127605,0.4344270266442558,0.013270585288823522
codex-l,hard_effective_candidates_asc,0.74,45235,0.4209743662256389,0.42662099589689473,0.013413238724918619
codex-l,hard_effective_candidates_asc,0.76,46458,0.41373983574691364,0.4191928377694846,0.013179784858585952
codex-l,hard_effective_candidates_asc,0.78,47681,0.40652636883467835,0.41192011783908866,0.013267894576855399
codex-l,hard_effective_candidates_asc,0.8,48903,0.3986294507183676,0.40389595458332866,0.013211527285478697
codex-l,hard_effective_candidates_asc,0.82,50126,0.39186877132910664,0.39711854366962185,0.01339676117264843
codex-l,hard_effective_candidates_asc,0.84,51348,0.38505524174489375,0.390288330748294,0.013590488937863299
codex-l,hard_effective_candidates_asc,0.86,52571,0.37754225303618943,0.3827905745592759,0.01390128252104117
codex-l,hard_effective_candidates_asc,0.88,53794,0.36976109614157293,0.374880242026042,0.013844468598473325
codex-l,hard_effective_candidates_asc,0.9,55016,0.362067983065058,0.3670885135311107,0.013866264626747116
codex-l,hard_effective_candidates_asc,0.92,56239,0.3549118794389495,0.3596204970574335,0.01326700482927623
codex-l,hard_effective_candidates_asc,0.94,57461,0.3478378987460783,0.3525125379805835,0.013439131421149941
codex-l,hard_effective_candidates_asc,0.96,58684,0.3408983863961812,0.34546123724180233,0.013384782761389546
codex-l,hard_effective_candidates_asc,0.98,59906,0.3345156824183433,0.3391965497796368,0.013992968363855773
codex-l,hard_effective_candidates_asc,1.0,61129,0.32990176871301513,0.33484279266174394,0.014977258133547888
codex-m,hard_effective_candidates_asc,0.02,412,0.760771929602846,0.7599539048141821,-0.0010752562717329939
codex-m,hard_effective_candidates_asc,0.04,824,0.7805256158891023,0.7808922158397017,0.0004696834327235777
codex-m,hard_effective_candidates_asc,0.06,1236,0.7272988178935736,0.7299356802363668,0.0036255556559683377
codex-m,hard_effective_candidates_asc,0.08,1648,0.7406321128052086,0.7424610358903745,0.0024694082980531995
codex-m,hard_effective_candidates_asc,0.1,2059,0.7002232181390017,0.7014780697725225,0.0017920737287973054
codex-m,hard_effective_candidates_asc,0.12,2471,0.6778192269827744,0.6789604095571774,0.001683609034643041
codex-m,hard_effective_candidates_asc,0.14,2883,0.6784348666124351,0.6792869860379203,0.0012560077133711989
codex-m,hard_effective_candidates_asc,0.16,3295,0.685971656726118,0.6859207748045216,-7.417496203743212e-05
codex-m,hard_effective_candidates_asc,0.18,3707,0.6897847998817828,0.6896750023312617,-0.00015917652946240146
codex-m,hard_effective_candidates_asc,0.2,4119,0.6805420231659164,0.6807845853693495,0.0003564250188470286
codex-m,hard_effective_candidates_asc,0.22,4531,0.676805856401637,0.6773430830118924,0.0007937676738076771
codex-m,hard_effective_candidates_asc,0.24,4943,0.6629158723366753,0.6632469658900669,0.0004994503333048961
codex-m,hard_effective_candidates_asc,0.26,5354,0.653045721827795,0.6533943645947528,0.0005338719101963818
codex-m,hard_effective_candidates_asc,0.28,5766,0.6420922696138014,0.642455302320553,0.0005653902467475103
codex-m,hard_effective_candidates_asc,0.3,6178,0.6299574944487242,0.6304020215735655,0.0007056462201950886
codex-m,hard_effective_candidates_asc,0.32,6590,0.6166856317375732,0.6170900504796601,0.0006557940079574553
codex-m,hard_effective_candidates_asc,0.34,7002,0.6048567623638457,0.6054984961244695,0.0010609681507334212
codex-m,hard_effective_candidates_asc,0.36,7414,0.5901240283009586,0.5907598942990855,0.0010775124679427428
codex-m,hard_effective_candidates_asc,0.38,7826,0.5775744833899789,0.5781594512359783,0.001012800708518391
codex-m,hard_effective_candidates_asc,0.4,8238,0.5696806589810549,0.5702475525758699,0.0009951076728300645
codex-m,hard_effective_candidates_asc,0.42,8649,0.5596257478192607,0.5602917053655262,0.0011900051934004008
codex-m,hard_effective_candidates_asc,0.44,9061,0.5478386562319948,0.5485015136034581,0.00120994998056978
codex-m,hard_effective_candidates_asc,0.46,9473,0.5375985122745276,0.5381673536625643,0.0010581156291336047
codex-m,hard_effective_candidates_asc,0.48,9885,0.5283620232952395,0.5290389416530544,0.001281163914077732
codex-m,hard_effective_candidates_asc,0.5,10297,0.5175406814810404,0.51834837635465,0.0015606403564223381
codex-m,hard_effective_candidates_asc,0.52,10709,0.5046696570647655,0.5056009611810115,0.001845373707748843
codex-m,hard_effective_candidates_asc,0.54,11121,0.4938755247644902,0.4950162620380345,0.0023097667658025234
codex-m,hard_effective_candidates_asc,0.56,11533,0.4825210476332272,0.48365999419034156,0.002360408033392325
codex-m,hard_effective_candidates_asc,0.58,11945,0.4712262055635185,0.47258293273076846,0.0028791420155156455
codex-m,hard_effective_candidates_asc,0.6,12356,0.4609026142804074,0.4621755094222903,0.0027617442436733697
codex-m,hard_effective_candidates_asc,0.62,12768,0.4579313412245317,0.45935751645263373,0.0031143865896758882
codex-m,hard_effective_candidates_asc,0.64,13180,0.4545924076543648,0.45613464832837297,0.003392579040125021
codex-m,hard_effective_candidates_asc,0.66,13592,0.44819895569118057,0.44969999786187786,0.0033490532533313466
codex-m,hard_effective_candidates_asc,0.68,14004,0.4424115310432094,0.44386001731406755,0.0032740698856619233
codex-m,hard_effective_candidates_asc,0.7,14416,0.43581023222993387,0.43723891190289643,0.0032782150746033523
codex-m,hard_effective_candidates_asc,0.72,14828,0.42903932705641956,0.43056530310766256,0.003556727682081151
codex-m,hard_effective_candidates_asc,0.74,15240,0.4227892142723439,0.42448459669323213,0.004009994492896629
codex-m,hard_effective_candidates_asc,0.76,15651,0.4159686940226937,0.41781839914951097,0.004446741193260051
codex-m,hard_effective_candidates_asc,0.78,16063,0.40973170957581706,0.41156239534886413,0.004468010969769232
codex-m,hard_effective_candidates_asc,0.8,16475,0.4064913237245071,0.4081434900825555,0.004064456635655356
codex-m,hard_effective_candidates_asc,0.82,16887,0.4031653059160911,0.4049057909935433,0.004317050728106064
codex-m,hard_effective_candidates_asc,0.84,17299,0.3956486497398384,0.3974712583827608,0.004606634305768242
codex-m,hard_effective_candidates_asc,0.86,17711,0.38809556396640493,0.3899205808561282,0.00470249355872876
codex-m,hard_effective_candidates_asc,0.88,18123,0.3801824354435706,0.3819867613799376,0.004745947650795168
codex-m,hard_effective_candidates_asc,0.9,18535,0.3731434796129318,0.37500530875172344,0.004989579720709347
codex-m,hard_effective_candidates_asc,0.92,18946,0.3662440507915175,0.36807544554470617,0.005000476456151759
codex-m,hard_effective_candidates_asc,0.94,19358,0.3599404757105134,0.3617774165396337,0.005103457246629972
codex-m,hard_effective_candidates_asc,0.96,19770,0.3537822472032147,0.35557775467345376,0.0050751768479997406
codex-m,hard_effective_candidates_asc,0.98,20182,0.3476545186692669,0.3494730314451483,0.005230804371081366
codex-m,hard_effective_candidates_asc,1.0,20594,0.3423415349994885,0.3449297847479118,0.0075604315685129375
hetionet,hard_effective_candidates_asc,0.02,9001,0.6127196699307119,0.5937702966922298,-0.03092666054057802
hetionet,hard_effective_candidates_asc,0.04,18002,0.5885266973501303,0.5777374374581591,-0.018332660082457375
hetionet,hard_effective_candidates_asc,0.06,27002,0.5721918094742146,0.5672801357473216,-0.00858396370861414
hetionet,hard_effective_candidates_asc,0.08,36003,0.5562561177012861,0.5552655442090522,-0.0017807866928771787
hetionet,hard_effective_candidates_asc,0.1,45004,0.5542995534453646,0.5555286802409809,0.0022174414321216585
hetionet,hard_effective_candidates_asc,0.12,54005,0.5476312372848279,0.5498281116223227,0.004011594277176345
hetionet,hard_effective_candidates_asc,0.14,63006,0.5318420139363438,0.5358339737789583,0.007505912917764146
hetionet,hard_effective_candidates_asc,0.16,72006,0.5163850751422531,0.5208355443973051,0.008618508685259707
hetionet,hard_effective_candidates_asc,0.18,81007,0.49767996694887434,0.5026759163885526,0.010038478081219271
hetionet,hard_effective_candidates_asc,0.2,90008,0.47678014832720883,0.4820298556864692,0.011010750715354067
hetionet,hard_effective_candidates_asc,0.22,99009,0.44993533158323373,0.4558178437695405,0.01307412815438913
hetionet,hard_effective_candidates_asc,0.24,108010,0.43168481261111163,0.4379035161857965,0.014405657537660543
hetionet,hard_effective_candidates_asc,0.26,117010,0.439135456840467,0.44637276747724947,0.01648081593969697
hetionet,hard_effective_candidates_asc,0.28,126011,0.43910784026118593,0.44767437213627487,0.019508947665324072
hetionet,hard_effective_candidates_asc,0.3,135012,0.43851687250920696,0.44821988692427633,0.022126889575647235
hetionet,hard_effective_candidates_asc,0.32,144013,0.43287834179447693,0.4431541037912696,0.023738221584833852
hetionet,hard_effective_candidates_asc,0.34,153014,0.42897893748884364,0.4398806714228279,0.02541321491866433
hetionet,hard_effective_candidates_asc,0.36,162014,0.4251502830772652,0.43679428896230527,0.027387976319244167
hetionet,hard_effective_candidates_asc,0.38,171015,0.42590368914121235,0.4384872666724014,0.029545594114393392
hetionet,hard_effective_candidates_asc,0.4,180016,0.4234877381264774,0.4368114384733603,0.031461832651465516
hetionet,hard_effective_candidates_asc,0.42,189017,0.42036089471831656,0.4344465966811025,0.03350859259214589
hetionet,hard_effective_candidates_asc,0.44,198018,0.4172350159560005,0.4319054270764844,0.03516102570363122
hetionet,hard_effective_candidates_asc,0.46,207018,0.4172963134843612,0.43281560562736965,0.037190101233880446
hetionet,hard_effective_candidates_asc,0.48,216019,0.41485914689725323,0.4311859045919724,0.03935494207329793
hetionet,hard_effective_candidates_asc,0.5,225020,0.41452055008214755,0.4318575554246727,0.04182423607005581
hetionet,hard_effective_candidates_asc,0.52,234021,0.4125055958759328,0.43072256356955235,0.04416174683627472
hetionet,hard_effective_candidates_asc,0.54,243022,0.40885642843380704,0.427575671495603,0.04578439217282981
hetionet,hard_effective_candidates_asc,0.56,252022,0.40687550773148534,0.4263417817927632,0.04784331740637615
hetionet,hard_effective_candidates_asc,0.58,261023,0.40577585543415623,0.425780973374714,0.049300907564235
hetionet,hard_effective_candidates_asc,0.6,270024,0.4035808493131633,0.4240342975636987,0.050679927665904456
hetionet,hard_effective_candidates_asc,0.62,279025,0.402902405735961,0.42393756800069793,0.05220907585873835
hetionet,hard_effective_candidates_asc,0.64,288026,0.4018634314996985,0.4232635410104008,0.05325219423633576
hetionet,hard_effective_candidates_asc,0.66,297026,0.39912679778188836,0.42077963165699583,0.05425051386036017
hetionet,hard_effective_candidates_asc,0.68,306027,0.3982905779383258,0.42020036395306465,0.055009551388713884
hetionet,hard_effective_candidates_asc,0.7,315028,0.397793988127122,0.4197819443857968,0.05527473243675107
hetionet,hard_effective_candidates_asc,0.72,324029,0.3978267782067255,0.4198850006252995,0.05544680154012083
hetionet,hard_effective_candidates_asc,0.74,333030,0.39591922693635073,0.4179045342799268,0.0555297794292533
hetionet,hard_effective_candidates_asc,0.76,342030,0.3972259797059673,0.4191482478931185,0.05518840485553933
hetionet,hard_effective_candidates_asc,0.78,351031,0.39923127230785643,0.4208314933995593,0.05410453185903341
hetionet,hard_effective_candidates_asc,0.8,360032,0.3992235194290167,0.42069550041701687,0.05378435874396925
hetionet,hard_effective_candidates_asc,0.82,369033,0.40051350631622246,0.42209991889375886,0.05389684052375765
hetionet,hard_effective_candidates_asc,0.84,378034,0.39844637663092736,0.419662593932201,0.053247359106808556
hetionet,hard_effective_candidates_asc,0.86,387034,0.39819592051809777,0.4191354861015551,0.05258608766310968
hetionet,hard_effective_candidates_asc,0.88,396035,0.3975489782539757,0.4177702798477557,0.0508649316182157
hetionet,hard_effective_candidates_asc,0.9,405036,0.39352005841726695,0.41317330672247116,0.04994217673236112
hetionet,hard_effective_candidates_asc,0.92,414037,0.3897061030015535,0.40912072514109016,0.04981862483036159
hetionet,hard_effective_candidates_asc,0.94,423038,0.3883300968867947,0.40742081806714314,0.049161065118044966
hetionet,hard_effective_candidates_asc,0.96,432038,0.3839277073521042,0.40235644398948217,0.04800053834217488
hetionet,hard_effective_candidates_asc,0.98,441039,0.3780945208304905,0.39578970090358967,0.046800942881244145
hetionet,hard_effective_candidates_asc,1.0,450040,0.37318845483349955,0.3903218979298272,0.04591096770121639
macro,hard_effective_candidates_asc,0.02,11922,0.7399823590383464,0.7373096775217709,-0.004631379090711255
macro,hard_effective_candidates_asc,0.04,23843,0.7247218272268559,0.724097619189703,-0.001466178216797065
macro,hard_effective_candidates_asc,0.06,35763,0.6899636912785176,0.6909004122966976,0.0012212345548275247
macro,hard_effective_candidates_asc,0.08,47685,0.6678054338957988,0.6696324893557941,0.0027886556546371987
macro,hard_effective_candidates_asc,0.1,59607,0.6534212216690883,0.656383092331261,0.004873248552121742
macro,hard_effective_candidates_asc,0.12,71527,0.642076533349068,0.6458741834018695,0.0067233186648940945
macro,hard_effective_candidates_asc,0.14,83450,0.6308605721240694,0.6352483648113079,0.008115605632579737
macro,hard_effective_candidates_asc,0.16,95370,0.6232375913443801,0.6274472098054696,0.008036624173695772
macro,hard_effective_candidates_asc,0.18,107291,0.6182101114738237,0.6228850696315551,0.009019581164775303
macro,hard_effective_candidates_asc,0.2,119213,0.6103121264658509,0.6160049915825363,0.011175088110769695
macro,hard_effective_candidates_asc,0.22,131133,0.6034603821966159,0.6094442662762878,0.011784542076174695
macro,hard_effective_candidates_asc,0.24,143056,0.5970318661670698,0.6032656347272478,0.012427204469470812
macro,hard_effective_candidates_asc,0.26,154975,0.5944649564415275,0.6011720875597287,0.013439588872669463
macro,hard_effective_candidates_asc,0.28,166895,0.5911160993330314,0.5979773287031074,0.013723302703141689
macro,hard_effective_candidates_asc,0.3,178817,0.5874544805402163,0.5942910534937098,0.013883909886806276
macro,hard_effective_candidates_asc,0.32,190739,0.582124815500982,0.5890816819426724,0.01423466023950629
macro,hard_effective_candidates_asc,0.34,202661,0.5775955151185785,0.5846191865528344,0.014342230757732046
macro,hard_effective_candidates_asc,0.36,214581,0.5732500518938465,0.5804258756189944,0.015048002434473335
macro,hard_effective_candidates_asc,0.38,226502,0.5685714372714009,0.5759125058858245,0.015525236252733039
macro,hard_effective_candidates_asc,0.4,238425,0.5618636309365782,0.5693126967477903,0.01603953114486321
macro,hard_effective_candidates_asc,0.42,250345,0.5545622537095874,0.5620974704258714,0.016179731714133956
macro,hard_effective_candidates_asc,0.44,262266,0.548728859295956,0.5562217101073332,0.016104029708666884
macro,hard_effective_candidates_asc,0.46,274186,0.5435054602841511,0.5510872374047805,0.01647645458022657
macro,hard_effective_candidates_asc,0.48,286108,0.5380063267635975,0.545774626811,0.016747755508029444
macro,hard_effective_candidates_asc,0.5,298031,0.5321633326945977,0.5400757812330796,0.017183693876402346
macro,hard_effective_candidates_asc,0.52,309952,0.5253603878151119,0.53346532982377,0.017691594608164447
macro,hard_effective_candidates_asc,0.54,321873,0.5192628970249774,0.527461573985886,0.018101850999956648
macro,hard_effective_candidates_asc,0.56,333794,0.5118618174790582,0.5200307883091588,0.018264691715642125
macro,hard_effective_candidates_asc,0.58,345716,0.5059058790106835,0.5140530358513687,0.01836071412085952
macro,hard_effective_candidates_asc,0.6,357635,0.49988477142848853,0.5080714165911233,0.01846797955770588
macro,hard_effective_candidates_asc,0.62,369557,0.4947327165766671,0.5030497784962225,0.018665746890068644
macro,hard_effective_candidates_asc,0.64,381479,0.4889485952514751,0.4974001938084456,0.01907653379152371
macro,hard_effective_candidates_asc,0.66,393400,0.48395353205732733,0.49248968988370473,0.01928904857392011
macro,hard_effective_candidates_asc,0.68,405321,0.4781695499824206,0.48675246414649215,0.019611838586309518
macro,hard_effective_candidates_asc,0.7,417241,0.47225211568775544,0.4809335979933819,0.019987669753630026
macro,hard_effective_candidates_asc,0.72,429165,0.4657095862467013,0.47439419083804574,0.02013958154499467
macro,hard_effective_candidates_asc,0.74,441086,0.458926708129217,0.46758750911445973,0.020335117339870732
macro,hard_effective_candidates_asc,0.76,453004,0.4524428317795525,0.46108718966033635,0.02040601363289423
macro,hard_effective_candidates_asc,0.78,464926,0.4469362916488341,0.45539891312766073,0.020124130875837816
macro,hard_effective_candidates_asc,0.8,476847,0.4408818365704552,0.4492631562453776,0.02012976189049292
macro,hard_effective_candidates_asc,0.82,488769,0.43508679099890735,0.4434766692979894,0.020374441853837348
macro,hard_effective_candidates_asc,0.84,500690,0.42850246610731035,0.43680424856522426,0.020438277254472195
macro,hard_effective_candidates_asc,0.86,512610,0.42214672565648176,0.43044944799392715,0.020629713322407723
macro,hard_effective_candidates_asc,0.88,524533,0.416020756892178,0.42423307745566435,0.02055076650218614
macro,hard_effective_candidates_asc,0.9,536455,0.41087582670180167,0.419031375907377,0.020502081180346115
macro,hard_effective_candidates_asc,0.92,548375,0.40597225334311543,0.4140925081044569,0.02053162298895209
macro,hard_effective_candidates_asc,0.94,560296,0.40172131243685605,0.40992206592909997,0.020760291834725417
macro,hard_effective_candidates_asc,0.96,572217,0.3964543794377475,0.40453489268839216,0.02068898829416575
macro,hard_effective_candidates_asc,0.98,584139,0.39048684518785676,0.39852112560648967,0.020879013950553693
macro,hard_effective_candidates_asc,1.0,596060,0.3853569901285632,0.39338390028653303,0.021203276274830714
