dataset,feature,sort_direction,full_gain_pt,best_coverage_ge_20,best_n,best_threshold,best_mrr_stage1,best_mrr_stage2,best_delta_mrr,best_gain_pt,gain_lift_vs_full
FB15k-237,sum_negative_dep,desc,0.010423558044400538,0.2,8164,5388.0,0.16708251886079506,0.17659640273730182,0.009513883876506757,0.056941228450315906,0.04651767040591537
FB15k-237,avg_candidate_dep_score,asc,0.010423558044400538,0.2,8164,-0.39944969100000005,0.19327413678046962,0.20374150357604695,0.010467366795577332,0.05415813501972422,0.04373457697532368
FB15k-237,abs_dep_mass,desc,0.010423558044400538,0.2,8164,47.39957,0.21023439405264477,0.22112380790698577,0.010889413854341001,0.05179653835144693,0.04137298030704639
FB15k-237,combo_dependency_activity,desc,0.010423558044400538,0.22,8980,0.7823856305224819,0.19778667007726408,0.20781483666918868,0.010028166591924598,0.05070193349231866,0.040278375447918124
FB15k-237,num_dependency_edges,desc,0.010423558044400538,0.22,8980,172.0,0.20531506896414708,0.21568370956377128,0.010368640599624196,0.050501118363770914,0.040077560319370376
FB15k-237,num_dependencies,desc,0.010423558044400538,0.22,8980,172.0,0.20531506896414708,0.21568370956377128,0.010368640599624196,0.050501118363770914,0.040077560319370376
FB15k-237,query_num_edges,desc,0.010423558044400538,0.22,8980,172.0,0.20531506896414708,0.21568370956377128,0.010368640599624196,0.050501118363770914,0.040077560319370376
FB15k-237,sum_positive_dep,desc,0.010423558044400538,0.23,9388,1292.0,0.19922721609052538,0.20909990765773173,0.009872691567206354,0.04955493411462597,0.03913137607022543
FB15k-237,candidate_dep_coverage,desc,0.010423558044400538,0.2,8164,0.9801980198019802,0.1854913805830442,0.19467890871120358,0.009187528128159372,0.04953075501018289,0.039107196965782354
FB15k-237,dep_candidate_ratio,desc,0.010423558044400538,0.2,8164,0.9801980198019802,0.1854913805830442,0.19467890871120358,0.009187528128159372,0.04953075501018289,0.039107196965782354
FB15k-237,combo_complex_dep_low_conf,desc,0.010423558044400538,0.2,8164,0.6083447661979192,0.17230795877618155,0.1802966310086765,0.007988672232494942,0.04636275822216529,0.03593920017776475
FB15k-237,avg_negative_dep,desc,0.010423558044400538,0.24,9797,33.65,0.20975956456621278,0.21928985561852404,0.009530291052311263,0.04543435753225422,0.03501079948785368
FB15k-237,avg_positive_dep,desc,0.010423558044400538,0.2,8164,18.43,0.20588507120737184,0.21518592031488154,0.009300849107509696,0.04517495636262847,0.03475139831822793
FB15k-237,max_candidate_dep_score,desc,0.010423558044400538,0.2,8164,0.1402367,0.22041386399932664,0.22986787619908983,0.00945401219976319,0.04289209411887107,0.03246853607447053
FB15k-237,max_negative_dep,desc,0.010423558044400538,0.22,8980,251.0,0.23160702839402,0.24140272523661252,0.009795696842592516,0.04229447141788656,0.03187091337348602
FB15k-237,combo_dep_activity_x_uncertainty,desc,0.010423558044400538,0.21,8572,0.386732410141542,0.22021162122701002,0.22952211686656035,0.009310495639550331,0.04227976519891463,0.03185620715451409
FB15k-237,max_positive_dep,desc,0.010423558044400538,0.26,10613,82.0,0.23657074987916538,0.24632377990445056,0.009753030025285186,0.0412266944677937,0.030803136423393163
FB15k-237,pos_mass,desc,0.010423558044400538,0.2,8164,36.1648,0.22800264511688298,0.23735852804165813,0.009355882924775155,0.04103409817890036,0.03061054013449982
FB15k-237,net_dep_mass,desc,0.010423558044400538,0.2,8164,33.40809,0.23258039639273104,0.24210579639549074,0.009525400002759699,0.040955300405780104,0.030531742361379566
FB15k-237,synergy_weight_top10_mean,desc,0.010423558044400538,0.21,8572,0.697737,0.2480570756639331,0.25781382690947985,0.009756751245546758,0.03933268671910484,0.0289091286747043
FB15k-237,unique_synergy_edges,desc,0.010423558044400538,0.22,8980,110.0,0.2370970658922599,0.24637098332555835,0.009273917433298445,0.0391144335692144,0.028690875524813864
FB15k-237,num_pos_dep,desc,0.010423558044400538,0.22,8980,110.0,0.2370970658922599,0.24637098332555835,0.009273917433298445,0.0391144335692144,0.028690875524813864
FB15k-237,synergy_weight_top10_sum,desc,0.010423558044400538,0.21,8572,6.8867899999999995,0.24346063113609842,0.2528582897348069,0.009397658598708475,0.0386003213532089,0.02817676330880836
FB15k-237,synergy_weight_top5_mean,desc,0.010423558044400538,0.22,8980,0.745552,0.25424083187348806,0.26401784781533455,0.00977701594184649,0.03845572668166697,0.02803216863726643
FB15k-237,unique_redundancy_edges,desc,0.010423558044400538,0.2,8164,14.0,0.21916895824746993,0.22750031639246554,0.00833135814499561,0.038013403958367276,0.027589845913966737
FB15k-237,num_neg_dep,desc,0.010423558044400538,0.2,8164,14.0,0.21916895824746993,0.22750031639246554,0.00833135814499561,0.038013403958367276,0.027589845913966737
FB15k-237,synergy_weight_top5_sum,desc,0.010423558044400538,0.2,8164,4.20419,0.24359024257191597,0.25276871046850463,0.00917846789658866,0.037679948916175876,0.027256390871775338
FB15k-237,synergy_weight_top3_sum,desc,0.010423558044400538,0.23,9388,2.24394,0.25863027429153346,0.26827580298267645,0.00964552869114299,0.03729466211009136,0.02687110406569082
FB15k-237,topk_synergy_sum,desc,0.010423558044400538,0.23,9388,2.24394,0.25863027429153346,0.26827580298267645,0.00964552869114299,0.03729466211009136,0.02687110406569082
FB15k-237,synergy_weight_top3_mean,desc,0.010423558044400538,0.23,9388,0.7502733333333333,0.2594546390331424,0.26911367803853903,0.009659039005396608,0.03722823781987872,0.02680467977547818
FB15k-237,topk_synergy,desc,0.010423558044400538,0.23,9388,0.7502733333333333,0.2594546390331424,0.26911367803853903,0.009659039005396608,0.03722823781987872,0.02680467977547818
FB15k-237,synergy_weight_top1_sum,desc,0.010423558044400538,0.25,10205,0.69732,0.2640159740389905,0.27360402285237195,0.009588048813381433,0.03631616930862469,0.025892611264224152
FB15k-237,synergy_weight_top1_mean,desc,0.010423558044400538,0.25,10205,0.69732,0.2640159740389905,0.27360402285237195,0.009588048813381433,0.03631616930862469,0.025892611264224152
FB15k-237,synergy_weight_max,desc,0.010423558044400538,0.25,10205,0.69732,0.2640159740389905,0.27360402285237195,0.009588048813381433,0.03631616930862469,0.025892611264224152
FB15k-237,synergy_weight_mean,desc,0.010423558044400538,0.2,8164,0.25450235294117646,0.2757428869443131,0.28529830387302096,0.009555416928707872,0.0346533578240138,0.02422979977961326
FB15k-237,syn_rule_ratio,desc,0.010423558044400538,0.2,8164,0.19063085980598232,0.28767873320695997,0.2969083382924086,0.009229605085448622,0.03208302880981018,0.02165947076540964
FB15k-237,dep_density,desc,0.010423558044400538,0.23,9388,0.011379800853485065,0.32611164845004426,0.3365691234630181,0.010457475012973838,0.03206716185293135,0.02164360380853081
FB15k-237,neg_mass,desc,0.010423558044400538,0.2,8164,0.82848,0.271430743860459,0.27994433337282054,0.00851358951236153,0.03136560505739294,0.020942047012992404
FB15k-237,dep_rule_ratio,desc,0.010423558044400538,0.23,9388,0.16050461637053262,0.29139732572578164,0.30046289747100613,0.009065571745224488,0.03111068958043761,0.020687131536037073
FB15k-237,redundancy_weight_top10_sum,desc,0.010423558044400538,0.2,8164,0.62171,0.28165004502968405,0.28965517312285904,0.008005128093174996,0.028422250357997614,0.017998692313597076
FB15k-237,redundancy_weight_top5_sum,desc,0.010423558044400538,0.2,8164,0.44661999999999996,0.2949672397753033,0.3031162485129892,0.00814900873768587,0.027626826436364604,0.017203268391964066
FB15k-237,pos_dep_ratio,desc,0.010423558044400538,0.38,15511,0.0,0.294447374319194,0.30247492445377183,0.008027550134577843,0.027263106533514714,0.016839548489114176
FB15k-237,redundancy_weight_top3_sum,desc,0.010423558044400538,0.2,8164,0.32825000000000004,0.304663416026541,0.312694621009569,0.008031204983028006,0.026360910304794816,0.015937352260394277
FB15k-237,redundancy_weight_top3_mean,desc,0.010423558044400538,0.2,8164,0.1147,0.3127550851964859,0.3208919397061652,0.00813685450967927,0.026016697712740067,0.015593139668339528
FB15k-237,topk_redundancy,desc,0.010423558044400538,0.2,8164,0.1147,0.3127550851964859,0.3208919397061652,0.00813685450967927,0.026016697712740067,0.015593139668339528
FB15k-237,redundancy_weight_top1_sum,desc,0.010423558044400538,0.21,8572,0.13366,0.31446858932643856,0.32262222912150923,0.008153639795070666,0.025928312307868184,0.015504754263467646
FB15k-237,redundancy_weight_top1_mean,desc,0.010423558044400538,0.21,8572,0.13366,0.31446858932643856,0.32262222912150923,0.008153639795070666,0.025928312307868184,0.015504754263467646
FB15k-237,redundancy_weight_max,desc,0.010423558044400538,0.21,8572,0.13366,0.31446858932643856,0.32262222912150923,0.008153639795070666,0.025928312307868184,0.015504754263467646
FB15k-237,redundancy_weight_top10_mean,desc,0.010423558044400538,0.21,8572,0.072723,0.32176474535531036,0.3300493168805842,0.008284571525273843,0.025747294086322592,0.015323736041922054
FB15k-237,redundancy_weight_top5_mean,desc,0.010423558044400538,0.2,8164,0.09819800000000001,0.3132833112452314,0.3213222848543801,0.00803897360914868,0.0256603953054364,0.015236837261035863
FB15k-237,neg_dep_ratio,desc,0.010423558044400538,0.38,15511,0.0,0.3263215279389427,0.3346660726358147,0.008344544696872014,0.025571542121589186,0.015147984077188648
FB15k-237,red_rule_ratio,desc,0.010423558044400538,0.38,15511,0.0,0.3263215279389427,0.3346660726358147,0.008344544696872014,0.025571542121589186,0.015147984077188648
FB15k-237,redundancy_weight_mean,desc,0.010423558044400538,0.38,15511,0.0,0.3263215279389427,0.3346660726358147,0.008344544696872014,0.025571542121589186,0.015147984077188648
FB15k-237,num_candidate_rule_edges,desc,0.010423558044400538,0.5,20410,5298.0,0.18708012463025783,0.1917091608881418,0.004629036257883967,0.024743602598259473,0.014320044553858935
FB15k-237,s1_entropy,desc,0.010423558044400538,0.2,8164,4.665822795833233,0.12973490226542927,0.13292862178279996,0.0031937195173706856,0.02461727308227779,0.014193715037877253
FB15k-237,effective_candidates,desc,0.010423558044400538,0.2,8164,106.25297376966483,0.12973490226542927,0.13292862178279996,0.0031937195173706856,0.02461727308227779,0.014193715037877253
FB15k-237,rule_dominance_ratio,asc,0.010423558044400538,0.2,8164,0.002065690693840231,0.1264580157649925,0.12939150098322516,0.0029334852182326676,0.023197305449456085,0.012773747405055547
FB15k-237,num_candidates,desc,0.010423558044400538,0.2,8164,107.0,0.13947623232972692,0.14256553694337193,0.003089304613645011,0.022149326534300018,0.01172576848989948
FB15k-237,avg_rules_per_candidate,desc,0.010423558044400538,0.31,12654,98.0,0.20189270194592235,0.20626290245809764,0.004370200512175293,0.021646153972152415,0.011222595927751877
FB15k-237,rule_mass,desc,0.010423558044400538,0.43,17552,228.95371479643075,0.22572965841630505,0.23035564802749953,0.004625989611194481,0.020493494933939704,0.010069936889539166
FB15k-237,combo_candidate_complexity,desc,0.010423558044400538,0.41,16736,0.5433101409508877,0.21444785897633056,0.2186494367312852,0.0042015777549546385,0.01959253766864788,0.009168979624247342
FB15k-237,max_rules_per_candidate,desc,0.010423558044400538,0.32,13062,200.0,0.22951880200064181,0.2334872599698504,0.003968457969208583,0.017290339330010562,0.006866781285610024
FB15k-237,avg_stage2_score,desc,0.010423558044400538,0.2,8164,0.5362484016314037,0.2276560192677654,0.23146501526732688,0.003808995999561471,0.016731365205333804,0.006307807160933265
FB15k-237,avg_stage1_score,desc,0.010423558044400538,0.21,8572,0.5258714020591139,0.2290696730914626,0.2327357989137846,0.0036661258223220083,0.016004413735109413,0.005580855690708875
FB15k-237,stage2_top_margin,asc,0.010423558044400538,0.52,21226,0.014235670133533919,0.25436106846722356,0.2583096599846342,0.003948591517410616,0.015523568686060196,0.005100010641659658
FB15k-237,max_stage2_score,asc,0.010423558044400538,0.41,16736,0.5499999989670706,0.2543279407954861,0.258237903233046,0.003909962437559922,0.015373703830300123,0.0049501457858995845
FB15k-237,candidate_rule_coverage,desc,0.010423558044400538,0.2,8164,1.0,0.28005829475003235,0.2843203738679223,0.00426207911788995,0.015218542702668758,0.00479498465826822
FB15k-237,candidate_rule_coverage,asc,0.010423558044400538,0.2,8164,1.0,0.28005829475003235,0.2843203738679223,0.00426207911788995,0.015218542702668758,0.00479498465826822
FB15k-237,s1_norm_margin,asc,0.010423558044400538,0.58,23675,0.07142857143443804,0.2632817364948272,0.2672130846113004,0.003931348116473166,0.014932095818011248,0.00450853777361071
FB15k-237,max_stage1_score,desc,0.010423558044400538,0.2,8164,0.7906950707002603,0.35790780809482176,0.36314936762245803,0.005241559527636275,0.01464499910057171,0.004221441056171171
FB15k-237,s1_top1,desc,0.010423558044400538,0.2,8164,0.7906950707002603,0.35790780809482176,0.36314936762245803,0.005241559527636275,0.01464499910057171,0.004221441056171171
FB15k-237,stage1_top_margin,asc,0.010423558044400538,0.66,26941,0.04332816604606944,0.25145365162975447,0.2551305723743677,0.0036769207446132324,0.014622657976059994,0.004199099931659456
FB15k-237,s1_margin,asc,0.010423558044400538,0.66,26941,0.04332816604606944,0.25145365162975447,0.2551305723743677,0.0036769207446132324,0.014622657976059994,0.004199099931659456
FB15k-237,top1_rule_weight,desc,0.010423558044400538,0.21,8572,1.5505974124111668,0.3482146006707738,0.3532771938258774,0.005062593155103601,0.0145387159106809,0.004115157866280361
FB15k-237,weak_rule_score,asc,0.010423558044400538,0.21,8572,-0.5505974124111668,0.3482146006707738,0.3532771938258774,0.005062593155103601,0.0145387159106809,0.004115157866280361
FB15k-237,rule_weight_top1_sum,desc,0.010423558044400538,0.21,8572,1.5505974124111668,0.3482146006707738,0.3532771938258774,0.005062593155103601,0.0145387159106809,0.004115157866280361
FB15k-237,rule_weight_top1_mean,desc,0.010423558044400538,0.21,8572,1.5505974124111668,0.3482146006707738,0.3532771938258774,0.005062593155103601,0.0145387159106809,0.004115157866280361
FB15k-237,rule_weight_max,desc,0.010423558044400538,0.21,8572,1.5505974124111668,0.3482146006707738,0.3532771938258774,0.005062593155103601,0.0145387159106809,0.004115157866280361
FB15k-237,combo_low_rule_confidence,asc,0.010423558044400538,0.21,8572,0.20976039982360728,0.3482146006707738,0.3532771938258774,0.005062593155103601,0.0145387159106809,0.004115157866280361
FB15k-237,max_stage1_score,asc,0.010423558044400538,0.4,16328,0.5445347465227289,0.2532838248975106,0.2569254019431747,0.0036415770456640906,0.014377455990873589,0.003953897946473051
FB15k-237,s1_top1,asc,0.010423558044400538,0.4,16328,0.5445347465227289,0.2532838248975106,0.2569254019431747,0.0036415770456640906,0.014377455990873589,0.003953897946473051
FB15k-237,max_stage2_score,desc,0.010423558044400538,0.2,8164,0.7906950707002603,0.3580830125614628,0.36321527553342714,0.005132262971964341,0.014332606663611136,0.003909048619210598
FB15k-237,num_rule_nodes,desc,0.010423558044400538,0.51,20818,153.0,0.2594292194328944,0.26303705417605644,0.003607834743162064,0.013906817246911007,0.003483259202510469
FB15k-237,num_rules,desc,0.010423558044400538,0.51,20818,153.0,0.2594292194328944,0.26303705417605644,0.003607834743162064,0.013906817246911007,0.003483259202510469
FB15k-237,query_num_nodes,desc,0.010423558044400538,0.51,20818,153.0,0.2594292194328944,0.26303705417605644,0.003607834743162064,0.013906817246911007,0.003483259202510469
FB15k-237,combo_stage1_uncertainty,desc,0.010423558044400538,0.7,28573,0.43404870400313583,0.26084382556889324,0.2642628175298482,0.0034189919609549646,0.013107429142699578,0.00268387109829904
FB15k-237,rule_weight_top10_mean,asc,0.010423558044400538,0.45,18369,0.7320324285509612,0.27985560046423286,0.28344889851214083,0.003593298047907978,0.012839828975897971,0.002416270931497433
FB15k-237,rule_weight_top10_sum,asc,0.010423558044400538,0.45,18369,7.3193168061066824,0.28034160833149424,0.28393350983557364,0.003591901504079398,0.01281258791892248,0.002389029874521942
FB15k-237,top1_rule_weight,asc,0.010423558044400538,0.38,15511,0.78845736036427,0.25077489013411924,0.25392993420883375,0.003155044074714508,0.012581180169302986,0.0021576221249024474
FB15k-237,weak_rule_score,desc,0.010423558044400538,0.38,15511,0.21154263963572995,0.25077489013411924,0.25392993420883375,0.003155044074714508,0.012581180169302986,0.0021576221249024474
FB15k-237,rule_weight_top1_sum,asc,0.010423558044400538,0.38,15511,0.78845736036427,0.25077489013411924,0.25392993420883375,0.003155044074714508,0.012581180169302986,0.0021576221249024474
FB15k-237,rule_weight_top1_mean,asc,0.010423558044400538,0.38,15511,0.78845736036427,0.25077489013411924,0.25392993420883375,0.003155044074714508,0.012581180169302986,0.0021576221249024474
FB15k-237,rule_weight_max,asc,0.010423558044400538,0.38,15511,0.78845736036427,0.25077489013411924,0.25392993420883375,0.003155044074714508,0.012581180169302986,0.0021576221249024474
FB15k-237,combo_low_rule_confidence,desc,0.010423558044400538,0.38,15511,0.6203880640893724,0.25077489013411924,0.25392993420883375,0.003155044074714508,0.012581180169302986,0.0021576221249024474
FB15k-237,rule_weight_top5_mean,asc,0.010423558044400538,0.44,17960,0.78845736036427,0.270036536652084,0.2734263043889274,0.0033897677368434076,0.012552996638417024,0.002129438594016486
FB15k-237,rule_weight_top5_sum,asc,0.010423558044400538,0.44,17960,3.9422868018213504,0.2701367517638122,0.273525592266424,0.0033888405026117896,0.012544907275610973,0.0021213492312104343
FB15k-237,rule_weight_mean,desc,0.010423558044400538,0.2,8164,0.6833288666027314,0.29947463732588286,0.3032081447032028,0.0037335073773199223,0.012466856661578207,0.002043298617177669
FB15k-237,topk_rule_weight,asc,0.010423558044400538,0.41,16736,0.7858623294023231,0.2632086165351302,0.2664826832757716,0.0032740667406414015,0.012439056075523425,0.0020154980311228865
FB15k-237,rule_weight_top3_sum,asc,0.010423558044400538,0.41,16736,2.357586988206969,0.2632086165351302,0.2664826832757716,0.0032740667406414015,0.012439056075523425,0.0020154980311228865
FB15k-237,rule_weight_top3_mean,asc,0.010423558044400538,0.41,16736,0.7858623294023231,0.2632086165351302,0.2664826832757716,0.0032740667406414015,0.012439056075523425,0.0020154980311228865
FB15k-237,stage1_top_margin,desc,0.010423558044400538,0.76,31022,5.551115123125783e-16,0.3224118138601439,0.3262714472114252,0.003859633351281311,0.011971128802853226,0.0015475707584526877
FB15k-237,s1_margin,desc,0.010423558044400538,0.76,31022,5.551115123125783e-16,0.3224118138601439,0.3262714472114252,0.003859633351281311,0.011971128802853226,0.0015475707584526877
FB15k-237,s1_norm_margin,desc,0.010423558044400538,0.76,31022,8.220374735512292e-16,0.32242708315396523,0.3262862360117346,0.003859152857769388,0.011969071642553564,0.0015455135981530255
FB15k-237,rule_weight_top10_sum,desc,0.010423558044400538,0.79,32247,3.315932202042697,0.3623869905487806,0.36659695773269446,0.004209967183913865,0.011617324279600938,0.0011937662352003997
FB15k-237,rule_weight_top10_mean,desc,0.010423558044400538,0.79,32247,0.3318639385789698,0.36249367177535924,0.36670203294541803,0.004208361170058794,0.011609474861858482,0.0011859168174579438
FB15k-237,rule_weight_top5_sum,desc,0.010423558044400538,0.8,32655,1.8583740468543368,0.362365075999156,0.3665550698804499,0.004189993881293874,0.011562907572537862,0.0011393495281373234
FB15k-237,rule_weight_top5_mean,desc,0.010423558044400538,0.8,32655,0.3716748093708674,0.3623497686196799,0.3665252038160515,0.004175435196371646,0.011523217504118666,0.0010996594597181275
FB15k-237,topk_rule_weight,desc,0.010423558044400538,0.2,8164,1.5163474893680886,0.3313552565722507,0.33515751555205797,0.0038022589798072937,0.011474871469190795,0.0010513134247902567
FB15k-237,rule_weight_top3_sum,desc,0.010423558044400538,0.2,8164,4.549042468104266,0.3313552565722507,0.33515751555205797,0.0038022589798072937,0.011474871469190795,0.0010513134247902567
FB15k-237,rule_weight_top3_mean,desc,0.010423558044400538,0.2,8164,1.5163474893680886,0.3313552565722507,0.33515751555205797,0.0038022589798072937,0.011474871469190795,0.0010513134247902567
FB15k-237,avg_stage2_score,asc,0.010423558044400538,0.59,24083,0.2563967530050623,0.3746279331970786,0.3789091640905786,0.004281230893500021,0.011427954282436925,0.0010043962380363869
FB15k-237,avg_stage1_score,asc,0.010423558044400538,0.61,24900,0.2923194690757979,0.377752017906733,0.3819765454597765,0.004224527553043478,0.011183335502622072,0.0007597774582215333
FB15k-237,num_rule_nodes,asc,0.010423558044400538,0.77,31431,247.0,0.3662594838778727,0.37033820591922173,0.004078722041349014,0.011136154068051463,0.0007125960236509243
FB15k-237,num_rules,asc,0.010423558044400538,0.77,31431,247.0,0.3662594838778727,0.37033820591922173,0.004078722041349014,0.011136154068051463,0.0007125960236509243
FB15k-237,query_num_nodes,asc,0.010423558044400538,0.77,31431,247.0,0.3662594838778727,0.37033820591922173,0.004078722041349014,0.011136154068051463,0.0007125960236509243
FB15k-237,neg_dep_ratio,asc,0.010423558044400538,0.97,39594,1.0,0.32794867899908864,0.3315331464654391,0.0035844674663504383,0.010929964643523915,0.0005064065991233768
FB15k-237,avg_rules_per_candidate,asc,0.010423558044400538,0.85,34696,138.92233009708738,0.3586845096354133,0.36260188999817083,0.0039173803627575166,0.010921520884019653,0.0004979628396191149
FB15k-237,stage2_top_margin,desc,0.010423558044400538,0.98,40003,0.0,0.3334898979992695,0.3371277982360991,0.0036379002368296387,0.01090857701733916,0.0004850189729386223
FB15k-237,net_dep_mass,asc,0.010423558044400538,0.2,8164,0.0,0.35525379364827375,0.3591224584204186,0.0038686647721448697,0.010889861955915237,0.0004663039115146983
FB15k-237,num_candidate_rule_edges,asc,0.010423558044400538,0.93,37962,19648.0,0.35241980417083213,0.3562348736126697,0.003815069441837571,0.010825354865665382,0.00040179682126484373
FB15k-237,max_rules_per_candidate,asc,0.010423558044400538,0.95,38778,200.0,0.3431075759519626,0.3468123679282522,0.00370479197628959,0.010797756260585434,0.00037419821618489557
FB15k-237,rule_weight_mean,asc,0.010423558044400538,0.72,29390,0.5174275614656465,0.3486858301330228,0.35244895976510193,0.003763129632079143,0.010792321645658909,0.0003687636012583706
FB15k-237,combo_candidate_complexity,asc,0.010423558044400538,0.95,38778,0.9062505103957404,0.3474838741049201,0.3512055047777366,0.0037216306728165005,0.010710225567741816,0.00028666752334127743
FB15k-237,combo_stage1_uncertainty,asc,0.010423558044400538,0.89,36329,0.7107281101474839,0.3519144108474999,0.3556827532414108,0.003768342393910884,0.010708121855071973,0.0002845638106714343
FB15k-237,pos_dep_ratio,asc,0.010423558044400538,0.92,37553,1.0,0.33872180930180235,0.3423082831134285,0.003586473811626134,0.010588257718092686,0.000164699673692148
FB15k-237,red_rule_ratio,asc,0.010423558044400538,0.99,40411,0.05579926500194094,0.3336665415939077,0.33718776156319563,0.0035212199692879476,0.010553110756827078,0.00012955271242653943
FB15k-237,dep_density,asc,0.010423558044400538,0.99,40411,0.10222719224676172,0.33635153160024067,0.33989299994169087,0.0035414683414501935,0.010529068574776979,0.00010551053037644031
FB15k-237,rule_mass,asc,0.010423558044400538,0.98,40003,2612.40048044349,0.3424576320946936,0.3460619634667214,0.0036043313720278136,0.01052489719671712,0.00010133915231658186
FB15k-237,rule_dominance_ratio,desc,0.010423558044400538,0.98,40003,0.0006930222283272812,0.3424576320946936,0.3460619634667214,0.0036043313720278136,0.01052489719671712,0.00010133915231658186
FB15k-237,num_candidates,asc,0.010423558044400538,0.99,40411,195.0,0.3383622811788365,0.34191904176252114,0.0035567605836846483,0.010511693476273676,8.813543187313755e-05
FB15k-237,s1_entropy,asc,0.010423558044400538,0.99,40411,5.272815193294313,0.3383622811788365,0.34191904176252114,0.0035567605836846483,0.010511693476273676,8.813543187313755e-05
FB15k-237,effective_candidates,asc,0.010423558044400538,0.99,40411,194.96405208633556,0.3383622811788365,0.34191904176252114,0.0035567605836846483,0.010511693476273676,8.813543187313755e-05
FB15k-237,sum_negative_dep,asc,0.010423558044400538,0.99,40411,42517.0,0.34020961655873616,0.3437752312963934,0.0035656147376572633,0.010480640652442252,5.708260804171417e-05
FB15k-237,max_negative_dep,asc,0.010423558044400538,0.99,40411,2061.0,0.33995975581436333,0.34352071989692,0.0035609640825566835,0.010474663608421864,5.110556402132538e-05
FB15k-237,max_positive_dep,asc,0.010423558044400538,0.99,40411,1853.0,0.33971016776031093,0.34326584400823645,0.003555676247925521,0.010466793712322175,4.3235667921637244e-05
FB15k-237,unique_synergy_edges,asc,0.010423558044400538,0.99,40411,762.0,0.34009132534937964,0.34363693164584724,0.003545606296467607,0.01042545349495505,1.8954505545121236e-06
FB15k-237,num_pos_dep,asc,0.010423558044400538,0.99,40411,762.0,0.34009132534937964,0.34363693164584724,0.003545606296467607,0.01042545349495505,1.8954505545121236e-06
FB15k-237,num_dependency_edges,asc,0.010423558044400538,1.0,40819,1484.0,0.33781262775003484,0.3413338372835188,0.003521209533483949,0.010423558044400538,0.0
FB15k-237,num_dependencies,asc,0.010423558044400538,1.0,40819,1484.0,0.33781262775003484,0.3413338372835188,0.003521209533483949,0.010423558044400538,0.0
FB15k-237,query_num_edges,asc,0.010423558044400538,1.0,40819,1484.0,0.33781262775003484,0.3413338372835188,0.003521209533483949,0.010423558044400538,0.0
FB15k-237,candidate_dep_coverage,asc,0.010423558044400538,1.0,40819,1.0,0.33781262775003484,0.3413338372835188,0.003521209533483949,0.010423558044400538,0.0
FB15k-237,dep_candidate_ratio,asc,0.010423558044400538,1.0,40819,1.0,0.33781262775003484,0.3413338372835188,0.003521209533483949,0.010423558044400538,0.0
FB15k-237,sum_positive_dep,asc,0.010423558044400538,1.0,40819,160774.0,0.33781262775003484,0.3413338372835188,0.003521209533483949,0.010423558044400538,0.0
FB15k-237,avg_positive_dep,asc,0.010423558044400538,1.0,40819,1516.7358490566037,0.33781262775003484,0.3413338372835188,0.003521209533483949,0.010423558044400538,0.0
FB15k-237,avg_negative_dep,asc,0.010423558044400538,1.0,40819,1353.0,0.33781262775003484,0.3413338372835188,0.003521209533483949,0.010423558044400538,0.0
FB15k-237,avg_candidate_dep_score,desc,0.010423558044400538,1.0,40819,-19.125658899999983,0.33781262775003484,0.3413338372835188,0.003521209533483949,0.010423558044400538,0.0
FB15k-237,max_candidate_dep_score,asc,0.010423558044400538,1.0,40819,6.011376100000017,0.33781262775003484,0.3413338372835188,0.003521209533483949,0.010423558044400538,0.0
FB15k-237,unique_redundancy_edges,asc,0.010423558044400538,1.0,40819,369.0,0.33781262775003484,0.3413338372835188,0.003521209533483949,0.010423558044400538,0.0
FB15k-237,num_neg_dep,asc,0.010423558044400538,1.0,40819,369.0,0.33781262775003484,0.3413338372835188,0.003521209533483949,0.010423558044400538,0.0
FB15k-237,pos_mass,asc,0.010423558044400538,1.0,40819,457.14256,0.33781262775003484,0.3413338372835188,0.003521209533483949,0.010423558044400538,0.0
FB15k-237,neg_mass,asc,0.010423558044400538,1.0,40819,66.58936,0.33781262775003484,0.3413338372835188,0.003521209533483949,0.010423558044400538,0.0
FB15k-237,abs_dep_mass,asc,0.010423558044400538,1.0,40819,457.80523,0.33781262775003484,0.3413338372835188,0.003521209533483949,0.010423558044400538,0.0
FB15k-237,dep_rule_ratio,asc,0.010423558044400538,1.0,40819,3.1150427932672287,0.33781262775003484,0.3413338372835188,0.003521209533483949,0.010423558044400538,0.0
FB15k-237,syn_rule_ratio,asc,0.010423558044400538,1.0,40819,3.1150427932672287,0.33781262775003484,0.3413338372835188,0.003521209533483949,0.010423558044400538,0.0
FB15k-237,synergy_weight_top1_sum,asc,0.010423558044400538,1.0,40819,2.75514,0.33781262775003484,0.3413338372835188,0.003521209533483949,0.010423558044400538,0.0
FB15k-237,synergy_weight_top1_mean,asc,0.010423558044400538,1.0,40819,2.75514,0.33781262775003484,0.3413338372835188,0.003521209533483949,0.010423558044400538,0.0
FB15k-237,synergy_weight_top3_sum,asc,0.010423558044400538,1.0,40819,7.42789,0.33781262775003484,0.3413338372835188,0.003521209533483949,0.010423558044400538,0.0
FB15k-237,synergy_weight_top3_mean,asc,0.010423558044400538,1.0,40819,2.4759633333333335,0.33781262775003484,0.3413338372835188,0.003521209533483949,0.010423558044400538,0.0
FB15k-237,synergy_weight_top5_sum,asc,0.010423558044400538,1.0,40819,11.82284,0.33781262775003484,0.3413338372835188,0.003521209533483949,0.010423558044400538,0.0
FB15k-237,synergy_weight_top5_mean,asc,0.010423558044400538,1.0,40819,2.3645680000000002,0.33781262775003484,0.3413338372835188,0.003521209533483949,0.010423558044400538,0.0
FB15k-237,synergy_weight_top10_sum,asc,0.010423558044400538,1.0,40819,22.25872,0.33781262775003484,0.3413338372835188,0.003521209533483949,0.010423558044400538,0.0
FB15k-237,synergy_weight_top10_mean,asc,0.010423558044400538,1.0,40819,2.225872,0.33781262775003484,0.3413338372835188,0.003521209533483949,0.010423558044400538,0.0
FB15k-237,synergy_weight_max,asc,0.010423558044400538,1.0,40819,2.75514,0.33781262775003484,0.3413338372835188,0.003521209533483949,0.010423558044400538,0.0
FB15k-237,synergy_weight_mean,asc,0.010423558044400538,1.0,40819,1.2758816666666666,0.33781262775003484,0.3413338372835188,0.003521209533483949,0.010423558044400538,0.0
FB15k-237,redundancy_weight_top1_sum,asc,0.010423558044400538,1.0,40819,1.16499,0.33781262775003484,0.3413338372835188,0.003521209533483949,0.010423558044400538,0.0
FB15k-237,redundancy_weight_top1_mean,asc,0.010423558044400538,1.0,40819,1.16499,0.33781262775003484,0.3413338372835188,0.003521209533483949,0.010423558044400538,0.0
FB15k-237,redundancy_weight_top3_sum,asc,0.010423558044400538,1.0,40819,3.0172,0.33781262775003484,0.3413338372835188,0.003521209533483949,0.010423558044400538,0.0
FB15k-237,redundancy_weight_top3_mean,asc,0.010423558044400538,1.0,40819,1.0057333333333334,0.33781262775003484,0.3413338372835188,0.003521209533483949,0.010423558044400538,0.0
FB15k-237,redundancy_weight_top5_sum,asc,0.010423558044400538,1.0,40819,4.81203,0.33781262775003484,0.3413338372835188,0.003521209533483949,0.010423558044400538,0.0
FB15k-237,redundancy_weight_top5_mean,asc,0.010423558044400538,1.0,40819,0.962406,0.33781262775003484,0.3413338372835188,0.003521209533483949,0.010423558044400538,0.0
FB15k-237,redundancy_weight_top10_sum,asc,0.010423558044400538,1.0,40819,9.03415,0.33781262775003484,0.3413338372835188,0.003521209533483949,0.010423558044400538,0.0
FB15k-237,redundancy_weight_top10_mean,asc,0.010423558044400538,1.0,40819,0.903415,0.33781262775003484,0.3413338372835188,0.003521209533483949,0.010423558044400538,0.0
FB15k-237,redundancy_weight_max,asc,0.010423558044400538,1.0,40819,1.16499,0.33781262775003484,0.3413338372835188,0.003521209533483949,0.010423558044400538,0.0
FB15k-237,redundancy_weight_mean,asc,0.010423558044400538,1.0,40819,0.6633,0.33781262775003484,0.3413338372835188,0.003521209533483949,0.010423558044400538,0.0
FB15k-237,topk_synergy,asc,0.010423558044400538,1.0,40819,2.4759633333333335,0.33781262775003484,0.3413338372835188,0.003521209533483949,0.010423558044400538,0.0
FB15k-237,topk_synergy_sum,asc,0.010423558044400538,1.0,40819,7.42789,0.33781262775003484,0.3413338372835188,0.003521209533483949,0.010423558044400538,0.0
FB15k-237,topk_redundancy,asc,0.010423558044400538,1.0,40819,1.0057333333333334,0.33781262775003484,0.3413338372835188,0.003521209533483949,0.010423558044400538,0.0
FB15k-237,combo_dependency_activity,asc,0.010423558044400538,1.0,40819,0.9771669361556177,0.33781262775003484,0.3413338372835188,0.003521209533483949,0.010423558044400538,0.0
FB15k-237,combo_dep_activity_x_uncertainty,asc,0.010423558044400538,1.0,40819,0.722328071268938,0.33781262775003484,0.3413338372835188,0.003521209533483949,0.010423558044400538,0.0
FB15k-237,combo_complex_dep_low_conf,asc,0.010423558044400538,1.0,40819,0.7722301163430078,0.33781262775003484,0.3413338372835188,0.003521209533483949,0.010423558044400538,0.0
KG20C,top1_rule_weight,asc,0.032463568821923694,0.21,1564,0.2231435513142097,0.16783128596514585,0.1814728252454681,0.013641539280322246,0.08128126530088808,0.04881769647896439
KG20C,weak_rule_score,desc,0.032463568821923694,0.21,1564,0.7768564486857903,0.16783128596514585,0.1814728252454681,0.013641539280322246,0.08128126530088808,0.04881769647896439
KG20C,rule_weight_top1_sum,asc,0.032463568821923694,0.21,1564,0.2231435513142097,0.16783128596514585,0.1814728252454681,0.013641539280322246,0.08128126530088808,0.04881769647896439
KG20C,rule_weight_top1_mean,asc,0.032463568821923694,0.21,1564,0.2231435513142097,0.16783128596514585,0.1814728252454681,0.013641539280322246,0.08128126530088808,0.04881769647896439
KG20C,rule_weight_max,asc,0.032463568821923694,0.21,1564,0.2231435513142097,0.16783128596514585,0.1814728252454681,0.013641539280322246,0.08128126530088808,0.04881769647896439
KG20C,combo_low_rule_confidence,desc,0.032463568821923694,0.21,1564,0.7826641600644555,0.16783128596514585,0.1814728252454681,0.013641539280322246,0.08128126530088808,0.04881769647896439
KG20C,topk_rule_weight,asc,0.032463568821923694,0.2,1490,0.163658646728842,0.1810217478527357,0.19484509939696765,0.013823351544231949,0.07636293267634064,0.04389936385441695
KG20C,rule_weight_top3_sum,asc,0.032463568821923694,0.2,1490,0.490975940186526,0.1810217478527357,0.19484509939696765,0.013823351544231949,0.07636293267634064,0.04389936385441695
KG20C,rule_weight_top3_mean,asc,0.032463568821923694,0.2,1490,0.163658646728842,0.1810217478527357,0.19484509939696765,0.013823351544231949,0.07636293267634064,0.04389936385441695
KG20C,rule_weight_top5_sum,asc,0.032463568821923694,0.2,1490,0.689227090789343,0.18818336823230083,0.20212017981899763,0.013936811586696796,0.07405974139804239,0.041596172576118695
KG20C,rule_weight_top5_mean,asc,0.032463568821923694,0.2,1490,0.1378454181578686,0.18818336823230083,0.20212017981899763,0.013936811586696796,0.07405974139804239,0.041596172576118695
KG20C,combo_complex_dep_low_conf,desc,0.032463568821923694,0.22,1639,0.612629246676514,0.10902625761208677,0.11639246409874658,0.00736620648665981,0.0675636002555331,0.0351000314336094
KG20C,avg_rules_per_candidate,desc,0.032463568821923694,0.2,1490,11.647058823529411,0.1008317001348391,0.10750606239425543,0.006674362259416339,0.06619309453763966,0.03372952571571597
KG20C,rule_dominance_ratio,asc,0.032463568821923694,0.26,1936,0.008630604821377426,0.07620395427956012,0.08117459142257559,0.0049706371430154744,0.06522807366111616,0.032764504839192465
KG20C,combo_stage1_uncertainty,desc,0.032463568821923694,0.2,1490,0.7108231502618505,0.16990649372351446,0.18090772856866774,0.01100123484515328,0.0647487603567134,0.0322851915347897
KG20C,num_candidate_rule_edges,desc,0.032463568821923694,0.2,1490,1184.0,0.10046798441709298,0.10687898262198688,0.006410998204893895,0.06381135485189615,0.03134778602997246
KG20C,combo_dep_activity_x_uncertainty,desc,0.032463568821923694,0.25,1862,0.3224728369633211,0.13391858116090327,0.1424537156538884,0.008535134492985125,0.06373375837017092,0.03127018954824723
KG20C,unique_synergy_edges,desc,0.032463568821923694,0.2,1490,18.0,0.11478331240805195,0.12176828420758672,0.006984971799534764,0.06085354789817665,0.028389979076252958
KG20C,num_pos_dep,desc,0.032463568821923694,0.2,1490,18.0,0.11478331240805195,0.12176828420758672,0.006984971799534764,0.06085354789817665,0.028389979076252958
KG20C,pos_dep_ratio,desc,0.032463568821923694,0.24,1788,1.0,0.2301822137098831,0.24410213134441308,0.013919917634529988,0.060473471908104814,0.02800990308618112
KG20C,num_dependency_edges,desc,0.032463568821923694,0.2,1490,20.0,0.11544303965371373,0.12234338221614013,0.006900342562426401,0.05977270334465268,0.027309134522728984
KG20C,num_dependencies,desc,0.032463568821923694,0.2,1490,20.0,0.11544303965371373,0.12234338221614013,0.006900342562426401,0.05977270334465268,0.027309134522728984
KG20C,query_num_edges,desc,0.032463568821923694,0.2,1490,20.0,0.11544303965371373,0.12234338221614013,0.006900342562426401,0.05977270334465268,0.027309134522728984
KG20C,dep_density,desc,0.032463568821923694,0.35,2607,0.0002442002442002442,0.14953963273910484,0.15845143046582136,0.00891179772671652,0.05959488841506344,0.027131319593139747
KG20C,candidate_dep_coverage,desc,0.032463568821923694,0.21,1564,0.23,0.13481380805620763,0.14263196504209305,0.007818156985885422,0.05799225686604603,0.02552868804412234
KG20C,dep_candidate_ratio,desc,0.032463568821923694,0.21,1564,0.23,0.13481380805620763,0.14263196504209305,0.007818156985885422,0.05799225686604603,0.02552868804412234
KG20C,sum_positive_dep,desc,0.032463568821923694,0.21,1564,23.0,0.13542291438689366,0.14305132013944497,0.007628405752551304,0.056330243571316885,0.02386667474939319
KG20C,avg_positive_dep,desc,0.032463568821923694,0.21,1564,0.23,0.13609774434613547,0.14372615009868678,0.007628405752551304,0.056050934489774384,0.02358736566785069
KG20C,pos_mass,desc,0.032463568821923694,0.2,1490,9.66326,0.11920666439075242,0.12588079559890145,0.006674131208149026,0.05598790337989512,0.023524334557971427
KG20C,net_dep_mass,desc,0.032463568821923694,0.2,1490,9.60507,0.1196765445817196,0.12634737325876239,0.006670828677042787,0.05574048532532361,0.023276916503399914
KG20C,abs_dep_mass,desc,0.032463568821923694,0.2,1490,9.73141,0.1198486700817246,0.1265261038209799,0.006677433739255292,0.05571554306528359,0.023251974243359896
KG20C,avg_candidate_dep_score,desc,0.032463568821923694,0.29,2160,6.780599729446609e-06,0.2128826606246244,0.22463592001720056,0.011753259392576154,0.05521003616776787,0.02274646734584418
KG20C,synergy_weight_top10_sum,desc,0.032463568821923694,0.22,1639,8.14197,0.12456570930961548,0.13138100417486862,0.0068152948652531326,0.05471244777576234,0.022248878953838647
KG20C,max_candidate_dep_score,desc,0.032463568821923694,0.41,3054,0.00033999339529074184,0.1871427147631028,0.19736824002253422,0.010225525259431434,0.0546402528806722,0.022176684058748508
KG20C,rule_weight_top10_sum,asc,0.032463568821923694,0.2,1490,1.038106966571823,0.23588605879200197,0.2487612691023809,0.012875210310378915,0.05458232833391796,0.022118759511994268
KG20C,rule_weight_top10_mean,asc,0.032463568821923694,0.2,1490,0.1038106966571823,0.23588605879200197,0.2487612691023809,0.012875210310378915,0.05458232833391796,0.022118759511994268
KG20C,synergy_weight_top3_mean,desc,0.032463568821923694,0.21,1564,1.2002833333333334,0.11893525072463905,0.12535292988361044,0.006417679158971387,0.05395943691941851,0.02149586809749482
KG20C,topk_synergy,desc,0.032463568821923694,0.21,1564,1.2002833333333334,0.11893525072463905,0.12535292988361044,0.006417679158971387,0.05395943691941851,0.02149586809749482
KG20C,max_stage1_score,asc,0.032463568821923694,0.25,1862,0.1074986144459388,0.20496149083922538,0.21594103157310127,0.010979540733875887,0.053568798162618725,0.02110522934069503
KG20C,s1_top1,asc,0.032463568821923694,0.25,1862,0.1074986144459388,0.20496149083922538,0.21594103157310127,0.010979540733875887,0.053568798162618725,0.02110522934069503
KG20C,max_stage2_score,asc,0.032463568821923694,0.25,1862,0.10748870100130475,0.20496149083922538,0.21594103157310127,0.010979540733875887,0.053568798162618725,0.02110522934069503
KG20C,synergy_weight_top5_mean,desc,0.032463568821923694,0.55,4096,0.16117,0.1712878805866508,0.1804586388321323,0.009170758245481525,0.05354002988461426,0.021076461062690566
KG20C,syn_rule_ratio,desc,0.032463568821923694,0.56,4171,0.022910068715956043,0.17556662858855657,0.1849571660116628,0.009390537423106221,0.05348702938935568,0.021023460567431984
KG20C,synergy_weight_top10_mean,desc,0.032463568821923694,0.54,4022,0.184645,0.1716641456668464,0.18084579177738466,0.00918164611053826,0.053486102615495135,0.02102253379357144
KG20C,synergy_weight_top3_sum,desc,0.032463568821923694,0.21,1564,3.54143,0.11859902422076339,0.12494110295918491,0.006342078738421519,0.053474965583327316,0.021011396761403622
KG20C,topk_synergy_sum,desc,0.032463568821923694,0.21,1564,3.54143,0.11859902422076339,0.12494110295918491,0.006342078738421519,0.053474965583327316,0.021011396761403622
KG20C,synergy_weight_top5_sum,desc,0.032463568821923694,0.22,1639,5.36431,0.11651802535139144,0.12274840315638003,0.006230377804988585,0.05347136450518453,0.021007795683260833
KG20C,sum_negative_dep,desc,0.032463568821923694,0.21,1564,27.0,0.13128531570703775,0.13830226963483516,0.007016953927797415,0.05344812471987126,0.020984555897947565
KG20C,avg_negative_dep,desc,0.032463568821923694,0.21,1564,0.27,0.13130516593186767,0.13830755711308035,0.0070023911812126804,0.053329136988000236,0.020865568166076542
KG20C,synergy_weight_mean,desc,0.032463568821923694,0.55,4096,0.13163325,0.17358379003638222,0.1828335695971666,0.009249779560784377,0.053287116031085935,0.02082354720916224
KG20C,synergy_weight_top1_sum,desc,0.032463568821923694,0.57,4245,0.18209,0.1755628996951469,0.18488181380566548,0.009318914110518578,0.05308020160694671,0.020616632785023015
KG20C,synergy_weight_top1_mean,desc,0.032463568821923694,0.57,4245,0.18209,0.1755628996951469,0.18488181380566548,0.009318914110518578,0.05308020160694671,0.020616632785023015
KG20C,synergy_weight_max,desc,0.032463568821923694,0.57,4245,0.18209,0.1755628996951469,0.18488181380566548,0.009318914110518578,0.05308020160694671,0.020616632785023015
KG20C,dep_rule_ratio,desc,0.032463568821923694,0.56,4171,0.025465637876121806,0.17781351973202233,0.18713076194646447,0.009317242214442134,0.052398952725776216,0.01993538390385252
KG20C,stage2_top_margin,asc,0.032463568821923694,0.51,3798,0.01913907701596418,0.15222202844153299,0.16018157731973953,0.007959548878206546,0.0522890737937034,0.019825504971779706
KG20C,stage1_top_margin,asc,0.032463568821923694,0.51,3798,0.01914428590101524,0.15261357835706926,0.1605675593201845,0.007953980963115226,0.05211843565128471,0.019654866829361017
KG20C,s1_margin,asc,0.032463568821923694,0.51,3798,0.01914428590101524,0.15261357835706926,0.1605675593201845,0.007953980963115226,0.05211843565128471,0.019654866829361017
KG20C,num_rule_nodes,desc,0.032463568821923694,0.68,5065,128.0,0.16315963415384233,0.1715663159878145,0.008406681833972168,0.05152427484634803,0.019060706024424334
KG20C,num_rules,desc,0.032463568821923694,0.68,5065,128.0,0.16315963415384233,0.1715663159878145,0.008406681833972168,0.05152427484634803,0.019060706024424334
KG20C,query_num_nodes,desc,0.032463568821923694,0.68,5065,128.0,0.16315963415384233,0.1715663159878145,0.008406681833972168,0.05152427484634803,0.019060706024424334
KG20C,combo_dependency_activity,desc,0.032463568821923694,0.21,1564,0.7451994091580502,0.1348721621349868,0.14175522946650582,0.006883067331519027,0.051034010447835065,0.01857044162591137
KG20C,max_positive_dep,desc,0.032463568821923694,0.59,4394,0.0,0.17512988223568735,0.1839549710811784,0.008825088845491047,0.05039167920877352,0.017928110386849827
KG20C,rule_mass,desc,0.032463568821923694,0.2,1490,65.35019651403208,0.07485358437795214,0.07857426907593995,0.0037206846979878083,0.049706166096218585,0.01724259727429489
KG20C,max_negative_dep,desc,0.032463568821923694,0.51,3798,1.0,0.17937264172043477,0.1881777236820862,0.008805081961651445,0.049088210315678005,0.01662464149375431
KG20C,s1_norm_margin,asc,0.032463568821923694,0.59,4394,0.16830650745183215,0.1558078336073522,0.1632702161345206,0.00746238252716841,0.04789478394246971,0.015431215120546016
KG20C,max_rules_per_candidate,desc,0.032463568821923694,0.22,1639,23.0,0.13832620786811406,0.14483240899605437,0.006506201127940314,0.047035201992550846,0.014571633170627152
KG20C,combo_candidate_complexity,desc,0.032463568821923694,0.2,1490,0.6976187278993778,0.09693538749308533,0.10141806295452879,0.004482675461443458,0.04624395256854186,0.013780383746618163
KG20C,s1_entropy,desc,0.032463568821923694,0.35,2607,4.605151758465037,0.15395830031966426,0.16059033767204078,0.006632037352376524,0.04307684183708438,0.010613273015160685
KG20C,effective_candidates,desc,0.032463568821923694,0.35,2607,99.99815726467311,0.15395830031966426,0.16059033767204078,0.006632037352376524,0.04307684183708438,0.010613273015160685
KG20C,avg_candidate_dep_score,asc,0.032463568821923694,0.31,2309,-1.2680383650466695e-09,0.14851481503735628,0.15483469624907167,0.006319881211715395,0.042553877268915796,0.010090308446992102
KG20C,avg_stage1_score,desc,0.032463568821923694,0.88,6554,0.006585714701797245,0.19494749319640733,0.2027952094152002,0.007847716218792877,0.04025553799189607,0.007791969169972379
KG20C,avg_stage2_score,desc,0.032463568821923694,0.88,6554,0.0066000301877829634,0.19494749319640733,0.2027952094152002,0.007847716218792877,0.04025553799189607,0.007791969169972379
KG20C,unique_redundancy_edges,asc,0.032463568821923694,0.65,4841,0.0,0.2346017178388764,0.24402786644629484,0.009426148607418444,0.040179367373142094,0.0077157985512184
KG20C,num_neg_dep,asc,0.032463568821923694,0.65,4841,0.0,0.2346017178388764,0.24402786644629484,0.009426148607418444,0.040179367373142094,0.0077157985512184
KG20C,neg_dep_ratio,asc,0.032463568821923694,0.65,4841,0.0,0.2346017178388764,0.24402786644629484,0.009426148607418444,0.040179367373142094,0.0077157985512184
KG20C,neg_mass,asc,0.032463568821923694,0.65,4841,0.0,0.2346017178388764,0.24402786644629484,0.009426148607418444,0.040179367373142094,0.0077157985512184
KG20C,red_rule_ratio,asc,0.032463568821923694,0.65,4841,0.0,0.2346017178388764,0.24402786644629484,0.009426148607418444,0.040179367373142094,0.0077157985512184
KG20C,redundancy_weight_top1_sum,asc,0.032463568821923694,0.65,4841,0.0,0.2346017178388764,0.24402786644629484,0.009426148607418444,0.040179367373142094,0.0077157985512184
KG20C,redundancy_weight_top1_mean,asc,0.032463568821923694,0.65,4841,0.0,0.2346017178388764,0.24402786644629484,0.009426148607418444,0.040179367373142094,0.0077157985512184
KG20C,redundancy_weight_top3_sum,asc,0.032463568821923694,0.65,4841,0.0,0.2346017178388764,0.24402786644629484,0.009426148607418444,0.040179367373142094,0.0077157985512184
KG20C,redundancy_weight_top3_mean,asc,0.032463568821923694,0.65,4841,0.0,0.2346017178388764,0.24402786644629484,0.009426148607418444,0.040179367373142094,0.0077157985512184
KG20C,redundancy_weight_top5_sum,asc,0.032463568821923694,0.65,4841,0.0,0.2346017178388764,0.24402786644629484,0.009426148607418444,0.040179367373142094,0.0077157985512184
KG20C,redundancy_weight_top5_mean,asc,0.032463568821923694,0.65,4841,0.0,0.2346017178388764,0.24402786644629484,0.009426148607418444,0.040179367373142094,0.0077157985512184
KG20C,redundancy_weight_top10_sum,asc,0.032463568821923694,0.65,4841,0.0,0.2346017178388764,0.24402786644629484,0.009426148607418444,0.040179367373142094,0.0077157985512184
KG20C,redundancy_weight_top10_mean,asc,0.032463568821923694,0.65,4841,0.0,0.2346017178388764,0.24402786644629484,0.009426148607418444,0.040179367373142094,0.0077157985512184
KG20C,redundancy_weight_max,asc,0.032463568821923694,0.65,4841,0.0,0.2346017178388764,0.24402786644629484,0.009426148607418444,0.040179367373142094,0.0077157985512184
KG20C,redundancy_weight_mean,asc,0.032463568821923694,0.65,4841,0.0,0.2346017178388764,0.24402786644629484,0.009426148607418444,0.040179367373142094,0.0077157985512184
KG20C,topk_redundancy,asc,0.032463568821923694,0.65,4841,0.0,0.2346017178388764,0.24402786644629484,0.009426148607418444,0.040179367373142094,0.0077157985512184
KG20C,candidate_rule_coverage,desc,0.032463568821923694,0.9,6703,1.0,0.21417528075639575,0.22258208635030985,0.008406805593914102,0.03925198820435338,0.006788419382429689
KG20C,candidate_rule_coverage,asc,0.032463568821923694,0.9,6703,1.0,0.21417528075639575,0.22258208635030985,0.008406805593914102,0.03925198820435338,0.006788419382429689
KG20C,unique_redundancy_edges,desc,0.032463568821923694,0.9,6703,0.0,0.21426227021846514,0.22266907581237924,0.008406805593914102,0.0392360520839361,0.006772483262012408
KG20C,num_neg_dep,desc,0.032463568821923694,0.9,6703,0.0,0.21426227021846514,0.22266907581237924,0.008406805593914102,0.0392360520839361,0.006772483262012408
KG20C,neg_dep_ratio,desc,0.032463568821923694,0.9,6703,0.0,0.21426227021846514,0.22266907581237924,0.008406805593914102,0.0392360520839361,0.006772483262012408
KG20C,neg_mass,desc,0.032463568821923694,0.9,6703,0.0,0.21426227021846514,0.22266907581237924,0.008406805593914102,0.0392360520839361,0.006772483262012408
KG20C,red_rule_ratio,desc,0.032463568821923694,0.9,6703,0.0,0.21426227021846514,0.22266907581237924,0.008406805593914102,0.0392360520839361,0.006772483262012408
KG20C,redundancy_weight_top1_sum,desc,0.032463568821923694,0.9,6703,0.0,0.21426227021846514,0.22266907581237924,0.008406805593914102,0.0392360520839361,0.006772483262012408
KG20C,redundancy_weight_top1_mean,desc,0.032463568821923694,0.9,6703,0.0,0.21426227021846514,0.22266907581237924,0.008406805593914102,0.0392360520839361,0.006772483262012408
KG20C,redundancy_weight_top3_sum,desc,0.032463568821923694,0.9,6703,0.0,0.21426227021846514,0.22266907581237924,0.008406805593914102,0.0392360520839361,0.006772483262012408
KG20C,redundancy_weight_top3_mean,desc,0.032463568821923694,0.9,6703,0.0,0.21426227021846514,0.22266907581237924,0.008406805593914102,0.0392360520839361,0.006772483262012408
KG20C,redundancy_weight_top5_sum,desc,0.032463568821923694,0.9,6703,0.0,0.21426227021846514,0.22266907581237924,0.008406805593914102,0.0392360520839361,0.006772483262012408
KG20C,redundancy_weight_top5_mean,desc,0.032463568821923694,0.9,6703,0.0,0.21426227021846514,0.22266907581237924,0.008406805593914102,0.0392360520839361,0.006772483262012408
KG20C,redundancy_weight_top10_sum,desc,0.032463568821923694,0.9,6703,0.0,0.21426227021846514,0.22266907581237924,0.008406805593914102,0.0392360520839361,0.006772483262012408
KG20C,redundancy_weight_top10_mean,desc,0.032463568821923694,0.9,6703,0.0,0.21426227021846514,0.22266907581237924,0.008406805593914102,0.0392360520839361,0.006772483262012408
KG20C,redundancy_weight_max,desc,0.032463568821923694,0.9,6703,0.0,0.21426227021846514,0.22266907581237924,0.008406805593914102,0.0392360520839361,0.006772483262012408
KG20C,redundancy_weight_mean,desc,0.032463568821923694,0.9,6703,0.0,0.21426227021846514,0.22266907581237924,0.008406805593914102,0.0392360520839361,0.006772483262012408
KG20C,topk_redundancy,desc,0.032463568821923694,0.9,6703,0.0,0.21426227021846514,0.22266907581237924,0.008406805593914102,0.0392360520839361,0.006772483262012408
KG20C,rule_weight_mean,asc,0.032463568821923694,0.62,4618,0.0441926828701689,0.2555132784942859,0.2654589676177257,0.009945689123439794,0.03892435329407817,0.006460784472154479
KG20C,num_candidates,desc,0.032463568821923694,0.95,7076,100.0,0.20795023029284782,0.21591709614886434,0.007966865856016525,0.03831140674764866,0.0058478379257249635
KG20C,avg_stage2_score,asc,0.032463568821923694,0.56,4171,0.04824934759826614,0.27456640470148436,0.28415176743672677,0.009585362735242409,0.034910908877085145,0.002447340055161451
KG20C,avg_stage1_score,asc,0.032463568821923694,0.56,4171,0.04825834876721935,0.2745637699312686,0.2841474938975606,0.009583723966292035,0.03490527526152176,0.002441706439598068
KG20C,stage1_top_margin,desc,0.032463568821923694,0.9,6703,3.6694254385016833e-08,0.2312431662715545,0.23918925445329264,0.007946088181738142,0.03436247786197,0.0018989090400463038
KG20C,s1_margin,desc,0.032463568821923694,0.9,6703,3.6694254385016833e-08,0.2312431662715545,0.23918925445329264,0.007946088181738142,0.03436247786197,0.0018989090400463038
KG20C,stage2_top_margin,desc,0.032463568821923694,0.9,6703,3.6694254385016833e-08,0.2312431662715545,0.23918925445329264,0.007946088181738142,0.03436247786197,0.0018989090400463038
KG20C,s1_norm_margin,desc,0.032463568821923694,0.89,6629,0.00016664920025754936,0.23204602132490362,0.24001766428493143,0.007971642960027808,0.034353715329883405,0.0018901465079597113
KG20C,s1_entropy,asc,0.032463568821923694,0.87,6480,4.624112941000829,0.2512981075763344,0.25964655204197495,0.008348444465640537,0.03322127868831881,0.0007577098663951176
KG20C,effective_candidates,asc,0.032463568821923694,0.87,6480,101.91233072468059,0.2512981075763344,0.25964655204197495,0.008348444465640537,0.03322127868831881,0.0007577098663951176
KG20C,num_candidates,asc,0.032463568821923694,0.94,7001,105.0,0.24090665664199154,0.24888413124100378,0.007977474599012241,0.03311438010975132,0.000650811287827624
KG20C,combo_candidate_complexity,asc,0.032463568821923694,0.36,2681,0.37695268788326397,0.3187629451637042,0.329244562647018,0.010481617483313832,0.03288217041014874,0.0004186015882250427
KG20C,rule_mass,asc,0.032463568821923694,0.97,7225,254.53627887884167,0.23758776968590237,0.24536355762417908,0.0077757879382767126,0.0327280648686441,0.0002644960467204083
KG20C,dep_rule_ratio,asc,0.032463568821923694,0.98,7299,0.7464794800279341,0.231545613692766,0.23909244096119953,0.007546827268433531,0.03259326379832572,0.00012969497640202832
KG20C,syn_rule_ratio,asc,0.032463568821923694,0.98,7299,0.7460403495110692,0.23168044407831564,0.23922727134674918,0.007546827268433531,0.03257429559260716,0.00011072677068346692
KG20C,synergy_weight_mean,asc,0.032463568821923694,0.97,7225,1.103191,0.23358766086235977,0.24118847783371763,0.0076008169713578655,0.03253946267237384,7.589385045014829e-05
KG20C,num_candidate_rule_edges,asc,0.032463568821923694,1.0,7448,2716.0,0.23322262647244124,0.24079386525775914,0.007571238785317902,0.032463568821923694,0.0
KG20C,num_rule_nodes,asc,0.032463568821923694,1.0,7448,758.0,0.23322262647244124,0.24079386525775914,0.007571238785317902,0.032463568821923694,0.0
KG20C,num_rules,asc,0.032463568821923694,1.0,7448,758.0,0.23322262647244124,0.24079386525775914,0.007571238785317902,0.032463568821923694,0.0
KG20C,num_dependency_edges,asc,0.032463568821923694,1.0,7448,106.0,0.23322262647244124,0.24079386525775914,0.007571238785317902,0.032463568821923694,0.0
KG20C,num_dependencies,asc,0.032463568821923694,1.0,7448,106.0,0.23322262647244124,0.24079386525775914,0.007571238785317902,0.032463568821923694,0.0
KG20C,dep_density,asc,0.032463568821923694,1.0,7448,0.012280701754385965,0.23322262647244124,0.24079386525775914,0.007571238785317902,0.032463568821923694,0.0
KG20C,query_num_nodes,asc,0.032463568821923694,1.0,7448,758.0,0.23322262647244124,0.24079386525775914,0.007571238785317902,0.032463568821923694,0.0
KG20C,query_num_edges,asc,0.032463568821923694,1.0,7448,106.0,0.23322262647244124,0.24079386525775914,0.007571238785317902,0.032463568821923694,0.0
KG20C,avg_rules_per_candidate,asc,0.032463568821923694,1.0,7448,26.368932038834952,0.23322262647244124,0.24079386525775914,0.007571238785317902,0.032463568821923694,0.0
KG20C,max_rules_per_candidate,asc,0.032463568821923694,1.0,7448,65.0,0.23322262647244124,0.24079386525775914,0.007571238785317902,0.032463568821923694,0.0
KG20C,candidate_dep_coverage,asc,0.032463568821923694,1.0,7448,0.9,0.23322262647244124,0.24079386525775914,0.007571238785317902,0.032463568821923694,0.0
KG20C,dep_candidate_ratio,asc,0.032463568821923694,1.0,7448,0.9,0.23322262647244124,0.24079386525775914,0.007571238785317902,0.032463568821923694,0.0
KG20C,sum_positive_dep,asc,0.032463568821923694,1.0,7448,312.0,0.23322262647244124,0.24079386525775914,0.007571238785317902,0.032463568821923694,0.0
KG20C,sum_negative_dep,asc,0.032463568821923694,1.0,7448,587.0,0.23322262647244124,0.24079386525775914,0.007571238785317902,0.032463568821923694,0.0
KG20C,avg_positive_dep,asc,0.032463568821923694,1.0,7448,2.8623853211009176,0.23322262647244124,0.24079386525775914,0.007571238785317902,0.032463568821923694,0.0
KG20C,avg_negative_dep,asc,0.032463568821923694,1.0,7448,5.450980392156863,0.23322262647244124,0.24079386525775914,0.007571238785317902,0.032463568821923694,0.0
KG20C,max_positive_dep,asc,0.032463568821923694,1.0,7448,23.0,0.23322262647244124,0.24079386525775914,0.007571238785317902,0.032463568821923694,0.0
KG20C,max_negative_dep,asc,0.032463568821923694,1.0,7448,35.0,0.23322262647244124,0.24079386525775914,0.007571238785317902,0.032463568821923694,0.0
KG20C,max_candidate_dep_score,asc,0.032463568821923694,1.0,7448,0.225547,0.23322262647244124,0.24079386525775914,0.007571238785317902,0.032463568821923694,0.0
KG20C,max_stage1_score,desc,0.032463568821923694,1.0,7448,0.0004593497755846984,0.23322262647244124,0.24079386525775914,0.007571238785317902,0.032463568821923694,0.0
KG20C,s1_top1,desc,0.032463568821923694,1.0,7448,0.0004593497755846984,0.23322262647244124,0.24079386525775914,0.007571238785317902,0.032463568821923694,0.0
KG20C,max_stage2_score,desc,0.032463568821923694,1.0,7448,0.0004593497755846984,0.23322262647244124,0.24079386525775914,0.007571238785317902,0.032463568821923694,0.0
KG20C,unique_synergy_edges,asc,0.032463568821923694,1.0,7448,102.0,0.23322262647244124,0.24079386525775914,0.007571238785317902,0.032463568821923694,0.0
KG20C,num_pos_dep,asc,0.032463568821923694,1.0,7448,102.0,0.23322262647244124,0.24079386525775914,0.007571238785317902,0.032463568821923694,0.0
KG20C,pos_dep_ratio,asc,0.032463568821923694,1.0,7448,1.0,0.23322262647244124,0.24079386525775914,0.007571238785317902,0.032463568821923694,0.0
KG20C,pos_mass,asc,0.032463568821923694,1.0,7448,28.62463,0.23322262647244124,0.24079386525775914,0.007571238785317902,0.032463568821923694,0.0
KG20C,net_dep_mass,asc,0.032463568821923694,1.0,7448,28.57343,0.23322262647244124,0.24079386525775914,0.007571238785317902,0.032463568821923694,0.0
KG20C,abs_dep_mass,asc,0.032463568821923694,1.0,7448,36.58332,0.23322262647244124,0.24079386525775914,0.007571238785317902,0.032463568821923694,0.0
KG20C,top1_rule_weight,desc,0.032463568821923694,1.0,7448,0.0029970052402695105,0.23322262647244124,0.24079386525775914,0.007571238785317902,0.032463568821923694,0.0
KG20C,topk_rule_weight,desc,0.032463568821923694,1.0,7448,0.0026635885458146063,0.23322262647244124,0.24079386525775914,0.007571238785317902,0.032463568821923694,0.0
KG20C,rule_dominance_ratio,desc,0.032463568821923694,1.0,7448,0.0021237353501157145,0.23322262647244124,0.24079386525775914,0.007571238785317902,0.032463568821923694,0.0
KG20C,weak_rule_score,asc,0.032463568821923694,1.0,7448,0.9970029947597305,0.23322262647244124,0.24079386525775914,0.007571238785317902,0.032463568821923694,0.0
KG20C,rule_weight_top1_sum,desc,0.032463568821923694,1.0,7448,0.0029970052402695105,0.23322262647244124,0.24079386525775914,0.007571238785317902,0.032463568821923694,0.0
KG20C,rule_weight_top1_mean,desc,0.032463568821923694,1.0,7448,0.0029970052402695105,0.23322262647244124,0.24079386525775914,0.007571238785317902,0.032463568821923694,0.0
KG20C,rule_weight_top3_sum,desc,0.032463568821923694,1.0,7448,0.00799076563744382,0.23322262647244124,0.24079386525775914,0.007571238785317902,0.032463568821923694,0.0
KG20C,rule_weight_top3_mean,desc,0.032463568821923694,1.0,7448,0.0026635885458146063,0.23322262647244124,0.24079386525775914,0.007571238785317902,0.032463568821923694,0.0
KG20C,rule_weight_top5_sum,desc,0.032463568821923694,1.0,7448,0.012484650992967134,0.23322262647244124,0.24079386525775914,0.007571238785317902,0.032463568821923694,0.0
KG20C,rule_weight_top5_mean,desc,0.032463568821923694,1.0,7448,0.002496930198593427,0.23322262647244124,0.24079386525775914,0.007571238785317902,0.032463568821923694,0.0
KG20C,rule_weight_top10_sum,desc,0.032463568821923694,1.0,7448,0.022469676777647933,0.23322262647244124,0.24079386525775914,0.007571238785317902,0.032463568821923694,0.0
KG20C,rule_weight_top10_mean,desc,0.032463568821923694,1.0,7448,0.0022469676777647934,0.23322262647244124,0.24079386525775914,0.007571238785317902,0.032463568821923694,0.0
KG20C,rule_weight_max,desc,0.032463568821923694,1.0,7448,0.0029970052402695105,0.23322262647244124,0.24079386525775914,0.007571238785317902,0.032463568821923694,0.0
KG20C,rule_weight_mean,desc,0.032463568821923694,1.0,7448,0.0016372899346159652,0.23322262647244124,0.24079386525775914,0.007571238785317902,0.032463568821923694,0.0
KG20C,synergy_weight_top1_sum,asc,0.032463568821923694,1.0,7448,1.99003,0.23322262647244124,0.24079386525775914,0.007571238785317902,0.032463568821923694,0.0
KG20C,synergy_weight_top1_mean,asc,0.032463568821923694,1.0,7448,1.99003,0.23322262647244124,0.24079386525775914,0.007571238785317902,0.032463568821923694,0.0
KG20C,synergy_weight_top3_sum,asc,0.032463568821923694,1.0,7448,5.24151,0.23322262647244124,0.24079386525775914,0.007571238785317902,0.032463568821923694,0.0
KG20C,synergy_weight_top3_mean,asc,0.032463568821923694,1.0,7448,1.99003,0.23322262647244124,0.24079386525775914,0.007571238785317902,0.032463568821923694,0.0
KG20C,synergy_weight_top5_sum,asc,0.032463568821923694,1.0,7448,8.32203,0.23322262647244124,0.24079386525775914,0.007571238785317902,0.032463568821923694,0.0
KG20C,synergy_weight_top5_mean,asc,0.032463568821923694,1.0,7448,1.99003,0.23322262647244124,0.24079386525775914,0.007571238785317902,0.032463568821923694,0.0
KG20C,synergy_weight_top10_sum,asc,0.032463568821923694,1.0,7448,14.37213,0.23322262647244124,0.24079386525775914,0.007571238785317902,0.032463568821923694,0.0
KG20C,synergy_weight_top10_mean,asc,0.032463568821923694,1.0,7448,1.99003,0.23322262647244124,0.24079386525775914,0.007571238785317902,0.032463568821923694,0.0
KG20C,synergy_weight_max,asc,0.032463568821923694,1.0,7448,1.99003,0.23322262647244124,0.24079386525775914,0.007571238785317902,0.032463568821923694,0.0
KG20C,topk_synergy,asc,0.032463568821923694,1.0,7448,1.99003,0.23322262647244124,0.24079386525775914,0.007571238785317902,0.032463568821923694,0.0
KG20C,topk_synergy_sum,asc,0.032463568821923694,1.0,7448,5.24151,0.23322262647244124,0.24079386525775914,0.007571238785317902,0.032463568821923694,0.0
KG20C,combo_dependency_activity,asc,0.032463568821923694,1.0,7448,0.9883957745848441,0.23322262647244124,0.24079386525775914,0.007571238785317902,0.032463568821923694,0.0
KG20C,combo_stage1_uncertainty,asc,0.032463568821923694,1.0,7448,0.9675708338928428,0.23322262647244124,0.24079386525775914,0.007571238785317902,0.032463568821923694,0.0
KG20C,combo_low_rule_confidence,asc,0.032463568821923694,1.0,7448,0.9993285886934336,0.23322262647244124,0.24079386525775914,0.007571238785317902,0.032463568821923694,0.0
KG20C,combo_dep_activity_x_uncertainty,asc,0.032463568821923694,1.0,7448,0.6516392188038538,0.23322262647244124,0.24079386525775914,0.007571238785317902,0.032463568821923694,0.0
KG20C,combo_complex_dep_low_conf,asc,0.032463568821923694,1.0,7448,0.7731674201393551,0.23322262647244124,0.24079386525775914,0.007571238785317902,0.032463568821923694,0.0
WN18RR,rule_dominance_ratio,asc,0.005442991329389191,0.21,1272,0.010088794525441345,0.08538885506444534,0.08968215054846577,0.004293295484020437,0.05027934243620158,0.04483635110681239
WN18RR,combo_dep_activity_x_uncertainty,desc,0.005442991329389191,0.21,1272,0.3781926146129609,0.1385208122663426,0.14412687903232752,0.005606066765984907,0.04047093483111963,0.03502794350173044
WN18RR,combo_complex_dep_low_conf,desc,0.005442991329389191,0.22,1332,0.57187626179202,0.16301500705335273,0.1682122981286754,0.005197291075322685,0.031882285988686254,0.026439294659297063
WN18RR,top1_rule_weight,asc,0.005442991329389191,0.26,1574,0.09996879938125645,0.10256506643307688,0.10578835798930475,0.0032232915562278724,0.031426797332901435,0.025983806003512244
WN18RR,weak_rule_score,desc,0.005442991329389191,0.26,1574,0.9000312006187435,0.10256506643307688,0.10578835798930475,0.0032232915562278724,0.031426797332901435,0.025983806003512244
WN18RR,rule_weight_top1_sum,asc,0.005442991329389191,0.26,1574,0.09996879938125645,0.10256506643307688,0.10578835798930475,0.0032232915562278724,0.031426797332901435,0.025983806003512244
WN18RR,rule_weight_top1_mean,asc,0.005442991329389191,0.26,1574,0.09996879938125645,0.10256506643307688,0.10578835798930475,0.0032232915562278724,0.031426797332901435,0.025983806003512244
WN18RR,rule_weight_max,asc,0.005442991329389191,0.26,1574,0.09996879938125645,0.10256506643307688,0.10578835798930475,0.0032232915562278724,0.031426797332901435,0.025983806003512244
WN18RR,combo_low_rule_confidence,desc,0.005442991329389191,0.26,1574,0.7386025768087214,0.10256506643307688,0.10578835798930475,0.0032232915562278724,0.031426797332901435,0.025983806003512244
WN18RR,topk_rule_weight,asc,0.005442991329389191,0.25,1514,0.07262029360113899,0.1031009559630995,0.10628827340767648,0.0031873174445769814,0.030914528529859098,0.025471537200469907
WN18RR,rule_weight_top3_sum,asc,0.005442991329389191,0.25,1514,0.21786088080341695,0.1031009559630995,0.10628827340767648,0.0031873174445769814,0.030914528529859098,0.025471537200469907
WN18RR,rule_weight_top3_mean,asc,0.005442991329389191,0.25,1514,0.07262029360113899,0.1031009559630995,0.10628827340767648,0.0031873174445769814,0.030914528529859098,0.025471537200469907
WN18RR,rule_weight_top5_sum,asc,0.005442991329389191,0.26,1574,0.36191503831376814,0.10741363091366822,0.11051789252478092,0.003104261611112699,0.028900071477964362,0.02345708014857517
WN18RR,rule_weight_top5_mean,asc,0.005442991329389191,0.26,1574,0.07238300766275363,0.10741363091366822,0.11051789252478092,0.003104261611112699,0.028900071477964362,0.02345708014857517
WN18RR,combo_stage1_uncertainty,desc,0.005442991329389191,0.24,1453,0.7432276181037331,0.0881402376631762,0.09050928094672142,0.0023690432835452163,0.026878113179118035,0.021435121849728844
WN18RR,max_stage2_score,asc,0.005442991329389191,0.23,1393,0.005993284806923476,0.09523489869158486,0.09773259596602474,0.0024976972744398807,0.026226701647770856,0.020783710318381665
WN18RR,max_stage1_score,asc,0.005442991329389191,0.2,1211,0.003715349336782044,0.09721789823481217,0.09976223662670987,0.002544338391897702,0.026171501730600122,0.02072851040121093
WN18RR,s1_top1,asc,0.005442991329389191,0.2,1211,0.003715349336782044,0.09721789823481217,0.09976223662670987,0.002544338391897702,0.026171501730600122,0.02072851040121093
WN18RR,rule_weight_top10_sum,asc,0.005442991329389191,0.3,1816,0.753229763274725,0.12103445255967306,0.12417083204074444,0.0031363794810713858,0.02591311328916923,0.02047012195978004
WN18RR,rule_weight_top10_mean,asc,0.005442991329389191,0.3,1816,0.07532297632747251,0.12103445255967306,0.12417083204074444,0.0031363794810713858,0.02591311328916923,0.02047012195978004
WN18RR,s1_entropy,desc,0.005442991329389191,0.21,1272,4.605170151009058,0.12854741648682264,0.1318307032297793,0.003283286742956665,0.02554144480447995,0.02009845347509076
WN18RR,effective_candidates,desc,0.005442991329389191,0.21,1272,99.99999650209672,0.12854741648682264,0.1318307032297793,0.003283286742956665,0.02554144480447995,0.02009845347509076
WN18RR,s1_norm_margin,asc,0.005442991329389191,0.23,1393,0.06544980763290628,0.19804879573234543,0.20310512630644245,0.005056330574097018,0.02553073122913818,0.02008773989974899
WN18RR,stage1_top_margin,asc,0.005442991329389191,0.48,2906,0.014401595703247203,0.15794619627619663,0.16186564505224943,0.003919448776052797,0.02481508810252664,0.01937209677313745
WN18RR,s1_margin,asc,0.005442991329389191,0.48,2906,0.014401595703247203,0.15794619627619663,0.16186564505224943,0.003919448776052797,0.02481508810252664,0.01937209677313745
WN18RR,stage2_top_margin,asc,0.005442991329389191,0.42,2543,0.005858946305197744,0.14799237136909565,0.15145781871196373,0.0034654473428680777,0.023416391742417497,0.017973400413028306
WN18RR,avg_stage2_score,asc,0.005442991329389191,0.2,1211,0.00043715646213071,0.11041672595276066,0.11281062199000524,0.002393896037244589,0.02168055624352383,0.01623756491413464
WN18RR,avg_stage1_score,asc,0.005442991329389191,0.2,1211,0.0004364469726222298,0.11115073824746659,0.1135472265246105,0.0023964882771439072,0.021560704993324853,0.016117713663935662
WN18RR,num_rule_nodes,asc,0.005442991329389191,0.24,1453,55.0,0.2932220956896356,0.29931122106565,0.006089125376014415,0.020766256927852833,0.015323265598463642
WN18RR,num_rules,asc,0.005442991329389191,0.24,1453,55.0,0.2932220956896356,0.29931122106565,0.006089125376014415,0.020766256927852833,0.015323265598463642
WN18RR,query_num_nodes,asc,0.005442991329389191,0.24,1453,55.0,0.2932220956896356,0.29931122106565,0.006089125376014415,0.020766256927852833,0.015323265598463642
WN18RR,max_candidate_dep_score,desc,0.005442991329389191,0.2,1211,0.0,0.29338023836782456,0.29857579701286596,0.005195558645041398,0.017709299964939973,0.012266308635550782
WN18RR,avg_candidate_dep_score,desc,0.005442991329389191,0.2,1211,0.0,0.2960608146472272,0.3012525703976015,0.005191755750374283,0.017536112492835487,0.012093121163446297
WN18RR,sum_positive_dep,desc,0.005442991329389191,0.2,1211,0.0,0.3017902648239757,0.3069349956044278,0.005144730780452078,0.01704737156930114,0.011604380239911949
WN18RR,avg_positive_dep,desc,0.005442991329389191,0.2,1211,0.0,0.3017902648239757,0.3069349956044278,0.005144730780452078,0.01704737156930114,0.011604380239911949
WN18RR,max_positive_dep,desc,0.005442991329389191,0.2,1211,0.0,0.3017902648239757,0.3069349956044278,0.005144730780452078,0.01704737156930114,0.011604380239911949
WN18RR,rule_weight_mean,asc,0.005442991329389191,0.2,1211,0.011071909168171407,0.20118766473569294,0.20459697199360355,0.00340930725791061,0.016945906014613543,0.011502914685224352
WN18RR,max_rules_per_candidate,asc,0.005442991329389191,0.32,1938,13.0,0.3539111281658593,0.3595200602401116,0.005608932074252337,0.015848419639474365,0.010405428310085174
WN18RR,sum_negative_dep,desc,0.005442991329389191,0.2,1211,0.0,0.2480217022778026,0.25194800241843723,0.0039263001406346365,0.015830470094253757,0.010387478764864566
WN18RR,avg_negative_dep,desc,0.005442991329389191,0.2,1211,0.0,0.2480217022778026,0.25194800241843723,0.0039263001406346365,0.015830470094253757,0.010387478764864566
WN18RR,max_negative_dep,desc,0.005442991329389191,0.2,1211,0.0,0.2480217022778026,0.25194800241843723,0.0039263001406346365,0.015830470094253757,0.010387478764864566
WN18RR,net_dep_mass,desc,0.005442991329389191,0.2,1211,0.0,0.328532733680235,0.333655438090395,0.005122704410159995,0.015592675812772905,0.010149684483383714
WN18RR,unique_synergy_edges,desc,0.005442991329389191,0.2,1211,0.0,0.3289456910112245,0.33407409444944186,0.005128403438217355,0.015590425952843212,0.010147434623454021
WN18RR,num_pos_dep,desc,0.005442991329389191,0.2,1211,0.0,0.3289456910112245,0.33407409444944186,0.005128403438217355,0.015590425952843212,0.010147434623454021
WN18RR,pos_dep_ratio,desc,0.005442991329389191,0.2,1211,0.0,0.3289456910112245,0.33407409444944186,0.005128403438217355,0.015590425952843212,0.010147434623454021
WN18RR,pos_mass,desc,0.005442991329389191,0.2,1211,0.0,0.3289456910112245,0.33407409444944186,0.005128403438217355,0.015590425952843212,0.010147434623454021
WN18RR,syn_rule_ratio,desc,0.005442991329389191,0.2,1211,0.0,0.3289456910112245,0.33407409444944186,0.005128403438217355,0.015590425952843212,0.010147434623454021
WN18RR,synergy_weight_top1_sum,desc,0.005442991329389191,0.2,1211,0.0,0.3289456910112245,0.33407409444944186,0.005128403438217355,0.015590425952843212,0.010147434623454021
WN18RR,synergy_weight_top1_mean,desc,0.005442991329389191,0.2,1211,0.0,0.3289456910112245,0.33407409444944186,0.005128403438217355,0.015590425952843212,0.010147434623454021
WN18RR,synergy_weight_top3_sum,desc,0.005442991329389191,0.2,1211,0.0,0.3289456910112245,0.33407409444944186,0.005128403438217355,0.015590425952843212,0.010147434623454021
WN18RR,synergy_weight_top3_mean,desc,0.005442991329389191,0.2,1211,0.0,0.3289456910112245,0.33407409444944186,0.005128403438217355,0.015590425952843212,0.010147434623454021
WN18RR,synergy_weight_top5_sum,desc,0.005442991329389191,0.2,1211,0.0,0.3289456910112245,0.33407409444944186,0.005128403438217355,0.015590425952843212,0.010147434623454021
WN18RR,synergy_weight_top5_mean,desc,0.005442991329389191,0.2,1211,0.0,0.3289456910112245,0.33407409444944186,0.005128403438217355,0.015590425952843212,0.010147434623454021
WN18RR,synergy_weight_top10_sum,desc,0.005442991329389191,0.2,1211,0.0,0.3289456910112245,0.33407409444944186,0.005128403438217355,0.015590425952843212,0.010147434623454021
WN18RR,synergy_weight_top10_mean,desc,0.005442991329389191,0.2,1211,0.0,0.3289456910112245,0.33407409444944186,0.005128403438217355,0.015590425952843212,0.010147434623454021
WN18RR,synergy_weight_max,desc,0.005442991329389191,0.2,1211,0.0,0.3289456910112245,0.33407409444944186,0.005128403438217355,0.015590425952843212,0.010147434623454021
WN18RR,synergy_weight_mean,desc,0.005442991329389191,0.2,1211,0.0,0.3289456910112245,0.33407409444944186,0.005128403438217355,0.015590425952843212,0.010147434623454021
WN18RR,topk_synergy,desc,0.005442991329389191,0.2,1211,0.0,0.3289456910112245,0.33407409444944186,0.005128403438217355,0.015590425952843212,0.010147434623454021
WN18RR,topk_synergy_sum,desc,0.005442991329389191,0.2,1211,0.0,0.3289456910112245,0.33407409444944186,0.005128403438217355,0.015590425952843212,0.010147434623454021
WN18RR,abs_dep_mass,desc,0.005442991329389191,0.2,1211,0.0,0.3304224729575134,0.3355664103365209,0.005143937379007479,0.015567758854189373,0.010124767524800182
WN18RR,dep_rule_ratio,desc,0.005442991329389191,0.2,1211,0.0,0.3304224729575134,0.3355664103365209,0.005143937379007479,0.015567758854189373,0.010124767524800182
WN18RR,num_dependency_edges,desc,0.005442991329389191,0.2,1211,0.0,0.33163845480023174,0.3367686104298009,0.005130155629569144,0.015469121735775193,0.010026130406386002
WN18RR,num_dependencies,desc,0.005442991329389191,0.2,1211,0.0,0.33163845480023174,0.3367686104298009,0.005130155629569144,0.015469121735775193,0.010026130406386002
WN18RR,dep_density,desc,0.005442991329389191,0.2,1211,0.0,0.33163845480023174,0.3367686104298009,0.005130155629569144,0.015469121735775193,0.010026130406386002
WN18RR,query_num_edges,desc,0.005442991329389191,0.2,1211,0.0,0.33163845480023174,0.3367686104298009,0.005130155629569144,0.015469121735775193,0.010026130406386002
WN18RR,candidate_dep_coverage,desc,0.005442991329389191,0.2,1211,0.0,0.33163845480023174,0.3367686104298009,0.005130155629569144,0.015469121735775193,0.010026130406386002
WN18RR,dep_candidate_ratio,desc,0.005442991329389191,0.2,1211,0.0,0.33163845480023174,0.3367686104298009,0.005130155629569144,0.015469121735775193,0.010026130406386002
WN18RR,combo_dependency_activity,desc,0.005442991329389191,0.2,1211,0.45401112212311423,0.33163845480023174,0.3367686104298009,0.005130155629569144,0.015469121735775193,0.010026130406386002
WN18RR,combo_candidate_complexity,asc,0.005442991329389191,0.2,1211,0.3350952538266711,0.2719562444763102,0.27591461597786454,0.003958371501554314,0.014555177834495892,0.0091121865051067
WN18RR,rule_mass,asc,0.005442991329389191,0.2,1211,3.899600260099197,0.28530403849031766,0.2891753533239757,0.003871314833658046,0.013569085296314176,0.008126093966924985
WN18RR,unique_redundancy_edges,desc,0.005442991329389191,0.37,2240,0.0,0.17740209172708676,0.17973410574899626,0.0023320140219094954,0.013145358091363635,0.007702366761974444
WN18RR,num_neg_dep,desc,0.005442991329389191,0.37,2240,0.0,0.17740209172708676,0.17973410574899626,0.0023320140219094954,0.013145358091363635,0.007702366761974444
WN18RR,neg_dep_ratio,desc,0.005442991329389191,0.37,2240,0.0,0.17740209172708676,0.17973410574899626,0.0023320140219094954,0.013145358091363635,0.007702366761974444
WN18RR,neg_mass,desc,0.005442991329389191,0.37,2240,0.0,0.17740209172708676,0.17973410574899626,0.0023320140219094954,0.013145358091363635,0.007702366761974444
WN18RR,red_rule_ratio,desc,0.005442991329389191,0.37,2240,0.0,0.17740209172708676,0.17973410574899626,0.0023320140219094954,0.013145358091363635,0.007702366761974444
WN18RR,redundancy_weight_top1_sum,desc,0.005442991329389191,0.37,2240,0.0,0.17740209172708676,0.17973410574899626,0.0023320140219094954,0.013145358091363635,0.007702366761974444
WN18RR,redundancy_weight_top1_mean,desc,0.005442991329389191,0.37,2240,0.0,0.17740209172708676,0.17973410574899626,0.0023320140219094954,0.013145358091363635,0.007702366761974444
WN18RR,redundancy_weight_top3_sum,desc,0.005442991329389191,0.37,2240,0.0,0.17740209172708676,0.17973410574899626,0.0023320140219094954,0.013145358091363635,0.007702366761974444
WN18RR,redundancy_weight_top3_mean,desc,0.005442991329389191,0.37,2240,0.0,0.17740209172708676,0.17973410574899626,0.0023320140219094954,0.013145358091363635,0.007702366761974444
WN18RR,redundancy_weight_top5_sum,desc,0.005442991329389191,0.37,2240,0.0,0.17740209172708676,0.17973410574899626,0.0023320140219094954,0.013145358091363635,0.007702366761974444
WN18RR,redundancy_weight_top5_mean,desc,0.005442991329389191,0.37,2240,0.0,0.17740209172708676,0.17973410574899626,0.0023320140219094954,0.013145358091363635,0.007702366761974444
WN18RR,redundancy_weight_top10_sum,desc,0.005442991329389191,0.37,2240,0.0,0.17740209172708676,0.17973410574899626,0.0023320140219094954,0.013145358091363635,0.007702366761974444
WN18RR,redundancy_weight_top10_mean,desc,0.005442991329389191,0.37,2240,0.0,0.17740209172708676,0.17973410574899626,0.0023320140219094954,0.013145358091363635,0.007702366761974444
WN18RR,redundancy_weight_max,desc,0.005442991329389191,0.37,2240,0.0,0.17740209172708676,0.17973410574899626,0.0023320140219094954,0.013145358091363635,0.007702366761974444
WN18RR,redundancy_weight_mean,desc,0.005442991329389191,0.37,2240,0.0,0.17740209172708676,0.17973410574899626,0.0023320140219094954,0.013145358091363635,0.007702366761974444
WN18RR,topk_redundancy,desc,0.005442991329389191,0.37,2240,0.0,0.17740209172708676,0.17973410574899626,0.0023320140219094954,0.013145358091363635,0.007702366761974444
WN18RR,num_candidate_rule_edges,asc,0.005442991329389191,0.2,1211,289.0,0.37219180441143235,0.376503336620713,0.004311532209280655,0.011584167513034593,0.006141176183645403
WN18RR,avg_rules_per_candidate,asc,0.005442991329389191,0.2,1211,2.9,0.37497607754100765,0.3792797645786309,0.004303687037623238,0.011477230936559168,0.006034239607169978
WN18RR,num_candidates,desc,0.005442991329389191,0.2,1211,100.0,0.28009504357535314,0.2828068868375919,0.002711843262238778,0.009681868081715006,0.004238876752325815
WN18RR,rule_weight_mean,desc,0.005442991329389191,0.2,1211,0.04324469246443971,0.4979810540023908,0.5024456074978689,0.004464553495478141,0.00896530793610606,0.0035223166067168687
WN18RR,net_dep_mass,asc,0.005442991329389191,0.35,2119,0.0,0.16706897509036078,0.1682925815025252,0.0012236064121644297,0.007323959529305979,0.0018809681999167882
WN18RR,num_dependency_edges,asc,0.005442991329389191,0.38,2301,0.0,0.1683207484585825,0.1695322203142229,0.0012114718556404114,0.0071974005981712,0.001754409268782009
WN18RR,num_dependencies,asc,0.005442991329389191,0.38,2301,0.0,0.1683207484585825,0.1695322203142229,0.0012114718556404114,0.0071974005981712,0.001754409268782009
WN18RR,dep_density,asc,0.005442991329389191,0.38,2301,0.0,0.1683207484585825,0.1695322203142229,0.0012114718556404114,0.0071974005981712,0.001754409268782009
WN18RR,query_num_edges,asc,0.005442991329389191,0.38,2301,0.0,0.1683207484585825,0.1695322203142229,0.0012114718556404114,0.0071974005981712,0.001754409268782009
WN18RR,candidate_rule_coverage,desc,0.005442991329389191,0.38,2301,1.0,0.1683207484585825,0.1695322203142229,0.0012114718556404114,0.0071974005981712,0.001754409268782009
WN18RR,candidate_rule_coverage,asc,0.005442991329389191,0.38,2301,1.0,0.1683207484585825,0.1695322203142229,0.0012114718556404114,0.0071974005981712,0.001754409268782009
WN18RR,candidate_dep_coverage,asc,0.005442991329389191,0.38,2301,0.0,0.1683207484585825,0.1695322203142229,0.0012114718556404114,0.0071974005981712,0.001754409268782009
WN18RR,dep_candidate_ratio,asc,0.005442991329389191,0.38,2301,0.0,0.1683207484585825,0.1695322203142229,0.0012114718556404114,0.0071974005981712,0.001754409268782009
WN18RR,sum_positive_dep,asc,0.005442991329389191,0.38,2301,0.0,0.1683207484585825,0.1695322203142229,0.0012114718556404114,0.0071974005981712,0.001754409268782009
WN18RR,sum_negative_dep,asc,0.005442991329389191,0.38,2301,0.0,0.1683207484585825,0.1695322203142229,0.0012114718556404114,0.0071974005981712,0.001754409268782009
WN18RR,avg_positive_dep,asc,0.005442991329389191,0.38,2301,0.0,0.1683207484585825,0.1695322203142229,0.0012114718556404114,0.0071974005981712,0.001754409268782009
WN18RR,avg_negative_dep,asc,0.005442991329389191,0.38,2301,0.0,0.1683207484585825,0.1695322203142229,0.0012114718556404114,0.0071974005981712,0.001754409268782009
WN18RR,max_positive_dep,asc,0.005442991329389191,0.38,2301,0.0,0.1683207484585825,0.1695322203142229,0.0012114718556404114,0.0071974005981712,0.001754409268782009
WN18RR,max_negative_dep,asc,0.005442991329389191,0.38,2301,0.0,0.1683207484585825,0.1695322203142229,0.0012114718556404114,0.0071974005981712,0.001754409268782009
WN18RR,max_candidate_dep_score,asc,0.005442991329389191,0.38,2301,0.0,0.1683207484585825,0.1695322203142229,0.0012114718556404114,0.0071974005981712,0.001754409268782009
WN18RR,unique_synergy_edges,asc,0.005442991329389191,0.38,2301,0.0,0.1683207484585825,0.1695322203142229,0.0012114718556404114,0.0071974005981712,0.001754409268782009
WN18RR,unique_redundancy_edges,asc,0.005442991329389191,0.38,2301,0.0,0.1683207484585825,0.1695322203142229,0.0012114718556404114,0.0071974005981712,0.001754409268782009
WN18RR,num_pos_dep,asc,0.005442991329389191,0.38,2301,0.0,0.1683207484585825,0.1695322203142229,0.0012114718556404114,0.0071974005981712,0.001754409268782009
WN18RR,num_neg_dep,asc,0.005442991329389191,0.38,2301,0.0,0.1683207484585825,0.1695322203142229,0.0012114718556404114,0.0071974005981712,0.001754409268782009
WN18RR,pos_dep_ratio,asc,0.005442991329389191,0.38,2301,0.0,0.1683207484585825,0.1695322203142229,0.0012114718556404114,0.0071974005981712,0.001754409268782009
WN18RR,neg_dep_ratio,asc,0.005442991329389191,0.38,2301,0.0,0.1683207484585825,0.1695322203142229,0.0012114718556404114,0.0071974005981712,0.001754409268782009
WN18RR,pos_mass,asc,0.005442991329389191,0.38,2301,0.0,0.1683207484585825,0.1695322203142229,0.0012114718556404114,0.0071974005981712,0.001754409268782009
WN18RR,neg_mass,asc,0.005442991329389191,0.38,2301,0.0,0.1683207484585825,0.1695322203142229,0.0012114718556404114,0.0071974005981712,0.001754409268782009
WN18RR,abs_dep_mass,asc,0.005442991329389191,0.38,2301,0.0,0.1683207484585825,0.1695322203142229,0.0012114718556404114,0.0071974005981712,0.001754409268782009
WN18RR,dep_rule_ratio,asc,0.005442991329389191,0.38,2301,0.0,0.1683207484585825,0.1695322203142229,0.0012114718556404114,0.0071974005981712,0.001754409268782009
WN18RR,syn_rule_ratio,asc,0.005442991329389191,0.38,2301,0.0,0.1683207484585825,0.1695322203142229,0.0012114718556404114,0.0071974005981712,0.001754409268782009
WN18RR,red_rule_ratio,asc,0.005442991329389191,0.38,2301,0.0,0.1683207484585825,0.1695322203142229,0.0012114718556404114,0.0071974005981712,0.001754409268782009
WN18RR,synergy_weight_top1_sum,asc,0.005442991329389191,0.38,2301,0.0,0.1683207484585825,0.1695322203142229,0.0012114718556404114,0.0071974005981712,0.001754409268782009
WN18RR,synergy_weight_top1_mean,asc,0.005442991329389191,0.38,2301,0.0,0.1683207484585825,0.1695322203142229,0.0012114718556404114,0.0071974005981712,0.001754409268782009
WN18RR,synergy_weight_top3_sum,asc,0.005442991329389191,0.38,2301,0.0,0.1683207484585825,0.1695322203142229,0.0012114718556404114,0.0071974005981712,0.001754409268782009
WN18RR,synergy_weight_top3_mean,asc,0.005442991329389191,0.38,2301,0.0,0.1683207484585825,0.1695322203142229,0.0012114718556404114,0.0071974005981712,0.001754409268782009
WN18RR,synergy_weight_top5_sum,asc,0.005442991329389191,0.38,2301,0.0,0.1683207484585825,0.1695322203142229,0.0012114718556404114,0.0071974005981712,0.001754409268782009
WN18RR,synergy_weight_top5_mean,asc,0.005442991329389191,0.38,2301,0.0,0.1683207484585825,0.1695322203142229,0.0012114718556404114,0.0071974005981712,0.001754409268782009
WN18RR,synergy_weight_top10_sum,asc,0.005442991329389191,0.38,2301,0.0,0.1683207484585825,0.1695322203142229,0.0012114718556404114,0.0071974005981712,0.001754409268782009
WN18RR,synergy_weight_top10_mean,asc,0.005442991329389191,0.38,2301,0.0,0.1683207484585825,0.1695322203142229,0.0012114718556404114,0.0071974005981712,0.001754409268782009
WN18RR,synergy_weight_max,asc,0.005442991329389191,0.38,2301,0.0,0.1683207484585825,0.1695322203142229,0.0012114718556404114,0.0071974005981712,0.001754409268782009
WN18RR,synergy_weight_mean,asc,0.005442991329389191,0.38,2301,0.0,0.1683207484585825,0.1695322203142229,0.0012114718556404114,0.0071974005981712,0.001754409268782009
WN18RR,redundancy_weight_top1_sum,asc,0.005442991329389191,0.38,2301,0.0,0.1683207484585825,0.1695322203142229,0.0012114718556404114,0.0071974005981712,0.001754409268782009
WN18RR,redundancy_weight_top1_mean,asc,0.005442991329389191,0.38,2301,0.0,0.1683207484585825,0.1695322203142229,0.0012114718556404114,0.0071974005981712,0.001754409268782009
WN18RR,redundancy_weight_top3_sum,asc,0.005442991329389191,0.38,2301,0.0,0.1683207484585825,0.1695322203142229,0.0012114718556404114,0.0071974005981712,0.001754409268782009
WN18RR,redundancy_weight_top3_mean,asc,0.005442991329389191,0.38,2301,0.0,0.1683207484585825,0.1695322203142229,0.0012114718556404114,0.0071974005981712,0.001754409268782009
WN18RR,redundancy_weight_top5_sum,asc,0.005442991329389191,0.38,2301,0.0,0.1683207484585825,0.1695322203142229,0.0012114718556404114,0.0071974005981712,0.001754409268782009
WN18RR,redundancy_weight_top5_mean,asc,0.005442991329389191,0.38,2301,0.0,0.1683207484585825,0.1695322203142229,0.0012114718556404114,0.0071974005981712,0.001754409268782009
WN18RR,redundancy_weight_top10_sum,asc,0.005442991329389191,0.38,2301,0.0,0.1683207484585825,0.1695322203142229,0.0012114718556404114,0.0071974005981712,0.001754409268782009
WN18RR,redundancy_weight_top10_mean,asc,0.005442991329389191,0.38,2301,0.0,0.1683207484585825,0.1695322203142229,0.0012114718556404114,0.0071974005981712,0.001754409268782009
WN18RR,redundancy_weight_max,asc,0.005442991329389191,0.38,2301,0.0,0.1683207484585825,0.1695322203142229,0.0012114718556404114,0.0071974005981712,0.001754409268782009
WN18RR,redundancy_weight_mean,asc,0.005442991329389191,0.38,2301,0.0,0.1683207484585825,0.1695322203142229,0.0012114718556404114,0.0071974005981712,0.001754409268782009
WN18RR,topk_synergy,asc,0.005442991329389191,0.38,2301,0.0,0.1683207484585825,0.1695322203142229,0.0012114718556404114,0.0071974005981712,0.001754409268782009
WN18RR,topk_synergy_sum,asc,0.005442991329389191,0.38,2301,0.0,0.1683207484585825,0.1695322203142229,0.0012114718556404114,0.0071974005981712,0.001754409268782009
WN18RR,topk_redundancy,asc,0.005442991329389191,0.38,2301,0.0,0.1683207484585825,0.1695322203142229,0.0012114718556404114,0.0071974005981712,0.001754409268782009
WN18RR,combo_dependency_activity,asc,0.005442991329389191,0.38,2301,0.45401112212311423,0.1683207484585825,0.1695322203142229,0.0012114718556404114,0.0071974005981712,0.001754409268782009
WN18RR,num_candidates,asc,0.005442991329389191,0.36,2180,100.0,0.1932357985612252,0.19462602559982356,0.0013902270385983684,0.007194459044077561,0.0017514677146883706
WN18RR,rule_mass,desc,0.005442991329389191,0.2,1211,30.086974201911566,0.5678587412824122,0.5715188637806101,0.0036601224981979152,0.006445480595987929,0.0010024892665987384
WN18RR,avg_candidate_dep_score,asc,0.005442991329389191,0.42,2543,0.0,0.18433484466701383,0.18551698197829913,0.0011821373112853029,0.006412988892147586,0.0009699975627583957
WN18RR,combo_dep_activity_x_uncertainty,asc,0.005442991329389191,0.99,5994,0.6074326673490689,0.5045521984807992,0.5074059404723813,0.0028537419915820594,0.005655989608557066,0.00021299827916787528
WN18RR,num_candidate_rule_edges,desc,0.005442991329389191,1.0,6055,1.0,0.5006412996246391,0.5033662858776301,0.002724986252991002,0.005442991329389191,0.0
WN18RR,num_rule_nodes,desc,0.005442991329389191,1.0,6055,1.0,0.5006412996246391,0.5033662858776301,0.002724986252991002,0.005442991329389191,0.0
WN18RR,num_rules,desc,0.005442991329389191,1.0,6055,1.0,0.5006412996246391,0.5033662858776301,0.002724986252991002,0.005442991329389191,0.0
WN18RR,query_num_nodes,desc,0.005442991329389191,1.0,6055,1.0,0.5006412996246391,0.5033662858776301,0.002724986252991002,0.005442991329389191,0.0
WN18RR,avg_rules_per_candidate,desc,0.005442991329389191,1.0,6055,1.0,0.5006412996246391,0.5033662858776301,0.002724986252991002,0.005442991329389191,0.0
WN18RR,max_rules_per_candidate,desc,0.005442991329389191,1.0,6055,1.0,0.5006412996246391,0.5033662858776301,0.002724986252991002,0.005442991329389191,0.0
WN18RR,avg_stage1_score,desc,0.005442991329389191,1.0,6055,1.4263771932635323e-05,0.5006412996246391,0.5033662858776301,0.002724986252991002,0.005442991329389191,0.0
WN18RR,max_stage1_score,desc,0.005442991329389191,1.0,6055,1.447870788975093e-05,0.5006412996246391,0.5033662858776301,0.002724986252991002,0.005442991329389191,0.0
WN18RR,stage1_top_margin,desc,0.005442991329389191,1.0,6055,0.0,0.5006412996246391,0.5033662858776301,0.002724986252991002,0.005442991329389191,0.0
WN18RR,s1_top1,desc,0.005442991329389191,1.0,6055,1.447870788975093e-05,0.5006412996246391,0.5033662858776301,0.002724986252991002,0.005442991329389191,0.0
WN18RR,s1_margin,desc,0.005442991329389191,1.0,6055,0.0,0.5006412996246391,0.5033662858776301,0.002724986252991002,0.005442991329389191,0.0
WN18RR,s1_norm_margin,desc,0.005442991329389191,1.0,6055,0.0,0.5006412996246391,0.5033662858776301,0.002724986252991002,0.005442991329389191,0.0
WN18RR,s1_entropy,asc,0.005442991329389191,1.0,6055,4.672227771300669,0.5006412996246391,0.5033662858776301,0.002724986252991002,0.005442991329389191,0.0
WN18RR,effective_candidates,asc,0.005442991329389191,1.0,6055,106.93570556619112,0.5006412996246391,0.5033662858776301,0.002724986252991002,0.005442991329389191,0.0
WN18RR,avg_stage2_score,desc,0.005442991329389191,1.0,6055,1.4263771932635323e-05,0.5006412996246391,0.5033662858776301,0.002724986252991002,0.005442991329389191,0.0
WN18RR,max_stage2_score,desc,0.005442991329389191,1.0,6055,1.447870788975093e-05,0.5006412996246391,0.5033662858776301,0.002724986252991002,0.005442991329389191,0.0
WN18RR,stage2_top_margin,desc,0.005442991329389191,1.0,6055,0.0,0.5006412996246391,0.5033662858776301,0.002724986252991002,0.005442991329389191,0.0
WN18RR,top1_rule_weight,desc,0.005442991329389191,1.0,6055,0.0009980040748513116,0.5006412996246391,0.5033662858776301,0.002724986252991002,0.005442991329389191,0.0
WN18RR,topk_rule_weight,desc,0.005442991329389191,1.0,6055,0.0009980040748513116,0.5006412996246391,0.5033662858776301,0.002724986252991002,0.005442991329389191,0.0
WN18RR,rule_dominance_ratio,desc,0.005442991329389191,1.0,6055,0.001514743076581095,0.5006412996246391,0.5033662858776301,0.002724986252991002,0.005442991329389191,0.0
WN18RR,weak_rule_score,asc,0.005442991329389191,1.0,6055,0.9990019959251487,0.5006412996246391,0.5033662858776301,0.002724986252991002,0.005442991329389191,0.0
WN18RR,rule_weight_top1_sum,desc,0.005442991329389191,1.0,6055,0.0009980040748513116,0.5006412996246391,0.5033662858776301,0.002724986252991002,0.005442991329389191,0.0
WN18RR,rule_weight_top1_mean,desc,0.005442991329389191,1.0,6055,0.0009980040748513116,0.5006412996246391,0.5033662858776301,0.002724986252991002,0.005442991329389191,0.0
WN18RR,rule_weight_top3_sum,desc,0.005442991329389191,1.0,6055,0.0009980040748513116,0.5006412996246391,0.5033662858776301,0.002724986252991002,0.005442991329389191,0.0
WN18RR,rule_weight_top3_mean,desc,0.005442991329389191,1.0,6055,0.0009980040748513116,0.5006412996246391,0.5033662858776301,0.002724986252991002,0.005442991329389191,0.0
WN18RR,rule_weight_top5_sum,desc,0.005442991329389191,1.0,6055,0.0009980040748513116,0.5006412996246391,0.5033662858776301,0.002724986252991002,0.005442991329389191,0.0
WN18RR,rule_weight_top5_mean,desc,0.005442991329389191,1.0,6055,0.0009980040748513116,0.5006412996246391,0.5033662858776301,0.002724986252991002,0.005442991329389191,0.0
WN18RR,rule_weight_top10_sum,desc,0.005442991329389191,1.0,6055,0.0009980040748513116,0.5006412996246391,0.5033662858776301,0.002724986252991002,0.005442991329389191,0.0
WN18RR,rule_weight_top10_mean,desc,0.005442991329389191,1.0,6055,0.0009980040748513116,0.5006412996246391,0.5033662858776301,0.002724986252991002,0.005442991329389191,0.0
WN18RR,rule_weight_max,desc,0.005442991329389191,1.0,6055,0.0009980040748513116,0.5006412996246391,0.5033662858776301,0.002724986252991002,0.005442991329389191,0.0
WN18RR,combo_candidate_complexity,desc,0.005442991329389191,1.0,6055,0.0025327607091729988,0.5006412996246391,0.5033662858776301,0.002724986252991002,0.005442991329389191,0.0
WN18RR,combo_stage1_uncertainty,asc,0.005442991329389191,1.0,6055,0.9682854311199207,0.5006412996246391,0.5033662858776301,0.002724986252991002,0.005442991329389191,0.0
WN18RR,combo_low_rule_confidence,asc,0.005442991329389191,1.0,6055,0.9989263296993723,0.5006412996246391,0.5033662858776301,0.002724986252991002,0.005442991329389191,0.0
WN18RR,combo_complex_dep_low_conf,asc,0.005442991329389191,1.0,6055,0.7925522152479536,0.5006412996246391,0.5033662858776301,0.002724986252991002,0.005442991329389191,0.0
YAGO3-10,max_stage2_score,asc,0.03378982014936427,0.21,2095,0.13500334207822928,0.2087079774541188,0.2285016066835796,0.01979362922946082,0.09483887233688582,0.061049052187521546
YAGO3-10,rule_dominance_ratio,asc,0.03378982014936427,0.21,2095,0.007866612508424868,0.2021500679660202,0.22012651512851897,0.01797644716249877,0.08892624842213981,0.05513642827277554
YAGO3-10,combo_stage1_uncertainty,desc,0.03378982014936427,0.22,2194,0.6931271305394024,0.2151545595596768,0.23217382798526806,0.01701926842559126,0.07910252267217555,0.04531270252281128
YAGO3-10,max_stage1_score,asc,0.03378982014936427,0.25,2494,0.23769959201366994,0.24643963889497283,0.26536993576557577,0.018930296870602936,0.07681514611645168,0.04302532596708741
YAGO3-10,s1_top1,asc,0.03378982014936427,0.25,2494,0.23769959201366994,0.24643963889497283,0.26536993576557577,0.018930296870602936,0.07681514611645168,0.04302532596708741
YAGO3-10,combo_complex_dep_low_conf,desc,0.03378982014936427,0.21,2095,0.5888142503843327,0.44508069308316556,0.4790054329343637,0.03392473985119815,0.07622154898743072,0.04243172883806645
YAGO3-10,stage2_top_margin,asc,0.03378982014936427,0.21,2095,0.004062316399492581,0.2794155865049004,0.299992393761838,0.020576807256937613,0.07364230290201346,0.03985248275264919
YAGO3-10,combo_dep_activity_x_uncertainty,desc,0.03378982014936427,0.22,2194,0.3254603939362053,0.489631654863857,0.5227379946366362,0.03310633977277916,0.06761478642957508,0.03382496628021081
YAGO3-10,s1_entropy,desc,0.03378982014936427,0.35,3491,4.604749587311873,0.31257571827681835,0.33332522780946583,0.02074950953264748,0.06638234616251171,0.03259252601314744
YAGO3-10,effective_candidates,desc,0.03378982014936427,0.35,3491,99.95794897630051,0.31257571827681835,0.33332522780946583,0.02074950953264748,0.06638234616251171,0.03259252601314744
YAGO3-10,num_dependency_edges,desc,0.03378982014936427,0.2,1995,137.0,0.43457224961890867,0.46294807416658507,0.028375824547676398,0.06529598834845096,0.03150616819908669
YAGO3-10,num_dependencies,desc,0.03378982014936427,0.2,1995,137.0,0.43457224961890867,0.46294807416658507,0.028375824547676398,0.06529598834845096,0.03150616819908669
YAGO3-10,query_num_edges,desc,0.03378982014936427,0.2,1995,137.0,0.43457224961890867,0.46294807416658507,0.028375824547676398,0.06529598834845096,0.03150616819908669
YAGO3-10,combo_candidate_complexity,desc,0.03378982014936427,0.2,1995,0.7092774547155939,0.37457679461224963,0.39901856037745875,0.024441765765209122,0.06525168167587769,0.031461861526513424
YAGO3-10,top1_rule_weight,asc,0.03378982014936427,0.23,2294,0.6466271649250525,0.19605308367481716,0.20875251553231722,0.012699431857500054,0.06477547621012647,0.0309856560607622
YAGO3-10,weak_rule_score,desc,0.03378982014936427,0.23,2294,0.35337283507494754,0.19605308367481716,0.20875251553231722,0.012699431857500054,0.06477547621012647,0.0309856560607622
YAGO3-10,rule_weight_top1_sum,asc,0.03378982014936427,0.23,2294,0.6466271649250525,0.19605308367481716,0.20875251553231722,0.012699431857500054,0.06477547621012647,0.0309856560607622
YAGO3-10,rule_weight_top1_mean,asc,0.03378982014936427,0.23,2294,0.6466271649250525,0.19605308367481716,0.20875251553231722,0.012699431857500054,0.06477547621012647,0.0309856560607622
YAGO3-10,rule_weight_max,asc,0.03378982014936427,0.23,2294,0.6466271649250525,0.19605308367481716,0.20875251553231722,0.012699431857500054,0.06477547621012647,0.0309856560607622
YAGO3-10,combo_low_rule_confidence,desc,0.03378982014936427,0.23,2294,0.7702526569079606,0.19605308367481716,0.20875251553231722,0.012699431857500054,0.06477547621012647,0.0309856560607622
YAGO3-10,rule_mass,desc,0.03378982014936427,0.2,1995,198.57046070860454,0.3548353985555722,0.37768185752096256,0.022846458965390337,0.06438607607468527,0.030596255925321003
YAGO3-10,neg_mass,desc,0.03378982014936427,0.2,1995,12.49454,0.4032521199967495,0.4277889429106799,0.024536822913930445,0.060847350075005746,0.027057529925641477
YAGO3-10,stage1_top_margin,asc,0.03378982014936427,0.36,3591,0.025683674590215033,0.2737103942345541,0.2898764078532073,0.016166013618653163,0.05906247610311732,0.025272655953753054
YAGO3-10,s1_margin,asc,0.03378982014936427,0.36,3591,0.025683674590215033,0.2737103942345541,0.2898764078532073,0.016166013618653163,0.05906247610311732,0.025272655953753054
YAGO3-10,topk_rule_weight,asc,0.03378982014936427,0.26,2594,0.6619799503298236,0.23260069429002503,0.246292104406905,0.013691410116879965,0.05886229255966202,0.025072472410297753
YAGO3-10,rule_weight_top3_mean,asc,0.03378982014936427,0.26,2594,0.6619799503298236,0.23260069429002503,0.246292104406905,0.013691410116879965,0.05886229255966202,0.025072472410297753
YAGO3-10,rule_weight_top3_sum,asc,0.03378982014936427,0.26,2594,1.984272297134376,0.23260069429002503,0.24628864590900404,0.01368795161897901,0.05884742373946561,0.02505760359010134
YAGO3-10,unique_synergy_edges,desc,0.03378982014936427,0.2,1995,82.0,0.5420405026088555,0.5736729864157728,0.0316324838069173,0.05835815525716126,0.02456833510779699
YAGO3-10,num_pos_dep,desc,0.03378982014936427,0.2,1995,82.0,0.5420405026088555,0.5736729864157728,0.0316324838069173,0.05835815525716126,0.02456833510779699
YAGO3-10,num_candidates,desc,0.03378982014936427,0.2,1995,100.0,0.4196665202772512,0.4437950233248734,0.024128503047622207,0.05749446734917485,0.02370464719981058
YAGO3-10,max_rules_per_candidate,desc,0.03378982014936427,0.2,1995,41.0,0.3925737408136305,0.41511550861496865,0.022541767801338153,0.05742046769256426,0.02363064754319999
YAGO3-10,combo_dependency_activity,desc,0.03378982014936427,0.2,1995,0.7532417619143106,0.5683678278744256,0.6009874140756022,0.032619586201176554,0.0573916829936818,0.023601862844317534
YAGO3-10,rule_weight_top5_mean,asc,0.03378982014936427,0.24,2394,0.5172565140962812,0.24136756808046947,0.2547535195774212,0.013385951496951737,0.05545878265007409,0.02166896250070982
YAGO3-10,rule_weight_top5_sum,asc,0.03378982014936427,0.24,2394,2.58383846059767,0.24177895007079883,0.2551789567209319,0.01340000665013305,0.05542255289887388,0.02163273274950961
YAGO3-10,unique_redundancy_edges,desc,0.03378982014936427,0.21,2095,45.0,0.4681133228645166,0.4937236681340568,0.025610345269540202,0.05470971241071143,0.02091989226134716
YAGO3-10,num_neg_dep,desc,0.03378982014936427,0.21,2095,45.0,0.4681133228645166,0.4937236681340568,0.025610345269540202,0.05470971241071143,0.02091989226134716
YAGO3-10,redundancy_weight_top10_sum,desc,0.03378982014936427,0.2,1995,5.82132,0.5021752471813091,0.5295650495395923,0.027389802358283144,0.05454231866668269,0.02075249851731842
YAGO3-10,s1_norm_margin,asc,0.03378982014936427,0.34,3392,0.09994570034827557,0.3374218184131011,0.35511833081163957,0.017696512398538478,0.05244625994183005,0.018656439792465784
YAGO3-10,max_negative_dep,desc,0.03378982014936427,0.28,2793,24.0,0.4920802672724608,0.5177060775427947,0.02562581027033395,0.05207648421338784,0.018286664064023572
YAGO3-10,num_candidate_rule_edges,desc,0.03378982014936427,0.3,2992,1999.0,0.5288656253748322,0.5555471668000267,0.02668154142519452,0.050450511708497014,0.016660691559132745
YAGO3-10,synergy_weight_top10_sum,desc,0.03378982014936427,0.2,1995,28.9238,0.7893972732783019,0.8290907903769121,0.03969351709861024,0.05028332177252959,0.01649350162316532
YAGO3-10,synergy_weight_top10_mean,desc,0.03378982014936427,0.2,1995,2.89238,0.7893972732783019,0.8290907903769121,0.03969351709861024,0.05028332177252959,0.01649350162316532
YAGO3-10,red_rule_ratio,desc,0.03378982014936427,0.2,1995,0.08071160276782993,0.4966829752870507,0.5216281553125298,0.02494518002547913,0.050223545534377134,0.016433725385012865
YAGO3-10,redundancy_weight_top10_mean,desc,0.03378982014936427,0.22,2194,0.582678,0.5464996998202248,0.5737613502573208,0.02726165043709594,0.04988410871234494,0.016094288562980674
YAGO3-10,avg_stage1_score,desc,0.03378982014936427,0.24,2394,0.1167863770253157,0.4017526459795856,0.4215988080983814,0.019846162118795807,0.04939895808378636,0.01560913793442209
YAGO3-10,synergy_weight_top3_sum,desc,0.03378982014936427,0.21,2095,8.81418,0.7812614569406287,0.8197621866282665,0.03850072968763785,0.04928021131159377,0.0154903911622295
YAGO3-10,synergy_weight_top3_mean,desc,0.03378982014936427,0.21,2095,2.93806,0.7812614569406287,0.8197621866282665,0.03850072968763785,0.04928021131159377,0.0154903911622295
YAGO3-10,topk_synergy,desc,0.03378982014936427,0.21,2095,2.93806,0.7812614569406287,0.8197621866282665,0.03850072968763785,0.04928021131159377,0.0154903911622295
YAGO3-10,topk_synergy_sum,desc,0.03378982014936427,0.21,2095,8.81418,0.7812614569406287,0.8197621866282665,0.03850072968763785,0.04928021131159377,0.0154903911622295
YAGO3-10,synergy_weight_top1_sum,desc,0.03378982014936427,0.2,1995,2.95534,0.758577741997757,0.7959565428288846,0.037378800831127657,0.04927484522903147,0.015485025079667203
YAGO3-10,synergy_weight_top1_mean,desc,0.03378982014936427,0.2,1995,2.95534,0.758577741997757,0.7959565428288846,0.037378800831127657,0.04927484522903147,0.015485025079667203
YAGO3-10,synergy_weight_max,desc,0.03378982014936427,0.2,1995,2.95534,0.758577741997757,0.7959565428288846,0.037378800831127657,0.04927484522903147,0.015485025079667203
YAGO3-10,abs_dep_mass,desc,0.03378982014936427,0.34,3392,74.5028,0.5949696160556863,0.6242669304234023,0.029297314367715988,0.04924169836090231,0.01545187821153804
YAGO3-10,synergy_weight_top5_sum,desc,0.03378982014936427,0.2,1995,14.60249,0.7856418748582248,0.8241163242231226,0.038474449364897856,0.048971994233175,0.015182174083810729
YAGO3-10,synergy_weight_top5_mean,desc,0.03378982014936427,0.2,1995,2.920498,0.7856418748582248,0.8241163242231226,0.038474449364897856,0.048971994233175,0.015182174083810729
YAGO3-10,avg_negative_dep,desc,0.03378982014936427,0.26,2594,8.96,0.6231405056934309,0.6535138690224167,0.03037336332898577,0.048742399268663084,0.014952579119298814
YAGO3-10,sum_negative_dep,desc,0.03378982014936427,0.26,2594,901.0,0.6180095790628455,0.6480523100779715,0.030042731015126,0.048612079865627766,0.014822259716263497
YAGO3-10,avg_rules_per_candidate,desc,0.03378982014936427,0.3,2992,20.02,0.5314297100427905,0.5572521961863552,0.02582248614356475,0.04859059562455692,0.014800775475192651
YAGO3-10,max_positive_dep,desc,0.03378982014936427,0.24,2394,30.0,0.5250522686476283,0.5503791406574566,0.025326872009828305,0.0482368585418409,0.01444703839247663
YAGO3-10,avg_positive_dep,desc,0.03378982014936427,0.31,3092,8.23,0.6553719961771216,0.6867907962973143,0.031418800120192714,0.04794040682766898,0.01415058667830471
YAGO3-10,sum_positive_dep,desc,0.03378982014936427,0.31,3092,826.0,0.6530214521546909,0.6843003819356027,0.031278929780911846,0.04789877832911116,0.014108958179746889
YAGO3-10,pos_mass,desc,0.03378982014936427,0.2,1995,86.30987,0.6849640005630518,0.71766396072811,0.03269996016505816,0.04773967703146198,0.013949856882097711
YAGO3-10,net_dep_mass,desc,0.03378982014936427,0.21,2095,77.6291,0.7186571399067144,0.7525480814983849,0.0338909415916705,0.04715870713546333,0.01336888698609906
YAGO3-10,avg_stage2_score,asc,0.03378982014936427,0.25,2494,0.0061042753253202605,0.46304111595604175,0.4847755631747785,0.02173444721873674,0.04693848228544795,0.013148662136083678
YAGO3-10,rule_weight_mean,desc,0.03378982014936427,0.27,2693,0.16998624494742354,0.4370118802000546,0.45692215559696475,0.01991027539691015,0.04556003234464856,0.01177021219528429
YAGO3-10,rule_weight_top10_mean,asc,0.03378982014936427,0.29,2893,0.5084760396149424,0.3193977770496303,0.33375873700140307,0.014360959951772778,0.0449626170990578,0.011172796949693531
YAGO3-10,rule_weight_top10_sum,asc,0.03378982014936427,0.29,2893,5.0813448043518,0.320711270001072,0.3350205815370665,0.014309311535994462,0.04461742655924317,0.010827606409878898
YAGO3-10,redundancy_weight_top5_sum,desc,0.03378982014936427,0.26,2594,2.92791,0.595411970137922,0.621886623832607,0.026474653694684935,0.04446442970999098,0.010674609560626713
YAGO3-10,redundancy_weight_mean,desc,0.03378982014936427,0.23,2294,0.41815399999999997,0.5665977265509596,0.5916510737516691,0.025053347200709508,0.04421716859546243,0.010427348446098161
YAGO3-10,redundancy_weight_top5_mean,desc,0.03378982014936427,0.27,2693,0.5855,0.6052023084777524,0.6318238152028662,0.026621506725113875,0.043987781196793696,0.010197961047429427
YAGO3-10,rule_weight_top10_sum,desc,0.03378982014936427,0.2,1995,19.614922688025562,0.5053162101369116,0.527420827365119,0.022104617228207335,0.04374412849771492,0.009954308348350649
YAGO3-10,rule_weight_top10_mean,desc,0.03378982014936427,0.2,1995,1.9614922688025562,0.5053162101369116,0.527420827365119,0.022104617228207335,0.04374412849771492,0.009954308348350649
YAGO3-10,redundancy_weight_top3_sum,desc,0.03378982014936427,0.3,2992,1.75877,0.6178782583412493,0.6440466763725599,0.026168418031310536,0.042352061555883225,0.008562241406518956
YAGO3-10,max_candidate_dep_score,asc,0.03378982014936427,0.2,1995,0.0,0.6369014809156863,0.6637990729055332,0.02689759198984687,0.04223195077388686,0.008442130624522592
YAGO3-10,redundancy_weight_top3_mean,desc,0.03378982014936427,0.31,3092,0.58523,0.6190174180698941,0.6451204346210394,0.02610301655114533,0.042168468590972674,0.008378648441608405
YAGO3-10,topk_redundancy,desc,0.03378982014936427,0.31,3092,0.58523,0.6190174180698941,0.6451204346210394,0.02610301655114533,0.042168468590972674,0.008378648441608405
YAGO3-10,neg_dep_ratio,desc,0.03378982014936427,0.3,2992,0.3548387096774194,0.5389307551933619,0.5614250019687325,0.022494246775370597,0.04173865855419567,0.007948838404831404
YAGO3-10,num_rule_nodes,desc,0.03378982014936427,0.55,5486,139.0,0.6139428734313718,0.6390933299218134,0.025150456490441675,0.04096546694951253,0.007175646800148261
YAGO3-10,num_rules,desc,0.03378982014936427,0.55,5486,139.0,0.6139428734313718,0.6390933299218134,0.025150456490441675,0.04096546694951253,0.007175646800148261
YAGO3-10,query_num_nodes,desc,0.03378982014936427,0.55,5486,139.0,0.6139428734313718,0.6390933299218134,0.025150456490441675,0.04096546694951253,0.007175646800148261
YAGO3-10,dep_rule_ratio,desc,0.03378982014936427,0.2,1995,0.7816153722616711,0.7972240969790636,0.8293996621472854,0.03217556516822184,0.0403594990293763,0.006569678880012031
YAGO3-10,dep_density,desc,0.03378982014936427,0.41,4090,0.006465381959701212,0.48800080430396015,0.5076572382255357,0.01965643392157551,0.04027951132091201,0.00648969117154774
YAGO3-10,syn_rule_ratio,desc,0.03378982014936427,0.2,1995,0.7248153106512499,0.7976256943096492,0.8296594372850513,0.03203374297540207,0.04016137293963107,0.006371552790266799
YAGO3-10,rule_weight_top5_sum,desc,0.03378982014936427,0.2,1995,9.807461344012781,0.5183298353778053,0.5387698294435213,0.02043999406571595,0.03943433827384735,0.005644518124483078
YAGO3-10,rule_weight_top5_mean,desc,0.03378982014936427,0.2,1995,1.9614922688025562,0.5183298353778053,0.5387698294435213,0.02043999406571595,0.03943433827384735,0.005644518124483078
YAGO3-10,avg_candidate_dep_score,asc,0.03378982014936427,0.22,2194,-1.7944221729999998,0.8470879336625028,0.8800785219048968,0.03299058824239398,0.03894588381132347,0.005156063661959198
YAGO3-10,redundancy_weight_top1_sum,desc,0.03378982014936427,0.32,3192,0.58884,0.6363537247794887,0.6611207552311382,0.02476703045164952,0.038920225477161896,0.005130405327797627
YAGO3-10,redundancy_weight_top1_mean,desc,0.03378982014936427,0.32,3192,0.58884,0.6363537247794887,0.6611207552311382,0.02476703045164952,0.038920225477161896,0.005130405327797627
YAGO3-10,redundancy_weight_max,desc,0.03378982014936427,0.32,3192,0.58884,0.6363537247794887,0.6611207552311382,0.02476703045164952,0.038920225477161896,0.005130405327797627
YAGO3-10,synergy_weight_mean,desc,0.03378982014936427,0.43,4289,0.9077298684210526,0.7240082748148999,0.7520194873710361,0.028011212556136145,0.03868907791599141,0.004899257766627141
YAGO3-10,redundancy_weight_top10_mean,asc,0.03378982014936427,0.46,4588,0.119687,0.4511276438160431,0.4685319251635319,0.017404281347488837,0.03857950534857002,0.004789685199205751
YAGO3-10,topk_rule_weight,desc,0.03378982014936427,0.2,1995,2.0259385792478106,0.5339430593122196,0.5544087533650363,0.02046569405281662,0.03832935684036953,0.004539536691005264
YAGO3-10,rule_weight_top3_sum,desc,0.03378982014936427,0.2,1995,6.077815737743432,0.5339430593122196,0.5544087533650363,0.02046569405281662,0.03832935684036953,0.004539536691005264
YAGO3-10,rule_weight_top3_mean,desc,0.03378982014936427,0.2,1995,2.0259385792478106,0.5339430593122196,0.5544087533650363,0.02046569405281662,0.03832935684036953,0.004539536691005264
YAGO3-10,redundancy_weight_top3_mean,asc,0.03378982014936427,0.47,4688,0.20571,0.45041521279857866,0.46757028187679706,0.0171550690782184,0.03808723282597026,0.004297412676605994
YAGO3-10,topk_redundancy,asc,0.03378982014936427,0.47,4688,0.20571,0.45041521279857866,0.46757028187679706,0.0171550690782184,0.03808723282597026,0.004297412676605994
YAGO3-10,pos_dep_ratio,desc,0.03378982014936427,0.68,6783,0.5341614906832298,0.6215100674938915,0.6451264924797109,0.023616424985819395,0.037998459270414786,0.004208639121050517
YAGO3-10,redundancy_weight_top5_mean,asc,0.03378982014936427,0.48,4788,0.205758,0.454630241812768,0.4718451766951861,0.017214934882418098,0.03786579355956654,0.0040759734102022716
YAGO3-10,avg_stage2_score,desc,0.03378982014936427,0.33,3292,0.034569647959320084,0.3990713201587259,0.4141673384583055,0.015096018299579628,0.037827870701345745,0.004038050551981476
YAGO3-10,candidate_rule_coverage,desc,0.03378982014936427,0.69,6883,1.0,0.6532113157496456,0.6779079387423907,0.02469662299274511,0.03780801464592276,0.0040181944965584915
YAGO3-10,candidate_rule_coverage,asc,0.03378982014936427,0.69,6883,1.0,0.6532113157496456,0.6779079387423907,0.02469662299274511,0.03780801464592276,0.0040181944965584915
YAGO3-10,redundancy_weight_top3_sum,asc,0.03378982014936427,0.48,4788,0.62444,0.4585003583231905,0.4758167936861617,0.017316435362971172,0.037767550338019706,0.003977730188655437
YAGO3-10,redundancy_weight_mean,asc,0.03378982014936427,0.44,4389,0.060750000000000005,0.466387394389395,0.48384075779114577,0.017453363401750743,0.03742245955125156,0.0036326394018872943
YAGO3-10,candidate_dep_coverage,desc,0.03378982014936427,0.65,6484,0.93,0.6720013195644987,0.6971397617248873,0.02513844216038863,0.03740832261561633,0.0036185024662520604
YAGO3-10,dep_candidate_ratio,desc,0.03378982014936427,0.65,6484,0.93,0.6720013195644987,0.6971397617248873,0.02513844216038863,0.03740832261561633,0.0036185024662520604
YAGO3-10,redundancy_weight_top1_sum,asc,0.03378982014936427,0.5,4988,0.43914,0.4533243756322525,0.4702404572110157,0.01691608157876323,0.03731562317859116,0.0035258030292268927
YAGO3-10,redundancy_weight_top1_mean,asc,0.03378982014936427,0.5,4988,0.43914,0.4533243756322525,0.4702404572110157,0.01691608157876323,0.03731562317859116,0.0035258030292268927
YAGO3-10,redundancy_weight_max,asc,0.03378982014936427,0.5,4988,0.43914,0.4533243756322525,0.4702404572110157,0.01691608157876323,0.03731562317859116,0.0035258030292268927
YAGO3-10,avg_stage1_score,asc,0.03378982014936427,0.27,2693,0.011512097910931829,0.4406525894583096,0.4570471322187815,0.01639454276047192,0.03720514335482661,0.0034153232054623395
YAGO3-10,redundancy_weight_top5_sum,asc,0.03378982014936427,0.47,4688,0.6515299999999999,0.46079925575713687,0.4779258245187435,0.01712656876160662,0.0371670929317498,0.003377272782385532
YAGO3-10,max_candidate_dep_score,desc,0.03378982014936427,0.48,4788,0.15605950000000002,0.6348698083724623,0.6584180802338462,0.023548271861383863,0.03709149742330897,0.003301677273944703
YAGO3-10,redundancy_weight_top10_sum,asc,0.03378982014936427,0.45,4489,0.60488,0.45717502185259135,0.474063456972566,0.016888435119974676,0.03694085265537561,0.003151032506011342
YAGO3-10,rule_weight_mean,asc,0.03378982014936427,0.9,8978,0.43676924634659237,0.5703766555634622,0.5910951571857962,0.020718501622334018,0.03632424542667634,0.002534425277312069
YAGO3-10,neg_mass,asc,0.03378982014936427,0.43,4289,0.64532,0.44840774859239224,0.46460404398222327,0.016196295389831028,0.03611957072702965,0.0023297505776653793
YAGO3-10,red_rule_ratio,asc,0.03378982014936427,0.5,4988,0.016771315587399804,0.4596063559499321,0.4758208348155066,0.016214478865574478,0.03527905707931689,0.0014892369299526198
YAGO3-10,dep_density,asc,0.03378982014936427,0.77,7681,0.013831168831168831,0.5645352529984837,0.5843534279642028,0.019818174965719026,0.035105292114985476,0.0013154719656212066
YAGO3-10,stage1_top_margin,desc,0.03378982014936427,0.88,8778,5.105979222987133e-06,0.5783778748763599,0.5985392364266185,0.020161361550258605,0.034858459194291536,0.0010686390449272665
YAGO3-10,s1_margin,desc,0.03378982014936427,0.88,8778,5.105979222987133e-06,0.5783778748763599,0.5985392364266185,0.020161361550258605,0.034858459194291536,0.0010686390449272665
YAGO3-10,s1_norm_margin,desc,0.03378982014936427,0.88,8778,5.964007337464521e-05,0.5782164765826682,0.5983684040527706,0.020151927470102415,0.03485187345266061,0.0010620533032963397
YAGO3-10,avg_positive_dep,asc,0.03378982014936427,0.94,9376,18.02970297029703,0.5559797628626967,0.5753260067356847,0.019346243872988,0.03479666916899227,0.0010068490196279978
YAGO3-10,max_rules_per_candidate,asc,0.03378982014936427,0.96,9576,58.0,0.5619677588197801,0.5814920571783773,0.019524298358597147,0.03474273755419932,0.0009529174048350519
YAGO3-10,neg_dep_ratio,asc,0.03378982014936427,0.92,9177,0.6291079812206573,0.5725216768058726,0.592406031567365,0.019884354761492418,0.03473118235876793,0.0009413622094036622
YAGO3-10,sum_positive_dep,asc,0.03378982014936427,0.95,9476,1948.0,0.5573536198390653,0.5766838048336701,0.019330184994604815,0.034682083880941406,0.0008922637315771365
YAGO3-10,avg_negative_dep,asc,0.03378982014936427,0.94,9376,16.61,0.5641546719031435,0.5837127952648236,0.019558123361680058,0.034668016300745785,0.0008781961513815162
YAGO3-10,sum_negative_dep,asc,0.03378982014936427,0.94,9376,1664.0,0.5643134411160987,0.5838645178752279,0.01955107675912915,0.03464577544079228,0.0008559552914280122
YAGO3-10,rule_mass,asc,0.03378982014936427,0.93,9277,440.1162295219999,0.5832463453253599,0.6033185632685433,0.020072217943183368,0.03441464846554032,0.0006248283161760515
YAGO3-10,max_negative_dep,asc,0.03378982014936427,0.95,9476,69.0,0.5671877440438495,0.5866823655746843,0.01949462153083481,0.03437066780012743,0.000580847650763161
YAGO3-10,avg_rules_per_candidate,asc,0.03378982014936427,0.95,9476,30.326732673267326,0.5603242336272509,0.5795725744793124,0.019248340852061507,0.034352147733210936,0.0005623275838466668
YAGO3-10,max_positive_dep,asc,0.03378982014936427,0.95,9476,63.0,0.5651626939981703,0.5845769355613336,0.019414241563163293,0.034351597813047086,0.0005617776636828165
YAGO3-10,num_candidate_rule_edges,asc,0.03378982014936427,0.97,9676,3622.0,0.5594813263121678,0.5786377050181065,0.01915637870593867,0.0342395318753681,0.0004497117260038319
YAGO3-10,num_rule_nodes,asc,0.03378982014936427,0.81,8080,333.0,0.5347302951849664,0.5530332635498769,0.01830296836491052,0.034228411088209176,0.0004385909388449072
YAGO3-10,num_rules,asc,0.03378982014936427,0.81,8080,333.0,0.5347302951849664,0.5530332635498769,0.01830296836491052,0.034228411088209176,0.0004385909388449072
YAGO3-10,query_num_nodes,asc,0.03378982014936427,0.81,8080,333.0,0.5347302951849664,0.5530332635498769,0.01830296836491052,0.034228411088209176,0.0004385909388449072
YAGO3-10,num_dependency_edges,asc,0.03378982014936427,0.95,9476,244.0,0.5739085462508442,0.5935108354751115,0.019602289224267322,0.03415577159866778,0.0003659514493035143
YAGO3-10,num_dependencies,asc,0.03378982014936427,0.95,9476,244.0,0.5739085462508442,0.5935108354751115,0.019602289224267322,0.03415577159866778,0.0003659514493035143
YAGO3-10,query_num_edges,asc,0.03378982014936427,0.95,9476,244.0,0.5739085462508442,0.5935108354751115,0.019602289224267322,0.03415577159866778,0.0003659514493035143
YAGO3-10,unique_synergy_edges,asc,0.03378982014936427,0.98,9776,168.0,0.5596283379635073,0.5786915593240523,0.019063221360544946,0.03406407443539439,0.0002742542860301178
YAGO3-10,num_pos_dep,asc,0.03378982014936427,0.98,9776,168.0,0.5596283379635073,0.5786915593240523,0.019063221360544946,0.03406407443539439,0.0002742542860301178
YAGO3-10,pos_dep_ratio,asc,0.03378982014936427,0.75,7481,0.8904109589041096,0.5643042850648932,0.5835196045712713,0.019215319506378115,0.03405134431004431,0.0002615241606800378
YAGO3-10,combo_dependency_activity,asc,0.03378982014936427,0.98,9776,0.891175389345632,0.5553968749476762,0.5743013081680023,0.01890443322032609,0.03403770181837462,0.00024788166901035247
YAGO3-10,synergy_weight_top5_sum,asc,0.03378982014936427,0.98,9776,16.16817,0.5494322292522387,0.568113047249819,0.018680817997580368,0.03400022241688383,0.00021040226751956048
YAGO3-10,synergy_weight_top5_mean,asc,0.03378982014936427,0.98,9776,3.233634,0.5494322292522387,0.568113047249819,0.018680817997580368,0.03400022241688383,0.00021040226751956048
YAGO3-10,top1_rule_weight,desc,0.03378982014936427,0.93,9277,0.143590919612256,0.5878619416968598,0.607841960743197,0.019980019046337172,0.03398760428114289,0.0001977841317786222
YAGO3-10,weak_rule_score,asc,0.03378982014936427,0.93,9277,0.856409080387744,0.5878619416968598,0.607841960743197,0.019980019046337172,0.03398760428114289,0.0001977841317786222
YAGO3-10,rule_weight_top1_sum,desc,0.03378982014936427,0.93,9277,0.143590919612256,0.5878619416968598,0.607841960743197,0.019980019046337172,0.03398760428114289,0.0001977841317786222
YAGO3-10,rule_weight_top1_mean,desc,0.03378982014936427,0.93,9277,0.143590919612256,0.5878619416968598,0.607841960743197,0.019980019046337172,0.03398760428114289,0.0001977841317786222
YAGO3-10,rule_weight_max,desc,0.03378982014936427,0.93,9277,0.143590919612256,0.5878619416968598,0.607841960743197,0.019980019046337172,0.03398760428114289,0.0001977841317786222
YAGO3-10,combo_low_rule_confidence,asc,0.03378982014936427,0.93,9277,0.9300180469219972,0.5878619416968598,0.607841960743197,0.019980019046337172,0.03398760428114289,0.0001977841317786222
YAGO3-10,candidate_dep_coverage,asc,0.03378982014936427,0.95,9476,1.0,0.5588859130034624,0.5778782015848882,0.018992288581425876,0.033982407034310436,0.0001925868849461665
YAGO3-10,dep_candidate_ratio,asc,0.03378982014936427,0.95,9476,1.0,0.5588859130034624,0.5778782015848882,0.018992288581425876,0.033982407034310436,0.0001925868849461665
YAGO3-10,max_stage1_score,desc,0.03378982014936427,0.91,9077,0.031040562211066536,0.5965451083584787,0.6168157069944245,0.020270598635945714,0.03397999304985433,0.00019017290049005986
YAGO3-10,s1_top1,desc,0.03378982014936427,0.91,9077,0.031040562211066536,0.5965451083584787,0.6168157069944245,0.020270598635945714,0.03397999304985433,0.00019017290049005986
YAGO3-10,stage2_top_margin,desc,0.03378982014936427,0.99,9875,0.0,0.557928816414736,0.5768502314926754,0.01892141507793943,0.033913672356141955,0.00012385220677768594
YAGO3-10,rule_dominance_ratio,desc,0.03378982014936427,0.94,9376,0.0029151846179079548,0.5834054953969436,0.6031902533936773,0.019784757996733626,0.03391253279723094,0.00012271264786667402
YAGO3-10,synergy_weight_mean,asc,0.03378982014936427,0.92,9177,1.9109281395348838,0.5390201699874417,0.5572605817670302,0.01824041177958846,0.033839942909767995,5.0122760403725763e-05
YAGO3-10,synergy_weight_top10_sum,asc,0.03378982014936427,0.98,9776,30.82656,0.5485941151245339,0.5671539132917074,0.018559798167173458,0.033831566280947634,4.174613158336449e-05
YAGO3-10,synergy_weight_top10_mean,asc,0.03378982014936427,0.98,9776,3.082656,0.5485941151245339,0.5671539132917074,0.018559798167173458,0.033831566280947634,4.174613158336449e-05
YAGO3-10,combo_complex_dep_low_conf,asc,0.03378982014936427,0.99,9875,0.7632093442951675,0.5581197221259052,0.5769887073151097,0.018868985189204435,0.03380813191358212,1.8311764217848747e-05
YAGO3-10,max_stage2_score,desc,0.03378982014936427,0.94,9376,0.015229233445302167,0.5830765010470671,0.6027816917371873,0.019705190690120222,0.03379520638326938,5.386233905113613e-06
YAGO3-10,num_candidates,asc,0.03378982014936427,1.0,9975,128.0,0.5547308300107257,0.5734750849880956,0.01874425497736998,0.03378982014936427,0.0
YAGO3-10,avg_candidate_dep_score,desc,0.03378982014936427,1.0,9975,-2.9147251429999996,0.5547308300107257,0.5734750849880956,0.01874425497736998,0.03378982014936427,0.0
YAGO3-10,s1_entropy,asc,0.03378982014936427,1.0,9975,4.85202494760822,0.5547308300107257,0.5734750849880956,0.01874425497736998,0.03378982014936427,0.0
YAGO3-10,effective_candidates,asc,0.03378982014936427,1.0,9975,127.99931951394994,0.5547308300107257,0.5734750849880956,0.01874425497736998,0.03378982014936427,0.0
YAGO3-10,unique_redundancy_edges,asc,0.03378982014936427,1.0,9975,610.0,0.5547308300107257,0.5734750849880956,0.01874425497736998,0.03378982014936427,0.0
YAGO3-10,num_neg_dep,asc,0.03378982014936427,1.0,9975,610.0,0.5547308300107257,0.5734750849880956,0.01874425497736998,0.03378982014936427,0.0
YAGO3-10,pos_mass,asc,0.03378982014936427,1.0,9975,333.57187,0.5547308300107257,0.5734750849880956,0.01874425497736998,0.03378982014936427,0.0
YAGO3-10,net_dep_mass,asc,0.03378982014936427,1.0,9975,332.51,0.5547308300107257,0.5734750849880956,0.01874425497736998,0.03378982014936427,0.0
YAGO3-10,abs_dep_mass,asc,0.03378982014936427,1.0,9975,523.64499,0.5547308300107257,0.5734750849880956,0.01874425497736998,0.03378982014936427,0.0
YAGO3-10,dep_rule_ratio,asc,0.03378982014936427,1.0,9975,4.033001075310605,0.5547308300107257,0.5734750849880956,0.01874425497736998,0.03378982014936427,0.0
YAGO3-10,syn_rule_ratio,asc,0.03378982014936427,1.0,9975,4.033001075310605,0.5547308300107257,0.5734750849880956,0.01874425497736998,0.03378982014936427,0.0
YAGO3-10,synergy_weight_top1_sum,asc,0.03378982014936427,1.0,9975,4.4703,0.5547308300107257,0.5734750849880956,0.01874425497736998,0.03378982014936427,0.0
YAGO3-10,synergy_weight_top1_mean,asc,0.03378982014936427,1.0,9975,4.4703,0.5547308300107257,0.5734750849880956,0.01874425497736998,0.03378982014936427,0.0
YAGO3-10,synergy_weight_top3_sum,asc,0.03378982014936427,1.0,9975,12.999929999999999,0.5547308300107257,0.5734750849880956,0.01874425497736998,0.03378982014936427,0.0
YAGO3-10,synergy_weight_top3_mean,asc,0.03378982014936427,1.0,9975,4.33331,0.5547308300107257,0.5734750849880956,0.01874425497736998,0.03378982014936427,0.0
YAGO3-10,synergy_weight_max,asc,0.03378982014936427,1.0,9975,4.4703,0.5547308300107257,0.5734750849880956,0.01874425497736998,0.03378982014936427,0.0
YAGO3-10,topk_synergy,asc,0.03378982014936427,1.0,9975,4.33331,0.5547308300107257,0.5734750849880956,0.01874425497736998,0.03378982014936427,0.0
YAGO3-10,topk_synergy_sum,asc,0.03378982014936427,1.0,9975,12.999929999999999,0.5547308300107257,0.5734750849880956,0.01874425497736998,0.03378982014936427,0.0
YAGO3-10,combo_candidate_complexity,asc,0.03378982014936427,1.0,9975,0.9494686184078605,0.5547308300107257,0.5734750849880956,0.01874425497736998,0.03378982014936427,0.0
YAGO3-10,combo_stage1_uncertainty,asc,0.03378982014936427,1.0,9975,0.9731301383597353,0.5547308300107257,0.5734750849880956,0.01874425497736998,0.03378982014936427,0.0
YAGO3-10,combo_dep_activity_x_uncertainty,asc,0.03378982014936427,1.0,9975,0.7238491075559907,0.5547308300107257,0.5734750849880956,0.01874425497736998,0.03378982014936427,0.0
codex-l,s1_entropy,desc,0.015568534843109827,0.2,12226,4.6661056742788976,0.054913781239666164,0.07341796650452975,0.01850418526486359,0.3369679677329771,0.3213994328898673
codex-l,effective_candidates,desc,0.015568534843109827,0.2,12226,106.28303469732586,0.054913781239666164,0.07341796650452975,0.01850418526486359,0.3369679677329771,0.3213994328898673
codex-l,num_candidates,desc,0.015568534843109827,0.2,12226,108.0,0.05691152908688248,0.0752786081082903,0.01836707902140782,0.3227303731967597,0.30716183835364985
codex-l,combo_complex_dep_low_conf,desc,0.015568534843109827,0.21,12837,0.6083900449330366,0.0605482295261799,0.07852948337798872,0.01798125385180882,0.2969740650143051,0.2814055301711953
codex-l,rule_dominance_ratio,asc,0.015568534843109827,0.2,12226,0.0033886789013917317,0.08088913480815262,0.09927607965446417,0.01838694484631155,0.22731044027013603,0.2117419054270262
codex-l,combo_candidate_complexity,desc,0.015568534843109827,0.22,13448,0.7768262225712167,0.08692696051140435,0.10509946876213175,0.0181725082507274,0.20905491396243248,0.19348637911932265
codex-l,avg_stage1_score,desc,0.015568534843109827,0.2,12226,0.29840046221668143,0.10478837401308937,0.12381395786176065,0.019025583848671285,0.1815619721925903,0.16599343734948047
codex-l,combo_dep_activity_x_uncertainty,desc,0.015568534843109827,0.2,12226,0.3704685656289953,0.08984285321635245,0.10606844326548914,0.016225590049136693,0.18059967452350945,0.16503113968039962
codex-l,rule_mass,desc,0.015568534843109827,0.27,16505,185.65127846024376,0.10105085963545785,0.1192040710255166,0.01815321139005875,0.17964430441805912,0.1640757695749493
codex-l,num_candidate_rule_edges,desc,0.015568534843109827,0.22,13448,3191.0,0.10448911146374211,0.121820178625504,0.017331067161761887,0.16586481518484142,0.1502962803417316
codex-l,rule_weight_mean,desc,0.015568534843109827,0.23,14060,0.27341117875740895,0.12218847671244774,0.1403588662783082,0.018170389565860465,0.14870788191117024,0.1331393470680604
codex-l,sum_positive_dep,desc,0.015568534843109827,0.2,12226,846.0,0.08640918050008489,0.09889915556707093,0.012489975066986042,0.14454453791485466,0.12897600307174484
codex-l,combo_dependency_activity,desc,0.015568534843109827,0.2,12226,0.8107822928936003,0.08082744650695986,0.09230332747995063,0.011475880972990765,0.14198000145906642,0.1264114666159566
codex-l,num_dependency_edges,desc,0.015568534843109827,0.2,12226,163.0,0.08551261180745964,0.09753474176135651,0.01202212995389687,0.14058896927351405,0.12502043443040423
codex-l,num_dependencies,desc,0.015568534843109827,0.2,12226,163.0,0.08551261180745964,0.09753474176135651,0.01202212995389687,0.14058896927351405,0.12502043443040423
codex-l,query_num_edges,desc,0.015568534843109827,0.2,12226,163.0,0.08551261180745964,0.09753474176135651,0.01202212995389687,0.14058896927351405,0.12502043443040423
codex-l,unique_synergy_edges,desc,0.015568534843109827,0.2,12226,132.0,0.09642653627010651,0.10983860147683794,0.013412065206731424,0.13909101918959355,0.12352248434648372
codex-l,num_pos_dep,desc,0.015568534843109827,0.2,12226,132.0,0.09642653627010651,0.10983860147683794,0.013412065206731424,0.13909101918959355,0.12352248434648372
codex-l,avg_rules_per_candidate,desc,0.015568534843109827,0.2,12226,28.970588235294116,0.11044396005251503,0.12561040180619815,0.015166441753683119,0.13732250950139435,0.12175397465828453
codex-l,avg_positive_dep,desc,0.015568534843109827,0.2,12226,8.1,0.09032023614299951,0.10210221974784911,0.011781983604849597,0.13044677591626064,0.11487824107315081
codex-l,rule_weight_top10_sum,desc,0.015568534843109827,0.2,12226,13.726887090641121,0.12917515047513317,0.14594018118470076,0.016765030709567585,0.12978526170012028,0.11421672685701045
codex-l,avg_stage2_score,desc,0.015568534843109827,0.23,14060,0.15071726750236894,0.1198962453420187,0.13532074267708208,0.015424497335063375,0.12864871031668357,0.11308017547357374
codex-l,rule_weight_top10_mean,desc,0.015568534843109827,0.2,12226,1.3862943611198906,0.13845875466425497,0.154997205966444,0.016538451302189033,0.11944677201736131,0.10387823717425149
codex-l,sum_negative_dep,desc,0.015568534843109827,0.2,12226,1843.0,0.12214030530273398,0.1347406583587113,0.012600353055977315,0.10316294056041841,0.08759440571730859
codex-l,max_rules_per_candidate,desc,0.015568534843109827,0.2,12226,65.0,0.14694276751481689,0.16121247487080173,0.014269707355984845,0.09711064788912438,0.08154211304601455
codex-l,max_positive_dep,desc,0.015568534843109827,0.2,12226,65.0,0.15634777451060936,0.17123505102436795,0.014887276513758596,0.09521898575376508,0.07965045091065526
codex-l,max_negative_dep,desc,0.015568534843109827,0.2,12226,75.0,0.1262075485329657,0.13806529009929286,0.011857741566327157,0.09395429753736084,0.07838576269425102
codex-l,rule_weight_top5_sum,desc,0.015568534843109827,0.2,12226,7.463249937682485,0.15987617142039334,0.17435959011470853,0.014483418694315187,0.09059147817738977,0.07502294333427995
codex-l,s1_norm_margin,asc,0.015568534843109827,0.35,21395,0.028348239213969686,0.1306563793473588,0.14184761863025108,0.011191239282892285,0.08565398290380921,0.07008544806069938
codex-l,rule_weight_top5_mean,desc,0.015568534843109827,0.2,12226,1.498212277323876,0.16832549078427947,0.18259034959182663,0.01426485880754716,0.08474568374096436,0.06917714889785453
codex-l,redundancy_weight_top1_sum,desc,0.015568534843109827,0.2,12226,0.14055,0.14994953183902124,0.16239328723973864,0.012443755400717404,0.08298629044121619,0.06741775559810637
codex-l,redundancy_weight_top1_mean,desc,0.015568534843109827,0.2,12226,0.14055,0.14994953183902124,0.16239328723973864,0.012443755400717404,0.08298629044121619,0.06741775559810637
codex-l,redundancy_weight_max,desc,0.015568534843109827,0.2,12226,0.14055,0.14994953183902124,0.16239328723973864,0.012443755400717404,0.08298629044121619,0.06741775559810637
codex-l,stage1_top_margin,asc,0.015568534843109827,0.28,17116,0.0007572750397138112,0.14174281974018602,0.15224455890229144,0.010501739162105422,0.07409009628392504,0.05852156144081522
codex-l,s1_margin,asc,0.015568534843109827,0.28,17116,0.0007572750397138112,0.14174281974018602,0.15224455890229144,0.010501739162105422,0.07409009628392504,0.05852156144081522
codex-l,redundancy_weight_mean,desc,0.015568534843109827,0.2,12226,0.05362,0.16203072122082757,0.17386666254192168,0.011835941321094112,0.07304751365614925,0.05747897881303943
codex-l,stage2_top_margin,asc,0.015568534843109827,0.2,12226,0.00012129953734578633,0.17519630838980782,0.18721122121231593,0.012014912822508106,0.06857971456667444,0.053011179723564616
codex-l,avg_negative_dep,desc,0.015568534843109827,0.2,12226,15.549019607843137,0.14969999206156515,0.1599072830280575,0.010207290966492366,0.06818498001185302,0.0526164451687432
codex-l,dep_density,desc,0.015568534843109827,0.22,13448,0.008240587260241534,0.17945254521780984,0.19116228711213376,0.011709741894323916,0.06525258184614358,0.04968404700303375
codex-l,max_stage2_score,desc,0.015568534843109827,0.23,14060,0.7257117735415951,0.24747138406434815,0.26325291767107356,0.015781533606725406,0.06377114536451556,0.04820261052140573
codex-l,redundancy_weight_top3_sum,desc,0.015568534843109827,0.2,12226,0.34019,0.1562965213718971,0.1660825639880415,0.009786042616144408,0.06261203083886424,0.047043495995754414
codex-l,redundancy_weight_top3_mean,desc,0.015568534843109827,0.2,12226,0.11919333333333333,0.1551662541874649,0.1646888754906198,0.009522621303154899,0.06137044006778747,0.04580190522467764
codex-l,topk_redundancy,desc,0.015568534843109827,0.2,12226,0.11919333333333333,0.1551662541874649,0.1646888754906198,0.009522621303154899,0.06137044006778747,0.04580190522467764
codex-l,abs_dep_mass,desc,0.015568534843109827,0.2,12226,132.81546,0.14451329641713592,0.15244791957951823,0.007934623162382304,0.0549058346816691,0.03933729983855927
codex-l,avg_candidate_dep_score,asc,0.015568534843109827,0.2,12226,-0.05171284580838865,0.13798438583707637,0.14543371016692655,0.007449324329850182,0.053986719473070544,0.03841818462996072
codex-l,rule_weight_top3_sum,desc,0.015568534843109827,0.21,12837,4.562316826045333,0.21009287280453692,0.22102957400119122,0.010936701196654297,0.05205650744197032,0.036487972598860496
codex-l,redundancy_weight_top5_mean,desc,0.015568534843109827,0.2,12226,0.103588,0.16185131452007573,0.1700228305707011,0.008171516050625383,0.05048779538711634,0.034919260544006514
codex-l,pos_mass,desc,0.015568534843109827,0.2,12226,128.45706,0.15000795936144604,0.15758035206706975,0.0075723927056237095,0.05047993945026574,0.034911404607155916
codex-l,net_dep_mass,desc,0.015568534843109827,0.2,12226,126.82412000000001,0.15073395493911398,0.15831735047408735,0.007583395534973364,0.05030980271191399,0.03474126786880416
codex-l,redundancy_weight_top10_mean,desc,0.015568534843109827,0.2,12226,0.08139,0.16585836647997615,0.17402250485369564,0.008164138373719487,0.049223554693004434,0.03365501984989461
codex-l,topk_rule_weight,desc,0.015568534843109827,0.22,13448,1.4914709067487648,0.2218592605509399,0.23273242595304217,0.010873165402102258,0.04900929253573216,0.033440757692622336
codex-l,rule_weight_top3_mean,desc,0.015568534843109827,0.22,13448,1.4914709067487648,0.2218592605509399,0.23273242595304217,0.010873165402102258,0.04900929253573216,0.033440757692622336
codex-l,redundancy_weight_top5_sum,desc,0.015568534843109827,0.2,12226,0.46796,0.16000674808813442,0.16760663211025745,0.007599884022123027,0.047497271914662464,0.03192873707155264
codex-l,redundancy_weight_top10_sum,desc,0.015568534843109827,0.2,12226,0.66069,0.15717278534129972,0.1638934554744197,0.006720670133119971,0.042759757158506106,0.02719122231539628
codex-l,synergy_weight_top10_sum,desc,0.015568534843109827,0.21,12837,21.32779,0.1718901912384509,0.17912394854525254,0.007233757306801647,0.04208359566466924,0.02651506082155941
codex-l,synergy_weight_top10_mean,desc,0.015568534843109827,0.21,12837,2.134345,0.1721491823712184,0.1793209081174868,0.007171725746268398,0.04165994660842154,0.02609141176531171
codex-l,neg_mass,desc,0.015568534843109827,0.2,12226,0.88028,0.1584721424224007,0.16503305400806176,0.00656091158566105,0.04140104049438054,0.02583250565127071
codex-l,combo_stage1_uncertainty,desc,0.015568534843109827,0.64,39123,0.4524276927103782,0.19968624933405532,0.20735799089823115,0.007671741564175827,0.038418977720102054,0.022850442876992227
codex-l,synergy_weight_top5_sum,desc,0.015568534843109827,0.22,13448,10.99978,0.19249963792383382,0.19976312284672101,0.007263484922887198,0.03773246018135956,0.022163925338249735
codex-l,synergy_weight_top5_mean,desc,0.015568534843109827,0.22,13448,2.200202,0.19250328367397943,0.1997224695579942,0.007219185884014767,0.03750162462808193,0.021933089784972104
codex-l,max_stage1_score,desc,0.015568534843109827,0.21,12837,0.7748519902456371,0.24862083914541025,0.2578768014904396,0.009255962345029373,0.037229229765473715,0.021660694922363888
codex-l,s1_top1,desc,0.015568534843109827,0.21,12837,0.7748519902456371,0.24862083914541025,0.2578768014904396,0.009255962345029373,0.037229229765473715,0.021660694922363888
codex-l,synergy_weight_top3_sum,desc,0.015568534843109827,0.22,13448,6.87715,0.1977168040994447,0.2050301867760925,0.0073133826766478005,0.03698918111669158,0.021420646273581756
codex-l,synergy_weight_top3_mean,desc,0.015568534843109827,0.22,13448,2.2923833333333334,0.1977168040994447,0.2050301867760925,0.0073133826766478005,0.03698918111669158,0.021420646273581756
codex-l,topk_synergy,desc,0.015568534843109827,0.22,13448,2.2923833333333334,0.1977168040994447,0.2050301867760925,0.0073133826766478005,0.03698918111669158,0.021420646273581756
codex-l,topk_synergy_sum,desc,0.015568534843109827,0.22,13448,6.87715,0.1977168040994447,0.2050301867760925,0.0073133826766478005,0.03698918111669158,0.021420646273581756
codex-l,synergy_weight_top1_sum,desc,0.015568534843109827,0.27,16505,2.1378,0.22855889711334293,0.2367378017576804,0.008178904644337459,0.03578466971811434,0.02021613487500451
codex-l,synergy_weight_top1_mean,desc,0.015568534843109827,0.27,16505,2.1378,0.22855889711334293,0.2367378017576804,0.008178904644337459,0.03578466971811434,0.02021613487500451
codex-l,synergy_weight_max,desc,0.015568534843109827,0.27,16505,2.1378,0.22855889711334293,0.2367378017576804,0.008178904644337459,0.03578466971811434,0.02021613487500451
codex-l,pos_dep_ratio,desc,0.015568534843109827,0.35,21395,0.8660130718954249,0.31213756477039617,0.3211935208777936,0.009055956107397456,0.02901270827194047,0.013444173428830641
codex-l,synergy_weight_mean,desc,0.015568534843109827,0.32,19561,0.8850628708133971,0.2778280073480846,0.2858475970514635,0.008019589703378904,0.028865303321746527,0.0132967684786367
codex-l,candidate_dep_coverage,desc,0.015568534843109827,0.37,22618,0.900990099009901,0.24347180345763544,0.25042156128023463,0.006949757822599184,0.02854440524078372,0.012975870397673894
codex-l,dep_candidate_ratio,desc,0.015568534843109827,0.37,22618,0.900990099009901,0.24347180345763544,0.25042156128023463,0.006949757822599184,0.02854440524078372,0.012975870397673894
codex-l,unique_redundancy_edges,desc,0.015568534843109827,0.22,13448,15.0,0.19790376848367847,0.2034126104621808,0.005508841978502321,0.02783596300722624,0.012267428164116412
codex-l,num_neg_dep,desc,0.015568534843109827,0.22,13448,15.0,0.19790376848367847,0.2034126104621808,0.005508841978502321,0.02783596300722624,0.012267428164116412
codex-l,candidate_rule_coverage,desc,0.015568534843109827,0.43,26285,1.0,0.32345616697201024,0.33172137299493704,0.008265206022926797,0.025552785406135037,0.00998425056302521
codex-l,candidate_rule_coverage,asc,0.015568534843109827,0.43,26285,1.0,0.32345616697201024,0.33172137299493704,0.008265206022926797,0.025552785406135037,0.00998425056302521
codex-l,top1_rule_weight,desc,0.015568534843109827,0.2,12226,1.7145213814077889,0.2951450657059749,0.3021616617537466,0.007016596047771717,0.023773380832196267,0.00820484598908644
codex-l,weak_rule_score,asc,0.015568534843109827,0.2,12226,-0.7145213814077889,0.2951450657059749,0.3021616617537466,0.007016596047771717,0.023773380832196267,0.00820484598908644
codex-l,rule_weight_top1_sum,desc,0.015568534843109827,0.2,12226,1.7145213814077889,0.2951450657059749,0.3021616617537466,0.007016596047771717,0.023773380832196267,0.00820484598908644
codex-l,rule_weight_top1_mean,desc,0.015568534843109827,0.2,12226,1.7145213814077889,0.2951450657059749,0.3021616617537466,0.007016596047771717,0.023773380832196267,0.00820484598908644
codex-l,rule_weight_max,desc,0.015568534843109827,0.2,12226,1.7145213814077889,0.2951450657059749,0.3021616617537466,0.007016596047771717,0.023773380832196267,0.00820484598908644
codex-l,combo_low_rule_confidence,asc,0.015568534843109827,0.2,12226,0.20110260437115557,0.2951450657059749,0.3021616617537466,0.007016596047771717,0.023773380832196267,0.00820484598908644
codex-l,red_rule_ratio,desc,0.015568534843109827,0.39,23840,0.0002763174355580192,0.26417350239746545,0.27028981517148437,0.006116312774018917,0.02315263536468004,0.007584100521570214
codex-l,neg_dep_ratio,desc,0.015568534843109827,0.4,24452,0.0,0.26595973551120555,0.27199860860734637,0.006038873096140818,0.022705967444784037,0.0071374326016742096
codex-l,max_candidate_dep_score,desc,0.015568534843109827,0.25,15282,0.0,0.3203324898281348,0.3275753193327308,0.007242829504596038,0.022610349354453385,0.007041814511343558
codex-l,dep_rule_ratio,asc,0.015568534843109827,0.82,50126,1.11228715344119,0.30948535504225255,0.3162988259513397,0.006813470909087127,0.02201548731815417,0.006446952475044343
codex-l,syn_rule_ratio,asc,0.015568534843109827,0.82,50126,1.1104376173040231,0.3099773886267625,0.31676707286998246,0.006789684243219962,0.021903804897831725,0.006335270054721898
codex-l,synergy_weight_mean,asc,0.015568534843109827,0.84,51348,1.3445475714285715,0.29706652834722236,0.30354590906619466,0.006479380718972305,0.02181121096012184,0.006242676117012014
codex-l,top1_rule_weight,asc,0.015568534843109827,0.49,29953,0.780158557549575,0.2288350314030853,0.23370208490548916,0.004867053502403851,0.021268830530718486,0.005700295687608659
codex-l,weak_rule_score,desc,0.015568534843109827,0.49,29953,0.21984144245042503,0.2288350314030853,0.23370208490548916,0.004867053502403851,0.021268830530718486,0.005700295687608659
codex-l,rule_weight_top1_sum,asc,0.015568534843109827,0.49,29953,0.780158557549575,0.2288350314030853,0.23370208490548916,0.004867053502403851,0.021268830530718486,0.005700295687608659
codex-l,rule_weight_top1_mean,asc,0.015568534843109827,0.49,29953,0.780158557549575,0.2288350314030853,0.23370208490548916,0.004867053502403851,0.021268830530718486,0.005700295687608659
codex-l,rule_weight_max,asc,0.015568534843109827,0.49,29953,0.780158557549575,0.2288350314030853,0.23370208490548916,0.004867053502403851,0.021268830530718486,0.005700295687608659
codex-l,combo_low_rule_confidence,desc,0.015568534843109827,0.49,29953,0.5100363172359639,0.2288350314030853,0.23370208490548916,0.004867053502403851,0.021268830530718486,0.005700295687608659
codex-l,red_rule_ratio,asc,0.015568534843109827,0.88,53794,0.00903231054430407,0.31169372053883937,0.318180995005506,0.006487274466666637,0.020812977738055682,0.0052444428949458555
codex-l,num_rule_nodes,desc,0.015568534843109827,0.34,20784,204.0,0.3496796894923501,0.3568106223642741,0.007130932871923956,0.020392756817750435,0.004824221974640608
codex-l,num_rules,desc,0.015568534843109827,0.34,20784,204.0,0.3496796894923501,0.3568106223642741,0.007130932871923956,0.020392756817750435,0.004824221974640608
codex-l,query_num_nodes,desc,0.015568534843109827,0.34,20784,204.0,0.3496796894923501,0.3568106223642741,0.007130932871923956,0.020392756817750435,0.004824221974640608
codex-l,neg_dep_ratio,asc,0.015568534843109827,0.81,49514,0.12903225806451613,0.31122392662871007,0.31751327861286877,0.0062893519841586976,0.02020844622162321,0.004639911378513384
codex-l,unique_redundancy_edges,asc,0.015568534843109827,0.2,12226,0.0,0.3721635926731039,0.37939345237167743,0.0072298596985735375,0.019426563588996748,0.003858028745886921
codex-l,num_neg_dep,asc,0.015568534843109827,0.2,12226,0.0,0.3721635926731039,0.37939345237167743,0.0072298596985735375,0.019426563588996748,0.003858028745886921
codex-l,neg_mass,asc,0.015568534843109827,0.2,12226,0.0,0.3721635926731039,0.37939345237167743,0.0072298596985735375,0.019426563588996748,0.003858028745886921
codex-l,redundancy_weight_top1_sum,asc,0.015568534843109827,0.2,12226,0.0,0.3721635926731039,0.37939345237167743,0.0072298596985735375,0.019426563588996748,0.003858028745886921
codex-l,redundancy_weight_top1_mean,asc,0.015568534843109827,0.2,12226,0.0,0.3721635926731039,0.37939345237167743,0.0072298596985735375,0.019426563588996748,0.003858028745886921
codex-l,redundancy_weight_top3_sum,asc,0.015568534843109827,0.2,12226,0.0,0.3721635926731039,0.37939345237167743,0.0072298596985735375,0.019426563588996748,0.003858028745886921
codex-l,redundancy_weight_top3_mean,asc,0.015568534843109827,0.2,12226,0.0,0.3721635926731039,0.37939345237167743,0.0072298596985735375,0.019426563588996748,0.003858028745886921
codex-l,redundancy_weight_top5_sum,asc,0.015568534843109827,0.2,12226,0.0,0.3721635926731039,0.37939345237167743,0.0072298596985735375,0.019426563588996748,0.003858028745886921
codex-l,redundancy_weight_top5_mean,asc,0.015568534843109827,0.2,12226,0.0,0.3721635926731039,0.37939345237167743,0.0072298596985735375,0.019426563588996748,0.003858028745886921
codex-l,redundancy_weight_top10_sum,asc,0.015568534843109827,0.2,12226,0.0,0.3721635926731039,0.37939345237167743,0.0072298596985735375,0.019426563588996748,0.003858028745886921
codex-l,redundancy_weight_top10_mean,asc,0.015568534843109827,0.2,12226,0.0,0.3721635926731039,0.37939345237167743,0.0072298596985735375,0.019426563588996748,0.003858028745886921
codex-l,redundancy_weight_max,asc,0.015568534843109827,0.2,12226,0.0,0.3721635926731039,0.37939345237167743,0.0072298596985735375,0.019426563588996748,0.003858028745886921
codex-l,redundancy_weight_mean,asc,0.015568534843109827,0.2,12226,0.0,0.3721635926731039,0.37939345237167743,0.0072298596985735375,0.019426563588996748,0.003858028745886921
codex-l,topk_redundancy,asc,0.015568534843109827,0.2,12226,0.0,0.3721635926731039,0.37939345237167743,0.0072298596985735375,0.019426563588996748,0.003858028745886921
codex-l,num_rule_nodes,asc,0.015568534843109827,0.74,45235,231.0,0.2855296455781749,0.290812411100227,0.005282765522052091,0.01850163583313713,0.002933100990027304
codex-l,num_rules,asc,0.015568534843109827,0.74,45235,231.0,0.2855296455781749,0.290812411100227,0.005282765522052091,0.01850163583313713,0.002933100990027304
codex-l,query_num_nodes,asc,0.015568534843109827,0.74,45235,231.0,0.2855296455781749,0.290812411100227,0.005282765522052091,0.01850163583313713,0.002933100990027304
codex-l,pos_dep_ratio,asc,0.015568534843109827,0.89,54405,1.0,0.29096809409272123,0.2963280859121378,0.005359991819416543,0.018421235620798004,0.0028527007776881774
codex-l,syn_rule_ratio,desc,0.015568534843109827,0.47,28731,0.04036716342479777,0.33033929369853554,0.3363037593785453,0.005964465680009745,0.01805557435577998,0.0024870395126701528
codex-l,dep_rule_ratio,desc,0.015568534843109827,0.36,22006,0.20313473592802786,0.34694680772706743,0.35318844109780995,0.0062416333707425165,0.017990173801087694,0.0024216389579778674
codex-l,max_stage1_score,asc,0.015568534843109827,0.34,20784,0.15253779509427573,0.2526315756805628,0.25708349494468935,0.004451919264126525,0.017622180648375174,0.0020536458052653472
codex-l,s1_top1,asc,0.015568534843109827,0.34,20784,0.15253779509427573,0.2526315756805628,0.25708349494468935,0.004451919264126525,0.017622180648375174,0.0020536458052653472
codex-l,topk_rule_weight,asc,0.015568534843109827,0.44,26897,0.6000773681075428,0.24548100508829726,0.2496815936313193,0.004200588543022049,0.01711166426710342,0.0015431294239935944
codex-l,rule_weight_top3_mean,asc,0.015568534843109827,0.44,26897,0.6000773681075428,0.24548100508829726,0.2496815936313193,0.004200588543022049,0.01711166426710342,0.0015431294239935944
codex-l,max_candidate_dep_score,asc,0.015568534843109827,0.87,53182,0.0091578,0.3094932301700492,0.31475461001976957,0.00526137984972036,0.016999983640448413,0.0014314487973385859
codex-l,rule_weight_top3_sum,asc,0.015568534843109827,0.44,26897,1.7874118872112885,0.24872884919162902,0.25295708240670767,0.004228233215078647,0.016999367901312734,0.0014308330582029072
codex-l,synergy_weight_top1_sum,asc,0.015568534843109827,0.85,51960,2.61907,0.3263562807061233,0.33186412515394204,0.0055078444478187105,0.01687678397333614,0.0013082491302263133
codex-l,synergy_weight_top1_mean,asc,0.015568534843109827,0.85,51960,2.61907,0.3263562807061233,0.33186412515394204,0.0055078444478187105,0.01687678397333614,0.0013082491302263133
codex-l,synergy_weight_max,asc,0.015568534843109827,0.85,51960,2.61907,0.3263562807061233,0.33186412515394204,0.0055078444478187105,0.01687678397333614,0.0013082491302263133
codex-l,combo_stage1_uncertainty,asc,0.015568534843109827,0.72,44013,0.6108330061510273,0.35670062505161904,0.36265092921226294,0.0059503041606439044,0.016681507524083594,0.0011129726809737672
codex-l,synergy_weight_top10_sum,asc,0.015568534843109827,0.98,59906,26.4672,0.31661483020175263,0.321817201963459,0.005202371761706348,0.01643123210113462,0.0008626972580247916
codex-l,synergy_weight_top10_mean,asc,0.015568534843109827,0.98,59906,2.64672,0.31661483020175263,0.321817201963459,0.005202371761706348,0.01643123210113462,0.0008626972580247916
codex-l,synergy_weight_top3_sum,asc,0.015568534843109827,0.87,53182,7.71456,0.3269509708646424,0.33228319381204213,0.005332222947399712,0.01630893749389495,0.0007404026507851214
codex-l,synergy_weight_top3_mean,asc,0.015568534843109827,0.87,53182,2.57152,0.3269509708646424,0.33228319381204213,0.005332222947399712,0.01630893749389495,0.0007404026507851214
codex-l,topk_synergy,asc,0.015568534843109827,0.87,53182,2.57152,0.3269509708646424,0.33228319381204213,0.005332222947399712,0.01630893749389495,0.0007404026507851214
codex-l,topk_synergy_sum,asc,0.015568534843109827,0.87,53182,7.71456,0.3269509708646424,0.33228319381204213,0.005332222947399712,0.01630893749389495,0.0007404026507851214
codex-l,candidate_dep_coverage,asc,0.015568534843109827,0.99,60518,1.0,0.30985283367658645,0.3148138645203207,0.0049610308437342265,0.01601092617055877,0.00044239132744894327
codex-l,dep_candidate_ratio,asc,0.015568534843109827,0.99,60518,1.0,0.30985283367658645,0.3148138645203207,0.0049610308437342265,0.01601092617055877,0.00044239132744894327
codex-l,rule_weight_top5_mean,asc,0.015568534843109827,0.42,25674,0.5137658027975572,0.2486328040319843,0.25260297876546356,0.00397017473347927,0.015968024609369413,0.00039948976625958643
codex-l,max_rules_per_candidate,asc,0.015568534843109827,0.27,16505,19.0,0.3261195448302489,0.3312874700231001,0.005167925192851197,0.01584672024346534,0.00027818540035551287
codex-l,stage1_top_margin,desc,0.015568534843109827,0.99,60518,0.0,0.31391499519619775,0.31882109315034335,0.004906097954145594,0.015628746728327814,6.0211885217986705e-05
codex-l,s1_margin,desc,0.015568534843109827,0.99,60518,0.0,0.31391499519619775,0.31882109315034335,0.004906097954145594,0.015628746728327814,6.0211885217986705e-05
codex-l,s1_norm_margin,desc,0.015568534843109827,0.99,60518,0.0,0.31391499519619775,0.31882109315034335,0.004906097954145594,0.015628746728327814,6.0211885217986705e-05
codex-l,stage2_top_margin,desc,0.015568534843109827,0.99,60518,0.0,0.3139191257748896,0.31882301997789037,0.004903894203000747,0.015621520959883561,5.298611677373444e-05
codex-l,max_positive_dep,asc,0.015568534843109827,0.65,39734,15.0,0.33656238724685505,0.3418142215885111,0.005251834341656048,0.015604341247449138,3.580640433931137e-05
codex-l,synergy_weight_top5_sum,asc,0.015568534843109827,0.97,59295,14.48451,0.318538067403587,0.3235083066937278,0.004970239290140843,0.01560328198966432,3.47471465544924e-05
codex-l,synergy_weight_top5_mean,asc,0.015568534843109827,0.97,59295,2.896902,0.318538067403587,0.3235083066937278,0.004970239290140843,0.01560328198966432,3.47471465544924e-05
codex-l,num_candidates,asc,0.015568534843109827,0.99,60518,173.0,0.31500938203769346,0.3199195571665566,0.004910175128863159,0.01558739329318004,1.8858450070213806e-05
codex-l,s1_entropy,asc,0.015568534843109827,0.99,60518,5.149404273989851,0.31500938203769346,0.3199195571665566,0.004910175128863159,0.01558739329318004,1.8858450070213806e-05
codex-l,effective_candidates,asc,0.015568534843109827,0.99,60518,172.32879898408973,0.31500938203769346,0.3199195571665566,0.004910175128863159,0.01558739329318004,1.8858450070213806e-05
codex-l,max_stage2_score,asc,0.015568534843109827,0.99,60518,0.9012709778589051,0.3160852909120611,0.32101096566834797,0.0049256747562868575,0.015583372266624096,1.4837423514268977e-05
codex-l,avg_positive_dep,asc,0.015568534843109827,0.99,60518,161.09248554913296,0.31631129419042653,0.3212379372064253,0.004926643015998766,0.015575299100868634,6.764257758806735e-06
codex-l,sum_positive_dep,asc,0.015568534843109827,0.98,59906,15625.0,0.3193087676620572,0.3242818949448241,0.004973127282766943,0.015574665610279315,6.130767169487683e-06
codex-l,avg_stage2_score,asc,0.015568534843109827,0.99,60518,0.8419921013601049,0.3162886441965763,0.32121420987717847,0.004925565680602151,0.015573008297891544,4.473454781717123e-06
codex-l,num_candidate_rule_edges,asc,0.015568534843109827,1.0,61129,19607.0,0.3134836733325029,0.31836415482352604,0.004880481491023159,0.015568534843109827,0.0
codex-l,num_dependency_edges,asc,0.015568534843109827,1.0,61129,908.0,0.3134836733325029,0.31836415482352604,0.004880481491023159,0.015568534843109827,0.0
codex-l,num_dependencies,asc,0.015568534843109827,1.0,61129,908.0,0.3134836733325029,0.31836415482352604,0.004880481491023159,0.015568534843109827,0.0
codex-l,dep_density,asc,0.015568534843109827,1.0,61129,0.4,0.3134836733325029,0.31836415482352604,0.004880481491023159,0.015568534843109827,0.0
codex-l,query_num_edges,asc,0.015568534843109827,1.0,61129,908.0,0.3134836733325029,0.31836415482352604,0.004880481491023159,0.015568534843109827,0.0
codex-l,avg_rules_per_candidate,asc,0.015568534843109827,1.0,61129,188.6893203883495,0.3134836733325029,0.31836415482352604,0.004880481491023159,0.015568534843109827,0.0
codex-l,sum_negative_dep,asc,0.015568534843109827,1.0,61129,32489.0,0.3134836733325029,0.31836415482352604,0.004880481491023159,0.015568534843109827,0.0
codex-l,avg_negative_dep,asc,0.015568534843109827,1.0,61129,312.3942307692308,0.3134836733325029,0.31836415482352604,0.004880481491023159,0.015568534843109827,0.0
codex-l,max_negative_dep,asc,0.015568534843109827,1.0,61129,1779.0,0.3134836733325029,0.31836415482352604,0.004880481491023159,0.015568534843109827,0.0
codex-l,avg_candidate_dep_score,desc,0.015568534843109827,1.0,61129,-0.6779599087268058,0.3134836733325029,0.31836415482352604,0.004880481491023159,0.015568534843109827,0.0
codex-l,avg_stage1_score,asc,0.015568534843109827,1.0,61129,0.8619757159361897,0.3134836733325029,0.31836415482352604,0.004880481491023159,0.015568534843109827,0.0
codex-l,unique_synergy_edges,asc,0.015568534843109827,1.0,61129,888.0,0.3134836733325029,0.31836415482352604,0.004880481491023159,0.015568534843109827,0.0
codex-l,num_pos_dep,asc,0.015568534843109827,1.0,61129,888.0,0.3134836733325029,0.31836415482352604,0.004880481491023159,0.015568534843109827,0.0
codex-l,pos_mass,asc,0.015568534843109827,1.0,61129,958.33836,0.3134836733325029,0.31836415482352604,0.004880481491023159,0.015568534843109827,0.0
codex-l,net_dep_mass,asc,0.015568534843109827,1.0,61129,958.31223,0.3134836733325029,0.31836415482352604,0.004880481491023159,0.015568534843109827,0.0
codex-l,abs_dep_mass,asc,0.015568534843109827,1.0,61129,958.3644899999999,0.3134836733325029,0.31836415482352604,0.004880481491023159,0.015568534843109827,0.0
codex-l,rule_mass,asc,0.015568534843109827,1.0,61129,2297.760485614344,0.3134836733325029,0.31836415482352604,0.004880481491023159,0.015568534843109827,0.0
codex-l,rule_dominance_ratio,desc,0.015568534843109827,1.0,61129,0.0009936488252066454,0.3134836733325029,0.31836415482352604,0.004880481491023159,0.015568534843109827,0.0
codex-l,rule_weight_top5_sum,asc,0.015568534843109827,1.0,61129,11.962666648284923,0.3134836733325029,0.31836415482352604,0.004880481491023159,0.015568534843109827,0.0
codex-l,rule_weight_top10_sum,asc,0.015568534843109827,1.0,61129,23.925333296569846,0.3134836733325029,0.31836415482352604,0.004880481491023159,0.015568534843109827,0.0
codex-l,rule_weight_top10_mean,asc,0.015568534843109827,1.0,61129,2.3925333296569846,0.3134836733325029,0.31836415482352604,0.004880481491023159,0.015568534843109827,0.0
codex-l,rule_weight_mean,asc,0.015568534843109827,1.0,61129,1.9030774482593373,0.3134836733325029,0.31836415482352604,0.004880481491023159,0.015568534843109827,0.0
codex-l,combo_dependency_activity,asc,0.015568534843109827,1.0,61129,0.951421607119487,0.3134836733325029,0.31836415482352604,0.004880481491023159,0.015568534843109827,0.0
codex-l,combo_candidate_complexity,asc,0.015568534843109827,1.0,61129,0.9783296252671989,0.3134836733325029,0.31836415482352604,0.004880481491023159,0.015568534843109827,0.0
codex-l,combo_dep_activity_x_uncertainty,asc,0.015568534843109827,1.0,61129,0.6439421439874331,0.3134836733325029,0.31836415482352604,0.004880481491023159,0.015568534843109827,0.0
codex-l,combo_complex_dep_low_conf,asc,0.015568534843109827,1.0,61129,0.750556664340037,0.3134836733325029,0.31836415482352604,0.004880481491023159,0.015568534843109827,0.0
codex-m,s1_entropy,desc,0.008871870362839429,0.2,4119,4.64758212756821,0.08335113987813052,0.08752460563812725,0.004173465759996733,0.05007089004540122,0.04119901968256179
codex-m,effective_candidates,desc,0.008871870362839429,0.2,4119,104.33241788498293,0.08335113987813052,0.08752460563812725,0.004173465759996733,0.05007089004540122,0.04119901968256179
codex-m,num_candidates,desc,0.008871870362839429,0.2,4119,106.0,0.08853988271946703,0.09255591920698654,0.0040160364875195115,0.04535850245300255,0.03648663209016312
codex-m,rule_dominance_ratio,asc,0.008871870362839429,0.23,4737,0.00292781714614903,0.11152761629727266,0.11546893187306762,0.003941315575794954,0.03533936890832057,0.02646749854548114
codex-m,rule_mass,desc,0.008871870362839429,0.25,5148,382.4879283029749,0.16132713966722773,0.16583010842132265,0.0045029687540949215,0.027912034908591732,0.019040164545752303
codex-m,combo_candidate_complexity,desc,0.008871870362839429,0.23,4737,0.7651710128037036,0.15641507282553493,0.1607411851199351,0.004326112294400164,0.027657899051874102,0.018786028689034673
codex-m,avg_stage1_score,desc,0.008871870362839429,0.2,4119,0.4731910917998819,0.1678673134016967,0.17247816287321566,0.004610849471518963,0.027467226216252527,0.018595355853413098
codex-m,avg_stage2_score,desc,0.008871870362839429,0.2,4119,0.4731910917998819,0.1678673134016967,0.17247816287321566,0.004610849471518963,0.027467226216252527,0.018595355853413098
codex-m,num_candidate_rule_edges,desc,0.008871870362839429,0.21,4325,4408.0,0.18919557612421564,0.1935290407682179,0.0043334646440022495,0.022904682724489867,0.014032812361650437
codex-m,avg_rules_per_candidate,desc,0.008871870362839429,0.34,7002,26.92156862745098,0.170599268531645,0.17440574265426692,0.0038064741226219168,0.02231237071169412,0.01344050034885469
codex-m,rule_weight_mean,desc,0.008871870362839429,0.2,4119,0.5013713174815738,0.20012336079087056,0.20457786705680947,0.004454506265938907,0.022258802012594003,0.013386931649754574
codex-m,stage2_top_margin,asc,0.008871870362839429,0.2,4119,0.0,0.22558152361312486,0.23003843132881652,0.004456907715691655,0.019757414722206157,0.010885544359366728
codex-m,s1_norm_margin,asc,0.008871870362839429,0.35,7208,0.019243790159655667,0.1977442437320457,0.2016240979609566,0.003879854228910906,0.019620567232127906,0.010748696869288477
codex-m,rule_weight_top10_sum,desc,0.008871870362839429,0.22,4531,12.960063888753474,0.2533097372274424,0.25822600410878943,0.004916266881347053,0.019408124358570644,0.010536253995731215
codex-m,stage1_top_margin,asc,0.008871870362839429,0.33,6796,0.0021857193227636795,0.19807499920262614,0.2018886838907217,0.0038136846880955644,0.019253740772172234,0.010381870409332805
codex-m,s1_margin,asc,0.008871870362839429,0.33,6796,0.0021857193227636795,0.19807499920262614,0.2018886838907217,0.0038136846880955644,0.019253740772172234,0.010381870409332805
codex-m,rule_weight_top10_mean,desc,0.008871870362839429,0.22,4531,1.3028787828153612,0.2625640949626988,0.26745643473068326,0.004892339767984477,0.018632935202657963,0.009761064839818534
codex-m,max_rules_per_candidate,desc,0.008871870362839429,0.26,5354,71.0,0.22550031158277312,0.22964094561885043,0.004140634036077312,0.01836198809223122,0.00949011772939179
codex-m,combo_dep_activity_x_uncertainty,desc,0.008871870362839429,0.2,4119,0.3912586974188411,0.167092481281668,0.16989388126433744,0.002801399982669428,0.016765565758444234,0.007893695395604805
codex-m,combo_complex_dep_low_conf,desc,0.008871870362839429,0.2,4119,0.5883269395749364,0.14956414794934567,0.15200187886151117,0.002437730912165509,0.01629889880421831,0.00742702844137888
codex-m,rule_weight_top5_sum,desc,0.008871870362839429,0.2,4119,7.491737926995156,0.2976563847034612,0.30225869848885906,0.004602313785397882,0.015461834591530499,0.00658996422869107
codex-m,rule_weight_top5_mean,desc,0.008871870362839429,0.2,4119,1.5103310002148242,0.30273350756607953,0.30731516227177297,0.004581654705693439,0.015134283424815154,0.0062624130619757246
codex-m,combo_stage1_uncertainty,desc,0.008871870362839429,0.47,9679,0.5211479629000146,0.19055312898148802,0.19332732951996875,0.0027742005384807367,0.01455867218401985,0.0056868018211804205
codex-m,rule_weight_top3_sum,desc,0.008871870362839429,0.2,4119,4.857235437123229,0.326135055988746,0.3306556413035733,0.004520585314827297,0.013861083719203915,0.004989213356364486
codex-m,topk_rule_weight,desc,0.008871870362839429,0.2,4119,1.6364367177049182,0.3285659126075123,0.333062597809375,0.004496685201862749,0.01368579341105991,0.004813923048220481
codex-m,rule_weight_top3_mean,desc,0.008871870362839429,0.2,4119,1.6364367177049182,0.3285659126075123,0.333062597809375,0.004496685201862749,0.01368579341105991,0.004813923048220481
codex-m,num_rule_nodes,asc,0.008871870362839429,0.3,6178,145.0,0.23467567083446314,0.23780282764558172,0.003127156811118581,0.013325441022492779,0.00445357065965335
codex-m,num_rules,asc,0.008871870362839429,0.3,6178,145.0,0.23467567083446314,0.23780282764558172,0.003127156811118581,0.013325441022492779,0.00445357065965335
codex-m,query_num_nodes,asc,0.008871870362839429,0.3,6178,145.0,0.23467567083446314,0.23780282764558172,0.003127156811118581,0.013325441022492779,0.00445357065965335
codex-m,sum_negative_dep,asc,0.008871870362839429,0.7,14416,0.0,0.31782223163688317,0.32153642687953893,0.00371419524265576,0.011686392180705774,0.0028145218178663445
codex-m,avg_negative_dep,asc,0.008871870362839429,0.7,14416,0.0,0.31782223163688317,0.32153642687953893,0.00371419524265576,0.011686392180705774,0.0028145218178663445
codex-m,max_negative_dep,asc,0.008871870362839429,0.7,14416,0.0,0.31782223163688317,0.32153642687953893,0.00371419524265576,0.011686392180705774,0.0028145218178663445
codex-m,max_stage1_score,asc,0.008871870362839429,0.21,4325,0.1434222203918619,0.2112288393735166,0.2136920280454103,0.0024631886718936846,0.011661232808925392,0.0027893624460859634
codex-m,s1_top1,asc,0.008871870362839429,0.21,4325,0.1434222203918619,0.2112288393735166,0.2136920280454103,0.0024631886718936846,0.011661232808925392,0.0027893624460859634
codex-m,max_stage2_score,asc,0.008871870362839429,0.21,4325,0.14302259622815103,0.21098573466895704,0.21341238881026436,0.0024266541413073273,0.011501508123830329,0.0026296377609908994
codex-m,max_stage2_score,desc,0.008871870362839429,0.21,4325,0.8088294225761586,0.3781959464142008,0.38252126491959926,0.004325318505398468,0.011436713022464184,0.0025648426596247553
codex-m,max_stage1_score,desc,0.008871870362839429,0.21,4325,0.808805375844027,0.3789922957351791,0.3833138447147802,0.004321548979601075,0.011402735697352506,0.002530865334513077
codex-m,s1_top1,desc,0.008871870362839429,0.21,4325,0.808805375844027,0.3789922957351791,0.3833138447147802,0.004321548979601075,0.011402735697352506,0.002530865334513077
codex-m,candidate_rule_coverage,desc,0.008871870362839429,0.64,13180,1.0,0.3248248133686453,0.32851768344286475,0.003692870074219423,0.011368805344400768,0.0024969349815613384
codex-m,candidate_rule_coverage,asc,0.008871870362839429,0.64,13180,1.0,0.3248248133686453,0.32851768344286475,0.003692870074219423,0.011368805344400768,0.0024969349815613384
codex-m,candidate_dep_coverage,asc,0.008871870362839429,0.65,13386,0.0,0.3207203992097859,0.32434532399902216,0.0036249247892362613,0.011302445364147706,0.002430575001308277
codex-m,dep_candidate_ratio,asc,0.008871870362839429,0.65,13386,0.0,0.3207203992097859,0.32434532399902216,0.0036249247892362613,0.011302445364147706,0.002430575001308277
codex-m,combo_dependency_activity,asc,0.008871870362839429,0.65,13386,0.358001910034154,0.3207203992097859,0.32434532399902216,0.0036249247892362613,0.011302445364147706,0.002430575001308277
codex-m,num_dependency_edges,asc,0.008871870362839429,0.65,13386,0.0,0.32149346395024214,0.32511918150888686,0.0036257175586447143,0.011277733345166352,0.002405862982326923
codex-m,num_dependencies,asc,0.008871870362839429,0.65,13386,0.0,0.32149346395024214,0.32511918150888686,0.0036257175586447143,0.011277733345166352,0.002405862982326923
codex-m,dep_density,asc,0.008871870362839429,0.65,13386,0.0,0.32149346395024214,0.32511918150888686,0.0036257175586447143,0.011277733345166352,0.002405862982326923
codex-m,query_num_edges,asc,0.008871870362839429,0.65,13386,0.0,0.32149346395024214,0.32511918150888686,0.0036257175586447143,0.011277733345166352,0.002405862982326923
codex-m,abs_dep_mass,asc,0.008871870362839429,0.65,13386,0.0,0.32149346395024214,0.32511918150888686,0.0036257175586447143,0.011277733345166352,0.002405862982326923
codex-m,dep_rule_ratio,asc,0.008871870362839429,0.65,13386,0.0,0.32149346395024214,0.32511918150888686,0.0036257175586447143,0.011277733345166352,0.002405862982326923
codex-m,unique_synergy_edges,asc,0.008871870362839429,0.66,13592,0.0,0.31921766695420145,0.3228128249875594,0.0035951580333579702,0.011262403073304172,0.0023905327104647434
codex-m,num_pos_dep,asc,0.008871870362839429,0.66,13592,0.0,0.31921766695420145,0.3228128249875594,0.0035951580333579702,0.011262403073304172,0.0023905327104647434
codex-m,pos_dep_ratio,asc,0.008871870362839429,0.66,13592,0.0,0.31921766695420145,0.3228128249875594,0.0035951580333579702,0.011262403073304172,0.0023905327104647434
codex-m,pos_mass,asc,0.008871870362839429,0.66,13592,0.0,0.31921766695420145,0.3228128249875594,0.0035951580333579702,0.011262403073304172,0.0023905327104647434
codex-m,syn_rule_ratio,asc,0.008871870362839429,0.66,13592,0.0,0.31921766695420145,0.3228128249875594,0.0035951580333579702,0.011262403073304172,0.0023905327104647434
codex-m,synergy_weight_top1_sum,asc,0.008871870362839429,0.66,13592,0.0,0.31921766695420145,0.3228128249875594,0.0035951580333579702,0.011262403073304172,0.0023905327104647434
codex-m,synergy_weight_top1_mean,asc,0.008871870362839429,0.66,13592,0.0,0.31921766695420145,0.3228128249875594,0.0035951580333579702,0.011262403073304172,0.0023905327104647434
codex-m,synergy_weight_top3_sum,asc,0.008871870362839429,0.66,13592,0.0,0.31921766695420145,0.3228128249875594,0.0035951580333579702,0.011262403073304172,0.0023905327104647434
codex-m,synergy_weight_top3_mean,asc,0.008871870362839429,0.66,13592,0.0,0.31921766695420145,0.3228128249875594,0.0035951580333579702,0.011262403073304172,0.0023905327104647434
codex-m,synergy_weight_top5_sum,asc,0.008871870362839429,0.66,13592,0.0,0.31921766695420145,0.3228128249875594,0.0035951580333579702,0.011262403073304172,0.0023905327104647434
codex-m,synergy_weight_top5_mean,asc,0.008871870362839429,0.66,13592,0.0,0.31921766695420145,0.3228128249875594,0.0035951580333579702,0.011262403073304172,0.0023905327104647434
codex-m,synergy_weight_top10_sum,asc,0.008871870362839429,0.66,13592,0.0,0.31921766695420145,0.3228128249875594,0.0035951580333579702,0.011262403073304172,0.0023905327104647434
codex-m,synergy_weight_top10_mean,asc,0.008871870362839429,0.66,13592,0.0,0.31921766695420145,0.3228128249875594,0.0035951580333579702,0.011262403073304172,0.0023905327104647434
codex-m,synergy_weight_max,asc,0.008871870362839429,0.66,13592,0.0,0.31921766695420145,0.3228128249875594,0.0035951580333579702,0.011262403073304172,0.0023905327104647434
codex-m,synergy_weight_mean,asc,0.008871870362839429,0.66,13592,0.0,0.31921766695420145,0.3228128249875594,0.0035951580333579702,0.011262403073304172,0.0023905327104647434
codex-m,topk_synergy,asc,0.008871870362839429,0.66,13592,0.0,0.31921766695420145,0.3228128249875594,0.0035951580333579702,0.011262403073304172,0.0023905327104647434
codex-m,topk_synergy_sum,asc,0.008871870362839429,0.66,13592,0.0,0.31921766695420145,0.3228128249875594,0.0035951580333579702,0.011262403073304172,0.0023905327104647434
codex-m,net_dep_mass,asc,0.008871870362839429,0.67,13798,0.0,0.3182249998948889,0.3218013276629354,0.0035763277680465055,0.011238362068435093,0.0023664917055956636
codex-m,unique_redundancy_edges,asc,0.008871870362839429,0.62,12768,0.0,0.32903505749079387,0.33271953043897523,0.003684472948181361,0.011197812708101607,0.0023259423452621775
codex-m,num_neg_dep,asc,0.008871870362839429,0.62,12768,0.0,0.32903505749079387,0.33271953043897523,0.003684472948181361,0.011197812708101607,0.0023259423452621775
codex-m,neg_dep_ratio,asc,0.008871870362839429,0.62,12768,0.0,0.32903505749079387,0.33271953043897523,0.003684472948181361,0.011197812708101607,0.0023259423452621775
codex-m,neg_mass,asc,0.008871870362839429,0.62,12768,0.0,0.32903505749079387,0.33271953043897523,0.003684472948181361,0.011197812708101607,0.0023259423452621775
codex-m,red_rule_ratio,asc,0.008871870362839429,0.62,12768,0.0,0.32903505749079387,0.33271953043897523,0.003684472948181361,0.011197812708101607,0.0023259423452621775
codex-m,redundancy_weight_top1_sum,asc,0.008871870362839429,0.62,12768,0.0,0.32903505749079387,0.33271953043897523,0.003684472948181361,0.011197812708101607,0.0023259423452621775
codex-m,redundancy_weight_top1_mean,asc,0.008871870362839429,0.62,12768,0.0,0.32903505749079387,0.33271953043897523,0.003684472948181361,0.011197812708101607,0.0023259423452621775
codex-m,redundancy_weight_top3_sum,asc,0.008871870362839429,0.62,12768,0.0,0.32903505749079387,0.33271953043897523,0.003684472948181361,0.011197812708101607,0.0023259423452621775
codex-m,redundancy_weight_top3_mean,asc,0.008871870362839429,0.62,12768,0.0,0.32903505749079387,0.33271953043897523,0.003684472948181361,0.011197812708101607,0.0023259423452621775
codex-m,redundancy_weight_top5_sum,asc,0.008871870362839429,0.62,12768,0.0,0.32903505749079387,0.33271953043897523,0.003684472948181361,0.011197812708101607,0.0023259423452621775
codex-m,redundancy_weight_top5_mean,asc,0.008871870362839429,0.62,12768,0.0,0.32903505749079387,0.33271953043897523,0.003684472948181361,0.011197812708101607,0.0023259423452621775
codex-m,redundancy_weight_top10_sum,asc,0.008871870362839429,0.62,12768,0.0,0.32903505749079387,0.33271953043897523,0.003684472948181361,0.011197812708101607,0.0023259423452621775
codex-m,redundancy_weight_top10_mean,asc,0.008871870362839429,0.62,12768,0.0,0.32903505749079387,0.33271953043897523,0.003684472948181361,0.011197812708101607,0.0023259423452621775
codex-m,redundancy_weight_max,asc,0.008871870362839429,0.62,12768,0.0,0.32903505749079387,0.33271953043897523,0.003684472948181361,0.011197812708101607,0.0023259423452621775
codex-m,redundancy_weight_mean,asc,0.008871870362839429,0.62,12768,0.0,0.32903505749079387,0.33271953043897523,0.003684472948181361,0.011197812708101607,0.0023259423452621775
codex-m,topk_redundancy,asc,0.008871870362839429,0.62,12768,0.0,0.32903505749079387,0.33271953043897523,0.003684472948181361,0.011197812708101607,0.0023259423452621775
codex-m,sum_positive_dep,asc,0.008871870362839429,0.66,13592,0.0,0.3201305503352517,0.32371432632629815,0.0035837759910464784,0.01119473285912087,0.0023228624962814415
codex-m,avg_positive_dep,asc,0.008871870362839429,0.66,13592,0.0,0.3201305503352517,0.32371432632629815,0.0035837759910464784,0.01119473285912087,0.0023228624962814415
codex-m,max_positive_dep,asc,0.008871870362839429,0.66,13592,0.0,0.3201305503352517,0.32371432632629815,0.0035837759910464784,0.01119473285912087,0.0023228624962814415
codex-m,max_candidate_dep_score,asc,0.008871870362839429,0.62,12768,0.0,0.32549777570514543,0.3290995763834578,0.0036018006783123946,0.011065515487808097,0.0021936451249686684
codex-m,avg_candidate_dep_score,desc,0.008871870362839429,0.8,16475,0.0,0.3226640165098834,0.3260317855229824,0.003367769013098987,0.01043738638577274,0.001565516022933311
codex-m,top1_rule_weight,desc,0.008871870362839429,0.35,7208,1.3327589133266502,0.4134747918496881,0.4176757092145694,0.004200917364881318,0.010160032600992297,0.001288162238152868
codex-m,weak_rule_score,asc,0.008871870362839429,0.35,7208,-0.3327589133266502,0.4134747918496881,0.4176757092145694,0.004200917364881318,0.010160032600992297,0.001288162238152868
codex-m,rule_weight_top1_sum,desc,0.008871870362839429,0.35,7208,1.3327589133266502,0.4134747918496881,0.4176757092145694,0.004200917364881318,0.010160032600992297,0.001288162238152868
codex-m,rule_weight_top1_mean,desc,0.008871870362839429,0.35,7208,1.3327589133266502,0.4134747918496881,0.4176757092145694,0.004200917364881318,0.010160032600992297,0.001288162238152868
codex-m,rule_weight_max,desc,0.008871870362839429,0.35,7208,1.3327589133266502,0.4134747918496881,0.4176757092145694,0.004200917364881318,0.010160032600992297,0.001288162238152868
codex-m,combo_low_rule_confidence,asc,0.008871870362839429,0.35,7208,0.3499490118001263,0.4134747918496881,0.4176757092145694,0.004200917364881318,0.010160032600992297,0.001288162238152868
codex-m,top1_rule_weight,asc,0.008871870362839429,0.3,6178,0.5524472984568102,0.22648911219701343,0.22876893284844593,0.002279820651432507,0.010065917205986485,0.0011940468431470563
codex-m,weak_rule_score,desc,0.008871870362839429,0.3,6178,0.4475527015431898,0.22648911219701343,0.22876893284844593,0.002279820651432507,0.010065917205986485,0.0011940468431470563
codex-m,rule_weight_top1_sum,asc,0.008871870362839429,0.3,6178,0.5524472984568102,0.22648911219701343,0.22876893284844593,0.002279820651432507,0.010065917205986485,0.0011940468431470563
codex-m,rule_weight_top1_mean,asc,0.008871870362839429,0.3,6178,0.5524472984568102,0.22648911219701343,0.22876893284844593,0.002279820651432507,0.010065917205986485,0.0011940468431470563
codex-m,rule_weight_max,asc,0.008871870362839429,0.3,6178,0.5524472984568102,0.22648911219701343,0.22876893284844593,0.002279820651432507,0.010065917205986485,0.0011940468431470563
codex-m,combo_low_rule_confidence,desc,0.008871870362839429,0.3,6178,0.7000922643616763,0.22648911219701343,0.22876893284844593,0.002279820651432507,0.010065917205986485,0.0011940468431470563
codex-m,avg_candidate_dep_score,asc,0.008871870362839429,0.81,16681,0.0,0.32415469229923455,0.3273934247904516,0.0032387324912170334,0.00999131762753347,0.00111944726469404
codex-m,max_candidate_dep_score,desc,0.008871870362839429,0.86,17711,0.0,0.32241570206739417,0.3256300391590387,0.003214337091644537,0.00996954264644545,0.0010976722836060215
codex-m,net_dep_mass,desc,0.008871870362839429,0.95,19564,0.0,0.3261697899448323,0.3292746434006629,0.003104853455830614,0.00951913252406289,0.0006472621612234608
codex-m,sum_positive_dep,desc,0.008871870362839429,0.96,19770,0.0,0.32513437102898785,0.3282280123577559,0.0030936413287680486,0.009514962441458552,0.000643092078619123
codex-m,avg_positive_dep,desc,0.008871870362839429,0.96,19770,0.0,0.32513437102898785,0.3282280123577559,0.0030936413287680486,0.009514962441458552,0.000643092078619123
codex-m,max_positive_dep,desc,0.008871870362839429,0.96,19770,0.0,0.32513437102898785,0.3282280123577559,0.0030936413287680486,0.009514962441458552,0.000643092078619123
codex-m,unique_redundancy_edges,desc,0.008871870362839429,0.96,19770,0.0,0.32499374942536363,0.32808584465889645,0.003092095233532821,0.009514322164657418,0.0006424518018179892
codex-m,num_neg_dep,desc,0.008871870362839429,0.96,19770,0.0,0.32499374942536363,0.32808584465889645,0.003092095233532821,0.009514322164657418,0.0006424518018179892
codex-m,neg_dep_ratio,desc,0.008871870362839429,0.96,19770,0.0,0.32499374942536363,0.32808584465889645,0.003092095233532821,0.009514322164657418,0.0006424518018179892
codex-m,neg_mass,desc,0.008871870362839429,0.96,19770,0.0,0.32499374942536363,0.32808584465889645,0.003092095233532821,0.009514322164657418,0.0006424518018179892
codex-m,red_rule_ratio,desc,0.008871870362839429,0.96,19770,0.0,0.32499374942536363,0.32808584465889645,0.003092095233532821,0.009514322164657418,0.0006424518018179892
codex-m,redundancy_weight_top1_sum,desc,0.008871870362839429,0.96,19770,0.0,0.32499374942536363,0.32808584465889645,0.003092095233532821,0.009514322164657418,0.0006424518018179892
codex-m,redundancy_weight_top1_mean,desc,0.008871870362839429,0.96,19770,0.0,0.32499374942536363,0.32808584465889645,0.003092095233532821,0.009514322164657418,0.0006424518018179892
codex-m,redundancy_weight_top3_sum,desc,0.008871870362839429,0.96,19770,0.0,0.32499374942536363,0.32808584465889645,0.003092095233532821,0.009514322164657418,0.0006424518018179892
codex-m,redundancy_weight_top3_mean,desc,0.008871870362839429,0.96,19770,0.0,0.32499374942536363,0.32808584465889645,0.003092095233532821,0.009514322164657418,0.0006424518018179892
codex-m,redundancy_weight_top5_sum,desc,0.008871870362839429,0.96,19770,0.0,0.32499374942536363,0.32808584465889645,0.003092095233532821,0.009514322164657418,0.0006424518018179892
codex-m,redundancy_weight_top5_mean,desc,0.008871870362839429,0.96,19770,0.0,0.32499374942536363,0.32808584465889645,0.003092095233532821,0.009514322164657418,0.0006424518018179892
codex-m,redundancy_weight_top10_sum,desc,0.008871870362839429,0.96,19770,0.0,0.32499374942536363,0.32808584465889645,0.003092095233532821,0.009514322164657418,0.0006424518018179892
codex-m,redundancy_weight_top10_mean,desc,0.008871870362839429,0.96,19770,0.0,0.32499374942536363,0.32808584465889645,0.003092095233532821,0.009514322164657418,0.0006424518018179892
codex-m,redundancy_weight_max,desc,0.008871870362839429,0.96,19770,0.0,0.32499374942536363,0.32808584465889645,0.003092095233532821,0.009514322164657418,0.0006424518018179892
codex-m,redundancy_weight_mean,desc,0.008871870362839429,0.96,19770,0.0,0.32499374942536363,0.32808584465889645,0.003092095233532821,0.009514322164657418,0.0006424518018179892
codex-m,topk_redundancy,desc,0.008871870362839429,0.96,19770,0.0,0.32499374942536363,0.32808584465889645,0.003092095233532821,0.009514322164657418,0.0006424518018179892
codex-m,sum_negative_dep,desc,0.008871870362839429,0.96,19770,0.0,0.32508767434035085,0.3281728516802207,0.003085177339869849,0.00949029318361605,0.0006184228207766207
codex-m,avg_negative_dep,desc,0.008871870362839429,0.96,19770,0.0,0.32508767434035085,0.3281728516802207,0.003085177339869849,0.00949029318361605,0.0006184228207766207
codex-m,max_negative_dep,desc,0.008871870362839429,0.96,19770,0.0,0.32508767434035085,0.3281728516802207,0.003085177339869849,0.00949029318361605,0.0006184228207766207
codex-m,num_dependency_edges,desc,0.008871870362839429,0.96,19770,0.0,0.3252866134376857,0.32837050888877034,0.0030838954510846173,0.00948054830321321,0.0006086779403737808
codex-m,num_dependencies,desc,0.008871870362839429,0.96,19770,0.0,0.3252866134376857,0.32837050888877034,0.0030838954510846173,0.00948054830321321,0.0006086779403737808
codex-m,dep_density,desc,0.008871870362839429,0.96,19770,0.0,0.3252866134376857,0.32837050888877034,0.0030838954510846173,0.00948054830321321,0.0006086779403737808
codex-m,query_num_edges,desc,0.008871870362839429,0.96,19770,0.0,0.3252866134376857,0.32837050888877034,0.0030838954510846173,0.00948054830321321,0.0006086779403737808
codex-m,candidate_dep_coverage,desc,0.008871870362839429,0.96,19770,0.0,0.3252866134376857,0.32837050888877034,0.0030838954510846173,0.00948054830321321,0.0006086779403737808
codex-m,dep_candidate_ratio,desc,0.008871870362839429,0.96,19770,0.0,0.3252866134376857,0.32837050888877034,0.0030838954510846173,0.00948054830321321,0.0006086779403737808
codex-m,unique_synergy_edges,desc,0.008871870362839429,0.96,19770,0.0,0.3252866134376857,0.32837050888877034,0.0030838954510846173,0.00948054830321321,0.0006086779403737808
codex-m,num_pos_dep,desc,0.008871870362839429,0.96,19770,0.0,0.3252866134376857,0.32837050888877034,0.0030838954510846173,0.00948054830321321,0.0006086779403737808
codex-m,pos_dep_ratio,desc,0.008871870362839429,0.96,19770,0.0,0.3252866134376857,0.32837050888877034,0.0030838954510846173,0.00948054830321321,0.0006086779403737808
codex-m,pos_mass,desc,0.008871870362839429,0.96,19770,0.0,0.3252866134376857,0.32837050888877034,0.0030838954510846173,0.00948054830321321,0.0006086779403737808
codex-m,abs_dep_mass,desc,0.008871870362839429,0.96,19770,0.0,0.3252866134376857,0.32837050888877034,0.0030838954510846173,0.00948054830321321,0.0006086779403737808
codex-m,dep_rule_ratio,desc,0.008871870362839429,0.96,19770,0.0,0.3252866134376857,0.32837050888877034,0.0030838954510846173,0.00948054830321321,0.0006086779403737808
codex-m,syn_rule_ratio,desc,0.008871870362839429,0.96,19770,0.0,0.3252866134376857,0.32837050888877034,0.0030838954510846173,0.00948054830321321,0.0006086779403737808
codex-m,synergy_weight_top1_sum,desc,0.008871870362839429,0.96,19770,0.0,0.3252866134376857,0.32837050888877034,0.0030838954510846173,0.00948054830321321,0.0006086779403737808
codex-m,synergy_weight_top1_mean,desc,0.008871870362839429,0.96,19770,0.0,0.3252866134376857,0.32837050888877034,0.0030838954510846173,0.00948054830321321,0.0006086779403737808
codex-m,synergy_weight_top3_sum,desc,0.008871870362839429,0.96,19770,0.0,0.3252866134376857,0.32837050888877034,0.0030838954510846173,0.00948054830321321,0.0006086779403737808
codex-m,synergy_weight_top3_mean,desc,0.008871870362839429,0.96,19770,0.0,0.3252866134376857,0.32837050888877034,0.0030838954510846173,0.00948054830321321,0.0006086779403737808
codex-m,synergy_weight_top5_sum,desc,0.008871870362839429,0.96,19770,0.0,0.3252866134376857,0.32837050888877034,0.0030838954510846173,0.00948054830321321,0.0006086779403737808
codex-m,synergy_weight_top5_mean,desc,0.008871870362839429,0.96,19770,0.0,0.3252866134376857,0.32837050888877034,0.0030838954510846173,0.00948054830321321,0.0006086779403737808
codex-m,synergy_weight_top10_sum,desc,0.008871870362839429,0.96,19770,0.0,0.3252866134376857,0.32837050888877034,0.0030838954510846173,0.00948054830321321,0.0006086779403737808
codex-m,synergy_weight_top10_mean,desc,0.008871870362839429,0.96,19770,0.0,0.3252866134376857,0.32837050888877034,0.0030838954510846173,0.00948054830321321,0.0006086779403737808
codex-m,synergy_weight_max,desc,0.008871870362839429,0.96,19770,0.0,0.3252866134376857,0.32837050888877034,0.0030838954510846173,0.00948054830321321,0.0006086779403737808
codex-m,synergy_weight_mean,desc,0.008871870362839429,0.96,19770,0.0,0.3252866134376857,0.32837050888877034,0.0030838954510846173,0.00948054830321321,0.0006086779403737808
codex-m,topk_synergy,desc,0.008871870362839429,0.96,19770,0.0,0.3252866134376857,0.32837050888877034,0.0030838954510846173,0.00948054830321321,0.0006086779403737808
codex-m,topk_synergy_sum,desc,0.008871870362839429,0.96,19770,0.0,0.3252866134376857,0.32837050888877034,0.0030838954510846173,0.00948054830321321,0.0006086779403737808
codex-m,combo_dependency_activity,desc,0.008871870362839429,0.96,19770,0.358001910034154,0.3252866134376857,0.32837050888877034,0.0030838954510846173,0.00948054830321321,0.0006086779403737808
codex-m,avg_stage1_score,asc,0.008871870362839429,0.2,4119,0.009794580956999003,0.33366359243005966,0.33677739475971963,0.003113802329659965,0.009332160895895836,0.00046029053305640666
codex-m,topk_rule_weight,asc,0.008871870362839429,0.29,5972,0.4576720560204781,0.24366185635893903,0.24593403587882273,0.0022721795198837047,0.009325134240693478,0.00045326387785404876
codex-m,rule_weight_top3_sum,asc,0.008871870362839429,0.29,5972,1.3730161680614343,0.24366185635893903,0.24593403587882273,0.0022721795198837047,0.009325134240693478,0.00045326387785404876
codex-m,rule_weight_top3_mean,asc,0.008871870362839429,0.29,5972,0.4576720560204781,0.24366185635893903,0.24593403587882273,0.0022721795198837047,0.009325134240693478,0.00045326387785404876
codex-m,avg_stage2_score,asc,0.008871870362839429,0.2,4119,0.00977771380717912,0.33411599904072886,0.3371979413142922,0.003081942273563343,0.009224168499598395,0.00035229813675896615
codex-m,num_rule_nodes,desc,0.008871870362839429,0.95,19564,42.0,0.3316666392866204,0.33471613979712184,0.003049500510501457,0.009194474660040086,0.0003226042972006571
codex-m,num_rules,desc,0.008871870362839429,0.95,19564,42.0,0.3316666392866204,0.33471613979712184,0.003049500510501457,0.009194474660040086,0.0003226042972006571
codex-m,query_num_nodes,desc,0.008871870362839429,0.95,19564,42.0,0.3316666392866204,0.33471613979712184,0.003049500510501457,0.009194474660040086,0.0003226042972006571
codex-m,stage1_top_margin,desc,0.008871870362839429,0.98,20182,0.0,0.3310007140202553,0.3339670731854415,0.002966359165186172,0.008961790834700833,8.99204718614044e-05
codex-m,s1_margin,desc,0.008871870362839429,0.98,20182,0.0,0.3310007140202553,0.3339670731854415,0.002966359165186172,0.008961790834700833,8.99204718614044e-05
codex-m,s1_norm_margin,desc,0.008871870362839429,0.98,20182,0.0,0.3310007140202553,0.3339670731854415,0.002966359165186172,0.008961790834700833,8.99204718614044e-05
codex-m,stage2_top_margin,desc,0.008871870362839429,0.99,20388,0.0,0.3296961034195742,0.33263725350952167,0.002941150089947442,0.008920791175395015,4.8920812555586224e-05
codex-m,num_candidates,asc,0.008871870362839429,1.0,20594,186.0,0.33044234301942593,0.3333739846490872,0.0029316416296612524,0.008871870362839429,0.0
codex-m,num_candidate_rule_edges,asc,0.008871870362839429,1.0,20594,19503.0,0.33044234301942593,0.3333739846490872,0.0029316416296612524,0.008871870362839429,0.0
codex-m,avg_rules_per_candidate,asc,0.008871870362839429,1.0,20594,190.59,0.33044234301942593,0.3333739846490872,0.0029316416296612524,0.008871870362839429,0.0
codex-m,max_rules_per_candidate,asc,0.008871870362839429,1.0,20594,200.0,0.33044234301942593,0.3333739846490872,0.0029316416296612524,0.008871870362839429,0.0
codex-m,s1_entropy,asc,0.008871870362839429,1.0,20594,5.224083385361909,0.33044234301942593,0.3333739846490872,0.0029316416296612524,0.008871870362839429,0.0
codex-m,effective_candidates,asc,0.008871870362839429,1.0,20594,185.69088551118833,0.33044234301942593,0.3333739846490872,0.0029316416296612524,0.008871870362839429,0.0
codex-m,rule_mass,asc,0.008871870362839429,1.0,20594,2135.5247780077907,0.33044234301942593,0.3333739846490872,0.0029316416296612524,0.008871870362839429,0.0
codex-m,rule_dominance_ratio,desc,0.008871870362839429,1.0,20594,0.0010806872730519863,0.33044234301942593,0.3333739846490872,0.0029316416296612524,0.008871870362839429,0.0
codex-m,rule_weight_top5_sum,asc,0.008871870362839429,1.0,20594,11.989476363991852,0.33044234301942593,0.3333739846490872,0.0029316416296612524,0.008871870362839429,0.0
codex-m,rule_weight_top5_mean,asc,0.008871870362839429,1.0,20594,2.3978952727983702,0.33044234301942593,0.3333739846490872,0.0029316416296612524,0.008871870362839429,0.0
codex-m,rule_weight_top10_sum,asc,0.008871870362839429,1.0,20594,23.747926953740013,0.33044234301942593,0.3333739846490872,0.0029316416296612524,0.008871870362839429,0.0
codex-m,rule_weight_top10_mean,asc,0.008871870362839429,1.0,20594,2.3747926953740013,0.33044234301942593,0.3333739846490872,0.0029316416296612524,0.008871870362839429,0.0
codex-m,rule_weight_mean,asc,0.008871870362839429,1.0,20594,1.9140490469863294,0.33044234301942593,0.3333739846490872,0.0029316416296612524,0.008871870362839429,0.0
codex-m,combo_candidate_complexity,asc,0.008871870362839429,1.0,20594,0.9589666391492254,0.33044234301942593,0.3333739846490872,0.0029316416296612524,0.008871870362839429,0.0
codex-m,combo_stage1_uncertainty,asc,0.008871870362839429,1.0,20594,0.9456975671344632,0.33044234301942593,0.3333739846490872,0.0029316416296612524,0.008871870362839429,0.0
codex-m,combo_dep_activity_x_uncertainty,asc,0.008871870362839429,1.0,20594,0.8497484649109377,0.33044234301942593,0.3333739846490872,0.0029316416296612524,0.008871870362839429,0.0
codex-m,combo_complex_dep_low_conf,asc,0.008871870362839429,1.0,20594,0.7989675563972656,0.33044234301942593,0.3333739846490872,0.0029316416296612524,0.008871870362839429,0.0
