dataset,selector,coverage,n,mrr_stage1,mrr_stage2,gain_pt
FB15k-237,balanced5_rf,0.02,816,0.1922126509994372,0.291697968857874,0.5175794482889062
FB15k-237,balanced5_rf,0.04,1633,0.21224698411334603,0.30014333803305854,0.4141229817087686
FB15k-237,balanced5_rf,0.06,2449,0.22776267443410667,0.3014363662343965,0.32346692443499636
FB15k-237,balanced5_rf,0.08,3266,0.2149302656479615,0.2783706845426501,0.2951674521195584
FB15k-237,balanced5_rf,0.1,4082,0.22703124154572182,0.2818622027632767,0.2415128457398339
FB15k-237,balanced5_rf,0.12,4898,0.2328787723291892,0.28042563938674403,0.20417003482972795
FB15k-237,balanced5_rf,0.14,5715,0.23739945771234575,0.27970437091577255,0.17820138938433128
FB15k-237,balanced5_rf,0.16,6531,0.2404484586230448,0.27818361160385185,0.1569365559542435
FB15k-237,balanced5_rf,0.18,7347,0.2485732141117777,0.2827178160410121,0.13736235439221667
FB15k-237,balanced5_rf,0.2,8164,0.252986566519034,0.2836163275184163,0.12107267757664841
FB15k-237,balanced5_rf,0.22,8980,0.2572788748443611,0.28481264951896385,0.10701918177797953
FB15k-237,balanced5_rf,0.24,9797,0.26194986386412583,0.28709782970964004,0.09600297352534048
FB15k-237,balanced5_rf,0.26,10613,0.266996753383363,0.29019609021672615,0.08688995854587334
FB15k-237,balanced5_rf,0.28,11429,0.27294798592058245,0.29418751279767397,0.07781529072455373
FB15k-237,balanced5_rf,0.3,12246,0.2827055331276,0.3023768082804575,0.06958220780199165
FB15k-237,balanced5_rf,0.32,13062,0.2840471792793663,0.3024837763820654,0.06490681283818112
FB15k-237,balanced5_rf,0.34,13878,0.28079338469337883,0.2981103149750374,0.061671432539510684
FB15k-237,balanced5_rf,0.36,14695,0.27772688207577306,0.2940243708483146,0.05868171150999735
FB15k-237,balanced5_rf,0.38,15511,0.2731802865706403,0.2885456524282212,0.05624624693995872
FB15k-237,balanced5_rf,0.4,16328,0.27254089772318213,0.2869778982341582,0.05297186819146549
FB15k-237,balanced5_rf,0.42,17144,0.27160265362719666,0.2851743964318533,0.049969109739573137
FB15k-237,balanced5_rf,0.44,17960,0.2729829312279514,0.2859272067012498,0.04741789318134848
FB15k-237,balanced5_rf,0.46,18777,0.2776734762197343,0.2899850981422459,0.044338487384977476
FB15k-237,balanced5_rf,0.48,19593,0.28201455433055195,0.2938019207394083,0.04179701447266537
FB15k-237,balanced5_rf,0.5,20410,0.28632727479677433,0.2976518366017917,0.039551110920379884
FB15k-237,balanced5_rf,0.52,21226,0.28978984940621816,0.3006667568639429,0.03753377656260781
FB15k-237,balanced5_rf,0.54,22042,0.2971257707187591,0.307599780687012,0.03525109903094514
FB15k-237,balanced5_rf,0.56,22859,0.3103030854545305,0.3204048790258391,0.032554602402717014
FB15k-237,balanced5_rf,0.58,23675,0.3238663596604396,0.3336225570492617,0.030124145647763667
FB15k-237,balanced5_rf,0.6,24491,0.3372792457433524,0.3467101297917743,0.02796164948612989
FB15k-237,balanced5_rf,0.62,25308,0.34696668137254727,0.3560931183448767,0.026303496739878973
FB15k-237,balanced5_rf,0.64,26124,0.35633362008960145,0.3651845566573443,0.024838903961734493
FB15k-237,balanced5_rf,0.66,26941,0.3587855880400236,0.3673573793324658,0.02389112488957057
FB15k-237,balanced5_rf,0.68,27757,0.3632165312804239,0.37153481766436924,0.022901728494078677
FB15k-237,balanced5_rf,0.7,28573,0.36617631053719946,0.37425712504182446,0.022068097449477353
FB15k-237,balanced5_rf,0.72,29390,0.36444089587097034,0.3722928912193304,0.021545318973038796
FB15k-237,balanced5_rf,0.74,30206,0.3677196049998639,0.37536236524411587,0.020784206608333466
FB15k-237,balanced5_rf,0.76,31022,0.3691623366144381,0.37660407848918426,0.020158453711702773
FB15k-237,balanced5_rf,0.78,31839,0.37091074853190276,0.3781615326783388,0.019548595383485967
FB15k-237,balanced5_rf,0.8,32655,0.3692836693429453,0.37635326715150064,0.01914408460339989
FB15k-237,balanced5_rf,0.82,33472,0.36633172343486414,0.37322876324241605,0.01882730696343371
FB15k-237,balanced5_rf,0.84,34288,0.36292265805032853,0.3696555592530343,0.018551889922981957
FB15k-237,balanced5_rf,0.86,35104,0.35730620685029924,0.3638826003222219,0.018405483436446435
FB15k-237,balanced5_rf,0.88,35921,0.35135892220283294,0.35778573984260836,0.018291317606175195
FB15k-237,balanced5_rf,0.9,36737,0.34967797465564243,0.355962081944222,0.01797112699124992
FB15k-237,balanced5_rf,0.92,37553,0.3486486359573061,0.3547882365239632,0.017609707692672227
FB15k-237,balanced5_rf,0.94,38370,0.3516214071189964,0.3575570421836416,0.01688075567775771
FB15k-237,balanced5_rf,0.96,39186,0.3552849939717018,0.3608021999453321,0.015528958631080503
FB15k-237,balanced5_rf,0.98,40003,0.35402608750507214,0.3590437971969992,0.014173276685027325
FB15k-237,balanced5_rf,1.0,40819,0.352811985517237,0.3560530550713822,0.009186393000208293
KG20C,balanced5_rf,0.02,149,0.1639122037341494,0.25352572785023314,0.5467166084926092
KG20C,balanced5_rf,0.04,298,0.19113797192353638,0.2715920232591588,0.42092134035934836
KG20C,balanced5_rf,0.06,447,0.18564197958883158,0.2605536031105122,0.4035273901280212
KG20C,balanced5_rf,0.08,596,0.1847890851334493,0.25165132322565437,0.36183001849876084
KG20C,balanced5_rf,0.1,745,0.18729952999328411,0.24872081907473878,0.32793082333766144
KG20C,balanced5_rf,0.12,894,0.19015289765375268,0.24816127913133357,0.30506178024805974
KG20C,balanced5_rf,0.14,1043,0.18786310644523585,0.24178136263272282,0.28700822214501565
KG20C,balanced5_rf,0.16,1192,0.18420781901968064,0.23288641148792635,0.26425910000619957
KG20C,balanced5_rf,0.18,1341,0.17630481321451036,0.22312022047457575,0.2655367508492523
KG20C,balanced5_rf,0.2,1490,0.1790873526927928,0.22216139173965782,0.24051971509542835
KG20C,balanced5_rf,0.22,1639,0.18215047373135398,0.222485741093408,0.22143926686428927
KG20C,balanced5_rf,0.24,1788,0.17760097414735065,0.21659733456822267,0.21957289709750016
KG20C,balanced5_rf,0.26,1936,0.18043870898067646,0.21838035560606647,0.2102744296926513
KG20C,balanced5_rf,0.28,2085,0.1833051158174499,0.2193935556123342,0.19687633721485498
KG20C,balanced5_rf,0.3,2234,0.1829681779229541,0.2176775076286862,0.18970145573810004
KG20C,balanced5_rf,0.32,2383,0.18466082618533589,0.21818819234100045,0.1815618767026128
KG20C,balanced5_rf,0.34,2532,0.182095605689702,0.21459112648379924,0.17845307508117947
KG20C,balanced5_rf,0.36,2681,0.1808359606636891,0.21238986607793034,0.17448910768872916
KG20C,balanced5_rf,0.38,2830,0.1796558656621512,0.21016798425277594,0.16983647307126493
KG20C,balanced5_rf,0.4,2979,0.17798246721827532,0.20784730561714768,0.16779651875623514
KG20C,balanced5_rf,0.42,3128,0.17563867904743458,0.20386635561429828,0.16071446631206032
KG20C,balanced5_rf,0.44,3277,0.1753766554983164,0.20250291381998367,0.15467428230165825
KG20C,balanced5_rf,0.46,3426,0.17419957311289136,0.20032815172135646,0.14999220802643576
KG20C,balanced5_rf,0.48,3575,0.17247090396047202,0.19749250642139468,0.14507723845789822
KG20C,balanced5_rf,0.5,3724,0.1742508454660243,0.1976869185958344,0.13449618030335309
KG20C,balanced5_rf,0.52,3873,0.17411281118766248,0.19636136464172513,0.1277824032723398
KG20C,balanced5_rf,0.54,4022,0.1728924933228345,0.19417005213768732,0.12306814718162573
KG20C,balanced5_rf,0.56,4171,0.17245814679870775,0.19260906213136542,0.11684525032138793
KG20C,balanced5_rf,0.58,4320,0.17168115680649063,0.1911643803960721,0.1134849272453462
KG20C,balanced5_rf,0.6,4469,0.1710691939067755,0.1899373309069337,0.11029535224466214
KG20C,balanced5_rf,0.62,4618,0.17098816420213414,0.1889143745518978,0.10483889591663287
KG20C,balanced5_rf,0.64,4767,0.17327529492882815,0.19066253976098996,0.10034462696660551
KG20C,balanced5_rf,0.66,4916,0.17623942529245606,0.19281281049014595,0.09403903337852815
KG20C,balanced5_rf,0.68,5065,0.17629845592025437,0.1923114818867498,0.09082907665248441
KG20C,balanced5_rf,0.7,5214,0.17804295482855506,0.19356442558347847,0.08717823611650166
KG20C,balanced5_rf,0.72,5363,0.18195892135502875,0.19689902911879442,0.08210703631626459
KG20C,balanced5_rf,0.74,5512,0.18956830059219948,0.20382682288915613,0.07521575206621534
KG20C,balanced5_rf,0.76,5660,0.19460895329927866,0.20816803961916813,0.06967349697954384
KG20C,balanced5_rf,0.78,5809,0.20430249015068117,0.21733115645587775,0.06377145131998851
KG20C,balanced5_rf,0.8,5958,0.2076761096425272,0.2200782679837317,0.05971875321890585
KG20C,balanced5_rf,0.82,6107,0.207494648897297,0.21951553246932953,0.05793346303587077
KG20C,balanced5_rf,0.84,6256,0.20833590561565216,0.2199292882680477,0.05564754965369989
KG20C,balanced5_rf,0.86,6405,0.2138165152163468,0.22509975098744314,0.05277064664382736
KG20C,balanced5_rf,0.88,6554,0.21624007111511614,0.22715314335299505,0.0504673910880713
KG20C,balanced5_rf,0.9,6703,0.22511861938005615,0.23573874216444643,0.0471756748226182
KG20C,balanced5_rf,0.92,6852,0.22837414745154533,0.2386418508717381,0.044960007666241086
KG20C,balanced5_rf,0.94,7001,0.22634388891586496,0.236166212267653,0.043395575638621064
KG20C,balanced5_rf,0.96,7150,0.2276250342613093,0.23681893144638796,0.040390536194381044
KG20C,balanced5_rf,0.98,7299,0.22612885370679414,0.23485375183832954,0.038583745455360585
KG20C,balanced5_rf,1.0,7448,0.22638074035722047,0.23398674950607826,0.033598304947920044
WN18RR,balanced5_rf,0.02,121,0.49923980086671027,0.5479466515608375,0.09756203453644785
WN18RR,balanced5_rf,0.04,242,0.4565971406176133,0.4893780250157285,0.0717938889275005
WN18RR,balanced5_rf,0.06,363,0.44576045936803216,0.4726698529125982,0.060367385619434
WN18RR,balanced5_rf,0.08,484,0.3919583367086819,0.4126749087646447,0.05285401563319758
WN18RR,balanced5_rf,0.1,606,0.3550701864474495,0.3720513347751991,0.0478247652883772
WN18RR,balanced5_rf,0.12,727,0.36827826031524,0.3852445296126971,0.04606915782358212
WN18RR,balanced5_rf,0.14,848,0.3583997665958652,0.3743452414626782,0.044490751258756456
WN18RR,balanced5_rf,0.16,969,0.351110525751051,0.36554653927258984,0.04111529693010252
WN18RR,balanced5_rf,0.18,1090,0.34936565929543906,0.36240031325337074,0.03730948824282976
WN18RR,balanced5_rf,0.2,1211,0.34093952215284085,0.35276669413964795,0.034689941230999555
WN18RR,balanced5_rf,0.22,1332,0.346465444977733,0.3575483918926206,0.031988606874200354
WN18RR,balanced5_rf,0.24,1453,0.3383820490481445,0.3489447896876712,0.031215428446157878
WN18RR,balanced5_rf,0.26,1574,0.32377695055406686,0.333639298932314,0.03046031646591918
WN18RR,balanced5_rf,0.28,1695,0.3144811280677004,0.3238196039997415,0.0296948690988883
WN18RR,balanced5_rf,0.3,1816,0.30988977108854393,0.3187547217790999,0.02860678705017028
WN18RR,balanced5_rf,0.32,1938,0.3020786264176968,0.31045824587050397,0.027739862141786586
WN18RR,balanced5_rf,0.34,2059,0.297667011952932,0.3057129589427561,0.027030025722488693
WN18RR,balanced5_rf,0.36,2180,0.28491190558623813,0.2925373189620582,0.026764109278374804
WN18RR,balanced5_rf,0.38,2301,0.27743765482059984,0.2846949761841911,0.02615838635272505
WN18RR,balanced5_rf,0.4,2422,0.2736455649839274,0.28059961879972617,0.02541263117568615
WN18RR,balanced5_rf,0.42,2543,0.2702485182353653,0.27698457218325423,0.024925405666877287
WN18RR,balanced5_rf,0.44,2664,0.2646285245423464,0.2711203946120579,0.024532011735842296
WN18RR,balanced5_rf,0.46,2785,0.2596864376925248,0.26592838317409623,0.0240364708185572
WN18RR,balanced5_rf,0.48,2906,0.2540434536839532,0.26005502890065774,0.023663570658991828
WN18RR,balanced5_rf,0.5,3028,0.24649290267099702,0.25228018691432336,0.02347850254760009
WN18RR,balanced5_rf,0.52,3149,0.24236223201527143,0.24795902506709608,0.023092678282777834
WN18RR,balanced5_rf,0.54,3270,0.23882374873084444,0.24422412933151938,0.022612410320889786
WN18RR,balanced5_rf,0.56,3391,0.23823541948669077,0.24349842622397352,0.02209162159271938
WN18RR,balanced5_rf,0.58,3512,0.23655840147985457,0.24171325862381504,0.021791055027903683
WN18RR,balanced5_rf,0.6,3633,0.23504687150458303,0.23993770783404006,0.020807919280736664
WN18RR,balanced5_rf,0.62,3754,0.24568190016032737,0.2504481495793564,0.019400083668836388
WN18RR,balanced5_rf,0.64,3875,0.25876345686231167,0.26331447153543514,0.017587547825754557
WN18RR,balanced5_rf,0.66,3996,0.27560928823881503,0.2799562705910458,0.015772263627284122
WN18RR,balanced5_rf,0.68,4117,0.29585853835470055,0.3000807749212666,0.01427113305583938
WN18RR,balanced5_rf,0.7,4238,0.315562281249964,0.31966396766655863,0.012998024986850654
WN18RR,balanced5_rf,0.72,4360,0.33470708929875415,0.3386940037559853,0.011911652261636041
WN18RR,balanced5_rf,0.74,4481,0.3526651587261238,0.3565444149264202,0.010999828319612881
WN18RR,balanced5_rf,0.76,4602,0.36968680567679385,0.3734600082686276,0.010206484337264898
WN18RR,balanced5_rf,0.78,4723,0.38582913341055336,0.3895056691563969,0.009528922073210655
WN18RR,balanced5_rf,0.8,4844,0.40116434250196215,0.4047490407529157,0.008935734987303823
WN18RR,balanced5_rf,0.82,4965,0.4157523918382235,0.41924972886292017,0.008412067118203304
WN18RR,balanced5_rf,0.84,5086,0.42964573946397594,0.43305987204903673,0.007946389947495414
WN18RR,balanced5_rf,0.86,5207,0.44270637333115165,0.44604107884487754,0.007532544626890791
WN18RR,balanced5_rf,0.88,5328,0.45535688033273175,0.4586158539832519,0.00715696586848269
WN18RR,balanced5_rf,0.9,5450,0.4675434878786633,0.47072950835755706,0.006814383178235239
WN18RR,balanced5_rf,0.92,5571,0.47910258443076625,0.48221940575727334,0.006505540624896167
WN18RR,balanced5_rf,0.94,5692,0.4901699779179105,0.4932205421501612,0.00622348240340731
WN18RR,balanced5_rf,0.96,5813,0.5007771332726589,0.503764198748312,0.005964859969008751
WN18RR,balanced5_rf,0.98,5934,0.5108710146078359,0.5137955979002216,0.005724699990330651
WN18RR,balanced5_rf,1.0,6055,0.5112021246888967,0.5133269561687425,0.004156538827257084
YAGO3-10,balanced5_rf,0.02,200,0.2729923135646304,0.48318378755939745,0.7699538175641882
YAGO3-10,balanced5_rf,0.04,399,0.31640194658381726,0.49947719941927776,0.5786160762034456
YAGO3-10,balanced5_rf,0.06,598,0.3496968606613677,0.5302879530116288,0.5164218289198148
YAGO3-10,balanced5_rf,0.08,798,0.365149216432439,0.5286839678744142,0.4478573253962681
YAGO3-10,balanced5_rf,0.1,998,0.3825753109590961,0.5313558148790156,0.38889206819680733
YAGO3-10,balanced5_rf,0.12,1197,0.400862295634929,0.5437542813679122,0.35646152628711425
YAGO3-10,balanced5_rf,0.14,1397,0.4103662804276038,0.5403518031717045,0.3167548820255288
YAGO3-10,balanced5_rf,0.16,1596,0.4134312680460742,0.5323695463501036,0.2876857352036917
YAGO3-10,balanced5_rf,0.18,1796,0.4230483335773239,0.5327166440730025,0.25923352437844693
YAGO3-10,balanced5_rf,0.2,1995,0.42255197970050334,0.5259033365832902,0.24458850472323035
YAGO3-10,balanced5_rf,0.22,2194,0.4264128210129357,0.5240231258779828,0.22891034240756558
YAGO3-10,balanced5_rf,0.24,2394,0.42758686270673313,0.5192998775044001,0.21448978627898052
YAGO3-10,balanced5_rf,0.26,2594,0.4294522433115922,0.5156977615443442,0.20082679640393897
YAGO3-10,balanced5_rf,0.28,2793,0.4301866735439073,0.5127191764018458,0.19185276516827
YAGO3-10,balanced5_rf,0.3,2992,0.43676091392433464,0.5148868019270646,0.17887563999434408
YAGO3-10,balanced5_rf,0.32,3192,0.44626408446497756,0.5209455055340627,0.16734804271470805
YAGO3-10,balanced5_rf,0.34,3392,0.45106567435387485,0.5217573587595707,0.15672148962999155
YAGO3-10,balanced5_rf,0.36,3591,0.45502145338269184,0.5218946682368784,0.14696716903574947
YAGO3-10,balanced5_rf,0.38,3790,0.4601859525051865,0.5235653976337882,0.1377257275750663
YAGO3-10,balanced5_rf,0.4,3990,0.4682996139993587,0.528075368574662,0.1276442533548301
YAGO3-10,balanced5_rf,0.42,4190,0.47473097440296086,0.5314849849678385,0.1195498369076371
YAGO3-10,balanced5_rf,0.44,4389,0.48234562548933013,0.5356582171896175,0.11052778108270966
YAGO3-10,balanced5_rf,0.46,4588,0.48768093122668904,0.5384704799868266,0.10414503727341562
YAGO3-10,balanced5_rf,0.48,4788,0.4965293791221025,0.5448667682805277,0.09735051175398524
YAGO3-10,balanced5_rf,0.5,4988,0.5050876514483057,0.5513880068254852,0.09166796148038125
YAGO3-10,balanced5_rf,0.52,5187,0.5101534137173931,0.5539801220448985,0.0859088798566463
YAGO3-10,balanced5_rf,0.54,5386,0.5159571565200664,0.5580818692798536,0.08164381911843677
YAGO3-10,balanced5_rf,0.56,5586,0.5209985744368119,0.561521285001409,0.0777789279143446
YAGO3-10,balanced5_rf,0.58,5786,0.5243397125459038,0.5628758108107469,0.07349452529111922
YAGO3-10,balanced5_rf,0.6,5985,0.5279410178963077,0.5651178633591761,0.0704185585181607
YAGO3-10,balanced5_rf,0.62,6184,0.5318370181577193,0.5674899140027407,0.0670372588364061
YAGO3-10,balanced5_rf,0.64,6384,0.5383592818470515,0.5729022378328641,0.0641633889310862
YAGO3-10,balanced5_rf,0.66,6584,0.5439478785076534,0.5773299089924346,0.06136990657334018
YAGO3-10,balanced5_rf,0.68,6783,0.5484598416161721,0.5806096763385745,0.05861839333152452
YAGO3-10,balanced5_rf,0.7,6982,0.554134039207389,0.5852735497604618,0.05619490655656789
YAGO3-10,balanced5_rf,0.72,7182,0.5598040582737325,0.5899276286240142,0.053810918132986885
YAGO3-10,balanced5_rf,0.74,7382,0.5614380754800504,0.5905742242486877,0.051895569682773646
YAGO3-10,balanced5_rf,0.76,7581,0.5642780822670913,0.5926305497126242,0.05024555859341828
YAGO3-10,balanced5_rf,0.78,7780,0.5706592251727468,0.5982471731632357,0.048343997211536704
YAGO3-10,balanced5_rf,0.8,7980,0.5758030232335618,0.6026274561816068,0.04658612731382683
YAGO3-10,balanced5_rf,0.82,8179,0.5753733735342684,0.601414006907181,0.045258669536541785
YAGO3-10,balanced5_rf,0.84,8379,0.5751544591583797,0.6005616167952326,0.04417449475055979
YAGO3-10,balanced5_rf,0.86,8578,0.5708150054625112,0.5956304338502101,0.043473679125852316
YAGO3-10,balanced5_rf,0.88,8778,0.5702867581314464,0.5945359575584293,0.042521063449615815
YAGO3-10,balanced5_rf,0.9,8978,0.5695165631756844,0.5931650186573701,0.04152373611369509
YAGO3-10,balanced5_rf,0.92,9177,0.5727970086198099,0.5956946777823772,0.03997518984559756
YAGO3-10,balanced5_rf,0.94,9376,0.5774970324514703,0.5999079192817053,0.03880692985572742
YAGO3-10,balanced5_rf,0.96,9576,0.5657868929001139,0.5877280981428863,0.038779981505591365
YAGO3-10,balanced5_rf,0.98,9776,0.5631742876046475,0.584113504448776,0.03718070463264467
YAGO3-10,balanced5_rf,1.0,9975,0.5616723217905851,0.5802260659200453,0.033033039745151926
codex-l,balanced5_rf,0.02,1223,0.2577053255468829,0.35966265792687074,0.39563533335456547
codex-l,balanced5_rf,0.04,2445,0.2867276859696025,0.3553806399284546,0.2394360827999369
codex-l,balanced5_rf,0.06,3668,0.3268710729097895,0.3823827835423867,0.1698275412945991
codex-l,balanced5_rf,0.08,4890,0.3438940042793653,0.3938881102740766,0.14537649791096152
codex-l,balanced5_rf,0.1,6113,0.3561702977116486,0.3997867243802944,0.12245947219315068
codex-l,balanced5_rf,0.12,7335,0.3781465478580339,0.4162435714874941,0.10074671802573953
codex-l,balanced5_rf,0.14,8558,0.38826578119101857,0.42298294137036035,0.08941596674537156
codex-l,balanced5_rf,0.16,9781,0.3796347932255643,0.41131294954602676,0.08344376460152447
codex-l,balanced5_rf,0.18,11003,0.36552120243546643,0.3942582404951433,0.0786193464789513
codex-l,balanced5_rf,0.2,12226,0.3591738049643243,0.38672398940887737,0.07670432549302864
codex-l,balanced5_rf,0.22,13448,0.3502008054558146,0.37638176915360005,0.0747598614563687
codex-l,balanced5_rf,0.24,14671,0.34567245571102423,0.3698019487223311,0.06980450022167428
codex-l,balanced5_rf,0.26,15894,0.34692287028779567,0.3693504998155901,0.06464730765426108
codex-l,balanced5_rf,0.28,17116,0.3514456806096541,0.3726461380164384,0.06032356798355809
codex-l,balanced5_rf,0.3,18339,0.355579632650717,0.37558764443317144,0.05626872279860895
codex-l,balanced5_rf,0.32,19561,0.3562422069342867,0.3753733106190375,0.053702518433700774
codex-l,balanced5_rf,0.34,20784,0.35178977099519226,0.3698508136737585,0.0513404429795461
codex-l,balanced5_rf,0.36,22006,0.3429143919629744,0.3600335841959421,0.049922641435288906
codex-l,balanced5_rf,0.38,23229,0.3367729683577645,0.3530235566922762,0.048253838227444
codex-l,balanced5_rf,0.4,24452,0.3315339543174502,0.34698602806076734,0.04660781661151203
codex-l,balanced5_rf,0.42,25674,0.32503227561222336,0.33995122335282313,0.0458998962872188
codex-l,balanced5_rf,0.44,26897,0.32292314160566,0.3371490864212924,0.044053655445370765
codex-l,balanced5_rf,0.46,28119,0.31898739392024883,0.3326448792710103,0.04281512564780532
codex-l,balanced5_rf,0.48,29342,0.31642331768072246,0.3294715476011502,0.04123662572046505
codex-l,balanced5_rf,0.5,30564,0.31458360798327406,0.3271502016950637,0.039946753082118036
codex-l,balanced5_rf,0.52,31787,0.3131131204340033,0.32515994081528,0.03847433912887044
codex-l,balanced5_rf,0.54,33010,0.3115821227978445,0.32327278123479086,0.037520311922810023
codex-l,balanced5_rf,0.56,34232,0.30658661911659696,0.31779360483172336,0.03655406014593332
codex-l,balanced5_rf,0.58,35455,0.3050576408394816,0.31597544618572276,0.03578931940926533
codex-l,balanced5_rf,0.6,36677,0.30130418930261227,0.3119434636110214,0.035310741390733424
codex-l,balanced5_rf,0.62,37900,0.30055092296897973,0.310900647076645,0.034435842037768394
codex-l,balanced5_rf,0.64,39123,0.3000869678379999,0.31016573467478925,0.03358615307223323
codex-l,balanced5_rf,0.66,40345,0.2993313098534071,0.30911992835192215,0.03270161916342418
codex-l,balanced5_rf,0.68,41568,0.300643104443656,0.31021722422232,0.0318454660597689
codex-l,balanced5_rf,0.7,42790,0.3046905781723916,0.31400885505340553,0.030582753614854852
codex-l,balanced5_rf,0.72,44013,0.3091444616004735,0.3182568384055343,0.029476112099453777
codex-l,balanced5_rf,0.74,45235,0.31209436924954037,0.3208776429031874,0.028143005831111845
codex-l,balanced5_rf,0.76,46458,0.3200818728559846,0.32863467478450165,0.02672066947185492
codex-l,balanced5_rf,0.78,47681,0.3255854042787794,0.33390805606108376,0.025562115724260703
codex-l,balanced5_rf,0.8,48903,0.3304987161548787,0.3385589877126996,0.02438820837671174
codex-l,balanced5_rf,0.82,50126,0.3385271333314003,0.3463819731081099,0.023202984349913747
codex-l,balanced5_rf,0.84,51348,0.3376105973345527,0.34510568007352876,0.022200377589299602
codex-l,balanced5_rf,0.86,52571,0.3347851306671704,0.3420211464300279,0.02161391023680559
codex-l,balanced5_rf,0.88,53794,0.33574043300565765,0.3427504497640655,0.020879274788716762
codex-l,balanced5_rf,0.9,55016,0.3392477021354801,0.3459806059840889,0.019846571712134997
codex-l,balanced5_rf,0.92,56239,0.3427742672161955,0.3492866102527527,0.018998926288856133
codex-l,balanced5_rf,0.94,57461,0.344289023535592,0.3504920831074436,0.018017012300162394
codex-l,balanced5_rf,0.96,58684,0.3389532659078194,0.34493668598204613,0.017652640278303044
codex-l,balanced5_rf,0.98,59906,0.3354927226886877,0.34091809514633625,0.01617135660698943
codex-l,balanced5_rf,1.0,61129,0.32990176871301513,0.334842792661744,0.014977258133547888
codex-m,balanced5_rf,0.02,412,0.12499938445968108,0.1873412692004612,0.4987375338707263
codex-m,balanced5_rf,0.04,824,0.17743830962609677,0.22404241767567365,0.262649639459384
codex-m,balanced5_rf,0.06,1236,0.22120128480971032,0.25843391235083774,0.16832012333543633
codex-m,balanced5_rf,0.08,1648,0.24647078791094698,0.28031594664051934,0.13731914851426952
codex-m,balanced5_rf,0.1,2059,0.2571638523646358,0.28696406793834395,0.11588026582932831
codex-m,balanced5_rf,0.12,2471,0.2599717041779337,0.28678042294624834,0.10312167954234663
codex-m,balanced5_rf,0.14,2883,0.24958616842986575,0.27356210132631137,0.09606274677509985
codex-m,balanced5_rf,0.16,3295,0.25970487892306693,0.28063953578188044,0.08060940920950133
codex-m,balanced5_rf,0.18,3707,0.26691280628531866,0.28591067320117775,0.07117630352869297
codex-m,balanced5_rf,0.2,4119,0.2663281067104136,0.2836448367597685,0.06502028743133681
codex-m,balanced5_rf,0.22,4531,0.2653453149818682,0.28072765511846404,0.0579710259351931
codex-m,balanced5_rf,0.24,4943,0.2627339720029613,0.2773252711047717,0.0555364005293002
codex-m,balanced5_rf,0.26,5354,0.2630112596533357,0.27684001568047595,0.05257857038275593
codex-m,balanced5_rf,0.28,5766,0.2638162870298615,0.2772184794714801,0.050801232147208664
codex-m,balanced5_rf,0.3,6178,0.2669996363026238,0.2796278760294402,0.047296842429040975
codex-m,balanced5_rf,0.32,6590,0.26863270175707693,0.28035598422150976,0.043640563445005
codex-m,balanced5_rf,0.34,7002,0.26728900656001714,0.27844558095411764,0.04173974282625581
codex-m,balanced5_rf,0.36,7414,0.2693912079935908,0.28006304857222014,0.0396146580213681
codex-m,balanced5_rf,0.38,7826,0.26285936101799845,0.2730968076475689,0.03894647917396954
codex-m,balanced5_rf,0.4,8238,0.26100976223954164,0.27089459778523317,0.037871516608714906
codex-m,balanced5_rf,0.42,8649,0.25531297777229434,0.2649467081518236,0.037733022675099814
codex-m,balanced5_rf,0.44,9061,0.25403443062340714,0.26330386836611186,0.03648890317724751
codex-m,balanced5_rf,0.46,9473,0.25575454609098763,0.2647037734717956,0.034991469428755195
codex-m,balanced5_rf,0.48,9885,0.2532222592496856,0.2617943424165179,0.03385201282158978
codex-m,balanced5_rf,0.5,10297,0.25911895028169785,0.2671889686331465,0.0311440685549067
codex-m,balanced5_rf,0.52,10709,0.2624133823518997,0.2700950060757412,0.029272987737875233
codex-m,balanced5_rf,0.54,11121,0.26359894711732146,0.2710605252332196,0.028306555081106577
codex-m,balanced5_rf,0.56,11533,0.2702739841101697,0.27746605927970613,0.02661031246945611
codex-m,balanced5_rf,0.58,11945,0.28042245858421744,0.2873067745837219,0.024549802588072378
codex-m,balanced5_rf,0.6,12356,0.2869158556828131,0.2934322895992218,0.022712003492803445
codex-m,balanced5_rf,0.62,12768,0.28856582829790606,0.29486938291991727,0.021844425097706344
codex-m,balanced5_rf,0.64,13180,0.2997486873134037,0.30581410582237356,0.02023501274795625
codex-m,balanced5_rf,0.66,13592,0.30116392857301033,0.3071217686891979,0.019782714830482107
codex-m,balanced5_rf,0.68,14004,0.3002263843418271,0.30599454028633843,0.01921268830904599
codex-m,balanced5_rf,0.7,14416,0.30583899573938395,0.3113758123497887,0.018103697329437063
codex-m,balanced5_rf,0.72,14828,0.3082043007602969,0.3135671219193335,0.01740021520078483
codex-m,balanced5_rf,0.74,15240,0.3080687196940282,0.31323088399608034,0.016756535058733535
codex-m,balanced5_rf,0.76,15651,0.3101192187729333,0.3150565567841277,0.01592077405176706
codex-m,balanced5_rf,0.78,16063,0.3144246649827526,0.3192113967752588,0.015223779574572216
codex-m,balanced5_rf,0.8,16475,0.31889761195278155,0.3235657719840248,0.014638428938547499
codex-m,balanced5_rf,0.82,16887,0.32315050699092257,0.3277021046922728,0.014085070587489756
codex-m,balanced5_rf,0.84,17299,0.325684177392809,0.3301397923984276,0.013680784376100208
codex-m,balanced5_rf,0.86,17711,0.328767248847138,0.3330964240837317,0.013167902982351487
codex-m,balanced5_rf,0.88,18123,0.33477512082089134,0.33897042909246505,0.012531720580927663
codex-m,balanced5_rf,0.9,18535,0.33879882903194236,0.3428280015001246,0.011892521823923863
codex-m,balanced5_rf,0.92,18946,0.3415561293472872,0.3454850304406525,0.011502944189212494
codex-m,balanced5_rf,0.94,19358,0.3462409997404741,0.34988791839297084,0.01053289083392861
codex-m,balanced5_rf,0.96,19770,0.3433932890899832,0.34675978110023786,0.009803604546775313
codex-m,balanced5_rf,0.98,20182,0.34430045466026354,0.34735429602682566,0.008869698907529644
codex-m,balanced5_rf,1.0,20594,0.34234153499948855,0.3449297847479118,0.0075604315685127155
hetionet,balanced5_rf,0.02,9001,0.3346241385062961,0.5507027977975943,0.6457354220046283
hetionet,balanced5_rf,0.04,18002,0.38008589385899727,0.571108604139469,0.5025777419441315
hetionet,balanced5_rf,0.06,27002,0.40570243223779473,0.576518329041417,0.4210373989168046
hetionet,balanced5_rf,0.08,36003,0.4343845678420839,0.5885311081680483,0.354861916692222
hetionet,balanced5_rf,0.1,45004,0.46080139211525756,0.603647295721806,0.30999451401574585
hetionet,balanced5_rf,0.12,54005,0.48445829281862923,0.6171380919227307,0.2738724903069705
hetionet,balanced5_rf,0.14,63006,0.5043937083456245,0.6279106134281645,0.2448819306007337
hetionet,balanced5_rf,0.16,72006,0.5172229526636967,0.6335868834898717,0.2249782810814971
hetionet,balanced5_rf,0.18,81007,0.530404365797396,0.6389315572120463,0.20461217594145054
hetionet,balanced5_rf,0.2,90008,0.5480707821403367,0.6472134098396922,0.1808938387705723
hetionet,balanced5_rf,0.22,99009,0.5610959273363383,0.6519844392126348,0.16198390943196972
hetionet,balanced5_rf,0.24,108010,0.5709036856644608,0.6550294684859228,0.14735547332042542
hetionet,balanced5_rf,0.26,117010,0.5736892430916771,0.6533843790980058,0.13891690835415083
hetionet,balanced5_rf,0.28,126011,0.5785627327989418,0.6535124889903281,0.12954473550136592
hetionet,balanced5_rf,0.3,135012,0.5815692619806216,0.6524119129342085,0.12181292166701096
hetionet,balanced5_rf,0.32,144013,0.5822623704132234,0.6490626443176789,0.11472538377681585
hetionet,balanced5_rf,0.34,153014,0.5763508086186274,0.6394154846248784,0.10942064288484588
hetionet,balanced5_rf,0.36,162014,0.5731433820219201,0.6325481392975548,0.10364728816385926
hetionet,balanced5_rf,0.38,171015,0.5712066951856283,0.6271597646386942,0.09795590619763739
hetionet,balanced5_rf,0.4,180016,0.5676695880329536,0.620919747608337,0.09380484827433122
hetionet,balanced5_rf,0.42,189017,0.5665883648525173,0.6172873561471385,0.08948117264606759
hetionet,balanced5_rf,0.44,198018,0.5626517860954872,0.6108997800077609,0.08575107216328215
hetionet,balanced5_rf,0.46,207018,0.5623715982219147,0.6083560201498234,0.0817687487655856
hetionet,balanced5_rf,0.48,216019,0.5613873295560662,0.6053473090999774,0.07830597028022313
hetionet,balanced5_rf,0.5,225020,0.5589049006230513,0.6009474744102494,0.07522312604582693
hetionet,balanced5_rf,0.52,234021,0.5532877283006102,0.5934759082810391,0.07263522743196282
hetionet,balanced5_rf,0.54,243022,0.5489038988117496,0.5874327182715219,0.0701922860143247
hetionet,balanced5_rf,0.56,252022,0.5446994269706943,0.5818041431982786,0.06811961678377276
hetionet,balanced5_rf,0.58,261023,0.5328463612288822,0.5686304856681298,0.06715655213769334
hetionet,balanced5_rf,0.6,270024,0.5194503635333014,0.5539935567757893,0.06649950730138121
hetionet,balanced5_rf,0.62,279025,0.5061127676528144,0.5395071385644662,0.0659820756281726
hetionet,balanced5_rf,0.64,288026,0.4932728909186313,0.5256932409900277,0.06572497834012192
hetionet,balanced5_rf,0.66,297026,0.4815234466083693,0.5129389868027826,0.06524197402159748
hetionet,balanced5_rf,0.68,306027,0.4696352445739269,0.5001396965420503,0.06495349810425388
hetionet,balanced5_rf,0.7,315028,0.46003207003861174,0.4896524066033745,0.06438754707313477
hetionet,balanced5_rf,0.72,324029,0.4511876252649588,0.4799870760452246,0.06383032061961669
hetionet,balanced5_rf,0.74,333030,0.44320280643555715,0.47116987444455605,0.06310219069667689
hetionet,balanced5_rf,0.76,342030,0.436824458817778,0.4639052414922999,0.06199465741413235
hetionet,balanced5_rf,0.78,351031,0.43009916406688964,0.4563121011400278,0.06094626370643552
hetionet,balanced5_rf,0.8,360032,0.42479109283409483,0.4501803910540887,0.05976890440569993
hetionet,balanced5_rf,0.82,369033,0.41865577633248974,0.44334069396226067,0.05896232424168568
hetionet,balanced5_rf,0.84,378034,0.41202194921059276,0.43609408845556025,0.05842440989148301
hetionet,balanced5_rf,0.86,387034,0.406287634887143,0.4297601821603389,0.0577732258076622
hetionet,balanced5_rf,0.88,396035,0.40005371086606906,0.42295597131464785,0.05724796402712551
hetionet,balanced5_rf,0.9,405036,0.3939816916404601,0.41616219473625543,0.05629830920173018
hetionet,balanced5_rf,0.92,414037,0.3881927596423039,0.40946004922308743,0.05478538445791736
hetionet,balanced5_rf,0.94,423038,0.38324620601753123,0.4037486035315168,0.0534966744407841
hetionet,balanced5_rf,0.96,432038,0.37718824543315904,0.3969491814021629,0.052390116097893236
hetionet,balanced5_rf,0.98,441039,0.37190536075044295,0.3908225218700111,0.050865524179044996
hetionet,balanced5_rf,1.0,450040,0.3731884548334996,0.39032189792982724,0.04591096770121639
FB15k-237,balanced5_global_rf,0.02,816,0.20188199753474095,0.2825528020829707,0.3995938495424658
FB15k-237,balanced5_global_rf,0.04,1633,0.20807145060192442,0.2717950499721123,0.30625825496887504
FB15k-237,balanced5_global_rf,0.06,2449,0.21531591039617284,0.2660433414152986,0.23559536741056109
FB15k-237,balanced5_global_rf,0.08,3266,0.20147490303090382,0.2478610421145121,0.23023283985148857
FB15k-237,balanced5_global_rf,0.1,4082,0.21267833072086048,0.25374442712431994,0.1930901764381372
FB15k-237,balanced5_global_rf,0.12,4898,0.2264419662036466,0.2622240366156393,0.1580187233483601
FB15k-237,balanced5_global_rf,0.14,5715,0.23916389263168653,0.27040272392425235,0.1306168374700012
FB15k-237,balanced5_global_rf,0.16,6531,0.24575935691779538,0.274128172190936,0.11543330691018117
FB15k-237,balanced5_global_rf,0.18,7347,0.2550809745694819,0.2803385472381198,0.09901786172515159
FB15k-237,balanced5_global_rf,0.2,8164,0.26125665872435905,0.2839657479041051,0.08692252779557075
FB15k-237,balanced5_global_rf,0.22,8980,0.2653030209763718,0.28590569549991107,0.07765714256745748
FB15k-237,balanced5_global_rf,0.24,9797,0.2674248844624511,0.28605046950317725,0.06964791282668137
FB15k-237,balanced5_global_rf,0.26,10613,0.27659444933014443,0.2936306110246775,0.06159256534536839
FB15k-237,balanced5_global_rf,0.28,11429,0.2795388075284173,0.2951965220443065,0.05601266834586993
FB15k-237,balanced5_global_rf,0.3,12246,0.282925818371987,0.2974252840178492,0.05124829444444168
FB15k-237,balanced5_global_rf,0.32,13062,0.2876698373392697,0.30085292109886524,0.045827132526403025
FB15k-237,balanced5_global_rf,0.34,13878,0.28866326905998446,0.3006772725718537,0.04161943967097792
FB15k-237,balanced5_global_rf,0.36,14695,0.2918114950481222,0.30288066601907127,0.037932607723776046
FB15k-237,balanced5_global_rf,0.38,15511,0.2923544378975856,0.3026445099113575,0.03519724922861145
FB15k-237,balanced5_global_rf,0.4,16328,0.2978111888055777,0.30760905838044766,0.032899601973203074
FB15k-237,balanced5_global_rf,0.42,17144,0.299616815485503,0.3087983229863473,0.030644166236018622
FB15k-237,balanced5_global_rf,0.44,17960,0.30812136646163396,0.3168465115415225,0.02831723479642223
FB15k-237,balanced5_global_rf,0.46,18777,0.31914596861017275,0.3272382188505486,0.025355953188493263
FB15k-237,balanced5_global_rf,0.48,19593,0.3309848103865024,0.33858523451788103,0.022963060215673847
FB15k-237,balanced5_global_rf,0.5,20410,0.3361918796824659,0.34342832014059993,0.021524733033316812
FB15k-237,balanced5_global_rf,0.52,21226,0.33402373948305564,0.34094844585576095,0.020731180314974562
FB15k-237,balanced5_global_rf,0.54,22042,0.3323541079168064,0.33892903922173756,0.019782909698763174
FB15k-237,balanced5_global_rf,0.56,22859,0.33071844907461984,0.33701156788341136,0.019028629416956377
FB15k-237,balanced5_global_rf,0.58,23675,0.33024229681299644,0.33632956881278353,0.018432744861976547
FB15k-237,balanced5_global_rf,0.6,24491,0.328161615917668,0.33404322083767196,0.017922891144830144
FB15k-237,balanced5_global_rf,0.62,25308,0.3250512949868392,0.33074472175719266,0.01751547173680379
FB15k-237,balanced5_global_rf,0.64,26124,0.3211669482549496,0.3266739373093723,0.0171468112903419
FB15k-237,balanced5_global_rf,0.66,26941,0.3230242680198088,0.32832171407586414,0.016399529634505416
FB15k-237,balanced5_global_rf,0.68,27757,0.33095467147456775,0.3360764418196888,0.015475745733701363
FB15k-237,balanced5_global_rf,0.7,28573,0.3374654039269969,0.34244790202266834,0.01476447078038623
FB15k-237,balanced5_global_rf,0.72,29390,0.3387318247511996,0.34354945579810536,0.014222552163335456
FB15k-237,balanced5_global_rf,0.74,30206,0.3374120877113668,0.3421167237225944,0.013943294216691049
FB15k-237,balanced5_global_rf,0.76,31022,0.33493822830988446,0.3395157525408402,0.013666771494117436
FB15k-237,balanced5_global_rf,0.78,31839,0.3350405941087199,0.3395004299732459,0.013311329859565735
FB15k-237,balanced5_global_rf,0.8,32655,0.3331732666368503,0.33751303196192095,0.013025550845893186
FB15k-237,balanced5_global_rf,0.82,33472,0.3303606505672431,0.33459982384994963,0.012831955850152399
FB15k-237,balanced5_global_rf,0.84,34288,0.334923804117167,0.3390320588766674,0.012266237003754954
FB15k-237,balanced5_global_rf,0.86,35104,0.3430639483686578,0.347081265934891,0.011710112896841762
FB15k-237,balanced5_global_rf,0.88,35921,0.34904692737313,0.3529564279987896,0.011200501477213631
FB15k-237,balanced5_global_rf,0.9,36737,0.35728454075719934,0.36110379109562996,0.010689660208461405
FB15k-237,balanced5_global_rf,0.92,37553,0.3599652416478162,0.3637008683662971,0.010377742865895323
FB15k-237,balanced5_global_rf,0.94,38370,0.35915212619681625,0.3627938773085993,0.01013985675191953
FB15k-237,balanced5_global_rf,0.96,39186,0.3572613503785958,0.3607270255030298,0.00970067184922585
FB15k-237,balanced5_global_rf,0.98,40003,0.3563717999181763,0.3596965062709914,0.009329319417469284
FB15k-237,balanced5_global_rf,1.0,40819,0.35281198551723697,0.35605305507138213,0.009186393000208293
KG20C,balanced5_global_rf,0.02,149,0.23027077292170914,0.32704422263096855,0.42025936892200333
KG20C,balanced5_global_rf,0.04,298,0.19906378306078454,0.2609333793699357,0.3108028761327175
KG20C,balanced5_global_rf,0.06,447,0.19118712136146246,0.23853349380124275,0.24764415146073682
KG20C,balanced5_global_rf,0.08,596,0.18948119432814883,0.2290306052123806,0.2087247287228884
KG20C,balanced5_global_rf,0.1,745,0.17671612345293805,0.21220597486436416,0.200829730292706
KG20C,balanced5_global_rf,0.12,894,0.1660857726795755,0.19922014545042505,0.1995015722073603
KG20C,balanced5_global_rf,0.14,1043,0.1618806329893818,0.1920354874259331,0.18627833286597806
KG20C,balanced5_global_rf,0.16,1192,0.1564082764188389,0.18663976637645277,0.19328574324710468
KG20C,balanced5_global_rf,0.18,1341,0.1525391881255564,0.18042993848129352,0.18284318081449347
KG20C,balanced5_global_rf,0.2,1490,0.14875399604955608,0.17580619075140835,0.18185860830817657
KG20C,balanced5_global_rf,0.22,1639,0.1457844907371545,0.17101082679864432,0.17303854431931476
KG20C,balanced5_global_rf,0.24,1788,0.14554274256799082,0.1693796461450226,0.16377940360644416
KG20C,balanced5_global_rf,0.26,1936,0.1451345962038497,0.16882492353761758,0.16323004957752096
KG20C,balanced5_global_rf,0.28,2085,0.1492015233346305,0.17139352012144118,0.14873840622282586
KG20C,balanced5_global_rf,0.3,2234,0.15275638547465073,0.17308222216520933,0.13306047159600798
KG20C,balanced5_global_rf,0.32,2383,0.15348128862021945,0.17267298314018745,0.12504256833194005
KG20C,balanced5_global_rf,0.34,2532,0.15348885675330817,0.17278090632593102,0.1256902291195614
KG20C,balanced5_global_rf,0.36,2681,0.15309078488887015,0.17121940350790577,0.11841743859498344
KG20C,balanced5_global_rf,0.38,2830,0.15489313335404953,0.17259567927257596,0.11428877145936833
KG20C,balanced5_global_rf,0.4,2979,0.1560624775894695,0.17385610624268208,0.11401605900439216
KG20C,balanced5_global_rf,0.42,3128,0.15806946349003362,0.17496608451862808,0.10689364444929494
KG20C,balanced5_global_rf,0.44,3277,0.15702264485478531,0.17354336443780308,0.10521233799300811
KG20C,balanced5_global_rf,0.46,3426,0.15691228044515607,0.1722891136199052,0.09799636542866796
KG20C,balanced5_global_rf,0.48,3575,0.15772332079940263,0.17216562328383792,0.09156732442124693
KG20C,balanced5_global_rf,0.5,3724,0.15871609545536922,0.17266256302030528,0.08787053086785268
KG20C,balanced5_global_rf,0.52,3873,0.15717064652441656,0.17049617057091496,0.08478379609151943
KG20C,balanced5_global_rf,0.54,4022,0.15632033561922468,0.16954794284283298,0.0846185953427645
KG20C,balanced5_global_rf,0.56,4171,0.15731035170729427,0.16995625258947664,0.08038823093926117
KG20C,balanced5_global_rf,0.58,4320,0.16003354866497538,0.17204757548429822,0.07507192660255124
KG20C,balanced5_global_rf,0.6,4469,0.1603326766572729,0.1718050157316906,0.07155334342069875
KG20C,balanced5_global_rf,0.62,4618,0.16216212629497173,0.17330353328237114,0.06870535828528346
KG20C,balanced5_global_rf,0.64,4767,0.16242531468351812,0.17282558162954278,0.06403107154995724
KG20C,balanced5_global_rf,0.66,4916,0.16074930906548518,0.17128085530943646,0.06551534376835799
KG20C,balanced5_global_rf,0.68,5065,0.16093397870429474,0.17120096203756693,0.06379624375121606
KG20C,balanced5_global_rf,0.7,5214,0.16228102740614797,0.17244824738430245,0.06265193251894141
KG20C,balanced5_global_rf,0.72,5363,0.16205740406022484,0.17169019797617036,0.05944062828728103
KG20C,balanced5_global_rf,0.74,5512,0.160789029844165,0.1702575044585604,0.058887566045843664
KG20C,balanced5_global_rf,0.76,5660,0.16166126010276177,0.17108829810590562,0.058313525436777036
KG20C,balanced5_global_rf,0.78,5809,0.16400396803714948,0.17345461053274458,0.05762447463133569
KG20C,balanced5_global_rf,0.8,5958,0.16437109368352534,0.173600559223034,0.05615017417404755
KG20C,balanced5_global_rf,0.82,6107,0.16329967828547898,0.17201398478811913,0.05336389265510921
KG20C,balanced5_global_rf,0.84,6256,0.16431282334493771,0.17303820255108682,0.05310224137426056
KG20C,balanced5_global_rf,0.86,6405,0.1754071024117899,0.18378738939066536,0.04777621238621066
KG20C,balanced5_global_rf,0.88,6554,0.17850605118954316,0.18656303717110853,0.04513564625890587
KG20C,balanced5_global_rf,0.9,6703,0.18598846156055984,0.19398127905339685,0.04297480298386391
KG20C,balanced5_global_rf,0.92,6852,0.19271507298060492,0.20080921788553988,0.0420005803373229
KG20C,balanced5_global_rf,0.94,7001,0.19943787385330955,0.20749562960169016,0.04040233478575517
KG20C,balanced5_global_rf,0.96,7150,0.2071428430086601,0.21506585785351223,0.03824903979193195
KG20C,balanced5_global_rf,0.98,7299,0.217558001277085,0.22531927763558524,0.035674515820796504
KG20C,balanced5_global_rf,1.0,7448,0.22638074035722044,0.23398674950607826,0.033598304947920044
WN18RR,balanced5_global_rf,0.02,121,0.6337931138735337,0.6619073146039129,0.04435864024863667
WN18RR,balanced5_global_rf,0.04,242,0.5325211970771716,0.5574260729167991,0.04676785821169549
WN18RR,balanced5_global_rf,0.06,363,0.45366171454132936,0.47400917868320935,0.044851622893618215
WN18RR,balanced5_global_rf,0.08,484,0.3979417585685347,0.41516760086963156,0.043287345271481925
WN18RR,balanced5_global_rf,0.1,606,0.37898012559161787,0.3922871056963127,0.03511260672026428
WN18RR,balanced5_global_rf,0.12,727,0.41660395489838065,0.4273192416952995,0.025720559468842774
WN18RR,balanced5_global_rf,0.14,848,0.47648563057796983,0.4854720350082338,0.018859759567908974
WN18RR,balanced5_global_rf,0.16,969,0.4578669030605225,0.4656568336673458,0.017013526321192796
WN18RR,balanced5_global_rf,0.18,1090,0.4236556191050899,0.43065706931112463,0.016526277217387753
WN18RR,balanced5_global_rf,0.2,1211,0.3954157677080394,0.40174603600457653,0.016009144838177614
WN18RR,balanced5_global_rf,0.22,1332,0.36857763677207556,0.37443588824892277,0.015894213029722826
WN18RR,balanced5_global_rf,0.24,1453,0.3451411632037404,0.35061246206103297,0.015852350981568675
WN18RR,balanced5_global_rf,0.26,1574,0.32702836478251945,0.3321259563893748,0.015587613050768168
WN18RR,balanced5_global_rf,0.28,1695,0.31064363346098867,0.315436203704834,0.01542787209398
WN18RR,balanced5_global_rf,0.3,1816,0.29673790092475405,0.3013906385885144,0.015679620463919575
WN18RR,balanced5_global_rf,0.32,1938,0.2874707709774106,0.29189145892992036,0.015377869330782001
WN18RR,balanced5_global_rf,0.34,2059,0.27512874079530053,0.2793243465489731,0.015249609115879803
WN18RR,balanced5_global_rf,0.36,2180,0.26864760254996034,0.27285655230407607,0.015667177797847653
WN18RR,balanced5_global_rf,0.38,2301,0.2618526639446749,0.2658987928227596,0.015451929406147258
WN18RR,balanced5_global_rf,0.4,2422,0.2546110013061147,0.2585164345957214,0.01533882381190299
WN18RR,balanced5_global_rf,0.42,2543,0.24688136927679138,0.250657906785523,0.015296972468171743
WN18RR,balanced5_global_rf,0.44,2664,0.24374534946878476,0.24750175173499292,0.015411175123524634
WN18RR,balanced5_global_rf,0.46,2785,0.24284491705654176,0.24637902219845093,0.014552930259958075
WN18RR,balanced5_global_rf,0.48,2906,0.24037361897344062,0.24347680844711395,0.012909858772880645
WN18RR,balanced5_global_rf,0.5,3028,0.2425628753830129,0.2457268136457857,0.013043786101961663
WN18RR,balanced5_global_rf,0.52,3149,0.24167466393273915,0.2448384894330034,0.013091258507531345
WN18RR,balanced5_global_rf,0.54,3270,0.23966766671412468,0.24236202088031164,0.011242042796706375
WN18RR,balanced5_global_rf,0.56,3391,0.24537609671934632,0.24801753655666947,0.010764862073522785
WN18RR,balanced5_global_rf,0.58,3512,0.26216640656242135,0.26467120080906614,0.009554215124234045
WN18RR,balanced5_global_rf,0.6,3633,0.28525301091507715,0.2876849693091125,0.008525618664755763
WN18RR,balanced5_global_rf,0.62,3754,0.3082824675235834,0.3106360383401871,0.007634462107137585
WN18RR,balanced5_global_rf,0.64,3875,0.3298743054144017,0.332154384084216,0.006911962018229856
WN18RR,balanced5_global_rf,0.66,3996,0.3458590073339058,0.34809264136466816,0.006458221365927663
WN18RR,balanced5_global_rf,0.68,4117,0.36507684642394916,0.36724483320726875,0.0059384395492503295
WN18RR,balanced5_global_rf,0.7,4238,0.38298731525026963,0.38509979741726924,0.005515801915317198
WN18RR,balanced5_global_rf,0.72,4360,0.3997952069245193,0.40184857853468087,0.005136058598494531
WN18RR,balanced5_global_rf,0.74,4481,0.4145003309322614,0.4164987671229744,0.004821313860517984
WN18RR,balanced5_global_rf,0.76,4602,0.42868998585731816,0.4306530828663158,0.004579292901073284
WN18RR,balanced5_global_rf,0.78,4723,0.4433195704764611,0.44523237429509493,0.004314729026237307
WN18RR,balanced5_global_rf,0.8,4844,0.457218887854159,0.45908391106543217,0.004079059856923584
WN18RR,balanced5_global_rf,0.82,4965,0.4663698931330407,0.46824951478648696,0.0040303237432826045
WN18RR,balanced5_global_rf,0.84,5086,0.4713914686481276,0.4732682502704945,0.003981365271096715
WN18RR,balanced5_global_rf,0.86,5207,0.4787806092444481,0.4806219238063978,0.003845841971034325
WN18RR,balanced5_global_rf,0.88,5328,0.4808688303269037,0.4828338948051432,0.0040864875290496094
WN18RR,balanced5_global_rf,0.9,5450,0.4868049132121916,0.48884538404773054,0.004191557603794083
WN18RR,balanced5_global_rf,0.92,5571,0.4891661520062847,0.49126033778484945,0.004281133864179942
WN18RR,balanced5_global_rf,0.94,5692,0.5000199772916638,0.5020696450661516,0.004099171768275678
WN18RR,balanced5_global_rf,0.96,5813,0.5087861393036165,0.5108075442791725,0.0039729953695726294
WN18RR,balanced5_global_rf,0.98,5934,0.5107570835036891,0.5128964887891813,0.00418869430222335
WN18RR,balanced5_global_rf,1.0,6055,0.5112021246888967,0.5133269561687425,0.004156538827257084
YAGO3-10,balanced5_global_rf,0.02,200,0.3579944846522423,0.5540601258052126,0.5476778262196678
YAGO3-10,balanced5_global_rf,0.04,399,0.43168886261374445,0.5983958774157561,0.3861739999328486
YAGO3-10,balanced5_global_rf,0.06,598,0.4544546933074638,0.593663231494102,0.30631994836162013
YAGO3-10,balanced5_global_rf,0.08,798,0.46653762002357,0.5898611119191066,0.26433772240983733
YAGO3-10,balanced5_global_rf,0.1,998,0.4768336132359606,0.5872784476283484,0.2316213272862
YAGO3-10,balanced5_global_rf,0.12,1197,0.4681902873759105,0.5735380073407446,0.22501047716150135
YAGO3-10,balanced5_global_rf,0.14,1397,0.47225874793458544,0.5661131013120468,0.19873502351821237
YAGO3-10,balanced5_global_rf,0.16,1596,0.48079272755955615,0.5679798016033009,0.18134025131015474
YAGO3-10,balanced5_global_rf,0.18,1796,0.48088403417910025,0.5631422450697402,0.17105623194802044
YAGO3-10,balanced5_global_rf,0.2,1995,0.4808796499980877,0.5611295505913371,0.166881465234739
YAGO3-10,balanced5_global_rf,0.22,2194,0.48087803440592897,0.5552401824514233,0.15463827150549814
YAGO3-10,balanced5_global_rf,0.24,2394,0.4887336804862156,0.5589832818037951,0.14373799908304208
YAGO3-10,balanced5_global_rf,0.26,2594,0.4982897771925012,0.5633926828603257,0.13065270179659683
YAGO3-10,balanced5_global_rf,0.28,2793,0.5054341205733396,0.568665882983222,0.12510386583746147
YAGO3-10,balanced5_global_rf,0.3,2992,0.5107865155787056,0.571365393728805,0.11859921180860744
YAGO3-10,balanced5_global_rf,0.32,3192,0.5223975938686038,0.5789629449461838,0.10828026725522699
YAGO3-10,balanced5_global_rf,0.34,3392,0.5323897214514386,0.586471931340518,0.1015838730725993
YAGO3-10,balanced5_global_rf,0.36,3591,0.5431497038333568,0.5937134388579698,0.09309355168152011
YAGO3-10,balanced5_global_rf,0.38,3790,0.5500205067937083,0.5972628819739969,0.08589202510954275
YAGO3-10,balanced5_global_rf,0.4,3990,0.5580314005485354,0.6041102774041748,0.0825739856401353
YAGO3-10,balanced5_global_rf,0.42,4190,0.5643796710960889,0.6076322778692425,0.0766374286464857
YAGO3-10,balanced5_global_rf,0.44,4389,0.5705309406372129,0.611707223519598,0.07217186650104601
YAGO3-10,balanced5_global_rf,0.46,4588,0.5737842696548564,0.6133463664681148,0.06894942734672016
YAGO3-10,balanced5_global_rf,0.48,4788,0.5801897954380997,0.6193325075472876,0.06746535774492801
YAGO3-10,balanced5_global_rf,0.5,4988,0.5783784294327857,0.6164425453808439,0.06581178344667449
YAGO3-10,balanced5_global_rf,0.52,5187,0.5827666002548695,0.6197408302550416,0.0634460348002126
YAGO3-10,balanced5_global_rf,0.54,5386,0.5864423853320591,0.6219654208692043,0.06057378597734053
YAGO3-10,balanced5_global_rf,0.56,5586,0.5895764664339171,0.6234932281312989,0.057527332972649114
YAGO3-10,balanced5_global_rf,0.58,5786,0.5936991110292131,0.6269417186453212,0.05599234864690983
YAGO3-10,balanced5_global_rf,0.6,5985,0.5967764295026378,0.6293494479381325,0.05458161017291108
YAGO3-10,balanced5_global_rf,0.62,6184,0.6006182004730978,0.6319839219789931,0.05222239599330991
YAGO3-10,balanced5_global_rf,0.64,6384,0.6050340426536696,0.6348490112165303,0.04927816694758658
YAGO3-10,balanced5_global_rf,0.66,6584,0.6084732100432655,0.6370641502314012,0.04698800163462047
YAGO3-10,balanced5_global_rf,0.68,6783,0.6105296525996237,0.6382633202889546,0.04542558673643704
YAGO3-10,balanced5_global_rf,0.7,6982,0.6138777260029963,0.6407805703531667,0.04382443475402975
YAGO3-10,balanced5_global_rf,0.72,7182,0.6146577590578253,0.6406845106564891,0.04234348499652696
YAGO3-10,balanced5_global_rf,0.74,7382,0.615576444104435,0.640985359966183,0.041276621457979834
YAGO3-10,balanced5_global_rf,0.76,7581,0.6158137171212196,0.6405085493478364,0.04010114023126876
YAGO3-10,balanced5_global_rf,0.78,7780,0.6150046411836277,0.638938459862266,0.03891648465054787
YAGO3-10,balanced5_global_rf,0.8,7980,0.6140844157608301,0.6372792720344972,0.037771445876752185
YAGO3-10,balanced5_global_rf,0.82,8179,0.6126839773002796,0.6350499547406158,0.036504916513223185
YAGO3-10,balanced5_global_rf,0.84,8379,0.6020295752700897,0.6239950574296798,0.03648571940960821
YAGO3-10,balanced5_global_rf,0.86,8578,0.5914740294619997,0.6131511511530925,0.036649321206562835
YAGO3-10,balanced5_global_rf,0.88,8778,0.5819568757134974,0.6029982172504508,0.036156186850023975
YAGO3-10,balanced5_global_rf,0.9,8978,0.5746662017012627,0.5952210549157025,0.03576833499793186
YAGO3-10,balanced5_global_rf,0.92,9177,0.5691429931288906,0.5893211347320917,0.03545355358285418
YAGO3-10,balanced5_global_rf,0.94,9376,0.5586933817154841,0.5784949294946096,0.03544260309353264
YAGO3-10,balanced5_global_rf,0.96,9576,0.5510574506096799,0.5704453174722511,0.035183022824790466
YAGO3-10,balanced5_global_rf,0.98,9776,0.5531077546911913,0.5720903240131395,0.034319839418173625
YAGO3-10,balanced5_global_rf,1.0,9975,0.5616723217905851,0.5802260659200454,0.03303303974515215
codex-l,balanced5_global_rf,0.02,1223,0.3231979183410534,0.3742585235327319,0.15798556331602676
codex-l,balanced5_global_rf,0.04,2445,0.3212547753627818,0.3682095895957502,0.14616067319137582
codex-l,balanced5_global_rf,0.06,3668,0.33632976649518487,0.37680753104354836,0.12035141869889476
codex-l,balanced5_global_rf,0.08,4890,0.34329780638957064,0.37835398014676347,0.10211592706016726
codex-l,balanced5_global_rf,0.1,6113,0.3486043534423974,0.3788741742524628,0.08683144806184151
codex-l,balanced5_global_rf,0.12,7335,0.35962787000400837,0.3862224806001276,0.07395036039843861
codex-l,balanced5_global_rf,0.14,8558,0.36548309009685026,0.38906118599411904,0.06451213896385943
codex-l,balanced5_global_rf,0.16,9781,0.3601569235447987,0.38173094486419173,0.059901725911731596
codex-l,balanced5_global_rf,0.18,11003,0.35491196798036223,0.37476263336823046,0.05593123697921221
codex-l,balanced5_global_rf,0.2,12226,0.34309217447128715,0.36080026359869033,0.051613211973405626
codex-l,balanced5_global_rf,0.22,13448,0.3373056711105071,0.354157594518318,0.049960391571032714
codex-l,balanced5_global_rf,0.24,14671,0.33744816691912033,0.35302741937978493,0.046167838465095645
codex-l,balanced5_global_rf,0.26,15894,0.3367003916926836,0.3513810700308136,0.04360160754291442
codex-l,balanced5_global_rf,0.28,17116,0.3365996616323888,0.35093217410590316,0.042580293765022814
codex-l,balanced5_global_rf,0.3,18339,0.3367727225884112,0.35003081047104767,0.039368057426788505
codex-l,balanced5_global_rf,0.32,19561,0.32446141131486506,0.33772229492910794,0.04087044915604521
codex-l,balanced5_global_rf,0.34,20784,0.3233257075088817,0.3359041685481671,0.03890337435955327
codex-l,balanced5_global_rf,0.36,22006,0.32021344332431934,0.33222082500679245,0.03749805616471824
codex-l,balanced5_global_rf,0.38,23229,0.32191153974909026,0.3334861338270295,0.035955822170776974
codex-l,balanced5_global_rf,0.4,24452,0.30706720270647214,0.3181453003130463,0.03607711116306933
codex-l,balanced5_global_rf,0.42,25674,0.31395304744487895,0.32452136452131697,0.033662094260427544
codex-l,balanced5_global_rf,0.44,26897,0.3154815647712556,0.3256896919031397,0.03235728572376528
codex-l,balanced5_global_rf,0.46,28119,0.3243365908131536,0.33407356564470836,0.030021203611787728
codex-l,balanced5_global_rf,0.48,29342,0.328058152920762,0.33726416416238175,0.028062132154488273
codex-l,balanced5_global_rf,0.5,30564,0.33637346454002304,0.3449818984878835,0.0255918936995585
codex-l,balanced5_global_rf,0.52,31787,0.3318386535445773,0.3401242148175886,0.024968644202560508
codex-l,balanced5_global_rf,0.54,33010,0.339952362079469,0.34809000561119235,0.02393759961526931
codex-l,balanced5_global_rf,0.56,34232,0.33561108748298113,0.34365211298949766,0.02395935595222043
codex-l,balanced5_global_rf,0.58,35455,0.33144089414144423,0.3392687225926553,0.023617569797740323
codex-l,balanced5_global_rf,0.6,36677,0.32854645862241766,0.3362658751598992,0.023495661982931626
codex-l,balanced5_global_rf,0.62,37900,0.3244539688378289,0.3319606142752438,0.023136241681071645
codex-l,balanced5_global_rf,0.64,39123,0.3212688977207866,0.32856523956890427,0.022711012176656054
codex-l,balanced5_global_rf,0.66,40345,0.32005071555625125,0.3271691636741051,0.02224162537953367
codex-l,balanced5_global_rf,0.68,41568,0.32203326514796765,0.3292032396601165,0.022264701470683157
codex-l,balanced5_global_rf,0.7,42790,0.32158386506428027,0.32854808921837486,0.021656012352182286
codex-l,balanced5_global_rf,0.72,44013,0.3224052555264603,0.329273239131287,0.021302331420161913
codex-l,balanced5_global_rf,0.74,45235,0.3214097229683774,0.32815112280408715,0.020974473869208365
codex-l,balanced5_global_rf,0.76,46458,0.3193798665656723,0.32595482314907454,0.020586634511760238
codex-l,balanced5_global_rf,0.78,47681,0.31738280906709676,0.323809033535552,0.020247550544228554
codex-l,balanced5_global_rf,0.8,48903,0.3147219827991632,0.3210050991521889,0.019964021251846376
codex-l,balanced5_global_rf,0.82,50126,0.314495885640229,0.3206786898145412,0.019659411956139294
codex-l,balanced5_global_rf,0.84,51348,0.3188135501800364,0.3248406772317408,0.018904864765945106
codex-l,balanced5_global_rf,0.86,52571,0.3255840942786066,0.3315642954173886,0.01836760838096918
codex-l,balanced5_global_rf,0.88,53794,0.33105786991911745,0.3369330836307164,0.017746787632731298
codex-l,balanced5_global_rf,0.9,55016,0.33352162732780083,0.33927109412381357,0.017238662578129782
codex-l,balanced5_global_rf,0.92,56239,0.33576926730007584,0.3414241979819674,0.016841716120605366
codex-l,balanced5_global_rf,0.94,57461,0.3373965516856623,0.3429894128521831,0.016576521421390877
codex-l,balanced5_global_rf,0.96,58684,0.3385472953374766,0.34398323662862457,0.01605666731358535
codex-l,balanced5_global_rf,0.98,59906,0.3351253620397333,0.34043161758238205,0.015833643596391278
codex-l,balanced5_global_rf,1.0,61129,0.32990176871301513,0.33484279266174394,0.014977258133547888
codex-m,balanced5_global_rf,0.02,412,0.16829400734468664,0.21762595622815184,0.2931295633267996
codex-m,balanced5_global_rf,0.04,824,0.20130632180352495,0.2322245871611373,0.15358814904873475
codex-m,balanced5_global_rf,0.06,1236,0.21079774425007453,0.23220659315376338,0.10156109108212763
codex-m,balanced5_global_rf,0.08,1648,0.2196805552228012,0.2380511294286232,0.08362403393960127
codex-m,balanced5_global_rf,0.1,2059,0.23408594566971802,0.2495763930945799,0.06617418820486565
codex-m,balanced5_global_rf,0.12,2471,0.24746139031359046,0.26106518662905814,0.054973409380059346
codex-m,balanced5_global_rf,0.14,2883,0.25768555582066643,0.26977322355332156,0.04690859638662648
codex-m,balanced5_global_rf,0.16,3295,0.26890899775053817,0.28018998028990144,0.041950929993902264
codex-m,balanced5_global_rf,0.18,3707,0.27137360412804085,0.2823131111945983,0.04031161063622046
codex-m,balanced5_global_rf,0.2,4119,0.27698388648072925,0.28743098947861073,0.037717367355260656
codex-m,balanced5_global_rf,0.22,4531,0.2810731863984956,0.29091894743875024,0.035029172175447876
codex-m,balanced5_global_rf,0.24,4943,0.2964906557580607,0.305923170054936,0.031813867026461384
codex-m,balanced5_global_rf,0.26,5354,0.29400292163431097,0.3027506409153601,0.029753851534610742
codex-m,balanced5_global_rf,0.28,5766,0.3094323170148715,0.31719731752401165,0.025094342388183533
codex-m,balanced5_global_rf,0.3,6178,0.3161087264504268,0.3233292976107813,0.0228420494474606
codex-m,balanced5_global_rf,0.32,6590,0.32032834323711656,0.32708706773427887,0.021099364573428536
codex-m,balanced5_global_rf,0.34,7002,0.3327621813314193,0.3390867726810824,0.019006340577398806
codex-m,balanced5_global_rf,0.36,7414,0.34079009537385924,0.34682674843256117,0.017713698668617495
codex-m,balanced5_global_rf,0.38,7826,0.3541564027218805,0.3600570390965953,0.016661103200070082
codex-m,balanced5_global_rf,0.4,8238,0.36411133166086634,0.3697126694139101,0.01538358536520601
codex-m,balanced5_global_rf,0.42,8649,0.36756032208215517,0.37303070310920916,0.014882947637180788
codex-m,balanced5_global_rf,0.44,9061,0.36360950031162725,0.36881326893450295,0.014311420956866883
codex-m,balanced5_global_rf,0.46,9473,0.357578519733562,0.36276441867397297,0.014502825685041465
codex-m,balanced5_global_rf,0.48,9885,0.3515537680107021,0.3565714687028191,0.014272925363622457
codex-m,balanced5_global_rf,0.5,10297,0.34784290631534,0.35283460755981927,0.014350447152583268
codex-m,balanced5_global_rf,0.52,10709,0.34096167114684345,0.34575101725705304,0.014046582110242456
codex-m,balanced5_global_rf,0.54,11121,0.3435529442162579,0.3482259421915541,0.013601973302707737
codex-m,balanced5_global_rf,0.56,11533,0.3394799914653335,0.34403497322390497,0.013417526431853455
codex-m,balanced5_global_rf,0.58,11945,0.336861161551722,0.3413838154157163,0.013425869112251076
codex-m,balanced5_global_rf,0.6,12356,0.33259841123033285,0.33693389889239644,0.0130352025616296
codex-m,balanced5_global_rf,0.62,12768,0.32937572329476544,0.33350103339308884,0.012524633136461016
codex-m,balanced5_global_rf,0.64,13180,0.3287142178911677,0.3326912277181293,0.012098685151119115
codex-m,balanced5_global_rf,0.66,13592,0.32985890958699743,0.3338479146119137,0.01209306436473323
codex-m,balanced5_global_rf,0.68,14004,0.333642126640725,0.3375444351464238,0.011696090493695133
codex-m,balanced5_global_rf,0.7,14416,0.33395500039275194,0.3376185983779023,0.010970334269113424
codex-m,balanced5_global_rf,0.72,14828,0.3401387039042172,0.34375871889319715,0.010642761166042902
codex-m,balanced5_global_rf,0.74,15240,0.34503329942709077,0.34858030543792196,0.010280184598764341
codex-m,balanced5_global_rf,0.76,15651,0.3517169052606222,0.3551341541333671,0.009715907372188193
codex-m,balanced5_global_rf,0.78,16063,0.35231739989942473,0.35574260708411787,0.009721935918211688
codex-m,balanced5_global_rf,0.8,16475,0.3537486914190816,0.3571184651022928,0.009525897239911041
codex-m,balanced5_global_rf,0.82,16887,0.349341446614311,0.35270264261795453,0.009621520825023877
codex-m,balanced5_global_rf,0.84,17299,0.35085466947179866,0.3540898485533091,0.009220852287304293
codex-m,balanced5_global_rf,0.86,17711,0.3527168836808435,0.35589359385790703,0.009006402369833744
codex-m,balanced5_global_rf,0.88,18123,0.3539987529265382,0.35713204749245187,0.008851145773849378
codex-m,balanced5_global_rf,0.9,18535,0.35446803965169554,0.3574804744114687,0.008498466498511936
codex-m,balanced5_global_rf,0.92,18946,0.3536318038671912,0.3565145912973087,0.00815194617280568
codex-m,balanced5_global_rf,0.94,19358,0.35365945748201016,0.3564693929076824,0.007945313962981482
codex-m,balanced5_global_rf,0.96,19770,0.3484869879553671,0.35134911746488984,0.008213016865609157
codex-m,balanced5_global_rf,0.98,20182,0.3459013648697973,0.34868215398869434,0.00803925454281984
codex-m,balanced5_global_rf,1.0,20594,0.34234153499948855,0.3449297847479118,0.0075604315685127155
hetionet,balanced5_global_rf,0.02,9001,0.2855012114112848,0.5320359641700652,0.8635156101093717
hetionet,balanced5_global_rf,0.04,18002,0.35190377789285454,0.5658953468527321,0.6080968219245217
hetionet,balanced5_global_rf,0.06,27002,0.3793538624084796,0.5677862745059203,0.4967193714625764
hetionet,balanced5_global_rf,0.08,36003,0.41625096535191897,0.5834971438318689,0.4017916891521245
hetionet,balanced5_global_rf,0.1,45004,0.4512869247608002,0.602741469147436,0.33560587749559256
hetionet,balanced5_global_rf,0.12,54005,0.47831664090026643,0.6181003295211156,0.29224090627027843
hetionet,balanced5_global_rf,0.14,63006,0.4960224387800486,0.6275583530690124,0.2651813789159867
hetionet,balanced5_global_rf,0.16,72006,0.5096929469548278,0.6313464684597421,0.2386800175119863
hetionet,balanced5_global_rf,0.18,81007,0.5260213284897178,0.6377855896142224,0.21247096851642056
hetionet,balanced5_global_rf,0.2,90008,0.5457481524946688,0.6483816938289503,0.1880602634477706
hetionet,balanced5_global_rf,0.22,99009,0.563747680646906,0.656723649968995,0.1649247926224695
hetionet,balanced5_global_rf,0.24,108010,0.5746140147084033,0.6605448761955995,0.1495453631265906
hetionet,balanced5_global_rf,0.26,117010,0.5805135781321217,0.661834998597809,0.1400853029611291
hetionet,balanced5_global_rf,0.28,126011,0.5859300022384242,0.6621493140207171,0.1300826233357446
hetionet,balanced5_global_rf,0.3,135012,0.5856753903236194,0.6574689303347395,0.12258247691003388
hetionet,balanced5_global_rf,0.32,144013,0.5793243780682489,0.6473481495527796,0.11741914212440929
hetionet,balanced5_global_rf,0.34,153014,0.5765605904336838,0.6408289610142993,0.11146854579893062
hetionet,balanced5_global_rf,0.36,162014,0.5726302942426001,0.6335265774575205,0.10634485081769185
hetionet,balanced5_global_rf,0.38,171015,0.5688226567172168,0.6263883083778229,0.10120140430556757
hetionet,balanced5_global_rf,0.4,180016,0.5671954533889804,0.6218566300753957,0.09637097117019544
hetionet,balanced5_global_rf,0.42,189017,0.5677795060266435,0.6197407012283633,0.09151650359018326
hetionet,balanced5_global_rf,0.44,198018,0.5640777053784825,0.6137227607986676,0.08801102214609702
hetionet,balanced5_global_rf,0.46,207018,0.562773867258549,0.610124622490741,0.08413815563763216
hetionet,balanced5_global_rf,0.48,216019,0.5599015947457048,0.6051709022676558,0.08085225680150332
hetionet,balanced5_global_rf,0.5,225020,0.5571124611769853,0.6002814809756685,0.07748708350102596
hetionet,balanced5_global_rf,0.52,234021,0.5531639182973118,0.5943657780060291,0.07448399714055887
hetionet,balanced5_global_rf,0.54,243022,0.5444301372647431,0.5839461381885187,0.07258231721393482
hetionet,balanced5_global_rf,0.56,252022,0.538406234771442,0.5764370736396971,0.07063595555203683
hetionet,balanced5_global_rf,0.58,261023,0.5301595134007702,0.5667977187275838,0.06910788998540007
hetionet,balanced5_global_rf,0.6,270024,0.5171425067548944,0.5524882817546635,0.06834823001026602
hetionet,balanced5_global_rf,0.62,279025,0.5036119654486789,0.5378241213135883,0.06793356435530473
hetionet,balanced5_global_rf,0.64,288026,0.49163622252149697,0.5247697735389925,0.0673944463399394
hetionet,balanced5_global_rf,0.66,297026,0.4792450136916674,0.5113696286459876,0.06703171454380175
hetionet,balanced5_global_rf,0.68,306027,0.4684806259667619,0.49958871934346427,0.06640209146857967
hetionet,balanced5_global_rf,0.7,315028,0.4585047149165424,0.4886862146624961,0.06582593104074719
hetionet,balanced5_global_rf,0.72,324029,0.4498469567358157,0.4792452491123815,0.06535176449761049
hetionet,balanced5_global_rf,0.74,333030,0.4406061219990614,0.4691721988980318,0.06483359053061744
hetionet,balanced5_global_rf,0.76,342030,0.43370609208034777,0.46137533032945355,0.0637972091108645
hetionet,balanced5_global_rf,0.78,351031,0.4287276476961922,0.45554345635653143,0.06254742096628574
hetionet,balanced5_global_rf,0.8,360032,0.42331164301779056,0.44946166961766315,0.06177488153514732
hetionet,balanced5_global_rf,0.82,369033,0.41771367159935346,0.4432037425770492,0.06102283145317866
hetionet,balanced5_global_rf,0.84,378034,0.4128707649620688,0.4376156166238179,0.05993364936851964
hetionet,balanced5_global_rf,0.86,387034,0.4055108522920538,0.4295539632254927,0.059290918596976994
hetionet,balanced5_global_rf,0.88,396035,0.39912643826142075,0.4222195013299725,0.05785901622840184
hetionet,balanced5_global_rf,0.9,405036,0.3924122094209522,0.414727444086702,0.056866820476045854
hetionet,balanced5_global_rf,0.92,414037,0.3866534811771791,0.4083345227117071,0.056073571272446276
hetionet,balanced5_global_rf,0.94,423038,0.38201353934152754,0.40299900391363724,0.05493382409503633
hetionet,balanced5_global_rf,0.96,432038,0.37661506421858887,0.3968064578717229,0.05361281470518886
hetionet,balanced5_global_rf,0.98,441039,0.3716530863632084,0.3908873549958225,0.05175328643394317
hetionet,balanced5_global_rf,1.0,450040,0.3731884548334996,0.39032189792982724,0.04591096770121639
FB15k-237,synergy_weight_top5_mean_global_rf,0.02,816,0.2366206352010013,0.2598538583642971,0.09818764599106045
FB15k-237,synergy_weight_top5_mean_global_rf,0.04,1633,0.28180979756261976,0.29846183056332204,0.05908961698537851
FB15k-237,synergy_weight_top5_mean_global_rf,0.06,2449,0.2907241142594611,0.30630378821572213,0.05358920430782255
FB15k-237,synergy_weight_top5_mean_global_rf,0.08,3266,0.264447058083409,0.278918998338756,0.05472528361719342
FB15k-237,synergy_weight_top5_mean_global_rf,0.1,4082,0.26739783369510667,0.2809794686495306,0.05079186606242314
FB15k-237,synergy_weight_top5_mean_global_rf,0.12,4898,0.2587770937462103,0.27186222485258993,0.050565260305506676
FB15k-237,synergy_weight_top5_mean_global_rf,0.14,5715,0.2652013351659623,0.27952782154240535,0.05402116986883798
FB15k-237,synergy_weight_top5_mean_global_rf,0.16,6531,0.2658875801084851,0.27981487543705696,0.0523803907007967
FB15k-237,synergy_weight_top5_mean_global_rf,0.18,7347,0.27275137509535985,0.2868184151091399,0.05157458879487553
FB15k-237,synergy_weight_top5_mean_global_rf,0.2,8164,0.27151060283819384,0.2845950177659582,0.04819117482333457
FB15k-237,synergy_weight_top5_mean_global_rf,0.22,8980,0.2717685473388849,0.2827601755185707,0.040444813380040134
FB15k-237,synergy_weight_top5_mean_global_rf,0.24,9797,0.27939267042837385,0.28984608868909456,0.03741479060525532
FB15k-237,synergy_weight_top5_mean_global_rf,0.26,10613,0.2890056997718269,0.2991149236644659,0.034979323593342215
FB15k-237,synergy_weight_top5_mean_global_rf,0.28,11429,0.29334830599220973,0.3032914988711146,0.033895518316608086
FB15k-237,synergy_weight_top5_mean_global_rf,0.3,12246,0.2936944031462608,0.30300618771343124,0.03170569294959691
FB15k-237,synergy_weight_top5_mean_global_rf,0.32,13062,0.29770125920190454,0.30717973222399836,0.03183887447269873
FB15k-237,synergy_weight_top5_mean_global_rf,0.34,13878,0.2992708487087853,0.30866791008457944,0.031399855403017485
FB15k-237,synergy_weight_top5_mean_global_rf,0.36,14695,0.302593180050945,0.31096758465179714,0.02767545719121034
FB15k-237,synergy_weight_top5_mean_global_rf,0.38,15511,0.30899138225290934,0.3165070325703873,0.024323171289374113
FB15k-237,synergy_weight_top5_mean_global_rf,0.4,16328,0.3180132483076087,0.32515168471058253,0.022446978045609578
FB15k-237,synergy_weight_top5_mean_global_rf,0.42,17144,0.3256616061568259,0.33232785143904653,0.020469853234742263
FB15k-237,synergy_weight_top5_mean_global_rf,0.44,17960,0.335422679559092,0.34179329178566337,0.01899278914277791
FB15k-237,synergy_weight_top5_mean_global_rf,0.46,18777,0.3383769542478641,0.3445526388078646,0.01825090179006894
FB15k-237,synergy_weight_top5_mean_global_rf,0.48,19593,0.3374614588413239,0.34337994141076844,0.01753824744836252
FB15k-237,synergy_weight_top5_mean_global_rf,0.5,20410,0.3502013096952482,0.35588407723590804,0.016227145311378477
FB15k-237,synergy_weight_top5_mean_global_rf,0.52,21226,0.3422089019037891,0.3476687935535698,0.01595484985751683
FB15k-237,synergy_weight_top5_mean_global_rf,0.54,22042,0.3403148637714913,0.34557175880207214,0.015447150830622203
FB15k-237,synergy_weight_top5_mean_global_rf,0.56,22859,0.33566347653112516,0.3408846761572449,0.01555486369883785
FB15k-237,synergy_weight_top5_mean_global_rf,0.58,23675,0.34507704370270376,0.3501305620060951,0.014644608778279444
FB15k-237,synergy_weight_top5_mean_global_rf,0.6,24491,0.34504902569044005,0.3498757685601614,0.013988571218432222
FB15k-237,synergy_weight_top5_mean_global_rf,0.62,25308,0.34546601487758744,0.3508699766358072,0.015642527847882892
FB15k-237,synergy_weight_top5_mean_global_rf,0.64,26124,0.3468911851006724,0.35213690025368466,0.015122076830778708
FB15k-237,synergy_weight_top5_mean_global_rf,0.66,26941,0.3483837181605738,0.3534703918278062,0.014600778974658946
FB15k-237,synergy_weight_top5_mean_global_rf,0.68,27757,0.35658112572033035,0.3615161057237888,0.013839711772431151
FB15k-237,synergy_weight_top5_mean_global_rf,0.7,28573,0.3567906359476271,0.36158468067362703,0.013436576644639375
FB15k-237,synergy_weight_top5_mean_global_rf,0.72,29390,0.35328941345483006,0.3579500432932672,0.013192101605481676
FB15k-237,synergy_weight_top5_mean_global_rf,0.74,30206,0.34703944782958496,0.3515844081086507,0.013096379410151515
FB15k-237,synergy_weight_top5_mean_global_rf,0.76,31022,0.35042410100281124,0.3548521935386164,0.012636381239570227
FB15k-237,synergy_weight_top5_mean_global_rf,0.78,31839,0.3584845183428475,0.36279898445816977,0.012035292724122515
FB15k-237,synergy_weight_top5_mean_global_rf,0.8,32655,0.3535294658939657,0.35773611990240994,0.011899019499850949
FB15k-237,synergy_weight_top5_mean_global_rf,0.82,33472,0.34863271677073093,0.3527375109743002,0.011773978763641502
FB15k-237,synergy_weight_top5_mean_global_rf,0.84,34288,0.35461212583801627,0.35853654586976047,0.011066795932231699
FB15k-237,synergy_weight_top5_mean_global_rf,0.86,35104,0.3575175149675564,0.3613507110149711,0.010721701418635599
FB15k-237,synergy_weight_top5_mean_global_rf,0.88,35921,0.36143229222156964,0.36517830469473145,0.010364354690436395
FB15k-237,synergy_weight_top5_mean_global_rf,0.9,36737,0.3584501662195282,0.36211297249245317,0.010218453269405847
FB15k-237,synergy_weight_top5_mean_global_rf,0.92,37553,0.3589515131731951,0.36253739239463323,0.00998987074810831
FB15k-237,synergy_weight_top5_mean_global_rf,0.94,38370,0.3655063807622972,0.3690178115500413,0.009607030061748123
FB15k-237,synergy_weight_top5_mean_global_rf,0.96,39186,0.35977980392082076,0.36321811350398164,0.00955670536725739
FB15k-237,synergy_weight_top5_mean_global_rf,0.98,40003,0.3538753129606794,0.3572434003372697,0.009517723484046892
FB15k-237,synergy_weight_top5_mean_global_rf,1.0,40819,0.3528119855172369,0.3560530550713822,0.009186393000208737
KG20C,synergy_weight_top5_mean_global_rf,0.02,149,0.17867468946957737,0.20566454366275982,0.151055833779848
KG20C,synergy_weight_top5_mean_global_rf,0.04,298,0.18153356726614042,0.1977365832096918,0.0892563077317634
KG20C,synergy_weight_top5_mean_global_rf,0.06,447,0.16851054244851674,0.18492801840265485,0.09742699605369776
KG20C,synergy_weight_top5_mean_global_rf,0.08,596,0.15551364472058632,0.1698744989523625,0.09234465732944885
KG20C,synergy_weight_top5_mean_global_rf,0.1,745,0.1395468268469076,0.15529687495797587,0.11286568435086752
KG20C,synergy_weight_top5_mean_global_rf,0.12,894,0.1419587966115486,0.1570486689581221,0.10629755046363876
KG20C,synergy_weight_top5_mean_global_rf,0.14,1043,0.1380043768383777,0.15186346944770748,0.100425022211873
KG20C,synergy_weight_top5_mean_global_rf,0.16,1192,0.13041799479660476,0.14401236959698635,0.10423695611623907
KG20C,synergy_weight_top5_mean_global_rf,0.18,1341,0.12190872970059935,0.13441219688035433,0.10256416591709838
KG20C,synergy_weight_top5_mean_global_rf,0.2,1490,0.11541737001625131,0.12714299367230905,0.10159323206209536
KG20C,synergy_weight_top5_mean_global_rf,0.22,1639,0.1171254870245111,0.12801717641878965,0.0929916252301195
KG20C,synergy_weight_top5_mean_global_rf,0.24,1788,0.11986774654837387,0.12943040764164204,0.07977676538207934
KG20C,synergy_weight_top5_mean_global_rf,0.26,1936,0.1217410221594116,0.13110025753027865,0.07687823877979083
KG20C,synergy_weight_top5_mean_global_rf,0.28,2085,0.12663865437950217,0.1377361396156554,0.08763110513553807
KG20C,synergy_weight_top5_mean_global_rf,0.3,2234,0.12813274978459369,0.13987656353248804,0.09165349036555526
KG20C,synergy_weight_top5_mean_global_rf,0.32,2383,0.13053433918613658,0.14292819304907034,0.0949470763035054
KG20C,synergy_weight_top5_mean_global_rf,0.34,2532,0.13357476362054146,0.14528463847373116,0.08766532341734146
KG20C,synergy_weight_top5_mean_global_rf,0.36,2681,0.13916079071857318,0.15059889772918034,0.08219346089904445
KG20C,synergy_weight_top5_mean_global_rf,0.38,2830,0.1401221939777362,0.15132472848738057,0.07994832361406168
KG20C,synergy_weight_top5_mean_global_rf,0.4,2979,0.14237721776889187,0.152595566830609,0.07176955149034892
KG20C,synergy_weight_top5_mean_global_rf,0.42,3128,0.1467384937018862,0.15706724683078563,0.07038884527384681
KG20C,synergy_weight_top5_mean_global_rf,0.44,3277,0.14829332528553094,0.15822726483272453,0.06698844690458139
KG20C,synergy_weight_top5_mean_global_rf,0.46,3426,0.14951351298256188,0.1599114186457908,0.06954492243414578
KG20C,synergy_weight_top5_mean_global_rf,0.48,3575,0.1541303278473783,0.16586147541096605,0.07611187056712221
KG20C,synergy_weight_top5_mean_global_rf,0.5,3724,0.15706507491557856,0.16873070946764415,0.07427261953897646
KG20C,synergy_weight_top5_mean_global_rf,0.52,3873,0.15859561168600475,0.16999569053822655,0.07188142680008203
KG20C,synergy_weight_top5_mean_global_rf,0.54,4022,0.15965532723876766,0.17116911392731207,0.07211652055509132
KG20C,synergy_weight_top5_mean_global_rf,0.56,4171,0.16133470348897083,0.17290225505137252,0.07169909084806703
KG20C,synergy_weight_top5_mean_global_rf,0.58,4320,0.16169499309340843,0.1731937303908365,0.0711137498907306
KG20C,synergy_weight_top5_mean_global_rf,0.6,4469,0.16325191800365693,0.17475346747559847,0.07045276779954213
KG20C,synergy_weight_top5_mean_global_rf,0.62,4618,0.1623711826254918,0.17333111317715422,0.06749923462060026
KG20C,synergy_weight_top5_mean_global_rf,0.64,4767,0.16104550416175015,0.1716628650360058,0.06592770738630405
KG20C,synergy_weight_top5_mean_global_rf,0.66,4916,0.15898626010789657,0.16928181732668762,0.06475752817761693
KG20C,synergy_weight_top5_mean_global_rf,0.68,5065,0.17441384125946588,0.1844065281869243,0.0572929697282043
KG20C,synergy_weight_top5_mean_global_rf,0.7,5214,0.1925437375088485,0.20225086433807302,0.05041517815544849
KG20C,synergy_weight_top5_mean_global_rf,0.72,5363,0.19530275395371985,0.204932525855316,0.049306892538126146
KG20C,synergy_weight_top5_mean_global_rf,0.74,5512,0.1935744324347148,0.20279252262698522,0.04762039116596295
KG20C,synergy_weight_top5_mean_global_rf,0.76,5660,0.19133749693064492,0.2007786153342224,0.04934275066324112
KG20C,synergy_weight_top5_mean_global_rf,0.78,5809,0.1899277940187308,0.19916948300523896,0.04865896028675376
KG20C,synergy_weight_top5_mean_global_rf,0.8,5958,0.18876630439081066,0.19782547449555635,0.04799145765967916
KG20C,synergy_weight_top5_mean_global_rf,0.82,6107,0.1883384284782031,0.19747554751773078,0.048514363814951
KG20C,synergy_weight_top5_mean_global_rf,0.84,6256,0.1882847711640619,0.1972749954786951,0.047748016257775694
KG20C,synergy_weight_top5_mean_global_rf,0.86,6405,0.19008736943496998,0.19910919093132062,0.04746144640313443
KG20C,synergy_weight_top5_mean_global_rf,0.88,6554,0.19175959884872198,0.20072116367762954,0.0467333311224607
KG20C,synergy_weight_top5_mean_global_rf,0.9,6703,0.19487252313721518,0.20370321155542068,0.04531520542784562
KG20C,synergy_weight_top5_mean_global_rf,0.92,6852,0.1952890323725413,0.2039651894467426,0.04442726234441219
KG20C,synergy_weight_top5_mean_global_rf,0.94,7001,0.20216393330649388,0.2106759074049124,0.04210431583517815
KG20C,synergy_weight_top5_mean_global_rf,0.96,7150,0.21150111811005318,0.2197545713268602,0.03902321316576862
KG20C,synergy_weight_top5_mean_global_rf,0.98,7299,0.22055845056995163,0.22852997509140363,0.036142457932818006
KG20C,synergy_weight_top5_mean_global_rf,1.0,7448,0.22638074035722044,0.23398674950607826,0.033598304947920044
WN18RR,synergy_weight_top5_mean_global_rf,0.02,121,0.5075362798554507,0.5279655693956701,0.04025188021246051
WN18RR,synergy_weight_top5_mean_global_rf,0.04,242,0.5029178914550451,0.512998013414216,0.020043275712476882
WN18RR,synergy_weight_top5_mean_global_rf,0.06,363,0.40730065122422665,0.4167072099175187,0.023094877616862908
WN18RR,synergy_weight_top5_mean_global_rf,0.08,484,0.43408456325321115,0.4450792304376835,0.025328399383921285
WN18RR,synergy_weight_top5_mean_global_rf,0.1,606,0.4388772850534779,0.45085999472215255,0.027303098330127895
WN18RR,synergy_weight_top5_mean_global_rf,0.12,727,0.4622120136197633,0.4707816930199528,0.01854058126502811
WN18RR,synergy_weight_top5_mean_global_rf,0.14,848,0.4608110847778669,0.46846841654083116,0.01661707371179122
WN18RR,synergy_weight_top5_mean_global_rf,0.16,969,0.42276062245222634,0.43060277807826386,0.01854987245630646
WN18RR,synergy_weight_top5_mean_global_rf,0.18,1090,0.4115492904422068,0.4188631764167083,0.017771591749417892
WN18RR,synergy_weight_top5_mean_global_rf,0.2,1211,0.3999209543988326,0.40580542975660067,0.014714096105850949
WN18RR,synergy_weight_top5_mean_global_rf,0.22,1332,0.37922503078180675,0.3847775454848454,0.014641741056996116
WN18RR,synergy_weight_top5_mean_global_rf,0.24,1453,0.35885798117869955,0.36425246164022557,0.015032354704240802
WN18RR,synergy_weight_top5_mean_global_rf,0.26,1574,0.37363202456824723,0.3805529533858132,0.01852338226511363
WN18RR,synergy_weight_top5_mean_global_rf,0.28,1695,0.4164612076138903,0.42300605627426213,0.015715386068898107
WN18RR,synergy_weight_top5_mean_global_rf,0.3,1816,0.45247408344062334,0.4585828491230738,0.013500807904840206
WN18RR,synergy_weight_top5_mean_global_rf,0.32,1938,0.4838938785936247,0.489618088335281,0.011829473351250064
WN18RR,synergy_weight_top5_mean_global_rf,0.34,2059,0.512622538818509,0.518010357409733,0.010510303748332506
WN18RR,synergy_weight_top5_mean_global_rf,0.36,2180,0.5388678313214362,0.5439566012660831,0.009443447258983717
WN18RR,synergy_weight_top5_mean_global_rf,0.38,2301,0.5610438029341894,0.5658649756761842,0.008593219846259048
WN18RR,synergy_weight_top5_mean_global_rf,0.4,2422,0.581160242689054,0.5857405558514529,0.007881325710109799
WN18RR,synergy_weight_top5_mean_global_rf,0.42,2543,0.5972042099286514,0.6015665844781324,0.007304661415568514
WN18RR,synergy_weight_top5_mean_global_rf,0.44,2664,0.6131620654050882,0.6173262990685003,0.006791407848528497
WN18RR,synergy_weight_top5_mean_global_rf,0.46,2785,0.6282116061468963,0.6321949161933343,0.006340713873259185
WN18RR,synergy_weight_top5_mean_global_rf,0.48,2906,0.6422256324267099,0.6460430854478145,0.005944099438510486
WN18RR,synergy_weight_top5_mean_global_rf,0.5,3028,0.654875943884409,0.6585395893531442,0.005594411434636459
WN18RR,synergy_weight_top5_mean_global_rf,0.52,3149,0.6661317501599306,0.6696546204296449,0.005288548802648174
WN18RR,synergy_weight_top5_mean_global_rf,0.54,3270,0.6769928191144932,0.6803853324109242,0.005011151079665099
WN18RR,synergy_weight_top5_mean_global_rf,0.56,3391,0.6871331723356966,0.6904046316336412,0.004761026580661687
WN18RR,synergy_weight_top5_mean_global_rf,0.58,3512,0.697021841710036,0.700180588429663,0.00453177580759534
WN18RR,synergy_weight_top5_mean_global_rf,0.6,3633,0.7058077009742088,0.7088612430824748,0.004326308857286909
WN18RR,synergy_weight_top5_mean_global_rf,0.62,3754,0.70831759030888,0.7112727099620092,0.00417202635309466
WN18RR,synergy_weight_top5_mean_global_rf,0.64,3875,0.690325904508679,0.6930624909603158,0.00396419493135558
WN18RR,synergy_weight_top5_mean_global_rf,0.66,3996,0.6771544636241699,0.6798263303840215,0.003945727161793533
WN18RR,synergy_weight_top5_mean_global_rf,0.68,4117,0.6606121287358911,0.6632239544572616,0.003953644820854585
WN18RR,synergy_weight_top5_mean_global_rf,0.7,4238,0.6438372229905063,0.6463880139024009,0.003961856849541201
WN18RR,synergy_weight_top5_mean_global_rf,0.72,4360,0.6275125220016387,0.630002793657115,0.003968481214578601
WN18RR,synergy_weight_top5_mean_global_rf,0.74,4481,0.6116230264315807,0.6140528993079587,0.003972827659145972
WN18RR,synergy_weight_top5_mean_global_rf,0.76,4602,0.6002113538231277,0.6026076346218041,0.003992394984554837
WN18RR,synergy_weight_top5_mean_global_rf,0.78,4723,0.5883461285070513,0.5907038022526869,0.004007290320101831
WN18RR,synergy_weight_top5_mean_global_rf,0.8,4844,0.5752034216416138,0.5775122831001237,0.004013991175366272
WN18RR,synergy_weight_top5_mean_global_rf,0.82,4965,0.5626953179664165,0.5649576331406967,0.004020497597982953
WN18RR,synergy_weight_top5_mean_global_rf,0.84,5086,0.5589600951028683,0.5612589766805821,0.00411278300160367
WN18RR,synergy_weight_top5_mean_global_rf,0.86,5207,0.557043414803614,0.5593106657116651,0.004070151172777869
WN18RR,synergy_weight_top5_mean_global_rf,0.88,5328,0.5498556982227378,0.5521025601832485,0.004086275667912753
WN18RR,synergy_weight_top5_mean_global_rf,0.9,5450,0.5420454761504817,0.5442712268108603,0.004106206505375631
WN18RR,synergy_weight_top5_mean_global_rf,0.92,5571,0.53249471955708,0.5346865455104586,0.0041161458938066
WN18RR,synergy_weight_top5_mean_global_rf,0.94,5692,0.5274176323839768,0.5296033662312665,0.004144218382328146
WN18RR,synergy_weight_top5_mean_global_rf,0.96,5813,0.5245493499626873,0.5267422045007916,0.0041804542094279196
WN18RR,synergy_weight_top5_mean_global_rf,0.98,5934,0.5166929307655868,0.5188594213185196,0.004192994376220227
WN18RR,synergy_weight_top5_mean_global_rf,1.0,6055,0.5112021246888968,0.5133269561687425,0.0041565388272568615
YAGO3-10,synergy_weight_top5_mean_global_rf,0.02,200,0.573517757289022,0.6659037779009804,0.16108659137017955
YAGO3-10,synergy_weight_top5_mean_global_rf,0.04,399,0.6422171577555813,0.7084238829258411,0.1030908694523811
YAGO3-10,synergy_weight_top5_mean_global_rf,0.06,598,0.6635820413576559,0.7269216104125188,0.09545099943523683
YAGO3-10,synergy_weight_top5_mean_global_rf,0.08,798,0.6537755239665834,0.720364195064705,0.10185249930146512
YAGO3-10,synergy_weight_top5_mean_global_rf,0.1,998,0.6908497568727768,0.7520643258015401,0.08860764344169292
YAGO3-10,synergy_weight_top5_mean_global_rf,0.12,1197,0.712854248746563,0.7687715107154166,0.07844136731621498
YAGO3-10,synergy_weight_top5_mean_global_rf,0.14,1397,0.7165506603442252,0.7663518675812656,0.06950130673679977
YAGO3-10,synergy_weight_top5_mean_global_rf,0.16,1596,0.7226963298108736,0.7687545296484046,0.0637310554068875
YAGO3-10,synergy_weight_top5_mean_global_rf,0.18,1796,0.7302056466504719,0.7772742094112477,0.0644593245432763
YAGO3-10,synergy_weight_top5_mean_global_rf,0.2,1995,0.7349093035697624,0.7790711625562196,0.060091576976838645
YAGO3-10,synergy_weight_top5_mean_global_rf,0.22,2194,0.7404351415106459,0.7848604178111847,0.05999887607968146
YAGO3-10,synergy_weight_top5_mean_global_rf,0.24,2394,0.7507810902445198,0.793965833969356,0.05751975414134569
YAGO3-10,synergy_weight_top5_mean_global_rf,0.26,2594,0.7188016745501543,0.7595482669530692,0.056686835667731694
YAGO3-10,synergy_weight_top5_mean_global_rf,0.28,2793,0.6993636153694693,0.7402050721339236,0.05839802910375602
YAGO3-10,synergy_weight_top5_mean_global_rf,0.3,2992,0.6833941732032264,0.7230069192815821,0.0579647114822206
YAGO3-10,synergy_weight_top5_mean_global_rf,0.32,3192,0.6695224575599843,0.7077573663713906,0.0571077316073163
YAGO3-10,synergy_weight_top5_mean_global_rf,0.34,3392,0.6598324930812305,0.697287583746525,0.05676454411996268
YAGO3-10,synergy_weight_top5_mean_global_rf,0.36,3591,0.6511052518784158,0.6856459180007104,0.053049282005706466
YAGO3-10,synergy_weight_top5_mean_global_rf,0.38,3790,0.6411997551917843,0.6753462093411714,0.05325400372177902
YAGO3-10,synergy_weight_top5_mean_global_rf,0.4,3990,0.6332363460718335,0.6674387108206145,0.054012005092488824
YAGO3-10,synergy_weight_top5_mean_global_rf,0.42,4190,0.627366858417486,0.6610979924388498,0.053766203249004274
YAGO3-10,synergy_weight_top5_mean_global_rf,0.44,4389,0.6393216797367876,0.6723202605119234,0.051614987917696586
YAGO3-10,synergy_weight_top5_mean_global_rf,0.46,4588,0.6499424663146459,0.6819297014026026,0.049215487132781455
YAGO3-10,synergy_weight_top5_mean_global_rf,0.48,4788,0.6595002395636984,0.6907081706423852,0.04732057580347937
YAGO3-10,synergy_weight_top5_mean_global_rf,0.5,4988,0.6695060150373042,0.7004265076479712,0.04618404004771204
YAGO3-10,synergy_weight_top5_mean_global_rf,0.52,5187,0.6793263840118436,0.7094576876311738,0.044354678882610354
YAGO3-10,synergy_weight_top5_mean_global_rf,0.54,5386,0.6871587157283964,0.7162720473915926,0.04236769613310609
YAGO3-10,synergy_weight_top5_mean_global_rf,0.56,5586,0.6892175334263587,0.7181053565349905,0.04191394111089952
YAGO3-10,synergy_weight_top5_mean_global_rf,0.58,5786,0.6807738054549708,0.7091636360137052,0.041702295727670036
YAGO3-10,synergy_weight_top5_mean_global_rf,0.6,5985,0.68711902226993,0.7153059918311718,0.04102196074869946
YAGO3-10,synergy_weight_top5_mean_global_rf,0.62,6184,0.6924119910205395,0.7199914365658707,0.03983097621501641
YAGO3-10,synergy_weight_top5_mean_global_rf,0.64,6384,0.6956356079125579,0.7226130581253368,0.03878100819728325
YAGO3-10,synergy_weight_top5_mean_global_rf,0.66,6584,0.6789205357343006,0.7054924469843982,0.039138470338591524
YAGO3-10,synergy_weight_top5_mean_global_rf,0.68,6783,0.6662951156208399,0.6922991567581993,0.039027812943112083
YAGO3-10,synergy_weight_top5_mean_global_rf,0.7,6982,0.6556090804477446,0.6810307560803847,0.03877566127558585
YAGO3-10,synergy_weight_top5_mean_global_rf,0.72,7182,0.6513768565579271,0.6761414998762337,0.03801891803336477
YAGO3-10,synergy_weight_top5_mean_global_rf,0.74,7382,0.646069004368021,0.6701970843559534,0.03734597980216425
YAGO3-10,synergy_weight_top5_mean_global_rf,0.76,7581,0.6360793186161983,0.659779234450607,0.037259371812258246
YAGO3-10,synergy_weight_top5_mean_global_rf,0.78,7780,0.6271084712115716,0.6502633542422325,0.036923250272677066
YAGO3-10,synergy_weight_top5_mean_global_rf,0.8,7980,0.6189808995222776,0.6417091215720049,0.03671877769939047
YAGO3-10,synergy_weight_top5_mean_global_rf,0.82,8179,0.6130733110601955,0.6353231377997633,0.0362922775109733
YAGO3-10,synergy_weight_top5_mean_global_rf,0.84,8379,0.6066877197534724,0.6284426759955543,0.03585857358530675
YAGO3-10,synergy_weight_top5_mean_global_rf,0.86,8578,0.5983119294725373,0.6195614759503761,0.035515832847545115
YAGO3-10,synergy_weight_top5_mean_global_rf,0.88,8778,0.5903261536718238,0.6111471115215326,0.03527026156676705
YAGO3-10,synergy_weight_top5_mean_global_rf,0.9,8978,0.5839335621971792,0.6042906983081999,0.034862075806060044
YAGO3-10,synergy_weight_top5_mean_global_rf,0.92,9177,0.5924109754174866,0.6123811582664289,0.03371001496869441
YAGO3-10,synergy_weight_top5_mean_global_rf,0.94,9376,0.5855062239593184,0.6052485629933085,0.033718410199789606
YAGO3-10,synergy_weight_top5_mean_global_rf,0.96,9576,0.5769299456785204,0.5962593006230331,0.03350381634598576
YAGO3-10,synergy_weight_top5_mean_global_rf,0.98,9776,0.5676346207201378,0.5865685305962277,0.03335580527500093
YAGO3-10,synergy_weight_top5_mean_global_rf,1.0,9975,0.5616723217905851,0.5802260659200453,0.033033039745151926
codex-l,synergy_weight_top5_mean_global_rf,0.02,1223,0.40476265841927117,0.4247627162680072,0.049411815622623756
codex-l,synergy_weight_top5_mean_global_rf,0.04,2445,0.41764280181312097,0.44026382264557734,0.05416355970760489
codex-l,synergy_weight_top5_mean_global_rf,0.06,3668,0.40861753909776816,0.43064276645390154,0.05390181587595411
codex-l,synergy_weight_top5_mean_global_rf,0.08,4890,0.42448522364396074,0.44634334423855926,0.0514932425844159
codex-l,synergy_weight_top5_mean_global_rf,0.1,6113,0.43580692219487255,0.4553082878497613,0.044747718913396906
codex-l,synergy_weight_top5_mean_global_rf,0.12,7335,0.45914411620247675,0.4759462908777072,0.03659455513488674
codex-l,synergy_weight_top5_mean_global_rf,0.14,8558,0.4515932890528456,0.4668713603500372,0.03383148436336425
codex-l,synergy_weight_top5_mean_global_rf,0.16,9781,0.4286374698016445,0.4433649609726034,0.03435885149698681
codex-l,synergy_weight_top5_mean_global_rf,0.18,11003,0.4073524588418879,0.4213907524325391,0.03446227777920474
codex-l,synergy_weight_top5_mean_global_rf,0.2,12226,0.40434262860862974,0.4177914677985473,0.033260997575734086
codex-l,synergy_weight_top5_mean_global_rf,0.22,13448,0.3961061204854264,0.40880282669428963,0.03205379960628596
codex-l,synergy_weight_top5_mean_global_rf,0.24,14671,0.3880834863258604,0.40000845627279374,0.03072784688632768
codex-l,synergy_weight_top5_mean_global_rf,0.26,15894,0.37514889164779996,0.386199107526868,0.02945554718429566
codex-l,synergy_weight_top5_mean_global_rf,0.28,17116,0.36629911653969155,0.3768952351435279,0.02892750248467557
codex-l,synergy_weight_top5_mean_global_rf,0.3,18339,0.3669653150471393,0.37743787355414504,0.02853827889881222
codex-l,synergy_weight_top5_mean_global_rf,0.32,19561,0.36463870619887867,0.3746951523547585,0.02757920644440559
codex-l,synergy_weight_top5_mean_global_rf,0.34,20784,0.37069135515417106,0.3802886152283165,0.025890164258494552
codex-l,synergy_weight_top5_mean_global_rf,0.36,22006,0.3663762213973381,0.3753473338967133,0.024486066440556398
codex-l,synergy_weight_top5_mean_global_rf,0.38,23229,0.36718616955997707,0.3757438986525052,0.023306240272566336
codex-l,synergy_weight_top5_mean_global_rf,0.4,24452,0.3754234037046978,0.38356534765315053,0.021687363835359186
codex-l,synergy_weight_top5_mean_global_rf,0.42,25674,0.3702844793900227,0.3780160825495816,0.02088017076031745
codex-l,synergy_weight_top5_mean_global_rf,0.44,26897,0.3745640667420085,0.38196702750840417,0.01976420437440063
codex-l,synergy_weight_top5_mean_global_rf,0.46,28119,0.3641035043692444,0.3710271012158436,0.01901546336005011
codex-l,synergy_weight_top5_mean_global_rf,0.48,29342,0.3575499703125792,0.3640970387899397,0.018310918811255794
codex-l,synergy_weight_top5_mean_global_rf,0.5,30564,0.36002327415446705,0.3663680979776111,0.017623371261330734
codex-l,synergy_weight_top5_mean_global_rf,0.52,31787,0.35924019534810553,0.36554595171362164,0.017553036790345367
codex-l,synergy_weight_top5_mean_global_rf,0.54,33010,0.3635343798543116,0.3701999125457052,0.018335357151268328
codex-l,synergy_weight_top5_mean_global_rf,0.56,34232,0.35872426475651376,0.36533221336208616,0.01842069035964866
codex-l,synergy_weight_top5_mean_global_rf,0.58,35455,0.35383980184248315,0.3603291219208887,0.018339712052219515
codex-l,synergy_weight_top5_mean_global_rf,0.6,36677,0.34505680714703596,0.351329916817398,0.018179933102113743
codex-l,synergy_weight_top5_mean_global_rf,0.62,37900,0.3369342652313957,0.3430002174574013,0.01800336995063323
codex-l,synergy_weight_top5_mean_global_rf,0.64,39123,0.34383368531481673,0.34989131713231597,0.017617912601997743
codex-l,synergy_weight_top5_mean_global_rf,0.66,40345,0.34088217650204106,0.3467713699747227,0.01727633146770402
codex-l,synergy_weight_top5_mean_global_rf,0.68,41568,0.3411767965753878,0.3468800504841544,0.016716417898326785
codex-l,synergy_weight_top5_mean_global_rf,0.7,42790,0.33558960459323117,0.34130411374390346,0.017028266288518834
codex-l,synergy_weight_top5_mean_global_rf,0.72,44013,0.3379078264350527,0.34360172332621314,0.01685044395458779
codex-l,synergy_weight_top5_mean_global_rf,0.74,45235,0.3302118314062718,0.3357583554409223,0.016796866456993742
codex-l,synergy_weight_top5_mean_global_rf,0.76,46458,0.32929941050383404,0.3347133989647337,0.0164409297077579
codex-l,synergy_weight_top5_mean_global_rf,0.78,47681,0.3239730554355777,0.3293397350159241,0.016565203464624423
codex-l,synergy_weight_top5_mean_global_rf,0.8,48903,0.3176319516127096,0.3228734385264499,0.016501762140514353
codex-l,synergy_weight_top5_mean_global_rf,0.82,50126,0.3176450757094999,0.3228237328642923,0.01630328171537121
codex-l,synergy_weight_top5_mean_global_rf,0.84,51348,0.3214951788836933,0.3264500695970725,0.015412021824351418
codex-l,synergy_weight_top5_mean_global_rf,0.86,52571,0.318044166820576,0.32309777050103533,0.015889628572594683
codex-l,synergy_weight_top5_mean_global_rf,0.88,53794,0.3122210319012507,0.31730520198174555,0.01628388084407728
codex-l,synergy_weight_top5_mean_global_rf,0.9,55016,0.3106981653221866,0.3161544522613002,0.017561374826451148
codex-l,synergy_weight_top5_mean_global_rf,0.92,56239,0.3221986374038314,0.32762849863502624,0.016852526984430627
codex-l,synergy_weight_top5_mean_global_rf,0.94,57461,0.3334768980794541,0.33884974356148506,0.016111597273976264
codex-l,synergy_weight_top5_mean_global_rf,0.96,58684,0.3368356226652967,0.34209793628891805,0.015622794234119164
codex-l,synergy_weight_top5_mean_global_rf,0.98,59906,0.33350156824814015,0.33863037857448086,0.015378669291667757
codex-l,synergy_weight_top5_mean_global_rf,1.0,61129,0.32990176871301513,0.33484279266174394,0.014977258133547888
codex-m,synergy_weight_top5_mean_global_rf,0.02,412,0.25535115991191026,0.2632530440407402,0.030945166380117017
codex-m,synergy_weight_top5_mean_global_rf,0.04,824,0.32633101559941174,0.32802125932173404,0.00517953746816735
codex-m,synergy_weight_top5_mean_global_rf,0.06,1236,0.32830380709398205,0.329614401818003,0.003992018050664292
codex-m,synergy_weight_top5_mean_global_rf,0.08,1648,0.2960242917688758,0.29906419115839816,0.010269087618984374
codex-m,synergy_weight_top5_mean_global_rf,0.1,2059,0.3140918828593514,0.3171968839754413,0.009885645842940605
codex-m,synergy_weight_top5_mean_global_rf,0.12,2471,0.3277562404266006,0.3310665691605479,0.010099971642457906
codex-m,synergy_weight_top5_mean_global_rf,0.14,2883,0.3392500156155438,0.3422442868328712,0.00882614909212176
codex-m,synergy_weight_top5_mean_global_rf,0.16,3295,0.344836730084174,0.3479604442285769,0.009058530811495658
codex-m,synergy_weight_top5_mean_global_rf,0.18,3707,0.36453738395510277,0.36797990191326674,0.009443525162807331
codex-m,synergy_weight_top5_mean_global_rf,0.2,4119,0.37108698082347324,0.37502811939041314,0.010620525026758365
codex-m,synergy_weight_top5_mean_global_rf,0.22,4531,0.373259839041548,0.3774918739695894,0.011338039846205517
codex-m,synergy_weight_top5_mean_global_rf,0.24,4943,0.3658674272492361,0.3698941757561038,0.011006031712477604
codex-m,synergy_weight_top5_mean_global_rf,0.26,5354,0.35360552956713126,0.3573851558267002,0.010688821139748006
codex-m,synergy_weight_top5_mean_global_rf,0.28,5766,0.3541029730477854,0.3577102346892487,0.010187041386338525
codex-m,synergy_weight_top5_mean_global_rf,0.3,6178,0.35072701404120954,0.35394355066741257,0.009171054687635571
codex-m,synergy_weight_top5_mean_global_rf,0.32,6590,0.3639034425761128,0.36714246637172404,0.008900778109384833
codex-m,synergy_weight_top5_mean_global_rf,0.34,7002,0.3648696822335893,0.36808806703064195,0.008820641872328228
codex-m,synergy_weight_top5_mean_global_rf,0.36,7414,0.35609597945988186,0.3594951074648331,0.009545538846315926
codex-m,synergy_weight_top5_mean_global_rf,0.38,7826,0.3487127996555965,0.3520523958496405,0.009576924613442062
codex-m,synergy_weight_top5_mean_global_rf,0.4,8238,0.3472112277384784,0.350429718392243,0.009269546594814715
codex-m,synergy_weight_top5_mean_global_rf,0.42,8649,0.3688347397666035,0.37223789215228004,0.009226767488957233
codex-m,synergy_weight_top5_mean_global_rf,0.44,9061,0.3658048592299476,0.3691114546010226,0.00903923304363885
codex-m,synergy_weight_top5_mean_global_rf,0.46,9473,0.36257459536534503,0.36603416188288124,0.009541668284977822
codex-m,synergy_weight_top5_mean_global_rf,0.48,9885,0.3532317965375552,0.35841143908850703,0.014663579558022999
codex-m,synergy_weight_top5_mean_global_rf,0.5,10297,0.34789722015936536,0.353264189712818,0.015426882545925835
codex-m,synergy_weight_top5_mean_global_rf,0.52,10709,0.36573708730360105,0.3710534658659144,0.014536066335269382
codex-m,synergy_weight_top5_mean_global_rf,0.54,11121,0.3787746266611976,0.38402988561751333,0.013874369047999657
codex-m,synergy_weight_top5_mean_global_rf,0.56,11533,0.36742928530048874,0.3724086533351932,0.013551908445817773
codex-m,synergy_weight_top5_mean_global_rf,0.58,11945,0.356617944538551,0.3615983715398448,0.013965721797141395
codex-m,synergy_weight_top5_mean_global_rf,0.6,12356,0.3458426387565925,0.3506695265601155,0.013956890396386923
codex-m,synergy_weight_top5_mean_global_rf,0.62,12768,0.33527682862652936,0.34001805972015214,0.014141242963450207
codex-m,synergy_weight_top5_mean_global_rf,0.64,13180,0.325844472353897,0.3304227608011417,0.014050532802263538
codex-m,synergy_weight_top5_mean_global_rf,0.66,13592,0.31671668944047654,0.3212060338169391,0.014174637858186623
codex-m,synergy_weight_top5_mean_global_rf,0.68,14004,0.3085109175683494,0.31286570444421097,0.014115503302721155
codex-m,synergy_weight_top5_mean_global_rf,0.7,14416,0.30181773287451014,0.3060284565575904,0.01395121367779617
codex-m,synergy_weight_top5_mean_global_rf,0.72,14828,0.29935385917538726,0.3034296423617545,0.013615268557400917
codex-m,synergy_weight_top5_mean_global_rf,0.74,15240,0.30473908597133065,0.3086740239265951,0.01291248197690864
codex-m,synergy_weight_top5_mean_global_rf,0.76,15651,0.3111031171048158,0.31480623259055757,0.0119031770565452
codex-m,synergy_weight_top5_mean_global_rf,0.78,16063,0.3173302640806289,0.32093563597035907,0.011361575928396483
codex-m,synergy_weight_top5_mean_global_rf,0.8,16475,0.32387549138263255,0.3274179606149643,0.010937750236082566
codex-m,synergy_weight_top5_mean_global_rf,0.82,16887,0.3294251463737054,0.33289937355203464,0.01054633265424143
codex-m,synergy_weight_top5_mean_global_rf,0.84,17299,0.3363579385758641,0.3397584539569491,0.010109811575973904
codex-m,synergy_weight_top5_mean_global_rf,0.86,17711,0.34140891368060344,0.34470221816395624,0.009646217047612815
codex-m,synergy_weight_top5_mean_global_rf,0.88,18123,0.3451714752365356,0.3484259501792579,0.00942857442229883
codex-m,synergy_weight_top5_mean_global_rf,0.9,18535,0.34616157411331694,0.34918720605075204,0.00874051935193898
codex-m,synergy_weight_top5_mean_global_rf,0.92,18946,0.3442670099846454,0.3472798816488254,0.008751554975640508
codex-m,synergy_weight_top5_mean_global_rf,0.94,19358,0.3504492693943495,0.35352249776127687,0.00876939584504921
codex-m,synergy_weight_top5_mean_global_rf,0.96,19770,0.34945972332940917,0.3523664147405596,0.008317672158203226
codex-m,synergy_weight_top5_mean_global_rf,0.98,20182,0.3447482340698711,0.3475955876125547,0.008259225896735334
codex-m,synergy_weight_top5_mean_global_rf,1.0,20594,0.3423415349994885,0.3449297847479118,0.0075604315685129375
hetionet,synergy_weight_top5_mean_global_rf,0.02,9001,0.46679804580014383,0.611525475053421,0.3100429201780359
hetionet,synergy_weight_top5_mean_global_rf,0.04,18002,0.4630530037053853,0.5728056982820375,0.2370197227928612
hetionet,synergy_weight_top5_mean_global_rf,0.06,27002,0.49490531452515046,0.5963392610511963,0.20495626850030746
hetionet,synergy_weight_top5_mean_global_rf,0.08,36003,0.518798034527566,0.6182779070197397,0.19175067342489704
hetionet,synergy_weight_top5_mean_global_rf,0.1,45004,0.5256292756912192,0.6192625187040801,0.17813551745140188
hetionet,synergy_weight_top5_mean_global_rf,0.12,54005,0.5383183893123095,0.6297699493555515,0.169883774842003
hetionet,synergy_weight_top5_mean_global_rf,0.14,63006,0.5459409767487992,0.6362356750451853,0.1653927844619969
hetionet,synergy_weight_top5_mean_global_rf,0.16,72006,0.553814989620668,0.6422403461242463,0.15966587788485942
hetionet,synergy_weight_top5_mean_global_rf,0.18,81007,0.5628705656794899,0.6503236943536215,0.15536987365569432
hetionet,synergy_weight_top5_mean_global_rf,0.2,90008,0.5703291065281929,0.6545608111216438,0.14768964730942957
hetionet,synergy_weight_top5_mean_global_rf,0.22,99009,0.5777588582240364,0.6596350759152453,0.14171347877363027
hetionet,synergy_weight_top5_mean_global_rf,0.24,108010,0.5873731897258948,0.6631400373162261,0.1289926896828384
hetionet,synergy_weight_top5_mean_global_rf,0.26,117010,0.5874522397770582,0.6576866651688268,0.1195576774350593
hetionet,synergy_weight_top5_mean_global_rf,0.28,126011,0.5863838366221557,0.6521897373207863,0.11222325137354283
hetionet,synergy_weight_top5_mean_global_rf,0.3,135012,0.5877939706736484,0.6498787804771036,0.1056234206218587
hetionet,synergy_weight_top5_mean_global_rf,0.32,144013,0.5766090603492156,0.6352668073190614,0.1017287985976505
hetionet,synergy_weight_top5_mean_global_rf,0.34,153014,0.5691849341856982,0.6244923888325212,0.09716956884311845
hetionet,synergy_weight_top5_mean_global_rf,0.36,162014,0.5655459615115179,0.6179011534542749,0.09257460136896523
hetionet,synergy_weight_top5_mean_global_rf,0.38,171015,0.5505146996594753,0.6002543327667006,0.09035114437088065
hetionet,synergy_weight_top5_mean_global_rf,0.4,180016,0.5409152199842725,0.588165025809454,0.08735159241138613
hetionet,synergy_weight_top5_mean_global_rf,0.42,189017,0.5375427023554797,0.5825388416490196,0.0837070973084919
hetionet,synergy_weight_top5_mean_global_rf,0.44,198018,0.5173651805631352,0.5603205883939759,0.08302724930983008
hetionet,synergy_weight_top5_mean_global_rf,0.46,207018,0.4959174189010469,0.5369959689366901,0.08283344861463693
hetionet,synergy_weight_top5_mean_global_rf,0.48,216019,0.4761910742264668,0.5155757622582589,0.08270774099613121
hetionet,synergy_weight_top5_mean_global_rf,0.5,225020,0.4583351063922235,0.4961556505480083,0.08251723166808778
hetionet,synergy_weight_top5_mean_global_rf,0.52,234021,0.4427626480758956,0.4791444032320051,0.08216988337704834
hetionet,synergy_weight_top5_mean_global_rf,0.54,243022,0.4283582859463619,0.46338771795734696,0.08177601125094469
hetionet,synergy_weight_top5_mean_global_rf,0.56,252022,0.4202784963606473,0.45416355923914936,0.08062525961219968
hetionet,synergy_weight_top5_mean_global_rf,0.58,261023,0.42909283209139354,0.46218650330645944,0.0771247355817335
hetionet,synergy_weight_top5_mean_global_rf,0.6,270024,0.43725705459219144,0.46928431560895495,0.07324584173177895
hetionet,synergy_weight_top5_mean_global_rf,0.62,279025,0.4452748318965933,0.47673197493536207,0.07064657776587313
hetionet,synergy_weight_top5_mean_global_rf,0.64,288026,0.45183201919639904,0.48218114474084406,0.06716904569627924
hetionet,synergy_weight_top5_mean_global_rf,0.66,297026,0.45835252617936495,0.4878130346646733,0.06427478153306754
hetionet,synergy_weight_top5_mean_global_rf,0.68,306027,0.4591643245293716,0.4875426298954512,0.06180424708554266
hetionet,synergy_weight_top5_mean_global_rf,0.7,315028,0.44758799464810695,0.47469301879350595,0.0605579784746213
hetionet,synergy_weight_top5_mean_global_rf,0.72,324029,0.4365336941603471,0.4626459496718259,0.05981727381137092
hetionet,synergy_weight_top5_mean_global_rf,0.74,333030,0.4260459236325391,0.45117798505611273,0.05898909021190346
hetionet,synergy_weight_top5_mean_global_rf,0.76,342030,0.41607411021037266,0.4402152125507781,0.05802115956746112
hetionet,synergy_weight_top5_mean_global_rf,0.78,351031,0.40647415864834097,0.4295842959791529,0.05685512064939302
hetionet,synergy_weight_top5_mean_global_rf,0.8,360032,0.39861438335531835,0.42111435602179575,0.056445461092208715
hetionet,synergy_weight_top5_mean_global_rf,0.82,369033,0.39798263139531903,0.4198851760512029,0.055033920900251276
hetionet,synergy_weight_top5_mean_global_rf,0.84,378034,0.3926755979532834,0.41404739753614495,0.05442609546978816
hetionet,synergy_weight_top5_mean_global_rf,0.86,387034,0.3847427984219906,0.4056321950835735,0.05429444487917645
hetionet,synergy_weight_top5_mean_global_rf,0.88,396035,0.3796142128172044,0.4000783904237824,0.05390782777786063
hetionet,synergy_weight_top5_mean_global_rf,0.9,405036,0.3764282553663656,0.3963229068384899,0.052851110904949206
hetionet,synergy_weight_top5_mean_global_rf,0.92,414037,0.3739817622695809,0.3933885646955798,0.0518923765378958
hetionet,synergy_weight_top5_mean_global_rf,0.94,423038,0.3711233882385441,0.3901029325656728,0.05114079287002338
hetionet,synergy_weight_top5_mean_global_rf,0.96,432038,0.36753534536373583,0.38621515798361733,0.05082453389998398
hetionet,synergy_weight_top5_mean_global_rf,0.98,441039,0.3688708474892013,0.3872453637471236,0.049812871857433105
hetionet,synergy_weight_top5_mean_global_rf,1.0,450040,0.37318845483349955,0.39032189792982713,0.045910967701216165
FB15k-237,max_candidate_dep_score_global_rf,0.02,816,0.2640892388798542,0.3024241771660623,0.14515903203329072
FB15k-237,max_candidate_dep_score_global_rf,0.04,1633,0.27747450921981726,0.3066165538142496,0.10502602446751541
FB15k-237,max_candidate_dep_score_global_rf,0.06,2449,0.29959945794582604,0.3189252664397597,0.0645054855120204
FB15k-237,max_candidate_dep_score_global_rf,0.08,3266,0.29855206510191196,0.31754084489111073,0.06360290886856501
FB15k-237,max_candidate_dep_score_global_rf,0.1,4082,0.277079869436959,0.29757595688537847,0.0739717666608859
FB15k-237,max_candidate_dep_score_global_rf,0.12,4898,0.2770576884685928,0.2988584250730399,0.07868663282707788
FB15k-237,max_candidate_dep_score_global_rf,0.14,5715,0.2777665517028926,0.29843946915490593,0.07442551065012926
FB15k-237,max_candidate_dep_score_global_rf,0.16,6531,0.27032810699250687,0.29056518087409194,0.07486115338404686
FB15k-237,max_candidate_dep_score_global_rf,0.18,7347,0.2661153784635881,0.2864627748603054,0.07646080626453289
FB15k-237,max_candidate_dep_score_global_rf,0.2,8164,0.2657876411134532,0.2842447259296562,0.06944297612515582
FB15k-237,max_candidate_dep_score_global_rf,0.22,8980,0.270975821863067,0.2878981662054492,0.06244964671030173
FB15k-237,max_candidate_dep_score_global_rf,0.24,9797,0.27012247355100616,0.2855397566753158,0.05707515898857052
FB15k-237,max_candidate_dep_score_global_rf,0.26,10613,0.26818166488482303,0.28231605585230285,0.052704538819050795
FB15k-237,max_candidate_dep_score_global_rf,0.28,11429,0.27087485593240385,0.2846265212917758,0.0507675963944163
FB15k-237,max_candidate_dep_score_global_rf,0.3,12246,0.2745676906896257,0.28656860252876365,0.04370839048467601
FB15k-237,max_candidate_dep_score_global_rf,0.32,13062,0.2786079792005952,0.2897727980909594,0.04007357909274245
FB15k-237,max_candidate_dep_score_global_rf,0.34,13878,0.2797921150978999,0.29018833667145516,0.037156949794377114
FB15k-237,max_candidate_dep_score_global_rf,0.36,14695,0.28863332225014743,0.29855657759273696,0.03438014455583005
FB15k-237,max_candidate_dep_score_global_rf,0.38,15511,0.2978273789575791,0.30703149433765836,0.030904194947739327
FB15k-237,max_candidate_dep_score_global_rf,0.4,16328,0.31442533151836455,0.3231358618813466,0.027703017186683887
FB15k-237,max_candidate_dep_score_global_rf,0.42,17144,0.3220744694392281,0.3308962198890028,0.027390405905610926
FB15k-237,max_candidate_dep_score_global_rf,0.44,17960,0.3264975975992466,0.335029501245779,0.02613159701409118
FB15k-237,max_candidate_dep_score_global_rf,0.46,18777,0.32822432393991763,0.3365182036847071,0.02526893694297838
FB15k-237,max_candidate_dep_score_global_rf,0.48,19593,0.3422524784547979,0.35020207907763073,0.02322729891898434
FB15k-237,max_candidate_dep_score_global_rf,0.5,20410,0.33661844527593754,0.34421224193507144,0.022559062837180566
FB15k-237,max_candidate_dep_score_global_rf,0.52,21226,0.3355597977049244,0.3428033290967693,0.021586410056828598
FB15k-237,max_candidate_dep_score_global_rf,0.54,22042,0.329425678145062,0.33650140185820987,0.021478968345728155
FB15k-237,max_candidate_dep_score_global_rf,0.56,22859,0.32931267022740307,0.3361307793067812,0.020704059381225548
FB15k-237,max_candidate_dep_score_global_rf,0.58,23675,0.33697907759962675,0.343520763715037,0.019412736725401558
FB15k-237,max_candidate_dep_score_global_rf,0.6,24491,0.34218782649047863,0.3484914383903843,0.01842149665157966
FB15k-237,max_candidate_dep_score_global_rf,0.62,25308,0.3465355550605804,0.3526599960553009,0.01767334088893069
FB15k-237,max_candidate_dep_score_global_rf,0.64,26124,0.34845987017927854,0.35439382869986336,0.01702910156492865
FB15k-237,max_candidate_dep_score_global_rf,0.66,26941,0.35633408129083805,0.36208748942325514,0.01614610679835926
FB15k-237,max_candidate_dep_score_global_rf,0.68,27757,0.3585731009038663,0.3641573704032879,0.015573587325276694
FB15k-237,max_candidate_dep_score_global_rf,0.7,28573,0.35293888815701113,0.3583635281839988,0.015369913061477058
FB15k-237,max_candidate_dep_score_global_rf,0.72,29390,0.34776187884643067,0.3530473253155042,0.015198464209493112
FB15k-237,max_candidate_dep_score_global_rf,0.74,30206,0.35023162101597277,0.3553939099768867,0.014739642713981205
FB15k-237,max_candidate_dep_score_global_rf,0.76,31022,0.3587950650121509,0.36382156557154,0.014009391570697582
FB15k-237,max_candidate_dep_score_global_rf,0.78,31839,0.35534452070477185,0.3602420394821634,0.013782451936160456
FB15k-237,max_candidate_dep_score_global_rf,0.8,32655,0.3505398710032516,0.35530899609461936,0.01360508599982757
FB15k-237,max_candidate_dep_score_global_rf,0.82,33472,0.3565140481219021,0.36115762215644714,0.013024939855826423
FB15k-237,max_candidate_dep_score_global_rf,0.84,34288,0.3594896465323291,0.3640227108721649,0.012609721541530172
FB15k-237,max_candidate_dep_score_global_rf,0.86,35104,0.36324533236226414,0.36767302465044477,0.012189261344079494
FB15k-237,max_candidate_dep_score_global_rf,0.88,35921,0.3600925974348374,0.364419584714821,0.012016318332582765
FB15k-237,max_candidate_dep_score_global_rf,0.9,36737,0.36047486467677226,0.3647041329221222,0.011732491387831612
FB15k-237,max_candidate_dep_score_global_rf,0.92,37553,0.36721075749161974,0.37137593058643764,0.011342731687028484
FB15k-237,max_candidate_dep_score_global_rf,0.94,38370,0.3620808838217847,0.3661255343402751,0.011170571823065911
FB15k-237,max_candidate_dep_score_global_rf,0.96,39186,0.35614961578860355,0.3601100414608967,0.011120117772761784
FB15k-237,max_candidate_dep_score_global_rf,0.98,40003,0.3537274163703076,0.3575637475584652,0.010845444855598796
FB15k-237,max_candidate_dep_score_global_rf,1.0,40819,0.35281198551723697,0.3560530550713822,0.009186393000208515
KG20C,max_candidate_dep_score_global_rf,0.02,149,0.16205369856930066,0.1719061003957661,0.060797142635113266
KG20C,max_candidate_dep_score_global_rf,0.04,298,0.16178964320707248,0.1731425501934916,0.07017078943606214
KG20C,max_candidate_dep_score_global_rf,0.06,447,0.15401877140038153,0.16195707088162395,0.051541116768204276
KG20C,max_candidate_dep_score_global_rf,0.08,596,0.16097673406612495,0.17520981322277338,0.0884169954075591
KG20C,max_candidate_dep_score_global_rf,0.1,745,0.16639663583388242,0.17736954964303342,0.06594432486066304
KG20C,max_candidate_dep_score_global_rf,0.12,894,0.1759259383381537,0.18625931114454275,0.05873706233430398
KG20C,max_candidate_dep_score_global_rf,0.14,1043,0.16659148636581222,0.1769152883049149,0.061970765519391735
KG20C,max_candidate_dep_score_global_rf,0.16,1192,0.16873990612878015,0.17726156353481107,0.05050173134224267
KG20C,max_candidate_dep_score_global_rf,0.18,1341,0.16255293726650213,0.1706484050284558,0.049802039250027796
KG20C,max_candidate_dep_score_global_rf,0.2,1490,0.16226997716862024,0.17071418460723156,0.05203801458501878
KG20C,max_candidate_dep_score_global_rf,0.22,1639,0.1629114987738643,0.1714966517128047,0.05269826257542065
KG20C,max_candidate_dep_score_global_rf,0.24,1788,0.16272401056429714,0.1706006683141588,0.0484050124044193
KG20C,max_candidate_dep_score_global_rf,0.26,1936,0.159478797793916,0.16767911547711836,0.051419485202033544
KG20C,max_candidate_dep_score_global_rf,0.28,2085,0.15926571828202885,0.1673211085750557,0.05057830636698801
KG20C,max_candidate_dep_score_global_rf,0.3,2234,0.15885718558696285,0.16766068592090086,0.05541770302306359
KG20C,max_candidate_dep_score_global_rf,0.32,2383,0.1596261413757159,0.1682256622126631,0.05387288549878755
KG20C,max_candidate_dep_score_global_rf,0.34,2532,0.1631854427106225,0.17342163438954206,0.06272735796091466
KG20C,max_candidate_dep_score_global_rf,0.36,2681,0.17077996199569104,0.18268008146181758,0.06968100547081035
KG20C,max_candidate_dep_score_global_rf,0.38,2830,0.17107881937028838,0.1822867952638406,0.06551352139795474
KG20C,max_candidate_dep_score_global_rf,0.4,2979,0.17064332915378064,0.18172678703980613,0.06495101766349909
KG20C,max_candidate_dep_score_global_rf,0.42,3128,0.17017799605240064,0.18219374155734783,0.07060692794412349
KG20C,max_candidate_dep_score_global_rf,0.44,3277,0.16820551313548462,0.179830736431063,0.06911321203969467
KG20C,max_candidate_dep_score_global_rf,0.46,3426,0.16675896012981545,0.17881571162323648,0.0723004717949507
KG20C,max_candidate_dep_score_global_rf,0.48,3575,0.1662688852784383,0.17789268136924047,0.06990962904055475
KG20C,max_candidate_dep_score_global_rf,0.5,3724,0.16644409024126022,0.1777092557932654,0.06768137898844206
KG20C,max_candidate_dep_score_global_rf,0.52,3873,0.16597269884587146,0.1775265048051948,0.06961268955476019
KG20C,max_candidate_dep_score_global_rf,0.54,4022,0.1657007670989827,0.1775415977744571,0.0714591180401789
KG20C,max_candidate_dep_score_global_rf,0.56,4171,0.16456777784359172,0.17644344282529573,0.07216275954695606
KG20C,max_candidate_dep_score_global_rf,0.58,4320,0.1636721250188828,0.17506199672427256,0.0695895633057595
KG20C,max_candidate_dep_score_global_rf,0.6,4469,0.1598609488973058,0.1708710732578526,0.06887313278504115
KG20C,max_candidate_dep_score_global_rf,0.62,4618,0.16038635142872038,0.1710412335784137,0.06643259887627417
KG20C,max_candidate_dep_score_global_rf,0.64,4767,0.17126749896651963,0.1815893462011082,0.0602674021450289
KG20C,max_candidate_dep_score_global_rf,0.66,4916,0.19030940067681962,0.2003184010363159,0.052593305028023396
KG20C,max_candidate_dep_score_global_rf,0.68,5065,0.19871991603444625,0.2085977954321909,0.04970754615270878
KG20C,max_candidate_dep_score_global_rf,0.7,5214,0.19433917150776805,0.20398462534753706,0.049632062156771406
KG20C,max_candidate_dep_score_global_rf,0.72,5363,0.19385612850085024,0.2030277871460161,0.04731167756259835
KG20C,max_candidate_dep_score_global_rf,0.74,5512,0.1917364179517057,0.20098639625633027,0.04824319971886837
KG20C,max_candidate_dep_score_global_rf,0.76,5660,0.18950994845516098,0.1987399434481378,0.04870454067566121
KG20C,max_candidate_dep_score_global_rf,0.78,5809,0.18869306386304166,0.1977439519422789,0.047966193849110494
KG20C,max_candidate_dep_score_global_rf,0.8,5958,0.1882087032601553,0.19733831883029507,0.04850793513794205
KG20C,max_candidate_dep_score_global_rf,0.82,6107,0.1877906921436157,0.1969309925290168,0.04867280843936039
KG20C,max_candidate_dep_score_global_rf,0.84,6256,0.1875036517913226,0.1965035803617773,0.047998684209473064
KG20C,max_candidate_dep_score_global_rf,0.86,6405,0.18994917633561695,0.19909293905222172,0.04813794349099387
KG20C,max_candidate_dep_score_global_rf,0.88,6554,0.1911344685676105,0.20002972428621618,0.04653925472086762
KG20C,max_candidate_dep_score_global_rf,0.9,6703,0.1935966037736648,0.20228368471645272,0.044872073029463166
KG20C,max_candidate_dep_score_global_rf,0.92,6852,0.19492408867824754,0.2036105755156765,0.04456343439300281
KG20C,max_candidate_dep_score_global_rf,0.94,7001,0.20066943350197275,0.20913218389567087,0.04217259323460909
KG20C,max_candidate_dep_score_global_rf,0.96,7150,0.21044308221524216,0.21862708323738145,0.038889380140177954
KG20C,max_candidate_dep_score_global_rf,0.98,7299,0.21964339527651802,0.22757052239733971,0.036090896841409315
KG20C,max_candidate_dep_score_global_rf,1.0,7448,0.22638074035722042,0.23398674950607826,0.033598304947920266
WN18RR,max_candidate_dep_score_global_rf,0.02,121,0.40660400970989197,0.42984467784477726,0.05715799052613191
WN18RR,max_candidate_dep_score_global_rf,0.04,242,0.40135103495219704,0.4205239914317815,0.04777104033596924
WN18RR,max_candidate_dep_score_global_rf,0.06,363,0.41612372751523646,0.4316301555544235,0.03726398427645372
WN18RR,max_candidate_dep_score_global_rf,0.08,484,0.4218932358278908,0.43483899118747954,0.030684908550820955
WN18RR,max_candidate_dep_score_global_rf,0.1,606,0.43913419934045034,0.4494706325556672,0.02353821048495308
WN18RR,max_candidate_dep_score_global_rf,0.12,727,0.46767592324898893,0.4769282929454352,0.019783720385195824
WN18RR,max_candidate_dep_score_global_rf,0.14,848,0.42499449434776543,0.4340712316728308,0.02135730567285421
WN18RR,max_candidate_dep_score_global_rf,0.16,969,0.4045698135334909,0.4133692085634734,0.0217500039192966
WN18RR,max_candidate_dep_score_global_rf,0.18,1090,0.41416951743656805,0.4214246954092904,0.017517411753590784
WN18RR,max_candidate_dep_score_global_rf,0.2,1211,0.3998521714474962,0.4057099983140035,0.014649981380122412
WN18RR,max_candidate_dep_score_global_rf,0.22,1332,0.38057979128867003,0.38612162799119965,0.01456156325002067
WN18RR,max_candidate_dep_score_global_rf,0.24,1453,0.3624567354948835,0.36798861083588386,0.015262167313423891
WN18RR,max_candidate_dep_score_global_rf,0.26,1574,0.384248643710692,0.39127629394021346,0.0182893299548319
WN18RR,max_candidate_dep_score_global_rf,0.28,1695,0.4267099990189789,0.433235970382558,0.015293692152943628
WN18RR,max_candidate_dep_score_global_rf,0.3,1816,0.46259047012661114,0.46868161630572286,0.013167470089568756
WN18RR,max_candidate_dep_score_global_rf,0.32,1938,0.4930293756987562,0.49873707511117454,0.011576793785013306
WN18RR,max_candidate_dep_score_global_rf,0.34,2059,0.5215457203152989,0.5269179988297558,0.010300685644988317
WN18RR,max_candidate_dep_score_global_rf,0.36,2180,0.5472956002232083,0.5523696926366334,0.009271209948253922
WN18RR,max_candidate_dep_score_global_rf,0.38,2301,0.5686194817294986,0.5734267487704662,0.008454277764711637
WN18RR,max_candidate_dep_score_global_rf,0.4,2422,0.5879407094205484,0.5925078115928303,0.0077679638424477115
WN18RR,max_candidate_dep_score_global_rf,0.42,2543,0.6040356257460637,0.6083854179054293,0.007201217898353374
WN18RR,max_candidate_dep_score_global_rf,0.44,2664,0.6200581103471778,0.6242103331179236,0.006696505862040736
WN18RR,max_candidate_dep_score_global_rf,0.46,2785,0.6342099995370832,0.6381818205285614,0.006262627511987029
WN18RR,max_candidate_dep_score_global_rf,0.48,2906,0.648547503803776,0.6523539461510804,0.005869180476340441
WN18RR,max_candidate_dep_score_global_rf,0.5,3028,0.6609430058810162,0.6645960843028347,0.00552707024556387
WN18RR,max_candidate_dep_score_global_rf,0.52,3149,0.671966247048432,0.6754789563089167,0.00522750848857978
WN18RR,max_candidate_dep_score_global_rf,0.54,3270,0.6823051759755321,0.6856879042511489,0.004957793659970955
WN18RR,max_candidate_dep_score_global_rf,0.56,3391,0.6925511144500687,0.6958131378830581,0.004710155488782508
WN18RR,max_candidate_dep_score_global_rf,0.58,3512,0.7022532016775368,0.7054028376289224,0.004485043206441386
WN18RR,max_candidate_dep_score_global_rf,0.6,3633,0.7105893418857488,0.7136340766672702,0.00428480220860239
WN18RR,max_candidate_dep_score_global_rf,0.62,3754,0.7079089398268708,0.7108555360335259,0.004162394399731317
WN18RR,max_candidate_dep_score_global_rf,0.64,3875,0.6911674825124877,0.6938958116691404,0.003947421176029309
WN18RR,max_candidate_dep_score_global_rf,0.66,3996,0.6777005389930358,0.6803673283183886,0.003935055635805318
WN18RR,max_candidate_dep_score_global_rf,0.68,4117,0.6608604444326915,0.6634686669955877,0.003946707031520447
WN18RR,max_candidate_dep_score_global_rf,0.7,4238,0.6435518888633596,0.6460957632279111,0.003952865974870212
WN18RR,max_candidate_dep_score_global_rf,0.72,4360,0.6272234360827562,0.6297069085860165,0.003959470198962034
WN18RR,max_candidate_dep_score_global_rf,0.74,4481,0.6127546187248019,0.6151870426023748,0.003969654088670893
WN18RR,max_candidate_dep_score_global_rf,0.76,4602,0.6004168253212284,0.6028097745124854,0.003985479903859668
WN18RR,max_candidate_dep_score_global_rf,0.78,4723,0.588073804403126,0.5904251661626483,0.003998412685477293
WN18RR,max_candidate_dep_score_global_rf,0.8,4844,0.5750835494919404,0.5773872015912522,0.004005769424889616
WN18RR,max_candidate_dep_score_global_rf,0.82,4965,0.5632001332306541,0.5654618635942642,0.0040158555194869106
WN18RR,max_candidate_dep_score_global_rf,0.84,5086,0.5616814333483137,0.5639749239973048,0.004083258788383004
WN18RR,max_candidate_dep_score_global_rf,0.86,5207,0.5571336534217929,0.5593954166432508,0.004059642076127634
WN18RR,max_candidate_dep_score_global_rf,0.88,5328,0.5503428349483358,0.5525888283297363,0.004081080444358509
WN18RR,max_candidate_dep_score_global_rf,0.9,5450,0.5421958584752848,0.5444186459234746,0.004099602410170489
WN18RR,max_candidate_dep_score_global_rf,0.92,5571,0.532595441026971,0.5347840671249504,0.004109359430038095
WN18RR,max_candidate_dep_score_global_rf,0.94,5692,0.5285468520210783,0.5307361407081873,0.004142090107504215
WN18RR,max_candidate_dep_score_global_rf,0.96,5813,0.5248065433445499,0.52699737361671,0.0041745483167912045
WN18RR,max_candidate_dep_score_global_rf,0.98,5934,0.5171399850536755,0.5193057584390506,0.00418798284404609
WN18RR,max_candidate_dep_score_global_rf,1.0,6055,0.5112021246888967,0.5133269561687425,0.004156538827257084
YAGO3-10,max_candidate_dep_score_global_rf,0.02,200,0.5025776195877978,0.6378543520148425,0.2691658505167729
YAGO3-10,max_candidate_dep_score_global_rf,0.04,399,0.5286770054538165,0.6382455379920347,0.20725042210633804
YAGO3-10,max_candidate_dep_score_global_rf,0.06,598,0.5161499896017396,0.6211304306222338,0.20339134580143448
YAGO3-10,max_candidate_dep_score_global_rf,0.08,798,0.5124062935190613,0.5984546664354331,0.16792996886399636
YAGO3-10,max_candidate_dep_score_global_rf,0.1,998,0.5098327261452018,0.5840431636835608,0.1455584032422894
YAGO3-10,max_candidate_dep_score_global_rf,0.12,1197,0.5081754211316488,0.5759557244110093,0.1333797355417572
YAGO3-10,max_candidate_dep_score_global_rf,0.14,1397,0.5074516181286112,0.5694090866931131,0.12209532170375126
YAGO3-10,max_candidate_dep_score_global_rf,0.16,1596,0.5093769711259059,0.5675516915073833,0.11420759806414171
YAGO3-10,max_candidate_dep_score_global_rf,0.18,1796,0.5087812480788338,0.5643033352328282,0.10912762088549166
YAGO3-10,max_candidate_dep_score_global_rf,0.2,1995,0.5007761545894344,0.5527929214248871,0.10387229175897783
YAGO3-10,max_candidate_dep_score_global_rf,0.22,2194,0.5011482691190144,0.5504800277397757,0.09843745186925057
YAGO3-10,max_candidate_dep_score_global_rf,0.24,2394,0.5056165122072104,0.5553664145723899,0.09839453649961327
YAGO3-10,max_candidate_dep_score_global_rf,0.26,2594,0.5214868232791168,0.569387475828786,0.09185400361310991
YAGO3-10,max_candidate_dep_score_global_rf,0.28,2793,0.5228470920263785,0.5699297554691706,0.09005054089583941
YAGO3-10,max_candidate_dep_score_global_rf,0.3,2992,0.5115451889103123,0.5577681847814384,0.09035955546681973
YAGO3-10,max_candidate_dep_score_global_rf,0.32,3192,0.5120862905362605,0.5552945330636728,0.08437687812763794
YAGO3-10,max_candidate_dep_score_global_rf,0.34,3392,0.5148577532504105,0.5568046382982353,0.08147276559982819
YAGO3-10,max_candidate_dep_score_global_rf,0.36,3591,0.5227755770966911,0.5642891681128067,0.079409966407894
YAGO3-10,max_candidate_dep_score_global_rf,0.38,3790,0.5270498484491886,0.5670212152181143,0.07583982214687857
YAGO3-10,max_candidate_dep_score_global_rf,0.4,3990,0.5299400876473092,0.5682453685202852,0.07228228580146467
YAGO3-10,max_candidate_dep_score_global_rf,0.42,4190,0.5346967871359903,0.5720533380025643,0.0698649248795149
YAGO3-10,max_candidate_dep_score_global_rf,0.44,4389,0.5353945806127134,0.5715330229537815,0.0674987077749476
YAGO3-10,max_candidate_dep_score_global_rf,0.46,4588,0.5127534296135818,0.5473234206620655,0.06742030194617343
YAGO3-10,max_candidate_dep_score_global_rf,0.48,4788,0.5119727892051047,0.5451035806616332,0.06471201625376977
YAGO3-10,max_candidate_dep_score_global_rf,0.5,4988,0.5181833725675696,0.550473090839847,0.06231330448193195
YAGO3-10,max_candidate_dep_score_global_rf,0.52,5187,0.5169886422009502,0.548795721886657,0.0615237494392451
YAGO3-10,max_candidate_dep_score_global_rf,0.54,5386,0.5204363052604805,0.5520661455282526,0.06077562220018695
YAGO3-10,max_candidate_dep_score_global_rf,0.56,5586,0.5256562304751533,0.5562183443332985,0.05814087627291964
YAGO3-10,max_candidate_dep_score_global_rf,0.58,5786,0.5341149336149695,0.5638953383454032,0.055756547619583374
YAGO3-10,max_candidate_dep_score_global_rf,0.6,5985,0.5438256779205457,0.5725160413682945,0.05275654426148768
YAGO3-10,max_candidate_dep_score_global_rf,0.62,6184,0.5530361195564325,0.5803108749971257,0.04931821715834617
YAGO3-10,max_candidate_dep_score_global_rf,0.64,6384,0.5553910059800967,0.5821457875682002,0.04817287514566315
YAGO3-10,max_candidate_dep_score_global_rf,0.66,6584,0.557791077602336,0.5840242346157727,0.047030434990462444
YAGO3-10,max_candidate_dep_score_global_rf,0.68,6783,0.5600091543135222,0.5855214132147504,0.04555686046329366
YAGO3-10,max_candidate_dep_score_global_rf,0.7,6982,0.5643799630803933,0.5896923061705758,0.04484982590811226
YAGO3-10,max_candidate_dep_score_global_rf,0.72,7182,0.5595553093118104,0.584136481840292,0.04392983520916571
YAGO3-10,max_candidate_dep_score_global_rf,0.74,7382,0.5539111515696198,0.5778230657297827,0.043169223245286936
YAGO3-10,max_candidate_dep_score_global_rf,0.76,7581,0.5485693770578566,0.5719627952729114,0.04264441143346498
YAGO3-10,max_candidate_dep_score_global_rf,0.78,7780,0.5559922855700141,0.5788024498622607,0.041026044576969456
YAGO3-10,max_candidate_dep_score_global_rf,0.8,7980,0.554460422200814,0.5766835112429645,0.04008056869765486
YAGO3-10,max_candidate_dep_score_global_rf,0.82,8179,0.5481483439877727,0.5700870464488201,0.0400232942444807
YAGO3-10,max_candidate_dep_score_global_rf,0.84,8379,0.539483745141738,0.5608987883961725,0.03969543743863513
YAGO3-10,max_candidate_dep_score_global_rf,0.86,8578,0.529454884342769,0.5503774942085777,0.039517266691723396
YAGO3-10,max_candidate_dep_score_global_rf,0.88,8778,0.5261003762018365,0.5470905173608668,0.039897597699070086
YAGO3-10,max_candidate_dep_score_global_rf,0.9,8978,0.5330525842936319,0.5539454754493126,0.039194803235719666
YAGO3-10,max_candidate_dep_score_global_rf,0.92,9177,0.533057248205267,0.5534481090413694,0.038252665928013796
YAGO3-10,max_candidate_dep_score_global_rf,0.94,9376,0.5401783466909836,0.5603313028312623,0.037307967384718976
YAGO3-10,max_candidate_dep_score_global_rf,0.96,9576,0.5485930040025482,0.5683444653743678,0.03600385208654222
YAGO3-10,max_candidate_dep_score_global_rf,0.98,9776,0.556077457051852,0.5752240238064645,0.034431474449839516
YAGO3-10,max_candidate_dep_score_global_rf,1.0,9975,0.5616723217905851,0.5802260659200454,0.03303303974515215
codex-l,max_candidate_dep_score_global_rf,0.02,1223,0.3929715008198517,0.4189721688826442,0.06616425875298249
codex-l,max_candidate_dep_score_global_rf,0.04,2445,0.3546956748364657,0.37247056755620944,0.050113079974654307
codex-l,max_candidate_dep_score_global_rf,0.06,3668,0.34521007051858527,0.35765060058650716,0.036037564168488245
codex-l,max_candidate_dep_score_global_rf,0.08,4890,0.36925840128003373,0.3799761463285967,0.029025054031025288
codex-l,max_candidate_dep_score_global_rf,0.1,6113,0.3638120769514221,0.3727956293245724,0.024692837160405157
codex-l,max_candidate_dep_score_global_rf,0.12,7335,0.3625292007482376,0.37084189336000445,0.022929718749855166
codex-l,max_candidate_dep_score_global_rf,0.14,8558,0.3752380111691688,0.3836093966999212,0.022309534966004296
codex-l,max_candidate_dep_score_global_rf,0.16,9781,0.37892667093286336,0.3863694311543115,0.019641690048169735
codex-l,max_candidate_dep_score_global_rf,0.18,11003,0.37674915505209267,0.3836234013965237,0.018246215690863377
codex-l,max_candidate_dep_score_global_rf,0.2,12226,0.3756803921956786,0.38257117957611003,0.018342153393095417
codex-l,max_candidate_dep_score_global_rf,0.22,13448,0.3824370073742877,0.3895770558019069,0.01866986795195591
codex-l,max_candidate_dep_score_global_rf,0.24,14671,0.3836182069112381,0.3907570613906087,0.018609269192018107
codex-l,max_candidate_dep_score_global_rf,0.26,15894,0.3859478491027751,0.39343398416181014,0.019396752894045965
codex-l,max_candidate_dep_score_global_rf,0.28,17116,0.3849497644517035,0.3926104135321053,0.019900386460329766
codex-l,max_candidate_dep_score_global_rf,0.3,18339,0.37056601851393856,0.3778578675215346,0.0196775976298047
codex-l,max_candidate_dep_score_global_rf,0.32,19561,0.3656372651624373,0.3728471089877784,0.019718569501218974
codex-l,max_candidate_dep_score_global_rf,0.34,20784,0.34986119647806113,0.3566456677346815,0.01939189405660713
codex-l,max_candidate_dep_score_global_rf,0.36,22006,0.33947987822354153,0.34592945587577095,0.018998409231143043
codex-l,max_candidate_dep_score_global_rf,0.38,23229,0.3476240774065212,0.35363753574035633,0.01729873942765714
codex-l,max_candidate_dep_score_global_rf,0.4,24452,0.34960226533571415,0.3555195738532913,0.016925830019707933
codex-l,max_candidate_dep_score_global_rf,0.42,25674,0.34949147710058526,0.35523602152047057,0.016436865549748436
codex-l,max_candidate_dep_score_global_rf,0.44,26897,0.355741071000292,0.3621813181814239,0.01810374934505843
codex-l,max_candidate_dep_score_global_rf,0.46,28119,0.34836124040079414,0.35461586474294193,0.0179544209193645
codex-l,max_candidate_dep_score_global_rf,0.48,29342,0.34223472551367756,0.348311561779579,0.017756340350268074
codex-l,max_candidate_dep_score_global_rf,0.5,30564,0.33209627542695075,0.33793014958328105,0.017566815974765504
codex-l,max_candidate_dep_score_global_rf,0.52,31787,0.3272508612862414,0.33293711577022495,0.0173758274054161
codex-l,max_candidate_dep_score_global_rf,0.54,33010,0.33360006578158746,0.33918240682534506,0.016733632922639963
codex-l,max_candidate_dep_score_global_rf,0.56,34232,0.34586576351228104,0.35143554549821887,0.016103883568516553
codex-l,max_candidate_dep_score_global_rf,0.58,35455,0.3419963185549325,0.34735730698452866,0.015675573503973306
codex-l,max_candidate_dep_score_global_rf,0.6,36677,0.3449855120713825,0.35015530619273466,0.014985539799371228
codex-l,max_candidate_dep_score_global_rf,0.62,37900,0.33657646890701265,0.3417663196610551,0.015419529389252284
codex-l,max_candidate_dep_score_global_rf,0.64,39123,0.3404164067092422,0.3456128438311733,0.015264943226926952
codex-l,max_candidate_dep_score_global_rf,0.66,40345,0.3319946704776413,0.33704799358451726,0.015221097072449119
codex-l,max_candidate_dep_score_global_rf,0.68,41568,0.32949145335551866,0.33441089624254866,0.014930411204693517
codex-l,max_candidate_dep_score_global_rf,0.7,42790,0.32606238274980465,0.33091305583613606,0.014876518552750184
codex-l,max_candidate_dep_score_global_rf,0.72,44013,0.3180429801588413,0.3227723734490709,0.014870296108618897
codex-l,max_candidate_dep_score_global_rf,0.74,45235,0.31623359724244743,0.32092378936042953,0.014831416265951969
codex-l,max_candidate_dep_score_global_rf,0.76,46458,0.31465713552943086,0.3192463803191303,0.01458490614547081
codex-l,max_candidate_dep_score_global_rf,0.78,47681,0.3128544245442796,0.3175666370487435,0.015061997321367482
codex-l,max_candidate_dep_score_global_rf,0.8,48903,0.31884986536853377,0.3237560287013682,0.015387064150595764
codex-l,max_candidate_dep_score_global_rf,0.82,50126,0.32341943200468226,0.328504149966616,0.01572174538312865
codex-l,max_candidate_dep_score_global_rf,0.84,51348,0.32520152392266855,0.3301656531397044,0.01526477845846852
codex-l,max_candidate_dep_score_global_rf,0.86,52571,0.3191000751477728,0.3243551568674462,0.01646844400534797
codex-l,max_candidate_dep_score_global_rf,0.88,53794,0.31308141233558845,0.3184573264900737,0.017170978354738242
codex-l,max_candidate_dep_score_global_rf,0.9,55016,0.3225509193291112,0.32796809758403206,0.016794800232435625
codex-l,max_candidate_dep_score_global_rf,0.92,56239,0.33428985049959115,0.33968845599194986,0.016149474727666924
codex-l,max_candidate_dep_score_global_rf,0.94,57461,0.3448046522713025,0.3502120112220736,0.01568238396770938
codex-l,max_candidate_dep_score_global_rf,0.96,58684,0.34086701521439006,0.3461341811238898,0.015452260484009939
codex-l,max_candidate_dep_score_global_rf,0.98,59906,0.3353565441691349,0.3404819918354458,0.015283577301315132
codex-l,max_candidate_dep_score_global_rf,1.0,61129,0.32990176871301513,0.33484279266174394,0.014977258133547888
codex-m,max_candidate_dep_score_global_rf,0.02,412,0.46995828221997465,0.47294836965303005,0.006362452894607795
codex-m,max_candidate_dep_score_global_rf,0.04,824,0.4736412860142358,0.4758762771112877,0.0047187421431516
codex-m,max_candidate_dep_score_global_rf,0.06,1236,0.42123676952680095,0.425026398313401,0.008996433979059137
codex-m,max_candidate_dep_score_global_rf,0.08,1648,0.3872128122578703,0.3922897640463571,0.013111528409617268
codex-m,max_candidate_dep_score_global_rf,0.1,2059,0.3620174917149993,0.36619648545697675,0.0115436238237554
codex-m,max_candidate_dep_score_global_rf,0.12,2471,0.34883991488569,0.3527320931903327,0.01115749126907728
codex-m,max_candidate_dep_score_global_rf,0.14,2883,0.326963242816308,0.330205989597794,0.009917771653946472
codex-m,max_candidate_dep_score_global_rf,0.16,3295,0.32078771444890236,0.3233582247272568,0.008013119463662788
codex-m,max_candidate_dep_score_global_rf,0.18,3707,0.32038529796506016,0.323049907283127,0.008316890116341735
codex-m,max_candidate_dep_score_global_rf,0.2,4119,0.32073328861199973,0.3234287280898264,0.008403990398038852
codex-m,max_candidate_dep_score_global_rf,0.22,4531,0.3287633031849696,0.3319381295438157,0.009656875716021807
codex-m,max_candidate_dep_score_global_rf,0.24,4943,0.3302395725888082,0.3330797844179845,0.008600458772736852
codex-m,max_candidate_dep_score_global_rf,0.26,5354,0.31737605180273853,0.3200276476284377,0.008354744507778067
codex-m,max_candidate_dep_score_global_rf,0.28,5766,0.31523267569070074,0.31760748392693194,0.007533509116806503
codex-m,max_candidate_dep_score_global_rf,0.3,6178,0.33343713219945553,0.3357936137761026,0.007067244014195451
codex-m,max_candidate_dep_score_global_rf,0.32,6590,0.33538029766842725,0.3378027893778138,0.0072231187288811505
codex-m,max_candidate_dep_score_global_rf,0.34,7002,0.33286274821154965,0.3357694416988775,0.008732408486516796
codex-m,max_candidate_dep_score_global_rf,0.36,7414,0.33559829423440124,0.3386949211318176,0.009227183065636968
codex-m,max_candidate_dep_score_global_rf,0.38,7826,0.3440596061204174,0.3467059007533625,0.007691384242353827
codex-m,max_candidate_dep_score_global_rf,0.4,8238,0.3459833033279927,0.34843776431226936,0.007094160211395639
codex-m,max_candidate_dep_score_global_rf,0.42,8649,0.3655517104220686,0.3683608684535118,0.0076847076661186176
codex-m,max_candidate_dep_score_global_rf,0.44,9061,0.3701097169312661,0.37284503607299657,0.007390562896889552
codex-m,max_candidate_dep_score_global_rf,0.46,9473,0.3639336001884602,0.3668079456410562,0.007897994170110945
codex-m,max_candidate_dep_score_global_rf,0.48,9885,0.3559573912770874,0.3601595368295677,0.011805192574886547
codex-m,max_candidate_dep_score_global_rf,0.5,10297,0.34690311738265656,0.3516791564743496,0.013767645352188662
codex-m,max_candidate_dep_score_global_rf,0.52,10709,0.3602313907460807,0.36501723756376714,0.013285479668427636
codex-m,max_candidate_dep_score_global_rf,0.54,11121,0.37736953896137454,0.38223901171741065,0.012903725005039446
codex-m,max_candidate_dep_score_global_rf,0.56,11533,0.3716105932945394,0.3762297063760214,0.012429982257854633
codex-m,max_candidate_dep_score_global_rf,0.58,11945,0.3598482672245969,0.3644177015175323,0.012698225082971915
codex-m,max_candidate_dep_score_global_rf,0.6,12356,0.3497449247372186,0.35422762748771996,0.012817063046359989
codex-m,max_candidate_dep_score_global_rf,0.62,12768,0.3393185501925552,0.34373725838598096,0.01302230069920518
codex-m,max_candidate_dep_score_global_rf,0.64,13180,0.329407223114655,0.3336787020799002,0.012967168493929648
codex-m,max_candidate_dep_score_global_rf,0.66,13592,0.3205065262518393,0.3246899116821248,0.013052418867122828
codex-m,max_candidate_dep_score_global_rf,0.68,14004,0.31181093899692697,0.3158739971267004,0.013030518245588096
codex-m,max_candidate_dep_score_global_rf,0.7,14416,0.30448511226450176,0.30841648915937386,0.012911557040125476
codex-m,max_candidate_dep_score_global_rf,0.72,14828,0.2978467047414379,0.3016821246824094,0.012877160901615836
codex-m,max_candidate_dep_score_global_rf,0.74,15240,0.30339669520219903,0.30705436576648354,0.01205573634164625
codex-m,max_candidate_dep_score_global_rf,0.76,15651,0.3094344066670452,0.3129054750240418,0.011217460897073206
codex-m,max_candidate_dep_score_global_rf,0.78,16063,0.31573396351905575,0.3190836536056095,0.01060921685212235
codex-m,max_candidate_dep_score_global_rf,0.8,16475,0.3225364323625628,0.32579136951715354,0.010091688342766414
codex-m,max_candidate_dep_score_global_rf,0.82,16887,0.3281574245980263,0.33139659019948225,0.009870767377650358
codex-m,max_candidate_dep_score_global_rf,0.84,17299,0.3346567933555173,0.33781952051844033,0.009450658781527066
codex-m,max_candidate_dep_score_global_rf,0.86,17711,0.3401625175963673,0.34324753420682097,0.0090692432318904
codex-m,max_candidate_dep_score_global_rf,0.88,18123,0.34426305228383225,0.34728947523906484,0.008791018772288828
codex-m,max_candidate_dep_score_global_rf,0.9,18535,0.3472440796603826,0.35010934169167374,0.008251435227041082
codex-m,max_candidate_dep_score_global_rf,0.92,18946,0.34428324019184686,0.3470950960290551,0.008167274816053727
codex-m,max_candidate_dep_score_global_rf,0.94,19358,0.34881829275441084,0.35159636526941357,0.007964239756653724
codex-m,max_candidate_dep_score_global_rf,0.96,19770,0.35110161153750324,0.35380000894816205,0.007685517018398924
codex-m,max_candidate_dep_score_global_rf,0.98,20182,0.3466612326469702,0.3493045443509006,0.007625057130695279
codex-m,max_candidate_dep_score_global_rf,1.0,20594,0.34234153499948855,0.3449297847479118,0.0075604315685127155
hetionet,max_candidate_dep_score_global_rf,0.02,9001,0.5028065710665665,0.6773128728158373,0.347064481236002
hetionet,max_candidate_dep_score_global_rf,0.04,18002,0.5429893138040311,0.6737081192971708,0.2407391861496504
hetionet,max_candidate_dep_score_global_rf,0.06,27002,0.5394091194079486,0.6476458271134511,0.2006579121693426
hetionet,max_candidate_dep_score_global_rf,0.08,36003,0.5458662382838272,0.6440591384403367,0.1798845454615814
hetionet,max_candidate_dep_score_global_rf,0.1,45004,0.548483892546259,0.6375155473196198,0.16232318940132218
hetionet,max_candidate_dep_score_global_rf,0.12,54005,0.5519452464534607,0.6352427425840235,0.1509162306692433
hetionet,max_candidate_dep_score_global_rf,0.14,63006,0.5572018952681187,0.6332173255201664,0.13642349550062094
hetionet,max_candidate_dep_score_global_rf,0.16,72006,0.5538616933906897,0.6232957102551253,0.12536345750753597
hetionet,max_candidate_dep_score_global_rf,0.18,81007,0.5532249615179098,0.6201568332510848,0.1209849091941384
hetionet,max_candidate_dep_score_global_rf,0.2,90008,0.554063273997429,0.6179879563000628,0.11537433593357127
hetionet,max_candidate_dep_score_global_rf,0.22,99009,0.5532294972877673,0.6147959028995647,0.1112854717863554
hetionet,max_candidate_dep_score_global_rf,0.24,108010,0.5531452522628245,0.611927501321066,0.10626910168309878
hetionet,max_candidate_dep_score_global_rf,0.26,117010,0.5523262385163077,0.6091940583045725,0.10296056175246471
hetionet,max_candidate_dep_score_global_rf,0.28,126011,0.5544899876497495,0.6085376408519395,0.09747273062814954
hetionet,max_candidate_dep_score_global_rf,0.3,135012,0.5520399568496709,0.6033369351859639,0.09292258232362327
hetionet,max_candidate_dep_score_global_rf,0.32,144013,0.5535974672333924,0.6020398032084291,0.08750461994908965
hetionet,max_candidate_dep_score_global_rf,0.34,153014,0.5566061867283777,0.6027415546719733,0.08288691186630581
hetionet,max_candidate_dep_score_global_rf,0.36,162014,0.5518127191256419,0.5952022956938449,0.07863098305699556
hetionet,max_candidate_dep_score_global_rf,0.38,171015,0.5417673490972306,0.5825882152316273,0.07534759376403577
hetionet,max_candidate_dep_score_global_rf,0.4,180016,0.5402219592245447,0.5829200213841162,0.07903799804965717
hetionet,max_candidate_dep_score_global_rf,0.42,189017,0.5405679240037183,0.5836683094291562,0.07973167387775182
hetionet,max_candidate_dep_score_global_rf,0.44,198018,0.5334136211435319,0.5757089591619372,0.07929182222181086
hetionet,max_candidate_dep_score_global_rf,0.46,207018,0.5112643638157289,0.5517160145380224,0.07912081026025342
hetionet,max_candidate_dep_score_global_rf,0.48,216019,0.4908978667801306,0.529662686463158,0.07896717893131489
hetionet,max_candidate_dep_score_global_rf,0.5,225020,0.47225578988517974,0.50949180068875,0.07884712395505722
hetionet,max_candidate_dep_score_global_rf,0.52,234021,0.45616381613455464,0.49197393554542623,0.07850276182429305
hetionet,max_candidate_dep_score_global_rf,0.54,243022,0.44127982450871,0.4757720176971693,0.07816399316887068
hetionet,max_candidate_dep_score_global_rf,0.56,252022,0.42865196875091716,0.46196520891271103,0.0777162887152203
hetionet,max_candidate_dep_score_global_rf,0.58,261023,0.4372607971656632,0.46975570952855716,0.0743147169230054
hetionet,max_candidate_dep_score_global_rf,0.6,270024,0.44491413527677565,0.4763993165599479,0.07076687114826252
hetionet,max_candidate_dep_score_global_rf,0.62,279025,0.45267911316006304,0.48368339795460463,0.06849064578682862
hetionet,max_candidate_dep_score_global_rf,0.64,288026,0.4591823121007499,0.4889861775007385,0.06490638819173267
hetionet,max_candidate_dep_score_global_rf,0.66,297026,0.4654666744031436,0.49451909539906125,0.06241568428753963
hetionet,max_candidate_dep_score_global_rf,0.68,306027,0.46939748462365527,0.49745624634162383,0.059776122874763526
hetionet,max_candidate_dep_score_global_rf,0.7,315028,0.45767793189822437,0.4844271074932893,0.058445412659776874
hetionet,max_candidate_dep_score_global_rf,0.72,324029,0.44627798809333824,0.4720335325467367,0.05771188617981249
hetionet,max_candidate_dep_score_global_rf,0.74,333030,0.43534242675605467,0.46021526512463506,0.057133963610943805
hetionet,max_candidate_dep_score_global_rf,0.76,342030,0.4253832143424088,0.4491387041281766,0.055844915795492556
hetionet,max_candidate_dep_score_global_rf,0.78,351031,0.4154184485344383,0.4381821049847639,0.05479693193846802
hetionet,max_candidate_dep_score_global_rf,0.8,360032,0.40685152427084254,0.4289769095864928,0.05438196490796798
hetionet,max_candidate_dep_score_global_rf,0.82,369033,0.40513599313319215,0.42669688276125867,0.053218894379937653
hetionet,max_candidate_dep_score_global_rf,0.84,378034,0.40115287487061235,0.4221792393452024,0.05241484180157463
hetionet,max_candidate_dep_score_global_rf,0.86,387034,0.39268883010347333,0.4132450041365242,0.05234723388397455
hetionet,max_candidate_dep_score_global_rf,0.88,396035,0.38694702825501126,0.4070776856039597,0.05202432343189267
hetionet,max_candidate_dep_score_global_rf,0.9,405036,0.3837545935515147,0.4033890331145289,0.05116405091416443
hetionet,max_candidate_dep_score_global_rf,0.92,414037,0.3809212329008728,0.4000285455182422,0.050160796949698216
hetionet,max_candidate_dep_score_global_rf,0.94,423038,0.37821721967328137,0.3968731500881836,0.04932596784201926
hetionet,max_candidate_dep_score_global_rf,0.96,432038,0.3740468473925307,0.3923951637997477,0.04905352507345695
hetionet,max_candidate_dep_score_global_rf,0.98,441039,0.374815130130379,0.3928122799765422,0.04801607085579218
hetionet,max_candidate_dep_score_global_rf,1.0,450040,0.37318845483349955,0.39032189792982713,0.045910967701216165
FB15k-237,topk_rule_weight_global_rf,0.02,816,0.4319886757733744,0.4418585659780574,0.022847566980808587
FB15k-237,topk_rule_weight_global_rf,0.04,1633,0.3377148672452554,0.34687330115466636,0.02711883543687743
FB15k-237,topk_rule_weight_global_rf,0.06,2449,0.3536819459142999,0.3629011513416002,0.02606637272215817
FB15k-237,topk_rule_weight_global_rf,0.08,3266,0.37122265972316315,0.38322442583258365,0.032330370453061086
FB15k-237,topk_rule_weight_global_rf,0.1,4082,0.3981508940370119,0.4097176667244661,0.029051228719277677
FB15k-237,topk_rule_weight_global_rf,0.12,4898,0.4184734902339654,0.4285678785613332,0.024121930212888998
FB15k-237,topk_rule_weight_global_rf,0.14,5715,0.4286349050627453,0.4379287146367138,0.0216823442612728
FB15k-237,topk_rule_weight_global_rf,0.16,6531,0.4479773201478443,0.4572504213745762,0.020699934594170077
FB15k-237,topk_rule_weight_global_rf,0.18,7347,0.4460052100395587,0.45438329386742166,0.018784721880535704
FB15k-237,topk_rule_weight_global_rf,0.2,8164,0.4403665070820291,0.4479589647136168,0.017241224092851892
FB15k-237,topk_rule_weight_global_rf,0.22,8980,0.44022706667936673,0.447580620009665,0.0167040009278987
FB15k-237,topk_rule_weight_global_rf,0.24,9797,0.4478500454848306,0.45495660260870596,0.015868162112570472
FB15k-237,topk_rule_weight_global_rf,0.26,10613,0.4449880898696577,0.45128528556401554,0.014151380312678263
FB15k-237,topk_rule_weight_global_rf,0.28,11429,0.44248025427439347,0.4482731082516569,0.013091779624749389
FB15k-237,topk_rule_weight_global_rf,0.3,12246,0.4350304269235691,0.4406225622306441,0.012854584325563856
FB15k-237,topk_rule_weight_global_rf,0.32,13062,0.42638250353835006,0.43169131559534496,0.012450820596388246
FB15k-237,topk_rule_weight_global_rf,0.34,13878,0.42777033350190646,0.43219699817599555,0.010348227372035224
FB15k-237,topk_rule_weight_global_rf,0.36,14695,0.43324441337212316,0.4374280467155026,0.00965652000176176
FB15k-237,topk_rule_weight_global_rf,0.38,15511,0.434430616292214,0.4387789487301387,0.010009267935664479
FB15k-237,topk_rule_weight_global_rf,0.4,16328,0.4293021267219538,0.43356990774724624,0.009941206343141662
FB15k-237,topk_rule_weight_global_rf,0.42,17144,0.4285090614449777,0.4330270986724006,0.010543621206486442
FB15k-237,topk_rule_weight_global_rf,0.44,17960,0.43055522964484966,0.43506127705269737,0.010465666417673214
FB15k-237,topk_rule_weight_global_rf,0.46,18777,0.4310089384810307,0.4359039732799695,0.01135715378940838
FB15k-237,topk_rule_weight_global_rf,0.48,19593,0.4316786316495018,0.43675742148471075,0.011765210188426911
FB15k-237,topk_rule_weight_global_rf,0.5,20410,0.43072975238932737,0.4354480010776464,0.010954081212514621
FB15k-237,topk_rule_weight_global_rf,0.52,21226,0.42997822052657764,0.4346567677755992,0.010880893556171056
FB15k-237,topk_rule_weight_global_rf,0.54,22042,0.42675502501284324,0.4316704354879175,0.011518108017418927
FB15k-237,topk_rule_weight_global_rf,0.56,22859,0.4244740843921431,0.4292835271059328,0.011330356529720698
FB15k-237,topk_rule_weight_global_rf,0.58,23675,0.420957167282583,0.42574007889917004,0.01136199116756309
FB15k-237,topk_rule_weight_global_rf,0.6,24491,0.41812882565027054,0.4228140794015004,0.011205287614273862
FB15k-237,topk_rule_weight_global_rf,0.62,25308,0.4154503990541105,0.41981512186592973,0.010506002212915755
FB15k-237,topk_rule_weight_global_rf,0.64,26124,0.4116265192370705,0.41628061431423746,0.011306596780482181
FB15k-237,topk_rule_weight_global_rf,0.66,26941,0.40890387158106656,0.4137640598046692,0.011885894366346461
FB15k-237,topk_rule_weight_global_rf,0.68,27757,0.4043743314866837,0.409250761892054,0.012059198682176753
FB15k-237,topk_rule_weight_global_rf,0.7,28573,0.40092359988765797,0.40593901494348666,0.012509652854643782
FB15k-237,topk_rule_weight_global_rf,0.72,29390,0.3980118138232197,0.4030720924171698,0.012713890437929587
FB15k-237,topk_rule_weight_global_rf,0.74,30206,0.3953798464174991,0.4003588039392497,0.01259284601090438
FB15k-237,topk_rule_weight_global_rf,0.76,31022,0.39280981505140955,0.3976086819335721,0.012216769281934825
FB15k-237,topk_rule_weight_global_rf,0.78,31839,0.38883905538830554,0.39355180167533316,0.012120043554578963
FB15k-237,topk_rule_weight_global_rf,0.8,32655,0.38683057169869844,0.39148659067441066,0.012036326279141196
FB15k-237,topk_rule_weight_global_rf,0.82,33472,0.3827085917822405,0.3872213636522032,0.011791665948619467
FB15k-237,topk_rule_weight_global_rf,0.84,34288,0.37954753598651053,0.3839883158534094,0.01170019416765955
FB15k-237,topk_rule_weight_global_rf,0.86,35104,0.3764951904902698,0.38076578815832474,0.011343033791464396
FB15k-237,topk_rule_weight_global_rf,0.88,35921,0.3736758926034641,0.37784138692306574,0.011147345606321801
FB15k-237,topk_rule_weight_global_rf,0.9,36737,0.37029922642371715,0.37425688254398776,0.010687724515368036
FB15k-237,topk_rule_weight_global_rf,0.92,37553,0.3677772065565766,0.3715720314027537,0.010318270894782433
FB15k-237,topk_rule_weight_global_rf,0.94,38370,0.3648343574927043,0.36841682856736796,0.009819445458163267
FB15k-237,topk_rule_weight_global_rf,0.96,39186,0.36203752839328723,0.36546598024855137,0.009469879740035658
FB15k-237,topk_rule_weight_global_rf,0.98,40003,0.35718263817696655,0.3605084635645858,0.009311273931437603
FB15k-237,topk_rule_weight_global_rf,1.0,40819,0.35281198551723697,0.3560530550713822,0.009186393000208515
KG20C,topk_rule_weight_global_rf,0.02,149,0.22558871170860004,0.22752230392773065,0.008571316376983829
KG20C,topk_rule_weight_global_rf,0.04,298,0.21033416118022302,0.21664390608315734,0.02999866910600346
KG20C,topk_rule_weight_global_rf,0.06,447,0.23621014827144707,0.24581886991659585,0.040678699520169115
KG20C,topk_rule_weight_global_rf,0.08,596,0.20916917602340837,0.21920461043169623,0.04797759688628678
KG20C,topk_rule_weight_global_rf,0.1,745,0.1846001672110592,0.19254095466903548,0.04301614444854396
KG20C,topk_rule_weight_global_rf,0.12,894,0.18647905508921822,0.19604649630075,0.051305714772923894
KG20C,topk_rule_weight_global_rf,0.14,1043,0.18116867250902235,0.19177707604583616,0.0585553969673509
KG20C,topk_rule_weight_global_rf,0.16,1192,0.1924421253674009,0.20321521136411388,0.05598091361829183
KG20C,topk_rule_weight_global_rf,0.18,1341,0.1943691511283707,0.2072398329780876,0.0662177190927613
KG20C,topk_rule_weight_global_rf,0.2,1490,0.1942447689873351,0.20691928528564452,0.06525023229395588
KG20C,topk_rule_weight_global_rf,0.22,1639,0.19103468891271966,0.20467661079034874,0.0714107053293438
KG20C,topk_rule_weight_global_rf,0.24,1788,0.19488402918927228,0.20832954865388195,0.06899241318307991
KG20C,topk_rule_weight_global_rf,0.26,1936,0.20338691569685605,0.21703538654824936,0.06710594339183595
KG20C,topk_rule_weight_global_rf,0.28,2085,0.20804011564599462,0.22177560257106252,0.06602326134273295
KG20C,topk_rule_weight_global_rf,0.3,2234,0.20848921082681618,0.22218285991650463,0.0656803727894737
KG20C,topk_rule_weight_global_rf,0.32,2383,0.20914252081115728,0.22204101314380306,0.06167321825623562
KG20C,topk_rule_weight_global_rf,0.34,2532,0.21241710084993778,0.2251125689183588,0.05976669494886733
KG20C,topk_rule_weight_global_rf,0.36,2681,0.22786044673303665,0.2395061035059171,0.05110872439622938
KG20C,topk_rule_weight_global_rf,0.38,2830,0.23541161704300376,0.24652631732294064,0.04721389887019267
KG20C,topk_rule_weight_global_rf,0.4,2979,0.23465254588245374,0.2451253253862209,0.04463100736615644
KG20C,topk_rule_weight_global_rf,0.42,3128,0.2334837842541269,0.24480083751422158,0.04847040361388455
KG20C,topk_rule_weight_global_rf,0.44,3277,0.23134196955824157,0.2428654326721368,0.04981138154870823
KG20C,topk_rule_weight_global_rf,0.46,3426,0.23524327637798192,0.24623639264517966,0.04673084152056406
KG20C,topk_rule_weight_global_rf,0.48,3575,0.2320525515186994,0.24299614894201202,0.04715999609437915
KG20C,topk_rule_weight_global_rf,0.5,3724,0.23284147131357383,0.24347758752992352,0.04567964699907656
KG20C,topk_rule_weight_global_rf,0.52,3873,0.22849543549208723,0.239099811583894,0.04640957518021849
KG20C,topk_rule_weight_global_rf,0.54,4022,0.22951318761220443,0.23997941388333316,0.04560185137950734
KG20C,topk_rule_weight_global_rf,0.56,4171,0.23736594852820006,0.24788829628927456,0.04432964301037634
KG20C,topk_rule_weight_global_rf,0.58,4320,0.23689636617295343,0.24718028941844342,0.04341106371375014
KG20C,topk_rule_weight_global_rf,0.6,4469,0.2359872080520471,0.2459172658891976,0.04207879706327322
KG20C,topk_rule_weight_global_rf,0.62,4618,0.23615260763150336,0.24581458250768878,0.040914114703582305
KG20C,topk_rule_weight_global_rf,0.64,4767,0.23628388071233875,0.24612290040874646,0.04164067251115666
KG20C,topk_rule_weight_global_rf,0.66,4916,0.23444240217369083,0.2443064459644149,0.042074486949746026
KG20C,topk_rule_weight_global_rf,0.68,5065,0.23571795155807726,0.24584506272543247,0.04296283376134813
KG20C,topk_rule_weight_global_rf,0.7,5214,0.23372314148570666,0.2434064206392709,0.04143055365425341
KG20C,topk_rule_weight_global_rf,0.72,5363,0.23163620413100824,0.2414265041797474,0.042265845641305644
KG20C,topk_rule_weight_global_rf,0.74,5512,0.24038384994083842,0.2501484563168862,0.04062089187127582
KG20C,topk_rule_weight_global_rf,0.76,5660,0.24036643046637482,0.250286793657957,0.04127183306060678
KG20C,topk_rule_weight_global_rf,0.78,5809,0.23895470948112063,0.2488599425596875,0.04145234509114992
KG20C,topk_rule_weight_global_rf,0.8,5958,0.23809312364513915,0.24776457208899796,0.04062044420179656
KG20C,topk_rule_weight_global_rf,0.82,6107,0.2371452809898218,0.2466137027008841,0.03992667141231743
KG20C,topk_rule_weight_global_rf,0.84,6256,0.23556731277046516,0.24521318251266722,0.04094740322313273
KG20C,topk_rule_weight_global_rf,0.86,6405,0.23408721843746108,0.24350731131375764,0.04024180790038834
KG20C,topk_rule_weight_global_rf,0.88,6554,0.23350992166316997,0.2430447722309137,0.04083274277954407
KG20C,topk_rule_weight_global_rf,0.9,6703,0.23203126348327818,0.24113944100008594,0.03925409610788999
KG20C,topk_rule_weight_global_rf,0.92,6852,0.2306800309225177,0.23944964792283535,0.03801636823632659
KG20C,topk_rule_weight_global_rf,0.94,7001,0.2300571866523886,0.2385132544390738,0.03675637309892932
KG20C,topk_rule_weight_global_rf,0.96,7150,0.2276326950792064,0.23592389467373528,0.0364235884113393
KG20C,topk_rule_weight_global_rf,0.98,7299,0.2284253238971811,0.23645241669292058,0.03514099338369614
KG20C,topk_rule_weight_global_rf,1.0,7448,0.22638074035722042,0.23398674950607826,0.033598304947920266
WN18RR,topk_rule_weight_global_rf,0.02,121,0.8060824169693611,0.8079420208104606,0.0023069648983178315
WN18RR,topk_rule_weight_global_rf,0.04,242,0.7059953914599345,0.7067215525430689,0.0010285634891082918
WN18RR,topk_rule_weight_global_rf,0.06,363,0.7641676145260291,0.7648151390946129,0.0008473593440430083
WN18RR,topk_rule_weight_global_rf,0.08,484,0.8080013643777574,0.8088493035999966,0.0010494279584443156
WN18RR,topk_rule_weight_global_rf,0.1,606,0.8403350061445448,0.8412872656333741,0.0011331903132278942
WN18RR,topk_rule_weight_global_rf,0.12,727,0.865947935109511,0.8667417029915337,0.0009166461975826934
WN18RR,topk_rule_weight_global_rf,0.14,848,0.8850384879123803,0.8857189941036898,0.0007689001106774285
WN18RR,topk_rule_weight_global_rf,0.16,969,0.8963728644038562,0.8969683951058484,0.0006643783247368695
WN18RR,topk_rule_weight_global_rf,0.18,1090,0.9043490023065782,0.9049003425497939,0.0006096542836995233
WN18RR,topk_rule_weight_global_rf,0.2,1211,0.9094708390152118,0.9101213462659724,0.0007152590526871005
WN18RR,topk_rule_weight_global_rf,0.22,1332,0.9129838860724468,0.9136444108985678,0.0007234791721928424
WN18RR,topk_rule_weight_global_rf,0.24,1453,0.9188308871083252,0.9195319522982174,0.0007629969777120937
WN18RR,topk_rule_weight_global_rf,0.26,1574,0.9226974546525052,0.9233790349376186,0.000738682307702021
WN18RR,topk_rule_weight_global_rf,0.28,1695,0.9281739058971044,0.9288363253011546,0.0007136802703044953
WN18RR,topk_rule_weight_global_rf,0.3,1816,0.9329421613021192,0.933560443730459,0.0006627232147777828
WN18RR,topk_rule_weight_global_rf,0.32,1938,0.9358977866483653,0.9364740419492763,0.000615724611311208
WN18RR,topk_rule_weight_global_rf,0.34,2059,0.9380175298155978,0.9386290416672428,0.000651919428163783
WN18RR,topk_rule_weight_global_rf,0.36,2180,0.9219143350465127,0.9229029754870937,0.0010723777719880978
WN18RR,topk_rule_weight_global_rf,0.38,2301,0.8975993224103527,0.8987206763264906,0.001249281152671422
WN18RR,topk_rule_weight_global_rf,0.4,2422,0.8746856059717967,0.8759038245386009,0.001392750216177241
WN18RR,topk_rule_weight_global_rf,0.42,2543,0.8572875646445722,0.8590464873531224,0.0020517301091138584
WN18RR,topk_rule_weight_global_rf,0.44,2664,0.8304591351836168,0.8325490494841136,0.0025165769295014684
WN18RR,topk_rule_weight_global_rf,0.46,2785,0.8311222301854639,0.8332763336683003,0.002591801066800681
WN18RR,topk_rule_weight_global_rf,0.48,2906,0.8163004403775791,0.818587920228741,0.0028022523791655374
WN18RR,topk_rule_weight_global_rf,0.5,3028,0.8011269925462398,0.8037126011927377,0.0032274641480747324
WN18RR,topk_rule_weight_global_rf,0.52,3149,0.7877973109081362,0.790656564668717,0.003629428180307981
WN18RR,topk_rule_weight_global_rf,0.54,3270,0.7792565458426103,0.7823020347839462,0.003908198086475911
WN18RR,topk_rule_weight_global_rf,0.56,3391,0.7651138191259645,0.7681693232067217,0.003993528811501168
WN18RR,topk_rule_weight_global_rf,0.58,3512,0.7497069774646985,0.7529114348238103,0.00427427975920458
WN18RR,topk_rule_weight_global_rf,0.6,3633,0.736746449232821,0.7399679819083117,0.004372647711903266
WN18RR,topk_rule_weight_global_rf,0.62,3754,0.7198182163171396,0.7230551985427259,0.004496944023100635
WN18RR,topk_rule_weight_global_rf,0.64,3875,0.7041061221723923,0.7073929926697882,0.004668146453910671
WN18RR,topk_rule_weight_global_rf,0.66,3996,0.6922910516311909,0.6955162164167352,0.004658683335491798
WN18RR,topk_rule_weight_global_rf,0.68,4117,0.6779850941507345,0.6812451029818146,0.004808378324546725
WN18RR,topk_rule_weight_global_rf,0.7,4238,0.6662745431438806,0.669496810586174,0.004836245772033898
WN18RR,topk_rule_weight_global_rf,0.72,4360,0.6547646285157271,0.6579446558657798,0.004856748840054825
WN18RR,topk_rule_weight_global_rf,0.74,4481,0.6432952960535039,0.6464784356931835,0.004948178012815552
WN18RR,topk_rule_weight_global_rf,0.76,4602,0.6305141581491109,0.6336530196410081,0.004978256953200422
WN18RR,topk_rule_weight_global_rf,0.78,4723,0.6198892461655536,0.6230057734611882,0.005027555026825281
WN18RR,topk_rule_weight_global_rf,0.8,4844,0.6085606949760088,0.6116583705525434,0.005090167015562308
WN18RR,topk_rule_weight_global_rf,0.82,4965,0.59650819396975,0.5995739537633796,0.005139509942398535
WN18RR,topk_rule_weight_global_rf,0.84,5086,0.5847178845206707,0.5877204522139619,0.0051350707286001995
WN18RR,topk_rule_weight_global_rf,0.86,5207,0.5734347910097177,0.5763862166819838,0.005146924669619413
WN18RR,topk_rule_weight_global_rf,0.88,5328,0.5623342687430365,0.5652293289999267,0.0051482906481254975
WN18RR,topk_rule_weight_global_rf,0.9,5450,0.5533799074882841,0.556249407506386,0.005185406949677729
WN18RR,topk_rule_weight_global_rf,0.92,5571,0.5438052224692,0.5464226069859215,0.004813091909704248
WN18RR,topk_rule_weight_global_rf,0.94,5692,0.5354603520970381,0.5380592286295498,0.004853536816187498
WN18RR,topk_rule_weight_global_rf,0.96,5813,0.5276153394803356,0.5302025720092141,0.004903634021381498
WN18RR,topk_rule_weight_global_rf,0.98,5934,0.5185468295693166,0.5207817528442839,0.004309973849080162
WN18RR,topk_rule_weight_global_rf,1.0,6055,0.5112021246888967,0.5133269561687424,0.0041565388272568615
YAGO3-10,topk_rule_weight_global_rf,0.02,200,0.6060599242167283,0.6858224040401446,0.13160823977348657
YAGO3-10,topk_rule_weight_global_rf,0.04,399,0.6411022091739883,0.704877188677276,0.09947708585415249
YAGO3-10,topk_rule_weight_global_rf,0.06,598,0.6665900668407826,0.7305873250460206,0.0960069184777157
YAGO3-10,topk_rule_weight_global_rf,0.08,798,0.6736232567805993,0.7342724265937571,0.09003425758043782
YAGO3-10,topk_rule_weight_global_rf,0.1,998,0.6530073235381587,0.7158048067136492,0.096166583301452
YAGO3-10,topk_rule_weight_global_rf,0.12,1197,0.6488449327275555,0.7062443382435413,0.08846398056111093
YAGO3-10,topk_rule_weight_global_rf,0.14,1397,0.6655403452854757,0.7177357473610562,0.07842560176151592
YAGO3-10,topk_rule_weight_global_rf,0.16,1596,0.6774013676166075,0.7251600839134773,0.07050283418367709
YAGO3-10,topk_rule_weight_global_rf,0.18,1796,0.6471590223484096,0.6921303562918666,0.06949039168188542
YAGO3-10,topk_rule_weight_global_rf,0.2,1995,0.6505435837575068,0.6977193319827396,0.07251742912096382
YAGO3-10,topk_rule_weight_global_rf,0.22,2194,0.6657509188817231,0.7090797341103107,0.06508262174293056
YAGO3-10,topk_rule_weight_global_rf,0.24,2394,0.6720195698148762,0.713153114145392,0.061208848935525806
YAGO3-10,topk_rule_weight_global_rf,0.26,2594,0.6781140268463208,0.7174595434504388,0.05802197719917501
YAGO3-10,topk_rule_weight_global_rf,0.28,2793,0.6807157455121258,0.7182851543313472,0.055191038354719835
YAGO3-10,topk_rule_weight_global_rf,0.3,2992,0.6899066090509989,0.7256537312066813,0.05181443645663064
YAGO3-10,topk_rule_weight_global_rf,0.32,3192,0.6997696567231758,0.7336858482889497,0.048467651090494224
YAGO3-10,topk_rule_weight_global_rf,0.34,3392,0.7081730289564044,0.7412043832036402,0.046643055999904925
YAGO3-10,topk_rule_weight_global_rf,0.36,3591,0.7082793292214015,0.7387929886869136,0.04308139205340811
YAGO3-10,topk_rule_weight_global_rf,0.38,3790,0.7139175664144296,0.7437425361971268,0.04177648959177427
YAGO3-10,topk_rule_weight_global_rf,0.4,3990,0.7197633276370832,0.7479215609175395,0.03912151703101796
YAGO3-10,topk_rule_weight_global_rf,0.42,4190,0.7233197352250264,0.7505179805935313,0.03760196776608549
YAGO3-10,topk_rule_weight_global_rf,0.44,4389,0.7235585627452792,0.750135078306612,0.03673028961263047
YAGO3-10,topk_rule_weight_global_rf,0.46,4588,0.7254013346061464,0.7514330926038207,0.03588600786323082
YAGO3-10,topk_rule_weight_global_rf,0.48,4788,0.7232943358669729,0.7482695048760492,0.034529745043751614
YAGO3-10,topk_rule_weight_global_rf,0.5,4988,0.7179744973893228,0.7426922594132352,0.03442707521477484
YAGO3-10,topk_rule_weight_global_rf,0.52,5187,0.7152078914855067,0.7406189056825057,0.03552954951911902
YAGO3-10,topk_rule_weight_global_rf,0.54,5386,0.7131124928136758,0.7380201841250752,0.03492813765346181
YAGO3-10,topk_rule_weight_global_rf,0.56,5586,0.7145646517744383,0.7391008775704411,0.03433730696735893
YAGO3-10,topk_rule_weight_global_rf,0.58,5786,0.7106097759019814,0.7341950043823202,0.03319012667733423
YAGO3-10,topk_rule_weight_global_rf,0.6,5985,0.7034825903335415,0.7276067948904907,0.03429253955739142
YAGO3-10,topk_rule_weight_global_rf,0.62,6184,0.6976318177100268,0.7215195069489416,0.03424111204865343
YAGO3-10,topk_rule_weight_global_rf,0.64,6384,0.6912360533764568,0.7154478302368692,0.035026785339314914
YAGO3-10,topk_rule_weight_global_rf,0.66,6584,0.6846895893258508,0.7094134186926038,0.03610954475165329
YAGO3-10,topk_rule_weight_global_rf,0.68,6783,0.6718687915149977,0.6963912659107371,0.03649890381192389
YAGO3-10,topk_rule_weight_global_rf,0.7,6982,0.6614289212884079,0.6863662934789465,0.03770227062639275
YAGO3-10,topk_rule_weight_global_rf,0.72,7182,0.6527591232614354,0.6775613909337385,0.03799604906076448
YAGO3-10,topk_rule_weight_global_rf,0.74,7382,0.6413739425627825,0.6657774255974808,0.038048759725391346
YAGO3-10,topk_rule_weight_global_rf,0.76,7581,0.6333452675985866,0.6573902164386121,0.03796499329851333
YAGO3-10,topk_rule_weight_global_rf,0.78,7780,0.6255972276133703,0.6492906368508359,0.037873264445008825
YAGO3-10,topk_rule_weight_global_rf,0.8,7980,0.6161873282967902,0.6393012491493344,0.03751119146905135
YAGO3-10,topk_rule_weight_global_rf,0.82,8179,0.6068738581124721,0.6295189375594137,0.037314310287434926
YAGO3-10,topk_rule_weight_global_rf,0.84,8379,0.59862896646605,0.6208143144822249,0.03706026480332891
YAGO3-10,topk_rule_weight_global_rf,0.86,8578,0.5898382376219313,0.6114879490208639,0.036704489499050474
YAGO3-10,topk_rule_weight_global_rf,0.88,8778,0.5860282216428051,0.6078590723494424,0.03725221738543438
YAGO3-10,topk_rule_weight_global_rf,0.9,8978,0.5856311419084814,0.6071230092892257,0.03669864158983338
YAGO3-10,topk_rule_weight_global_rf,0.92,9177,0.5837165364058221,0.6046369846770481,0.03584008155746554
YAGO3-10,topk_rule_weight_global_rf,0.94,9376,0.5788016120337274,0.5993613777514756,0.03552126547386014
YAGO3-10,topk_rule_weight_global_rf,0.96,9576,0.5724562625631036,0.5925439842936159,0.035090404357831506
YAGO3-10,topk_rule_weight_global_rf,0.98,9776,0.5610897074750013,0.5807661620871518,0.03506828649682037
YAGO3-10,topk_rule_weight_global_rf,1.0,9975,0.5616723217905851,0.5802260659200453,0.033033039745151926
codex-l,topk_rule_weight_global_rf,0.02,1223,0.3970451947582562,0.4252573685099621,0.07105532096637779
codex-l,topk_rule_weight_global_rf,0.04,2445,0.4698619207188785,0.4900272779442374,0.04291762395749443
codex-l,topk_rule_weight_global_rf,0.06,3668,0.4755618008192488,0.48972525220370855,0.029782567397256043
codex-l,topk_rule_weight_global_rf,0.08,4890,0.4758464102099984,0.4869880502919577,0.02341436195145885
codex-l,topk_rule_weight_global_rf,0.1,6113,0.4317365743526314,0.4403359690666551,0.019918152004884115
codex-l,topk_rule_weight_global_rf,0.12,7335,0.44363859401225253,0.45115695826066515,0.016947047326105746
codex-l,topk_rule_weight_global_rf,0.14,8558,0.43308853888507204,0.4393548998524938,0.014469006692150455
codex-l,topk_rule_weight_global_rf,0.16,9781,0.4602472787015845,0.46684483122459886,0.014334799635593365
codex-l,topk_rule_weight_global_rf,0.18,11003,0.46664316717650894,0.4725491987579992,0.012656419287623066
codex-l,topk_rule_weight_global_rf,0.2,12226,0.46512323881068646,0.47089468827593467,0.012408430677438798
codex-l,topk_rule_weight_global_rf,0.22,13448,0.4630344191755772,0.4690189649409293,0.012924623996651174
codex-l,topk_rule_weight_global_rf,0.24,14671,0.45111546023369936,0.4570636229799363,0.013185455322580752
codex-l,topk_rule_weight_global_rf,0.26,15894,0.45579304178193025,0.4622315195521371,0.014125879906010663
codex-l,topk_rule_weight_global_rf,0.28,17116,0.4612326384133353,0.4680667347557714,0.014817026752368845
codex-l,topk_rule_weight_global_rf,0.3,18339,0.4607136369825109,0.46788708008776153,0.015570286028939284
codex-l,topk_rule_weight_global_rf,0.32,19561,0.46348249406811964,0.4705156804428323,0.015174653767352497
codex-l,topk_rule_weight_global_rf,0.34,20784,0.4601800094173457,0.4672847603661609,0.015439069067365141
codex-l,topk_rule_weight_global_rf,0.36,22006,0.45963220597237125,0.4663772128865172,0.01467479177155706
codex-l,topk_rule_weight_global_rf,0.38,23229,0.4561542403734775,0.4627411574063527,0.014440109177724869
codex-l,topk_rule_weight_global_rf,0.4,24452,0.4524375981109702,0.459535493597837,0.015688120343009038
codex-l,topk_rule_weight_global_rf,0.42,25674,0.44066774999812536,0.44766973524226134,0.015889488722888867
codex-l,topk_rule_weight_global_rf,0.44,26897,0.44007347908147665,0.447250571256802,0.016308849581904816
codex-l,topk_rule_weight_global_rf,0.46,28119,0.4345794995498892,0.44223185403602916,0.017608641213094023
codex-l,topk_rule_weight_global_rf,0.48,29342,0.4314047500386105,0.43928531645850527,0.018267222183319554
codex-l,topk_rule_weight_global_rf,0.5,30564,0.42717021286227713,0.4350412258921528,0.01842594074417203
codex-l,topk_rule_weight_global_rf,0.52,31787,0.42485367030185567,0.4329514178626062,0.019060086158599443
codex-l,topk_rule_weight_global_rf,0.54,33010,0.42347330119474424,0.4315241234226852,0.019011404509392094
codex-l,topk_rule_weight_global_rf,0.56,34232,0.41848467321212,0.4264511535992991,0.01903649260564677
codex-l,topk_rule_weight_global_rf,0.58,35455,0.41252430535021106,0.42061600681385497,0.01961509021092578
codex-l,topk_rule_weight_global_rf,0.6,36677,0.40578104518229907,0.4139833820806726,0.020213701442581167
codex-l,topk_rule_weight_global_rf,0.62,37900,0.40239324921699987,0.4103564881205297,0.019789693090093374
codex-l,topk_rule_weight_global_rf,0.64,39123,0.4003059134893187,0.408212881335572,0.019752313367872087
codex-l,topk_rule_weight_global_rf,0.66,40345,0.3974741630293047,0.4052832880213197,0.01964687448486857
codex-l,topk_rule_weight_global_rf,0.68,41568,0.3944233213840373,0.40217423023261195,0.019651243799115647
codex-l,topk_rule_weight_global_rf,0.7,42790,0.39235868643648725,0.3999905921457856,0.019451348913958055
codex-l,topk_rule_weight_global_rf,0.72,44013,0.3883692123309113,0.3958698417790202,0.019313141232518483
codex-l,topk_rule_weight_global_rf,0.74,45235,0.38453220092543083,0.3919105879172684,0.019187956103755344
codex-l,topk_rule_weight_global_rf,0.76,46458,0.37982359022896295,0.3869894402193769,0.01886625837561673
codex-l,topk_rule_weight_global_rf,0.78,47681,0.3775646238325208,0.3845925794581602,0.018613914498400774
codex-l,topk_rule_weight_global_rf,0.8,48903,0.37519477447874927,0.3820088029040554,0.018161309508568646
codex-l,topk_rule_weight_global_rf,0.82,50126,0.36856104636457904,0.3752456407931388,0.018137007408936645
codex-l,topk_rule_weight_global_rf,0.84,51348,0.3632563856634494,0.36982080011711876,0.018071022871848808
codex-l,topk_rule_weight_global_rf,0.86,52571,0.36027179010396987,0.36670806496143826,0.017865053646334506
codex-l,topk_rule_weight_global_rf,0.88,53794,0.35362604199231895,0.35990776769395433,0.01776375310552436
codex-l,topk_rule_weight_global_rf,0.9,55016,0.3495499291643597,0.35569406218783367,0.01757726868422571
codex-l,topk_rule_weight_global_rf,0.92,56239,0.3448277746203418,0.35078508474832837,0.017276189931468178
codex-l,topk_rule_weight_global_rf,0.94,57461,0.3424530797307396,0.34820546945662795,0.016797599631491966
codex-l,topk_rule_weight_global_rf,0.96,58684,0.33897485859563264,0.34451795657807893,0.01635253424224814
codex-l,topk_rule_weight_global_rf,0.98,59906,0.3340553370353248,0.3393641913499952,0.015892140391425613
codex-l,topk_rule_weight_global_rf,1.0,61129,0.32990176871301513,0.334842792661744,0.014977258133547888
codex-m,topk_rule_weight_global_rf,0.02,412,0.49534432122969324,0.4978918914710105,0.005143029065101334
codex-m,topk_rule_weight_global_rf,0.04,824,0.31774551665831724,0.3409519898745648,0.07303477783197909
codex-m,topk_rule_weight_global_rf,0.06,1236,0.3197173032987414,0.3346241183804851,0.04662498691168726
codex-m,topk_rule_weight_global_rf,0.08,1648,0.33955912735451393,0.3520569456202479,0.03680601479660939
codex-m,topk_rule_weight_global_rf,0.1,2059,0.35660571152237686,0.3665635027294536,0.027923813010638954
codex-m,topk_rule_weight_global_rf,0.12,2471,0.3494135198598402,0.3577350959096336,0.02381583876070792
codex-m,topk_rule_weight_global_rf,0.14,2883,0.33672617088854195,0.34414150241502467,0.02202184495168691
codex-m,topk_rule_weight_global_rf,0.16,3295,0.346491965631614,0.3535513061950824,0.020373749649865713
codex-m,topk_rule_weight_global_rf,0.18,3707,0.36114280583277736,0.36812099241606205,0.01932251306292354
codex-m,topk_rule_weight_global_rf,0.2,4119,0.35558713908079553,0.3622882191084479,0.0188451135914951
codex-m,topk_rule_weight_global_rf,0.22,4531,0.36668335089291587,0.3728253726021749,0.016750206122809974
codex-m,topk_rule_weight_global_rf,0.24,4943,0.38403349744235443,0.38976833239288283,0.014933163353515022
codex-m,topk_rule_weight_global_rf,0.26,5354,0.3965825122882444,0.4018036138142366,0.013165233877477256
codex-m,topk_rule_weight_global_rf,0.28,5766,0.4008261294100113,0.4057782510839221,0.012354787551400515
codex-m,topk_rule_weight_global_rf,0.3,6178,0.41068709715370333,0.4154768222872634,0.011662711506535306
codex-m,topk_rule_weight_global_rf,0.32,6590,0.40966283974710743,0.4142341067972611,0.011158608022576733
codex-m,topk_rule_weight_global_rf,0.34,7002,0.4176701913628402,0.4220893562247312,0.010580512934072361
codex-m,topk_rule_weight_global_rf,0.36,7414,0.41523166239311915,0.4197964934155759,0.01099345602921531
codex-m,topk_rule_weight_global_rf,0.38,7826,0.41469268974404977,0.4191670910255964,0.010789679664496177
codex-m,topk_rule_weight_global_rf,0.4,8238,0.41717372929497243,0.4215439887505915,0.010475874075303926
codex-m,topk_rule_weight_global_rf,0.42,8649,0.41596067102735423,0.42004968194355274,0.009830282526709366
codex-m,topk_rule_weight_global_rf,0.44,9061,0.41221148553533116,0.41613840562177323,0.009526469359150136
codex-m,topk_rule_weight_global_rf,0.46,9473,0.4091885779173919,0.4129468257617595,0.009184635268891572
codex-m,topk_rule_weight_global_rf,0.48,9885,0.42079608264161916,0.42437958587837055,0.008516009023314508
codex-m,topk_rule_weight_global_rf,0.5,10297,0.41540305013631834,0.4189388651815364,0.00851176957910571
codex-m,topk_rule_weight_global_rf,0.52,10709,0.4107118217536523,0.41414502629666367,0.008359156861743822
codex-m,topk_rule_weight_global_rf,0.54,11121,0.4065618696084096,0.41002667223018746,0.008522202598868933
codex-m,topk_rule_weight_global_rf,0.56,11533,0.4021858277596204,0.4054533840446461,0.008124493852077252
codex-m,topk_rule_weight_global_rf,0.58,11945,0.39368849322491234,0.3970217974080606,0.008466857021508067
codex-m,topk_rule_weight_global_rf,0.6,12356,0.388526036466214,0.39181763105697814,0.008472005172941444
codex-m,topk_rule_weight_global_rf,0.62,12768,0.38438408582372013,0.3876246243016367,0.008430469932104945
codex-m,topk_rule_weight_global_rf,0.64,13180,0.38028454116737426,0.3835623555019329,0.008619373073900372
codex-m,topk_rule_weight_global_rf,0.66,13592,0.3782515879102171,0.38161765710912493,0.008899021990905087
codex-m,topk_rule_weight_global_rf,0.68,14004,0.37691050330885006,0.3802706394266072,0.00891494423280581
codex-m,topk_rule_weight_global_rf,0.7,14416,0.3746440889568539,0.37798141348995645,0.008907986623771125
codex-m,topk_rule_weight_global_rf,0.72,14828,0.37219502053188575,0.375448768359425,0.008742050935795609
codex-m,topk_rule_weight_global_rf,0.74,15240,0.3690507022614604,0.37236732431185376,0.008986900797288255
codex-m,topk_rule_weight_global_rf,0.76,15651,0.365774579961373,0.3692515528921561,0.009505780667290464
codex-m,topk_rule_weight_global_rf,0.78,16063,0.36382087363179855,0.36723074877869516,0.009372401074347225
codex-m,topk_rule_weight_global_rf,0.8,16475,0.35954715213272953,0.3631099730511068,0.009909189649378813
codex-m,topk_rule_weight_global_rf,0.82,16887,0.3570661692397642,0.3605671966648928,0.009804982176224275
codex-m,topk_rule_weight_global_rf,0.84,17299,0.35633755488633007,0.3598520938546984,0.009862948544644645
codex-m,topk_rule_weight_global_rf,0.86,17711,0.35500394654811024,0.3585134815028876,0.009885904055158878
codex-m,topk_rule_weight_global_rf,0.88,18123,0.35349856852689193,0.35685644585576143,0.009498984233125896
codex-m,topk_rule_weight_global_rf,0.9,18535,0.35145081865268474,0.35468204231350364,0.009193956847806106
codex-m,topk_rule_weight_global_rf,0.92,18946,0.3503351440248433,0.3533660142563734,0.008651345099751628
codex-m,topk_rule_weight_global_rf,0.94,19358,0.3486694097650778,0.3515932769706017,0.00838578643160548
codex-m,topk_rule_weight_global_rf,0.96,19770,0.3460447396197654,0.34882142985248565,0.008024078723957162
codex-m,topk_rule_weight_global_rf,0.98,20182,0.34369424171559887,0.3464173759536359,0.007923130234722908
codex-m,topk_rule_weight_global_rf,1.0,20594,0.3423415349994885,0.3449297847479118,0.0075604315685129375
hetionet,topk_rule_weight_global_rf,0.02,9001,0.48471951890513626,0.6562196700128303,0.35381317322453043
hetionet,topk_rule_weight_global_rf,0.04,18002,0.5535135260167998,0.6695676337837602,0.20966806105373825
hetionet,topk_rule_weight_global_rf,0.06,27002,0.5868860402474445,0.6786322495995651,0.1563271283696548
hetionet,topk_rule_weight_global_rf,0.08,36003,0.5929339875377714,0.6677747282284312,0.1262210334770062
hetionet,topk_rule_weight_global_rf,0.1,45004,0.5957743515638464,0.6673331644768383,0.12011059678073988
hetionet,topk_rule_weight_global_rf,0.12,54005,0.6006197943373566,0.6640702527531439,0.1056416372120903
hetionet,topk_rule_weight_global_rf,0.14,63006,0.5904640169067374,0.649641123644188,0.10022135988482672
hetionet,topk_rule_weight_global_rf,0.16,72006,0.598162954106308,0.6540653719658128,0.09345683726439802
hetionet,topk_rule_weight_global_rf,0.18,81007,0.5991025209802824,0.6525682660634626,0.08924306476910981
hetionet,topk_rule_weight_global_rf,0.2,90008,0.5941578486791858,0.6482222087707618,0.09099326081740933
hetionet,topk_rule_weight_global_rf,0.22,99009,0.5923316245007726,0.6448331480446717,0.08863535454172045
hetionet,topk_rule_weight_global_rf,0.24,108010,0.5931172287832268,0.6440110656262235,0.08580738237431529
hetionet,topk_rule_weight_global_rf,0.26,117010,0.5904338630500175,0.6391399024759002,0.08249194782677405
hetionet,topk_rule_weight_global_rf,0.28,126011,0.5928760598289745,0.6396832263162288,0.07894932796031018
hetionet,topk_rule_weight_global_rf,0.3,135012,0.5920086234398663,0.6370910603036064,0.07615165570019689
hetionet,topk_rule_weight_global_rf,0.32,144013,0.5929620291463277,0.6370876778076349,0.07441563960652542
hetionet,topk_rule_weight_global_rf,0.34,153014,0.590729276352773,0.6328650687007388,0.07132843086450169
hetionet,topk_rule_weight_global_rf,0.36,162014,0.5911408631603042,0.6327382391501862,0.07036795894551728
hetionet,topk_rule_weight_global_rf,0.38,171015,0.5889598489624742,0.6285520101806904,0.0672238715219089
hetionet,topk_rule_weight_global_rf,0.4,180016,0.5890151208452579,0.6270727875168695,0.06461237636310169
hetionet,topk_rule_weight_global_rf,0.42,189017,0.5866087393956236,0.6229898339474468,0.06201935311994533
hetionet,topk_rule_weight_global_rf,0.44,198018,0.5822667456153412,0.616731723174952,0.05919104571769429
hetionet,topk_rule_weight_global_rf,0.46,207018,0.5729171258036827,0.6072399208905264,0.05990883068593211
hetionet,topk_rule_weight_global_rf,0.48,216019,0.5626079069692681,0.5962950131208768,0.059876702290017514
hetionet,topk_rule_weight_global_rf,0.5,225020,0.5543296643892317,0.5874503526514735,0.05974908144007518
hetionet,topk_rule_weight_global_rf,0.52,234021,0.5496565136342576,0.5820357220040071,0.05890807725658043
hetionet,topk_rule_weight_global_rf,0.54,243022,0.5388186354258518,0.5708190509105892,0.059389956806980226
hetionet,topk_rule_weight_global_rf,0.56,252022,0.5310778086595527,0.5622952400182343,0.058781276207859
hetionet,topk_rule_weight_global_rf,0.58,261023,0.5229207214120905,0.5534629336989838,0.058406965026012836
hetionet,topk_rule_weight_global_rf,0.6,270024,0.512176295955496,0.5420594100713102,0.058345367311592344
hetionet,topk_rule_weight_global_rf,0.62,279025,0.5029296996455525,0.5322307799937561,0.058260787479550435
hetionet,topk_rule_weight_global_rf,0.64,288026,0.49397885889471776,0.5228049888063431,0.05835498704564812
hetionet,topk_rule_weight_global_rf,0.66,297026,0.48611962937644465,0.5143413358554477,0.058055064584007
hetionet,topk_rule_weight_global_rf,0.68,306027,0.4779972510133946,0.5056497020147318,0.057850648602500776
hetionet,topk_rule_weight_global_rf,0.7,315028,0.4695150511837747,0.49651408512944323,0.0575040861365288
hetionet,topk_rule_weight_global_rf,0.72,324029,0.46179601002593057,0.488186974135607,0.057148532115282924
hetionet,topk_rule_weight_global_rf,0.74,333030,0.4533353032472916,0.4791147516817677,0.05686618326394388
hetionet,topk_rule_weight_global_rf,0.76,342030,0.4448528662889686,0.47012497174049805,0.05681003173555621
hetionet,topk_rule_weight_global_rf,0.78,351031,0.43758773440860144,0.46236850959859627,0.056630415437685766
hetionet,topk_rule_weight_global_rf,0.8,360032,0.43020402388062073,0.45447735010262497,0.05642282469384785
hetionet,topk_rule_weight_global_rf,0.82,369033,0.4235113238190581,0.4472525371020575,0.0560580365807235
hetionet,topk_rule_weight_global_rf,0.84,378034,0.41678187662789073,0.4399977881604202,0.055702785640213914
hetionet,topk_rule_weight_global_rf,0.86,387034,0.4104157355576394,0.4330409075945234,0.055127447796665896
hetionet,topk_rule_weight_global_rf,0.88,396035,0.40507427437987426,0.42710718446485085,0.05439227193261442
hetionet,topk_rule_weight_global_rf,0.9,405036,0.3987148030023122,0.42018740144512257,0.053854530308687476
hetionet,topk_rule_weight_global_rf,0.92,414037,0.39312523271854594,0.4138157495661983,0.052630854307094355
hetionet,topk_rule_weight_global_rf,0.94,423038,0.38750691544109217,0.40751342354306846,0.05162877694505985
hetionet,topk_rule_weight_global_rf,0.96,432038,0.3807346105770933,0.40003492835616894,0.05069231229023674
hetionet,topk_rule_weight_global_rf,0.98,441039,0.37490296444660515,0.3934559298170371,0.0494873797485651
hetionet,topk_rule_weight_global_rf,1.0,450040,0.37318845483349955,0.39032189792982713,0.045910967701216165
FB15k-237,num_neg_dep_global_rf,0.02,816,0.23103553475364788,0.2446940283009409,0.059118583476160946
FB15k-237,num_neg_dep_global_rf,0.04,1633,0.24860062369619912,0.2594323717649427,0.043570880505836795
FB15k-237,num_neg_dep_global_rf,0.06,2449,0.2911587252512804,0.29918073487113694,0.02755201518667616
FB15k-237,num_neg_dep_global_rf,0.08,3266,0.28783626051320843,0.2979006767563438,0.03496576916747962
FB15k-237,num_neg_dep_global_rf,0.1,4082,0.28446832326601384,0.29616680926299416,0.04112403751204585
FB15k-237,num_neg_dep_global_rf,0.12,4898,0.28753163231822726,0.2981523165892896,0.03693744644870178
FB15k-237,num_neg_dep_global_rf,0.14,5715,0.31249281817513186,0.3213517195687475,0.028349135974865103
FB15k-237,num_neg_dep_global_rf,0.16,6531,0.32452599035456625,0.33287856072088146,0.025737754801054447
FB15k-237,num_neg_dep_global_rf,0.18,7347,0.330942237838431,0.33909961317707177,0.024648939923538116
FB15k-237,num_neg_dep_global_rf,0.2,8164,0.32532502397307317,0.332926812426431,0.023366749844570878
FB15k-237,num_neg_dep_global_rf,0.22,8980,0.3210267610681024,0.32998788552459896,0.02791394844056483
FB15k-237,num_neg_dep_global_rf,0.24,9797,0.33375119292535904,0.34259492194201,0.026497969757455886
FB15k-237,num_neg_dep_global_rf,0.26,10613,0.3395480554882815,0.3483603073547604,0.02595288567860199
FB15k-237,num_neg_dep_global_rf,0.28,11429,0.34545202357947186,0.3541011030358708,0.025036991726896662
FB15k-237,num_neg_dep_global_rf,0.3,12246,0.35101535020880703,0.3595016476896881,0.024176428397883143
FB15k-237,num_neg_dep_global_rf,0.32,13062,0.3536883307518877,0.3616127143481554,0.022404990233694244
FB15k-237,num_neg_dep_global_rf,0.34,13878,0.3601461419865955,0.36781811095405986,0.021302377210387746
FB15k-237,num_neg_dep_global_rf,0.36,14695,0.35055404286214337,0.3576715888987581,0.020303705467215938
FB15k-237,num_neg_dep_global_rf,0.38,15511,0.3542960741883359,0.36107338240209985,0.01912893962850193
FB15k-237,num_neg_dep_global_rf,0.4,16328,0.3594412915969686,0.3658953600558143,0.017955834818450533
FB15k-237,num_neg_dep_global_rf,0.42,17144,0.3644573691169489,0.37053911133120365,0.016687115502672656
FB15k-237,num_neg_dep_global_rf,0.44,17960,0.36326686125692265,0.36905959582474523,0.015946223522232073
FB15k-237,num_neg_dep_global_rf,0.46,18777,0.3621284575457986,0.3680011595409593,0.0162171789396528
FB15k-237,num_neg_dep_global_rf,0.48,19593,0.36408743062137633,0.36971554910058485,0.015458150998520326
FB15k-237,num_neg_dep_global_rf,0.5,20410,0.37074299264068533,0.3761590631543818,0.014608692871359574
FB15k-237,num_neg_dep_global_rf,0.52,21226,0.364121977181008,0.3692792389381223,0.014163555292765473
FB15k-237,num_neg_dep_global_rf,0.54,22042,0.36239257126021185,0.3673709832758874,0.01373762160290215
FB15k-237,num_neg_dep_global_rf,0.56,22859,0.3563284816322042,0.3611289609904229,0.013472061891403042
FB15k-237,num_neg_dep_global_rf,0.58,23675,0.3519213751558473,0.35672175896038316,0.013640500814734668
FB15k-237,num_neg_dep_global_rf,0.6,24491,0.3540440928846908,0.3586659420243914,0.013054445004413218
FB15k-237,num_neg_dep_global_rf,0.62,25308,0.3535196524532822,0.35798136891804827,0.012620844226915118
FB15k-237,num_neg_dep_global_rf,0.64,26124,0.3534484734265343,0.35781081052377867,0.01234221513238798
FB15k-237,num_neg_dep_global_rf,0.66,26941,0.3605874843252305,0.36493575012886137,0.012058837293722924
FB15k-237,num_neg_dep_global_rf,0.68,27757,0.35808257419191997,0.362303009722259,0.011786207524516312
FB15k-237,num_neg_dep_global_rf,0.7,28573,0.35981333787165043,0.3639132443923385,0.011394537359119772
FB15k-237,num_neg_dep_global_rf,0.72,29390,0.3531776286131062,0.35716789031545026,0.011298172305005405
FB15k-237,num_neg_dep_global_rf,0.74,30206,0.34891115693873814,0.352827323965308,0.01122396618362509
FB15k-237,num_neg_dep_global_rf,0.76,31022,0.3567622561929539,0.3605728811643102,0.010681132617614608
FB15k-237,num_neg_dep_global_rf,0.78,31839,0.3613743264690802,0.3650871694560275,0.010274230112650162
FB15k-237,num_neg_dep_global_rf,0.8,32655,0.355891955849068,0.35951202039849117,0.010171807735262162
FB15k-237,num_neg_dep_global_rf,0.82,33472,0.35668398745626234,0.3602187480324562,0.009910062409592468
FB15k-237,num_neg_dep_global_rf,0.84,34288,0.3590457244132929,0.3624963632958862,0.009610583410321505
FB15k-237,num_neg_dep_global_rf,0.86,35104,0.3631212417509347,0.3664916697935041,0.009281825613719485
FB15k-237,num_neg_dep_global_rf,0.88,35921,0.3616719162591396,0.36496568608755076,0.009107065493166866
FB15k-237,num_neg_dep_global_rf,0.9,36737,0.35890932439822315,0.36212993321239845,0.00897332165882081
FB15k-237,num_neg_dep_global_rf,0.92,37553,0.3655562287742316,0.3687247568966932,0.008667690147384999
FB15k-237,num_neg_dep_global_rf,0.94,38370,0.36694516460880106,0.37015800730547677,0.00875564800016071
FB15k-237,num_neg_dep_global_rf,0.96,39186,0.361053965087225,0.36419990430713634,0.008713210556076767
FB15k-237,num_neg_dep_global_rf,0.98,40003,0.3557234897310976,0.35897234397916244,0.009133088879007545
FB15k-237,num_neg_dep_global_rf,1.0,40819,0.35281198551723697,0.3560530550713822,0.009186393000208515
KG20C,num_neg_dep_global_rf,0.02,149,0.1283157524540542,0.13168669837904018,0.026270710029877353
KG20C,num_neg_dep_global_rf,0.04,298,0.12006654367380805,0.12603899610045213,0.04974285295385705
KG20C,num_neg_dep_global_rf,0.06,447,0.15080771012880798,0.16002865378077685,0.061143715026858336
KG20C,num_neg_dep_global_rf,0.08,596,0.15117707824423915,0.15865350119984406,0.04945473905459474
KG20C,num_neg_dep_global_rf,0.1,745,0.15166961520071937,0.15887491006709856,0.0475065151107803
KG20C,num_neg_dep_global_rf,0.12,894,0.1460337279722093,0.15267031001174158,0.04544554283237412
KG20C,num_neg_dep_global_rf,0.14,1043,0.13308888640186894,0.13907858051235172,0.045005216231177814
KG20C,num_neg_dep_global_rf,0.16,1192,0.14566862612332734,0.15086967503264648,0.035704660967391666
KG20C,num_neg_dep_global_rf,0.18,1341,0.13911068397967774,0.1441609357643938,0.03630383835546258
KG20C,num_neg_dep_global_rf,0.2,1490,0.13363888367704976,0.13933532829054934,0.04262565248049777
KG20C,num_neg_dep_global_rf,0.22,1639,0.1377528448630656,0.1454572117141107,0.055928912819939836
KG20C,num_neg_dep_global_rf,0.24,1788,0.15257639842265713,0.15977679188482996,0.047192052877187196
KG20C,num_neg_dep_global_rf,0.26,1936,0.15225593152940664,0.15879835782805887,0.04296992723326931
KG20C,num_neg_dep_global_rf,0.28,2085,0.15293522319044872,0.15901010919245864,0.039721954663412884
KG20C,num_neg_dep_global_rf,0.3,2234,0.15735218117815836,0.1630218934942688,0.03603199061912621
KG20C,num_neg_dep_global_rf,0.32,2383,0.19355889262613266,0.19887409922042168,0.027460410225406573
KG20C,num_neg_dep_global_rf,0.34,2532,0.225607300489699,0.2306097243894584,0.022173147273608862
KG20C,num_neg_dep_global_rf,0.36,2681,0.22229098487663346,0.22723778944291304,0.022253734531901603
KG20C,num_neg_dep_global_rf,0.38,2830,0.213160400794686,0.2180084934600775,0.022743871034757168
KG20C,num_neg_dep_global_rf,0.4,2979,0.20405269697788408,0.20873993419622047,0.022970719268877948
KG20C,num_neg_dep_global_rf,0.42,3128,0.19555503636858934,0.20029423128087545,0.024234583779031427
KG20C,num_neg_dep_global_rf,0.44,3277,0.18762239641984335,0.1927150449485238,0.027143073672743157
KG20C,num_neg_dep_global_rf,0.46,3426,0.18467094715398225,0.1894857294813589,0.026072224145587963
KG20C,num_neg_dep_global_rf,0.48,3575,0.18534519290782733,0.1901181432252973,0.025751681187887954
KG20C,num_neg_dep_global_rf,0.5,3724,0.18738558351639722,0.1919839321351716,0.024539500491359778
KG20C,num_neg_dep_global_rf,0.52,3873,0.1856138530790982,0.19080247361067165,0.027953843129167488
KG20C,num_neg_dep_global_rf,0.54,4022,0.18513602338599125,0.19020993918455595,0.027406420996664016
KG20C,num_neg_dep_global_rf,0.56,4171,0.183417077464826,0.1891738429896194,0.03138620244288526
KG20C,num_neg_dep_global_rf,0.58,4320,0.18106307649378547,0.18731344961757088,0.034520418214587956
KG20C,num_neg_dep_global_rf,0.6,4469,0.17891724048067037,0.1850251025616147,0.034137917981158505
KG20C,num_neg_dep_global_rf,0.62,4618,0.1794803916735873,0.18548188358300846,0.033438148053163363
KG20C,num_neg_dep_global_rf,0.64,4767,0.1804868452032714,0.18583754628566565,0.0296459338982189
KG20C,num_neg_dep_global_rf,0.66,4916,0.18004867498472404,0.18594202479191563,0.03273198099176011
KG20C,num_neg_dep_global_rf,0.68,5065,0.18101269692004662,0.18739265406450725,0.0352459095578177
KG20C,num_neg_dep_global_rf,0.7,5214,0.1820193017778627,0.18903702610267986,0.03855483597767906
KG20C,num_neg_dep_global_rf,0.72,5363,0.1819845982995146,0.18944770715588855,0.041009563040554475
KG20C,num_neg_dep_global_rf,0.74,5512,0.18281930777236644,0.19072691530056468,0.043253678315225974
KG20C,num_neg_dep_global_rf,0.76,5660,0.18462297672234276,0.19268466931353076,0.04366570583092755
KG20C,num_neg_dep_global_rf,0.78,5809,0.18585005740923463,0.19426580881030345,0.045282479426614675
KG20C,num_neg_dep_global_rf,0.8,5958,0.18485705908730404,0.19328160182048115,0.04557328118694337
KG20C,num_neg_dep_global_rf,0.82,6107,0.1862022161085031,0.19470057668379506,0.04564049103658263
KG20C,num_neg_dep_global_rf,0.84,6256,0.18818822432470061,0.19685756686368458,0.04606740177337487
KG20C,num_neg_dep_global_rf,0.86,6405,0.190961157975546,0.19966239145983633,0.045565462508373455
KG20C,num_neg_dep_global_rf,0.88,6554,0.19183903434069033,0.20027521140844182,0.043975289475079116
KG20C,num_neg_dep_global_rf,0.9,6703,0.19306245298853192,0.20169142133886145,0.044695217618736516
KG20C,num_neg_dep_global_rf,0.92,6852,0.19622039839763028,0.20479852650190702,0.04371680097648989
KG20C,num_neg_dep_global_rf,0.94,7001,0.1983295585669333,0.20666656903334696,0.04203614693974145
KG20C,num_neg_dep_global_rf,0.96,7150,0.2081277820190471,0.21642301836120217,0.03985645867016396
KG20C,num_neg_dep_global_rf,0.98,7299,0.2169262491993895,0.22485808551189754,0.036564668138513
KG20C,num_neg_dep_global_rf,1.0,7448,0.22638074035722042,0.23398674950607828,0.033598304947920266
WN18RR,num_neg_dep_global_rf,0.02,121,0.22470320951346393,0.23733210377098501,0.056202553959356694
WN18RR,num_neg_dep_global_rf,0.04,242,0.32770003540167086,0.3385343117757079,0.03306156607751709
WN18RR,num_neg_dep_global_rf,0.06,363,0.4717514427376006,0.4808696674157609,0.019328451070010022
WN18RR,num_neg_dep_global_rf,0.08,484,0.4184951653262738,0.4286763055927045,0.02432797582856927
WN18RR,num_neg_dep_global_rf,0.1,606,0.36483960797081083,0.3745239172800153,0.02654401851560828
WN18RR,num_neg_dep_global_rf,0.12,727,0.33248430308698307,0.34160853363569116,0.027442590414023416
WN18RR,num_neg_dep_global_rf,0.14,848,0.37121395180856104,0.37816061056625094,0.018713355798847697
WN18RR,num_neg_dep_global_rf,0.16,969,0.37339161074106425,0.3794797314759627,0.01630492105276682
WN18RR,num_neg_dep_global_rf,0.18,1090,0.37144225973189754,0.3773106465620821,0.015798920764751534
WN18RR,num_neg_dep_global_rf,0.2,1211,0.3576706023461661,0.36377993804450537,0.01708089973921445
WN18RR,num_neg_dep_global_rf,0.22,1332,0.3719186637062837,0.3774598117903085,0.014898816931652625
WN18RR,num_neg_dep_global_rf,0.24,1453,0.3634023020439141,0.36866098169517986,0.014470683376767157
WN18RR,num_neg_dep_global_rf,0.26,1574,0.37316528577429536,0.3797179123227866,0.017559582303844135
WN18RR,num_neg_dep_global_rf,0.28,1695,0.41494143631088004,0.42141039714513767,0.015590057459123008
WN18RR,num_neg_dep_global_rf,0.3,1816,0.4507625939244398,0.45680052818328715,0.013394931922544373
WN18RR,num_neg_dep_global_rf,0.32,1938,0.48230674489363046,0.48796458215579075,0.011730786106688429
WN18RR,num_neg_dep_global_rf,0.34,2059,0.5111281031171744,0.516453449700014,0.010418809982003063
WN18RR,num_neg_dep_global_rf,0.36,2180,0.53699805568255,0.5420278211018467,0.009366449963964296
WN18RR,num_neg_dep_global_rf,0.38,2301,0.5592723510033888,0.5640376220221053,0.008520483821821578
WN18RR,num_neg_dep_global_rf,0.4,2422,0.5798714102976239,0.5843986145148273,0.007807255430785531
WN18RR,num_neg_dep_global_rf,0.42,2543,0.5961911124632051,0.6005029050758935,0.007232232286848328
WN18RR,num_neg_dep_global_rf,0.44,2664,0.6118198472561651,0.6159357964356196,0.0067273874783784215
WN18RR,num_neg_dep_global_rf,0.46,2785,0.6267480115713946,0.6306851349516699,0.0062818282748182686
WN18RR,num_neg_dep_global_rf,0.48,2906,0.6408231816694087,0.6445963711443111,0.005888035237852751
WN18RR,num_neg_dep_global_rf,0.5,3028,0.6535299987388615,0.6571511640671529,0.005540932069345361
WN18RR,num_neg_dep_global_rf,0.52,3149,0.6648371487357241,0.6683191711600069,0.005237406530162136
WN18RR,num_neg_dep_global_rf,0.54,3270,0.675746211961955,0.6790993889081528,0.0049621838596212164
WN18RR,num_neg_dep_global_rf,0.56,3391,0.6859311343254423,0.6891646608999238,0.004714068822173179
WN18RR,num_neg_dep_global_rf,0.58,3512,0.6958613017337418,0.6989834226375194,0.004486700001852251
WN18RR,num_neg_dep_global_rf,0.6,3633,0.7048234004939559,0.7078415366387582,0.004282116829105176
WN18RR,num_neg_dep_global_rf,0.62,3754,0.7103752020317919,0.7132960567505098,0.004111707039271328
WN18RR,num_neg_dep_global_rf,0.64,3875,0.6914427628539458,0.6941461545016435,0.0039097837057970874
WN18RR,num_neg_dep_global_rf,0.66,3996,0.6788347113565768,0.6814734913658603,0.003887220210071707
WN18RR,num_neg_dep_global_rf,0.68,4117,0.6624270402458938,0.665006914880228,0.0038945792934064194
WN18RR,num_neg_dep_global_rf,0.7,4238,0.6456145527637625,0.6481343971932976,0.0039030167748668187
WN18RR,num_neg_dep_global_rf,0.72,4360,0.6293259091144056,0.6317866568169221,0.003910132519379994
WN18RR,num_neg_dep_global_rf,0.74,4481,0.6129710105265709,0.6153694548899924,0.003912818587229916
WN18RR,num_neg_dep_global_rf,0.76,4602,0.6019203957802978,0.6042886468630398,0.003934492167642967
WN18RR,num_neg_dep_global_rf,0.78,4723,0.589936074699334,0.5922659482197487,0.00394936607598062
WN18RR,num_neg_dep_global_rf,0.8,4844,0.5767151043217239,0.5789966098936744,0.003956035752928244
WN18RR,num_neg_dep_global_rf,0.82,4965,0.5642884216100461,0.5665248293193049,0.003963235153537026
WN18RR,num_neg_dep_global_rf,0.84,5086,0.5583874664779414,0.560661057087259,0.004071707811886371
WN18RR,num_neg_dep_global_rf,0.86,5207,0.5585045141395316,0.5607309634600809,0.003986448209786664
WN18RR,num_neg_dep_global_rf,0.88,5328,0.5509626443188096,0.5531829004718615,0.0040297762034247064
WN18RR,num_neg_dep_global_rf,0.9,5450,0.5428728752955059,0.5450709628240985,0.0040489912622658775
WN18RR,num_neg_dep_global_rf,0.92,5571,0.533650436463655,0.5358174467995396,0.004060729998170309
WN18RR,num_neg_dep_global_rf,0.94,5692,0.5281314585958737,0.5302901968113369,0.004087501663321724
WN18RR,num_neg_dep_global_rf,0.96,5813,0.5245775719544895,0.5267396410630313,0.004121543169461672
WN18RR,num_neg_dep_global_rf,0.98,5934,0.5179371248121661,0.5200813505051398,0.0041399343477286354
WN18RR,num_neg_dep_global_rf,1.0,6055,0.5112021246888967,0.5133269561687425,0.004156538827257084
YAGO3-10,num_neg_dep_global_rf,0.02,200,0.5681142337747602,0.6291975928863335,0.10751950132583876
YAGO3-10,num_neg_dep_global_rf,0.04,399,0.6035168701608602,0.6474662481132029,0.07282212001899535
YAGO3-10,num_neg_dep_global_rf,0.06,598,0.6191999706864362,0.6656529899073252,0.07502102942510147
YAGO3-10,num_neg_dep_global_rf,0.08,798,0.6413477491451928,0.6883229317001953,0.0732444802645873
YAGO3-10,num_neg_dep_global_rf,0.1,998,0.6433726516312084,0.686256911616156,0.0666553977328983
YAGO3-10,num_neg_dep_global_rf,0.12,1197,0.6386158296861033,0.6796523313824105,0.06425851002860017
YAGO3-10,num_neg_dep_global_rf,0.14,1397,0.6459771047632551,0.6856449621049047,0.061407528299609826
YAGO3-10,num_neg_dep_global_rf,0.16,1596,0.6443852427281335,0.6818248744807942,0.058101317767850436
YAGO3-10,num_neg_dep_global_rf,0.18,1796,0.6461826068799458,0.6833185858233646,0.05746979034723276
YAGO3-10,num_neg_dep_global_rf,0.2,1995,0.647175813664124,0.6848643675390639,0.05823541776315477
YAGO3-10,num_neg_dep_global_rf,0.22,2194,0.6437140696001309,0.6801860600624795,0.05665868152455422
YAGO3-10,num_neg_dep_global_rf,0.24,2394,0.6372134105357663,0.6741109560750944,0.05790453391165262
YAGO3-10,num_neg_dep_global_rf,0.26,2594,0.6311439159577208,0.6700696126399959,0.06167483468997359
YAGO3-10,num_neg_dep_global_rf,0.28,2793,0.6270638685131102,0.6636946912924995,0.05841641436979628
YAGO3-10,num_neg_dep_global_rf,0.3,2992,0.631336223253743,0.6661964396111616,0.055216563018922304
YAGO3-10,num_neg_dep_global_rf,0.32,3192,0.6261673932894839,0.6601618895546959,0.05428978996594913
YAGO3-10,num_neg_dep_global_rf,0.34,3392,0.6196921083206548,0.6528889704836282,0.05356992886828227
YAGO3-10,num_neg_dep_global_rf,0.36,3591,0.6258644763948389,0.6570836933401325,0.04988175255628091
YAGO3-10,num_neg_dep_global_rf,0.38,3790,0.6260930850192447,0.6579251591119096,0.05084239844573046
YAGO3-10,num_neg_dep_global_rf,0.4,3990,0.6266552308559922,0.6582613302041677,0.05043618530879024
YAGO3-10,num_neg_dep_global_rf,0.42,4190,0.6334258330575019,0.6636882249378444,0.04777574626893277
YAGO3-10,num_neg_dep_global_rf,0.44,4389,0.628004537369537,0.6579345052690865,0.04765884021302513
YAGO3-10,num_neg_dep_global_rf,0.46,4588,0.6311702352050567,0.6603502767707174,0.046231650255466716
YAGO3-10,num_neg_dep_global_rf,0.48,4788,0.6348533792675749,0.6643659860862154,0.04648728002785307
YAGO3-10,num_neg_dep_global_rf,0.5,4988,0.6391668861490691,0.6679413785574386,0.04501874710959064
YAGO3-10,num_neg_dep_global_rf,0.52,5187,0.6378635290339493,0.6671261500969722,0.0458759902879875
YAGO3-10,num_neg_dep_global_rf,0.54,5386,0.6413438321831184,0.6700022316012005,0.044684922470571875
YAGO3-10,num_neg_dep_global_rf,0.56,5586,0.6422337078908368,0.669917662963132,0.04310573352372349
YAGO3-10,num_neg_dep_global_rf,0.58,5786,0.6434128083115722,0.6710435515735569,0.04294403671336999
YAGO3-10,num_neg_dep_global_rf,0.6,5985,0.6471273436017807,0.673645858371736,0.0409788197518568
YAGO3-10,num_neg_dep_global_rf,0.62,6184,0.6473639908275659,0.6733985628953726,0.040216280850785546
YAGO3-10,num_neg_dep_global_rf,0.64,6384,0.6495828103674732,0.6748721296067408,0.03893163248110154
YAGO3-10,num_neg_dep_global_rf,0.66,6584,0.6498472550133767,0.67518955819663,0.03899732281354584
YAGO3-10,num_neg_dep_global_rf,0.68,6783,0.6463233423170058,0.6709563331986724,0.038112488392202826
YAGO3-10,num_neg_dep_global_rf,0.7,6982,0.6450140077507373,0.6691171854665225,0.03736845622909302
YAGO3-10,num_neg_dep_global_rf,0.72,7182,0.6417623909773024,0.665555872935636,0.03707522019496956
YAGO3-10,num_neg_dep_global_rf,0.74,7382,0.634350472492123,0.6575738899699188,0.0366097583037337
YAGO3-10,num_neg_dep_global_rf,0.76,7581,0.6256861980009397,0.6484375109653577,0.03636217809679709
YAGO3-10,num_neg_dep_global_rf,0.78,7780,0.6162615463339157,0.6387156544356339,0.036436003893631996
YAGO3-10,num_neg_dep_global_rf,0.8,7980,0.6233928395130629,0.6454011751175944,0.035304119985918314
YAGO3-10,num_neg_dep_global_rf,0.82,8179,0.6178141533995845,0.6392544361032786,0.03470345019730736
YAGO3-10,num_neg_dep_global_rf,0.84,8379,0.6094983626511131,0.6306687432595359,0.03473410579207914
YAGO3-10,num_neg_dep_global_rf,0.86,8578,0.5995729107427236,0.620252162213693,0.03448996961078987
YAGO3-10,num_neg_dep_global_rf,0.88,8778,0.5881742491096859,0.6083756569576535,0.034345957645283365
YAGO3-10,num_neg_dep_global_rf,0.9,8978,0.5821259022682145,0.6023696428719302,0.03477553657179189
YAGO3-10,num_neg_dep_global_rf,0.92,9177,0.5798069257337913,0.5997619106587335,0.034416603250621014
YAGO3-10,num_neg_dep_global_rf,0.94,9376,0.5799452253782372,0.5993913725685689,0.03353100661816644
YAGO3-10,num_neg_dep_global_rf,0.96,9576,0.5772185677596938,0.5964624589447399,0.033339002346608027
YAGO3-10,num_neg_dep_global_rf,0.98,9776,0.5727953284200366,0.591727844631581,0.03305284675377296
YAGO3-10,num_neg_dep_global_rf,1.0,9975,0.5616723217905851,0.5802260659200454,0.03303303974515215
codex-l,num_neg_dep_global_rf,0.02,1223,0.37494964791772256,0.39104751041862534,0.04293339809839014
codex-l,num_neg_dep_global_rf,0.04,2445,0.27046698264797214,0.2808700815304223,0.03846347077414025
codex-l,num_neg_dep_global_rf,0.06,3668,0.280427185542028,0.29136706481433144,0.039011479044580355
codex-l,num_neg_dep_global_rf,0.08,4890,0.30310654692121186,0.31367881517355173,0.03487970932903672
codex-l,num_neg_dep_global_rf,0.1,6113,0.2991932024930003,0.30894151479538856,0.032581997923620376
codex-l,num_neg_dep_global_rf,0.12,7335,0.2927096371670554,0.3025942353488561,0.03376929532442885
codex-l,num_neg_dep_global_rf,0.14,8558,0.3052361036720668,0.31405623045799663,0.028896079722619428
codex-l,num_neg_dep_global_rf,0.16,9781,0.31379061995275975,0.3225231478094238,0.027829155179905474
codex-l,num_neg_dep_global_rf,0.18,11003,0.3091273772300608,0.31769929566297445,0.027729405624705272
codex-l,num_neg_dep_global_rf,0.2,12226,0.3014589181397086,0.30983320496952194,0.02777919751550484
codex-l,num_neg_dep_global_rf,0.22,13448,0.2842815814147411,0.2923171534474917,0.02826624219817986
codex-l,num_neg_dep_global_rf,0.24,14671,0.28146652014750645,0.2893457839294294,0.027993609249845175
codex-l,num_neg_dep_global_rf,0.26,15894,0.27548978878025304,0.28314846131548765,0.027800204752211677
codex-l,num_neg_dep_global_rf,0.28,17116,0.2766789641810235,0.28430604342522975,0.0275665310038391
codex-l,num_neg_dep_global_rf,0.3,18339,0.28491968097173914,0.29261617241063254,0.027012845910271865
codex-l,num_neg_dep_global_rf,0.32,19561,0.28967493141479855,0.297531549213923,0.027122187483576976
codex-l,num_neg_dep_global_rf,0.34,20784,0.2884470969916055,0.2962422391888579,0.027024512565918757
codex-l,num_neg_dep_global_rf,0.36,22006,0.2843029341627132,0.2916581767986421,0.02587114571149418
codex-l,num_neg_dep_global_rf,0.38,23229,0.286700955985061,0.293892245087971,0.025082891956888842
codex-l,num_neg_dep_global_rf,0.4,24452,0.29461722274375113,0.3015583094807852,0.0235596774431317
codex-l,num_neg_dep_global_rf,0.42,25674,0.3023364209538544,0.3090519219792726,0.022212014696182614
codex-l,num_neg_dep_global_rf,0.44,26897,0.2981782860633766,0.3048958119966719,0.022528555053359822
codex-l,num_neg_dep_global_rf,0.46,28119,0.3013964201723874,0.3079204827144244,0.02164611821967055
codex-l,num_neg_dep_global_rf,0.48,29342,0.3055444249169148,0.31254188528376864,0.02290161363198373
codex-l,num_neg_dep_global_rf,0.5,30564,0.3012858468157489,0.3081415218167343,0.022754719723618644
codex-l,num_neg_dep_global_rf,0.52,31787,0.2982929166422282,0.30502842304671374,0.022580175487586507
codex-l,num_neg_dep_global_rf,0.54,33010,0.2906120269750656,0.2970979870501756,0.022318278230331057
codex-l,num_neg_dep_global_rf,0.56,34232,0.2830789308028359,0.28930386517499873,0.021990101327952427
codex-l,num_neg_dep_global_rf,0.58,35455,0.29934301408933156,0.3054194872221444,0.020299365098927824
codex-l,num_neg_dep_global_rf,0.6,36677,0.2973359998917678,0.30340053255910776,0.020396227397784017
codex-l,num_neg_dep_global_rf,0.62,37900,0.3060149927312043,0.3120233640096643,0.019634238260141768
codex-l,num_neg_dep_global_rf,0.64,39123,0.32287411169873126,0.3288089367160516,0.018381235293519094
codex-l,num_neg_dep_global_rf,0.66,40345,0.3289998945588155,0.33476044515940206,0.017509277953755564
codex-l,num_neg_dep_global_rf,0.68,41568,0.33095483373348483,0.33649294583295425,0.016733739879228438
codex-l,num_neg_dep_global_rf,0.7,42790,0.32541874891618155,0.33091356535663846,0.01688537141377866
codex-l,num_neg_dep_global_rf,0.72,44013,0.3250006916607658,0.3305049500022183,0.016936143468881726
codex-l,num_neg_dep_global_rf,0.74,45235,0.3232066035226176,0.328623135478232,0.016758729235664793
codex-l,num_neg_dep_global_rf,0.76,46458,0.3205997822173024,0.3258738318171529,0.01645057137398731
codex-l,num_neg_dep_global_rf,0.78,47681,0.3190423640768075,0.3242492219506011,0.01632027109898182
codex-l,num_neg_dep_global_rf,0.8,48903,0.31681800989916215,0.32195425803270483,0.01621198281997116
codex-l,num_neg_dep_global_rf,0.82,50126,0.3103861184350265,0.31541066972214943,0.016188067019416996
codex-l,num_neg_dep_global_rf,0.84,51348,0.31053337598040714,0.31552208226072886,0.016064960053235877
codex-l,num_neg_dep_global_rf,0.86,52571,0.3074463222217856,0.3122864494269092,0.015742999201115992
codex-l,num_neg_dep_global_rf,0.88,53794,0.31211322787212625,0.31666079191593427,0.014570238098563282
codex-l,num_neg_dep_global_rf,0.9,55016,0.31317865388310134,0.3177324994153533,0.014540727714960289
codex-l,num_neg_dep_global_rf,0.92,56239,0.30754043936992176,0.3122987262920961,0.015472069077884454
codex-l,num_neg_dep_global_rf,0.94,57461,0.30260624595873087,0.30763149549216706,0.016606562490192323
codex-l,num_neg_dep_global_rf,0.96,58684,0.31376623950097865,0.31876499996161634,0.01593147965373154
codex-l,num_neg_dep_global_rf,0.98,59906,0.32480742339709473,0.3297575097664613,0.015240065382726264
codex-l,num_neg_dep_global_rf,1.0,61129,0.32990176871301513,0.334842792661744,0.014977258133547888
codex-m,num_neg_dep_global_rf,0.02,412,0.12356863227700475,0.12435666496101275,0.0063772874190390905
codex-m,num_neg_dep_global_rf,0.04,824,0.231117563352059,0.2313731511805654,0.0011058779990555934
codex-m,num_neg_dep_global_rf,0.06,1236,0.26641371745790876,0.2662844109305215,-0.0004853598704340767
codex-m,num_neg_dep_global_rf,0.08,1648,0.3141669533053153,0.31425917537426434,0.00029354477922893807
codex-m,num_neg_dep_global_rf,0.1,2059,0.32801580967395566,0.3287885313498629,0.0023557452205591467
codex-m,num_neg_dep_global_rf,0.12,2471,0.3283942191598757,0.3294427733207124,0.003192973870000504
codex-m,num_neg_dep_global_rf,0.14,2883,0.3523864618325723,0.3532539543978454,0.0024617647362550343
codex-m,num_neg_dep_global_rf,0.16,3295,0.35163579985019155,0.3522596238629847,0.0017740628600924069
codex-m,num_neg_dep_global_rf,0.18,3707,0.3820352796188379,0.3823718723061482,0.0008810513197790026
codex-m,num_neg_dep_global_rf,0.2,4119,0.3573993413133995,0.3579124690428336,0.0014357265672297892
codex-m,num_neg_dep_global_rf,0.22,4531,0.3656564505414064,0.366231972965351,0.0015739430361270124
codex-m,num_neg_dep_global_rf,0.24,4943,0.37366413890771444,0.37440561180188847,0.0019843298218060745
codex-m,num_neg_dep_global_rf,0.26,5354,0.3685836590982887,0.3697294577456223,0.0031086528636041777
codex-m,num_neg_dep_global_rf,0.28,5766,0.36218161585315917,0.364027772790009,0.005097323707336621
codex-m,num_neg_dep_global_rf,0.3,6178,0.3631362563253189,0.36557592017505264,0.006718315252851381
codex-m,num_neg_dep_global_rf,0.32,6590,0.34969217499221655,0.3521973576797718,0.007163965529428884
codex-m,num_neg_dep_global_rf,0.34,7002,0.3437218196762167,0.34610555885358685,0.006935082502518064
codex-m,num_neg_dep_global_rf,0.36,7414,0.3475027341540859,0.34946489237292977,0.005646454044801352
codex-m,num_neg_dep_global_rf,0.38,7826,0.3476721383545114,0.34969011729528476,0.005804258432453802
codex-m,num_neg_dep_global_rf,0.4,8238,0.3640518678505242,0.36666509929638064,0.0071781844199447775
codex-m,num_neg_dep_global_rf,0.42,8649,0.37452178950207493,0.37711197313388684,0.006915975797444407
codex-m,num_neg_dep_global_rf,0.44,9061,0.36778183119252283,0.3705870282508943,0.007627339962052115
codex-m,num_neg_dep_global_rf,0.46,9473,0.3635898739152303,0.36653794735988293,0.008108238584609184
codex-m,num_neg_dep_global_rf,0.48,9885,0.35724760705501724,0.36106343889849346,0.010681196369465296
codex-m,num_neg_dep_global_rf,0.5,10297,0.34853694638511284,0.3532240897350574,0.013448053064553989
codex-m,num_neg_dep_global_rf,0.52,10709,0.3565939022954844,0.3613906950205782,0.013451695876501635
codex-m,num_neg_dep_global_rf,0.54,11121,0.3741134577331869,0.37888883463891865,0.012764515167849266
codex-m,num_neg_dep_global_rf,0.56,11533,0.37267977499989785,0.37730359428518934,0.012406949868134731
codex-m,num_neg_dep_global_rf,0.58,11945,0.36118040297151555,0.36564755331036336,0.012368196895777173
codex-m,num_neg_dep_global_rf,0.6,12356,0.35104650573073853,0.35552678996596987,0.012762651563516192
codex-m,num_neg_dep_global_rf,0.62,12768,0.34071649562474776,0.3451234520299777,0.012934379350049374
codex-m,num_neg_dep_global_rf,0.64,13180,0.33078053001250995,0.33505063311941463,0.012909173060286161
codex-m,num_neg_dep_global_rf,0.66,13592,0.32177715812003965,0.32591609651699616,0.01286274768892226
codex-m,num_neg_dep_global_rf,0.68,14004,0.3129570616701687,0.3170169134667734,0.01297255212883952
codex-m,num_neg_dep_global_rf,0.7,14416,0.3055329064161013,0.3094611686127426,0.012857083849722617
codex-m,num_neg_dep_global_rf,0.72,14828,0.29874474611234264,0.3025789851876909,0.012834498766068236
codex-m,num_neg_dep_global_rf,0.74,15240,0.30238092016302115,0.30603394783164795,0.012080880191307486
codex-m,num_neg_dep_global_rf,0.76,15651,0.30814224618926517,0.31164388838874585,0.01136371997927843
codex-m,num_neg_dep_global_rf,0.78,16063,0.31449570086926004,0.31783570023263735,0.010620174947211014
codex-m,num_neg_dep_global_rf,0.8,16475,0.32139518043712695,0.3246464076430592,0.010115979964323785
codex-m,num_neg_dep_global_rf,0.82,16887,0.32692249095855913,0.3301591721960041,0.009900454471501119
codex-m,num_neg_dep_global_rf,0.84,17299,0.3328607312153594,0.3360116553203615,0.009466193544360735
codex-m,num_neg_dep_global_rf,0.86,17711,0.33915052741595836,0.34223353778819426,0.009090389437769186
codex-m,num_neg_dep_global_rf,0.88,18123,0.3433098085458104,0.34636050267690094,0.008886125753332363
codex-m,num_neg_dep_global_rf,0.9,18535,0.3472818026326169,0.35017735313450254,0.008337754756902127
codex-m,num_neg_dep_global_rf,0.92,18946,0.34385487899011535,0.3466942165238227,0.008257371662273139
codex-m,num_neg_dep_global_rf,0.94,19358,0.3476687504096231,0.35043311113847625,0.007951133731737947
codex-m,num_neg_dep_global_rf,0.96,19770,0.3517239383961486,0.3544200646136008,0.00766546124141132
codex-m,num_neg_dep_global_rf,0.98,20182,0.347399132222903,0.3500402190982884,0.007602456743302399
codex-m,num_neg_dep_global_rf,1.0,20594,0.34234153499948855,0.3449297847479118,0.0075604315685127155
hetionet,num_neg_dep_global_rf,0.02,9001,0.5445513239890951,0.6293962299734065,0.15580699604728254
hetionet,num_neg_dep_global_rf,0.04,18002,0.5877142913667687,0.6587030047615319,0.12078779508606852
hetionet,num_neg_dep_global_rf,0.06,27002,0.5944205435029174,0.6621723112062179,0.11397951911964488
hetionet,num_neg_dep_global_rf,0.08,36003,0.5899686647073269,0.6536422504311596,0.10792706381349948
hetionet,num_neg_dep_global_rf,0.1,45004,0.5848372223272318,0.6451094240031828,0.10305808073588585
hetionet,num_neg_dep_global_rf,0.12,54005,0.582399424075495,0.6387507757370917,0.09675722422124511
hetionet,num_neg_dep_global_rf,0.14,63006,0.5899270914931117,0.6448525976583744,0.09310558365144006
hetionet,num_neg_dep_global_rf,0.16,72006,0.5935326930048559,0.6472310711542913,0.09047248581637302
hetionet,num_neg_dep_global_rf,0.18,81007,0.5961804480236927,0.6479713955727823,0.08687126141216783
hetionet,num_neg_dep_global_rf,0.2,90008,0.5906478396469539,0.6409119867600878,0.0851000270197857
hetionet,num_neg_dep_global_rf,0.22,99009,0.5813576510899605,0.630054508891273,0.0837640266882409
hetionet,num_neg_dep_global_rf,0.24,108010,0.583724757823834,0.6313857811292736,0.08164982325423908
hetionet,num_neg_dep_global_rf,0.26,117010,0.5772953831747382,0.6240667935630538,0.08101816115539373
hetionet,num_neg_dep_global_rf,0.28,126011,0.5825120968583087,0.6277597343481659,0.07767673449855117
hetionet,num_neg_dep_global_rf,0.3,135012,0.5805247948267688,0.6252440963928702,0.07703254359608502
hetionet,num_neg_dep_global_rf,0.32,144013,0.5740991472271048,0.6176655254205119,0.07588650567385868
hetionet,num_neg_dep_global_rf,0.34,153014,0.5757749658106792,0.6183005275161032,0.07385795533077566
hetionet,num_neg_dep_global_rf,0.36,162014,0.5669785003750584,0.6087573452250439,0.0736868237902295
hetionet,num_neg_dep_global_rf,0.38,171015,0.5669345080195174,0.6077198158149407,0.07194006929989039
hetionet,num_neg_dep_global_rf,0.4,180016,0.5570384683367783,0.5972465360677711,0.07218185101479113
hetionet,num_neg_dep_global_rf,0.42,189017,0.5541317595210273,0.5942342545281598,0.07236996313258737
hetionet,num_neg_dep_global_rf,0.44,198018,0.5408466732577835,0.5816165111281248,0.07538150808021937
hetionet,num_neg_dep_global_rf,0.46,207018,0.5183768165079576,0.557363874131711,0.07520987895714426
hetionet,num_neg_dep_global_rf,0.48,216019,0.49771516297745616,0.5350960062455844,0.07510489140918808
hetionet,num_neg_dep_global_rf,0.5,225020,0.47899812864771063,0.5148953809445656,0.07494236438501067
hetionet,num_neg_dep_global_rf,0.52,234021,0.4626273082297502,0.4971596525172345,0.07464398160934937
hetionet,num_neg_dep_global_rf,0.54,243022,0.4474893069549088,0.4807378897167546,0.074300284375725
hetionet,num_neg_dep_global_rf,0.56,252022,0.4386915716474568,0.4708597920166557,0.07332764622852173
hetionet,num_neg_dep_global_rf,0.58,261023,0.4468791935952239,0.4783104779658063,0.07033508120553122
hetionet,num_neg_dep_global_rf,0.6,270024,0.4544337114217392,0.4848630391802502,0.06696098241327642
hetionet,num_neg_dep_global_rf,0.62,279025,0.4618975959019655,0.49181776656611775,0.06477663215745033
hetionet,num_neg_dep_global_rf,0.64,288026,0.4679445446295492,0.4967912655968616,0.06164559732211239
hetionet,num_neg_dep_global_rf,0.66,297026,0.47396993425276085,0.5019683587387007,0.05907215302607938
hetionet,num_neg_dep_global_rf,0.68,306027,0.4743578055087895,0.5013223517332158,0.05684431859512573
hetionet,num_neg_dep_global_rf,0.7,315028,0.46234480690999424,0.48807907351276053,0.05566033449095498
hetionet,num_neg_dep_global_rf,0.72,324029,0.4508821293212666,0.47565923611066496,0.05495251458889383
hetionet,num_neg_dep_global_rf,0.74,333030,0.44000430304765914,0.4638364837140405,0.05416351726860258
hetionet,num_neg_dep_global_rf,0.76,342030,0.4296688504637539,0.4525446073291957,0.053240435839720046
hetionet,num_neg_dep_global_rf,0.78,351031,0.419717459246942,0.4415946328363057,0.05212357291168157
hetionet,num_neg_dep_global_rf,0.8,360032,0.4114917837557936,0.4327844332704196,0.05174501741026849
hetionet,num_neg_dep_global_rf,0.82,369033,0.4044691983945408,0.4252862442660942,0.051467567750974386
hetionet,num_neg_dep_global_rf,0.84,378034,0.4041012446686649,0.4244863630009001,0.05044557175009334
hetionet,num_neg_dep_global_rf,0.86,387034,0.4014028618766499,0.42128981357688355,0.0495436221038823
hetionet,num_neg_dep_global_rf,0.88,396035,0.3930339124782446,0.41247316883673707,0.049459488714141076
hetionet,num_neg_dep_global_rf,0.9,405036,0.3869120134415664,0.40598067954538214,0.04928424406934462
hetionet,num_neg_dep_global_rf,0.92,414037,0.38391003522670075,0.402532914376752,0.048508445836937586
hetionet,num_neg_dep_global_rf,0.94,423038,0.38105510118996366,0.3991605208793859,0.04751391500305968
hetionet,num_neg_dep_global_rf,0.96,432038,0.37864526409592314,0.39632978548920034,0.046704720935839106
hetionet,num_neg_dep_global_rf,0.98,441039,0.3744706150650873,0.3918591361437038,0.04643494143217142
hetionet,num_neg_dep_global_rf,1.0,450040,0.3731884548334996,0.39032189792982713,0.045910967701216165
FB15k-237,effective_candidates_global_rf,0.02,816,0.30008198773511613,0.31365159404021903,0.0452196628245507
FB15k-237,effective_candidates_global_rf,0.04,1633,0.23562652807852855,0.24528073175270823,0.040972481973515995
FB15k-237,effective_candidates_global_rf,0.06,2449,0.227525299859089,0.2358747869138968,0.0366969609972112
FB15k-237,effective_candidates_global_rf,0.08,3266,0.23769554927574696,0.24484376715775363,0.03007299843765332
FB15k-237,effective_candidates_global_rf,0.1,4082,0.23741452139984578,0.24349433647570323,0.02560843810230984
FB15k-237,effective_candidates_global_rf,0.12,4898,0.2253765028901164,0.23046462930562855,0.02257611752008093
FB15k-237,effective_candidates_global_rf,0.14,5715,0.22742712063388862,0.2318779139061296,0.01957019576133079
FB15k-237,effective_candidates_global_rf,0.16,6531,0.22845230427300123,0.2322642135345124,0.01668579913711854
FB15k-237,effective_candidates_global_rf,0.18,7347,0.22913241006816953,0.23303245263128647,0.017020911890887058
FB15k-237,effective_candidates_global_rf,0.2,8164,0.23789233296570522,0.24161072409008816,0.015630563112426943
FB15k-237,effective_candidates_global_rf,0.22,8980,0.24209383034316334,0.24662675562133554,0.018723836422212203
FB15k-237,effective_candidates_global_rf,0.24,9797,0.24237965865110225,0.24659490023658331,0.01739106989810879
FB15k-237,effective_candidates_global_rf,0.26,10613,0.23894072872961497,0.24313355481346446,0.01754755711235023
FB15k-237,effective_candidates_global_rf,0.28,11429,0.2413725960875341,0.2452662696224519,0.016131381929975763
FB15k-237,effective_candidates_global_rf,0.3,12246,0.24728695041157758,0.2515574523552199,0.01726941893429723
FB15k-237,effective_candidates_global_rf,0.32,13062,0.24904771001282588,0.25301465792804023,0.015928465734577735
FB15k-237,effective_candidates_global_rf,0.34,13878,0.25011602037398983,0.25411228318822304,0.01597763633156224
FB15k-237,effective_candidates_global_rf,0.36,14695,0.2535595299863074,0.25766554313518203,0.016193487774237347
FB15k-237,effective_candidates_global_rf,0.38,15511,0.261111628437468,0.2650213236421266,0.01497327111800728
FB15k-237,effective_candidates_global_rf,0.4,16328,0.2664770789819763,0.27050864083325354,0.01512911304296427
FB15k-237,effective_candidates_global_rf,0.42,17144,0.27264956759918574,0.2771361135123592,0.016455356788861675
FB15k-237,effective_candidates_global_rf,0.44,17960,0.2774009967323109,0.28205275793672197,0.01676908612156125
FB15k-237,effective_candidates_global_rf,0.46,18777,0.2784293159875584,0.2833725542058556,0.017754014877219726
FB15k-237,effective_candidates_global_rf,0.48,19593,0.2796964185351548,0.28447483071585405,0.01708428089900149
FB15k-237,effective_candidates_global_rf,0.5,20410,0.2796691972109943,0.2844918377936357,0.017244089198006796
FB15k-237,effective_candidates_global_rf,0.52,21226,0.2766679781267759,0.2813297842721608,0.016849821858490488
FB15k-237,effective_candidates_global_rf,0.54,22042,0.27564960820914397,0.2802621580667742,0.016733380785836305
FB15k-237,effective_candidates_global_rf,0.56,22859,0.27527708197322076,0.2797056664701043,0.016087734093731765
FB15k-237,effective_candidates_global_rf,0.58,23675,0.2756419978865375,0.28010100984825825,0.016176823546157237
FB15k-237,effective_candidates_global_rf,0.6,24491,0.2787178577873758,0.2829880843936855,0.015320965223431404
FB15k-237,effective_candidates_global_rf,0.62,25308,0.2831807206004291,0.2874459201456001,0.015061758216193155
FB15k-237,effective_candidates_global_rf,0.64,26124,0.29003588145824016,0.29415290533401856,0.01419487773401995
FB15k-237,effective_candidates_global_rf,0.66,26941,0.29678042632880325,0.30084292305001903,0.013688560163718222
FB15k-237,effective_candidates_global_rf,0.68,27757,0.30074392556908214,0.30469567451302704,0.013139912756233496
FB15k-237,effective_candidates_global_rf,0.7,28573,0.3030676116210918,0.30697808160483564,0.012902962354924608
FB15k-237,effective_candidates_global_rf,0.72,29390,0.30782077943825153,0.31174064320193295,0.012734240264204555
FB15k-237,effective_candidates_global_rf,0.74,30206,0.3100377578680489,0.3139686827919653,0.01267885870078267
FB15k-237,effective_candidates_global_rf,0.76,31022,0.3117446015482251,0.3155536211992446,0.012218398112117113
FB15k-237,effective_candidates_global_rf,0.78,31839,0.3120590245037058,0.31573959288219106,0.011794462231428104
FB15k-237,effective_candidates_global_rf,0.8,32655,0.31008413658323875,0.3137988758598435,0.011979778512815287
FB15k-237,effective_candidates_global_rf,0.82,33472,0.3094029640983053,0.31340249045175284,0.012926593528615138
FB15k-237,effective_candidates_global_rf,0.84,34288,0.3088134199364041,0.31301169865055095,0.013594871346625625
FB15k-237,effective_candidates_global_rf,0.86,35104,0.31310054923441705,0.3171902424250615,0.013061916373651838
FB15k-237,effective_candidates_global_rf,0.88,35921,0.3159825626722818,0.3199155986330444,0.012447003174797633
FB15k-237,effective_candidates_global_rf,0.9,36737,0.31635820491846917,0.3201779583242159,0.01207414047228883
FB15k-237,effective_candidates_global_rf,0.92,37553,0.3191194724169537,0.32287072000898664,0.011754994339961966
FB15k-237,effective_candidates_global_rf,0.94,38370,0.3319011210577974,0.3355732290656937,0.01106386141810245
FB15k-237,effective_candidates_global_rf,0.96,39186,0.34464388645374155,0.34823891974979554,0.010431153539514515
FB15k-237,effective_candidates_global_rf,0.98,40003,0.35269268801701886,0.3561795147565981,0.009886302886469078
FB15k-237,effective_candidates_global_rf,1.0,40819,0.3528119855172369,0.35605305507138224,0.009186393000208737
KG20C,effective_candidates_global_rf,0.02,149,0.08860671147735685,0.1002949650891824,0.13191160598271878
KG20C,effective_candidates_global_rf,0.04,298,0.09310010750904432,0.10090801627384584,0.08386573306634482
KG20C,effective_candidates_global_rf,0.06,447,0.10530835211521647,0.11135659659671339,0.057433663712443295
KG20C,effective_candidates_global_rf,0.08,596,0.10362314803756352,0.10888183486305968,0.05074818633757272
KG20C,effective_candidates_global_rf,0.1,745,0.10110804433990864,0.1051321002208225,0.03979956201492385
KG20C,effective_candidates_global_rf,0.12,894,0.10410960945324928,0.1095801005891232,0.05254549666071373
KG20C,effective_candidates_global_rf,0.14,1043,0.12047188760631881,0.12876791663724385,0.06886277948956043
KG20C,effective_candidates_global_rf,0.16,1192,0.1296519289872216,0.13778179425516335,0.0627053167002476
KG20C,effective_candidates_global_rf,0.18,1341,0.13144994664115647,0.140573997843602,0.06941083990968178
KG20C,effective_candidates_global_rf,0.2,1490,0.13077519912835628,0.1395334499446384,0.06697180256392388
KG20C,effective_candidates_global_rf,0.22,1639,0.13367391489614855,0.14173001176386374,0.060266783343436714
KG20C,effective_candidates_global_rf,0.24,1788,0.13644754225675465,0.14378807649535602,0.05379748229388115
KG20C,effective_candidates_global_rf,0.26,1936,0.14092813648024696,0.14827412368117418,0.05212576696461779
KG20C,effective_candidates_global_rf,0.28,2085,0.14216109820135184,0.15019192566903342,0.05649103425120572
KG20C,effective_candidates_global_rf,0.3,2234,0.14687398031615473,0.15518358354359832,0.056576414757445015
KG20C,effective_candidates_global_rf,0.32,2383,0.15354018293330698,0.16270753201236499,0.05970651398168525
KG20C,effective_candidates_global_rf,0.34,2532,0.16043931933985292,0.1695686219549533,0.05690190317849786
KG20C,effective_candidates_global_rf,0.36,2681,0.15735515407621975,0.16592187110920426,0.05444192205382081
KG20C,effective_candidates_global_rf,0.38,2830,0.15956599085891257,0.16886908189137495,0.05830246772752545
KG20C,effective_candidates_global_rf,0.4,2979,0.1618858474274846,0.17145867097371528,0.05913317129540152
KG20C,effective_candidates_global_rf,0.42,3128,0.16510544283042633,0.17525191040719124,0.06145447056633957
KG20C,effective_candidates_global_rf,0.44,3277,0.161721117374454,0.17108426362818502,0.05789686842226871
KG20C,effective_candidates_global_rf,0.46,3426,0.1566993378074412,0.1655896804819533,0.05673503665622981
KG20C,effective_candidates_global_rf,0.48,3575,0.15618493958238777,0.1652688438479676,0.05816120485027976
KG20C,effective_candidates_global_rf,0.5,3724,0.1589181090029137,0.16834954168330854,0.05934775300039541
KG20C,effective_candidates_global_rf,0.52,3873,0.16631974847418432,0.17638480449472554,0.060516301358545466
KG20C,effective_candidates_global_rf,0.54,4022,0.16847380061778242,0.1781633592306054,0.057513741467765334
KG20C,effective_candidates_global_rf,0.56,4171,0.16806315717014939,0.17738058189629252,0.055440019591623146
KG20C,effective_candidates_global_rf,0.58,4320,0.16810293222925862,0.17733099969161606,0.05489533906387911
KG20C,effective_candidates_global_rf,0.6,4469,0.1673055989165688,0.17629952443167118,0.053757468807648534
KG20C,effective_candidates_global_rf,0.62,4618,0.17072831480028156,0.18020821997926176,0.05552626223757806
KG20C,effective_candidates_global_rf,0.64,4767,0.17424762374619712,0.1840443301757792,0.056222898303919466
KG20C,effective_candidates_global_rf,0.66,4916,0.17946489664374363,0.18934321087446843,0.05504315560014095
KG20C,effective_candidates_global_rf,0.68,5065,0.17967785698705055,0.18953122483740037,0.05483907708816882
KG20C,effective_candidates_global_rf,0.7,5214,0.18510884441431769,0.19531095927291886,0.05511414049869168
KG20C,effective_candidates_global_rf,0.72,5363,0.18861434911593003,0.19879684488593333,0.05398579597856967
KG20C,effective_candidates_global_rf,0.74,5512,0.19211801841707174,0.20234261118605973,0.053220373878681615
KG20C,effective_candidates_global_rf,0.76,5660,0.19198900984941952,0.2020030849929298,0.05215962700867349
KG20C,effective_candidates_global_rf,0.78,5809,0.19314552267650123,0.20255927738247817,0.04873918160528112
KG20C,effective_candidates_global_rf,0.8,5958,0.19548303613136614,0.20489560329112255,0.0481503016631637
KG20C,effective_candidates_global_rf,0.82,6107,0.1951331207674803,0.20415201879751552,0.0462192066347471
KG20C,effective_candidates_global_rf,0.84,6256,0.1948296405425442,0.20352263061048007,0.0446184166009258
KG20C,effective_candidates_global_rf,0.86,6405,0.19577525373704427,0.20432383931278578,0.04366530198563057
KG20C,effective_candidates_global_rf,0.88,6554,0.19694519395725457,0.2052703910883247,0.042271644023347266
KG20C,effective_candidates_global_rf,0.9,6703,0.1972960343901591,0.20542728694553494,0.04121346169227125
KG20C,effective_candidates_global_rf,0.92,6852,0.19869622046231944,0.2068598017363782,0.041085740106500346
KG20C,effective_candidates_global_rf,0.94,7001,0.20418289259044856,0.21217720956513836,0.039152726623012724
KG20C,effective_candidates_global_rf,0.96,7150,0.20638593384089668,0.21430894868574887,0.03838931606143303
KG20C,effective_candidates_global_rf,0.98,7299,0.21755827368965944,0.22531955004815965,0.035674471151446285
KG20C,effective_candidates_global_rf,1.0,7448,0.22638074035722044,0.23398674950607826,0.033598304947920044
WN18RR,effective_candidates_global_rf,0.02,121,0.23629324412335198,0.23843732571142778,0.009073816714609606
WN18RR,effective_candidates_global_rf,0.04,242,0.22535893005293084,0.22983672010752748,0.019869592270183922
WN18RR,effective_candidates_global_rf,0.06,363,0.23634729413501923,0.24060905019717463,0.018031753135793416
WN18RR,effective_candidates_global_rf,0.08,484,0.2856443490958707,0.29126411402224844,0.019673993006217527
WN18RR,effective_candidates_global_rf,0.1,606,0.3834615107167055,0.38827933885330623,0.01256404620008933
WN18RR,effective_candidates_global_rf,0.12,727,0.43032136768747586,0.4349731672726376,0.01081005949149172
WN18RR,effective_candidates_global_rf,0.14,848,0.46421264749734487,0.46817093826424505,0.008526891260373981
WN18RR,effective_candidates_global_rf,0.16,969,0.4958391316715812,0.4996078097314454,0.00760060636432458
WN18RR,effective_candidates_global_rf,0.18,1090,0.5208250656125474,0.5249451559847703,0.007910699089294537
WN18RR,effective_candidates_global_rf,0.2,1211,0.5305675095037992,0.5348341702527984,0.008041692475646567
WN18RR,effective_candidates_global_rf,0.22,1332,0.5326004447241731,0.5377663897640725,0.009699475640833954
WN18RR,effective_candidates_global_rf,0.24,1453,0.527010493105079,0.5326448868159415,0.010691236293352224
WN18RR,effective_candidates_global_rf,0.26,1574,0.5322461290416016,0.5376095447266923,0.010076946345759952
WN18RR,effective_candidates_global_rf,0.28,1695,0.5380120324526783,0.5437716835183762,0.010705431697207501
WN18RR,effective_candidates_global_rf,0.3,1816,0.5627945730682733,0.5682475993801747,0.009689194908494292
WN18RR,effective_candidates_global_rf,0.32,1938,0.5844716046042301,0.589663888156821,0.008883722513956638
WN18RR,effective_candidates_global_rf,0.34,2059,0.6054061323304777,0.6102933527883293,0.008072631241838435
WN18RR,effective_candidates_global_rf,0.36,2180,0.6208043724466666,0.6254314945704499,0.007453430306148201
WN18RR,effective_candidates_global_rf,0.38,2301,0.6376993858610394,0.6421065213487682,0.006910992209563149
WN18RR,effective_candidates_global_rf,0.4,2422,0.6514850452829921,0.6557260027045401,0.006509677316853368
WN18RR,effective_candidates_global_rf,0.42,2543,0.6639150052143541,0.6680160587489903,0.006177076135388981
WN18RR,effective_candidates_global_rf,0.44,2664,0.6733635809231693,0.677383825937102,0.0059703927088261555
WN18RR,effective_candidates_global_rf,0.46,2785,0.671679169410961,0.6755506023250806,0.005763812680858793
WN18RR,effective_candidates_global_rf,0.48,2906,0.6804739072504434,0.684260121168905,0.005564083909933126
WN18RR,effective_candidates_global_rf,0.5,3028,0.6901178867450989,0.6938026190093156,0.005339279469476654
WN18RR,effective_candidates_global_rf,0.52,3149,0.6967480062289199,0.7002834007481284,0.005074136542339902
WN18RR,effective_candidates_global_rf,0.54,3270,0.7044804446889863,0.7079442172383971,0.004916776009219026
WN18RR,effective_candidates_global_rf,0.56,3391,0.7115611789540384,0.7150898046208984,0.0049589912592575836
WN18RR,effective_candidates_global_rf,0.58,3512,0.7174195429173238,0.7209456893766057,0.00491504098835005
WN18RR,effective_candidates_global_rf,0.6,3633,0.7125058085452075,0.7160186351570051,0.004930242770890603
WN18RR,effective_candidates_global_rf,0.62,3754,0.71168897674889,0.7152355236991644,0.004983282116403753
WN18RR,effective_candidates_global_rf,0.64,3875,0.701919111096978,0.7053025155105765,0.004820219823208571
WN18RR,effective_candidates_global_rf,0.66,3996,0.6911143684238614,0.6939850672575565,0.0041537247159857404
WN18RR,effective_candidates_global_rf,0.68,4117,0.6759227294871799,0.6786433764711925,0.004025085805409612
WN18RR,effective_candidates_global_rf,0.7,4238,0.6623850681261889,0.6649440868416606,0.0038633399794334444
WN18RR,effective_candidates_global_rf,0.72,4360,0.6502876824744608,0.6528794620961623,0.0039855892884812505
WN18RR,effective_candidates_global_rf,0.74,4481,0.6372314657365089,0.6398616867454459,0.004127575536303718
WN18RR,effective_candidates_global_rf,0.76,4602,0.6249532926974858,0.6275472854183862,0.00415069854213268
WN18RR,effective_candidates_global_rf,0.78,4723,0.612016663012622,0.6145951755381772,0.0042131410489096854
WN18RR,effective_candidates_global_rf,0.8,4844,0.600475935158284,0.6030167559566072,0.004231344920847535
WN18RR,effective_candidates_global_rf,0.82,4965,0.591537439746698,0.5941200690328773,0.0043659608211530365
WN18RR,effective_candidates_global_rf,0.84,5086,0.5794830424655634,0.5820245242568747,0.004385774224725969
WN18RR,effective_candidates_global_rf,0.86,5207,0.5672079236707114,0.5696980726825235,0.0043901872803486786
WN18RR,effective_candidates_global_rf,0.88,5328,0.5566243339269041,0.5590728391408399,0.004398846878759244
WN18RR,effective_candidates_global_rf,0.9,5450,0.5465076836703383,0.5489583259183015,0.004484186263411294
WN18RR,effective_candidates_global_rf,0.92,5571,0.5364590504599461,0.5388682821195181,0.004490988934768403
WN18RR,effective_candidates_global_rf,0.94,5692,0.5279431097283062,0.5303197875606235,0.004501768824183294
WN18RR,effective_candidates_global_rf,0.96,5813,0.5219410158319885,0.5241780072471616,0.00428590845961252
WN18RR,effective_candidates_global_rf,0.98,5934,0.5141737649277248,0.516279956782733,0.00409626472347191
WN18RR,effective_candidates_global_rf,1.0,6055,0.5112021246888967,0.5133269561687425,0.004156538827257084
YAGO3-10,effective_candidates_global_rf,0.02,200,0.35533244531870173,0.40323744754206653,0.13481741635047784
YAGO3-10,effective_candidates_global_rf,0.04,399,0.4152051088599374,0.4794152670800427,0.1546468404408905
YAGO3-10,effective_candidates_global_rf,0.06,598,0.44735975094310126,0.5095442746310378,0.13900339392813565
YAGO3-10,effective_candidates_global_rf,0.08,798,0.4691125352332222,0.5199722605773504,0.10841689685150468
YAGO3-10,effective_candidates_global_rf,0.1,998,0.43914807729012334,0.48244037532194917,0.09858246061094511
YAGO3-10,effective_candidates_global_rf,0.12,1197,0.3689570383294525,0.4050495282482154,0.09782301506479163
YAGO3-10,effective_candidates_global_rf,0.14,1397,0.3804134739661487,0.42069374142577315,0.1058854909624174
YAGO3-10,effective_candidates_global_rf,0.16,1596,0.3918113959630623,0.4308825352446418,0.0997192518751111
YAGO3-10,effective_candidates_global_rf,0.18,1796,0.41113575614526376,0.44927570447609283,0.09276728613541785
YAGO3-10,effective_candidates_global_rf,0.2,1995,0.43005593100517814,0.467060068189294,0.0860449409397177
YAGO3-10,effective_candidates_global_rf,0.22,2194,0.4504044823454752,0.4874867190924459,0.08233096738705936
YAGO3-10,effective_candidates_global_rf,0.24,2394,0.4690997209059332,0.5052890290291416,0.07714630069128803
YAGO3-10,effective_candidates_global_rf,0.26,2594,0.501834295423396,0.535963705245065,0.06800932126983095
YAGO3-10,effective_candidates_global_rf,0.28,2793,0.5189121394371918,0.5517423309996248,0.06326734155427616
YAGO3-10,effective_candidates_global_rf,0.3,2992,0.5309819136547026,0.5632063732397126,0.06068843167032156
YAGO3-10,effective_candidates_global_rf,0.32,3192,0.5326636010586936,0.5641497140126036,0.059110689920110815
YAGO3-10,effective_candidates_global_rf,0.34,3392,0.54738118378497,0.5773520927417736,0.054753268553303425
YAGO3-10,effective_candidates_global_rf,0.36,3591,0.5561913364910567,0.5863399650693283,0.05420549836046651
YAGO3-10,effective_candidates_global_rf,0.38,3790,0.5491989206609195,0.5794489396072704,0.05508025928009341
YAGO3-10,effective_candidates_global_rf,0.4,3990,0.5516184443485852,0.5815253808236289,0.05421670863518946
YAGO3-10,effective_candidates_global_rf,0.42,4190,0.5567707098505142,0.5860985829187031,0.05267495676283507
YAGO3-10,effective_candidates_global_rf,0.44,4389,0.5595949083955032,0.5882808235569404,0.05126193024823422
YAGO3-10,effective_candidates_global_rf,0.46,4588,0.5616257038728185,0.5901770839821413,0.05083702528648559
YAGO3-10,effective_candidates_global_rf,0.48,4788,0.5631180333879966,0.5913304209050633,0.050100309072552696
YAGO3-10,effective_candidates_global_rf,0.5,4988,0.565445612681187,0.5935195996807088,0.04964931439896181
YAGO3-10,effective_candidates_global_rf,0.52,5187,0.5744104863587928,0.6015533563544138,0.04725343746365174
YAGO3-10,effective_candidates_global_rf,0.54,5386,0.5823053317394199,0.6092691179852087,0.046305236747952394
YAGO3-10,effective_candidates_global_rf,0.56,5586,0.589093494895997,0.6159811366519521,0.045642401399631716
YAGO3-10,effective_candidates_global_rf,0.58,5786,0.5931866792785985,0.6189220405545225,0.043384927839617005
YAGO3-10,effective_candidates_global_rf,0.6,5985,0.5930195141462485,0.6183059468421918,0.042640135936078405
YAGO3-10,effective_candidates_global_rf,0.62,6184,0.5929503082445704,0.6174872663095378,0.0413811372113273
YAGO3-10,effective_candidates_global_rf,0.64,6384,0.5929837868035418,0.6177263831370726,0.04172558657447434
YAGO3-10,effective_candidates_global_rf,0.66,6584,0.5949377341278753,0.620121613953516,0.04233027824761848
YAGO3-10,effective_candidates_global_rf,0.68,6783,0.5951753079030531,0.620417608883949,0.04241153933255526
YAGO3-10,effective_candidates_global_rf,0.7,6982,0.5946698930699035,0.6193441967340629,0.041492437992415754
YAGO3-10,effective_candidates_global_rf,0.72,7182,0.5963996086844465,0.6212527556946338,0.04167197068591144
YAGO3-10,effective_candidates_global_rf,0.74,7382,0.5985294272175273,0.6232403549457561,0.041286069831363514
YAGO3-10,effective_candidates_global_rf,0.76,7581,0.600294671322856,0.6246409883446076,0.04055727659234454
YAGO3-10,effective_candidates_global_rf,0.78,7780,0.6034062918310331,0.6270516324079324,0.03918643358051099
YAGO3-10,effective_candidates_global_rf,0.8,7980,0.6035894470979447,0.6265827725954799,0.038094313292067916
YAGO3-10,effective_candidates_global_rf,0.82,8179,0.6016576356508275,0.6241273291664837,0.03734631156363566
YAGO3-10,effective_candidates_global_rf,0.84,8379,0.5929960297698214,0.6149682037021216,0.03705281794353499
YAGO3-10,effective_candidates_global_rf,0.86,8578,0.5847996309963278,0.6060872200957796,0.03640150911720652
YAGO3-10,effective_candidates_global_rf,0.88,8778,0.5767396711449104,0.5979964770846632,0.036856847210726684
YAGO3-10,effective_candidates_global_rf,0.9,8978,0.5706608779021466,0.5916001563481619,0.036693033037400236
YAGO3-10,effective_candidates_global_rf,0.92,9177,0.5636226170134462,0.5841484751318436,0.03641773324704567
YAGO3-10,effective_candidates_global_rf,0.94,9376,0.5574403326512173,0.5776204278635899,0.036201354710727385
YAGO3-10,effective_candidates_global_rf,0.96,9576,0.553782158347622,0.573642288395428,0.03586271198599955
YAGO3-10,effective_candidates_global_rf,0.98,9776,0.562552981622016,0.5820068078636066,0.03458132278580983
YAGO3-10,effective_candidates_global_rf,1.0,9975,0.5616723217905851,0.5802260659200453,0.033033039745151926
codex-l,effective_candidates_global_rf,0.02,1223,0.14920018337037305,0.1548377480375829,0.03778523953429214
codex-l,effective_candidates_global_rf,0.04,2445,0.1361444809562267,0.1383108054517734,0.015911952363630633
codex-l,effective_candidates_global_rf,0.06,3668,0.1275782336606845,0.13163519502828866,0.03179979257585841
codex-l,effective_candidates_global_rf,0.08,4890,0.12971071846894935,0.13346971644331068,0.028979856242652646
codex-l,effective_candidates_global_rf,0.1,6113,0.1350152789925452,0.13782628965829025,0.02081994487379646
codex-l,effective_candidates_global_rf,0.12,7335,0.13477561657048517,0.1373284588196555,0.0189414251192479
codex-l,effective_candidates_global_rf,0.14,8558,0.13576538387421327,0.13859915630191563,0.020872569625906
codex-l,effective_candidates_global_rf,0.16,9781,0.1370427207156527,0.14061770742512622,0.026086658895886794
codex-l,effective_candidates_global_rf,0.18,11003,0.15133628842049418,0.1553373836895325,0.026438439258673396
codex-l,effective_candidates_global_rf,0.2,12226,0.15632407154064074,0.16024660462910578,0.025092316556284633
codex-l,effective_candidates_global_rf,0.22,13448,0.1526908706380947,0.15658463912803885,0.02550099081675361
codex-l,effective_candidates_global_rf,0.24,14671,0.1525675827432198,0.15659981410436963,0.026429148896828902
codex-l,effective_candidates_global_rf,0.26,15894,0.15460794419915008,0.15892777702853828,0.027940561862874524
codex-l,effective_candidates_global_rf,0.28,17116,0.16170288347023443,0.16628586036567966,0.028341961485732314
codex-l,effective_candidates_global_rf,0.3,18339,0.16118716563639282,0.16578709533134983,0.028537816126958715
codex-l,effective_candidates_global_rf,0.32,19561,0.176607993385951,0.18186518687431755,0.029767585190086487
codex-l,effective_candidates_global_rf,0.34,20784,0.19665154179807365,0.2024738535829834,0.02960725215614235
codex-l,effective_candidates_global_rf,0.36,22006,0.2119367005785088,0.2177804928265438,0.027573290666900174
codex-l,effective_candidates_global_rf,0.38,23229,0.22825014998575224,0.23438886891555805,0.02689469833947089
codex-l,effective_candidates_global_rf,0.4,24452,0.23545888326113862,0.24162926052901723,0.026205752708999608
codex-l,effective_candidates_global_rf,0.42,25674,0.24510962795079608,0.25168708152632213,0.026834741786831984
codex-l,effective_candidates_global_rf,0.44,26897,0.2571505919900686,0.26365665942608507,0.025300612320844795
codex-l,effective_candidates_global_rf,0.46,28119,0.2675718656746225,0.27406986714084464,0.024285069918837943
codex-l,effective_candidates_global_rf,0.48,29342,0.27541713099114923,0.2821831011075021,0.02456626460381761
codex-l,effective_candidates_global_rf,0.5,30564,0.28152384467593417,0.28821909315438127,0.0237821719369955
codex-l,effective_candidates_global_rf,0.52,31787,0.2909296543085104,0.29760387741773187,0.02294102031326073
codex-l,effective_candidates_global_rf,0.54,33010,0.30090297409682376,0.3074679291059939,0.021817514528978066
codex-l,effective_candidates_global_rf,0.56,34232,0.3107733303789169,0.3172527122509495,0.020849221083844016
codex-l,effective_candidates_global_rf,0.58,35455,0.3216777559229734,0.32812537062699043,0.020043707049364423
codex-l,effective_candidates_global_rf,0.6,36677,0.3270077191747852,0.3332857731116503,0.01919848850268102
codex-l,effective_candidates_global_rf,0.62,37900,0.33037870871449704,0.33666050837577655,0.01901393611507829
codex-l,effective_candidates_global_rf,0.64,39123,0.32719093201804683,0.3334252558298947,0.019054084944823524
codex-l,effective_candidates_global_rf,0.66,40345,0.33727680404877286,0.3434490412779713,0.01830021262981929
codex-l,effective_candidates_global_rf,0.68,41568,0.3339319386375894,0.33996724534148415,0.01807346349833505
codex-l,effective_candidates_global_rf,0.7,42790,0.34099829320107217,0.34695480875832163,0.017467874989442134
codex-l,effective_candidates_global_rf,0.72,44013,0.3419239107412566,0.34774854986181203,0.017034898518586195
codex-l,effective_candidates_global_rf,0.74,45235,0.3410045919477635,0.3467044219314802,0.016714818856720326
codex-l,effective_candidates_global_rf,0.76,46458,0.3405688437275631,0.3462034597443334,0.016544719578863498
codex-l,effective_candidates_global_rf,0.78,47681,0.3401461842404561,0.3457176235319155,0.0163795437067753
codex-l,effective_candidates_global_rf,0.8,48903,0.3395920888894367,0.345153540851713,0.01637685960371993
codex-l,effective_candidates_global_rf,0.82,50126,0.33814120826685945,0.34407273401960803,0.017541564316134517
codex-l,effective_candidates_global_rf,0.84,51348,0.3321363118906522,0.33812741112522077,0.018038073586308156
codex-l,effective_candidates_global_rf,0.86,52571,0.33110984972890295,0.3369581128211763,0.017662606826893468
codex-l,effective_candidates_global_rf,0.88,53794,0.3314667552148492,0.3372093966462623,0.0173249393523367
codex-l,effective_candidates_global_rf,0.9,55016,0.33280828866361317,0.3384854741260067,0.017058425693633472
codex-l,effective_candidates_global_rf,0.92,56239,0.330538215415355,0.33610522822224526,0.0168422667856869
codex-l,effective_candidates_global_rf,0.94,57461,0.3296545612247353,0.33515873740764307,0.01669679971197313
codex-l,effective_candidates_global_rf,0.96,58684,0.33168721620355096,0.33700921793667143,0.016045242243687863
codex-l,effective_candidates_global_rf,0.98,59906,0.32885322352197366,0.3339166812263251,0.015397318141274319
codex-l,effective_candidates_global_rf,1.0,61129,0.32990176871301513,0.334842792661744,0.014977258133547888
codex-m,effective_candidates_global_rf,0.02,412,0.1393390683153189,0.18103250218984807,0.2992228552883571
codex-m,effective_candidates_global_rf,0.04,824,0.1672901201879432,0.19140734537578113,0.14416407353131966
codex-m,effective_candidates_global_rf,0.06,1236,0.17544147915198258,0.19271179150197926,0.09843916292472454
codex-m,effective_candidates_global_rf,0.08,1648,0.19378529433316602,0.2057195786601612,0.06158508759945991
codex-m,effective_candidates_global_rf,0.1,2059,0.17701789125542897,0.1869348894729704,0.05602257572502456
codex-m,effective_candidates_global_rf,0.12,2471,0.16340437117971618,0.1724422563522831,0.055309935146268696
codex-m,effective_candidates_global_rf,0.14,2883,0.16969186695823263,0.17765771534578523,0.046943018132467706
codex-m,effective_candidates_global_rf,0.16,3295,0.17417540795044673,0.18221435224074134,0.04615430148773769
codex-m,effective_candidates_global_rf,0.18,3707,0.17771099531907092,0.18613352594908233,0.04739453861529053
codex-m,effective_candidates_global_rf,0.2,4119,0.17401681513468817,0.1810982744333415,0.040694109320253524
codex-m,effective_candidates_global_rf,0.22,4531,0.16721626263454759,0.17405937548365374,0.04092372799924271
codex-m,effective_candidates_global_rf,0.24,4943,0.16949541967085932,0.17604866796939952,0.03866327663169811
codex-m,effective_candidates_global_rf,0.26,5354,0.18081905965783013,0.18748203168994387,0.036848836868869306
codex-m,effective_candidates_global_rf,0.28,5766,0.1827921338154166,0.1891359092281604,0.03470485999769424
codex-m,effective_candidates_global_rf,0.3,6178,0.1856758071278783,0.1916333960540882,0.032085972956653386
codex-m,effective_candidates_global_rf,0.32,6590,0.18781569377678903,0.1934406213068756,0.029949188041610286
codex-m,effective_candidates_global_rf,0.34,7002,0.18259387109887884,0.18770838198483103,0.028010309739161743
codex-m,effective_candidates_global_rf,0.36,7414,0.18468496512376137,0.1897721187057683,0.027545033666372953
codex-m,effective_candidates_global_rf,0.38,7826,0.1920339112676947,0.19716027116330492,0.026695076206952217
codex-m,effective_candidates_global_rf,0.4,8238,0.20752124155988041,0.2125526990213551,0.024245505778852205
codex-m,effective_candidates_global_rf,0.42,8649,0.21790632922172348,0.22294690797906952,0.023131860260089843
codex-m,effective_candidates_global_rf,0.44,9061,0.22567684891766174,0.23042056425153573,0.021019946692027558
codex-m,effective_candidates_global_rf,0.46,9473,0.23449060762010884,0.2389820881541507,0.019154202292478884
codex-m,effective_candidates_global_rf,0.48,9885,0.24309114486809033,0.24741112664983247,0.0177710372135782
codex-m,effective_candidates_global_rf,0.5,10297,0.24800260556685258,0.25223420124239954,0.017062706522275928
codex-m,effective_candidates_global_rf,0.52,10709,0.25252345314975855,0.2566593689519969,0.016378343281190588
codex-m,effective_candidates_global_rf,0.54,11121,0.2574471487692784,0.26146932445090865,0.015623306379030533
codex-m,effective_candidates_global_rf,0.56,11533,0.2622963688160905,0.2662302179874518,0.014997726385299393
codex-m,effective_candidates_global_rf,0.58,11945,0.26470093184400056,0.26848287113452135,0.01428759341410113
codex-m,effective_candidates_global_rf,0.6,12356,0.2706302197635396,0.2742955308724315,0.013543613540625499
codex-m,effective_candidates_global_rf,0.62,12768,0.2764193948123289,0.28000030943255433,0.012954643152506051
codex-m,effective_candidates_global_rf,0.64,13180,0.28438028013177463,0.28793004548391005,0.012482459580145822
codex-m,effective_candidates_global_rf,0.66,13592,0.2948043711176938,0.29801571413752354,0.010893132308908982
codex-m,effective_candidates_global_rf,0.68,14004,0.30504451563074275,0.3079934784762079,0.009667319667647778
codex-m,effective_candidates_global_rf,0.7,14416,0.312047648377464,0.31513392413805064,0.009890399035641373
codex-m,effective_candidates_global_rf,0.72,14828,0.3167696100040723,0.31979105209458963,0.009538295325989488
codex-m,effective_candidates_global_rf,0.74,15240,0.3218778721694295,0.3249736382537956,0.009617828226280212
codex-m,effective_candidates_global_rf,0.76,15651,0.3269013404900559,0.3300889794852276,0.009751073490225082
codex-m,effective_candidates_global_rf,0.78,16063,0.329460057054054,0.3325468813498611,0.009369343049985046
codex-m,effective_candidates_global_rf,0.8,16475,0.332058229921082,0.335098286896864,0.009155192378470733
codex-m,effective_candidates_global_rf,0.82,16887,0.3305234118076328,0.3333966504252457,0.008692995760570144
codex-m,effective_candidates_global_rf,0.84,17299,0.32896966919356435,0.33190623289678284,0.0089265484882457
codex-m,effective_candidates_global_rf,0.86,17711,0.3233997226882086,0.32628438349936956,0.008919799890929614
codex-m,effective_candidates_global_rf,0.88,18123,0.320822220397481,0.32363398297025203,0.00876423886502442
codex-m,effective_candidates_global_rf,0.9,18535,0.3230768874493285,0.32598515792932353,0.009001790573617496
codex-m,effective_candidates_global_rf,0.92,18946,0.31815750983803776,0.3211261459787303,0.009330712143817532
codex-m,effective_candidates_global_rf,0.94,19358,0.32080356092976514,0.32379415930893224,0.009322210671538711
codex-m,effective_candidates_global_rf,0.96,19770,0.3293918585833655,0.33231579713822046,0.008876778459036894
codex-m,effective_candidates_global_rf,0.98,20182,0.3365328416959978,0.33936793504950075,0.00842441807229033
codex-m,effective_candidates_global_rf,1.0,20594,0.3423415349994885,0.3449297847479118,0.0075604315685129375
hetionet,effective_candidates_global_rf,0.02,9001,0.4474472180282623,0.6244389346528934,0.39555887151241964
hetionet,effective_candidates_global_rf,0.04,18002,0.45603966076464036,0.5822679938460255,0.27679244579240847
hetionet,effective_candidates_global_rf,0.06,27002,0.4457178459200718,0.5446804426570736,0.2220296935446202
hetionet,effective_candidates_global_rf,0.08,36003,0.4463823734178106,0.5297320101980267,0.18672250909468935
hetionet,effective_candidates_global_rf,0.1,45004,0.42933001214706046,0.502498478957094,0.17042476589074518
hetionet,effective_candidates_global_rf,0.12,54005,0.4210441889951286,0.48818667267700944,0.15946659623096626
hetionet,effective_candidates_global_rf,0.14,63006,0.4230953109363818,0.4875867019957749,0.15242757220982361
hetionet,effective_candidates_global_rf,0.16,72006,0.4178193662664625,0.4787543851154438,0.14584058032896507
hetionet,effective_candidates_global_rf,0.18,81007,0.40433820989851343,0.4611313712159618,0.14045954581364728
hetionet,effective_candidates_global_rf,0.2,90008,0.4004260652662536,0.45481562890936633,0.13582922881643023
hetionet,effective_candidates_global_rf,0.22,99009,0.3940066850579625,0.44551343663357174,0.1307255778364067
hetionet,effective_candidates_global_rf,0.24,108010,0.39111442987119593,0.4406018967263618,0.12652938136663328
hetionet,effective_candidates_global_rf,0.26,117010,0.3853323979323292,0.4326806930621549,0.12287649671788259
hetionet,effective_candidates_global_rf,0.28,126011,0.37999713422271214,0.42565909351526166,0.12016395698865345
hetionet,effective_candidates_global_rf,0.3,135012,0.3774976360458061,0.421935555876429,0.11771708108188195
hetionet,effective_candidates_global_rf,0.32,144013,0.37878351283500117,0.4225710128980615,0.1156003325892756
hetionet,effective_candidates_global_rf,0.34,153014,0.38255507826515606,0.42588673186296633,0.11326905865245451
hetionet,effective_candidates_global_rf,0.36,162014,0.3840829404930426,0.427725691321879,0.11362845424171342
hetionet,effective_candidates_global_rf,0.38,171015,0.3843712021708933,0.4274949677168688,0.11219301889011568
hetionet,effective_candidates_global_rf,0.4,180016,0.3879169677734696,0.4301477175331525,0.10886543582270991
hetionet,effective_candidates_global_rf,0.42,189017,0.38989764539908883,0.4307466463188597,0.10476852425707506
hetionet,effective_candidates_global_rf,0.44,198018,0.39258463099373175,0.43263059690022243,0.1020059440562513
hetionet,effective_candidates_global_rf,0.46,207018,0.3936129339964936,0.43263791516323435,0.0991455762657647
hetionet,effective_candidates_global_rf,0.48,216019,0.3956607616438627,0.43364408901440726,0.09599973273249085
hetionet,effective_candidates_global_rf,0.5,225020,0.39543249195133107,0.43209697345302167,0.09271995156686108
hetionet,effective_candidates_global_rf,0.52,234021,0.3959637667882766,0.4314181627143721,0.08953949552927942
hetionet,effective_candidates_global_rf,0.54,243022,0.39549171494398555,0.4299375152006321,0.08709613616438272
hetionet,effective_candidates_global_rf,0.56,252022,0.3928822667949916,0.42655675044282837,0.08571138606621886
hetionet,effective_candidates_global_rf,0.58,261023,0.3925451592800289,0.42556556397841805,0.08411874129068919
hetionet,effective_candidates_global_rf,0.6,270024,0.3946699558129036,0.42748764616171364,0.08315223863750987
hetionet,effective_candidates_global_rf,0.62,279025,0.3948121378421829,0.42726270041002345,0.08219241370135366
hetionet,effective_candidates_global_rf,0.64,288026,0.3949696185847197,0.42710282201662764,0.08135613961157229
hetionet,effective_candidates_global_rf,0.66,297026,0.39379075863263047,0.4252310543871066,0.0798401056023943
hetionet,effective_candidates_global_rf,0.68,306027,0.39169382387284696,0.42240185277063785,0.07839804210892898
hetionet,effective_candidates_global_rf,0.7,315028,0.39031973886168636,0.42047177333603336,0.07724957636598462
hetionet,effective_candidates_global_rf,0.72,324029,0.3899494629979838,0.4194194463255473,0.07557385282952911
hetionet,effective_candidates_global_rf,0.74,333030,0.3923183286970673,0.4210596810994966,0.07326028457014111
hetionet,effective_candidates_global_rf,0.76,342030,0.3956289103679583,0.42368562369145873,0.07091674189685993
hetionet,effective_candidates_global_rf,0.78,351031,0.3967785467427064,0.42410851308088005,0.06887964725546492
hetionet,effective_candidates_global_rf,0.8,360032,0.39725281464765577,0.42400707569976387,0.0673481975850514
hetionet,effective_candidates_global_rf,0.82,369033,0.3980428067446079,0.42405979975481656,0.06536229915317038
hetionet,effective_candidates_global_rf,0.84,378034,0.3958311463481457,0.4209472768884209,0.06345162772558766
hetionet,effective_candidates_global_rf,0.86,387034,0.3922401226146441,0.4167078021195225,0.06237933881362934
hetionet,effective_candidates_global_rf,0.88,396035,0.3875550048945231,0.41122811654585173,0.061083230386281606
hetionet,effective_candidates_global_rf,0.9,405036,0.38518401152451925,0.40813119003639275,0.05957458727596432
hetionet,effective_candidates_global_rf,0.92,414037,0.3816346838316766,0.403638897301855,0.05765779265462023
hetionet,effective_candidates_global_rf,0.94,423038,0.37772547803713563,0.3988152506238261,0.05583359824252332
hetionet,effective_candidates_global_rf,0.96,432038,0.37428365014810083,0.3944336939031334,0.0538362916655839
hetionet,effective_candidates_global_rf,0.98,441039,0.37273820003360975,0.3917737757673162,0.05106955963190796
hetionet,effective_candidates_global_rf,1.0,450040,0.37318845483349955,0.3903218979298272,0.04591096770121639
FB15k-237,balanced5_ridge,0.02,816,0.1238618248260074,0.12579663266227176,0.01562069539167732
FB15k-237,balanced5_ridge,0.04,1633,0.15310554670331555,0.1622608219728384,0.05979714952629189
FB15k-237,balanced5_ridge,0.06,2449,0.15801813668368556,0.16891978349539974,0.06898984534627606
FB15k-237,balanced5_ridge,0.08,3266,0.16077788201165924,0.17457468674928694,0.08581282801465928
FB15k-237,balanced5_ridge,0.1,4082,0.16877697194244612,0.18217494027919282,0.07938267989139813
FB15k-237,balanced5_ridge,0.12,4898,0.18341040599291045,0.1968894812015335,0.07349133292439292
FB15k-237,balanced5_ridge,0.14,5715,0.19684554711303334,0.20927481130065886,0.06314221667655162
FB15k-237,balanced5_ridge,0.16,6531,0.2077988592974225,0.2200850734212365,0.05912551284138057
FB15k-237,balanced5_ridge,0.18,7347,0.21868197767819583,0.23033809546806028,0.05330168454492923
FB15k-237,balanced5_ridge,0.2,8164,0.23211313170509157,0.24395259833054428,0.05100731069578268
FB15k-237,balanced5_ridge,0.22,8980,0.2391167560351231,0.25087006992406286,0.0491530333709167
FB15k-237,balanced5_ridge,0.24,9797,0.24314842432273823,0.25457064192831313,0.046976317602674955
FB15k-237,balanced5_ridge,0.26,10613,0.24250734855584866,0.25345691066852355,0.04515146521489122
FB15k-237,balanced5_ridge,0.28,11429,0.24912161863327364,0.25929483361487604,0.04083633944502485
FB15k-237,balanced5_ridge,0.3,12246,0.2560136920028546,0.26640485766919036,0.04058832004274171
FB15k-237,balanced5_ridge,0.32,13062,0.25824535556963096,0.2681266348763463,0.038263144306775576
FB15k-237,balanced5_ridge,0.34,13878,0.2644529321929107,0.2742229508806309,0.03694426303654397
FB15k-237,balanced5_ridge,0.36,14695,0.2695786696503828,0.27875381138651956,0.03403511764501266
FB15k-237,balanced5_ridge,0.38,15511,0.27833023168295373,0.2871156741157668,0.03156481557785118
FB15k-237,balanced5_ridge,0.4,16328,0.27926132342352383,0.2875859976266341,0.02980962097098283
FB15k-237,balanced5_ridge,0.42,17144,0.27284913030366537,0.28076118741832173,0.02899791949437658
FB15k-237,balanced5_ridge,0.44,17960,0.26770059135777996,0.27529330408584834,0.0283627043539878
FB15k-237,balanced5_ridge,0.46,18777,0.26408525377606057,0.2713839737901896,0.027637741637472013
FB15k-237,balanced5_ridge,0.48,19593,0.2604924487619415,0.26748276391871595,0.026835001129582592
FB15k-237,balanced5_ridge,0.5,20410,0.259145736522039,0.26580635910383066,0.02570222713745185
FB15k-237,balanced5_ridge,0.52,21226,0.2572695482429226,0.26367254081681696,0.024888264536650384
FB15k-237,balanced5_ridge,0.54,22042,0.25454869643219485,0.2606696461916446,0.02404628208764059
FB15k-237,balanced5_ridge,0.56,22859,0.25223682254767166,0.25813899009849783,0.023399309788366462
FB15k-237,balanced5_ridge,0.58,23675,0.25261267627299755,0.25821160056870734,0.022164067054414316
FB15k-237,balanced5_ridge,0.6,24491,0.2542789524295993,0.2596789088387717,0.021236348339398914
FB15k-237,balanced5_ridge,0.62,25308,0.2575930033220357,0.2628273983863182,0.020320408538963886
FB15k-237,balanced5_ridge,0.64,26124,0.2611059207302973,0.2661871554239096,0.01946043459834379
FB15k-237,balanced5_ridge,0.66,26941,0.2646138507149041,0.26952728650995794,0.01856832430267441
FB15k-237,balanced5_ridge,0.68,27757,0.2702301965225015,0.2749875122106096,0.017604678342125757
FB15k-237,balanced5_ridge,0.7,28573,0.2758120032420757,0.2804278829782467,0.016735601358580876
FB15k-237,balanced5_ridge,0.72,29390,0.2827148738437741,0.287214436938589,0.015915551359711344
FB15k-237,balanced5_ridge,0.74,30206,0.28799156801175846,0.2923769443760728,0.015227447090170765
FB15k-237,balanced5_ridge,0.76,31022,0.29224336244386956,0.29649966495581326,0.014564240146809793
FB15k-237,balanced5_ridge,0.78,31839,0.29308571644655673,0.2972328651968792,0.014149951763612112
FB15k-237,balanced5_ridge,0.8,32655,0.29564776960470773,0.2996899855178606,0.013672404559511575
FB15k-237,balanced5_ridge,0.82,33472,0.2965392535403666,0.30047749394626494,0.013280671475630612
FB15k-237,balanced5_ridge,0.84,34288,0.29610389760308237,0.29994702533927603,0.012978983955642676
FB15k-237,balanced5_ridge,0.86,35104,0.29953035216725277,0.3032848308058881,0.012534551545343442
FB15k-237,balanced5_ridge,0.88,35921,0.30267554235742367,0.3063399879871107,0.012106844184191612
FB15k-237,balanced5_ridge,0.9,36737,0.30677038028242054,0.31035343146961564,0.011679912460572206
FB15k-237,balanced5_ridge,0.92,37553,0.3140901342497084,0.3175953282811836,0.011159834866664387
FB15k-237,balanced5_ridge,0.94,38370,0.32069720341194147,0.32413210615185944,0.0107107349343043
FB15k-237,balanced5_ridge,0.96,39186,0.3293541897734894,0.3327175649108,0.0102120308219662
FB15k-237,balanced5_ridge,0.98,40003,0.34095154832039515,0.3442462316724101,0.009663201027375612
FB15k-237,balanced5_ridge,1.0,40819,0.352811985517237,0.3560530550713822,0.009186393000208293
KG20C,balanced5_ridge,0.02,149,0.09075840861922223,0.09936035554458932,0.09477851205453192
KG20C,balanced5_ridge,0.04,298,0.08888729561754966,0.09773016855228105,0.09948410369890337
KG20C,balanced5_ridge,0.06,447,0.09537860729497637,0.10189156697616814,0.06828533007458581
KG20C,balanced5_ridge,0.08,596,0.10692572168639838,0.11628583450880453,0.08753845823793771
KG20C,balanced5_ridge,0.1,745,0.12113813363980969,0.13079754868474824,0.07973884651103935
KG20C,balanced5_ridge,0.12,894,0.12357995878714918,0.13526008777809945,0.09451475065684245
KG20C,balanced5_ridge,0.14,1043,0.1196608975762465,0.13085207739433757,0.09352411727448562
KG20C,balanced5_ridge,0.16,1192,0.12211313747861935,0.1327492836997139,0.08710075296326591
KG20C,balanced5_ridge,0.18,1341,0.12278967142411072,0.13354379563703897,0.08758166780806764
KG20C,balanced5_ridge,0.2,1490,0.12309838981195233,0.13426506598206367,0.09071342189909859
KG20C,balanced5_ridge,0.22,1639,0.12299785669731618,0.13387845164770457,0.08846166301226122
KG20C,balanced5_ridge,0.24,1788,0.12615296596550166,0.13665482223173167,0.08324700244544303
KG20C,balanced5_ridge,0.26,1936,0.13107249512379143,0.14177493517611642,0.08165282916310601
KG20C,balanced5_ridge,0.28,2085,0.132904547735212,0.14289656673109813,0.07518191940123375
KG20C,balanced5_ridge,0.3,2234,0.13248333357083028,0.14347792671741627,0.08298850013996595
KG20C,balanced5_ridge,0.32,2383,0.13277704794460196,0.14316541246508538,0.07823915865954278
KG20C,balanced5_ridge,0.34,2532,0.13592855058108458,0.14671093861228002,0.07932393882743183
KG20C,balanced5_ridge,0.36,2681,0.13883312735903386,0.15056420510844348,0.08449768418075099
KG20C,balanced5_ridge,0.38,2830,0.13950545515774834,0.15106094222211458,0.08283179357609827
KG20C,balanced5_ridge,0.4,2979,0.14183447182723039,0.1535769783026423,0.08279021541191733
KG20C,balanced5_ridge,0.42,3128,0.14518820608417693,0.15717816090646058,0.0825821541959968
KG20C,balanced5_ridge,0.44,3277,0.14829610038886187,0.1596014035995424,0.07623466282009961
KG20C,balanced5_ridge,0.46,3426,0.14843203021744802,0.1597951171180804,0.07655414322626886
KG20C,balanced5_ridge,0.48,3575,0.1530894349770777,0.16418563031405664,0.07248178385817683
KG20C,balanced5_ridge,0.5,3724,0.1538121578140227,0.1645053689865188,0.06952123502113206
KG20C,balanced5_ridge,0.52,3873,0.15557797770064685,0.16667213096805428,0.07130927803132958
KG20C,balanced5_ridge,0.54,4022,0.15242317162908264,0.16327469197658592,0.07119337717174745
KG20C,balanced5_ridge,0.56,4171,0.1524409850904577,0.16354404758835384,0.07283515316637224
KG20C,balanced5_ridge,0.58,4320,0.15204313411538073,0.16286896554783967,0.07120236961337278
KG20C,balanced5_ridge,0.6,4469,0.1523177366264282,0.16270521416242095,0.06819611271843473
KG20C,balanced5_ridge,0.62,4618,0.15391382258490077,0.16423178764670512,0.06703728676553933
KG20C,balanced5_ridge,0.64,4767,0.15499515450820503,0.1654941453637852,0.0677375424341049
KG20C,balanced5_ridge,0.66,4916,0.15612240245282044,0.166863926722977,0.06880194066577094
KG20C,balanced5_ridge,0.68,5065,0.15841402780038008,0.1692374135598596,0.06832340487622868
KG20C,balanced5_ridge,0.7,5214,0.15959494477229919,0.17008453530880244,0.06572633332132916
KG20C,balanced5_ridge,0.72,5363,0.16469669214505772,0.17517159277907426,0.06360115979008674
KG20C,balanced5_ridge,0.74,5512,0.1724508931405966,0.1829958134375308,0.06114738001581155
KG20C,balanced5_ridge,0.76,5660,0.1736455457686371,0.18370107422027204,0.0579083581276123
KG20C,balanced5_ridge,0.78,5809,0.18040358832978864,0.19034364807433715,0.05509901347625901
KG20C,balanced5_ridge,0.8,5958,0.18536319878043866,0.1949257585598146,0.0515882324123178
KG20C,balanced5_ridge,0.82,6107,0.18799167345360318,0.1972453650388943,0.04922394388693485
KG20C,balanced5_ridge,0.84,6256,0.19083257043170135,0.20003063326831014,0.048199648601918055
KG20C,balanced5_ridge,0.86,6405,0.19241108277227448,0.20137598992396666,0.04659246766103631
KG20C,balanced5_ridge,0.88,6554,0.1956508318557106,0.2042343017821486,0.043871369444358654
KG20C,balanced5_ridge,0.9,6703,0.20202402347060489,0.21038462647446285,0.041384202038103
KG20C,balanced5_ridge,0.92,6852,0.20325317502408996,0.2115207693236657,0.04067633530741088
KG20C,balanced5_ridge,0.94,7001,0.20159628403057184,0.2096879218167014,0.04013783202919785
KG20C,balanced5_ridge,0.96,7150,0.20506366192335754,0.21298667676820973,0.03863685438238895
KG20C,balanced5_ridge,0.98,7299,0.21469406879693545,0.22245534515543566,0.03615039950563825
KG20C,balanced5_ridge,1.0,7448,0.22638074035722042,0.23398674950607826,0.033598304947920266
WN18RR,balanced5_ridge,0.02,121,0.6746411080266089,0.7079979765097121,0.04944387183976273
WN18RR,balanced5_ridge,0.04,242,0.5751696274181296,0.5903687636248909,0.02642548473045858
WN18RR,balanced5_ridge,0.06,363,0.44805102634349564,0.46075546195222933,0.028354885630802906
WN18RR,balanced5_ridge,0.08,484,0.4093017042703301,0.4214302551010991,0.029632299851745758
WN18RR,balanced5_ridge,0.1,606,0.38231421450940956,0.3922656080625317,0.026029357987360946
WN18RR,balanced5_ridge,0.12,727,0.3343869621116015,0.3428639194785745,0.025350741289200673
WN18RR,balanced5_ridge,0.14,848,0.30725874044132817,0.31490312205788806,0.024879297511862353
WN18RR,balanced5_ridge,0.16,969,0.28281189576704885,0.28978639779620985,0.02466127533371476
WN18RR,balanced5_ridge,0.18,1090,0.2715752245759256,0.27776103513019545,0.022777521638541298
WN18RR,balanced5_ridge,0.2,1211,0.25476053982589264,0.2604582696732447,0.022365040721165075
WN18RR,balanced5_ridge,0.22,1332,0.24445229337212138,0.24990314677270598,0.022298229750239873
WN18RR,balanced5_ridge,0.24,1453,0.23680430249412382,0.24191579146633385,0.02158528759137246
WN18RR,balanced5_ridge,0.26,1574,0.2278594514093507,0.23263903339997108,0.020976009382353
WN18RR,balanced5_ridge,0.28,1695,0.216333064552454,0.2208013175030858,0.020654507714184422
WN18RR,balanced5_ridge,0.3,1816,0.20695580776434527,0.2111543893090969,0.020287333755486747
WN18RR,balanced5_ridge,0.32,1938,0.20028866353573394,0.2043136723705628,0.02009603920548786
WN18RR,balanced5_ridge,0.34,2059,0.1950755784213024,0.19857130802787804,0.017919873081324145
WN18RR,balanced5_ridge,0.36,2180,0.19319462121842104,0.19665008323627253,0.017885912123530856
WN18RR,balanced5_ridge,0.38,2301,0.19235223948888205,0.19580217265654568,0.017935497797326283
WN18RR,balanced5_ridge,0.4,2422,0.1907834300826371,0.1943309792252495,0.018594639697356197
WN18RR,balanced5_ridge,0.42,2543,0.1937921896991975,0.19721007395399318,0.01763685244539981
WN18RR,balanced5_ridge,0.44,2664,0.19676367274376108,0.1999648041555763,0.016268914719760996
WN18RR,balanced5_ridge,0.46,2785,0.2047001382035316,0.2079256864541994,0.015757430742233458
WN18RR,balanced5_ridge,0.48,2906,0.20715016109166698,0.21040259695792063,0.015700860907438052
WN18RR,balanced5_ridge,0.5,3028,0.210493089785824,0.21362642078030702,0.0148856715328336
WN18RR,balanced5_ridge,0.52,3149,0.21468499721247075,0.21787154773989406,0.014842912028312893
WN18RR,balanced5_ridge,0.54,3270,0.2185283283351611,0.22169604604228457,0.014495684524091113
WN18RR,balanced5_ridge,0.56,3391,0.2250517787580448,0.2280659698112091,0.013393322504706262
WN18RR,balanced5_ridge,0.58,3512,0.23016994217393164,0.23332861958033707,0.013723240213609378
WN18RR,balanced5_ridge,0.6,3633,0.23578395199716887,0.23900506143819242,0.013661275136580331
WN18RR,balanced5_ridge,0.62,3754,0.24166469821940045,0.24488432007965802,0.013322681732085506
WN18RR,balanced5_ridge,0.64,3875,0.26120661800419454,0.2643852305019621,0.012168958512821959
WN18RR,balanced5_ridge,0.66,3996,0.2812269390686482,0.2843228816760647,0.01100869858936493
WN18RR,balanced5_ridge,0.68,4117,0.3023448369055782,0.3053497887295365,0.009938823016504061
WN18RR,balanced5_ridge,0.7,4238,0.32118189389239143,0.3241266097854887,0.009168374522642964
WN18RR,balanced5_ridge,0.72,4360,0.3401602583973079,0.343034042680804,0.008448324613334224
WN18RR,balanced5_ridge,0.74,4481,0.3579706821266714,0.3607668658972679,0.007811208878852005
WN18RR,balanced5_ridge,0.76,4602,0.37344574680662546,0.3761702902757286,0.007295687505885384
WN18RR,balanced5_ridge,0.78,4723,0.3894913989552588,0.39214614150127053,0.006815920847373258
WN18RR,balanced5_ridge,0.8,4844,0.4042766467616578,0.40686879228757744,0.006411811185937255
WN18RR,balanced5_ridge,0.82,4965,0.41878855083483,0.4213175242341362,0.00603878352038234
WN18RR,balanced5_ridge,0.84,5086,0.4312523212156588,0.43378011085126494,0.005861509634268236
WN18RR,balanced5_ridge,0.86,5207,0.44390643279745917,0.4463754817866453,0.00556209328534929
WN18RR,balanced5_ridge,0.88,5328,0.4565297414575006,0.45894271782512297,0.005285474632865661
WN18RR,balanced5_ridge,0.9,5450,0.4674635785012169,0.46982410597822094,0.00504965003813207
WN18RR,balanced5_ridge,0.92,5571,0.479024146342951,0.4813334040614345,0.00482075431084894
WN18RR,balanced5_ridge,0.94,5692,0.49009367290684697,0.49235384064220744,0.00461170559896229
WN18RR,balanced5_ridge,0.96,5813,0.5007157127401867,0.5029224110608219,0.004407088222893929
WN18RR,balanced5_ridge,0.98,5934,0.5013861763149168,0.5035461644783784,0.00430803294047144
WN18RR,balanced5_ridge,1.0,6055,0.5112021246888967,0.5133269561687425,0.004156538827257084
YAGO3-10,balanced5_ridge,0.02,200,0.5306373029389329,0.5503577155723223,0.03716363799561018
YAGO3-10,balanced5_ridge,0.04,399,0.5723447705158526,0.59821846355975,0.04520648108757497
YAGO3-10,balanced5_ridge,0.06,598,0.6231953573921449,0.6488491280247874,0.041164893685977644
YAGO3-10,balanced5_ridge,0.08,798,0.6265868834673881,0.6575693178825546,0.04944635011144305
YAGO3-10,balanced5_ridge,0.1,998,0.6424352349051082,0.6716371861584083,0.04545508973774348
YAGO3-10,balanced5_ridge,0.12,1197,0.6513721036471755,0.6830764651005012,0.04867319505365075
YAGO3-10,balanced5_ridge,0.14,1397,0.6584455494145794,0.6954103466220841,0.05613948980347705
YAGO3-10,balanced5_ridge,0.16,1596,0.6607223430494429,0.6983838058708138,0.05700043780501107
YAGO3-10,balanced5_ridge,0.18,1796,0.6698898079176238,0.7088189137877985,0.05811270064129981
YAGO3-10,balanced5_ridge,0.2,1995,0.6824542318778488,0.7202557113595899,0.05539049758359038
YAGO3-10,balanced5_ridge,0.22,2194,0.6862238663944212,0.7229189260276149,0.0534738901256786
YAGO3-10,balanced5_ridge,0.24,2394,0.694428051378181,0.7293353097315212,0.050267638647462975
YAGO3-10,balanced5_ridge,0.26,2594,0.6995636832058573,0.7332605442407133,0.04816839673614126
YAGO3-10,balanced5_ridge,0.28,2793,0.6942084182610875,0.7262118398449975,0.04610059564543301
YAGO3-10,balanced5_ridge,0.3,2992,0.6917584916726406,0.7230112309393909,0.04517868539811154
YAGO3-10,balanced5_ridge,0.32,3192,0.6945703482594939,0.7248899152523378,0.04365226224934715
YAGO3-10,balanced5_ridge,0.34,3392,0.698316561833834,0.7280235975130237,0.04254092957666189
YAGO3-10,balanced5_ridge,0.36,3591,0.6927827971118011,0.7228738441058884,0.043435037820708455
YAGO3-10,balanced5_ridge,0.38,3790,0.6857913660768292,0.7151827416738338,0.042857605171004565
YAGO3-10,balanced5_ridge,0.4,3990,0.6805982762756553,0.7098227361513376,0.042939368044837556
YAGO3-10,balanced5_ridge,0.42,4190,0.6790297665997523,0.7076684097706382,0.04217582877742476
YAGO3-10,balanced5_ridge,0.44,4389,0.6756002297603262,0.7051386609017682,0.04372176005908268
YAGO3-10,balanced5_ridge,0.46,4588,0.6745372728382838,0.7044856893962025,0.044398460639399895
YAGO3-10,balanced5_ridge,0.48,4788,0.6742373313173611,0.7041892020190792,0.04442333479695715
YAGO3-10,balanced5_ridge,0.5,4988,0.6724000293040879,0.7010576243104295,0.04261985984147154
YAGO3-10,balanced5_ridge,0.52,5187,0.6665081576802167,0.6955773672602564,0.04361418423026553
YAGO3-10,balanced5_ridge,0.54,5386,0.6630302986620564,0.6924960627630423,0.044441052181846796
YAGO3-10,balanced5_ridge,0.56,5586,0.6602273504389681,0.6897309662262832,0.044687054796652914
YAGO3-10,balanced5_ridge,0.58,5786,0.6579823262663606,0.687352517126483,0.044636747352744255
YAGO3-10,balanced5_ridge,0.6,5985,0.6581085078978088,0.6864610439221209,0.04308185608309234
YAGO3-10,balanced5_ridge,0.62,6184,0.6578390447584445,0.6854593035563934,0.0419863475998008
YAGO3-10,balanced5_ridge,0.64,6384,0.6581027058980066,0.684813103834481,0.0405869747944998
YAGO3-10,balanced5_ridge,0.66,6584,0.6566126063344467,0.6829531040803458,0.04011573565872495
YAGO3-10,balanced5_ridge,0.68,6783,0.653601190302629,0.6797569597428866,0.040017934220938356
YAGO3-10,balanced5_ridge,0.7,6982,0.648584898047303,0.6743577144968246,0.03973699746496706
YAGO3-10,balanced5_ridge,0.72,7182,0.6448964356572393,0.670385103848441,0.03952366113672978
YAGO3-10,balanced5_ridge,0.74,7382,0.6277895774311368,0.6525855841276579,0.03949732137635076
YAGO3-10,balanced5_ridge,0.76,7581,0.6213073142079576,0.6451858270427274,0.03843269230656032
YAGO3-10,balanced5_ridge,0.78,7780,0.6163569623276008,0.6396868893375807,0.03785132388523205
YAGO3-10,balanced5_ridge,0.8,7980,0.6101030782434831,0.6329322226832406,0.03741850394442148
YAGO3-10,balanced5_ridge,0.82,8179,0.6037613331160429,0.625764736994114,0.036443877193178986
YAGO3-10,balanced5_ridge,0.84,8379,0.5955337025308081,0.6170574587845068,0.03614196167610717
YAGO3-10,balanced5_ridge,0.86,8578,0.5857111633913854,0.6068511866702299,0.03609291507513612
YAGO3-10,balanced5_ridge,0.88,8778,0.5752785999891499,0.5960288818847128,0.036069970090933934
YAGO3-10,balanced5_ridge,0.9,8978,0.5669580123461384,0.5874053853121763,0.03606505688388517
YAGO3-10,balanced5_ridge,0.92,9177,0.5603029802179907,0.5803225877345323,0.035729967934050144
YAGO3-10,balanced5_ridge,0.94,9376,0.5546769965517541,0.5743889184516083,0.03553765889408944
YAGO3-10,balanced5_ridge,0.96,9576,0.5514870342990298,0.5708457023373745,0.035102671204139346
YAGO3-10,balanced5_ridge,0.98,9776,0.5562773445518792,0.5752509769134277,0.03410822415720194
YAGO3-10,balanced5_ridge,1.0,9975,0.5616723217905851,0.5802260659200453,0.033033039745151926
codex-l,balanced5_ridge,0.02,1223,0.27054119406364946,0.28557261361116193,0.055560557420974765
codex-l,balanced5_ridge,0.04,2445,0.27676945598563985,0.2891665065337084,0.044791974981198024
codex-l,balanced5_ridge,0.06,3668,0.28332891555949774,0.29851999807617485,0.053616421347884025
codex-l,balanced5_ridge,0.08,4890,0.29616989773268537,0.31220019945476646,0.05412535792732576
codex-l,balanced5_ridge,0.1,6113,0.3065876471917946,0.32341683579608804,0.05489193305223239
codex-l,balanced5_ridge,0.12,7335,0.30328411995941795,0.31898962850325135,0.051784803457348705
codex-l,balanced5_ridge,0.14,8558,0.32413523410311024,0.33903130544831744,0.04595634715992847
codex-l,balanced5_ridge,0.16,9781,0.31852053133953784,0.33242921378611995,0.043666517784863634
codex-l,balanced5_ridge,0.18,11003,0.3054067718424944,0.31848086070311693,0.042808771992014494
codex-l,balanced5_ridge,0.2,12226,0.30063499807094,0.3123716440615308,0.03903951990254084
codex-l,balanced5_ridge,0.22,13448,0.31584487871803846,0.3269609803909495,0.03519481372637556
codex-l,balanced5_ridge,0.24,14671,0.3220767843873094,0.3325581140599857,0.0325429530495811
codex-l,balanced5_ridge,0.26,15894,0.32764461836672043,0.33749191332801615,0.03005480453298337
codex-l,balanced5_ridge,0.28,17116,0.31858234000383573,0.32783944805794635,0.029057191475206023
codex-l,balanced5_ridge,0.3,18339,0.31106408370586364,0.3200343482444102,0.028837352199840183
codex-l,balanced5_ridge,0.32,19561,0.3149557785834162,0.3234263535751206,0.026894489854425663
codex-l,balanced5_ridge,0.34,20784,0.30284157735594697,0.3109261919393681,0.02669585416245157
codex-l,balanced5_ridge,0.36,22006,0.3127130638122934,0.3203518696208283,0.024427523799005924
codex-l,balanced5_ridge,0.38,23229,0.3131967210136945,0.32071910328297076,0.02401807478995721
codex-l,balanced5_ridge,0.4,24452,0.3070329899283577,0.3142102486895716,0.023376181051061096
codex-l,balanced5_ridge,0.42,25674,0.3021666818467847,0.309126457417669,0.023032902000801325
codex-l,balanced5_ridge,0.44,26897,0.2967565712371344,0.30361989959957186,0.02312780584377716
codex-l,balanced5_ridge,0.46,28119,0.29056396465299067,0.29710652974040425,0.022516780755064136
codex-l,balanced5_ridge,0.48,29342,0.28798511629242385,0.294374965395241,0.022188122723428627
codex-l,balanced5_ridge,0.5,30564,0.28638781771267713,0.29257171613611654,0.021592742571346024
codex-l,balanced5_ridge,0.52,31787,0.28460177788057367,0.29069683750396996,0.0214160982014453
codex-l,balanced5_ridge,0.54,33010,0.2812478703461208,0.2872107147896846,0.021201385227292757
codex-l,balanced5_ridge,0.56,34232,0.28028054351802734,0.2861615903810401,0.020982715350823078
codex-l,balanced5_ridge,0.58,35455,0.27934264007966897,0.2850681185708589,0.020496256817638114
codex-l,balanced5_ridge,0.6,36677,0.2796736379613096,0.28524893925189554,0.019935026165595282
codex-l,balanced5_ridge,0.62,37900,0.2806946526551431,0.2860953994253645,0.019240647155671642
codex-l,balanced5_ridge,0.64,39123,0.282364841811685,0.2876636229344956,0.018765725537262412
codex-l,balanced5_ridge,0.66,40345,0.2837350214846064,0.28889440729932814,0.018183817379067158
codex-l,balanced5_ridge,0.68,41568,0.2863659142085767,0.2914951932582511,0.017911625634112305
codex-l,balanced5_ridge,0.7,42790,0.2899577706841183,0.2949704771839087,0.017287712234659303
codex-l,balanced5_ridge,0.72,44013,0.2934062836384607,0.2983227133204806,0.016756388517152443
codex-l,balanced5_ridge,0.74,45235,0.2948138520128895,0.29964372810555506,0.016382799043154872
codex-l,balanced5_ridge,0.76,46458,0.296896811779238,0.3016508110587776,0.016012294813979144
codex-l,balanced5_ridge,0.78,47681,0.29792744508305957,0.30268697095935243,0.01597545293272984
codex-l,balanced5_ridge,0.8,48903,0.30280438059556797,0.3074557188408275,0.015360868413168527
codex-l,balanced5_ridge,0.82,50126,0.3106618149029675,0.31534049117829754,0.015060351967593366
codex-l,balanced5_ridge,0.84,51348,0.31848927583423364,0.3231577808123081,0.014658279987123768
codex-l,balanced5_ridge,0.86,52571,0.32532449753474885,0.32989772356619534,0.014057429016571366
codex-l,balanced5_ridge,0.88,53794,0.33036222316395975,0.3348988887253795,0.01373239808707849
codex-l,balanced5_ridge,0.9,55016,0.3332863259606393,0.3378472300001042,0.013684641955588495
codex-l,balanced5_ridge,0.92,56239,0.3336829172281606,0.3383018166838521,0.013842181356060301
codex-l,balanced5_ridge,0.94,57461,0.3330112195502742,0.33799947055446317,0.014979228060020056
codex-l,balanced5_ridge,0.96,58684,0.3388972725395931,0.34396604764202116,0.0149566712781255
codex-l,balanced5_ridge,0.98,59906,0.3331397745287816,0.3381823009336396,0.015136368546777579
codex-l,balanced5_ridge,1.0,61129,0.32990176871301513,0.334842792661744,0.014977258133547888
codex-m,balanced5_ridge,0.02,412,0.10493527451873405,0.14571104756469336,0.3885802294125569
codex-m,balanced5_ridge,0.04,824,0.07581902023166667,0.09759860984851218,0.28725759776765103
codex-m,balanced5_ridge,0.06,1236,0.09389871121644638,0.10861610798228358,0.1567369410631425
codex-m,balanced5_ridge,0.08,1648,0.11587071145426286,0.12798450038829126,0.10454573707187453
codex-m,balanced5_ridge,0.1,2059,0.11811272114814368,0.12875081670890082,0.0900673141499655
codex-m,balanced5_ridge,0.12,2471,0.11888315775326512,0.12863394669630868,0.08201993560164955
codex-m,balanced5_ridge,0.14,2883,0.12111223254004301,0.1303732279377282,0.07646622643689827
codex-m,balanced5_ridge,0.16,3295,0.12273836408396957,0.13047852862793735,0.06306230820114611
codex-m,balanced5_ridge,0.18,3707,0.1258086069745201,0.13260282972527387,0.054004435102995796
codex-m,balanced5_ridge,0.2,4119,0.1360242812042344,0.1424092849617534,0.046940176422856306
codex-m,balanced5_ridge,0.22,4531,0.14706297919621542,0.15317909900855634,0.04158843949557567
codex-m,balanced5_ridge,0.24,4943,0.15614133875487982,0.16154085413825064,0.03458094714973159
codex-m,balanced5_ridge,0.26,5354,0.16284029911371561,0.168030361588623,0.03187210109017924
codex-m,balanced5_ridge,0.28,5766,0.17000847623082824,0.17508447965615112,0.029857354985235895
codex-m,balanced5_ridge,0.3,6178,0.17391099549414607,0.17925958974055647,0.030754779082329264
codex-m,balanced5_ridge,0.32,6590,0.18289360112681063,0.18853404221787684,0.030840013299073155
codex-m,balanced5_ridge,0.34,7002,0.1838746081057654,0.1890826449962023,0.028323850389615712
codex-m,balanced5_ridge,0.36,7414,0.18662986024964348,0.1914863730770113,0.02602216398207413
codex-m,balanced5_ridge,0.38,7826,0.19108634314394396,0.1956376536951347,0.02381808388976414
codex-m,balanced5_ridge,0.4,8238,0.19465435950221455,0.19915169778100442,0.0231042258200167
codex-m,balanced5_ridge,0.42,8649,0.19097308307788316,0.19536317363990902,0.022988006955071638
codex-m,balanced5_ridge,0.44,9061,0.19457272601355616,0.19865552998238206,0.02098343407359904
codex-m,balanced5_ridge,0.46,9473,0.19325640505121258,0.19704764768894986,0.0196176816842506
codex-m,balanced5_ridge,0.48,9885,0.19124630323441988,0.1950075009900314,0.019666773642161406
codex-m,balanced5_ridge,0.5,10297,0.19220020142195401,0.19582409494676523,0.01885478526037221
codex-m,balanced5_ridge,0.52,10709,0.19582887551568562,0.19937201893931134,0.018093059127748168
codex-m,balanced5_ridge,0.54,11121,0.19526907708659566,0.19865958278297563,0.017363249455398355
codex-m,balanced5_ridge,0.56,11533,0.19730184366802747,0.20068299718052157,0.017136958528289892
codex-m,balanced5_ridge,0.58,11945,0.2003505751958836,0.20365559925425447,0.01649620449125022
codex-m,balanced5_ridge,0.6,12356,0.2009882307290098,0.20411088195978652,0.015536487979671554
codex-m,balanced5_ridge,0.62,12768,0.20269415732711518,0.2057061389216699,0.014859735644446204
codex-m,balanced5_ridge,0.64,13180,0.20611282136683456,0.2089318389170141,0.013677060609258884
codex-m,balanced5_ridge,0.66,13592,0.20866328264258818,0.2114043827208302,0.013136475394845304
codex-m,balanced5_ridge,0.68,14004,0.209623151580238,0.2124302997557837,0.013391403355898834
codex-m,balanced5_ridge,0.7,14416,0.21532181808935907,0.21809290105380666,0.012869494550234561
codex-m,balanced5_ridge,0.72,14828,0.2242724937642189,0.22693109291782476,0.011854325552739908
codex-m,balanced5_ridge,0.74,15240,0.2307441121683949,0.23337569951210094,0.011404786535942124
codex-m,balanced5_ridge,0.76,15651,0.2379604511136212,0.24054181431461988,0.010847866479149149
codex-m,balanced5_ridge,0.78,16063,0.24442482885635491,0.24694086769798984,0.010293712195308835
codex-m,balanced5_ridge,0.8,16475,0.2506416103790839,0.2530663740291612,0.009674226264385855
codex-m,balanced5_ridge,0.82,16887,0.25832062381784565,0.2607038496708112,0.009225844292812369
codex-m,balanced5_ridge,0.84,17299,0.2652471846793028,0.26781509408987286,0.00968119384066135
codex-m,balanced5_ridge,0.86,17711,0.27462441764082296,0.2772729884932909,0.00964433853049429
codex-m,balanced5_ridge,0.88,18123,0.28137756061170244,0.28413207681960084,0.009789395436900605
codex-m,balanced5_ridge,0.9,18535,0.2912558539281079,0.2940208809735538,0.00949346427944553
codex-m,balanced5_ridge,0.92,18946,0.3008801115930023,0.30355586876613394,0.008893100839948875
codex-m,balanced5_ridge,0.94,19358,0.31198816677431,0.3146941253890971,0.008673273229444334
codex-m,balanced5_ridge,0.96,19770,0.3223933494214042,0.32509729505350204,0.008387101151281717
codex-m,balanced5_ridge,0.98,20182,0.33238287320565735,0.33501530531369217,0.007919878911468503
codex-m,balanced5_ridge,1.0,20594,0.34234153499948844,0.3449297847479118,0.0075604315685131596
hetionet,balanced5_ridge,0.02,9001,0.5275703629455255,0.6031247665589075,0.14321199392541195
hetionet,balanced5_ridge,0.04,18002,0.5004544065166846,0.5861254000923589,0.1711864107101595
hetionet,balanced5_ridge,0.06,27002,0.5015318899209686,0.5927940555373776,0.18196682494265737
hetionet,balanced5_ridge,0.08,36003,0.5189964956461535,0.6057324225805198,0.16712237493314808
hetionet,balanced5_ridge,0.1,45004,0.5361800394219709,0.6205688279050753,0.1573889034998015
hetionet,balanced5_ridge,0.12,54005,0.5506261528599391,0.6325184134863758,0.14872570109699712
hetionet,balanced5_ridge,0.14,63006,0.5615476551394606,0.6415670154606389,0.14249789770968846
hetionet,balanced5_ridge,0.16,72006,0.5689057131650451,0.6460480062875312,0.13559767697412162
hetionet,balanced5_ridge,0.18,81007,0.5758320447374087,0.6509614517456516,0.13047104219860395
hetionet,balanced5_ridge,0.2,90008,0.5818929369353357,0.6544932772195518,0.12476580428451545
hetionet,balanced5_ridge,0.22,99009,0.5806372611610016,0.6472726027715274,0.1147624275391601
hetionet,balanced5_ridge,0.24,108010,0.5782355772039276,0.6417136196371502,0.10977885992448311
hetionet,balanced5_ridge,0.26,117010,0.5836266314374073,0.643251886833241,0.10216335613229854
hetionet,balanced5_ridge,0.28,126011,0.5917207758590817,0.6470654434039332,0.09353172949606203
hetionet,balanced5_ridge,0.3,135012,0.5986997159719597,0.651876410908895,0.08882031094771037
hetionet,balanced5_ridge,0.32,144013,0.6029547529674952,0.6550123847414897,0.08633754277213712
hetionet,balanced5_ridge,0.34,153014,0.609410453447893,0.6602229128083968,0.0833796976619281
hetionet,balanced5_ridge,0.36,162014,0.6034988722324239,0.6527009460217715,0.0815280293852787
hetionet,balanced5_ridge,0.38,171015,0.5943797821928675,0.6409416120718754,0.07833683324023166
hetionet,balanced5_ridge,0.4,180016,0.5967267066684016,0.6406885484257492,0.07367165113623275
hetionet,balanced5_ridge,0.42,189017,0.5987385659683516,0.6406038234733152,0.06992243340339055
hetionet,balanced5_ridge,0.44,198018,0.6003142219472974,0.6400818328127271,0.06624465889952047
hetionet,balanced5_ridge,0.46,207018,0.6010593299285665,0.6392009783546527,0.06345737687928277
hetionet,balanced5_ridge,0.48,216019,0.6001952662816751,0.6371420874461431,0.06155800160397917
hetionet,balanced5_ridge,0.5,225020,0.5957624009345508,0.6318778344560376,0.06062053171672788
hetionet,balanced5_ridge,0.52,234021,0.5892747855550348,0.6243740035930087,0.05956341404445831
hetionet,balanced5_ridge,0.54,243022,0.5790052394826505,0.6129680869957825,0.058657236924968714
hetionet,balanced5_ridge,0.56,252022,0.5669019400314369,0.5997222082159058,0.05789408338000901
hetionet,balanced5_ridge,0.58,261023,0.5554407509597326,0.5871577378257137,0.0571023764662173
hetionet,balanced5_ridge,0.6,270024,0.5437489770293723,0.5744320349743427,0.0564287184733645
hetionet,balanced5_ridge,0.62,279025,0.5324309958283763,0.5621624183762514,0.0558408935257757
hetionet,balanced5_ridge,0.64,288026,0.5213877522196585,0.5502140847085911,0.0552877054863925
hetionet,balanced5_ridge,0.66,297026,0.510502588474706,0.5385171954305238,0.054876522839033326
hetionet,balanced5_ridge,0.68,306027,0.500223735424042,0.527471102881891,0.054470361017058266
hetionet,balanced5_ridge,0.7,315028,0.4898451098989841,0.5162604579390486,0.05392591965552507
hetionet,balanced5_ridge,0.72,324029,0.4797698623112952,0.5054893743909659,0.053608019386142125
hetionet,balanced5_ridge,0.74,333030,0.46987244130269595,0.494915006145506,0.0532965176109943
hetionet,balanced5_ridge,0.76,342030,0.46083392102079773,0.4852238045877588,0.05292553879917272
hetionet,balanced5_ridge,0.78,351031,0.4519938977459636,0.4757708166018999,0.052604512969110395
hetionet,balanced5_ridge,0.8,360032,0.4434080162018035,0.46664321429889427,0.05240139385868936
hetionet,balanced5_ridge,0.82,369033,0.4348679633431999,0.45751258072726264,0.05207239735476099
hetionet,balanced5_ridge,0.84,378034,0.42728460648977307,0.44936763533703566,0.051682247644442514
hetionet,balanced5_ridge,0.86,387034,0.41990417154890813,0.44143329865515635,0.05127152470725238
hetionet,balanced5_ridge,0.88,396035,0.41320017369257844,0.4342185352675673,0.05086726219681248
hetionet,balanced5_ridge,0.9,405036,0.4052037830457422,0.4254507145996467,0.0499672816520047
hetionet,balanced5_ridge,0.92,414037,0.39814246694664035,0.41775273841711746,0.049254407902951325
hetionet,balanced5_ridge,0.94,423038,0.3908756206663447,0.40983312619233275,0.0485000970223477
hetionet,balanced5_ridge,0.96,432038,0.3847263738804245,0.4030460670193758,0.047617461091048474
hetionet,balanced5_ridge,0.98,441039,0.37829536194126,0.3959092375826188,0.0465611726006141
hetionet,balanced5_ridge,1.0,450040,0.37318845483349955,0.39032189792982713,0.045910967701216165
FB15k-237,balanced5_global_ridge,0.02,816,0.22223720960127202,0.22759641261321747,0.0241147871752021
FB15k-237,balanced5_global_ridge,0.04,1633,0.2411763111211563,0.252071227247714,0.045174072345291805
FB15k-237,balanced5_global_ridge,0.06,2449,0.25815445536704135,0.2717480789879803,0.05265693982159525
FB15k-237,balanced5_global_ridge,0.08,3266,0.26782041912569476,0.27958336689747837,0.043921026672215646
FB15k-237,balanced5_global_ridge,0.1,4082,0.2664904774059797,0.2800809968792522,0.050998142993936346
FB15k-237,balanced5_global_ridge,0.12,4898,0.2707732784308123,0.28349791237883243,0.04699368424300232
FB15k-237,balanced5_global_ridge,0.14,5715,0.2781191877953615,0.2916381632645104,0.04860856806146052
FB15k-237,balanced5_global_ridge,0.16,6531,0.2834105667408254,0.295131835546913,0.04135791033086833
FB15k-237,balanced5_global_ridge,0.18,7347,0.31911365272164505,0.33015995433906237,0.03461557198573617
FB15k-237,balanced5_global_ridge,0.2,8164,0.3544029418470799,0.3641956098694051,0.02763145241201359
FB15k-237,balanced5_global_ridge,0.22,8980,0.38719261732749066,0.3961917357330136,0.023241967958059995
FB15k-237,balanced5_global_ridge,0.24,9797,0.4077904333199419,0.4160327683821231,0.020212183486203683
FB15k-237,balanced5_global_ridge,0.26,10613,0.4196284708026343,0.42731377164521944,0.01831453625604862
FB15k-237,balanced5_global_ridge,0.28,11429,0.42200261495304586,0.4288841630501549,0.016306884965332946
FB15k-237,balanced5_global_ridge,0.3,12246,0.42352687269550426,0.4300340527694807,0.01536426728382545
FB15k-237,balanced5_global_ridge,0.32,13062,0.425477625385471,0.43184285475495776,0.014960197645457862
FB15k-237,balanced5_global_ridge,0.34,13878,0.42329390538428585,0.43001398228896487,0.015875676023679564
FB15k-237,balanced5_global_ridge,0.36,14695,0.4183307008917863,0.4251244236669801,0.016240076955172267
FB15k-237,balanced5_global_ridge,0.38,15511,0.4204800454753805,0.42685855242663523,0.015169583003739051
FB15k-237,balanced5_global_ridge,0.4,16328,0.41668316293887764,0.4227946916237772,0.014667088158289765
FB15k-237,balanced5_global_ridge,0.42,17144,0.4146573961500499,0.4203273485938129,0.013673824454613737
FB15k-237,balanced5_global_ridge,0.44,17960,0.414439053416644,0.4199239903090979,0.013234604333824063
FB15k-237,balanced5_global_ridge,0.46,18777,0.4202351287666529,0.42548013307249183,0.012481118180749151
FB15k-237,balanced5_global_ridge,0.48,19593,0.4289297278254585,0.43399866507586565,0.01181764033028232
FB15k-237,balanced5_global_ridge,0.5,20410,0.43604246627471366,0.44090073684458775,0.011141737205965896
FB15k-237,balanced5_global_ridge,0.52,21226,0.44237266505047834,0.4470080213869921,0.01047839684213936
FB15k-237,balanced5_global_ridge,0.54,22042,0.4481624243601756,0.4525901822738664,0.00987980623322482
FB15k-237,balanced5_global_ridge,0.56,22859,0.45260985047751606,0.45689084211706404,0.009458458836084649
FB15k-237,balanced5_global_ridge,0.58,23675,0.45825567358364355,0.46237743996570113,0.008994468851470261
FB15k-237,balanced5_global_ridge,0.6,24491,0.4595766486717716,0.4636200387416894,0.00879807553670009
FB15k-237,balanced5_global_ridge,0.62,25308,0.4582609293192658,0.4621641517336876,0.008517467156145875
FB15k-237,balanced5_global_ridge,0.64,26124,0.45480063327685016,0.45858959834519114,0.00833104615761271
FB15k-237,balanced5_global_ridge,0.66,26941,0.44983226002331905,0.4535102942865063,0.008176457293206596
FB15k-237,balanced5_global_ridge,0.68,27757,0.44430621008364024,0.44787703335480233,0.008036852040600229
FB15k-237,balanced5_global_ridge,0.7,28573,0.43580273319169344,0.43927023726650255,0.007956590931438523
FB15k-237,balanced5_global_ridge,0.72,29390,0.4288105560028638,0.4321576632218175,0.0078055616217884705
FB15k-237,balanced5_global_ridge,0.74,30206,0.42268758301196013,0.4259487934732981,0.007715415811601289
FB15k-237,balanced5_global_ridge,0.76,31022,0.41634406522242984,0.4195390798659293,0.00767397667069547
FB15k-237,balanced5_global_ridge,0.78,31839,0.40899321598461763,0.4120884976714034,0.00756805141457928
FB15k-237,balanced5_global_ridge,0.8,32655,0.4024125239095763,0.4054396770054538,0.007522512138707027
FB15k-237,balanced5_global_ridge,0.82,33472,0.39616916471975033,0.3991704248337448,0.007575703465254824
FB15k-237,balanced5_global_ridge,0.84,34288,0.39003818386858075,0.39296577130256855,0.007505899563346796
FB15k-237,balanced5_global_ridge,0.86,35104,0.3835986952333449,0.38645706444399613,0.007451457072638057
FB15k-237,balanced5_global_ridge,0.88,35921,0.3784903150573229,0.3812986789306634,0.0074199094709073155
FB15k-237,balanced5_global_ridge,0.9,36737,0.3750259096948248,0.3777018805065027,0.007135429159695894
FB15k-237,balanced5_global_ridge,0.92,37553,0.37150172531475756,0.3741145443471164,0.0070331275854642605
FB15k-237,balanced5_global_ridge,0.94,38370,0.3651734854007757,0.36787130976701415,0.007387788199566536
FB15k-237,balanced5_global_ridge,0.96,39186,0.35909911553028573,0.3617565079386126,0.007400164170280998
FB15k-237,balanced5_global_ridge,0.98,40003,0.35624411097064046,0.3590820849433524,0.007966374419438038
FB15k-237,balanced5_global_ridge,1.0,40819,0.35281198551723697,0.3560530550713822,0.009186393000208515
KG20C,balanced5_global_ridge,0.02,149,0.09121417754905756,0.09311364654973478,0.02082427372275153
KG20C,balanced5_global_ridge,0.04,298,0.08409342054149585,0.09059145691691144,0.07727163829908834
KG20C,balanced5_global_ridge,0.06,447,0.08565541338718645,0.09037017140599556,0.05504331638091675
KG20C,balanced5_global_ridge,0.08,596,0.09792004045303189,0.10188627817385984,0.04050486195142433
KG20C,balanced5_global_ridge,0.1,745,0.10109859759931594,0.10866122217916716,0.07480444595111169
KG20C,balanced5_global_ridge,0.12,894,0.10065315116030925,0.10741558595231711,0.06718552488473417
KG20C,balanced5_global_ridge,0.14,1043,0.10477812128792877,0.11029778737243778,0.05267956722893574
KG20C,balanced5_global_ridge,0.16,1192,0.1026621727984735,0.1085171471614718,0.05703146741781562
KG20C,balanced5_global_ridge,0.18,1341,0.10412005492293933,0.11196004080442823,0.07529755806690064
KG20C,balanced5_global_ridge,0.2,1490,0.10803805831967982,0.11596115401693552,0.07333615413386663
KG20C,balanced5_global_ridge,0.22,1639,0.11496268601244836,0.12332327210181288,0.07272434543204054
KG20C,balanced5_global_ridge,0.24,1788,0.12033862020009047,0.1280160752398555,0.06379876241724824
KG20C,balanced5_global_ridge,0.26,1936,0.12806603404214045,0.1346198394600161,0.05117520400232811
KG20C,balanced5_global_ridge,0.28,2085,0.13172933955284344,0.13826730542203605,0.04963181240705983
KG20C,balanced5_global_ridge,0.3,2234,0.13354716904338004,0.14093467194364173,0.0553175552366969
KG20C,balanced5_global_ridge,0.32,2383,0.13835335367680396,0.14722470694684117,0.06412098466915994
KG20C,balanced5_global_ridge,0.34,2532,0.14720490606249137,0.1561401359539879,0.06069926696399208
KG20C,balanced5_global_ridge,0.36,2681,0.16837049370926213,0.17694704666757738,0.05093857462415596
KG20C,balanced5_global_ridge,0.38,2830,0.19320598912164477,0.20140407654260684,0.04243184933465205
KG20C,balanced5_global_ridge,0.4,2979,0.20827512700958858,0.2160966618480243,0.03755385941056533
KG20C,balanced5_global_ridge,0.42,3128,0.20796464578021465,0.21572682439747284,0.03732451055869168
KG20C,balanced5_global_ridge,0.44,3277,0.20711017229946027,0.21600722092134894,0.042958047512144715
KG20C,balanced5_global_ridge,0.46,3426,0.20656638621654916,0.2161183655066263,0.04624169239260234
KG20C,balanced5_global_ridge,0.48,3575,0.20470154580380168,0.2144769098510811,0.047754226812965594
KG20C,balanced5_global_ridge,0.5,3724,0.20621352846076096,0.2163679951702106,0.04924248561792033
KG20C,balanced5_global_ridge,0.52,3873,0.20581204839905523,0.21647989867162507,0.05183297263474884
KG20C,balanced5_global_ridge,0.54,4022,0.2057145081527471,0.21661388667145567,0.05298303273104854
KG20C,balanced5_global_ridge,0.56,4171,0.20578610034038744,0.21637192216641982,0.05144089813900221
KG20C,balanced5_global_ridge,0.58,4320,0.20719379862568646,0.21785828129600368,0.05147105145547104
KG20C,balanced5_global_ridge,0.6,4469,0.2055605625892712,0.2165195947185813,0.053312911733985
KG20C,balanced5_global_ridge,0.62,4618,0.20743470108605014,0.21795277309096459,0.050705460320022544
KG20C,balanced5_global_ridge,0.64,4767,0.20578051894930702,0.21596747601514416,0.049503991523836444
KG20C,balanced5_global_ridge,0.66,4916,0.20356664066585003,0.21368000336096668,0.04968084486749236
KG20C,balanced5_global_ridge,0.68,5065,0.20806082243124718,0.21812141157295742,0.04835407754400611
KG20C,balanced5_global_ridge,0.7,5214,0.21638298070260883,0.22585575652946605,0.04377782298819688
KG20C,balanced5_global_ridge,0.72,5363,0.22295028638647027,0.23206569512723976,0.040885387000438866
KG20C,balanced5_global_ridge,0.74,5512,0.22719180164107736,0.23597892524013994,0.03867711570395782
KG20C,balanced5_global_ridge,0.76,5660,0.23587790523886581,0.24442873236359652,0.036251072842416354
KG20C,balanced5_global_ridge,0.78,5809,0.23622347892781317,0.24462126899906897,0.035550192171295736
KG20C,balanced5_global_ridge,0.8,5958,0.244270839658934,0.25251568180224176,0.03375287101325597
KG20C,balanced5_global_ridge,0.82,6107,0.24429649169124223,0.25244021582023757,0.03333541170655829
KG20C,balanced5_global_ridge,0.84,6256,0.24287730773588498,0.25110419695608976,0.03387261369494032
KG20C,balanced5_global_ridge,0.86,6405,0.24105505011749515,0.24932398400307404,0.03430309334547621
KG20C,balanced5_global_ridge,0.88,6554,0.2391878638570931,0.24734382794826157,0.03409856988413673
KG20C,balanced5_global_ridge,0.9,6703,0.23664566582649815,0.24432571320925936,0.032453784251396334
KG20C,balanced5_global_ridge,0.92,6852,0.23358797235150164,0.24148492706401292,0.033807197489723384
KG20C,balanced5_global_ridge,0.94,7001,0.2314932815957829,0.2395528301620762,0.0348154750355405
KG20C,balanced5_global_ridge,0.96,7150,0.23101327710162753,0.23879319160265253,0.033677347893742215
KG20C,balanced5_global_ridge,0.98,7299,0.22855415410415758,0.23626170445236006,0.03372308142205083
KG20C,balanced5_global_ridge,1.0,7448,0.22638074035722044,0.23398674950607826,0.033598304947920044
WN18RR,balanced5_global_ridge,0.02,121,0.5690488450825187,0.5925482471671394,0.04129593142608523
WN18RR,balanced5_global_ridge,0.04,242,0.5987196466686928,0.6177138493359792,0.0317247024930134
WN18RR,balanced5_global_ridge,0.06,363,0.5342911422773834,0.5511739076655975,0.031598437728636686
WN18RR,balanced5_global_ridge,0.08,484,0.4671033099263643,0.4781102006066057,0.023564146188509216
WN18RR,balanced5_global_ridge,0.1,606,0.4196149651006093,0.4299429267840287,0.024612948875508023
WN18RR,balanced5_global_ridge,0.12,727,0.3944586947959642,0.401948996851776,0.018988812148471368
WN18RR,balanced5_global_ridge,0.14,848,0.44319438592172683,0.4498636824118565,0.01504824226565793
WN18RR,balanced5_global_ridge,0.16,969,0.480474831139644,0.48638780592910175,0.012306523476854458
WN18RR,balanced5_global_ridge,0.18,1090,0.5214073605292332,0.526610660615276,0.00997933761572023
WN18RR,balanced5_global_ridge,0.2,1211,0.5667256347458823,0.5714090414936271,0.00826397547703106
WN18RR,balanced5_global_ridge,0.22,1332,0.6060605432509707,0.6103185053917507,0.007025638260395262
WN18RR,balanced5_global_ridge,0.24,1453,0.6381563516368293,0.6420597283526307,0.006116646345036836
WN18RR,balanced5_global_ridge,0.26,1574,0.6634138170363673,0.6670171247670277,0.005431463195562092
WN18RR,balanced5_global_ridge,0.28,1695,0.6868329739157231,0.6901790545749631,0.004871753084543462
WN18RR,balanced5_global_ridge,0.3,1816,0.7076819271543142,0.7108050586066335,0.004413185263721253
WN18RR,balanced5_global_ridge,0.32,1938,0.7224711145235013,0.7254397433745166,0.004108993136664241
WN18RR,balanced5_global_ridge,0.34,2059,0.7361158165517855,0.7389464117101758,0.0038453122385684324
WN18RR,balanced5_global_ridge,0.36,2180,0.750749900758516,0.7534233849012342,0.003561084909924128
WN18RR,balanced5_global_ridge,0.38,2301,0.7634959569723416,0.7660348949562403,0.0033254111704361655
WN18RR,balanced5_global_ridge,0.4,2422,0.7753417542753612,0.777756809512939,0.003114826751249744
WN18RR,balanced5_global_ridge,0.42,2543,0.7860033075512389,0.7883231098738934,0.0029513900264386272
WN18RR,balanced5_global_ridge,0.44,2664,0.7927474510241007,0.79498475094478,0.002822210172721551
WN18RR,balanced5_global_ridge,0.46,2785,0.8000558559776622,0.8023421408490911,0.0028576565677842503
WN18RR,balanced5_global_ridge,0.48,2906,0.8081420905618912,0.8103331791258725,0.002711266483419905
WN18RR,balanced5_global_ridge,0.5,3028,0.8146226924744473,0.8167990658044845,0.002671633567469467
WN18RR,balanced5_global_ridge,0.52,3149,0.8072046493742059,0.8093862984191769,0.0027027211087824465
WN18RR,balanced5_global_ridge,0.54,3270,0.7890606864067292,0.7913522696085894,0.0029041913268998965
WN18RR,balanced5_global_ridge,0.56,3391,0.7735562171788135,0.7760396507773694,0.0032104112712234567
WN18RR,balanced5_global_ridge,0.58,3512,0.7572548930387134,0.7597066332133929,0.003237668316464992
WN18RR,balanced5_global_ridge,0.6,3633,0.7448026749553291,0.7473964490690561,0.003482498386411681
WN18RR,balanced5_global_ridge,0.62,3754,0.7322157199575887,0.7349360919481446,0.0037152602933920864
WN18RR,balanced5_global_ridge,0.64,3875,0.7172328127962114,0.719944280577109,0.0037804569625399242
WN18RR,balanced5_global_ridge,0.66,3996,0.7051571003099159,0.7079306087295657,0.0039331780371081315
WN18RR,balanced5_global_ridge,0.68,4117,0.6925182904313664,0.6951071787453911,0.0037383681410234626
WN18RR,balanced5_global_ridge,0.7,4238,0.6793961538266445,0.6819342685485172,0.0037358391088571086
WN18RR,balanced5_global_ridge,0.72,4360,0.6646301427030424,0.6671553926123416,0.0037994814665325283
WN18RR,balanced5_global_ridge,0.74,4481,0.6519761538102344,0.6545332033163762,0.003921998513592984
WN18RR,balanced5_global_ridge,0.76,4602,0.6388434030237821,0.6413846144536023,0.003977831527714137
WN18RR,balanced5_global_ridge,0.78,4723,0.6253898048635252,0.6277489968457001,0.0037723544001322384
WN18RR,balanced5_global_ridge,0.8,4844,0.6118842997343553,0.6142041965502439,0.0037913978457950748
WN18RR,balanced5_global_ridge,0.82,4965,0.5987210431105358,0.6009940139306733,0.003796377037841747
WN18RR,balanced5_global_ridge,0.84,5086,0.5860565762764258,0.5882854254349132,0.003803129678449535
WN18RR,balanced5_global_ridge,0.86,5207,0.5752367720253999,0.5774322771908854,0.003816698222812054
WN18RR,balanced5_global_ridge,0.88,5328,0.565638184770839,0.567814693301167,0.003847881187882818
WN18RR,balanced5_global_ridge,0.9,5450,0.5560511794960603,0.5582450931906914,0.003945524756586938
WN18RR,balanced5_global_ridge,0.92,5571,0.5462306057712178,0.5484052109601504,0.0039811119442167975
WN18RR,balanced5_global_ridge,0.94,5692,0.5373952464493917,0.539540946639689,0.003992778507949213
WN18RR,balanced5_global_ridge,0.96,5813,0.528289188675651,0.5304207862421391,0.0040349066613150075
WN18RR,balanced5_global_ridge,0.98,5934,0.5203429836847366,0.5224769212879021,0.00410102119193434
WN18RR,balanced5_global_ridge,1.0,6055,0.5112021246888968,0.5133269561687425,0.0041565388272568615
YAGO3-10,balanced5_global_ridge,0.02,200,0.6297989212973432,0.6406465787317103,0.01722400129238344
YAGO3-10,balanced5_global_ridge,0.04,399,0.6478441201140049,0.6703060848876355,0.03467186638921382
YAGO3-10,balanced5_global_ridge,0.06,598,0.6823583112882018,0.7109109914365416,0.04184411573215274
YAGO3-10,balanced5_global_ridge,0.08,798,0.7160489950217019,0.7399609673938005,0.03339432432465572
YAGO3-10,balanced5_global_ridge,0.1,998,0.7257492622100843,0.752920325025655,0.03743863649661616
YAGO3-10,balanced5_global_ridge,0.12,1197,0.7269729317237743,0.7593431792741292,0.04452744543541609
YAGO3-10,balanced5_global_ridge,0.14,1397,0.7308456146314324,0.7640002742313635,0.04536479242151725
YAGO3-10,balanced5_global_ridge,0.16,1596,0.744432536313301,0.7775951918761648,0.04454756333877774
YAGO3-10,balanced5_global_ridge,0.18,1796,0.7554193542834065,0.7893715810987062,0.044944872834912886
YAGO3-10,balanced5_global_ridge,0.2,1995,0.7657811174788253,0.7986238746133625,0.042887917167068856
YAGO3-10,balanced5_global_ridge,0.22,2194,0.777532946547815,0.8097378519061615,0.04141934499539057
YAGO3-10,balanced5_global_ridge,0.24,2394,0.781986769148761,0.8136810959171897,0.040530515372951825
YAGO3-10,balanced5_global_ridge,0.26,2594,0.7822149751371797,0.8148515345423573,0.04172326079471178
YAGO3-10,balanced5_global_ridge,0.28,2793,0.776503263065978,0.8073849910207537,0.03977024878535729
YAGO3-10,balanced5_global_ridge,0.3,2992,0.7568340271324957,0.7877860942754037,0.040896770009376526
YAGO3-10,balanced5_global_ridge,0.32,3192,0.7433980470412331,0.7739804753570019,0.041138698759686676
YAGO3-10,balanced5_global_ridge,0.34,3392,0.727593570482038,0.7569236582497539,0.04031108706511044
YAGO3-10,balanced5_global_ridge,0.36,3591,0.7202668688238162,0.7480509772050421,0.03857474164624142
YAGO3-10,balanced5_global_ridge,0.38,3790,0.7152532974938526,0.7417980811531265,0.037112424021368495
YAGO3-10,balanced5_global_ridge,0.4,3990,0.71239020062453,0.7381500572255981,0.03615975708043884
YAGO3-10,balanced5_global_ridge,0.42,4190,0.70748340972555,0.7333511004872597,0.03656296445416918
YAGO3-10,balanced5_global_ridge,0.44,4389,0.7049476483055108,0.7305758135458527,0.03635470705086319
YAGO3-10,balanced5_global_ridge,0.46,4588,0.6968705191850985,0.7245961833221364,0.03978596220350883
YAGO3-10,balanced5_global_ridge,0.48,4788,0.6933045853857226,0.7201894247682096,0.03877781850747386
YAGO3-10,balanced5_global_ridge,0.5,4988,0.6924517888701525,0.718762129167677,0.037995916423949394
YAGO3-10,balanced5_global_ridge,0.52,5187,0.6894010454296625,0.7162878408200349,0.03900022427963612
YAGO3-10,balanced5_global_ridge,0.54,5386,0.6812546866396381,0.708564436896956,0.04008743101941259
YAGO3-10,balanced5_global_ridge,0.56,5586,0.6728376992689977,0.69978012380096,0.04004297702288939
YAGO3-10,balanced5_global_ridge,0.58,5786,0.6655630913643692,0.6926622957858121,0.04071620673239407
YAGO3-10,balanced5_global_ridge,0.6,5985,0.6701784129390469,0.6965908751001275,0.0394110906157803
YAGO3-10,balanced5_global_ridge,0.62,6184,0.6763195784117871,0.7019606451524236,0.037912648929741
YAGO3-10,balanced5_global_ridge,0.64,6384,0.6820831036102678,0.7071416103689872,0.03673820187904475
YAGO3-10,balanced5_global_ridge,0.66,6584,0.6803731724682481,0.7054936917454274,0.03692167812267999
YAGO3-10,balanced5_global_ridge,0.68,6783,0.6716590423839484,0.6962810513520932,0.03665849398938015
YAGO3-10,balanced5_global_ridge,0.7,6982,0.6636589759298815,0.688151176542953,0.036904798249363546
YAGO3-10,balanced5_global_ridge,0.72,7182,0.6664984253088698,0.690386014785305,0.03584042897830586
YAGO3-10,balanced5_global_ridge,0.74,7382,0.6685468598473718,0.6919308214249805,0.034977296255564116
YAGO3-10,balanced5_global_ridge,0.76,7581,0.6638358816703097,0.6868517358828272,0.034671000540986485
YAGO3-10,balanced5_global_ridge,0.78,7780,0.6563613838170967,0.6792773709289255,0.03491367359024067
YAGO3-10,balanced5_global_ridge,0.8,7980,0.6462569447342501,0.6687062763668068,0.03473747062290866
YAGO3-10,balanced5_global_ridge,0.82,8179,0.6388309160420816,0.6607504115046966,0.03431188897121418
YAGO3-10,balanced5_global_ridge,0.84,8379,0.6306303076510742,0.6520992786780614,0.03404367149265819
YAGO3-10,balanced5_global_ridge,0.86,8578,0.6264503238408523,0.6475462301829259,0.03367530598872026
YAGO3-10,balanced5_global_ridge,0.88,8778,0.6192514110823761,0.639901458399579,0.0333467908956544
YAGO3-10,balanced5_global_ridge,0.9,8978,0.610150393347,0.6303994616727157,0.03318701183594852
YAGO3-10,balanced5_global_ridge,0.92,9177,0.6017840615848713,0.6215980141766282,0.032925352890826654
YAGO3-10,balanced5_global_ridge,0.94,9376,0.5918810766416923,0.6114483767285445,0.03305951289721265
YAGO3-10,balanced5_global_ridge,0.96,9576,0.5823417672948518,0.601632960209708,0.033126926485918196
YAGO3-10,balanced5_global_ridge,0.98,9776,0.5727710310852857,0.5917027619255444,0.03305287769946541
YAGO3-10,balanced5_global_ridge,1.0,9975,0.561672321790585,0.5802260659200453,0.03303303974515215
codex-l,balanced5_global_ridge,0.02,1223,0.5416329079817539,0.5480850754602141,0.011912436233799895
codex-l,balanced5_global_ridge,0.04,2445,0.5004652003487149,0.5104306393034529,0.01991235144380532
codex-l,balanced5_global_ridge,0.06,3668,0.4249261569357848,0.4334838883812793,0.020139337872739693
codex-l,balanced5_global_ridge,0.08,4890,0.37798739155083244,0.3856754847966772,0.020339549460370865
codex-l,balanced5_global_ridge,0.1,6113,0.35696467058628817,0.3640049113142948,0.019722514041637718
codex-l,balanced5_global_ridge,0.12,7335,0.3315891042767781,0.33862287891074616,0.021212321343637708
codex-l,balanced5_global_ridge,0.14,8558,0.2978996340639122,0.3044485801473318,0.02198373322611924
codex-l,balanced5_global_ridge,0.16,9781,0.276355697360725,0.28280238064094715,0.023327484621412875
codex-l,balanced5_global_ridge,0.18,11003,0.2619059601934434,0.2681560057810233,0.023863701242093027
codex-l,balanced5_global_ridge,0.2,12226,0.26962429518896924,0.2761218820988619,0.024098669985725074
codex-l,balanced5_global_ridge,0.22,13448,0.2724577237060903,0.2794445852393746,0.02564383728325237
codex-l,balanced5_global_ridge,0.24,14671,0.2851132794244768,0.29269816627760814,0.026603064116978548
codex-l,balanced5_global_ridge,0.26,15894,0.28470388988072726,0.29242811997630463,0.02713075012362265
codex-l,balanced5_global_ridge,0.28,17116,0.2895759960016159,0.29811293280942314,0.029480816523755005
codex-l,balanced5_global_ridge,0.3,18339,0.30069357787536327,0.3090269060343863,0.027713688526055602
codex-l,balanced5_global_ridge,0.32,19561,0.29647280792118175,0.30452318234151693,0.027153837401760583
codex-l,balanced5_global_ridge,0.34,20784,0.30752399107986195,0.3153635475530713,0.02549250367648037
codex-l,balanced5_global_ridge,0.36,22006,0.3132916843588262,0.3206315134747596,0.02342810065627776
codex-l,balanced5_global_ridge,0.38,23229,0.3292976007079215,0.33619320544367864,0.020940343084592694
codex-l,balanced5_global_ridge,0.4,24452,0.3374455167062693,0.3441723660561686,0.019934623566964405
codex-l,balanced5_global_ridge,0.42,25674,0.3369594036914411,0.34330082076333907,0.018819528413294817
codex-l,balanced5_global_ridge,0.44,26897,0.3439695957026848,0.3502180051664506,0.01816558655715217
codex-l,balanced5_global_ridge,0.46,28119,0.35283669862131756,0.35872978980017894,0.016702035819653016
codex-l,balanced5_global_ridge,0.48,29342,0.3573157175173557,0.3631774055364838,0.016404786388506398
codex-l,balanced5_global_ridge,0.5,30564,0.3598597651619571,0.3655737016257427,0.015878230958145556
codex-l,balanced5_global_ridge,0.52,31787,0.36977919033518797,0.3757088761498151,0.01603574773705385
codex-l,balanced5_global_ridge,0.54,33010,0.38150362283614725,0.3876876278145464,0.016209557677136832
codex-l,balanced5_global_ridge,0.56,34232,0.3903155578553974,0.39638231751073216,0.015543217617736804
codex-l,balanced5_global_ridge,0.58,35455,0.3985388462464515,0.4044216967941086,0.014761046766365249
codex-l,balanced5_global_ridge,0.6,36677,0.4024095362266482,0.4082580109328238,0.014533638444595764
codex-l,balanced5_global_ridge,0.62,37900,0.4070103628682524,0.4127250183167813,0.014040564982810366
codex-l,balanced5_global_ridge,0.64,39123,0.40863456870301,0.4144016627778007,0.014113084199154358
codex-l,balanced5_global_ridge,0.66,40345,0.4057591216013045,0.41151032408335536,0.014173932700154879
codex-l,balanced5_global_ridge,0.68,41568,0.4033798288435985,0.40901324928598526,0.013965548199414313
codex-l,balanced5_global_ridge,0.7,42790,0.39898526857863353,0.40456858581918087,0.013993792954906992
codex-l,balanced5_global_ridge,0.72,44013,0.39501584587547556,0.40047778806369094,0.013827147050544442
codex-l,balanced5_global_ridge,0.74,45235,0.3911489976932901,0.39647761851696134,0.01362299495868724
codex-l,balanced5_global_ridge,0.76,46458,0.387214782647316,0.3924221894406472,0.01344836774497371
codex-l,balanced5_global_ridge,0.78,47681,0.3833298532411669,0.3884593261308635,0.013381355107945136
codex-l,balanced5_global_ridge,0.8,48903,0.37835592030083154,0.3834321399257061,0.013416519611582745
codex-l,balanced5_global_ridge,0.82,50126,0.37310850456017886,0.3781442116884089,0.013496629175381969
codex-l,balanced5_global_ridge,0.84,51348,0.36879991909009824,0.3738122301156365,0.013590868018367841
codex-l,balanced5_global_ridge,0.86,52571,0.3648561472255809,0.36976218485250983,0.013446498474083857
codex-l,balanced5_global_ridge,0.88,53794,0.35952201886128327,0.3642990717735998,0.013287233219948513
codex-l,balanced5_global_ridge,0.9,55016,0.35513455995283183,0.3599335559433017,0.013513176501625868
codex-l,balanced5_global_ridge,0.92,56239,0.35054694924034674,0.3552593892238763,0.013443106533209459
codex-l,balanced5_global_ridge,0.94,57461,0.3458313160956958,0.35049540986591876,0.013486614870159341
codex-l,balanced5_global_ridge,0.96,58684,0.34037290502903256,0.3450409834276532,0.013714600456292247
codex-l,balanced5_global_ridge,0.98,59906,0.33441713712457305,0.33878216704058617,0.01305265021268065
codex-l,balanced5_global_ridge,1.0,61129,0.32990176871301513,0.334842792661744,0.014977258133547888
codex-m,balanced5_global_ridge,0.02,412,0.4936632650876262,0.4921486122341603,-0.0030681903244249575
codex-m,balanced5_global_ridge,0.04,824,0.37614076034086064,0.37504084082381295,-0.0029242231446837685
codex-m,balanced5_global_ridge,0.06,1236,0.3693651318415251,0.37050170980167924,0.0030771122181663113
codex-m,balanced5_global_ridge,0.08,1648,0.391435575935488,0.39329348445139906,0.004746396674525144
codex-m,balanced5_global_ridge,0.1,2059,0.4145283810431485,0.41588088565835574,0.0032627551623938267
codex-m,balanced5_global_ridge,0.12,2471,0.44304110448910516,0.444827077813966,0.004031168455397305
codex-m,balanced5_global_ridge,0.14,2883,0.43335674803148755,0.4350402050589524,0.00388469092753696
codex-m,balanced5_global_ridge,0.16,3295,0.4464633196727825,0.448560952275298,0.004698331330002414
codex-m,balanced5_global_ridge,0.18,3707,0.4453444985791978,0.4473912483405177,0.004595879746689846
codex-m,balanced5_global_ridge,0.2,4119,0.43716387837335124,0.4403884007540216,0.007376003691495603
codex-m,balanced5_global_ridge,0.22,4531,0.42940580041816495,0.4326757080634401,0.007614959188000814
codex-m,balanced5_global_ridge,0.24,4943,0.422215859594887,0.4252493022051704,0.007184577607278753
codex-m,balanced5_global_ridge,0.26,5354,0.4110472777611338,0.4141166651645064,0.007467236907858332
codex-m,balanced5_global_ridge,0.28,5766,0.4299529166944455,0.43248677385653106,0.005893336371727065
codex-m,balanced5_global_ridge,0.3,6178,0.44742860037214377,0.4506033868582505,0.007095627064220178
codex-m,balanced5_global_ridge,0.32,6590,0.4609603234418992,0.46385429413195156,0.006278134023431026
codex-m,balanced5_global_ridge,0.34,7002,0.4704062243620442,0.4729358474250343,0.005377528893076855
codex-m,balanced5_global_ridge,0.36,7414,0.47549554471765537,0.47814550654144083,0.005573052898653286
codex-m,balanced5_global_ridge,0.38,7826,0.48248397111526037,0.48519582730103944,0.005620614047572747
codex-m,balanced5_global_ridge,0.4,8238,0.4907608609725424,0.493288735708257,0.005150929784223379
codex-m,balanced5_global_ridge,0.42,8649,0.4926034362123916,0.49519384075763156,0.005258600234617772
codex-m,balanced5_global_ridge,0.44,9061,0.49298370177867407,0.49555366331957834,0.005213076074588097
codex-m,balanced5_global_ridge,0.46,9473,0.4894587919548423,0.49196822982972954,0.005126964549691415
codex-m,balanced5_global_ridge,0.48,9885,0.48967808734725876,0.49193543089173974,0.0046098520697746
codex-m,balanced5_global_ridge,0.5,10297,0.48697992893588504,0.4892441367245637,0.0046494889299160125
codex-m,balanced5_global_ridge,0.52,10709,0.48343682299330293,0.48567021878914374,0.004619829706004275
codex-m,balanced5_global_ridge,0.54,11121,0.4767201520714759,0.4788718767483158,0.004513601255348831
codex-m,balanced5_global_ridge,0.56,11533,0.4722408101812522,0.4742152788941686,0.004181063284552922
codex-m,balanced5_global_ridge,0.58,11945,0.46621053058480805,0.46812332500672915,0.0041028554621487245
codex-m,balanced5_global_ridge,0.6,12356,0.4615467133130681,0.4633544729319978,0.003916742480849278
codex-m,balanced5_global_ridge,0.62,12768,0.45524896115815044,0.4569714526899817,0.0037836253979564027
codex-m,balanced5_global_ridge,0.64,13180,0.44958386928488975,0.4513007985551333,0.0038189298761419632
codex-m,balanced5_global_ridge,0.66,13592,0.4421386012629872,0.4438233792739347,0.0038105200634708236
codex-m,balanced5_global_ridge,0.68,14004,0.4363898731545496,0.4379848417372169,0.003654916579841183
codex-m,balanced5_global_ridge,0.7,14416,0.4313835708400607,0.4329621222449545,0.0036592756692606088
codex-m,balanced5_global_ridge,0.72,14828,0.4265502475009451,0.4280971869731255,0.0036266289405375574
codex-m,balanced5_global_ridge,0.74,15240,0.42135355267942926,0.42294729212006865,0.003782427917136788
codex-m,balanced5_global_ridge,0.76,15651,0.4159298138378901,0.41755941594161833,0.003917973777093353
codex-m,balanced5_global_ridge,0.78,16063,0.41028944075886037,0.4119434427374663,0.0040313052550091655
codex-m,balanced5_global_ridge,0.8,16475,0.4059630958204808,0.4075989129691348,0.004029472544414103
codex-m,balanced5_global_ridge,0.82,16887,0.40126057408634785,0.4029467261689418,0.004202137442566478
codex-m,balanced5_global_ridge,0.84,17299,0.3950321378677767,0.3966350012400416,0.00405755182582479
codex-m,balanced5_global_ridge,0.86,17711,0.3881271904269977,0.3897137503207964,0.0040877318902940996
codex-m,balanced5_global_ridge,0.88,18123,0.3818026854778765,0.38342935594598376,0.004260500331660255
codex-m,balanced5_global_ridge,0.9,18535,0.3744715187172821,0.37618738079934655,0.004582089681858692
codex-m,balanced5_global_ridge,0.92,18946,0.3674053331563726,0.3691871411306317,0.0048497063419075115
codex-m,balanced5_global_ridge,0.94,19358,0.36090761371226854,0.3627042505481578,0.004978107326163661
codex-m,balanced5_global_ridge,0.96,19770,0.3541589112700883,0.3559681679837854,0.005108601410617419
codex-m,balanced5_global_ridge,0.98,20182,0.34765451866926694,0.3494730314451483,0.005230804371081366
codex-m,balanced5_global_ridge,1.0,20594,0.34234153499948855,0.3449297847479118,0.0075604315685127155
hetionet,balanced5_global_ridge,0.02,9001,0.38591698081340853,0.48875923806224836,0.26648803333835214
hetionet,balanced5_global_ridge,0.04,18002,0.42277676530269653,0.5284411019687415,0.24992938434162104
hetionet,balanced5_global_ridge,0.06,27002,0.4806043201112065,0.576821384201913,0.2002001648017706
hetionet,balanced5_global_ridge,0.08,36003,0.5092711022193747,0.5983725546851387,0.17495878340134552
hetionet,balanced5_global_ridge,0.1,45004,0.5321372695816028,0.616042577609719,0.1576760599649174
hetionet,balanced5_global_ridge,0.12,54005,0.5444821848289157,0.6285074357139323,0.1543213960460772
hetionet,balanced5_global_ridge,0.14,63006,0.5586960716045916,0.6386974501911585,0.1431930214880528
hetionet,balanced5_global_ridge,0.16,72006,0.5679523595237249,0.645079677544911,0.13579892173678743
hetionet,balanced5_global_ridge,0.18,81007,0.574681927153266,0.6500579379950471,0.13116126900868852
hetionet,balanced5_global_ridge,0.2,90008,0.5833007181568807,0.6553792512698506,0.12357010864091578
hetionet,balanced5_global_ridge,0.22,99009,0.5804290006311263,0.6503965949122442,0.1205446216592192
hetionet,balanced5_global_ridge,0.24,108010,0.5768884177769599,0.6410948885203361,0.11129790227163161
hetionet,balanced5_global_ridge,0.26,117010,0.5817237026604959,0.6413195186044811,0.10244694460862691
hetionet,balanced5_global_ridge,0.28,126011,0.5907473845707251,0.6466143958564629,0.09457005269068497
hetionet,balanced5_global_ridge,0.3,135012,0.5994465057691809,0.6517842796989878,0.08731016600497088
hetionet,balanced5_global_ridge,0.32,144013,0.6041180522074733,0.6551306714752935,0.08444147477702058
hetionet,balanced5_global_ridge,0.34,153014,0.6097455710172052,0.6605848275240039,0.08337782006679673
hetionet,balanced5_global_ridge,0.36,162014,0.6060702090766694,0.6554379232546207,0.08145543773412256
hetionet,balanced5_global_ridge,0.38,171015,0.5862906415594789,0.6331541735582767,0.07993225318102515
hetionet,balanced5_global_ridge,0.4,180016,0.5708291750697381,0.61555140761658,0.07834608758632244
hetionet,balanced5_global_ridge,0.42,189017,0.5718659514739148,0.6138931975192095,0.07349142913120543
hetionet,balanced5_global_ridge,0.44,198018,0.574815208212818,0.6143567763720047,0.06879005216672529
hetionet,balanced5_global_ridge,0.46,207018,0.5774898178091361,0.6152911347469782,0.0654579799887236
hetionet,balanced5_global_ridge,0.48,216019,0.5790727591029643,0.6151720666269631,0.062339847552006944
hetionet,balanced5_global_ridge,0.5,225020,0.5805462235597051,0.6154280749648446,0.06008453761227894
hetionet,balanced5_global_ridge,0.52,234021,0.5809063014720084,0.6148221038330178,0.05838429067659834
hetionet,balanced5_global_ridge,0.54,243022,0.5785602538102699,0.6122977015156271,0.05831276428543064
hetionet,balanced5_global_ridge,0.56,252022,0.569404490491817,0.6022426897008998,0.05767112791948503
hetionet,balanced5_global_ridge,0.58,261023,0.5582361882351342,0.5900896538937941,0.05706091136686209
hetionet,balanced5_global_ridge,0.6,270024,0.5470247633485096,0.577825626671504,0.05630615903830871
hetionet,balanced5_global_ridge,0.62,279025,0.5352565625404063,0.5651156158251395,0.055784562720758935
hetionet,balanced5_global_ridge,0.64,288026,0.5234227991272224,0.5524374983386464,0.05543262398925752
hetionet,balanced5_global_ridge,0.66,297026,0.5120208542514746,0.5402116942390014,0.05505799178578208
hetionet,balanced5_global_ridge,0.68,306027,0.5007121477559131,0.528112854247936,0.05472347059049221
hetionet,balanced5_global_ridge,0.7,315028,0.4902897168182183,0.5169124288800714,0.05429996010241389
hetionet,balanced5_global_ridge,0.72,324029,0.4799790392664962,0.5058953701523945,0.053994713863971366
hetionet,balanced5_global_ridge,0.74,333030,0.469721074312795,0.4949427108568129,0.05369492220658256
hetionet,balanced5_global_ridge,0.76,342030,0.4601325080739599,0.48471127439486433,0.053416713424111695
hetionet,balanced5_global_ridge,0.78,351031,0.45129694139211524,0.4752671937585921,0.05311414762204203
hetionet,balanced5_global_ridge,0.8,360032,0.4428037305232528,0.466165639104884,0.052759059988101153
hetionet,balanced5_global_ridge,0.82,369033,0.4353165516420662,0.45815016354594956,0.05245289162048228
hetionet,balanced5_global_ridge,0.84,378034,0.4278874245726328,0.4501864043896509,0.05211412754018174
hetionet,balanced5_global_ridge,0.86,387034,0.4212148895703691,0.4428827130080224,0.05144125712116687
hetionet,balanced5_global_ridge,0.88,396035,0.4142791778306404,0.4353487359779486,0.0508583565740337
hetionet,balanced5_global_ridge,0.9,405036,0.40641728799480076,0.4268463718408631,0.05026627668044403
hetionet,balanced5_global_ridge,0.92,414037,0.39901849215541757,0.41872018538711586,0.049375388908102336
hetionet,balanced5_global_ridge,0.94,423038,0.39143758242136084,0.41040968350214874,0.04846775560851868
hetionet,balanced5_global_ridge,0.96,432038,0.38518083918988166,0.4034794543078559,0.04750655602822862
hetionet,balanced5_global_ridge,0.98,441039,0.378745736709775,0.3963786655575403,0.046556111762327435
hetionet,balanced5_global_ridge,1.0,450040,0.3731884548334996,0.39032189792982713,0.045910967701216165
FB15k-237,synergy_weight_top5_mean,0.02,816,0.25494648308324075,0.3190834405420758,0.2515702773506947
FB15k-237,synergy_weight_top5_mean,0.04,1633,0.24596658416483,0.29872319937658787,0.21448692061521646
FB15k-237,synergy_weight_top5_mean,0.06,2449,0.2596632680511641,0.30229380876716955,0.16417624655176688
FB15k-237,synergy_weight_top5_mean,0.08,3266,0.26448184806163966,0.3025211795114658,0.1438258683104814
FB15k-237,synergy_weight_top5_mean,0.1,4082,0.2813087372616082,0.31537342362331944,0.12109359521966123
FB15k-237,synergy_weight_top5_mean,0.12,4898,0.2853581732779859,0.3160660127303721,0.1076115644407063
FB15k-237,synergy_weight_top5_mean,0.14,5715,0.28824178829838903,0.316319723755982,0.09741105071318312
FB15k-237,synergy_weight_top5_mean,0.16,6531,0.2920747218580425,0.318241986310343,0.08959099331101505
FB15k-237,synergy_weight_top5_mean,0.18,7347,0.28620629811890574,0.31067445790687326,0.08549133945963039
FB15k-237,synergy_weight_top5_mean,0.2,8164,0.2888644755642263,0.311277801547554,0.07759114698873493
FB15k-237,synergy_weight_top5_mean,0.22,8980,0.2937230424530606,0.31446477491234204,0.07061663356764436
FB15k-237,synergy_weight_top5_mean,0.24,9797,0.2968249895527893,0.31595195869471776,0.0644385406051764
FB15k-237,synergy_weight_top5_mean,0.26,10613,0.29648246968022446,0.313785558752136,0.05836125518845692
FB15k-237,synergy_weight_top5_mean,0.28,11429,0.29651611123496546,0.3119088031398362,0.05191182307349651
FB15k-237,synergy_weight_top5_mean,0.3,12246,0.29760703456986126,0.3118800387001802,0.04795922969679833
FB15k-237,synergy_weight_top5_mean,0.32,13062,0.3004445903508297,0.3136098759455151,0.04381934645357477
FB15k-237,synergy_weight_top5_mean,0.34,13878,0.3058347116694286,0.31764438270304335,0.038614554146422675
FB15k-237,synergy_weight_top5_mean,0.36,14695,0.3135376128627035,0.3246960863781476,0.03558894709174942
FB15k-237,synergy_weight_top5_mean,0.38,15511,0.32299657035146767,0.333419900474789,0.03227071455272479
FB15k-237,synergy_weight_top5_mean,0.4,16328,0.3324298881324827,0.3423405795286105,0.02981287709057656
FB15k-237,synergy_weight_top5_mean,0.42,17144,0.34172795372844256,0.35125338334116873,0.02787430618068676
FB15k-237,synergy_weight_top5_mean,0.44,17960,0.3410760304728595,0.35016867887378267,0.026658714153314556
FB15k-237,synergy_weight_top5_mean,0.46,18777,0.3524116072829635,0.3611099308598032,0.02468228457031363
FB15k-237,synergy_weight_top5_mean,0.48,19593,0.34482503062746717,0.35315631202672687,0.024160895118604087
FB15k-237,synergy_weight_top5_mean,0.5,20410,0.34298289753255934,0.3509797430279791,0.02331558090199115
FB15k-237,synergy_weight_top5_mean,0.52,21226,0.33812234836144933,0.34597540133278704,0.023225477432633035
FB15k-237,synergy_weight_top5_mean,0.54,22042,0.3400234012235592,0.34759648784561553,0.02227225124742871
FB15k-237,synergy_weight_top5_mean,0.56,22859,0.3419735242027977,0.3492152580128027,0.02117629961818479
FB15k-237,synergy_weight_top5_mean,0.58,23675,0.3488945341985173,0.35655565581828863,0.021958273543523754
FB15k-237,synergy_weight_top5_mean,0.6,24491,0.34981663196438806,0.3573451900660935,0.021521441274615638
FB15k-237,synergy_weight_top5_mean,0.62,25308,0.347812106187618,0.3550976364134257,0.020946741347403597
FB15k-237,synergy_weight_top5_mean,0.64,26124,0.35570690726211907,0.36276261757652145,0.01983574164671209
FB15k-237,synergy_weight_top5_mean,0.66,26941,0.3526513064179929,0.35949304860475095,0.01940087010098468
FB15k-237,synergy_weight_top5_mean,0.68,27757,0.3567396118882203,0.3633802206086672,0.01861472205258674
FB15k-237,synergy_weight_top5_mean,0.7,28573,0.3497825857477948,0.35624168079251506,0.018466028064008544
FB15k-237,synergy_weight_top5_mean,0.72,29390,0.34882674115083806,0.355111580311886,0.01801707959749077
FB15k-237,synergy_weight_top5_mean,0.74,30206,0.3579221262521297,0.3640371836229567,0.017084882219657427
FB15k-237,synergy_weight_top5_mean,0.76,31022,0.3567873891948889,0.3627415966264922,0.016688390935114983
FB15k-237,synergy_weight_top5_mean,0.78,31839,0.3515150377523013,0.3573164581154785,0.01650404602964728
FB15k-237,synergy_weight_top5_mean,0.8,32655,0.35536262907817484,0.3609330976234481,0.015675448371493816
FB15k-237,synergy_weight_top5_mean,0.82,33472,0.35780625394914206,0.3632407559312732,0.015188392942129925
FB15k-237,synergy_weight_top5_mean,0.84,34288,0.36202991216081226,0.36733508161793704,0.014653953385951768
FB15k-237,synergy_weight_top5_mean,0.86,35104,0.36051863209784246,0.3657004817544599,0.014373319976458632
FB15k-237,synergy_weight_top5_mean,0.88,35921,0.35773927037776143,0.36280326220276343,0.014155537969467558
FB15k-237,synergy_weight_top5_mean,0.9,36737,0.3646216788769861,0.36957591190363814,0.013587324379369825
FB15k-237,synergy_weight_top5_mean,0.92,37553,0.36307043474006995,0.3679189617718168,0.013354232589106507
FB15k-237,synergy_weight_top5_mean,0.94,38370,0.35682682312763536,0.36157211204145323,0.013298576806039408
FB15k-237,synergy_weight_top5_mean,0.96,39186,0.3541929461358898,0.35884595327990154,0.013136927753006677
FB15k-237,synergy_weight_top5_mean,0.98,40003,0.3537082151646783,0.3577829472868953,0.011520038120460097
FB15k-237,synergy_weight_top5_mean,1.0,40819,0.35281198551723697,0.3560530550713822,0.009186393000208515
KG20C,synergy_weight_top5_mean,0.02,149,0.19481703927080854,0.24140019488006312,0.23911232705113084
KG20C,synergy_weight_top5_mean,0.04,298,0.2109253747985839,0.25776631496953994,0.22207351872995473
KG20C,synergy_weight_top5_mean,0.06,447,0.20222519971601116,0.24361601490710746,0.20467684170529798
KG20C,synergy_weight_top5_mean,0.08,596,0.18868019975896413,0.2245083148408796,0.18988804934320247
KG20C,synergy_weight_top5_mean,0.1,745,0.17396837902841075,0.20879047060156133,0.20016333869193437
KG20C,synergy_weight_top5_mean,0.12,894,0.16907661964920834,0.20222321177744598,0.19604480026279525
KG20C,synergy_weight_top5_mean,0.14,1043,0.1679558467158961,0.20308537932735485,0.20915933144549426
KG20C,synergy_weight_top5_mean,0.16,1192,0.16758144267399597,0.20195687660333259,0.20512673349046628
KG20C,synergy_weight_top5_mean,0.18,1341,0.1687494113311117,0.20144296823048066,0.19374027228586455
KG20C,synergy_weight_top5_mean,0.2,1490,0.17256447412739134,0.20392680272820546,0.18174267188773552
KG20C,synergy_weight_top5_mean,0.22,1639,0.17757121270565265,0.20574854318801625,0.15868186094483216
KG20C,synergy_weight_top5_mean,0.24,1788,0.17952779551370865,0.20685894143630107,0.152239077210222
KG20C,synergy_weight_top5_mean,0.26,1936,0.1806433218492646,0.2072232376632812,0.1471403179587003
KG20C,synergy_weight_top5_mean,0.28,2085,0.17593724991916548,0.20154353236200226,0.1455421319510315
KG20C,synergy_weight_top5_mean,0.3,2234,0.1749727704709516,0.19922457867113869,0.13860332744867443
KG20C,synergy_weight_top5_mean,0.32,2383,0.17102990248951772,0.19378440584938852,0.13304400592326493
KG20C,synergy_weight_top5_mean,0.34,2532,0.16800973689132456,0.1895384216177168,0.12813950622586745
KG20C,synergy_weight_top5_mean,0.36,2681,0.1704212149422414,0.190846506990294,0.11985181572009718
KG20C,synergy_weight_top5_mean,0.38,2830,0.1664740298959068,0.18654972512587226,0.12059355589888976
KG20C,synergy_weight_top5_mean,0.4,2979,0.1627274785434265,0.18168892107351073,0.11652268381350273
KG20C,synergy_weight_top5_mean,0.42,3128,0.1639868554962493,0.18215467062599208,0.11078824015964073
KG20C,synergy_weight_top5_mean,0.44,3277,0.16465925345432597,0.18183930821347102,0.10433701355211444
KG20C,synergy_weight_top5_mean,0.46,3426,0.16472175098746827,0.18189463953658566,0.10425392181767101
KG20C,synergy_weight_top5_mean,0.48,3575,0.16507864883773835,0.18196948491091272,0.10231993169375264
KG20C,synergy_weight_top5_mean,0.5,3724,0.1670205054719721,0.18256003145838764,0.09303962972991497
KG20C,synergy_weight_top5_mean,0.52,3873,0.1655852771785695,0.18044306838266164,0.0897289388118081
KG20C,synergy_weight_top5_mean,0.54,4022,0.1646514222968226,0.17851390444787255,0.08419290861672346
KG20C,synergy_weight_top5_mean,0.56,4171,0.16402633648290255,0.17720697473826813,0.08035684109020802
KG20C,synergy_weight_top5_mean,0.58,4320,0.16256424188551546,0.17529027016401777,0.07828307216210884
KG20C,synergy_weight_top5_mean,0.6,4469,0.16019247770806233,0.17249421012317304,0.07679344617872519
KG20C,synergy_weight_top5_mean,0.62,4618,0.1772909728422604,0.18919578924830846,0.06714846342819736
KG20C,synergy_weight_top5_mean,0.64,4767,0.19689112383277393,0.20842383668428008,0.05857406178097313
KG20C,synergy_weight_top5_mean,0.66,4916,0.19970146410592038,0.21109445629139909,0.057050118468014555
KG20C,synergy_weight_top5_mean,0.68,5065,0.19770215868550198,0.20860404229059412,0.055142966963929396
KG20C,synergy_weight_top5_mean,0.7,5214,0.19510818607650485,0.20619376586933216,0.05681760471331776
KG20C,synergy_weight_top5_mean,0.72,5363,0.19366292812848998,0.20448680547292017,0.05589029066651752
KG20C,synergy_weight_top5_mean,0.74,5512,0.19215297819397698,0.20273912457867374,0.05509228368040242
KG20C,synergy_weight_top5_mean,0.76,5660,0.19162496438403878,0.20225462319145016,0.05547115868529695
KG20C,synergy_weight_top5_mean,0.78,5809,0.19155330263534776,0.2019577886951226,0.0543164013182349
KG20C,synergy_weight_top5_mean,0.8,5958,0.1934933212214412,0.20392438022776527,0.053909142395599075
KG20C,synergy_weight_top5_mean,0.82,6107,0.19504408044523816,0.20537532499404199,0.0529687674971735
KG20C,synergy_weight_top5_mean,0.84,6256,0.19829831372992623,0.2084574549292204,0.05123160660423198
KG20C,synergy_weight_top5_mean,0.86,6405,0.19866419639577482,0.20862711773035414,0.05014955646427288
KG20C,synergy_weight_top5_mean,0.88,6554,0.2060838119751492,0.21584209905763024,0.04735106066291994
KG20C,synergy_weight_top5_mean,0.9,6703,0.21595652709133886,0.22541134931656975,0.0437811366601204
KG20C,synergy_weight_top5_mean,0.92,6852,0.22550784257391135,0.2345632483470625,0.040155613524541556
KG20C,synergy_weight_top5_mean,0.94,7001,0.23099103827916204,0.23970139119247924,0.037708618387135795
KG20C,synergy_weight_top5_mean,0.96,7150,0.22991979846324262,0.2383284999272939,0.036572324437712966
KG20C,synergy_weight_top5_mean,0.98,7299,0.22737081262942652,0.23540503674228955,0.035335336228741854
KG20C,synergy_weight_top5_mean,1.0,7448,0.22638074035722042,0.23398674950607826,0.033598304947920266
WN18RR,synergy_weight_top5_mean,0.02,121,0.42945047578172096,0.44950246999545573,0.046692215620985245
WN18RR,synergy_weight_top5_mean,0.04,242,0.39286091437891335,0.4174946376192238,0.06270342082580216
WN18RR,synergy_weight_top5_mean,0.06,363,0.4074134783134666,0.42746874023987386,0.04922581847176066
WN18RR,synergy_weight_top5_mean,0.08,484,0.4338621212076953,0.4517290822606488,0.0411811960058166
WN18RR,synergy_weight_top5_mean,0.1,606,0.515939826684269,0.530396091085003,0.02801928374794871
WN18RR,synergy_weight_top5_mean,0.12,727,0.4810635564033001,0.4937121206787073,0.026292917239407743
WN18RR,synergy_weight_top5_mean,0.14,848,0.4363156031131861,0.4485659374452115,0.028076773428722612
WN18RR,synergy_weight_top5_mean,0.16,969,0.42358389528912027,0.43464114916505014,0.02610404691704038
WN18RR,synergy_weight_top5_mean,0.18,1090,0.406893723892029,0.4157647111257278,0.021801730311408862
WN18RR,synergy_weight_top5_mean,0.2,1211,0.3841343750065092,0.39234582241257004,0.021376497237253655
WN18RR,synergy_weight_top5_mean,0.22,1332,0.364042104212042,0.3720001756770899,0.02186030509375536
WN18RR,synergy_weight_top5_mean,0.24,1453,0.38751673182175045,0.3968930964344394,0.02419602521060127
WN18RR,synergy_weight_top5_mean,0.26,1574,0.43299103842029446,0.44164660244966986,0.01999016899045758
WN18RR,synergy_weight_top5_mean,0.28,1695,0.4709845073075517,0.4790221815153611,0.0170656870514867
WN18RR,synergy_weight_top5_mean,0.3,1816,0.502613254810898,0.5101153791403238,0.014926236539958282
WN18RR,synergy_weight_top5_mean,0.32,1938,0.5325681549357969,0.5395980093125963,0.013199914999887374
WN18RR,synergy_weight_top5_mean,0.34,2059,0.5591835136585566,0.5658002488611973,0.011832851006907452
WN18RR,synergy_weight_top5_mean,0.36,2180,0.5810311346770415,0.5872806107239391,0.01075583677692471
WN18RR,synergy_weight_top5_mean,0.38,2301,0.6007157081064505,0.6066365502543154,0.009856313174377185
WN18RR,synergy_weight_top5_mean,0.4,2422,0.6169764832405508,0.6226015277418874,0.009117113300319168
WN18RR,synergy_weight_top5_mean,0.42,2543,0.6331455965793378,0.6385029924826949,0.008461554391756554
WN18RR,synergy_weight_top5_mean,0.44,2664,0.6473458313990808,0.6524598921281486,0.007900044274657736
WN18RR,synergy_weight_top5_mean,0.46,2785,0.6617355447720457,0.6666274147118076,0.007392484774936925
WN18RR,synergy_weight_top5_mean,0.48,2906,0.6739814736545487,0.6786696559608931,0.006955951297776153
WN18RR,synergy_weight_top5_mean,0.5,3028,0.6850317563051143,0.6895310488355756,0.006568005773526897
WN18RR,synergy_weight_top5_mean,0.52,3149,0.6952659166644536,0.6995923243437921,0.006222666142034594
WN18RR,synergy_weight_top5_mean,0.54,3270,0.7054113991549105,0.709577716519509,0.005906223474116956
WN18RR,synergy_weight_top5_mean,0.56,3391,0.7150007934025018,0.7190184453583369,0.005619087409282741
WN18RR,synergy_weight_top5_mean,0.58,3512,0.7231849445351081,0.7270641751109158,0.00536409200042387
WN18RR,synergy_weight_top5_mean,0.6,3633,0.7199957627983614,0.7237457926581892,0.005208405456794241
WN18RR,synergy_weight_top5_mean,0.62,3754,0.7023251041215408,0.7058239351825422,0.004981782710697269
WN18RR,synergy_weight_top5_mean,0.64,3875,0.6880892386974311,0.6915005487529355,0.004957656454505965
WN18RR,synergy_weight_top5_mean,0.66,3996,0.6704246486150564,0.6737530741937385,0.0049646527548741215
WN18RR,synergy_weight_top5_mean,0.68,4117,0.6523262936942658,0.6555673128533474,0.004968401841855874
WN18RR,synergy_weight_top5_mean,0.7,4238,0.6354291112847564,0.6385886856325447,0.004972347491917661
WN18RR,synergy_weight_top5_mean,0.72,4360,0.6201852964775714,0.623272917513437,0.004978546014235086
WN18RR,synergy_weight_top5_mean,0.74,4481,0.6073136970017112,0.6103430851961174,0.004988176965811997
WN18RR,synergy_weight_top5_mean,0.76,4602,0.5944648032012902,0.5974347766717801,0.004996045946700445
WN18RR,synergy_weight_top5_mean,0.78,4723,0.5809780139477733,0.5838832070644443,0.005000521615146969
WN18RR,synergy_weight_top5_mean,0.8,4844,0.5686505176768315,0.5714977157726807,0.005006938369600311
WN18RR,synergy_weight_top5_mean,0.82,4965,0.56696197706866,0.5698274412704202,0.005054067675887897
WN18RR,synergy_weight_top5_mean,0.84,5086,0.5621803734769266,0.5649997477229162,0.005015070569882152
WN18RR,synergy_weight_top5_mean,0.86,5207,0.555114474887864,0.5579047550985556,0.0050264951409442205
WN18RR,synergy_weight_top5_mean,0.88,5328,0.5467758673037318,0.5495304708255685,0.005037902523789439
WN18RR,synergy_weight_top5_mean,0.9,5450,0.5367603024032348,0.5394676734698061,0.005043910763239401
WN18RR,synergy_weight_top5_mean,0.92,5571,0.5325333203806053,0.5352301014841764,0.005064060783358526
WN18RR,synergy_weight_top5_mean,0.94,5692,0.5286287566054537,0.5313163238389458,0.005084035251411656
WN18RR,synergy_weight_top5_mean,0.96,5813,0.5207230547815044,0.5233747037733822,0.005092244269826907
WN18RR,synergy_weight_top5_mean,0.98,5934,0.5144833698418547,0.5171111971751697,0.005107701215148586
WN18RR,synergy_weight_top5_mean,1.0,6055,0.5112021246888967,0.5133269561687425,0.004156538827257084
YAGO3-10,synergy_weight_top5_mean,0.02,200,0.549022143849875,0.6529902500431306,0.18936960441013584
YAGO3-10,synergy_weight_top5_mean,0.04,399,0.4847935015422757,0.5700109892611299,0.17578100252530504
YAGO3-10,synergy_weight_top5_mean,0.06,598,0.4805764465131617,0.5469920099432286,0.13819978884097872
YAGO3-10,synergy_weight_top5_mean,0.08,798,0.5219197455685856,0.5898327882356832,0.13012161973889746
YAGO3-10,synergy_weight_top5_mean,0.1,998,0.5619108165318474,0.6286991997856971,0.1188594013300408
YAGO3-10,synergy_weight_top5_mean,0.12,1197,0.6064272209243813,0.6660746544285637,0.09835876663527965
YAGO3-10,synergy_weight_top5_mean,0.14,1397,0.5656172810293727,0.6178745584739117,0.09238981763328624
YAGO3-10,synergy_weight_top5_mean,0.16,1596,0.5385248853859239,0.5865571070642994,0.08919220444929699
YAGO3-10,synergy_weight_top5_mean,0.18,1796,0.5604130378331984,0.6056056906292301,0.08064168701493135
YAGO3-10,synergy_weight_top5_mean,0.2,1995,0.5850043865226889,0.6311498067443351,0.07888046873620569
YAGO3-10,synergy_weight_top5_mean,0.22,2194,0.6016578915346878,0.6453543882886777,0.0726268156186407
YAGO3-10,synergy_weight_top5_mean,0.24,2394,0.6162275462920429,0.6603538453999309,0.07160715124373174
YAGO3-10,synergy_weight_top5_mean,0.26,2594,0.6350415810905212,0.6781829208505604,0.0679346692321392
YAGO3-10,synergy_weight_top5_mean,0.28,2793,0.6319294907400239,0.6732460521609823,0.0653816003626837
YAGO3-10,synergy_weight_top5_mean,0.3,2992,0.619452578285759,0.6606024470766295,0.06642940918051643
YAGO3-10,synergy_weight_top5_mean,0.32,3192,0.609918486024889,0.6502461458527697,0.06611975329804176
YAGO3-10,synergy_weight_top5_mean,0.34,3392,0.6037403192186247,0.6416695143258772,0.06282369074893213
YAGO3-10,synergy_weight_top5_mean,0.36,3591,0.5982033796269819,0.6349086734579771,0.06135922176481734
YAGO3-10,synergy_weight_top5_mean,0.38,3790,0.5915196484474713,0.6266954405583238,0.05946681940858012
YAGO3-10,synergy_weight_top5_mean,0.4,3990,0.5863537521029839,0.6215070112037479,0.0599523051991826
YAGO3-10,synergy_weight_top5_mean,0.42,4190,0.5802513017216142,0.6153148212658375,0.06042816179849875
YAGO3-10,synergy_weight_top5_mean,0.44,4389,0.5867548644586881,0.6208151791303873,0.058048627689046395
YAGO3-10,synergy_weight_top5_mean,0.46,4588,0.5997915817431166,0.6329667595311982,0.05531117607830982
YAGO3-10,synergy_weight_top5_mean,0.48,4788,0.6115335463051899,0.6438137534808364,0.05278566870236223
YAGO3-10,synergy_weight_top5_mean,0.5,4988,0.6224680119695745,0.6543753737322855,0.0512594400823132
YAGO3-10,synergy_weight_top5_mean,0.52,5187,0.633321838894305,0.6649628469022468,0.04996039306521105
YAGO3-10,synergy_weight_top5_mean,0.54,5386,0.6444851392915268,0.674998674092155,0.0473455987428526
YAGO3-10,synergy_weight_top5_mean,0.56,5586,0.6531646914609399,0.6824522252028523,0.04483943196072748
YAGO3-10,synergy_weight_top5_mean,0.58,5786,0.6541530108171084,0.6839975742740523,0.04562321500235056
YAGO3-10,synergy_weight_top5_mean,0.6,5985,0.644532700153409,0.6742733791864663,0.04614301031736412
YAGO3-10,synergy_weight_top5_mean,0.62,6184,0.6371079938965519,0.6663284216600185,0.04586416752480926
YAGO3-10,synergy_weight_top5_mean,0.64,6384,0.6392356329690608,0.6678795812216036,0.044809686405465454
YAGO3-10,synergy_weight_top5_mean,0.66,6584,0.6468705934420431,0.6751874770633619,0.04377519075437131
YAGO3-10,synergy_weight_top5_mean,0.68,6783,0.6527354255355888,0.6805051072843973,0.042543549288783566
YAGO3-10,synergy_weight_top5_mean,0.7,6982,0.6566610532347493,0.6839295156637198,0.041525932282179046
YAGO3-10,synergy_weight_top5_mean,0.72,7182,0.649776658250554,0.6763240146113891,0.04085612498348401
YAGO3-10,synergy_weight_top5_mean,0.74,7382,0.6443760962418488,0.6701916952472221,0.04006293708897002
YAGO3-10,synergy_weight_top5_mean,0.76,7581,0.6360873771000236,0.6609457518236758,0.03908012581067655
YAGO3-10,synergy_weight_top5_mean,0.78,7780,0.6290017477859097,0.6530956661241719,0.038305010157877906
YAGO3-10,synergy_weight_top5_mean,0.8,7980,0.6237628761701998,0.6469688487120929,0.03720319600354216
YAGO3-10,synergy_weight_top5_mean,0.82,8179,0.6169137479509964,0.6395922057494787,0.03676114833525124
YAGO3-10,synergy_weight_top5_mean,0.84,8379,0.6081418870619739,0.6302782920826548,0.03640006631943282
YAGO3-10,synergy_weight_top5_mean,0.86,8578,0.599585991342639,0.6212657180838521,0.03615782732459483
YAGO3-10,synergy_weight_top5_mean,0.88,8778,0.5929433426843392,0.6141291134733716,0.03572984004360591
YAGO3-10,synergy_weight_top5_mean,0.9,8978,0.6014542951752205,0.6222238090965979,0.03453215662102238
YAGO3-10,synergy_weight_top5_mean,0.92,9177,0.5939873489409905,0.6145067564846856,0.03454519289051983
YAGO3-10,synergy_weight_top5_mean,0.94,9376,0.5851090354860499,0.6051922512422396,0.034323885871129445
YAGO3-10,synergy_weight_top5_mean,0.96,9576,0.5754487478132582,0.5951125146188174,0.03417118706102462
YAGO3-10,synergy_weight_top5_mean,0.98,9776,0.5681566986207722,0.5877201014981609,0.03443311136677574
YAGO3-10,synergy_weight_top5_mean,1.0,9975,0.5616723217905851,0.5802260659200454,0.03303303974515215
codex-l,synergy_weight_top5_mean,0.02,1223,0.4513631177828584,0.5061034317690826,0.12127777354763536
codex-l,synergy_weight_top5_mean,0.04,2445,0.43736279148358237,0.4835699047331945,0.10564939256234518
codex-l,synergy_weight_top5_mean,0.06,3668,0.452548174018402,0.4914052049221512,0.08586275038681102
codex-l,synergy_weight_top5_mean,0.08,4890,0.446702991174578,0.4804749068125515,0.0756026180822571
codex-l,synergy_weight_top5_mean,0.1,6113,0.44480021425711047,0.47519818490205357,0.06834072842278793
codex-l,synergy_weight_top5_mean,0.12,7335,0.4371908000600534,0.4649980745543055,0.06360443653076042
codex-l,synergy_weight_top5_mean,0.14,8558,0.40674046587437235,0.4320136867772403,0.06213598848233093
codex-l,synergy_weight_top5_mean,0.16,9781,0.41209278891123624,0.4353236318067358,0.05637284495289574
codex-l,synergy_weight_top5_mean,0.18,11003,0.4101921734161382,0.4315264817307711,0.05201052018364427
codex-l,synergy_weight_top5_mean,0.2,12226,0.39877136019414233,0.4183834086650746,0.04918118608463784
codex-l,synergy_weight_top5_mean,0.22,13448,0.39698218358433945,0.41502974208555726,0.04546188531250195
codex-l,synergy_weight_top5_mean,0.24,14671,0.3874599955854706,0.40418832948378525,0.043174351130204514
codex-l,synergy_weight_top5_mean,0.26,15894,0.3836650394768899,0.39923057916039995,0.04057064908685182
codex-l,synergy_weight_top5_mean,0.28,17116,0.375963093873819,0.3905244093857724,0.03873070455378391
codex-l,synergy_weight_top5_mean,0.3,18339,0.3627240463126748,0.3764990320942743,0.0379764890738048
codex-l,synergy_weight_top5_mean,0.32,19561,0.3573752428612544,0.3703995518664754,0.03644435160349779
codex-l,synergy_weight_top5_mean,0.34,20784,0.3628057416397255,0.37508450302422747,0.033843900399721516
codex-l,synergy_weight_top5_mean,0.36,22006,0.357744962016297,0.3696585378667327,0.033301868971932436
codex-l,synergy_weight_top5_mean,0.38,23229,0.3644278064104948,0.37617515692250564,0.03223505535353821
codex-l,synergy_weight_top5_mean,0.4,24452,0.36157349429249847,0.3733519037353516,0.032575422780644514
codex-l,synergy_weight_top5_mean,0.42,25674,0.3563100544394357,0.36769542157949553,0.03195353877389695
codex-l,synergy_weight_top5_mean,0.44,26897,0.3445487971745928,0.3554164744603085,0.03154176527340691
codex-l,synergy_weight_top5_mean,0.46,28119,0.3326317785390761,0.34302716656688276,0.03125193892617051
codex-l,synergy_weight_top5_mean,0.48,29342,0.3399410909348867,0.35014939508171905,0.030029626953181898
codex-l,synergy_weight_top5_mean,0.5,30564,0.3355932539958169,0.34540305330820875,0.029231217241673546
codex-l,synergy_weight_top5_mean,0.52,31787,0.3397694211641669,0.3491744729407712,0.027680689287397753
codex-l,synergy_weight_top5_mean,0.54,33010,0.32990830996543963,0.33916809007342813,0.02806773830267728
codex-l,synergy_weight_top5_mean,0.56,34232,0.3345228248242663,0.3436441132285951,0.027266565171212065
codex-l,synergy_weight_top5_mean,0.58,35455,0.3254865498840214,0.33431868400807924,0.027135173871869478
codex-l,synergy_weight_top5_mean,0.6,36677,0.3235710324148159,0.33212394194080175,0.026432865334561573
codex-l,synergy_weight_top5_mean,0.62,37900,0.3183636140734948,0.32674102122007975,0.026313959184578906
codex-l,synergy_weight_top5_mean,0.64,39123,0.3095665874744652,0.31769917624746574,0.02627088678835987
codex-l,synergy_weight_top5_mean,0.66,40345,0.30931293551411815,0.3172697286748569,0.02572408796131831
codex-l,synergy_weight_top5_mean,0.68,41568,0.31149702871550317,0.31910125235632525,0.0244118657316863
codex-l,synergy_weight_top5_mean,0.7,42790,0.31184903598005426,0.3194157657429142,0.02426407937763808
codex-l,synergy_weight_top5_mean,0.72,44013,0.3046653909226937,0.3123577339956462,0.025248496554386657
codex-l,synergy_weight_top5_mean,0.74,45235,0.29943596184409654,0.30739890584775725,0.02659314517408129
codex-l,synergy_weight_top5_mean,0.76,46458,0.31353756099595936,0.32137957393030697,0.025011398664444684
codex-l,synergy_weight_top5_mean,0.78,47681,0.3274053635108469,0.3351279039794781,0.023587092116697628
codex-l,synergy_weight_top5_mean,0.8,48903,0.3343624126752919,0.34200599921076374,0.02286018477470053
codex-l,synergy_weight_top5_mean,0.82,50126,0.33202008522476456,0.3395067827018443,0.022548929448083177
codex-l,synergy_weight_top5_mean,0.84,51348,0.33487425310739355,0.3421204611060127,0.02163859398379997
codex-l,synergy_weight_top5_mean,0.86,52571,0.3336816621946809,0.3406511396185357,0.0208866060484576
codex-l,synergy_weight_top5_mean,0.88,53794,0.33364101491459086,0.3403446389291989,0.020092325927986154
codex-l,synergy_weight_top5_mean,0.9,55016,0.33275638660062073,0.3392133741255282,0.019404548747721684
codex-l,synergy_weight_top5_mean,0.92,56239,0.3298104218197476,0.33604973981310887,0.01891789216039763
codex-l,synergy_weight_top5_mean,0.94,57461,0.326915534709639,0.3329540568483618,0.018471199736917132
codex-l,synergy_weight_top5_mean,0.96,58684,0.3281530872527218,0.33400982752168445,0.01784758546078269
codex-l,synergy_weight_top5_mean,0.98,59906,0.3313057889136163,0.33677690335203414,0.016513790647480597
codex-l,synergy_weight_top5_mean,1.0,61129,0.32990176871301513,0.334842792661744,0.014977258133547888
codex-m,synergy_weight_top5_mean,0.02,412,0.2523242291972633,0.2719228776868386,0.07767247938069954
codex-m,synergy_weight_top5_mean,0.04,824,0.32447902453597854,0.34145824133154473,0.05232762524433543
codex-m,synergy_weight_top5_mean,0.06,1236,0.35001760646797997,0.3671725938365037,0.049011784126045344
codex-m,synergy_weight_top5_mean,0.08,1648,0.34267920492153814,0.3575185080652224,0.043303774873301615
codex-m,synergy_weight_top5_mean,0.1,2059,0.32415559010116446,0.3355844163839938,0.03525722409804044
codex-m,synergy_weight_top5_mean,0.12,2471,0.3304123877189294,0.34089927519994756,0.03173878423087162
codex-m,synergy_weight_top5_mean,0.14,2883,0.3385206286524614,0.3483037004258004,0.028899484832821454
codex-m,synergy_weight_top5_mean,0.16,3295,0.3436476344735242,0.3522062743890388,0.02490527813068355
codex-m,synergy_weight_top5_mean,0.18,3707,0.3697157803927459,0.3773390671926138,0.02061931679456519
codex-m,synergy_weight_top5_mean,0.2,4119,0.3713970952218959,0.37851610544230746,0.01916819036012707
codex-m,synergy_weight_top5_mean,0.22,4531,0.36614167544575654,0.37332882373188064,0.019629418796355713
codex-m,synergy_weight_top5_mean,0.24,4943,0.34823929512969976,0.3552959290020886,0.020263749585642366
codex-m,synergy_weight_top5_mean,0.26,5354,0.33839799107131907,0.34440970487070016,0.017765217164407154
codex-m,synergy_weight_top5_mean,0.28,5766,0.36066395395262085,0.3669649093350045,0.01747043283180827
codex-m,synergy_weight_top5_mean,0.3,6178,0.3783030327229933,0.38438423037726877,0.016074937624748875
codex-m,synergy_weight_top5_mean,0.32,6590,0.36699878118496326,0.3730962335402992,0.016614366771596778
codex-m,synergy_weight_top5_mean,0.34,7002,0.35654504202478565,0.36386965390844794,0.020543300341708592
codex-m,synergy_weight_top5_mean,0.36,7414,0.34411049734168064,0.35231291770623635,0.0238365886188332
codex-m,synergy_weight_top5_mean,0.38,7826,0.3577869799584584,0.3659545778709303,0.022828102669974815
codex-m,synergy_weight_top5_mean,0.4,8238,0.38115011462850495,0.3891811018827119,0.02107040492965484
codex-m,synergy_weight_top5_mean,0.42,8649,0.3769731694665496,0.3845899200489571,0.020205020408178953
codex-m,synergy_weight_top5_mean,0.44,9061,0.3616168416621197,0.36889097020946693,0.020115569047925774
codex-m,synergy_weight_top5_mean,0.46,9473,0.3485609208979509,0.35572854504766455,0.020563476052475105
codex-m,synergy_weight_top5_mean,0.48,9885,0.3351526646663613,0.3421252425817825,0.020804184631389777
codex-m,synergy_weight_top5_mean,0.5,10297,0.32261924194419866,0.329303783744624,0.020719600480561207
codex-m,synergy_weight_top5_mean,0.52,10709,0.3115048593426239,0.317930036171591,0.02062624911382227
codex-m,synergy_weight_top5_mean,0.54,11121,0.3008420160141259,0.3070829055501053,0.02074474044106389
codex-m,synergy_weight_top5_mean,0.56,11533,0.2920205209239424,0.2980190118453641,0.020541333542049456
codex-m,synergy_weight_top5_mean,0.58,11945,0.2840148330913141,0.2898244416363245,0.020455299752399014
codex-m,synergy_weight_top5_mean,0.6,12356,0.28959206112818536,0.2951148751088188,0.019071013062712305
codex-m,synergy_weight_top5_mean,0.62,12768,0.29750128255177055,0.3027765778238607,0.01773200850376888
codex-m,synergy_weight_top5_mean,0.64,13180,0.3054577595959199,0.310493078225148,0.016484500625844722
codex-m,synergy_weight_top5_mean,0.66,13592,0.3139686622459767,0.3188328315527755,0.01549253123545169
codex-m,synergy_weight_top5_mean,0.68,14004,0.3211244743410655,0.32592371770201306,0.014945118620421027
codex-m,synergy_weight_top5_mean,0.7,14416,0.3284421817355463,0.33310535417783926,0.014197848819697656
codex-m,synergy_weight_top5_mean,0.72,14828,0.3359742401497081,0.3405025911690681,0.013478268504580004
codex-m,synergy_weight_top5_mean,0.74,15240,0.34097400162351954,0.34542644023076324,0.013058000275809167
codex-m,synergy_weight_top5_mean,0.76,15651,0.345064198582871,0.3492869755555826,0.012237656036337308
codex-m,synergy_weight_top5_mean,0.78,16063,0.34121093514963763,0.3453419700117523,0.012106982621477247
codex-m,synergy_weight_top5_mean,0.8,16475,0.34609632389775347,0.3501315376741547,0.01165922171884537
codex-m,synergy_weight_top5_mean,0.82,16887,0.35046572190460495,0.35436535969041677,0.011127016258877687
codex-m,synergy_weight_top5_mean,0.84,17299,0.3453339949575878,0.34914075738830663,0.01102342221241881
codex-m,synergy_weight_top5_mean,0.86,17711,0.3399160733132841,0.3436421696742413,0.010961812792898096
codex-m,synergy_weight_top5_mean,0.88,18123,0.3394076901132552,0.34303381087489654,0.010683672961067314
codex-m,synergy_weight_top5_mean,0.9,18535,0.3413221610413637,0.3448430568716109,0.010315462141412102
codex-m,synergy_weight_top5_mean,0.92,18946,0.3382691110827424,0.34172557262452213,0.01021808207884023
codex-m,synergy_weight_top5_mean,0.94,19358,0.3384359268496997,0.3418020506622492,0.009946118439265073
codex-m,synergy_weight_top5_mean,0.96,19770,0.33976390714307037,0.34300518343031633,0.00953978989263593
codex-m,synergy_weight_top5_mean,0.98,20182,0.34068907669876336,0.34371200799087015,0.00887299153057275
codex-m,synergy_weight_top5_mean,1.0,20594,0.34234153499948855,0.3449297847479118,0.0075604315685127155
hetionet,synergy_weight_top5_mean,0.02,9001,0.5684077417995558,0.6977157112898377,0.22749156983840169
hetionet,synergy_weight_top5_mean,0.04,18002,0.5899288651106266,0.701101596932432,0.1884510801161725
hetionet,synergy_weight_top5_mean,0.06,27002,0.5477010101252168,0.650028727022727,0.18683134594569362
hetionet,synergy_weight_top5_mean,0.08,36003,0.5311946353018747,0.6277144047401948,0.18170320824770458
hetionet,synergy_weight_top5_mean,0.1,45004,0.5403944733718666,0.6324890515302289,0.17042102148773908
hetionet,synergy_weight_top5_mean,0.12,54005,0.5423576455145253,0.6310492705525106,0.16352977739226882
hetionet,synergy_weight_top5_mean,0.14,63006,0.5523763913629295,0.6398207942566845,0.1583058296137445
hetionet,synergy_weight_top5_mean,0.16,72006,0.5624937764041639,0.6484125730456313,0.15274621737278182
hetionet,synergy_weight_top5_mean,0.18,81007,0.5661356488577952,0.6508754481581819,0.14968108698216254
hetionet,synergy_weight_top5_mean,0.2,90008,0.5712004768377742,0.6536160571337191,0.14428485906070354
hetionet,synergy_weight_top5_mean,0.22,99009,0.5785981952786156,0.6574791997632559,0.13633123146306447
hetionet,synergy_weight_top5_mean,0.24,108010,0.584936077526773,0.659072018578783,0.1267419533523586
hetionet,synergy_weight_top5_mean,0.26,117010,0.5836006804420574,0.6529633207168478,0.11885291192986736
hetionet,synergy_weight_top5_mean,0.28,126011,0.5789846666036822,0.6438238179331137,0.11198768304137885
hetionet,synergy_weight_top5_mean,0.3,135012,0.5759529407860727,0.6372235825252011,0.10638133326570887
hetionet,synergy_weight_top5_mean,0.32,144013,0.5659884534414955,0.6234694848972054,0.10155866450312945
hetionet,synergy_weight_top5_mean,0.34,153014,0.5598541147860344,0.6140792976674367,0.09685591558459139
hetionet,synergy_weight_top5_mean,0.36,162014,0.5505909450636025,0.6019706217833676,0.09331732964447825
hetionet,synergy_weight_top5_mean,0.38,171015,0.5436793586185681,0.5924998766601914,0.08979652669851435
hetionet,synergy_weight_top5_mean,0.4,180016,0.530663931871942,0.5769545136318085,0.08723144532656324
hetionet,synergy_weight_top5_mean,0.42,189017,0.5065822635173195,0.5506810058269179,0.08705149288767133
hetionet,synergy_weight_top5_mean,0.44,198018,0.4845849431243979,0.5266671396215566,0.0868417335169982
hetionet,synergy_weight_top5_mean,0.46,207018,0.46447672910069027,0.504757704780017,0.08672334512283952
hetionet,synergy_weight_top5_mean,0.48,216019,0.4470680993254786,0.4856693664363335,0.08634314810002142
hetionet,synergy_weight_top5_mean,0.5,225020,0.4312269089809357,0.4683027061402841,0.08597746658937622
hetionet,synergy_weight_top5_mean,0.52,234021,0.4166516642139478,0.452296073897524,0.08554966353206028
hetionet,synergy_weight_top5_mean,0.54,243022,0.41941121404020815,0.45409710823528077,0.08270139908979002
hetionet,synergy_weight_top5_mean,0.56,252022,0.4285912740319016,0.46212936402643207,0.07825191978134871
hetionet,synergy_weight_top5_mean,0.58,261023,0.4373625583121144,0.4701464587317489,0.07495817782426384
hetionet,synergy_weight_top5_mean,0.6,270024,0.4449034632403495,0.47654634136527574,0.07112302047384111
hetionet,synergy_weight_top5_mean,0.62,279025,0.45218403290446385,0.4830078901918769,0.06816662032364462
hetionet,synergy_weight_top5_mean,0.64,288026,0.458721556478355,0.48851438740021047,0.06494752753844324
hetionet,synergy_weight_top5_mean,0.66,297026,0.4508985110042434,0.47929623368683716,0.06298029820357187
hetionet,synergy_weight_top5_mean,0.68,306027,0.4390672786637078,0.4663597286649117,0.06216006367923366
hetionet,synergy_weight_top5_mean,0.7,315028,0.42798149826987875,0.4542792129121474,0.06144591471495264
hetionet,synergy_weight_top5_mean,0.72,324029,0.41749237335234285,0.44252360034778726,0.05995612996340727
hetionet,synergy_weight_top5_mean,0.74,333030,0.4074137840157137,0.43143640780584164,0.05896369914966204
hetionet,synergy_weight_top5_mean,0.76,342030,0.39785582753172244,0.4210372600657422,0.05826591174455387
hetionet,synergy_weight_top5_mean,0.78,351031,0.39284177344054766,0.4154280979563843,0.057494711720760705
hetionet,synergy_weight_top5_mean,0.8,360032,0.3932076644457977,0.4151743867663768,0.0558654479727394
hetionet,synergy_weight_top5_mean,0.82,369033,0.38394533048304974,0.40537569610807017,0.05581619028432616
hetionet,synergy_weight_top5_mean,0.84,378034,0.37679652663911417,0.3977611787403198,0.055639186189433865
hetionet,synergy_weight_top5_mean,0.86,387034,0.3737155862628704,0.39419515340340894,0.054799874271589166
hetionet,synergy_weight_top5_mean,0.88,396035,0.3703775983393421,0.39028373124099336,0.0537455099630868
hetionet,synergy_weight_top5_mean,0.9,405036,0.36837436006445734,0.38779542499853026,0.052721000806556395
hetionet,synergy_weight_top5_mean,0.92,414037,0.36447768110819057,0.38349372582612246,0.05217341336268877
hetionet,synergy_weight_top5_mean,0.94,423038,0.3617755298041684,0.380500841470146,0.05175947548501636
hetionet,synergy_weight_top5_mean,0.96,432038,0.3646084634368405,0.38297538442028106,0.050374368192970254
hetionet,synergy_weight_top5_mean,0.98,441039,0.3687846577651304,0.38677698420251355,0.04878816419972121
hetionet,synergy_weight_top5_mean,1.0,450040,0.37318845483349955,0.39032189792982713,0.045910967701216165
FB15k-237,max_candidate_dep_score,0.02,816,0.21818855318791233,0.28380058890215304,0.3007125477280794
FB15k-237,max_candidate_dep_score,0.04,1633,0.2189179552220431,0.274118034488481,0.252149620210228
FB15k-237,max_candidate_dep_score,0.06,2449,0.23143915846171437,0.2789269967721086,0.20518497658748558
FB15k-237,max_candidate_dep_score,0.08,3266,0.22222793037785343,0.26661650720322394,0.19974346496363782
FB15k-237,max_candidate_dep_score,0.1,4082,0.2242574926643568,0.26336088707309474,0.17436828506445257
FB15k-237,max_candidate_dep_score,0.12,4898,0.22761903073051423,0.2612781621905649,0.14787485629837693
FB15k-237,max_candidate_dep_score,0.14,5715,0.23190055159295087,0.2627294804345798,0.13294029975289634
FB15k-237,max_candidate_dep_score,0.16,6531,0.23607904638814842,0.2634142569079688,0.11578838079037879
FB15k-237,max_candidate_dep_score,0.18,7347,0.24162276064622182,0.266872339501297,0.10450000152115235
FB15k-237,max_candidate_dep_score,0.2,8164,0.24439323491680295,0.26773891421571555,0.09552506355939028
FB15k-237,max_candidate_dep_score,0.22,8980,0.25233364494316574,0.2741031528801584,0.0862727122334237
FB15k-237,max_candidate_dep_score,0.24,9797,0.25927731142221255,0.27862658033357796,0.07462769806285374
FB15k-237,max_candidate_dep_score,0.26,10613,0.25920013069947606,0.27665965799801395,0.06735925345184701
FB15k-237,max_candidate_dep_score,0.28,11429,0.25794925267959445,0.27424591426292094,0.06317778173045929
FB15k-237,max_candidate_dep_score,0.3,12246,0.266092996081055,0.2808037016730626,0.055284076652384107
FB15k-237,max_candidate_dep_score,0.32,13062,0.27547539425954964,0.2887832200386236,0.048308582386619614
FB15k-237,max_candidate_dep_score,0.34,13878,0.2906479708141911,0.3030382499222136,0.04262984900019662
FB15k-237,max_candidate_dep_score,0.36,14695,0.3055606112046259,0.31722539045513265,0.03817500954890796
FB15k-237,max_candidate_dep_score,0.38,15511,0.3155187238332637,0.32724271714928016,0.03715783701702602
FB15k-237,max_candidate_dep_score,0.4,16328,0.3205495565231171,0.3317230383690492,0.03485726814638812
FB15k-237,max_candidate_dep_score,0.42,17144,0.3252753461938335,0.3360617770902018,0.03316092357623868
FB15k-237,max_candidate_dep_score,0.44,17960,0.3362672152986169,0.34656481643016435,0.030623268231495082
FB15k-237,max_candidate_dep_score,0.46,18777,0.3352049251601812,0.3450136156396161,0.029261773151894266
FB15k-237,max_candidate_dep_score,0.48,19593,0.3331052395664266,0.3424422266864556,0.028030141862019464
FB15k-237,max_candidate_dep_score,0.5,20410,0.32741652437877977,0.33637975753128974,0.027375628549952458
FB15k-237,max_candidate_dep_score,0.52,21226,0.32647410079625694,0.33519212533284104,0.02670357163193393
FB15k-237,max_candidate_dep_score,0.54,22042,0.33562065006857084,0.34399712811706207,0.024958172409176305
FB15k-237,max_candidate_dep_score,0.56,22859,0.3407613542597069,0.3487918958564528,0.02356646813483887
FB15k-237,max_candidate_dep_score,0.58,23675,0.34575684871761775,0.35353660559254124,0.02250065878312446
FB15k-237,max_candidate_dep_score,0.6,24491,0.34643788179198737,0.3539592615273827,0.021710615757405627
FB15k-237,max_candidate_dep_score,0.62,25308,0.35664979788878365,0.3639277716447057,0.020406499033518433
FB15k-237,max_candidate_dep_score,0.64,26124,0.355363647917123,0.36241428946569415,0.01984063814601389
FB15k-237,max_candidate_dep_score,0.66,26941,0.35303766048949287,0.3598743269387912,0.019365261031412784
FB15k-237,max_candidate_dep_score,0.68,27757,0.3471266716512196,0.35377464020133303,0.019151419620077714
FB15k-237,max_candidate_dep_score,0.7,28573,0.34792067697638857,0.3543995378475885,0.018621660912782056
FB15k-237,max_candidate_dep_score,0.72,29390,0.35731605378352105,0.3636148115811663,0.017627973137365194
FB15k-237,max_candidate_dep_score,0.74,30206,0.3553480244063275,0.3614766244087375,0.017246754115627594
FB15k-237,max_candidate_dep_score,0.76,31022,0.35001218226735326,0.35597838719235175,0.017045706484699608
FB15k-237,max_candidate_dep_score,0.78,31839,0.3559725045964992,0.3617709939147479,0.016289149424114413
FB15k-237,max_candidate_dep_score,0.8,32655,0.35844214075927733,0.3640957344326419,0.01577268136327037
FB15k-237,max_candidate_dep_score,0.82,33472,0.3626433506316578,0.3681589487854495,0.015209428614048948
FB15k-237,max_candidate_dep_score,0.84,34288,0.3597143114627638,0.36509864713132767,0.014968366553637313
FB15k-237,max_candidate_dep_score,0.86,35104,0.35965052584543705,0.364908018406081,0.014618336921057073
FB15k-237,max_candidate_dep_score,0.88,35921,0.36711545391579403,0.3722533681957097,0.013995363652258952
FB15k-237,max_candidate_dep_score,0.9,36737,0.36243582122463697,0.3674547838975254,0.013847865964047967
FB15k-237,max_candidate_dep_score,0.92,37553,0.35610658090879244,0.36101648508992057,0.013787737841288727
FB15k-237,max_candidate_dep_score,0.94,38370,0.35342970779551913,0.35824173891451727,0.013615242332096766
FB15k-237,max_candidate_dep_score,0.96,39186,0.3523643249174104,0.35690311995945473,0.012880972110636213
FB15k-237,max_candidate_dep_score,0.98,40003,0.3525194985903919,0.3566538899392918,0.011728121041338024
FB15k-237,max_candidate_dep_score,1.0,40819,0.35281198551723697,0.3560530550713822,0.009186393000208515
KG20C,max_candidate_dep_score,0.02,149,0.19790595607452652,0.24654701074076424,0.24577862956242047
KG20C,max_candidate_dep_score,0.04,298,0.17006145762309752,0.21208766591394257,0.24712365093322064
KG20C,max_candidate_dep_score,0.06,447,0.17482337536141743,0.2151412345457765,0.23062052829610913
KG20C,max_candidate_dep_score,0.08,596,0.18205220094049784,0.2203145036278655,0.21017215111765308
KG20C,max_candidate_dep_score,0.1,745,0.18477241977517495,0.22084288926209278,0.19521565789313788
KG20C,max_candidate_dep_score,0.12,894,0.1786169774990994,0.21500829426346874,0.2037394052564394
KG20C,max_candidate_dep_score,0.14,1043,0.17636444311628136,0.2098157317638325,0.18967138759084157
KG20C,max_candidate_dep_score,0.16,1192,0.17567647803778177,0.2071998150656861,0.1794397142975781
KG20C,max_candidate_dep_score,0.18,1341,0.17804235610717054,0.20670741111787197,0.16100132371561537
KG20C,max_candidate_dep_score,0.2,1490,0.1778218629239807,0.20452585367734658,0.15017270831754748
KG20C,max_candidate_dep_score,0.22,1639,0.18234982335564054,0.20702848285866582,0.13533689832478757
KG20C,max_candidate_dep_score,0.24,1788,0.18347153221300838,0.2068123621333303,0.12721771949461602
KG20C,max_candidate_dep_score,0.26,1936,0.1829640776613653,0.2046883241850198,0.11873503696098386
KG20C,max_candidate_dep_score,0.28,2085,0.18344867683739072,0.20447159457307884,0.11459836123169698
KG20C,max_candidate_dep_score,0.3,2234,0.18565558842284888,0.20578340376300192,0.10841480997765585
KG20C,max_candidate_dep_score,0.32,2383,0.1832552288439918,0.2026079810884159,0.1056054572985714
KG20C,max_candidate_dep_score,0.34,2532,0.18125125931941768,0.20024108875341678,0.10477074479539739
KG20C,max_candidate_dep_score,0.36,2681,0.17910996572068497,0.1977147270872124,0.10387340141386026
KG20C,max_candidate_dep_score,0.38,2830,0.17719824876867876,0.19514494897533294,0.10128034747161907
KG20C,max_candidate_dep_score,0.4,2979,0.1759024717368599,0.19397232281984725,0.1027265330871463
KG20C,max_candidate_dep_score,0.42,3128,0.17636813272380003,0.19341193505051368,0.09663765252538536
KG20C,max_candidate_dep_score,0.44,3277,0.1747534133985274,0.19112286906185133,0.0936717363339461
KG20C,max_candidate_dep_score,0.46,3426,0.17384431650184407,0.18953540174917402,0.09025940889568007
KG20C,max_candidate_dep_score,0.48,3575,0.17297360879433932,0.18815958652075113,0.08779361101535144
KG20C,max_candidate_dep_score,0.5,3724,0.17166809283863307,0.18587110487624256,0.08273530510390326
KG20C,max_candidate_dep_score,0.52,3873,0.16660545023931173,0.18026205153754504,0.08196971514807583
KG20C,max_candidate_dep_score,0.54,4022,0.16722328585028765,0.1803739613420971,0.07864141303611905
KG20C,max_candidate_dep_score,0.56,4171,0.17793673334351778,0.19061762925050837,0.07126631847573228
KG20C,max_candidate_dep_score,0.58,4320,0.19947361987331846,0.21171714228722072,0.0613791559088257
KG20C,max_candidate_dep_score,0.6,4469,0.2100225836524884,0.22196840976057017,0.05687876941771086
KG20C,max_candidate_dep_score,0.62,4618,0.20454058597522243,0.2163257875049718,0.057617912227830415
KG20C,max_candidate_dep_score,0.64,4767,0.2036224827702915,0.21471348621758446,0.054468461912454025
KG20C,max_candidate_dep_score,0.66,4916,0.2011652525076844,0.21228495683818452,0.0552764664467853
KG20C,max_candidate_dep_score,0.68,5065,0.19810251226273537,0.20923221946183648,0.05618155505438627
KG20C,max_candidate_dep_score,0.7,5214,0.1969898562413619,0.20776778276170135,0.054713104146508984
KG20C,max_candidate_dep_score,0.72,5363,0.19610027911855288,0.20693041535343376,0.055227541151705806
KG20C,max_candidate_dep_score,0.74,5512,0.19566522609058823,0.20648994072906662,0.055322628628281745
KG20C,max_candidate_dep_score,0.76,5660,0.19496814746908306,0.2055651198572179,0.05435232639636811
KG20C,max_candidate_dep_score,0.78,5809,0.19732451377242308,0.20803466241955443,0.054276827761417845
KG20C,max_candidate_dep_score,0.8,5958,0.19869436905434082,0.20909989375127927,0.052369499681657494
KG20C,max_candidate_dep_score,0.82,6107,0.20077647970127208,0.2109152179721549,0.05049763939465368
KG20C,max_candidate_dep_score,0.84,6256,0.2021837143327145,0.21228722757933177,0.04997194398155558
KG20C,max_candidate_dep_score,0.86,6405,0.20800325293642008,0.21782933740489638,0.04724005192111025
KG20C,max_candidate_dep_score,0.88,6554,0.2184696881169649,0.22796075278415553,0.04344339367623973
KG20C,max_candidate_dep_score,0.9,6703,0.2283122931783546,0.23754416028994416,0.040435260769676296
KG20C,max_candidate_dep_score,0.92,6852,0.23617646962411923,0.24501320366194163,0.03741581052458898
KG20C,max_candidate_dep_score,0.94,7001,0.23369251084287898,0.242275696769543,0.03672854511129309
KG20C,max_candidate_dep_score,0.96,7150,0.2307920060028327,0.23908328757680572,0.03592534125237967
KG20C,max_candidate_dep_score,0.98,7299,0.22861693991790402,0.23667906804697791,0.03526478891708118
KG20C,max_candidate_dep_score,1.0,7448,0.22638074035722044,0.23398674950607826,0.033598304947920044
WN18RR,max_candidate_dep_score,0.02,121,0.5246201823435058,0.5623936015491648,0.07200146025058207
WN18RR,max_candidate_dep_score,0.04,242,0.3887570132955512,0.4127374865414712,0.06168499197643773
WN18RR,max_candidate_dep_score,0.06,363,0.4131352963234238,0.4316840628071598,0.04489755934388895
WN18RR,max_candidate_dep_score,0.08,484,0.40321045688451945,0.4183776932355789,0.037616178082909624
WN18RR,max_candidate_dep_score,0.1,606,0.489203569158323,0.501593368451558,0.025326469540178698
WN18RR,max_candidate_dep_score,0.12,727,0.44402056500464565,0.45569932688950743,0.02630229949988827
WN18RR,max_candidate_dep_score,0.14,848,0.4058707270210911,0.4168938982233031,0.027159315684373464
WN18RR,max_candidate_dep_score,0.16,969,0.4230306603028822,0.4320954156543869,0.021428128507315458
WN18RR,max_candidate_dep_score,0.18,1090,0.40900894813305894,0.41643123612406613,0.018147006379412023
WN18RR,max_candidate_dep_score,0.2,1211,0.3887487937307997,0.39569944987321326,0.017879556810218133
WN18RR,max_candidate_dep_score,0.22,1332,0.3673728413172003,0.3739953425863499,0.01802664901794282
WN18RR,max_candidate_dep_score,0.24,1453,0.37185729628476966,0.37946770171884436,0.020465930103053864
WN18RR,max_candidate_dep_score,0.26,1574,0.412909539531352,0.42063469440885504,0.018709073387529473
WN18RR,max_candidate_dep_score,0.28,1695,0.45182603151199324,0.45899971515635307,0.01587709238521251
WN18RR,max_candidate_dep_score,0.3,1816,0.48585003626625545,0.4925457376854128,0.01378141590893689
WN18RR,max_candidate_dep_score,0.32,1938,0.5154823931978869,0.5217565901933409,0.012171505910281155
WN18RR,max_candidate_dep_score,0.34,2059,0.5426167436071888,0.5485222286859599,0.01088334473336161
WN18RR,max_candidate_dep_score,0.36,2180,0.5658156366303063,0.5713933401978245,0.009857810930669952
WN18RR,max_candidate_dep_score,0.38,2301,0.5874438582182436,0.5927282536016377,0.008995575167679792
WN18RR,max_candidate_dep_score,0.4,2422,0.6045615248874993,0.6095819186848527,0.008304190046311
WN18RR,max_candidate_dep_score,0.42,2543,0.6207032909962097,0.6254848064414278,0.007703383427440702
WN18RR,max_candidate_dep_score,0.44,2664,0.6351677171192617,0.6397320541227114,0.007186034303114042
WN18RR,max_candidate_dep_score,0.46,2785,0.6494887061424446,0.6538547362240207,0.006722257123618958
WN18RR,max_candidate_dep_score,0.48,2906,0.6625886676334601,0.6667729049965674,0.006314984797509249
WN18RR,max_candidate_dep_score,0.5,3028,0.674409194610897,0.6784248464527693,0.0059543254658460665
WN18RR,max_candidate_dep_score,0.52,3149,0.6847518892648369,0.6886132400991304,0.005639051012241936
WN18RR,max_candidate_dep_score,0.54,3270,0.695286242797786,0.6990047118427981,0.00534811249831324
WN18RR,max_candidate_dep_score,0.56,3391,0.7052171974950122,0.7088029815637795,0.00508465204975761
WN18RR,max_candidate_dep_score,0.58,3512,0.7143453374750224,0.7178075794389146,0.0048467341805997766
WN18RR,max_candidate_dep_score,0.6,3633,0.7219989021003738,0.7253458312986092,0.00463564305776476
WN18RR,max_candidate_dep_score,0.62,3754,0.7031673924470478,0.7062761158881644,0.0044210290103159355
WN18RR,max_candidate_dep_score,0.64,3875,0.6900060861605967,0.6930355020696458,0.0043904191134105375
WN18RR,max_candidate_dep_score,0.66,3996,0.6728079725783576,0.6757644681116672,0.0043942635251179585
WN18RR,max_candidate_dep_score,0.68,4117,0.6551728673444429,0.6580563477270105,0.004401098589834618
WN18RR,max_candidate_dep_score,0.7,4238,0.638371911168289,0.6411853063486329,0.004407141246542512
WN18RR,max_candidate_dep_score,0.72,4360,0.6211509005316552,0.6238897354797538,0.004409290795126086
WN18RR,max_candidate_dep_score,0.74,4481,0.609432986964016,0.6121306614585512,0.004426531796340782
WN18RR,max_candidate_dep_score,0.76,4602,0.5966379852629978,0.599285677920209,0.004437687044086092
WN18RR,max_candidate_dep_score,0.78,4723,0.5832547786116593,0.5858469807753817,0.004444373640440036
WN18RR,max_candidate_dep_score,0.8,4844,0.5701555432211486,0.5726925315808811,0.004449642540348853
WN18RR,max_candidate_dep_score,0.82,4965,0.56211995856317,0.5646895430550355,0.004571238670182831
WN18RR,max_candidate_dep_score,0.84,5086,0.5636525590225535,0.5661649257650032,0.004457296790786325
WN18RR,max_candidate_dep_score,0.86,5207,0.5555106074017143,0.5580061614263078,0.004492360706244369
WN18RR,max_candidate_dep_score,0.88,5328,0.5473804271783792,0.5498484085466271,0.004508713219743221
WN18RR,max_candidate_dep_score,0.9,5450,0.5382266739321586,0.5406595179984564,0.004520110548449585
WN18RR,max_candidate_dep_score,0.92,5571,0.5308258215488028,0.5332336531895244,0.004536010764691678
WN18RR,max_candidate_dep_score,0.94,5692,0.5276324644931376,0.5300416034578571,0.004565941496859516
WN18RR,max_candidate_dep_score,0.96,5813,0.5218574411254557,0.5242501465054216,0.004584978945218587
WN18RR,max_candidate_dep_score,0.98,5934,0.5146996801133633,0.517066195937863,0.004597857577798514
WN18RR,max_candidate_dep_score,1.0,6055,0.5112021246888967,0.5133269561687425,0.004156538827257084
YAGO3-10,max_candidate_dep_score,0.02,200,0.44297491113396076,0.5673124244842432,0.28068748415569145
YAGO3-10,max_candidate_dep_score,0.04,399,0.4873184559703529,0.5999666552744091,0.23115931260955436
YAGO3-10,max_candidate_dep_score,0.06,598,0.5185906914403563,0.6191325331925784,0.19387513777575305
YAGO3-10,max_candidate_dep_score,0.08,798,0.5144995215709471,0.605494272499471,0.17686071048362684
YAGO3-10,max_candidate_dep_score,0.1,998,0.5188796796318276,0.6049381040633302,0.16585429688163078
YAGO3-10,max_candidate_dep_score,0.12,1197,0.5144948637533535,0.6001635371448101,0.16651025972637457
YAGO3-10,max_candidate_dep_score,0.14,1397,0.5130571160989732,0.5912434190811204,0.15239298029162196
YAGO3-10,max_candidate_dep_score,0.16,1596,0.5114351866706194,0.5814142291458645,0.1368287601226661
YAGO3-10,max_candidate_dep_score,0.18,1796,0.5096392879912932,0.5754405467978357,0.1291133952130996
YAGO3-10,max_candidate_dep_score,0.2,1995,0.506197294236086,0.5675624267692108,0.12122769764254149
YAGO3-10,max_candidate_dep_score,0.22,2194,0.5054023296421837,0.5664659865044102,0.12082187453599302
YAGO3-10,max_candidate_dep_score,0.24,2394,0.5050194218841165,0.5632050280824021,0.11521459111653143
YAGO3-10,max_candidate_dep_score,0.26,2594,0.5185408065828315,0.5755377533079395,0.10991795824270079
YAGO3-10,max_candidate_dep_score,0.28,2793,0.5292420292903806,0.5842890384483646,0.10401103108117149
YAGO3-10,max_candidate_dep_score,0.3,2992,0.5356644767988008,0.5891130770313314,0.09977999764320056
YAGO3-10,max_candidate_dep_score,0.32,3192,0.5392150116147587,0.5904899427062273,0.0950918093654669
YAGO3-10,max_candidate_dep_score,0.34,3392,0.5433261777203497,0.5941989204869085,0.09363204802685399
YAGO3-10,max_candidate_dep_score,0.36,3591,0.5483335682320759,0.5972243329236737,0.0891624506032529
YAGO3-10,max_candidate_dep_score,0.38,3790,0.5490133523927703,0.5957159904706348,0.08506648859143406
YAGO3-10,max_candidate_dep_score,0.4,3990,0.5590664464593605,0.6050487149484811,0.08224830658382776
YAGO3-10,max_candidate_dep_score,0.42,4190,0.5643089306807361,0.6080963837482263,0.07759482561204312
YAGO3-10,max_candidate_dep_score,0.44,4389,0.561453365314062,0.6037005714341122,0.07524615351876673
YAGO3-10,max_candidate_dep_score,0.46,4588,0.5626504347559047,0.6036496675479519,0.0728680371674002
YAGO3-10,max_candidate_dep_score,0.48,4788,0.5695799986785504,0.6094423945415772,0.06998559632625678
YAGO3-10,max_candidate_dep_score,0.5,4988,0.5716005222613164,0.6096012573687485,0.0664812812925657
YAGO3-10,max_candidate_dep_score,0.52,5187,0.5743480070473638,0.6113745334143255,0.06446705814704479
YAGO3-10,max_candidate_dep_score,0.54,5386,0.5759550494454764,0.612203232329753,0.06293578451855941
YAGO3-10,max_candidate_dep_score,0.56,5586,0.5810735237154518,0.6155966385853587,0.059412644804674786
YAGO3-10,max_candidate_dep_score,0.58,5786,0.5866398702125666,0.6205415317676344,0.057789562688236096
YAGO3-10,max_candidate_dep_score,0.6,5985,0.592602178267025,0.6252058239760824,0.05501776217630816
YAGO3-10,max_candidate_dep_score,0.62,6184,0.6008624755595536,0.6322694382929508,0.05226980217752719
YAGO3-10,max_candidate_dep_score,0.64,6384,0.5933114578556465,0.6237396247439239,0.051285318167040295
YAGO3-10,max_candidate_dep_score,0.66,6584,0.5858782341166132,0.6153784143483161,0.050352067228070396
YAGO3-10,max_candidate_dep_score,0.68,6783,0.5783161486992484,0.607073658400769,0.0497262782064829
YAGO3-10,max_candidate_dep_score,0.7,6982,0.5874161495949953,0.6153701046950939,0.047587992123423684
YAGO3-10,max_candidate_dep_score,0.72,7182,0.5835719036442457,0.6107548934969681,0.04658036084837547
YAGO3-10,max_candidate_dep_score,0.74,7382,0.5756734182191928,0.6023800131452448,0.046391919586398656
YAGO3-10,max_candidate_dep_score,0.76,7581,0.5653305396374472,0.5913360908502311,0.04600061272023548
YAGO3-10,max_candidate_dep_score,0.78,7780,0.5534797403016497,0.578823996291944,0.045790756453852444
YAGO3-10,max_candidate_dep_score,0.8,7980,0.5503554201497298,0.5756352569203289,0.0459336564064754
YAGO3-10,max_candidate_dep_score,0.82,8179,0.5567218391241986,0.5818212517170321,0.04508429673303005
YAGO3-10,max_candidate_dep_score,0.84,8379,0.5542151746677626,0.5786302604869288,0.04405344157853919
YAGO3-10,max_candidate_dep_score,0.86,8578,0.559318941839462,0.5828329153909583,0.042040366940130136
YAGO3-10,max_candidate_dep_score,0.88,8778,0.5606851457350529,0.5835134552579172,0.04071502463818022
YAGO3-10,max_candidate_dep_score,0.9,8978,0.5673907747702986,0.5897441917476811,0.03939686362795025
YAGO3-10,max_candidate_dep_score,0.92,9177,0.5717321419793432,0.5931461818264356,0.03745467199545027
YAGO3-10,max_candidate_dep_score,0.94,9376,0.5599561605017508,0.5809140476776546,0.03742772855132892
YAGO3-10,max_candidate_dep_score,0.96,9576,0.5601879146901052,0.580676118738013,0.036573805879482
YAGO3-10,max_candidate_dep_score,0.98,9776,0.5619845459546017,0.5816658455579342,0.03502106907566538
YAGO3-10,max_candidate_dep_score,1.0,9975,0.5616723217905851,0.5802260659200454,0.03303303974515215
codex-l,max_candidate_dep_score,0.02,1223,0.41252880159876143,0.4528912134188205,0.09784143958830005
codex-l,max_candidate_dep_score,0.04,2445,0.46118834973883416,0.4962163041264257,0.07595151613744688
codex-l,max_candidate_dep_score,0.06,3668,0.48442019654517465,0.513638169988619,0.06031534946689532
codex-l,max_candidate_dep_score,0.08,4890,0.4680924009306562,0.49570596247623117,0.058991689441387996
codex-l,max_candidate_dep_score,0.1,6113,0.422057605832935,0.4457757283572938,0.056196410623973625
codex-l,max_candidate_dep_score,0.12,7335,0.4197800787792954,0.4412419755454213,0.05112652517607863
codex-l,max_candidate_dep_score,0.14,8558,0.42182231556890804,0.4417602570585086,0.0472662084335449
codex-l,max_candidate_dep_score,0.16,9781,0.4113908632545061,0.42943391574137985,0.04385866118691961
codex-l,max_candidate_dep_score,0.18,11003,0.3994679026487817,0.41617383165424526,0.04182045389552025
codex-l,max_candidate_dep_score,0.2,12226,0.3825545170405582,0.3977839764973652,0.03980990624453229
codex-l,max_candidate_dep_score,0.22,13448,0.38838552606527316,0.40201350568693767,0.03508879375534235
codex-l,max_candidate_dep_score,0.24,14671,0.3919421718430723,0.40462413397643776,0.03235671750689573
codex-l,max_candidate_dep_score,0.26,15894,0.3877864774697293,0.39997424079339716,0.03142905705013721
codex-l,max_candidate_dep_score,0.28,17116,0.39458658623456744,0.40707518767824535,0.03164983777794683
codex-l,max_candidate_dep_score,0.3,18339,0.38279374478684575,0.3946711025996,0.031028087513206293
codex-l,max_candidate_dep_score,0.32,19561,0.3744953727541264,0.3858807722103003,0.03040197632468189
codex-l,max_candidate_dep_score,0.34,20784,0.35805284728378683,0.36876829179698056,0.029926991488775423
codex-l,max_candidate_dep_score,0.36,22006,0.3423904755435532,0.35251083133644817,0.029557936086944903
codex-l,max_candidate_dep_score,0.38,23229,0.3519636718132489,0.3617077658128998,0.027684942452870898
codex-l,max_candidate_dep_score,0.4,24452,0.36306942123887964,0.37246614659219457,0.025881346110754988
codex-l,max_candidate_dep_score,0.42,25674,0.364926492104134,0.37409949646076507,0.02513658107894634
codex-l,max_candidate_dep_score,0.44,26897,0.3677610475730181,0.3764381403411582,0.023594376906970416
codex-l,max_candidate_dep_score,0.46,28119,0.3561155127147616,0.36459655812459146,0.02381543377646378
codex-l,max_candidate_dep_score,0.48,29342,0.35558007183228996,0.36392676210148184,0.023473447840262063
codex-l,max_candidate_dep_score,0.5,30564,0.35021326443885725,0.35833173345711966,0.023181500652953657
codex-l,max_candidate_dep_score,0.52,31787,0.3426571222551296,0.35048442306956884,0.022842953804448562
codex-l,max_candidate_dep_score,0.54,33010,0.3410988826955602,0.34872710510142557,0.02236366869801132
codex-l,max_candidate_dep_score,0.56,34232,0.3303247836557153,0.33771204304066216,0.022363624379593272
codex-l,max_candidate_dep_score,0.58,35455,0.3240895661113861,0.33127011494295727,0.02215606296039563
codex-l,max_candidate_dep_score,0.6,36677,0.32404813013328704,0.33106359189190604,0.02164944372841604
codex-l,max_candidate_dep_score,0.62,37900,0.3175149237941665,0.324359724848542,0.02155741523133159
codex-l,max_candidate_dep_score,0.64,39123,0.3238637028868671,0.3309613656300102,0.021915585722869668
codex-l,max_candidate_dep_score,0.66,40345,0.3302088068813414,0.33750733468316757,0.022102765431234683
codex-l,max_candidate_dep_score,0.68,41568,0.3359396240566434,0.3432163789491738,0.02166090086266048
codex-l,max_candidate_dep_score,0.7,42790,0.32843808542889585,0.3357970952288028,0.022406079338506357
codex-l,max_candidate_dep_score,0.72,44013,0.3215463781055563,0.32876392223283035,0.0224463549233469
codex-l,max_candidate_dep_score,0.74,45235,0.32522420692565934,0.33280699843821576,0.023315581531388574
codex-l,max_candidate_dep_score,0.76,46458,0.3390070279091199,0.34648807567202156,0.022067530012702674
codex-l,max_candidate_dep_score,0.78,47681,0.352303361718847,0.3597087489020671,0.021019916321803
codex-l,max_candidate_dep_score,0.8,48903,0.350874851540902,0.3580893207568551,0.02056137447374784
codex-l,max_candidate_dep_score,0.82,50126,0.34881595631408263,0.35584395779726724,0.020148165116782746
codex-l,max_candidate_dep_score,0.84,51348,0.3451125926994687,0.3519565159513491,0.019830986746520285
codex-l,max_candidate_dep_score,0.86,52571,0.34127963942849227,0.3479245375168063,0.019470537707557245
codex-l,max_candidate_dep_score,0.88,53794,0.3382611640937926,0.3447188984558385,0.01909097185113251
codex-l,max_candidate_dep_score,0.9,55016,0.3381342427471426,0.3442955398962983,0.018221452814417116
codex-l,max_candidate_dep_score,0.92,56239,0.33277015512943603,0.3388040942643034,0.018132452811221667
codex-l,max_candidate_dep_score,0.94,57461,0.3352808669926039,0.34111874183654134,0.017411893784163412
codex-l,max_candidate_dep_score,0.96,58684,0.33262654162102945,0.33826692961975113,0.016957119450641933
codex-l,max_candidate_dep_score,0.98,59906,0.33171728013454876,0.3370858847599602,0.016184277838145356
codex-l,max_candidate_dep_score,1.0,61129,0.32990176871301513,0.33484279266174394,0.014977258133547888
codex-m,max_candidate_dep_score,0.02,412,0.2928400002719854,0.30992184881492263,0.058331677800409265
codex-m,max_candidate_dep_score,0.04,824,0.2950352198875373,0.31172499017388966,0.05656873878553981
codex-m,max_candidate_dep_score,0.06,1236,0.33116491895935,0.3461736243193453,0.045320939811978045
codex-m,max_candidate_dep_score,0.08,1648,0.3139340972451688,0.32732322314134515,0.0426494796636252
codex-m,max_candidate_dep_score,0.1,2059,0.32105863057499007,0.33342481832338544,0.03851691426655779
codex-m,max_candidate_dep_score,0.12,2471,0.3279523778138094,0.3391072543647749,0.03401370840890361
codex-m,max_candidate_dep_score,0.14,2883,0.3254258480338228,0.3347498054643891,0.028651557603369016
codex-m,max_candidate_dep_score,0.16,3295,0.32776956335010793,0.3358490929766951,0.024650030173658743
codex-m,max_candidate_dep_score,0.18,3707,0.3585884902867193,0.36587821894876965,0.020328953269586725
codex-m,max_candidate_dep_score,0.2,4119,0.35779189264426015,0.3647209015979325,0.019366031193338573
codex-m,max_candidate_dep_score,0.22,4531,0.3508607461831595,0.3580604029255823,0.020519983556850585
codex-m,max_candidate_dep_score,0.24,4943,0.3554300257818817,0.3626055115795632,0.02018818129362243
codex-m,max_candidate_dep_score,0.26,5354,0.36518129533412663,0.3714168663648258,0.017075274967174536
codex-m,max_candidate_dep_score,0.28,5766,0.36686763240603704,0.3725485298243445,0.01548486951833361
codex-m,max_candidate_dep_score,0.3,6178,0.39186172150308696,0.3977937817922425,0.015138146860585344
codex-m,max_candidate_dep_score,0.32,6590,0.39801630144223316,0.4036615778627878,0.014183530674745315
codex-m,max_candidate_dep_score,0.34,7002,0.3875867626849016,0.39334016440086483,0.014844164635830381
codex-m,max_candidate_dep_score,0.36,7414,0.3761524204176579,0.3832952226978553,0.018989116891143354
codex-m,max_candidate_dep_score,0.38,7826,0.3631495423908189,0.3710095874405199,0.021644100108054065
codex-m,max_candidate_dep_score,0.4,8238,0.37848060825694274,0.38618112143446004,0.020345859231682528
codex-m,max_candidate_dep_score,0.42,8649,0.39959356597896,0.4072443850145703,0.01914650206358215
codex-m,max_candidate_dep_score,0.44,9061,0.39233494529118496,0.39959933050369423,0.018515774084609582
codex-m,max_candidate_dep_score,0.46,9473,0.37659142779660515,0.38355052624549674,0.018479173808093607
codex-m,max_candidate_dep_score,0.48,9885,0.36337919030250615,0.3702488718912074,0.018904994485188897
codex-m,max_candidate_dep_score,0.5,10297,0.3498994477246586,0.35659427083165834,0.01913356294368329
codex-m,max_candidate_dep_score,0.52,10709,0.3372978536861947,0.34372390841409173,0.01905157313534378
codex-m,max_candidate_dep_score,0.54,11121,0.3260809827740514,0.3322736774202183,0.018991278158830616
codex-m,max_candidate_dep_score,0.56,11533,0.3153343335315228,0.3213533739692636,0.019087805537480795
codex-m,max_candidate_dep_score,0.58,11945,0.3063595645586931,0.3121522189442598,0.01890802526081048
codex-m,max_candidate_dep_score,0.6,12356,0.29806560010624106,0.30368145146914255,0.018840991247899064
codex-m,max_candidate_dep_score,0.62,12768,0.3043142561948941,0.3096605555174433,0.01756834986766198
codex-m,max_candidate_dep_score,0.64,13180,0.3114855009328207,0.3165567196444227,0.01628075366723336
codex-m,max_candidate_dep_score,0.66,13592,0.31884296033704246,0.32372617664829223,0.015315427714282404
codex-m,max_candidate_dep_score,0.68,14004,0.3267740053819836,0.33149719996503124,0.014454009515005417
codex-m,max_candidate_dep_score,0.7,14416,0.3332584403010578,0.33792140262524945,0.013992030689393031
codex-m,max_candidate_dep_score,0.72,14828,0.340538250175076,0.34507270895353104,0.013315563746873593
codex-m,max_candidate_dep_score,0.74,15240,0.34704821986919493,0.3514548771995169,0.012697536186708769
codex-m,max_candidate_dep_score,0.76,15651,0.35148209396667796,0.35578643133729904,0.012246249366629547
codex-m,max_candidate_dep_score,0.78,16063,0.3551329472743002,0.3592214171204003,0.011512505042068577
codex-m,max_candidate_dep_score,0.8,16475,0.35134633575951524,0.3553596304037,0.011422617046821015
codex-m,max_candidate_dep_score,0.82,16887,0.3563361495529912,0.36024620988090195,0.010972954421873071
codex-m,max_candidate_dep_score,0.84,17299,0.359052970686301,0.36286046499972024,0.01060426907523282
codex-m,max_candidate_dep_score,0.86,17711,0.3537762520467159,0.3574951749831871,0.010512076248634372
codex-m,max_candidate_dep_score,0.88,18123,0.3488890707405285,0.35252292254453677,0.010415493372421425
codex-m,max_candidate_dep_score,0.9,18535,0.34706981510513013,0.35061317020096955,0.010209343888825773
codex-m,max_candidate_dep_score,0.92,18946,0.3472792857943191,0.35070472787428597,0.009863652167251935
codex-m,max_candidate_dep_score,0.94,19358,0.3452732899889841,0.3486039546249095,0.00964645900072858
codex-m,max_candidate_dep_score,0.96,19770,0.3444271167305562,0.3475798364782687,0.009153517811371525
codex-m,max_candidate_dep_score,0.98,20182,0.344195611162124,0.3470978845208573,0.008432046384712066
codex-m,max_candidate_dep_score,1.0,20594,0.34234153499948855,0.3449297847479118,0.0075604315685127155
hetionet,max_candidate_dep_score,0.02,9001,0.4822530831174784,0.6377441722901112,0.3224263247162167
hetionet,max_candidate_dep_score,0.04,18002,0.5289954323641728,0.6396837520518972,0.20924248663743472
hetionet,max_candidate_dep_score,0.06,27002,0.5290140322059841,0.6277806939438046,0.18669951215842873
hetionet,max_candidate_dep_score,0.08,36003,0.5458719050968175,0.6365170776412756,0.16605575721721944
hetionet,max_candidate_dep_score,0.1,45004,0.5477345765905837,0.6313833051632997,0.1527176339558367
hetionet,max_candidate_dep_score,0.12,54005,0.5489569718841155,0.6273541816353124,0.14281121065303903
hetionet,max_candidate_dep_score,0.14,63006,0.5477472112164871,0.6196714217498203,0.13130913140314737
hetionet,max_candidate_dep_score,0.16,72006,0.5483847969798183,0.6154532490001738,0.12230180776295985
hetionet,max_candidate_dep_score,0.18,81007,0.5470107831833502,0.6101594840310235,0.1154432468043447
hetionet,max_candidate_dep_score,0.2,90008,0.5487902470538328,0.6088674892200897,0.10947213892517249
hetionet,max_candidate_dep_score,0.22,99009,0.5507450678567666,0.6085598658964225,0.10497560743420387
hetionet,max_candidate_dep_score,0.24,108010,0.5518582903084368,0.607771349231137,0.1013177837583088
hetionet,max_candidate_dep_score,0.26,117010,0.551675630219594,0.6056827770709989,0.09789656075601427
hetionet,max_candidate_dep_score,0.28,126011,0.5526946089051494,0.6043623071599891,0.09348326801520623
hetionet,max_candidate_dep_score,0.3,135012,0.5520673731953502,0.6013070771828417,0.08919147621873313
hetionet,max_candidate_dep_score,0.32,144013,0.5502594334773535,0.5974594625184181,0.08577777348183724
hetionet,max_candidate_dep_score,0.34,153014,0.5490993558783922,0.5941395900628288,0.08202565474218404
hetionet,max_candidate_dep_score,0.36,162014,0.5427402193788319,0.5855560545309901,0.07888826665759385
hetionet,max_candidate_dep_score,0.38,171015,0.5394287889029973,0.5831604874785912,0.08107038310752435
hetionet,max_candidate_dep_score,0.4,180016,0.540138429629187,0.584026728905359,0.08125379878321559
hetionet,max_candidate_dep_score,0.42,189017,0.541938843199958,0.586092546729158,0.08147359076254412
hetionet,max_candidate_dep_score,0.44,198018,0.5183671802349227,0.5605183850779271,0.08131534257994799
hetionet,max_candidate_dep_score,0.46,207018,0.4968186319568913,0.5371252239982858,0.0811293889736644
hetionet,max_candidate_dep_score,0.48,216019,0.4770446045398895,0.5156968445941849,0.08102437316438271
hetionet,max_candidate_dep_score,0.5,225020,0.45977922838498453,0.4968866571036266,0.08070705770894704
hetionet,max_candidate_dep_score,0.52,234021,0.4440382465919135,0.4797360284629396,0.08039348444647287
hetionet,max_candidate_dep_score,0.54,243022,0.4295276223403056,0.46389924592666687,0.08002191663270808
hetionet,max_candidate_dep_score,0.56,252022,0.43099489705575195,0.46449723477879756,0.07773256238509907
hetionet,max_candidate_dep_score,0.58,261023,0.4393466097315344,0.4717467319778938,0.07374615287496522
hetionet,max_candidate_dep_score,0.6,270024,0.44751967639094975,0.4792627433499315,0.07093110902960897
hetionet,max_candidate_dep_score,0.62,279025,0.4545260467399858,0.4852051250867433,0.0674968542876655
hetionet,max_candidate_dep_score,0.64,288026,0.46128914092624446,0.49116682119939875,0.06476996231292476
hetionet,max_candidate_dep_score,0.66,297026,0.4672943029199674,0.4962307858639732,0.06192346613941435
hetionet,max_candidate_dep_score,0.68,306027,0.4600969967255315,0.48771417823568536,0.06002469415515166
hetionet,max_candidate_dep_score,0.7,315028,0.4483897342063648,0.4749414474884925,0.059215702895436095
hetionet,max_candidate_dep_score,0.72,324029,0.43729911681617395,0.4629007548062023,0.058544911264457156
hetionet,max_candidate_dep_score,0.74,333030,0.4269025605648873,0.4512968412591323,0.05714250264033538
hetionet,max_candidate_dep_score,0.76,342030,0.41678510332968655,0.4402456845060409,0.05628939467588534
hetionet,max_candidate_dep_score,0.78,351031,0.40722752355436287,0.4298465349958322,0.055543916197132503
hetionet,max_candidate_dep_score,0.8,360032,0.4023163653178402,0.42436858270004646,0.054813125398924356
hetionet,max_candidate_dep_score,0.82,369033,0.4022912287762014,0.42375135376183043,0.05334474989900295
hetionet,max_candidate_dep_score,0.84,378034,0.3930562352200932,0.41399621334458836,0.05327476388402741
hetionet,max_candidate_dep_score,0.86,387034,0.3858586635395389,0.4063670785462233,0.053150070076326994
hetionet,max_candidate_dep_score,0.88,396035,0.38270702169050924,0.4027455039235284,0.05235984995651344
hetionet,max_candidate_dep_score,0.9,405036,0.37922423910414943,0.39871958278803243,0.0514084852010972
hetionet,max_candidate_dep_score,0.92,414037,0.37711393224354073,0.39614080216464886,0.05045390343420286
hetionet,max_candidate_dep_score,0.94,423038,0.3731087137150487,0.39174747594994846,0.049955312084012604
hetionet,max_candidate_dep_score,0.96,432038,0.37037312062338573,0.38873658849281895,0.049580995074710366
hetionet,max_candidate_dep_score,0.98,441039,0.37371790382129266,0.3916113303139516,0.047879500312126844
hetionet,max_candidate_dep_score,1.0,450040,0.37318845483349955,0.3903218979298272,0.04591096770121639
FB15k-237,topk_rule_weight,0.02,816,0.23202525200530918,0.28495809239821235,0.22813396358984228
FB15k-237,topk_rule_weight,0.04,1633,0.20994593135654394,0.2458309578974686,0.17092508680238416
FB15k-237,topk_rule_weight,0.06,2449,0.23841632984823424,0.27116893526935953,0.13737567993758737
FB15k-237,topk_rule_weight,0.08,3266,0.26032897787201276,0.29267143086905373,0.12423685315947308
FB15k-237,topk_rule_weight,0.1,4082,0.2821253945190298,0.31285768066210123,0.10893130054975786
FB15k-237,topk_rule_weight,0.12,4898,0.3012218362161435,0.33111791790657497,0.09924938399545291
FB15k-237,topk_rule_weight,0.14,5715,0.30804164841487114,0.33517257663429945,0.08807551952484127
FB15k-237,topk_rule_weight,0.16,6531,0.30975197959592876,0.3345253197815456,0.07997798825348479
FB15k-237,topk_rule_weight,0.18,7347,0.306140441121298,0.32992038325387274,0.07767657891089508
FB15k-237,topk_rule_weight,0.2,8164,0.310218106798035,0.3326314144255201,0.07225015927931322
FB15k-237,topk_rule_weight,0.22,8980,0.31075923729710275,0.33176189044859816,0.06758496813858428
FB15k-237,topk_rule_weight,0.24,9797,0.3132708861030976,0.3324261014185959,0.06114585224876046
FB15k-237,topk_rule_weight,0.26,10613,0.3121501381058601,0.32957155463559584,0.05581101656866028
FB15k-237,topk_rule_weight,0.28,11429,0.31460921977270334,0.3314036081708019,0.05338174262735218
FB15k-237,topk_rule_weight,0.3,12246,0.31751187164037253,0.3333825751446805,0.049984598756306786
FB15k-237,topk_rule_weight,0.32,13062,0.31873405317226033,0.33403586578825323,0.04800808844771609
FB15k-237,topk_rule_weight,0.34,13878,0.32205046275756416,0.33679281780178894,0.04577653737241372
FB15k-237,topk_rule_weight,0.36,14695,0.32462729862322165,0.3385594123598295,0.04291725863997087
FB15k-237,topk_rule_weight,0.38,15511,0.3247831292185142,0.3378406035128942,0.04020367168023342
FB15k-237,topk_rule_weight,0.4,16328,0.32827771521950794,0.34051527890646865,0.03727808230533669
FB15k-237,topk_rule_weight,0.42,17144,0.3316946163116795,0.34355187117174696,0.03574750471356958
FB15k-237,topk_rule_weight,0.44,17960,0.33932366655345286,0.3506594731781993,0.033407061581897324
FB15k-237,topk_rule_weight,0.46,18777,0.34391136288397106,0.35464402056957517,0.031207627440984265
FB15k-237,topk_rule_weight,0.48,19593,0.3481565009094707,0.35858955297696876,0.029966558258267106
FB15k-237,topk_rule_weight,0.5,20410,0.3526988984592982,0.36266763261010904,0.028264148808962775
FB15k-237,topk_rule_weight,0.52,21226,0.3537939708819602,0.36325895832753485,0.026752822898535422
FB15k-237,topk_rule_weight,0.54,22042,0.35351783334238984,0.36269893296321887,0.025970683102532366
FB15k-237,topk_rule_weight,0.56,22859,0.35674940089388985,0.3653097222840825,0.02399533501315898
FB15k-237,topk_rule_weight,0.58,23675,0.3608200165268308,0.36904648453469885,0.02279936708349517
FB15k-237,topk_rule_weight,0.6,24491,0.36081850917878366,0.3685981143028643,0.021560992372001264
FB15k-237,topk_rule_weight,0.62,25308,0.36134386242183236,0.36871705471536975,0.02040491913746667
FB15k-237,topk_rule_weight,0.64,26124,0.3611863990938162,0.36817218019820214,0.019341207536918814
FB15k-237,topk_rule_weight,0.66,26941,0.3616370517992412,0.36841269686014655,0.018736036662158062
FB15k-237,topk_rule_weight,0.68,27757,0.36534009391422984,0.37191354958078265,0.017992702624355372
FB15k-237,topk_rule_weight,0.7,28573,0.36734408201698143,0.3737112906180506,0.017333091542154788
FB15k-237,topk_rule_weight,0.72,29390,0.36961429161027176,0.3757357543976728,0.01656175891016587
FB15k-237,topk_rule_weight,0.74,30206,0.36519928814330443,0.3710830383052842,0.016111066896907555
FB15k-237,topk_rule_weight,0.76,31022,0.3634499098676879,0.3691599843378053,0.01571076045168396
FB15k-237,topk_rule_weight,0.78,31839,0.36363295248666727,0.369150174030658,0.015172501574078234
FB15k-237,topk_rule_weight,0.8,32655,0.36448322341986567,0.36979604076846767,0.014576301478989917
FB15k-237,topk_rule_weight,0.82,33472,0.3629920022557772,0.36814294068062053,0.01419022566016137
FB15k-237,topk_rule_weight,0.84,34288,0.3628850183909082,0.36789011438598174,0.013792512066954421
FB15k-237,topk_rule_weight,0.86,35104,0.3632272104525978,0.3681043929008223,0.013427359811913009
FB15k-237,topk_rule_weight,0.88,35921,0.36305911437629723,0.36780038976572826,0.013059238018514163
FB15k-237,topk_rule_weight,0.9,36737,0.36094407765547937,0.3656046007345651,0.01291203642779859
FB15k-237,topk_rule_weight,0.92,37553,0.35693670110504133,0.3614031728055343,0.012513343925310005
FB15k-237,topk_rule_weight,0.94,38370,0.35420304012816173,0.358549767367266,0.012271851866464845
FB15k-237,topk_rule_weight,0.96,39186,0.3543530189851048,0.35848394309456694,0.011657651799590774
FB15k-237,topk_rule_weight,0.98,40003,0.3541656882049175,0.3579638273793556,0.010724187296880405
FB15k-237,topk_rule_weight,1.0,40819,0.35281198551723697,0.3560530550713822,0.009186393000208515
KG20C,topk_rule_weight,0.02,149,0.18918701652881514,0.25461139909846264,0.34581856498425556
KG20C,topk_rule_weight,0.04,298,0.15618642117486572,0.2055692033611611,0.3161784604245885
KG20C,topk_rule_weight,0.06,447,0.16989194755033904,0.20447179652324352,0.20354024703059248
KG20C,topk_rule_weight,0.08,596,0.16669740676706635,0.20286562612167774,0.2169692981796103
KG20C,topk_rule_weight,0.1,745,0.15130406006657587,0.18198034058778387,0.20274591777451323
KG20C,topk_rule_weight,0.12,894,0.1544200380707252,0.1865644687069936,0.20816230223661836
KG20C,topk_rule_weight,0.14,1043,0.16115205583298084,0.19074342740694886,0.18362391606494133
KG20C,topk_rule_weight,0.16,1192,0.16710714724961523,0.19655490997966987,0.1762208452165559
KG20C,topk_rule_weight,0.18,1341,0.16607124147341387,0.19591308269088697,0.17969300977526825
KG20C,topk_rule_weight,0.2,1490,0.16666763190106834,0.19469537110205543,0.1681654612913921
KG20C,topk_rule_weight,0.22,1639,0.17423651602070608,0.20217753983940995,0.1603626177613846
KG20C,topk_rule_weight,0.24,1788,0.17467364306425273,0.20221906021799751,0.15769647137669396
KG20C,topk_rule_weight,0.26,1936,0.16767149090043587,0.19388220602819523,0.1563218349583555
KG20C,topk_rule_weight,0.28,2085,0.1708964688876356,0.1958622921255742,0.14608741421306748
KG20C,topk_rule_weight,0.3,2234,0.17217070407218157,0.19630095728546654,0.14015307275021938
KG20C,topk_rule_weight,0.32,2383,0.17547985996388848,0.1987204550700686,0.13244024192270687
KG20C,topk_rule_weight,0.34,2532,0.1823626119836937,0.20474974448789557,0.12276163551662478
KG20C,topk_rule_weight,0.36,2681,0.18344040618711221,0.20549533052617056,0.12022936929479955
KG20C,topk_rule_weight,0.38,2830,0.1892772725405542,0.21153792054943069,0.1176086685426374
KG20C,topk_rule_weight,0.4,2979,0.18844755891896656,0.20946072281281627,0.11150669191149087
KG20C,topk_rule_weight,0.42,3128,0.18819055829873663,0.20811356476969686,0.10586613192004113
KG20C,topk_rule_weight,0.44,3277,0.1884565007231073,0.2082523454396018,0.10504198390895447
KG20C,topk_rule_weight,0.46,3426,0.18470899575776095,0.2041372303125346,0.10518293640799747
KG20C,topk_rule_weight,0.48,3575,0.18619889763646338,0.2046729804247169,0.09921692890106426
KG20C,topk_rule_weight,0.5,3724,0.18642340806670313,0.20389737231724944,0.09373267247798656
KG20C,topk_rule_weight,0.52,3873,0.19744356222697457,0.21458655209430896,0.08682475981479398
KG20C,topk_rule_weight,0.54,4022,0.1971656117595827,0.21354431412917257,0.08307078614480479
KG20C,topk_rule_weight,0.56,4171,0.19693944165731214,0.2129834123589416,0.08146651867505073
KG20C,topk_rule_weight,0.58,4320,0.19841425450396463,0.21394499577805326,0.07827432213938179
KG20C,topk_rule_weight,0.6,4469,0.19474841981507038,0.20964318746130145,0.07648209757170243
KG20C,topk_rule_weight,0.62,4618,0.2018530519419623,0.21620284757186806,0.07109030798321392
KG20C,topk_rule_weight,0.64,4767,0.20929975407656606,0.22314307349088128,0.06614111648335252
KG20C,topk_rule_weight,0.66,4916,0.20999292209691703,0.22339069914295523,0.06380108868552625
KG20C,topk_rule_weight,0.68,5065,0.21213208583522736,0.22524435318133973,0.06181180604756453
KG20C,topk_rule_weight,0.7,5214,0.2114468498531734,0.2242945423276089,0.060760860156378715
KG20C,topk_rule_weight,0.72,5363,0.21363462425798058,0.2262531492798523,0.05906591717377174
KG20C,topk_rule_weight,0.74,5512,0.2167654263677113,0.22900873776471445,0.056481845846736434
KG20C,topk_rule_weight,0.76,5660,0.22675090060131767,0.23837281601936655,0.051254109188668684
KG20C,topk_rule_weight,0.78,5809,0.2281429699456893,0.23969902739190263,0.05065270014221479
KG20C,topk_rule_weight,0.8,5958,0.23094344729158806,0.24201480533381642,0.047939693340810496
KG20C,topk_rule_weight,0.82,6107,0.22929934842346783,0.23996781801985512,0.04652638426466371
KG20C,topk_rule_weight,0.84,6256,0.2274040924100306,0.2378120722967282,0.04576865691551002
KG20C,topk_rule_weight,0.86,6405,0.22596197173312343,0.23597078679628702,0.044294245559977075
KG20C,topk_rule_weight,0.88,6554,0.22604472515247404,0.23560843145707286,0.04230891164634709
KG20C,topk_rule_weight,0.9,6703,0.22693150077938792,0.23621101209129564,0.040891243745524886
KG20C,topk_rule_weight,0.92,6852,0.22874171168352195,0.2378415927741747,0.039782342379438784
KG20C,topk_rule_weight,0.94,7001,0.22747290707310902,0.23617616730955138,0.03826064540356522
KG20C,topk_rule_weight,0.96,7150,0.22754724719135108,0.23595668463963382,0.0369568850077584
KG20C,topk_rule_weight,0.98,7299,0.22625338635342426,0.23430071600397015,0.03556777549386769
KG20C,topk_rule_weight,1.0,7448,0.22638074035722044,0.23398674950607826,0.033598304947920044
WN18RR,topk_rule_weight,0.02,121,0.39970662214171215,0.42330138792999955,0.05903020986207763
WN18RR,topk_rule_weight,0.04,242,0.31534721726793713,0.33189697124358686,0.052481052850350984
WN18RR,topk_rule_weight,0.06,363,0.28538686914466777,0.298730769255812,0.04675723221302075
WN18RR,topk_rule_weight,0.08,484,0.24577521147575745,0.25911122739286413,0.05426102916169029
WN18RR,topk_rule_weight,0.1,606,0.29838069542382856,0.31212460152704946,0.046061646460400674
WN18RR,topk_rule_weight,0.12,727,0.3067262981310269,0.31897209297194773,0.03992417642549073
WN18RR,topk_rule_weight,0.14,848,0.306136977779301,0.3175925158684389,0.03741964846009682
WN18RR,topk_rule_weight,0.16,969,0.31802625707833343,0.3300080450308238,0.03767546762511231
WN18RR,topk_rule_weight,0.18,1090,0.33182399874252017,0.3435144101231537,0.035230759152247826
WN18RR,topk_rule_weight,0.2,1211,0.3388868008718987,0.34986487340312017,0.03239451198151344
WN18RR,topk_rule_weight,0.22,1332,0.34629937289348195,0.35652820100728505,0.02953752999416892
WN18RR,topk_rule_weight,0.24,1453,0.347326114829087,0.3570751933250466,0.02806894753870437
WN18RR,topk_rule_weight,0.26,1574,0.3351599258890929,0.3443633100992974,0.027459679691091532
WN18RR,topk_rule_weight,0.28,1695,0.3217157209044025,0.3304957181971343,0.0272911664622717
WN18RR,topk_rule_weight,0.3,1816,0.3137454853690245,0.3221621600368433,0.026826440730833623
WN18RR,topk_rule_weight,0.32,1938,0.3077798364153964,0.3157506050759978,0.025897631090568307
WN18RR,topk_rule_weight,0.34,2059,0.2981890573181136,0.3058163194667022,0.02557861182830612
WN18RR,topk_rule_weight,0.36,2180,0.2999999567340175,0.30736167184311297,0.024539053902672414
WN18RR,topk_rule_weight,0.38,2301,0.2931588212392061,0.30020349421041087,0.02403022682867384
WN18RR,topk_rule_weight,0.4,2422,0.29124069345906795,0.2980496216743329,0.023379041350284124
WN18RR,topk_rule_weight,0.42,2543,0.2863217470864906,0.2928600828871582,0.022835624143815236
WN18RR,topk_rule_weight,0.44,2664,0.28423224146365195,0.2905625739758636,0.022271690500745622
WN18RR,topk_rule_weight,0.46,2785,0.27859225673630755,0.28473615110083106,0.022053356530791213
WN18RR,topk_rule_weight,0.48,2906,0.2703947717180743,0.27630679202641406,0.02186440318640437
WN18RR,topk_rule_weight,0.5,3028,0.26592784800840014,0.27165764571161644,0.021546437299170274
WN18RR,topk_rule_weight,0.52,3149,0.26151202933278755,0.26703506861262133,0.021119637570497396
WN18RR,topk_rule_weight,0.54,3270,0.2545269059470071,0.2598632802698629,0.020965855468210615
WN18RR,topk_rule_weight,0.56,3391,0.25507952638547354,0.2603303162437545,0.020584912998254712
WN18RR,topk_rule_weight,0.58,3512,0.2681512482725813,0.27330750929423486,0.019228927908670812
WN18RR,topk_rule_weight,0.6,3633,0.27695867765412474,0.2818127449233816,0.01752632309762392
WN18RR,topk_rule_weight,0.62,3754,0.2984702759881402,0.30316803831844574,0.015739464557241956
WN18RR,topk_rule_weight,0.64,3875,0.3157092250200861,0.32028302862360497,0.014487392958593137
WN18RR,topk_rule_weight,0.66,3996,0.33041979783922515,0.33489328760314485,0.013538806673129233
WN18RR,topk_rule_weight,0.68,4117,0.3478787705111308,0.3522221831544585,0.012485420242649647
WN18RR,topk_rule_weight,0.7,4238,0.3624713740930696,0.3667006050896551,0.011667765508841299
WN18RR,topk_rule_weight,0.72,4360,0.37850238861485846,0.38254239334113865,0.010673657149337101
WN18RR,topk_rule_weight,0.74,4481,0.39527936991927753,0.39921028279733634,0.00994464466704037
WN18RR,topk_rule_weight,0.76,4602,0.4111727754257996,0.4150003331412671,0.009308879245479629
WN18RR,topk_rule_weight,0.78,4723,0.4261107755163647,0.4298402738450926,0.008752414965822908
WN18RR,topk_rule_weight,0.8,4844,0.4404401398961793,0.44407647775880976,0.008256145462780973
WN18RR,topk_rule_weight,0.82,4965,0.4533138356199044,0.45686155376825915,0.007826185458255974
WN18RR,topk_rule_weight,0.84,5086,0.46576496604122836,0.4692211888206366,0.007420529733664694
WN18RR,topk_rule_weight,0.86,5207,0.4781729883315831,0.48154889558260494,0.00706001245030774
WN18RR,topk_rule_weight,0.88,5328,0.4900185937717702,0.49331783345947106,0.006732886730493215
WN18RR,topk_rule_weight,0.9,5450,0.5014285312053,0.5046539163532028,0.00643239254884409
WN18RR,topk_rule_weight,0.92,5571,0.5122515517863784,0.5154068827962636,0.006159729529137792
WN18RR,topk_rule_weight,0.94,5692,0.5206476496248463,0.523736028328617,0.005931801874061948
WN18RR,topk_rule_weight,0.96,5813,0.5194922463783588,0.5223624494379635,0.005525016166486374
WN18RR,topk_rule_weight,0.98,5934,0.5155570430845431,0.5179602014341906,0.0046612850738487754
WN18RR,topk_rule_weight,1.0,6055,0.5112021246888967,0.5133269561687425,0.004156538827257084
YAGO3-10,topk_rule_weight,0.02,200,0.5254340277471387,0.6275175534104777,0.1942841922534677
YAGO3-10,topk_rule_weight,0.04,399,0.4795910770059538,0.5625121608881698,0.1728995551791439
YAGO3-10,topk_rule_weight,0.06,598,0.49853638474919126,0.5823078343897815,0.16803477580224135
YAGO3-10,topk_rule_weight,0.08,798,0.5386383558117679,0.613550301880412,0.13907651629402862
YAGO3-10,topk_rule_weight,0.1,998,0.5760103190305056,0.6503116244072347,0.1289930109269346
YAGO3-10,topk_rule_weight,0.12,1197,0.594959453230218,0.6630820110653985,0.11449949650404267
YAGO3-10,topk_rule_weight,0.14,1397,0.5962674986819902,0.6688182713745003,0.12167487386597253
YAGO3-10,topk_rule_weight,0.16,1596,0.5874731453993701,0.6617380421219135,0.12641411323075435
YAGO3-10,topk_rule_weight,0.18,1796,0.5784091879405435,0.6517024307316731,0.12671521185908907
YAGO3-10,topk_rule_weight,0.2,1995,0.5731261941780306,0.6465614305046564,0.12813100687527568
YAGO3-10,topk_rule_weight,0.22,2194,0.5631966084581206,0.6345523514295552,0.12669774977300974
YAGO3-10,topk_rule_weight,0.24,2394,0.5688470987509848,0.6371613006908141,0.12009237999073297
YAGO3-10,topk_rule_weight,0.26,2594,0.5662835247481014,0.6337693734406787,0.11917325110702626
YAGO3-10,topk_rule_weight,0.28,2793,0.5646068563289273,0.6302732501822221,0.11630463413118575
YAGO3-10,topk_rule_weight,0.3,2992,0.5611744572860907,0.6244852189864415,0.11281832392466584
YAGO3-10,topk_rule_weight,0.32,3192,0.5516718156998984,0.6118982846941993,0.1091708281632846
YAGO3-10,topk_rule_weight,0.34,3392,0.5454150802550947,0.6027845591999357,0.1051849885008842
YAGO3-10,topk_rule_weight,0.36,3591,0.5397804083724104,0.5949352772755461,0.10218019781311272
YAGO3-10,topk_rule_weight,0.38,3790,0.5361292282932612,0.5889815207827744,0.09858125560094111
YAGO3-10,topk_rule_weight,0.4,3990,0.5311202130089211,0.5813359833141658,0.09454690120106801
YAGO3-10,topk_rule_weight,0.42,4190,0.5293128725006858,0.5774775822139758,0.09099478251065518
YAGO3-10,topk_rule_weight,0.44,4389,0.53289453162961,0.5790311946665421,0.08657747508844671
YAGO3-10,topk_rule_weight,0.46,4588,0.5341668542820983,0.5794900906316636,0.08484846258474454
YAGO3-10,topk_rule_weight,0.48,4788,0.5301667348111742,0.5741815186002136,0.08302064407099374
YAGO3-10,topk_rule_weight,0.5,4988,0.5291271725248582,0.5712520932629441,0.07961209124278512
YAGO3-10,topk_rule_weight,0.52,5187,0.5306012628412073,0.5713093148903665,0.07672060905241729
YAGO3-10,topk_rule_weight,0.54,5386,0.5333729563353229,0.5726653320720118,0.07366773150003203
YAGO3-10,topk_rule_weight,0.56,5586,0.5360377030781915,0.5741996752222004,0.07119270141794898
YAGO3-10,topk_rule_weight,0.58,5786,0.5362232075386129,0.5730913607961992,0.06875523613910617
YAGO3-10,topk_rule_weight,0.6,5985,0.5403476305562941,0.5762124309902201,0.0663735684322384
YAGO3-10,topk_rule_weight,0.62,6184,0.544260327232807,0.5789602582330033,0.06375612783798124
YAGO3-10,topk_rule_weight,0.64,6384,0.5498292539029837,0.5835642225753693,0.06135535429029426
YAGO3-10,topk_rule_weight,0.66,6584,0.5554862488869652,0.5885191006438952,0.059466551733941886
YAGO3-10,topk_rule_weight,0.68,6783,0.5620653871553678,0.5942917888737543,0.0573356809631802
YAGO3-10,topk_rule_weight,0.7,6982,0.5681059453591759,0.599340288088257,0.05497978499297984
YAGO3-10,topk_rule_weight,0.72,7182,0.5742825686787791,0.6045391469353639,0.05268587261179536
YAGO3-10,topk_rule_weight,0.74,7382,0.5789137529527868,0.6083403716457684,0.05083074731406745
YAGO3-10,topk_rule_weight,0.76,7581,0.582121776205078,0.6107779466190465,0.04922710605464986
YAGO3-10,topk_rule_weight,0.78,7780,0.5835758942259317,0.6113203584008804,0.04754216966372393
YAGO3-10,topk_rule_weight,0.8,7980,0.5819527440005025,0.6091147570306762,0.04667391521080333
YAGO3-10,topk_rule_weight,0.82,8179,0.5863936764425176,0.6126618794344354,0.044796190762627974
YAGO3-10,topk_rule_weight,0.84,8379,0.5864417017190235,0.6120688244943945,0.04369935272380987
YAGO3-10,topk_rule_weight,0.86,8578,0.5847667138336228,0.6094644014071197,0.04223511186466711
YAGO3-10,topk_rule_weight,0.88,8778,0.5838804358960973,0.6077399418512901,0.04086368456339007
YAGO3-10,topk_rule_weight,0.9,8978,0.5755434057686112,0.5988573263167296,0.04050766686655671
YAGO3-10,topk_rule_weight,0.92,9177,0.5638652856054047,0.5866719637317548,0.04044703355317081
YAGO3-10,topk_rule_weight,0.94,9376,0.5609157681304378,0.5830566546627899,0.03947274758587893
YAGO3-10,topk_rule_weight,0.96,9576,0.560607988649339,0.5817716760066396,0.03775131247824315
YAGO3-10,topk_rule_weight,0.98,9776,0.5622926815789341,0.5824150134778231,0.03578622407530707
YAGO3-10,topk_rule_weight,1.0,9975,0.5616723217905851,0.5802260659200453,0.033033039745151926
codex-l,topk_rule_weight,0.02,1223,0.2852026466924584,0.3478353000157286,0.2196075458963349
codex-l,topk_rule_weight,0.04,2445,0.33446952770223015,0.3808396014311643,0.13863766319010162
codex-l,topk_rule_weight,0.06,3668,0.33694637679720774,0.3746752690709372,0.11197298701459757
codex-l,topk_rule_weight,0.08,4890,0.33915532043543145,0.37137768178774977,0.09500768353257438
codex-l,topk_rule_weight,0.1,6113,0.3330536245346836,0.3619185564986903,0.08666752089647578
codex-l,topk_rule_weight,0.12,7335,0.3353350530047163,0.362300462713526,0.08041333426729613
codex-l,topk_rule_weight,0.14,8558,0.3481336647012626,0.37392129059536744,0.07407392191224438
codex-l,topk_rule_weight,0.16,9781,0.3589689940521317,0.3828306489925135,0.06647274649274171
codex-l,topk_rule_weight,0.18,11003,0.34323785282276653,0.3648710437069244,0.06302682150656724
codex-l,topk_rule_weight,0.2,12226,0.33547520999860225,0.35540559117406956,0.05940940069923606
codex-l,topk_rule_weight,0.22,13448,0.3398549601153368,0.35846675012559737,0.05476392047932532
codex-l,topk_rule_weight,0.24,14671,0.33528131319049836,0.35310379191854196,0.053156791109074675
codex-l,topk_rule_weight,0.26,15894,0.33071042458393035,0.3484009510911958,0.05349249733969552
codex-l,topk_rule_weight,0.28,17116,0.3424205067692911,0.3600941635723812,0.05161389710516939
codex-l,topk_rule_weight,0.3,18339,0.35030397081967535,0.3677340687377599,0.04975706634812016
codex-l,topk_rule_weight,0.32,19561,0.3549924238326673,0.37168096942509105,0.04701099086072391
codex-l,topk_rule_weight,0.34,20784,0.36374707226733055,0.3797538000685107,0.04400510415494496
codex-l,topk_rule_weight,0.36,22006,0.37135584817218004,0.3868720404402885,0.04178254454448327
codex-l,topk_rule_weight,0.38,23229,0.37740263079303144,0.3921135479918574,0.038979371097424664
codex-l,topk_rule_weight,0.4,24452,0.3811656558540184,0.3953480348159312,0.037207914050221946
codex-l,topk_rule_weight,0.42,25674,0.3822085365325647,0.39589024526702127,0.03579644991338604
codex-l,topk_rule_weight,0.44,26897,0.38356727638821836,0.3969495976379775,0.03488911091626745
codex-l,topk_rule_weight,0.46,28119,0.3830742200697253,0.3960871671092186,0.03396978015676644
codex-l,topk_rule_weight,0.48,29342,0.3805061978158728,0.39300510852290377,0.03284811332581561
codex-l,topk_rule_weight,0.5,30564,0.38451951968314624,0.39669917960661166,0.03167501076018664
codex-l,topk_rule_weight,0.52,31787,0.3815566779158008,0.39331439494843434,0.03081512580741186
codex-l,topk_rule_weight,0.54,33010,0.38200612862962435,0.39356031334229596,0.03024607158560544
codex-l,topk_rule_weight,0.56,34232,0.3808760235554658,0.39199658578072943,0.029197328100240005
codex-l,topk_rule_weight,0.58,35455,0.3784838594638656,0.3892566073457378,0.028462899044445766
codex-l,topk_rule_weight,0.6,36677,0.3777466154208291,0.3881495938559961,0.027539567557945066
codex-l,topk_rule_weight,0.62,37900,0.3749524545357262,0.3851308186211026,0.027145745979925584
codex-l,topk_rule_weight,0.64,39123,0.3725126467721079,0.38234741523270827,0.02640116663372516
codex-l,topk_rule_weight,0.66,40345,0.3717170177311117,0.3812992996174813,0.02577843205796171
codex-l,topk_rule_weight,0.68,41568,0.3687533325955202,0.37814495487616295,0.025468576011336896
codex-l,topk_rule_weight,0.7,42790,0.36847584131332417,0.3775824715226353,0.024714320962951675
codex-l,topk_rule_weight,0.72,44013,0.3657949164320205,0.37466699587498564,0.02425424478148508
codex-l,topk_rule_weight,0.74,45235,0.3601347983138773,0.3687633392849001,0.023959198087552203
codex-l,topk_rule_weight,0.76,46458,0.3598793199864379,0.3681909236854776,0.023095530188711466
codex-l,topk_rule_weight,0.78,47681,0.3561704299759661,0.3642001525440406,0.022544607559410013
codex-l,topk_rule_weight,0.8,48903,0.3559286175702506,0.3636667074027537,0.021740566648805082
codex-l,topk_rule_weight,0.82,50126,0.3516656875270955,0.35917286469206694,0.021347482655364347
codex-l,topk_rule_weight,0.84,51348,0.34932296848797695,0.3564437291136989,0.020384461567310552
codex-l,topk_rule_weight,0.86,52571,0.3454952777220885,0.3523645374937848,0.019882355026634713
codex-l,topk_rule_weight,0.88,53794,0.3468974432602454,0.35346298556212447,0.01892646495221806
codex-l,topk_rule_weight,0.9,55016,0.3453746930762934,0.351749129198692,0.018456581359857838
codex-l,topk_rule_weight,0.92,56239,0.3413466578203991,0.3475468272144079,0.018163849716879454
codex-l,topk_rule_weight,0.94,57461,0.3426346031144848,0.3485711904151063,0.017326292343677663
codex-l,topk_rule_weight,0.96,58684,0.33684806637604964,0.3426081415234989,0.017099920475775576
codex-l,topk_rule_weight,0.98,59906,0.33539177385294205,0.3407424509965956,0.015953513355994486
codex-l,topk_rule_weight,1.0,61129,0.32990176871301513,0.334842792661744,0.014977258133547888
codex-m,topk_rule_weight,0.02,412,0.10956761934669167,0.15607904281152196,0.4244997175457448
codex-m,topk_rule_weight,0.04,824,0.2065149224406167,0.24300144743957613,0.1766774263465205
codex-m,topk_rule_weight,0.06,1236,0.23781315455104937,0.2679747305757744,0.12682887993166303
codex-m,topk_rule_weight,0.08,1648,0.25284667523014154,0.27798010985368554,0.09940187902675612
codex-m,topk_rule_weight,0.1,2059,0.2620490050858713,0.28515448556005224,0.08817236480867185
codex-m,topk_rule_weight,0.12,2471,0.25702726636338985,0.2774267516958957,0.07936700888249226
codex-m,topk_rule_weight,0.14,2883,0.25556818178412577,0.2747135715967199,0.07491304151768752
codex-m,topk_rule_weight,0.16,3295,0.2599125933071158,0.2774690877138208,0.06754768664079314
codex-m,topk_rule_weight,0.18,3707,0.27006776261302845,0.2863232127276155,0.06019026468508559
codex-m,topk_rule_weight,0.2,4119,0.2608250738018349,0.27558372000796594,0.05658446096077441
codex-m,topk_rule_weight,0.22,4531,0.2690133112548138,0.282447225570065,0.049937730785843515
codex-m,topk_rule_weight,0.24,4943,0.2680746151374893,0.2811422133545174,0.04874612320277327
codex-m,topk_rule_weight,0.26,5354,0.2686827722529677,0.28093613976455567,0.04560533378765075
codex-m,topk_rule_weight,0.28,5766,0.26586076566035044,0.27739896600157415,0.04339940988496327
codex-m,topk_rule_weight,0.3,6178,0.27033380709172466,0.28121318160811465,0.04024422484716683
codex-m,topk_rule_weight,0.32,6590,0.2885242058691859,0.2989562081588548,0.03615641972999195
codex-m,topk_rule_weight,0.34,7002,0.2926109531304664,0.30267651091922715,0.03439911486933567
codex-m,topk_rule_weight,0.36,7414,0.299465267991282,0.3091400905654994,0.03230699385979907
codex-m,topk_rule_weight,0.38,7826,0.3094147271174607,0.31854971939827703,0.02952345664318834
codex-m,topk_rule_weight,0.4,8238,0.31913084956636506,0.32812340549701263,0.02817827215033164
codex-m,topk_rule_weight,0.42,8649,0.3100411771833329,0.3186897189107498,0.02789481644337477
codex-m,topk_rule_weight,0.44,9061,0.3108426014234359,0.3191493050326578,0.02672318263707485
codex-m,topk_rule_weight,0.46,9473,0.3172170080371611,0.32521633505442915,0.02521720719442322
codex-m,topk_rule_weight,0.48,9885,0.3151142554747609,0.3228005171565806,0.02439198337834414
codex-m,topk_rule_weight,0.5,10297,0.3181005889161297,0.3254784015812493,0.02319333230491072
codex-m,topk_rule_weight,0.52,10709,0.32172810955437653,0.32895525057110625,0.022463505059411748
codex-m,topk_rule_weight,0.54,11121,0.3189738209695822,0.32593726965625514,0.021830784311722473
codex-m,topk_rule_weight,0.56,11533,0.3210980284101293,0.32783805515176573,0.020990557852406333
codex-m,topk_rule_weight,0.58,11945,0.32316306533994027,0.32963010645675656,0.020011696293366743
codex-m,topk_rule_weight,0.6,12356,0.31899851773798094,0.32530570530581526,0.019771839733170538
codex-m,topk_rule_weight,0.62,12768,0.3261781210043502,0.3320582602865983,0.018027387196119404
codex-m,topk_rule_weight,0.64,13180,0.32494860994164326,0.3305964319371992,0.017380662119373946
codex-m,topk_rule_weight,0.66,13592,0.327890064853493,0.3332576354761533,0.016370031294051568
codex-m,topk_rule_weight,0.68,14004,0.33066823056120676,0.33586234442086094,0.015707931332982206
codex-m,topk_rule_weight,0.7,14416,0.3328814485583289,0.33791945749480884,0.015134544019496987
codex-m,topk_rule_weight,0.72,14828,0.33453766720973854,0.3394240498519311,0.01460637506965412
codex-m,topk_rule_weight,0.74,15240,0.33335330899814325,0.33808929479244054,0.014207105993730096
codex-m,topk_rule_weight,0.76,15651,0.33539742870349626,0.3399729697800981,0.013642147151482265
codex-m,topk_rule_weight,0.78,16063,0.33544280462576603,0.33990598051469423,0.013305326056725297
codex-m,topk_rule_weight,0.8,16475,0.33368928734242737,0.3380442268853343,0.013050882087317195
codex-m,topk_rule_weight,0.82,16887,0.33540069830964725,0.3396071766712572,0.012541650577383434
codex-m,topk_rule_weight,0.84,17299,0.33506482698341944,0.3391322470565836,0.012139203358893402
codex-m,topk_rule_weight,0.86,17711,0.334451682164318,0.33842469947825304,0.011879196684629223
codex-m,topk_rule_weight,0.88,18123,0.33809626506563273,0.3419714893756824,0.011461896242176417
codex-m,topk_rule_weight,0.9,18535,0.3391305337418254,0.3428502627138181,0.010968428383462792
codex-m,topk_rule_weight,0.92,18946,0.34160966753736155,0.34521987761766554,0.010568231591130628
codex-m,topk_rule_weight,0.94,19358,0.34352623023263157,0.34693007243363994,0.009908536529229073
codex-m,topk_rule_weight,0.96,19770,0.34270199371683596,0.34590313772758946,0.009340896958418332
codex-m,topk_rule_weight,0.98,20182,0.34330939908621794,0.34640571087061217,0.009019012566028328
codex-m,topk_rule_weight,1.0,20594,0.3423415349994885,0.3449297847479118,0.0075604315685129375
hetionet,topk_rule_weight,0.02,9001,0.5129895829916086,0.6383396647455429,0.24435209975011296
hetionet,topk_rule_weight,0.04,18002,0.5391034529227554,0.6370139898628466,0.1816173434046251
hetionet,topk_rule_weight,0.06,27002,0.5764558187672554,0.6574124450158386,0.14043856200759341
hetionet,topk_rule_weight,0.08,36003,0.5845582684159552,0.6586414327687475,0.12673358389668166
hetionet,topk_rule_weight,0.1,45004,0.5833999563462826,0.6503838462886553,0.11481641233208073
hetionet,topk_rule_weight,0.12,54005,0.5839265714607923,0.647800726335264,0.10938730654897166
hetionet,topk_rule_weight,0.14,63006,0.5866111746998486,0.6489619559048777,0.10628979449109899
hetionet,topk_rule_weight,0.16,72006,0.5734869869646633,0.6315797212207686,0.10129738874037408
hetionet,topk_rule_weight,0.18,81007,0.5720901607048855,0.6268739490334921,0.09576075956472718
hetionet,topk_rule_weight,0.2,90008,0.5708026184576437,0.6232649795038223,0.09190981146501453
hetionet,topk_rule_weight,0.22,99009,0.5721695421898165,0.6223388873720499,0.08768265607117853
hetionet,topk_rule_weight,0.24,108010,0.5743596706881076,0.6228555491473481,0.08443468602372506
hetionet,topk_rule_weight,0.26,117010,0.5756171061810954,0.6223786612566592,0.08123725749882782
hetionet,topk_rule_weight,0.28,126011,0.5767399050349139,0.6219064944861421,0.07831361946160809
hetionet,topk_rule_weight,0.3,135012,0.5756387133478371,0.6194720448218527,0.07614729596466296
hetionet,topk_rule_weight,0.32,144013,0.5757810383219553,0.6177640270664803,0.07291485121996955
hetionet,topk_rule_weight,0.34,153014,0.5766126307811221,0.6167947105924161,0.06968643707450584
hetionet,topk_rule_weight,0.36,162014,0.5771436923053967,0.6160235924691431,0.06736606616705942
hetionet,topk_rule_weight,0.38,171015,0.5731862370235477,0.6104920727652012,0.06508501658270105
hetionet,topk_rule_weight,0.4,180016,0.5729077841485793,0.6090314027697412,0.06305311189801088
hetionet,topk_rule_weight,0.42,189017,0.5718967809936332,0.607212947105244,0.061752692592973224
hetionet,topk_rule_weight,0.44,198018,0.5705641442894074,0.6045127825945941,0.059500125700094664
hetionet,topk_rule_weight,0.46,207018,0.5646511052322513,0.5979216462609575,0.05892229860246423
hetionet,topk_rule_weight,0.48,216019,0.5610681609442256,0.5934447306248439,0.05770523429119834
hetionet,topk_rule_weight,0.5,225020,0.554670183987346,0.5860623422257286,0.05659608023765483
hetionet,topk_rule_weight,0.52,234021,0.5445727334331901,0.5751978295578307,0.05623692528924207
hetionet,topk_rule_weight,0.54,243022,0.5372682445152578,0.5671877946919814,0.05568829068562975
hetionet,topk_rule_weight,0.56,252022,0.5272015099287077,0.5565445896204447,0.05565818598604744
hetionet,topk_rule_weight,0.58,261023,0.5169065816093484,0.5456995443331304,0.05570244943319791
hetionet,topk_rule_weight,0.6,270024,0.5096670576744371,0.5376327917642737,0.05487059379007464
hetionet,topk_rule_weight,0.62,279025,0.5000244840361244,0.5274292831908352,0.054806914520471484
hetionet,topk_rule_weight,0.64,288026,0.49207177780817996,0.5190584200580992,0.05484289785958674
hetionet,topk_rule_weight,0.66,297026,0.4839727714387619,0.510493404463356,0.0547977791100791
hetionet,topk_rule_weight,0.68,306027,0.4756150179828255,0.5016561851419388,0.05475261750471816
hetionet,topk_rule_weight,0.7,315028,0.4676263112291277,0.4932318964525977,0.054756510933200664
hetionet,topk_rule_weight,0.72,324029,0.4612673410170043,0.4863487064541069,0.05437489977461474
hetionet,topk_rule_weight,0.74,333030,0.4532057738007134,0.47778972320779767,0.054244563569691984
hetionet,topk_rule_weight,0.76,342030,0.44575161618236075,0.46982825962696645,0.05401358642467757
hetionet,topk_rule_weight,0.78,351031,0.4381407214864796,0.4617800977505261,0.05395384428967298
hetionet,topk_rule_weight,0.8,360032,0.4312506619661207,0.45439790966589794,0.05367469488451637
hetionet,topk_rule_weight,0.82,369033,0.42525646201012474,0.44798903703753334,0.05345615424620487
hetionet,topk_rule_weight,0.84,378034,0.41869556777251876,0.4410451095601821,0.0533789786850718
hetionet,topk_rule_weight,0.86,387034,0.41191240178740574,0.43368309545575173,0.05285272687560938
hetionet,topk_rule_weight,0.88,396035,0.4067130559863395,0.4279705349654888,0.05226652714060731
hetionet,topk_rule_weight,0.9,405036,0.4005862841679802,0.42137512927531695,0.051896048189755906
hetionet,topk_rule_weight,0.92,414037,0.393982809264151,0.41408821635546483,0.05103117856554462
hetionet,topk_rule_weight,0.94,423038,0.3877941149109623,0.4072688828717811,0.0502193489070617
hetionet,topk_rule_weight,0.96,432038,0.38222948664460216,0.40106191267901303,0.04926994565419629
hetionet,topk_rule_weight,0.98,441039,0.37711605903331125,0.39532070384928664,0.04827332164702991
hetionet,topk_rule_weight,1.0,450040,0.3731884548334996,0.3903218979298272,0.045910967701216165
FB15k-237,num_neg_dep,0.02,816,0.2240808295605163,0.26855219768287875,0.19846127939450664
FB15k-237,num_neg_dep,0.04,1633,0.21416103402305967,0.2505045809122172,0.16970195841155822
FB15k-237,num_neg_dep,0.06,2449,0.22033655002770905,0.2507025562597996,0.13781647315559664
FB15k-237,num_neg_dep,0.08,3266,0.24875559469534755,0.2738860600534361,0.10102472424335196
FB15k-237,num_neg_dep,0.1,4082,0.29690470313951944,0.31884031168170773,0.07388097362634394
FB15k-237,num_neg_dep,0.12,4898,0.29449094236198087,0.31485510013874607,0.06915037051202111
FB15k-237,num_neg_dep,0.14,5715,0.32021342843847883,0.3383644724212731,0.05668420612873071
FB15k-237,num_neg_dep,0.16,6531,0.3260206270099332,0.34186708671302013,0.04860569666533454
FB15k-237,num_neg_dep,0.18,7347,0.33737618166567485,0.3520026754255855,0.04335366441014754
FB15k-237,num_neg_dep,0.2,8164,0.34487624948187484,0.35790521228122973,0.037778660661408114
FB15k-237,num_neg_dep,0.22,8980,0.3548686823474785,0.36731627875909806,0.03507662701954417
FB15k-237,num_neg_dep,0.24,9797,0.359530618030651,0.37156904783169026,0.03348374018040645
FB15k-237,num_neg_dep,0.26,10613,0.35796471332598995,0.3694199241488036,0.032000949804182666
FB15k-237,num_neg_dep,0.28,11429,0.3451589329383953,0.35559918058630946,0.03024765304213517
FB15k-237,num_neg_dep,0.3,12246,0.35422594346770064,0.36406596202837377,0.02777893246424612
FB15k-237,num_neg_dep,0.32,13062,0.36262339969859075,0.3718387962651728,0.02541313267219314
FB15k-237,num_neg_dep,0.34,13878,0.3594020465112108,0.36782930633212213,0.023448001764921678
FB15k-237,num_neg_dep,0.36,14695,0.3592485371950154,0.3672380854158575,0.022239612395429154
FB15k-237,num_neg_dep,0.38,15511,0.36355462420212964,0.3711227600448526,0.020817052896335175
FB15k-237,num_neg_dep,0.4,16328,0.3704735127479999,0.3776578367587277,0.019392274382688868
FB15k-237,num_neg_dep,0.42,17144,0.3709896217361873,0.3777784697197726,0.01829929352690307
FB15k-237,num_neg_dep,0.44,17960,0.3714189342298058,0.37825940396432534,0.01841712714163135
FB15k-237,num_neg_dep,0.46,18777,0.368041012410328,0.3745532894997545,0.017694433146939748
FB15k-237,num_neg_dep,0.48,19593,0.38086563665730694,0.3871204879169187,0.016422724072741035
FB15k-237,num_neg_dep,0.5,20410,0.3726211800284789,0.37857303400209663,0.01597293522918597
FB15k-237,num_neg_dep,0.52,21226,0.36635371803589944,0.3720602803790309,0.01557664645448531
FB15k-237,num_neg_dep,0.54,22042,0.36450051493906893,0.3700237641539564,0.015152925684647434
FB15k-237,num_neg_dep,0.56,22859,0.35822584899737975,0.36372225382954393,0.015343406534028103
FB15k-237,num_neg_dep,0.58,23675,0.3571326836374426,0.36241581096623054,0.01479317791633794
FB15k-237,num_neg_dep,0.6,24491,0.35736072840498206,0.3624903002849482,0.014354044729148363
FB15k-237,num_neg_dep,0.62,25308,0.3563581267421752,0.36133564356979647,0.013967737660778745
FB15k-237,num_neg_dep,0.64,26124,0.36212050256270617,0.367064459482039,0.013652794813728386
FB15k-237,num_neg_dep,0.66,26941,0.3619205456534513,0.3667145744779435,0.013246080892800771
FB15k-237,num_neg_dep,0.68,27757,0.36581330943586954,0.37046640345037574,0.012719859815056633
FB15k-237,num_neg_dep,0.7,28573,0.3583485138815957,0.3628691374165063,0.01261515915314848
FB15k-237,num_neg_dep,0.72,29390,0.3528076321919533,0.3571766175737075,0.01238347751892488
FB15k-237,num_neg_dep,0.74,30206,0.35802780638519033,0.3623389534886281,0.012041375073531535
FB15k-237,num_neg_dep,0.76,31022,0.3660085518721239,0.37020629893570595,0.011468986290376737
FB15k-237,num_neg_dep,0.78,31839,0.36029174144597403,0.3643817728353532,0.011351998724601575
FB15k-237,num_neg_dep,0.8,32655,0.3572540125857947,0.36124522114170343,0.011171906865427461
FB15k-237,num_neg_dep,0.82,33472,0.36159264428613314,0.36548619135686056,0.010767771779246704
FB15k-237,num_neg_dep,0.84,34288,0.365141991591423,0.36894287841921664,0.010409339148389707
FB15k-237,num_neg_dep,0.86,35104,0.3663480482374715,0.37006058263672476,0.01013389976312018
FB15k-237,num_neg_dep,0.88,35921,0.36319710509187564,0.3668252002883175,0.009989328509444118
FB15k-237,num_neg_dep,0.9,36737,0.365892260564211,0.3694580671931635,0.009745509848866352
FB15k-237,num_neg_dep,0.92,37553,0.37110720777754425,0.37463499903469516,0.00950612433069642
FB15k-237,num_neg_dep,0.94,38370,0.3655619886404248,0.36908781808573293,0.009644956409229577
FB15k-237,num_neg_dep,0.96,39186,0.3595381328746927,0.3629905412811765,0.009602342813765041
FB15k-237,num_neg_dep,0.98,40003,0.3572863754582057,0.36094480289329534,0.01023948206924441
FB15k-237,num_neg_dep,1.0,40819,0.35281198551723697,0.35605305507138213,0.009186393000208293
KG20C,num_neg_dep,0.02,149,0.1102305148195908,0.11932036539739573,0.08246219835480106
KG20C,num_neg_dep,0.04,298,0.14654598638258368,0.15240330732480883,0.03996916658593164
KG20C,num_neg_dep,0.06,447,0.13739589889458664,0.14474894784331227,0.05351723747130954
KG20C,num_neg_dep,0.08,596,0.1141885373681025,0.12131977394986698,0.06245142241183066
KG20C,num_neg_dep,0.1,745,0.12339434352598513,0.13290094692087617,0.07704245691690947
KG20C,num_neg_dep,0.12,894,0.13969003326525045,0.1503988306871849,0.0766611416120151
KG20C,num_neg_dep,0.14,1043,0.1638259223114349,0.17315500832637706,0.056945115176629146
KG20C,num_neg_dep,0.16,1192,0.1634522644737456,0.1732772128376672,0.06010897674348037
KG20C,num_neg_dep,0.18,1341,0.15822813330599253,0.167052194087332,0.055767963616652594
KG20C,num_neg_dep,0.2,1490,0.15665753557802,0.1645991902812255,0.05069436764661939
KG20C,num_neg_dep,0.22,1639,0.14910471507561154,0.15632440116943472,0.048420240031725736
KG20C,num_neg_dep,0.24,1788,0.19831768999906546,0.20493573558507003,0.03337092916943396
KG20C,num_neg_dep,0.26,1936,0.24303685414289716,0.24914897475641792,0.025148945558384428
KG20C,num_neg_dep,0.28,2085,0.24554971484183735,0.2516872256120609,0.024994982275490907
KG20C,num_neg_dep,0.3,2234,0.23257618349118941,0.23830851166084777,0.024647098785484767
KG20C,num_neg_dep,0.32,2383,0.22041247112380685,0.2258222231548293,0.024543765620157476
KG20C,num_neg_dep,0.34,2532,0.209075671356839,0.21474100447133596,0.027097046144731296
KG20C,num_neg_dep,0.36,2681,0.19881947944158032,0.2042366131516135,0.027246493780429093
KG20C,num_neg_dep,0.38,2830,0.19214354004521583,0.19786680506525883,0.029786403532984673
KG20C,num_neg_dep,0.4,2979,0.19285364703927618,0.19806122554161137,0.027002748365316798
KG20C,num_neg_dep,0.42,3128,0.19379831983765888,0.19917116668389195,0.02772390829153637
KG20C,num_neg_dep,0.44,3277,0.19297081098910585,0.19848210950855527,0.028560270287512957
KG20C,num_neg_dep,0.46,3426,0.1924810146228914,0.19812722283021464,0.029333844786641805
KG20C,num_neg_dep,0.48,3575,0.19031108106440328,0.19668605068792022,0.03349762708436077
KG20C,num_neg_dep,0.5,3724,0.18709092826691476,0.19405584164354658,0.03722742433933135
KG20C,num_neg_dep,0.52,3873,0.1847388369676654,0.19155898103553218,0.03691776011917014
KG20C,num_neg_dep,0.54,4022,0.18415394960611725,0.19085299827469324,0.036377436828829435
KG20C,num_neg_dep,0.56,4171,0.1846823899464762,0.1908866298934109,0.03359410688118558
KG20C,num_neg_dep,0.58,4320,0.18543884302397365,0.19187547547996137,0.034710270788065545
KG20C,num_neg_dep,0.6,4469,0.1854077194729251,0.19223056335167288,0.0367991359698705
KG20C,num_neg_dep,0.62,4618,0.18664005746098544,0.1939003468748843,0.038899952736118903
KG20C,num_neg_dep,0.64,4767,0.1868250030683205,0.19494121625148095,0.04344286390934737
KG20C,num_neg_dep,0.66,4916,0.18710312487464534,0.19577632733488307,0.046355198322040714
KG20C,num_neg_dep,0.68,5065,0.18856274463723868,0.19740030447298731,0.04686800594014762
KG20C,num_neg_dep,0.7,5214,0.19015332862080062,0.1994811044558522,0.04905397082820895
KG20C,num_neg_dep,0.72,5363,0.1894899676839422,0.19870864001549432,0.04864992297074178
KG20C,num_neg_dep,0.74,5512,0.1904615760457941,0.19974607671396366,0.04874736868678009
KG20C,num_neg_dep,0.76,5660,0.19252618495585813,0.20189504895018634,0.0486628039530117
KG20C,num_neg_dep,0.78,5809,0.19483339340439682,0.20439475549791464,0.049074555067016856
KG20C,num_neg_dep,0.8,5958,0.19605553013344737,0.20526940475754948,0.046996249571897186
KG20C,num_neg_dep,0.82,6107,0.19714029679366693,0.20645055078362312,0.04722653938022914
KG20C,num_neg_dep,0.84,6256,0.19955037108914978,0.20873327119406024,0.046017955540698985
KG20C,num_neg_dep,0.86,6405,0.20132838881557202,0.2103568978135151,0.044844689072705446
KG20C,num_neg_dep,0.88,6554,0.21092266419051256,0.21988445179116867,0.042488499920338096
KG20C,num_neg_dep,0.9,6703,0.2208478922201139,0.22940930311234703,0.03876609736306724
KG20C,num_neg_dep,0.92,6852,0.23053570444078186,0.23868132628864508,0.035333450268028255
KG20C,num_neg_dep,0.94,7001,0.23137996371438838,0.23946669793444567,0.03495001939770126
KG20C,num_neg_dep,0.96,7150,0.22933405834164589,0.23724962059784152,0.03451542397773122
KG20C,num_neg_dep,0.98,7299,0.22708264948602103,0.23482126880156287,0.03407842621643464
KG20C,num_neg_dep,1.0,7448,0.22638074035722042,0.23398674950607826,0.033598304947920266
WN18RR,num_neg_dep,0.02,121,0.24367988748930397,0.2559732721700444,0.05044890986860806
WN18RR,num_neg_dep,0.04,242,0.32770003540167086,0.33853431177570786,0.03306156607751709
WN18RR,num_neg_dep,0.06,363,0.4717514427376006,0.4808696674157609,0.019328451070010022
WN18RR,num_neg_dep,0.08,484,0.4184951653262738,0.4286763055927044,0.02432797582856905
WN18RR,num_neg_dep,0.1,606,0.36483960797081083,0.3745239172800153,0.02654401851560828
WN18RR,num_neg_dep,0.12,727,0.33248430308698307,0.34160853363569116,0.027442590414023416
WN18RR,num_neg_dep,0.14,848,0.37121395180856115,0.37816061056625094,0.018713355798847475
WN18RR,num_neg_dep,0.16,969,0.37339161074106425,0.3794797314759627,0.01630492105276682
WN18RR,num_neg_dep,0.18,1090,0.37144225973189754,0.3773106465620821,0.015798920764751534
WN18RR,num_neg_dep,0.2,1211,0.3576706023461661,0.36377993804450537,0.01708089973921445
WN18RR,num_neg_dep,0.22,1332,0.3719186637062837,0.3774598117903085,0.014898816931652625
WN18RR,num_neg_dep,0.24,1453,0.3634023020439141,0.36866098169517986,0.014470683376767157
WN18RR,num_neg_dep,0.26,1574,0.37316528577429536,0.3797179123227866,0.017559582303844135
WN18RR,num_neg_dep,0.28,1695,0.41494143631088004,0.42141039714513767,0.015590057459123008
WN18RR,num_neg_dep,0.3,1816,0.4507625939244398,0.45680052818328715,0.013394931922544373
WN18RR,num_neg_dep,0.32,1938,0.48230674489363046,0.48796458215579075,0.011730786106688429
WN18RR,num_neg_dep,0.34,2059,0.5111281031171744,0.516453449700014,0.010418809982003063
WN18RR,num_neg_dep,0.36,2180,0.53699805568255,0.5420278211018467,0.009366449963964296
WN18RR,num_neg_dep,0.38,2301,0.5592723510033888,0.5640376220221053,0.008520483821821578
WN18RR,num_neg_dep,0.4,2422,0.5798714102976239,0.5843986145148273,0.007807255430785531
WN18RR,num_neg_dep,0.42,2543,0.5961911124632051,0.6005029050758935,0.007232232286848328
WN18RR,num_neg_dep,0.44,2664,0.6118198472561651,0.6159357964356196,0.0067273874783784215
WN18RR,num_neg_dep,0.46,2785,0.6267480115713946,0.6306851349516699,0.0062818282748182686
WN18RR,num_neg_dep,0.48,2906,0.6408231816694087,0.6445963711443111,0.005888035237852751
WN18RR,num_neg_dep,0.5,3028,0.6535299987388615,0.6571511640671529,0.005540932069345361
WN18RR,num_neg_dep,0.52,3149,0.6648371487357241,0.6683191711600069,0.005237406530162136
WN18RR,num_neg_dep,0.54,3270,0.675746211961955,0.6790993889081528,0.0049621838596212164
WN18RR,num_neg_dep,0.56,3391,0.6859311343254423,0.6891646608999238,0.004714068822173179
WN18RR,num_neg_dep,0.58,3512,0.6958613017337418,0.6989834226375194,0.004486700001852251
WN18RR,num_neg_dep,0.6,3633,0.7048234004939559,0.7078415366387582,0.004282116829105176
WN18RR,num_neg_dep,0.62,3754,0.7103752020317919,0.7132960567505098,0.004111707039271328
WN18RR,num_neg_dep,0.64,3875,0.6914427628539458,0.6941461545016435,0.0039097837057970874
WN18RR,num_neg_dep,0.66,3996,0.6788347113565768,0.6814734913658603,0.003887220210071707
WN18RR,num_neg_dep,0.68,4117,0.6624270402458938,0.665006914880228,0.0038945792934064194
WN18RR,num_neg_dep,0.7,4238,0.6456145527637625,0.6481343971932976,0.0039030167748668187
WN18RR,num_neg_dep,0.72,4360,0.6293259091144056,0.6317866568169221,0.003910132519379994
WN18RR,num_neg_dep,0.74,4481,0.6129710105265709,0.6153694548899924,0.003912818587229916
WN18RR,num_neg_dep,0.76,4602,0.6019203957802978,0.6042886468630398,0.003934492167642967
WN18RR,num_neg_dep,0.78,4723,0.589936074699334,0.5922659482197487,0.00394936607598062
WN18RR,num_neg_dep,0.8,4844,0.5767151043217239,0.5789966098936744,0.003956035752928244
WN18RR,num_neg_dep,0.82,4965,0.5642884216100461,0.5665248293193049,0.003963235153537026
WN18RR,num_neg_dep,0.84,5086,0.5583874664779414,0.560661057087259,0.004071707811886371
WN18RR,num_neg_dep,0.86,5207,0.5585045141395316,0.5607309634600809,0.003986448209786664
WN18RR,num_neg_dep,0.88,5328,0.5509626443188096,0.5531829004718615,0.0040297762034247064
WN18RR,num_neg_dep,0.9,5450,0.5428728752955059,0.5450709628240985,0.0040489912622658775
WN18RR,num_neg_dep,0.92,5571,0.533650436463655,0.5358174467995396,0.004060729998170309
WN18RR,num_neg_dep,0.94,5692,0.5281314585958737,0.5302901968113369,0.004087501663321724
WN18RR,num_neg_dep,0.96,5813,0.5245775719544895,0.5267396410630313,0.004121543169461672
WN18RR,num_neg_dep,0.98,5934,0.5179371248121661,0.5200813505051398,0.0041399343477286354
WN18RR,num_neg_dep,1.0,6055,0.5112021246888967,0.5133269561687425,0.004156538827257084
YAGO3-10,num_neg_dep,0.02,200,0.3819036181703305,0.48099915842777163,0.2594778775131794
YAGO3-10,num_neg_dep,0.04,399,0.44132053911452945,0.533345432950787,0.20852166550167217
YAGO3-10,num_neg_dep,0.06,598,0.4445206852269977,0.5249001031166959,0.18082267161234977
YAGO3-10,num_neg_dep,0.08,798,0.4850638977893925,0.5580809611737824,0.15053081401678092
YAGO3-10,num_neg_dep,0.1,998,0.5121454654424138,0.5837696682937816,0.1398512877381346
YAGO3-10,num_neg_dep,0.12,1197,0.534436016943953,0.6057105802649516,0.13336407177151988
YAGO3-10,num_neg_dep,0.14,1397,0.5531639543826349,0.6224403042285951,0.12523655834241199
YAGO3-10,num_neg_dep,0.16,1596,0.566134616977441,0.6330726886151233,0.11823702283930393
YAGO3-10,num_neg_dep,0.18,1796,0.5699130805758198,0.6324477405814956,0.109726662077124
YAGO3-10,num_neg_dep,0.2,1995,0.5778272825338564,0.6382303581934144,0.10453482811452197
YAGO3-10,num_neg_dep,0.22,2194,0.5775154611186741,0.6350778933931128,0.0996725389185904
YAGO3-10,num_neg_dep,0.24,2394,0.587378219657374,0.643458283399687,0.09547521829295147
YAGO3-10,num_neg_dep,0.26,2594,0.5957684657348007,0.648369922595888,0.0882917775720311
YAGO3-10,num_neg_dep,0.28,2793,0.6001715407972733,0.650421261193861,0.08372559673495261
YAGO3-10,num_neg_dep,0.3,2992,0.605342911967233,0.6529818273767767,0.07869740351749988
YAGO3-10,num_neg_dep,0.32,3192,0.6103142728874835,0.6562172289925472,0.07521199838222725
YAGO3-10,num_neg_dep,0.34,3392,0.6148381774429273,0.6598478620259164,0.07320574133860958
YAGO3-10,num_neg_dep,0.36,3591,0.6199930069674922,0.6627551122305225,0.06897191546109238
YAGO3-10,num_neg_dep,0.38,3790,0.614975912157297,0.6559771695008916,0.06667132245841101
YAGO3-10,num_neg_dep,0.4,3990,0.6170894428433277,0.6568721791303035,0.06446834692823655
YAGO3-10,num_neg_dep,0.42,4190,0.6199336574736258,0.6584255663133274,0.06209036785736899
YAGO3-10,num_neg_dep,0.44,4389,0.6239449443275503,0.6613119011854176,0.05988822763543511
YAGO3-10,num_neg_dep,0.46,4588,0.6294870589114746,0.6657578619717243,0.05761961671296323
YAGO3-10,num_neg_dep,0.48,4788,0.6335453164470406,0.6684892518317722,0.05515617348526747
YAGO3-10,num_neg_dep,0.5,4988,0.639190528943084,0.6732353376275964,0.0532623797489713
YAGO3-10,num_neg_dep,0.52,5187,0.6421355035299985,0.6752170440109825,0.05151800562206188
YAGO3-10,num_neg_dep,0.54,5386,0.6421461820864582,0.6744906363371611,0.050369300874155254
YAGO3-10,num_neg_dep,0.56,5586,0.6417784537662449,0.6728645896216833,0.048437487536409085
YAGO3-10,num_neg_dep,0.58,5786,0.6459248181376744,0.6757313930672632,0.046145579319164076
YAGO3-10,num_neg_dep,0.6,5985,0.6449402267183807,0.6740319087832578,0.04510756324334575
YAGO3-10,num_neg_dep,0.62,6184,0.645904124200753,0.6741498002519372,0.0437304469701838
YAGO3-10,num_neg_dep,0.64,6384,0.6417752137305895,0.6690846535986733,0.04255296758710281
YAGO3-10,num_neg_dep,0.66,6584,0.6441529606172915,0.6705272142551844,0.04094408510149261
YAGO3-10,num_neg_dep,0.68,6783,0.6404413634673722,0.6664896537777839,0.04067240468258526
YAGO3-10,num_neg_dep,0.7,6982,0.6419189240706534,0.6671119272065902,0.03924639419598086
YAGO3-10,num_neg_dep,0.72,7182,0.6347254644044587,0.659293555227551,0.03870664121872558
YAGO3-10,num_neg_dep,0.74,7382,0.626235451858321,0.6502791343364586,0.038393997667792945
YAGO3-10,num_neg_dep,0.76,7581,0.6153295634359762,0.6387441229717915,0.03805206336108613
YAGO3-10,num_neg_dep,0.78,7780,0.6188366474882566,0.6420550637600457,0.03751945907862497
YAGO3-10,num_neg_dep,0.8,7980,0.6198302673596935,0.6424613848638477,0.03651179798069015
YAGO3-10,num_neg_dep,0.82,8179,0.6110976461329445,0.6333993815262694,0.03649455293184545
YAGO3-10,num_neg_dep,0.84,8379,0.6005357148208312,0.6223043482601835,0.03624869079742732
YAGO3-10,num_neg_dep,0.86,8578,0.5894604980850348,0.610724123590786,0.03607302876923879
YAGO3-10,num_neg_dep,0.88,8778,0.5814187435097325,0.6025693558258041,0.03637758939176239
YAGO3-10,num_neg_dep,0.9,8978,0.5766230101109765,0.5977060063902178,0.03656287714772888
YAGO3-10,num_neg_dep,0.92,9177,0.5788683741671544,0.5992139954043023,0.035147232333119005
YAGO3-10,num_neg_dep,0.94,9376,0.5738861013928054,0.5939481019572693,0.03495815722976037
YAGO3-10,num_neg_dep,0.96,9576,0.5754024321220258,0.5951025849212647,0.03423717332334997
YAGO3-10,num_neg_dep,0.98,9776,0.5697337741551459,0.5889027322799929,0.033645465644497774
YAGO3-10,num_neg_dep,1.0,9975,0.5616723217905851,0.5802260659200454,0.03303303974515215
codex-l,num_neg_dep,0.02,1223,0.4598112037523336,0.48040042100969366,0.04477754584781701
codex-l,num_neg_dep,0.04,2445,0.42792074284893417,0.44738610732798817,0.04548824707458898
codex-l,num_neg_dep,0.06,3668,0.3864403764524815,0.4038183825603143,0.044969436856890255
codex-l,num_neg_dep,0.08,4890,0.3835511192383196,0.39893596305664075,0.04011158629617184
codex-l,num_neg_dep,0.1,6113,0.3615704332030868,0.376486427877631,0.0412533584187349
codex-l,num_neg_dep,0.12,7335,0.32879126355123184,0.34249563503721736,0.04168106943586758
codex-l,num_neg_dep,0.14,8558,0.32620733313418837,0.33910680172590313,0.03954377256874375
codex-l,num_neg_dep,0.16,9781,0.30487253851952945,0.3170406901832546,0.039912258817452306
codex-l,num_neg_dep,0.18,11003,0.30948782283557197,0.32107199330032604,0.037430133304173996
codex-l,num_neg_dep,0.2,12226,0.3131874069629472,0.32393089823886273,0.03430371412470801
codex-l,num_neg_dep,0.22,13448,0.31326237290353104,0.3234388693813143,0.0324855372302153
codex-l,num_neg_dep,0.24,14671,0.32397062267015325,0.33387313237200633,0.030566072998338578
codex-l,num_neg_dep,0.26,15894,0.33265701502086986,0.34202787093926684,0.028169722853459422
codex-l,num_neg_dep,0.28,17116,0.3248553069364152,0.33396373110929417,0.028038403493472197
codex-l,num_neg_dep,0.3,18339,0.31757249284856753,0.3262853854134515,0.027435917030253165
codex-l,num_neg_dep,0.32,19561,0.32835608393535914,0.3365823841087872,0.02505298538962819
codex-l,num_neg_dep,0.34,20784,0.32875763388617,0.33683301758789547,0.024563334412248228
codex-l,num_neg_dep,0.36,22006,0.3287849982696647,0.3365652050736018,0.023663509116544024
codex-l,num_neg_dep,0.38,23229,0.33692136027059005,0.34535174545012615,0.02502181866048936
codex-l,num_neg_dep,0.4,24452,0.3282603005019435,0.3363533508665243,0.024654368354033895
codex-l,num_neg_dep,0.42,25674,0.3232567907643479,0.33115250616515673,0.024425520596610628
codex-l,num_neg_dep,0.44,26897,0.3147327820120358,0.32236380861802294,0.024246049481096987
codex-l,num_neg_dep,0.46,28119,0.304522421931548,0.31182181816261023,0.023969979565915178
codex-l,num_neg_dep,0.48,29342,0.3073953690202421,0.3144556417933498,0.02296805184674966
codex-l,num_neg_dep,0.5,30564,0.31579515591364743,0.3226607591633353,0.021740685761390433
codex-l,num_neg_dep,0.52,31787,0.3187220173173511,0.325464472891846,0.021154658944635862
codex-l,num_neg_dep,0.54,33010,0.33411332337284405,0.34079341447737665,0.019993489146429955
codex-l,num_neg_dep,0.56,34232,0.35214539761786373,0.3586394968339928,0.01844152801672072
codex-l,num_neg_dep,0.58,35455,0.34861252591510694,0.35490225301779554,0.018042171853056788
codex-l,num_neg_dep,0.6,36677,0.3497911113390109,0.3558458623528133,0.017309619420072142
codex-l,num_neg_dep,0.62,37900,0.3424347343956962,0.34849306153336684,0.017691917697431947
codex-l,num_neg_dep,0.64,39123,0.34556649186261024,0.351593734529859,0.017441629351161225
codex-l,num_neg_dep,0.66,40345,0.3380210104058287,0.3438830533284532,0.01734224424566544
codex-l,num_neg_dep,0.68,41568,0.33668149863697094,0.3423792574525003,0.01692329052411945
codex-l,num_neg_dep,0.7,42790,0.33657555564437713,0.34222965463214156,0.016798899661443212
codex-l,num_neg_dep,0.72,44013,0.3282892728099684,0.3338111809088911,0.01682025139493093
codex-l,num_neg_dep,0.74,45235,0.32473648522268134,0.330151894224171,0.01667631833169647
codex-l,num_neg_dep,0.76,46458,0.3243328816528166,0.32965739693267326,0.016416822286789534
codex-l,num_neg_dep,0.78,47681,0.32351977474173593,0.3286141027593463,0.01574657382744893
codex-l,num_neg_dep,0.8,48903,0.328921279848888,0.33393712973916917,0.015249393084526108
codex-l,num_neg_dep,0.82,50126,0.32261062514430516,0.3277181108022586,0.015831734170778988
codex-l,num_neg_dep,0.84,51348,0.31683300448664486,0.32185373710357795,0.015846621235271918
codex-l,num_neg_dep,0.86,52571,0.32049565582114675,0.325890403447632,0.016832514040364233
codex-l,num_neg_dep,0.88,53794,0.332494836914374,0.3378526841154773,0.016114076389351917
codex-l,num_neg_dep,0.9,55016,0.3441955033909167,0.34953189247137306,0.015503947692180109
codex-l,num_neg_dep,0.92,56239,0.3421316050573659,0.3473456607407674,0.015239912379703346
codex-l,num_neg_dep,0.94,57461,0.3438166227769894,0.349030479438861,0.015164643930708044
codex-l,num_neg_dep,0.96,58684,0.34137920855298054,0.34652034643101054,0.015059903325167268
codex-l,num_neg_dep,0.98,59906,0.33601672428814205,0.34107991832457124,0.015068279851711663
codex-l,num_neg_dep,1.0,61129,0.32990176871301513,0.33484279266174394,0.014977258133547888
codex-m,num_neg_dep,0.02,412,0.22950892665416842,0.23955213465854616,0.04375955284524147
codex-m,num_neg_dep,0.04,824,0.2801348029548763,0.2877119051086994,0.027048057127851965
codex-m,num_neg_dep,0.06,1236,0.336014194548689,0.34192603918828546,0.017594032441209162
codex-m,num_neg_dep,0.08,1648,0.4108184048633587,0.41564828808358295,0.011756735246150285
codex-m,num_neg_dep,0.1,2059,0.38870713804209367,0.39305492914773493,0.011185261808005276
codex-m,num_neg_dep,0.12,2471,0.3776731392455733,0.3828200710963648,0.013628006114156932
codex-m,num_neg_dep,0.14,2883,0.365353911965171,0.3709176317664672,0.015228302254572945
codex-m,num_neg_dep,0.16,3295,0.36337480337736605,0.3697915652876518,0.017658797062001907
codex-m,num_neg_dep,0.18,3707,0.34239728063045816,0.3483172916722511,0.01728988919214669
codex-m,num_neg_dep,0.2,4119,0.3278566713108478,0.3332927560721568,0.016580674535535023
codex-m,num_neg_dep,0.22,4531,0.34806330332166674,0.35253498159033664,0.012847313192730692
codex-m,num_neg_dep,0.24,4943,0.34236952434514323,0.3468171532226811,0.012990726572538636
codex-m,num_neg_dep,0.26,5354,0.37585840088765576,0.38096606516926257,0.01358933116712091
codex-m,num_neg_dep,0.28,5766,0.3870102875794989,0.39218746217767336,0.013377356531151685
codex-m,num_neg_dep,0.3,6178,0.36918098277380296,0.37413342812628264,0.013414681642781368
codex-m,num_neg_dep,0.32,6590,0.3662193127469847,0.37115725160441376,0.013483556670973895
codex-m,num_neg_dep,0.34,7002,0.35383601047607244,0.36058538945772023,0.019074878706004883
codex-m,num_neg_dep,0.36,7414,0.34149469100511376,0.3489368368560764,0.02179285958753363
codex-m,num_neg_dep,0.38,7826,0.3623669549781063,0.3696814465874174,0.020185316317689717
codex-m,num_neg_dep,0.4,8238,0.385433616119713,0.39265206344079223,0.01872812079483288
codex-m,num_neg_dep,0.42,8649,0.37505440129195494,0.3818267988456841,0.018057107263373506
codex-m,num_neg_dep,0.44,9061,0.35968975490962923,0.36638555514468707,0.018615487774290784
codex-m,num_neg_dep,0.46,9473,0.34616305793700564,0.35256945014453867,0.01850686276494251
codex-m,num_neg_dep,0.48,9885,0.3328230816692023,0.3390674033857425,0.018761684692128577
codex-m,num_neg_dep,0.5,10297,0.32048322756057884,0.3264174945039869,0.018516622503392366
codex-m,num_neg_dep,0.52,10709,0.3094613003152349,0.3152667127394432,0.018759736413873185
codex-m,num_neg_dep,0.54,11121,0.29893763855104516,0.3045312110718337,0.018711503000761853
codex-m,num_neg_dep,0.56,11533,0.2904223175930747,0.2957959591012029,0.018502853198966163
codex-m,num_neg_dep,0.58,11945,0.2833116649445479,0.28851653471036287,0.018371533578872334
codex-m,num_neg_dep,0.6,12356,0.29081864555353815,0.2957594943321372,0.016989449796778855
codex-m,num_neg_dep,0.62,12768,0.2988824874793837,0.30352686494463765,0.015539142170631015
codex-m,num_neg_dep,0.64,13180,0.30705611276089895,0.3115548819942302,0.014651293514011288
codex-m,num_neg_dep,0.66,13592,0.31507331062905763,0.3194087715290661,0.013760165503553967
codex-m,num_neg_dep,0.68,14004,0.3224078718514496,0.3266808985268214,0.013253481221887187
codex-m,num_neg_dep,0.7,14416,0.33034094497637423,0.33450410723838436,0.01260262260952194
codex-m,num_neg_dep,0.72,14828,0.3369259159974191,0.34094683159078565,0.011934123801261132
codex-m,num_neg_dep,0.74,15240,0.3417645974552191,0.3457117704980026,0.01154939122476173
codex-m,num_neg_dep,0.76,15651,0.3451428534325209,0.3488501055090361,0.01074121060206168
codex-m,num_neg_dep,0.78,16063,0.341318599503513,0.34496621827263174,0.010686844415817465
codex-m,num_neg_dep,0.8,16475,0.34757480719571454,0.3511622433123885,0.010321335270579324
codex-m,num_neg_dep,0.82,16887,0.3495013523392376,0.35297469696901584,0.00993800054429217
codex-m,num_neg_dep,0.84,17299,0.34434160159547766,0.34773222364085976,0.009846681404953594
codex-m,num_neg_dep,0.86,17711,0.3402047742703716,0.34348490550156296,0.009641637858334606
codex-m,num_neg_dep,0.88,18123,0.3431868451044575,0.34641477042969276,0.009405737344777121
codex-m,num_neg_dep,0.9,18535,0.34395212863105845,0.34709010823549563,0.009123303341445954
codex-m,num_neg_dep,0.92,18946,0.34320723182693963,0.3462992690147546,0.009009242524860683
codex-m,num_neg_dep,0.94,19358,0.3462283624437808,0.3491689272536899,0.008493136694965653
codex-m,num_neg_dep,0.96,19770,0.34216442584084733,0.3449886322591391,0.008253945194189871
codex-m,num_neg_dep,0.98,20182,0.34495515411148503,0.34762990098806,0.007753897411576505
codex-m,num_neg_dep,1.0,20594,0.3423415349994885,0.3449297847479118,0.0075604315685129375
hetionet,num_neg_dep,0.02,9001,0.6087646853532039,0.6783949924827015,0.1143796754391202
hetionet,num_neg_dep,0.04,18002,0.5927904256795683,0.662117559940315,0.11695049592150686
hetionet,num_neg_dep,0.06,27002,0.6024984247074406,0.6682616958707213,0.10915094291775751
hetionet,num_neg_dep,0.08,36003,0.5971607080363239,0.6589636718435253,0.10349469242615017
hetionet,num_neg_dep,0.1,45004,0.5670946434524011,0.6255908439114554,0.10315068416611495
hetionet,num_neg_dep,0.12,54005,0.5661446661469514,0.6205088706299784,0.09602528776437502
hetionet,num_neg_dep,0.14,63006,0.5654680270809564,0.6178654161561703,0.09266198364158318
hetionet,num_neg_dep,0.16,72006,0.5628880398467249,0.6140433073865358,0.09088000440325672
hetionet,num_neg_dep,0.18,81007,0.561384161071364,0.6119677509980491,0.09010512485808242
hetionet,num_neg_dep,0.2,90008,0.5608937949363303,0.6102239350047312,0.0879491634846854
hetionet,num_neg_dep,0.22,99009,0.55909788418597,0.6070222107761285,0.08571723833284572
hetionet,num_neg_dep,0.24,108010,0.5620566217847439,0.6091230229813552,0.08373960802589164
hetionet,num_neg_dep,0.26,117010,0.5645300357921696,0.610739755679449,0.08185520159691095
hetionet,num_neg_dep,0.28,126011,0.5651333478920995,0.6106911045481919,0.08061417155087214
hetionet,num_neg_dep,0.3,135012,0.567604540099491,0.6126051876431937,0.07928169062181012
hetionet,num_neg_dep,0.32,144013,0.5645792961256337,0.6082974107342297,0.07743485265684913
hetionet,num_neg_dep,0.34,153014,0.5696941592361893,0.612158018473364,0.07453799297171604
hetionet,num_neg_dep,0.36,162014,0.561764079717897,0.6033319101402198,0.07399517328198901
hetionet,num_neg_dep,0.38,171015,0.563081093218661,0.6044334370257081,0.07343941095707995
hetionet,num_neg_dep,0.4,180016,0.5562643397683126,0.5962519581660437,0.07188600012430468
hetionet,num_neg_dep,0.42,189017,0.5536099116571338,0.5938121291109955,0.07261831229416282
hetionet,num_neg_dep,0.44,198018,0.5402162048650854,0.5810130325308916,0.07551944443427971
hetionet,num_neg_dep,0.46,207018,0.5177715940016833,0.5567861309418923,0.07535086395659296
hetionet,num_neg_dep,0.48,216019,0.49713383517532805,0.5345398691897566,0.07524338793241925
hetionet,num_neg_dep,0.5,225020,0.4784364168196654,0.5143575623087772,0.07508029118663706
hetionet,num_neg_dep,0.52,234021,0.4621184171221848,0.4966736227981293,0.07477565142530995
hetionet,num_neg_dep,0.54,243022,0.44698343093998577,0.48025399747448333,0.07443355666345641
hetionet,num_neg_dep,0.56,252022,0.4384954457017913,0.4706879343786113,0.07341578799136084
hetionet,num_neg_dep,0.58,261023,0.44665987335096435,0.4781241146152414,0.07044340255645465
hetionet,num_neg_dep,0.6,270024,0.45423945553615885,0.48469525055095225,0.06704788552294527
hetionet,num_neg_dep,0.62,279025,0.4617097533459579,0.49161507315945596,0.06477082105538745
hetionet,num_neg_dep,0.64,288026,0.4677185108180625,0.49659199369966356,0.06173260671488068
hetionet,num_neg_dep,0.66,297026,0.47377555354917894,0.5018037369915537,0.059159201508832915
hetionet,num_neg_dep,0.68,306027,0.4739519472596457,0.500930025646634,0.05692154772856939
hetionet,num_neg_dep,0.7,315028,0.46194762910168286,0.48769445474200146,0.05573537781844795
hetionet,num_neg_dep,0.72,324029,0.45050664516351163,0.47529873606212764,0.05503157648122525
hetionet,num_neg_dep,0.74,333030,0.4396295843201979,0.4634806110897983,0.054252551739622845
hetionet,num_neg_dep,0.76,342030,0.42930015337481914,0.4521920543140082,0.05332376603928757
hetionet,num_neg_dep,0.78,351031,0.4193647602655006,0.44126150244096163,0.052214072926867194
hetionet,num_neg_dep,0.8,360032,0.41118474968653235,0.43249272337849226,0.051820924069299945
hetionet,num_neg_dep,0.82,369033,0.40414445745193456,0.4249763479499282,0.05154565431711067
hetionet,num_neg_dep,0.84,378034,0.40388143520121855,0.4242810680223172,0.05050896387682502
hetionet,num_neg_dep,0.86,387034,0.40110174722873937,0.4210018395675164,0.049613576795088044
hetionet,num_neg_dep,0.88,396035,0.392737589586111,0.41219245675489996,0.04953655490245179
hetionet,num_neg_dep,0.9,405036,0.38664006136394846,0.40571608659186315,0.049337942790046885
hetionet,num_neg_dep,0.92,414037,0.3836413554912082,0.4022745088822465,0.048569199134385954
hetionet,num_neg_dep,0.94,423038,0.38079855767338666,0.39891467136300973,0.04757400815882651
hetionet,num_neg_dep,0.96,432038,0.3783519421829295,0.39604888210981465,0.046773752038330674
hetionet,num_neg_dep,0.98,441039,0.37419805839276665,0.39160226112558777,0.046510670866585
hetionet,num_neg_dep,1.0,450040,0.3731884548334996,0.3903218979298272,0.045910967701216165
FB15k-237,effective_candidates,0.02,816,0.23412106879679764,0.29063911369826145,0.24140520625470874
FB15k-237,effective_candidates,0.04,1633,0.27720741989036424,0.32574295060623304,0.1750874155355029
FB15k-237,effective_candidates,0.06,2449,0.3052456506191687,0.34812108424109955,0.14046206239126136
FB15k-237,effective_candidates,0.08,3266,0.3107532970689233,0.3489945653608461,0.1230598955911999
FB15k-237,effective_candidates,0.1,4082,0.3168256814239926,0.35104220485960125,0.10799794789936334
FB15k-237,effective_candidates,0.12,4898,0.3269962684993079,0.357705783807929,0.09391396253405904
FB15k-237,effective_candidates,0.14,5715,0.32771853237401355,0.354901321790472,0.08294553627939383
FB15k-237,effective_candidates,0.16,6531,0.32753423129933223,0.35210986623584667,0.0750322640751857
FB15k-237,effective_candidates,0.18,7347,0.3235436946224846,0.34606411800542514,0.06960550849002844
FB15k-237,effective_candidates,0.2,8164,0.3180590261622691,0.3387644093997454,0.0650991845359945
FB15k-237,effective_candidates,0.22,8980,0.32081618387381644,0.3399494438518902,0.05963932288901996
FB15k-237,effective_candidates,0.24,9797,0.3192192610014731,0.33750864565293776,0.057294113751426456
FB15k-237,effective_candidates,0.26,10613,0.3248169626246934,0.3421734652111513,0.053434717344217786
FB15k-237,effective_candidates,0.28,11429,0.3273642217883629,0.343978736797084,0.05075238496729262
FB15k-237,effective_candidates,0.3,12246,0.321264724267264,0.3372065369771433,0.049622045328005404
FB15k-237,effective_candidates,0.32,13062,0.32188040819612396,0.3373615475755287,0.048095935587269434
FB15k-237,effective_candidates,0.34,13878,0.3222759159304558,0.3370096955152573,0.04571790461680325
FB15k-237,effective_candidates,0.36,14695,0.3242096791817731,0.3379438195793065,0.04236190736869738
FB15k-237,effective_candidates,0.38,15511,0.3240156104223116,0.33740511049283733,0.04132362651624821
FB15k-237,effective_candidates,0.4,16328,0.3250416707782737,0.3379101254756846,0.03959016905924395
FB15k-237,effective_candidates,0.42,17144,0.32333047381087493,0.33557243427805267,0.037862068251377945
FB15k-237,effective_candidates,0.44,17960,0.3230660030306109,0.33478208522973524,0.036265289721661764
FB15k-237,effective_candidates,0.46,18777,0.3241598195663654,0.33544619355901234,0.03481731328622062
FB15k-237,effective_candidates,0.48,19593,0.32617834718287203,0.33690955272906725,0.03289980968656625
FB15k-237,effective_candidates,0.5,20410,0.3260307047146109,0.33648386840165384,0.03206189949561056
FB15k-237,effective_candidates,0.52,21226,0.32860324530979657,0.33868286031303824,0.03067411885643101
FB15k-237,effective_candidates,0.54,22042,0.3271594330172323,0.33657836678685965,0.028790041854398263
FB15k-237,effective_candidates,0.56,22859,0.32909289222653726,0.3378490770225825,0.02660703103249573
FB15k-237,effective_candidates,0.58,23675,0.32849380939269096,0.3369211110244162,0.025654369704273483
FB15k-237,effective_candidates,0.6,24491,0.3278269511006402,0.33574873400462285,0.024164526062870006
FB15k-237,effective_candidates,0.62,25308,0.3264181374108504,0.33411841524734415,0.023590226626413413
FB15k-237,effective_candidates,0.64,26124,0.3226977984157858,0.33022083943748387,0.02331296048076803
FB15k-237,effective_candidates,0.66,26941,0.3204264949945262,0.32773327700449595,0.02280330161241695
FB15k-237,effective_candidates,0.68,27757,0.3184202495316553,0.3255672695738227,0.02244524351915267
FB15k-237,effective_candidates,0.7,28573,0.31490825499869046,0.3218432631443137,0.02202231296112611
FB15k-237,effective_candidates,0.72,29390,0.31258746069583015,0.31918771085553266,0.02111489099725916
FB15k-237,effective_candidates,0.74,30206,0.3095548561069335,0.3158782722486436,0.02042744934205043
FB15k-237,effective_candidates,0.76,31022,0.3098613233673532,0.3160485226361313,0.019967639721989228
FB15k-237,effective_candidates,0.78,31839,0.3154177112656788,0.32136969517183883,0.018870163892434677
FB15k-237,effective_candidates,0.8,32655,0.3177458666075933,0.3234611944030283,0.01798710351909394
FB15k-237,effective_candidates,0.82,33472,0.3208772301880308,0.3261882214259724,0.016551474328139193
FB15k-237,effective_candidates,0.84,34288,0.32028323876606607,0.32543722127330205,0.016091952008142396
FB15k-237,effective_candidates,0.86,35104,0.3225138976786262,0.3273303946074983,0.014934230628633527
FB15k-237,effective_candidates,0.88,35921,0.31772548586221466,0.3223855940119558,0.014667089538300537
FB15k-237,effective_candidates,0.9,36737,0.3177254304839303,0.3222762520204158,0.01432312651069223
FB15k-237,effective_candidates,0.92,37553,0.33068810869610377,0.33513873485431217,0.013458682187748261
FB15k-237,effective_candidates,0.94,38370,0.337127747201621,0.3414831422231572,0.01291912355980429
FB15k-237,effective_candidates,0.96,39186,0.34765808135982945,0.3518924091362757,0.012179575288122413
FB15k-237,effective_candidates,0.98,40003,0.35248736221810356,0.3562507433286002,0.01067664124697898
FB15k-237,effective_candidates,1.0,40819,0.3528119855172369,0.3560530550713822,0.009186393000208737
KG20C,effective_candidates,0.02,149,0.15357864450138003,0.19682958189634026,0.28162077830144905
KG20C,effective_candidates,0.04,298,0.14547948139148092,0.17268342041900306,0.18699502340345275
KG20C,effective_candidates,0.06,447,0.17143788168314408,0.19985254792088175,0.16574321823606275
KG20C,effective_candidates,0.08,596,0.18499672743907078,0.2176612746787303,0.1765682436215943
KG20C,effective_candidates,0.1,745,0.1778684675354649,0.20904773951555672,0.17529398218869252
KG20C,effective_candidates,0.12,894,0.18400251566032402,0.21701024329513094,0.17938737150605322
KG20C,effective_candidates,0.14,1043,0.18199808393325292,0.21547373996978628,0.18393411245368063
KG20C,effective_candidates,0.16,1192,0.18152433039463445,0.2134977209341575,0.17613831969528726
KG20C,effective_candidates,0.18,1341,0.18102746640051812,0.20943846594282237,0.15694303249787378
KG20C,effective_candidates,0.2,1490,0.17808370714654195,0.20548372590682373,0.15386033455455195
KG20C,effective_candidates,0.22,1639,0.17897084323632642,0.20484726845444248,0.14458458567995303
KG20C,effective_candidates,0.24,1788,0.18368401589723873,0.2098933207393044,0.14268691107411513
KG20C,effective_candidates,0.26,1936,0.18270596816363127,0.20888293438806693,0.14327373368007112
KG20C,effective_candidates,0.28,2085,0.18338540540189383,0.20977876809238918,0.14392291814418723
KG20C,effective_candidates,0.3,2234,0.1888087561684688,0.21426094867495638,0.13480408972016789
KG20C,effective_candidates,0.32,2383,0.19509891782300282,0.21967165727350174,0.125950157615901
KG20C,effective_candidates,0.34,2532,0.1918375876634544,0.2153684941813486,0.12266056305490602
KG20C,effective_candidates,0.36,2681,0.19400515490289993,0.21625390389357269,0.1146812258767469
KG20C,effective_candidates,0.38,2830,0.192389384823466,0.21453662527012607,0.1151167486032667
KG20C,effective_candidates,0.4,2979,0.19437860179309774,0.2161564007436643,0.11203804713930121
KG20C,effective_candidates,0.42,3128,0.19531795800369006,0.21635309527478055,0.10769689324057485
KG20C,effective_candidates,0.44,3277,0.19649701292299818,0.2165221270013066,0.10191052668141953
KG20C,effective_candidates,0.46,3426,0.19720963263198596,0.21576101189073216,0.09406933632580228
KG20C,effective_candidates,0.48,3575,0.1944720967562493,0.21292015708674675,0.09486224830300549
KG20C,effective_candidates,0.5,3724,0.19518695798272642,0.21287689000052806,0.09063070709553833
KG20C,effective_candidates,0.52,3873,0.19467259688851124,0.21207415896986906,0.08938886293957271
KG20C,effective_candidates,0.54,4022,0.1964615724424468,0.2134573603174842,0.08650947696153799
KG20C,effective_candidates,0.56,4171,0.1962568993661998,0.21252588801514338,0.08289639091152123
KG20C,effective_candidates,0.58,4320,0.19632871665277957,0.21237195749443988,0.08171622121909894
KG20C,effective_candidates,0.6,4469,0.19603601242580565,0.21201118320751933,0.08149100047502666
KG20C,effective_candidates,0.62,4618,0.19459649779549357,0.20992005527936017,0.07874528913655232
KG20C,effective_candidates,0.64,4767,0.19465096302633234,0.20943706627851078,0.07596213767603177
KG20C,effective_candidates,0.66,4916,0.1958238366794517,0.21005983576786233,0.07269798881386369
KG20C,effective_candidates,0.68,5065,0.19557819289357423,0.20984342670271397,0.07293877501415658
KG20C,effective_candidates,0.7,5214,0.19555800732766948,0.20945500989618981,0.07106332672553295
KG20C,effective_candidates,0.72,5363,0.1964200031194212,0.20985921673656655,0.06842079932650469
KG20C,effective_candidates,0.74,5512,0.19738975050742388,0.210047959511729,0.06412799535824454
KG20C,effective_candidates,0.76,5660,0.19868866120237058,0.21082081070939093,0.06106110652516494
KG20C,effective_candidates,0.78,5809,0.20471260355680534,0.2165053831095626,0.05760651443957099
KG20C,effective_candidates,0.8,5958,0.20667652326431282,0.21800692509961797,0.054821910376414706
KG20C,effective_candidates,0.82,6107,0.20665085558080715,0.2174295981289542,0.05215919633070287
KG20C,effective_candidates,0.84,6256,0.2046793433544283,0.21504006177244517,0.05061926742688416
KG20C,effective_candidates,0.86,6405,0.20313509291840925,0.21327406479934352,0.04991245842985226
KG20C,effective_candidates,0.88,6554,0.2024500747047221,0.211964751711207,0.046997646310391605
KG20C,effective_candidates,0.9,6703,0.20110675641835715,0.21022330839743952,0.04533190302228052
KG20C,effective_candidates,0.92,6852,0.2006972932383188,0.20944615136914554,0.043592307547655196
KG20C,effective_candidates,0.94,7001,0.2017820796847261,0.21011392417872699,0.04129130053084462
KG20C,effective_candidates,0.96,7150,0.2131457555018993,0.22130397134840274,0.038275291137245926
KG20C,effective_candidates,0.98,7299,0.22454294797032542,0.23253462399478078,0.035590857324592884
KG20C,effective_candidates,1.0,7448,0.22638074035722044,0.23398674950607826,0.033598304947920044
WN18RR,effective_candidates,0.02,121,0.36916839525310113,0.3934319734378174,0.06572496046981802
WN18RR,effective_candidates,0.04,242,0.3186579814386752,0.34444038379431013,0.08090932553841168
WN18RR,effective_candidates,0.06,363,0.3244206803872706,0.3446694617904297,0.06241519923756855
WN18RR,effective_candidates,0.08,484,0.3072074776655514,0.3232457072480731,0.052206507811577874
WN18RR,effective_candidates,0.1,606,0.3393469126450498,0.35427531857516115,0.04399157727339098
WN18RR,effective_candidates,0.12,727,0.3396006739064544,0.3524403159993973,0.037808058344665385
WN18RR,effective_candidates,0.14,848,0.3505526773233489,0.3625073080755566,0.034102237767765775
WN18RR,effective_candidates,0.16,969,0.3560474862053506,0.36716426404175917,0.031222739289323176
WN18RR,effective_candidates,0.18,1090,0.3607271567596641,0.3710698795401992,0.02867187176435948
WN18RR,effective_candidates,0.2,1211,0.3622579955536861,0.3719151090107228,0.026658109898379134
WN18RR,effective_candidates,0.22,1332,0.36301155016734954,0.372203152741891,0.02532041355241743
WN18RR,effective_candidates,0.24,1453,0.38868578661569103,0.3974769168042474,0.022617575664655165
WN18RR,effective_candidates,0.26,1574,0.3949448163919083,0.4033084964753509,0.021176832145438862
WN18RR,effective_candidates,0.28,1695,0.379006574405488,0.386898873782618,0.0208236476887238
WN18RR,effective_candidates,0.3,1816,0.3692922424926636,0.37696839882467703,0.020786129381436647
WN18RR,effective_candidates,0.32,1938,0.351317541265614,0.3585594192399834,0.02061348245886241
WN18RR,effective_candidates,0.34,2059,0.33379077493809134,0.34062730863132856,0.02048149381751241
WN18RR,effective_candidates,0.36,2180,0.32111630616920955,0.32761135092875165,0.020226455756873207
WN18RR,effective_candidates,0.38,2301,0.3094608749988061,0.3157471782253934,0.02031372536709708
WN18RR,effective_candidates,0.4,2422,0.2981899122548592,0.3041893396076474,0.020119484617777905
WN18RR,effective_candidates,0.42,2543,0.2904832536551631,0.2962391010970225,0.019814730692504057
WN18RR,effective_candidates,0.44,2664,0.2969907792204742,0.3024889406906497,0.018512902941319576
WN18RR,effective_candidates,0.46,2785,0.2899349226031991,0.29525305002262137,0.018342486554131288
WN18RR,effective_candidates,0.48,2906,0.28366354848585656,0.28879571708825547,0.018092450121961257
WN18RR,effective_candidates,0.5,3028,0.28564522583100266,0.2905637908805167,0.017219139704522934
WN18RR,effective_candidates,0.52,3149,0.28131525173147715,0.28608046987886515,0.016939067889346182
WN18RR,effective_candidates,0.54,3270,0.2813527976957552,0.2860272279197696,0.01661412384130312
WN18RR,effective_candidates,0.56,3391,0.28901822855721016,0.29358377165072236,0.015796730594826336
WN18RR,effective_candidates,0.58,3512,0.3026930873319876,0.30725876254669426,0.015083513320207187
WN18RR,effective_candidates,0.6,3633,0.30566822343561406,0.310142425570038,0.014637446065329796
WN18RR,effective_candidates,0.62,3754,0.32010433530069915,0.32458033863703334,0.01398295131532512
WN18RR,effective_candidates,0.64,3875,0.33240207467589505,0.33678239808483074,0.013177786008726544
WN18RR,effective_candidates,0.66,3996,0.3499030319323305,0.3542207225969078,0.012339677769389157
WN18RR,effective_candidates,0.68,4117,0.3648118488623036,0.36906081659714035,0.011647011324022127
WN18RR,effective_candidates,0.7,4238,0.3814366555715175,0.3856233953039731,0.010976238574089026
WN18RR,effective_candidates,0.72,4360,0.3962317272568548,0.4003063374147624,0.010283402053935742
WN18RR,effective_candidates,0.74,4481,0.41230780425901836,0.41627240444336866,0.009615632164604149
WN18RR,effective_candidates,0.76,4602,0.42718246833022133,0.4310472276060812,0.009047092430938264
WN18RR,effective_candidates,0.78,4723,0.44117287957438844,0.444942746647426,0.00854510158619548
WN18RR,effective_candidates,0.8,4844,0.4549254761236708,0.4586060699057272,0.008090542243134102
WN18RR,effective_candidates,0.82,4965,0.46465431745225744,0.4682544287236243,0.007747934617516661
WN18RR,effective_candidates,0.84,5086,0.47738482826341583,0.4808992900137768,0.007361904992132962
WN18RR,effective_candidates,0.86,5207,0.48952345092392907,0.4929562437916718,0.007012519750103197
WN18RR,effective_candidates,0.88,5328,0.5011099584139794,0.5044647918340877,0.006694804930092335
WN18RR,effective_candidates,0.9,5450,0.5122724226280706,0.5155521570248295,0.00640232472389024
WN18RR,effective_candidates,0.92,5571,0.5209866418535044,0.5241366548661073,0.0060462452576444115
WN18RR,effective_candidates,0.94,5692,0.5204128071425265,0.5234955609742316,0.005923670189117436
WN18RR,effective_candidates,0.96,5813,0.5177618180647794,0.5207516897162073,0.00577460822160103
WN18RR,effective_candidates,0.98,5934,0.5177823162959462,0.520601681666885,0.00544507852471221
WN18RR,effective_candidates,1.0,6055,0.5112021246888968,0.5133269561687425,0.0041565388272568615
YAGO3-10,effective_candidates,0.02,200,0.43519854542169784,0.5635648708647198,0.29496037335933156
YAGO3-10,effective_candidates,0.04,399,0.4097666096956806,0.5171187956937595,0.261983732832223
YAGO3-10,effective_candidates,0.06,598,0.4098446919343262,0.4979940532813918,0.21507991461602405
YAGO3-10,effective_candidates,0.08,798,0.4345000790019834,0.513002894203182,0.18067388015558983
YAGO3-10,effective_candidates,0.1,998,0.4651124131050314,0.5423680436030976,0.16610098617303604
YAGO3-10,effective_candidates,0.12,1197,0.47953421430310855,0.5591990738421068,0.16612966742065027
YAGO3-10,effective_candidates,0.14,1397,0.48864800436085565,0.5653735189021146,0.15701591709479068
YAGO3-10,effective_candidates,0.16,1596,0.4908013196433329,0.5675864552052534,0.15644851081028177
YAGO3-10,effective_candidates,0.18,1796,0.48753459994071413,0.5606356952847338,0.14994032290817727
YAGO3-10,effective_candidates,0.2,1995,0.4864349585614614,0.5566242883947141,0.1442933502164898
YAGO3-10,effective_candidates,0.22,2194,0.4893195576765455,0.5589516179476485,0.14230385681238555
YAGO3-10,effective_candidates,0.24,2394,0.493960684353658,0.5600832617596884,0.1338620248543687
YAGO3-10,effective_candidates,0.26,2594,0.49556200548432344,0.5589855023247146,0.12798296911080986
YAGO3-10,effective_candidates,0.28,2793,0.4992514703442651,0.5611219134807257,0.12392641146113625
YAGO3-10,effective_candidates,0.3,2992,0.4993121202155999,0.5585924139414792,0.11872392302490553
YAGO3-10,effective_candidates,0.32,3192,0.5035304842957387,0.5599448156762824,0.11203756900527573
YAGO3-10,effective_candidates,0.34,3392,0.5094061483043807,0.5638521609302,0.10688134174871933
YAGO3-10,effective_candidates,0.36,3591,0.5160080126896609,0.5680641892114444,0.10088249647606018
YAGO3-10,effective_candidates,0.38,3790,0.5131604509185282,0.5636872070056705,0.09846190601146732
YAGO3-10,effective_candidates,0.4,3990,0.5123937466799656,0.5612027257834972,0.09525678137133275
YAGO3-10,effective_candidates,0.42,4190,0.5157236154880088,0.5638944526493341,0.09340436566152421
YAGO3-10,effective_candidates,0.44,4389,0.5148671113565092,0.5617663495865116,0.09108998651406974
YAGO3-10,effective_candidates,0.46,4588,0.520661578512489,0.5659406598103072,0.08696451431499685
YAGO3-10,effective_candidates,0.48,4788,0.5248305289187205,0.5681662783144067,0.08257093863226372
YAGO3-10,effective_candidates,0.5,4988,0.5288656906551655,0.5703684201104926,0.07847498937568242
YAGO3-10,effective_candidates,0.52,5187,0.5383076818802461,0.5778641535657418,0.07348301541477076
YAGO3-10,effective_candidates,0.54,5386,0.5427664021275792,0.5806882157555369,0.06986765112819926
YAGO3-10,effective_candidates,0.56,5586,0.5479051061617215,0.5854703958859258,0.06856167117580458
YAGO3-10,effective_candidates,0.58,5786,0.554482407459547,0.5909290764501335,0.06573097450931376
YAGO3-10,effective_candidates,0.6,5985,0.562231424702061,0.5977085113100684,0.06310050461303818
YAGO3-10,effective_candidates,0.62,6184,0.5695409394175555,0.604013283960532,0.06052654367257593
YAGO3-10,effective_candidates,0.64,6384,0.5745985068696254,0.6077628928820044,0.0577174942431653
YAGO3-10,effective_candidates,0.66,6584,0.5805048778005766,0.6127318783216875,0.05551546895387505
YAGO3-10,effective_candidates,0.68,6783,0.585384414274563,0.6166753194167591,0.05345360139281019
YAGO3-10,effective_candidates,0.7,6982,0.5894402893486557,0.6202048509945881,0.05219283819219078
YAGO3-10,effective_candidates,0.72,7182,0.5942147129089925,0.6243934731933837,0.05078763556131127
YAGO3-10,effective_candidates,0.74,7382,0.5943208691803374,0.6237203328487319,0.049467325131861806
YAGO3-10,effective_candidates,0.76,7581,0.599777530412799,0.6278093134538253,0.04673696765821367
YAGO3-10,effective_candidates,0.78,7780,0.5978702238193345,0.6251545235608746,0.045635823050764524
YAGO3-10,effective_candidates,0.8,7980,0.5987319082273017,0.6248024567016746,0.043542941533818214
YAGO3-10,effective_candidates,0.82,8179,0.5987437767245586,0.6238300091866,0.04189810973781838
YAGO3-10,effective_candidates,0.84,8379,0.592169179553565,0.6165820720682894,0.041226212639315696
YAGO3-10,effective_candidates,0.86,8578,0.5871184977898457,0.610748280647452,0.04024704203079699
YAGO3-10,effective_candidates,0.88,8778,0.5825564254023468,0.605498279491714,0.03938134245712299
YAGO3-10,effective_candidates,0.9,8978,0.5761044316120428,0.5985809268912894,0.03901461965212327
YAGO3-10,effective_candidates,0.92,9177,0.5848061007968748,0.606795201223711,0.037600668660729086
YAGO3-10,effective_candidates,0.94,9376,0.5798605244468975,0.6013793479931876,0.037110344020772734
YAGO3-10,effective_candidates,0.96,9576,0.5689197021728816,0.5899735813572926,0.037006767570185506
YAGO3-10,effective_candidates,0.98,9776,0.5665981408524364,0.5866789525096244,0.035441012261312466
YAGO3-10,effective_candidates,1.0,9975,0.5616723217905851,0.5802260659200454,0.03303303974515215
codex-l,effective_candidates,0.02,1223,0.32460307053530557,0.3866569123681832,0.19116837598160785
codex-l,effective_candidates,0.04,2445,0.35942195551515804,0.40976991561746634,0.14008036885266173
codex-l,effective_candidates,0.06,3668,0.41010871813927413,0.45399985842965895,0.10702318275389411
codex-l,effective_candidates,0.08,4890,0.41221856138866486,0.45039188848421274,0.09260458084893397
codex-l,effective_candidates,0.1,6113,0.4208628238430608,0.4556575472675852,0.08267473735693809
codex-l,effective_candidates,0.12,7335,0.43338262063060695,0.4645026749999665,0.07180734272195166
codex-l,effective_candidates,0.14,8558,0.4434461136196365,0.4714673086388258,0.06318962813872875
codex-l,effective_candidates,0.16,9781,0.44561451625660325,0.4712268444821242,0.05747642253820184
codex-l,effective_candidates,0.18,11003,0.4464952041204963,0.4701286410273185,0.05293099833709336
codex-l,effective_candidates,0.2,12226,0.423122292556374,0.44476490121589024,0.05114977168600188
codex-l,effective_candidates,0.22,13448,0.4229735804797258,0.44360530859074604,0.048777817488317554
codex-l,effective_candidates,0.24,14671,0.39952521851615413,0.4197711032438758,0.05067486053299808
codex-l,effective_candidates,0.26,15894,0.4001700670944958,0.4192308099079031,0.04763160561158686
codex-l,effective_candidates,0.28,17116,0.40185254557034344,0.4197832085080421,0.04462000585874093
codex-l,effective_candidates,0.3,18339,0.401269025403079,0.4185661038321997,0.04310593974141308
codex-l,effective_candidates,0.32,19561,0.4046375442273549,0.4207631250749308,0.039851914577939906
codex-l,effective_candidates,0.34,20784,0.40386185365179567,0.4192382685346718,0.03807345195848444
codex-l,effective_candidates,0.36,22006,0.3995712900966178,0.41434088779262623,0.03696361090517053
codex-l,effective_candidates,0.38,23229,0.39094421959160164,0.40528093124277526,0.03667201337866155
codex-l,effective_candidates,0.4,24452,0.38510147904482844,0.39891613885630844,0.0358727778603829
codex-l,effective_candidates,0.42,25674,0.3817108427930369,0.3952498580096752,0.03546929690959599
codex-l,effective_candidates,0.44,26897,0.38169088053918176,0.3948542915306117,0.03448709849403553
codex-l,effective_candidates,0.46,28119,0.3772451724658275,0.39008346231042257,0.034031687564558544
codex-l,effective_candidates,0.48,29342,0.3758748545021051,0.388294419783297,0.03304175613887028
codex-l,effective_candidates,0.5,30564,0.3736363808748048,0.38574916563190664,0.032418643839611905
codex-l,effective_candidates,0.52,31787,0.37240383433078744,0.3841413613996769,0.031518276631017805
codex-l,effective_candidates,0.54,33010,0.3687185596938163,0.3801253047009618,0.030936183458238897
codex-l,effective_candidates,0.56,34232,0.36523041910405646,0.37634820528889135,0.030440471557949156
codex-l,effective_candidates,0.58,35455,0.3634263635696955,0.37423620699054433,0.029744246715265543
codex-l,effective_candidates,0.6,36677,0.36455331004878816,0.3749956924840482,0.02864432209890655
codex-l,effective_candidates,0.62,37900,0.36314271780378093,0.3733701199416561,0.02816358868416402
codex-l,effective_candidates,0.64,39123,0.3644409876852995,0.3744422800227671,0.027442830733693135
codex-l,effective_candidates,0.66,40345,0.3638541835708799,0.3735513029185101,0.026651114060204595
codex-l,effective_candidates,0.68,41568,0.3620392515606205,0.37143821611701294,0.025961175524136904
codex-l,effective_candidates,0.7,42790,0.36038943823569963,0.3694862390793892,0.02524158556983047
codex-l,effective_candidates,0.72,44013,0.3596943070578724,0.36847309146361507,0.024406236722368302
codex-l,effective_candidates,0.74,45235,0.35711822727984044,0.3656341895116146,0.02384633877872888
codex-l,effective_candidates,0.76,46458,0.35441232298693537,0.3626877029090638,0.02334958291626199
codex-l,effective_candidates,0.78,47681,0.3531707043870581,0.3611995071624994,0.022733490280218982
codex-l,effective_candidates,0.8,48903,0.35281329035940184,0.360510112008273,0.021815566077543647
codex-l,effective_candidates,0.82,50126,0.35138740582423755,0.35890990507057957,0.02140799334767496
codex-l,effective_candidates,0.84,51348,0.3480078847825191,0.3553175100696152,0.02100419446434132
codex-l,effective_candidates,0.86,52571,0.3477957109663858,0.35478159967427814,0.020086184181171696
codex-l,effective_candidates,0.88,53794,0.34793804696445185,0.35463547855659766,0.01924891988840205
codex-l,effective_candidates,0.9,55016,0.3450079511498137,0.3514465564277044,0.018662193889829704
codex-l,effective_candidates,0.92,56239,0.3423340455298008,0.3484108242932667,0.017751020802098116
codex-l,effective_candidates,0.94,57461,0.34236325585240046,0.3480839825802279,0.016709523087061973
codex-l,effective_candidates,0.96,58684,0.340730394203192,0.3462514710728669,0.016203652399681356
codex-l,effective_candidates,0.98,59906,0.3358324452802726,0.34114027515170436,0.01580499426433324
codex-l,effective_candidates,1.0,61129,0.32990176871301513,0.334842792661744,0.014977258133547888
codex-m,effective_candidates,0.02,412,0.18337217627545044,0.2381926303147882,0.2989573181320042
codex-m,effective_candidates,0.04,824,0.1869535648890799,0.22327511401943897,0.19428112618183424
codex-m,effective_candidates,0.06,1236,0.2008366620718652,0.22896255281553976,0.14004360784292613
codex-m,effective_candidates,0.08,1648,0.21970718861655025,0.2451268151875055,0.11569774630961005
codex-m,effective_candidates,0.1,2059,0.2138494786466109,0.23703567297569297,0.10842296402039664
codex-m,effective_candidates,0.12,2471,0.2228664610396762,0.2435774308251704,0.09292995316063779
codex-m,effective_candidates,0.14,2883,0.23767715195162512,0.2576693738218653,0.08411503464291425
codex-m,effective_candidates,0.16,3295,0.24247811335648026,0.2603566488640428,0.07373257429332747
codex-m,effective_candidates,0.18,3707,0.24439956282346223,0.2606822161815254,0.06662308708720821
codex-m,effective_candidates,0.2,4119,0.24631781501576203,0.2620906896139406,0.06403464807110781
codex-m,effective_candidates,0.22,4531,0.24908929432751103,0.2644939945800636,0.061844088057425584
codex-m,effective_candidates,0.24,4943,0.24876464791908562,0.2630461753622139,0.05740979501144228
codex-m,effective_candidates,0.26,5354,0.2510590658983185,0.2645503538906886,0.05373750573036151
codex-m,effective_candidates,0.28,5766,0.25046235804267275,0.263254561159057,0.051074353912314185
codex-m,effective_candidates,0.3,6178,0.2547991018276048,0.267156738332899,0.04849952930232582
codex-m,effective_candidates,0.32,6590,0.2508116616745148,0.2625077614842822,0.04663299836889445
codex-m,effective_candidates,0.34,7002,0.25114942821292285,0.26260159507433917,0.04559901626257035
codex-m,effective_candidates,0.36,7414,0.25716447941956855,0.26793066829402723,0.04186499200339977
codex-m,effective_candidates,0.38,7826,0.26105028798393914,0.27178884024751493,0.04113595256495728
codex-m,effective_candidates,0.4,8238,0.25819018305675895,0.2685253385123971,0.04002923478065057
codex-m,effective_candidates,0.42,8649,0.25203704902875784,0.2621622186614215,0.0401733382916587
codex-m,effective_candidates,0.44,9061,0.25195237279986,0.2616849735414365,0.03862873222197294
codex-m,effective_candidates,0.46,9473,0.25276367556939233,0.26221598630893694,0.0373958430468766
codex-m,effective_candidates,0.48,9885,0.25078794421312545,0.26000716558638803,0.036761022951836475
codex-m,effective_candidates,0.5,10297,0.24889588212467956,0.25781721010222014,0.03584361421082738
codex-m,effective_candidates,0.52,10709,0.2542464057129113,0.2628425948736917,0.0338104648389288
codex-m,effective_candidates,0.54,11121,0.2595449333595336,0.26770000779300324,0.031420665115326374
codex-m,effective_candidates,0.56,11533,0.26471001610232475,0.2725985210659102,0.029800553374361716
codex-m,effective_candidates,0.58,11945,0.26856464117047324,0.2762214007969375,0.02850993188490558
codex-m,effective_candidates,0.6,12356,0.2739750485506675,0.28138048848588787,0.027029614464511464
codex-m,effective_candidates,0.62,12768,0.27919906555755153,0.28625893184499573,0.025286138667211855
codex-m,effective_candidates,0.64,13180,0.28557107569766005,0.29239706409265964,0.023902940374207926
codex-m,effective_candidates,0.66,13592,0.2908223583073749,0.2973437221678053,0.02242387379837507
codex-m,effective_candidates,0.68,14004,0.29727750513308726,0.3035041099117367,0.020945428668953214
codex-m,effective_candidates,0.7,14416,0.30163563414171296,0.3076185385967374,0.019834872865894804
codex-m,effective_candidates,0.72,14828,0.30816885247076636,0.3139229428577765,0.018671875307566976
codex-m,effective_candidates,0.74,15240,0.30987833702633694,0.3154137466840775,0.017863170787798976
codex-m,effective_candidates,0.76,15651,0.31565644001838344,0.3210710367567799,0.017153449294686096
codex-m,effective_candidates,0.78,16063,0.3208376378481508,0.32609354330732343,0.01638182320012027
codex-m,effective_candidates,0.8,16475,0.32489677856942445,0.32989556909250944,0.015385780508798907
codex-m,effective_candidates,0.82,16887,0.32822644650397154,0.3330239187193094,0.014616348762986897
codex-m,effective_candidates,0.84,17299,0.3289824023227224,0.33362989907026047,0.014126885555960422
codex-m,effective_candidates,0.86,17711,0.3304619947816061,0.3349643219870494,0.013624341910841498
codex-m,effective_candidates,0.88,18123,0.3315270724096471,0.3357494633726671,0.012736187522576436
codex-m,effective_candidates,0.9,18535,0.3372537900019865,0.34129476257715763,0.011981993071589425
codex-m,effective_candidates,0.92,18946,0.33626910708577007,0.3400472355149363,0.011235431235146365
codex-m,effective_candidates,0.94,19358,0.34187080231337885,0.34537968563625443,0.01026377011178381
codex-m,effective_candidates,0.96,19770,0.3427110426259915,0.34603581377961307,0.009701383206522474
codex-m,effective_candidates,0.98,20182,0.34061551682443475,0.34358935028353277,0.008730763315843992
codex-m,effective_candidates,1.0,20594,0.34234153499948844,0.3449297847479118,0.0075604315685131596
hetionet,effective_candidates,0.02,9001,0.44501156789076074,0.5712044127965826,0.2835720552253129
hetionet,effective_candidates,0.04,18002,0.4713565239116345,0.566939184471257,0.20278208895129546
hetionet,effective_candidates,0.06,27002,0.4732722733683211,0.5497593616401562,0.16161328811313957
hetionet,effective_candidates,0.08,36003,0.4701793003959529,0.5419180249880812,0.1525773774636927
hetionet,effective_candidates,0.1,45004,0.4518992978358109,0.5160349287305577,0.14192460842913124
hetionet,effective_candidates,0.12,54005,0.4483710585720435,0.5074667242710368,0.13180080330608113
hetionet,effective_candidates,0.14,63006,0.44307871571821067,0.49910632352696144,0.12645068657367697
hetionet,effective_candidates,0.16,72006,0.4324856391827775,0.4858952557846211,0.12349454354777234
hetionet,effective_candidates,0.18,81007,0.4241787045560911,0.47529877823806504,0.12051541751835892
hetionet,effective_candidates,0.2,90008,0.41821046219561325,0.4671200970095953,0.11694981172208241
hetionet,effective_candidates,0.22,99009,0.4115827284314801,0.4593779022973055,0.11612531470397291
hetionet,effective_candidates,0.24,108010,0.4106844726342921,0.4581228477276029,0.1155105153818512
hetionet,effective_candidates,0.26,117010,0.4018464888662638,0.44717064336282847,0.11278972381826313
hetionet,effective_candidates,0.28,126011,0.40114625314841285,0.44541235280600394,0.11034902933821966
hetionet,effective_candidates,0.3,135012,0.3946888093745975,0.43798759328336684,0.10970360162320847
hetionet,effective_candidates,0.32,144013,0.3937099078508407,0.4360525049939544,0.1075477052996987
hetionet,effective_candidates,0.34,153014,0.3926453176922134,0.4339773369575653,0.1052655345752811
hetionet,effective_candidates,0.36,162014,0.39263444336844705,0.4328294986121537,0.10237271824364047
hetionet,effective_candidates,0.38,171015,0.39547628027037063,0.4348080644312419,0.0994542179216964
hetionet,effective_candidates,0.4,180016,0.3964937180713503,0.4348903137386835,0.0968403632070245
hetionet,effective_candidates,0.42,189017,0.3968407375873845,0.43448831924669473,0.09486823829678093
hetionet,effective_candidates,0.44,198018,0.3991126406209771,0.43598817824982544,0.09239381035758187
hetionet,effective_candidates,0.46,207018,0.3988853866663219,0.4352530711049103,0.0911732684481894
hetionet,effective_candidates,0.48,216019,0.3975344730848935,0.43305449496190523,0.08935079667776757
hetionet,effective_candidates,0.5,225020,0.3973770530911069,0.4323448068960083,0.08799640928658348
hetionet,effective_candidates,0.52,234021,0.3962480096844144,0.4305414887153585,0.08654549219882912
hetionet,effective_candidates,0.54,243022,0.3961775259248102,0.42974930167538294,0.08473922308491644
hetionet,effective_candidates,0.56,252022,0.39651150153964115,0.42935140558629914,0.08282207179146561
hetionet,effective_candidates,0.58,261023,0.39464934186873685,0.42676605831410064,0.08138038769629063
hetionet,effective_candidates,0.6,270024,0.39285286829580435,0.4240643698053305,0.07944832284137737
hetionet,effective_candidates,0.62,279025,0.392536718259521,0.42302816046183706,0.0776779363151372
hetionet,effective_candidates,0.64,288026,0.3915112005977313,0.4214256494342719,0.07640764501978325
hetionet,effective_candidates,0.66,297026,0.3908124218628971,0.42008447726415205,0.07490052455785046
hetionet,effective_candidates,0.68,306027,0.3906993075374194,0.4194336633213081,0.07354596035759986
hetionet,effective_candidates,0.7,315028,0.38906466457338174,0.41719183638059487,0.07229433656756057
hetionet,effective_candidates,0.72,324029,0.3897288237267759,0.4173776490145763,0.07094375269298503
hetionet,effective_candidates,0.74,333030,0.391255584708916,0.41849002755136494,0.06960780601434902
hetionet,effective_candidates,0.76,342030,0.39315701162593153,0.4198634627608915,0.06792820767589358
hetionet,effective_candidates,0.78,351031,0.394297500407538,0.4204384767096542,0.06629759578769168
hetionet,effective_candidates,0.8,360032,0.3964840432698649,0.4220218052035191,0.06441056674826151
hetionet,effective_candidates,0.82,369033,0.3973113856839792,0.4223355628785603,0.0629837907904438
hetionet,effective_candidates,0.84,378034,0.395765008108058,0.42013620353692477,0.06157996520554576
hetionet,effective_candidates,0.86,387034,0.39148242805972855,0.4151720807103768,0.06051268448512315
hetionet,effective_candidates,0.88,396035,0.387567722811556,0.4105205948895721,0.05922286797132559
hetionet,effective_candidates,0.9,405036,0.3842991791068442,0.4066064981334263,0.058046751695975285
hetionet,effective_candidates,0.92,414037,0.3800491160626558,0.40143704922860196,0.05627676071852794
hetionet,effective_candidates,0.94,423038,0.37629714099758504,0.3970472136493336,0.055142785822764884
hetionet,effective_candidates,0.96,432038,0.37381672219035006,0.39371448437119627,0.053228657252829104
hetionet,effective_candidates,0.98,441039,0.37162480455265773,0.3904559874405948,0.050672567216295095
hetionet,effective_candidates,1.0,450040,0.37318845483349955,0.39032189792982713,0.045910967701216165
