dataset,aggregation,relation,relation_name,train_triple_count,valid_triple_count,test_triple_count,baseline_stage1_mrr,selected_config_stage1_mrr,final_test_mrr,gain_vs_baseline,rel_gain_pct,selected_stage1_gain_vs_baseline,stage2_gain_vs_selected_stage1,gain_bucket,selected_stage,dependency_stage_attempted,dependency_stage_accepted,valid_stage1_mrr,valid_stage2_mrr,selected_valid_mrr,num_relation_rules,num_relation_dependencies,num_relation_rule_types,num_relation_dependency_types,num_relation_dependency_type_source_pairs,parsed_total_rules,B_rule_count,Uc_rule_count,Ud_rule_count,Z_rule_count,B_ratio,Uc_ratio,Ud_ratio,filtered_synergy_count,filtered_redundancy_count,filtered_dep_total,filtered_dep_per_rule,dep_per_rule,stage1_headroom,relation_time_seconds,rule_weight_B,rule_weight_U,rule_weight_Uc,rule_weight_Ud,dep_weight_BB,dep_weight_BU,dep_weight_UU,dep_weight_B_Uc,dep_weight_B_Ud,dep_weight_Uc_Uc,dep_weight_Uc_Ud,dep_weight_Ud_Ud,stage1_bucket,dep_density_bucket
KG20C,tg_r2d3__pos_auto_ratio__ri_conf__dn_per_rule_degree__dl1_1e-5,0,author_in_affiliation,6302,462,480,0.483102,0.465475,0.464339,-0.018763,-3.883866,-0.017628,-0.001135,negative,dependency,True,True,0.474118,0.476390,0.476390,4182,104,2,2,104,4182,2,3277,896,7,0.000478,0.783596,0.214252,38,66,104,0.024868,0.024868,0.516898,227.741385,1.113548,4.367423,,,,0.352080,0.445548,,,,,,"[0.4,0.6)",Q1
KG20C,tg_r2d3__pos_auto_ratio__ri_conf__dn_per_rule_degree__dl1_1e-5,1,author_write_paper,12465,801,830,0.230513,0.230514,0.247548,0.017034,7.389698,0.000001,0.017033,positive,dependency,True,True,0.227215,0.237598,0.237598,16644,3659,2,3,3659,16644,10,11248,5386,0,0.000601,0.675799,0.323600,3608,51,3659,0.219839,0.219839,0.769487,386.230234,1.559991,2.113846,,,0.912311,2.014265,1.936681,,,,,,"[0.2,0.4)",Q2
KG20C,tg_r2d3__pos_auto_ratio__ri_conf__dn_per_rule_degree__dl1_1e-5,2,paper_cite_paper,7382,602,599,0.182023,0.184369,0.194956,0.012933,7.105249,0.002346,0.010587,positive,dependency,True,True,0.156224,0.167458,0.167458,26711,10677,2,3,10677,26711,27,18418,8266,0,0.001011,0.689529,0.309461,10150,527,10677,0.399723,0.399723,0.817977,181.058031,1.338024,1.603404,,,1.130182,1.750307,1.780183,,,,,,"[0.0,0.2)",Q2
KG20C,tg_r2d3__pos_auto_ratio__ri_conf__dn_per_rule_degree__dl1_1e-5,3,paper_in_domain,17776,1415,1446,0.116107,0.116107,0.121820,0.005713,4.920329,0.000000,0.005713,positive,dependency,True,True,0.130839,0.133299,0.133299,101322,153519,2,3,153519,101322,9,93452,7839,22,0.000089,0.922327,0.077367,152730,789,153519,1.515160,1.515160,0.883893,246.169930,1.025207,1.867213,,,0.741005,1.421120,1.624269,,,,,,"[0.0,0.2)",Q3
KG20C,tg_r2d3__pos_auto_ratio__ri_conf__dn_per_rule_degree__dl1_1e-5,4,paper_in_venue,4288,390,369,0.406636,0.406397,0.406397,-0.000239,-0.058755,-0.000239,0.000000,negative,rule_only,True,False,0.405368,0.405368,0.405368,5931,356,2,0,0,5931,8,5829,79,15,0.001349,0.982802,0.013320,195,161,356,0.060024,0.060024,0.593364,40.535879,0.795734,1.337189,,,,,1.000000,,,,,,"[0.4,0.6)",Q1
codex-m,tg_rd__pos_auto_sqrt__ri_conf__dn_per_rule_degree__dl1_1e-5,0,P161,8366,435,448,0.118255,0.118255,0.118255,0.000000,0.000000,0.000000,0.000000,neutral,rule_only,True,False,0.086491,0.086491,0.086491,6332,287,0,0,0,6332,74,3371,2887,0,0.011687,0.532375,0.455938,259,28,287,0.045325,0.045325,0.881745,127.123493,,,,,,,,,,,,,"[0.0,0.2)",Q1
codex-m,tg_rd__pos_auto_sqrt__ri_conf__dn_per_rule_degree__dl1_1e-5,1,P463,10340,567,583,0.424337,0.435208,0.435208,0.010871,2.561777,0.010871,0.000000,neutral,rule_only,True,False,0.403834,0.401524,0.403834,63030,192516,0,0,0,63030,270,59983,2750,27,0.004284,0.951658,0.043630,66456,126060,192516,3.054355,3.054355,0.575663,182.973679,,,,,,,,,,,,,"[0.4,0.6)",Q4
codex-m,tg_rd__pos_auto_sqrt__ri_conf__dn_per_rule_degree__dl1_1e-5,2,P106,64345,3616,3635,0.295044,0.296789,0.298006,0.002962,1.003783,0.001745,0.001217,neutral,dependency,True,True,0.303075,0.303379,0.303379,268476,172961,0,0,0,268476,301,256085,11999,91,0.001121,0.953847,0.044693,127676,45285,172961,0.644233,0.644233,0.704956,558.188893,,,,,,,,,,,,,"[0.2,0.4)",Q2
codex-m,tg_rd__pos_auto_sqrt__ri_conf__dn_per_rule_degree__dl1_1e-5,3,P27,15169,830,829,0.477478,0.477401,0.494677,0.017199,3.601996,-0.000077,0.017276,positive,dependency,True,True,0.476172,0.490121,0.490121,8233,5640,0,0,0,8233,712,6208,1291,22,0.086481,0.754039,0.156808,4292,1348,5640,0.685048,0.685048,0.522522,332.303738,,,,,,,,,,,,,"[0.4,0.6)",Q2
codex-m,tg_rd__pos_auto_sqrt__ri_conf__dn_per_rule_degree__dl1_1e-5,4,P69,8772,482,498,0.186535,0.187960,0.191156,0.004621,2.477292,0.001425,0.003196,neutral,dependency,True,True,0.189739,0.193090,0.193090,5346,408,0,0,0,5346,150,3452,1734,10,0.028058,0.645716,0.324355,376,32,408,0.076319,0.076319,0.813465,249.053063,,,,,,,,,,,,,"[0.0,0.2)",Q1
codex-m,tg_rd__pos_auto_sqrt__ri_conf__dn_per_rule_degree__dl1_1e-5,5,P172,2054,107,132,0.469218,0.461579,0.469535,0.000317,0.067635,-0.007639,0.007956,neutral,dependency,True,True,0.475890,0.477069,0.477069,1883,2733,0,0,0,1883,131,1333,417,2,0.069570,0.707913,0.221455,1685,1048,2733,1.451407,1.451407,0.530782,33.411486,,,,,,,,,,,,,"[0.4,0.6)",Q3
codex-m,tg_rd__pos_auto_sqrt__ri_conf__dn_per_rule_degree__dl1_1e-5,6,P840,1348,73,85,0.166816,0.169901,0.172740,0.005924,3.551096,0.003085,0.002838,positive,dependency,True,True,0.209395,0.218035,0.218035,793,205,0,0,0,793,103,351,337,2,0.129887,0.442623,0.424968,162,43,205,0.258512,0.258512,0.833184,45.621411,,,,,,,,,,,,,"[0.0,0.2)",Q2
codex-m,tg_rd__pos_auto_sqrt__ri_conf__dn_per_rule_degree__dl1_1e-5,7,P530,5626,302,297,0.787819,0.786716,0.786716,-0.001103,-0.140035,-0.001103,0.000000,negative,rule_only,True,False,0.795447,0.795132,0.795447,116457,465828,0,0,0,116457,429,110891,5125,12,0.003684,0.952206,0.044008,232914,232914,465828,4.000000,4.000000,0.212181,102.194776,,,,,,,,,,,,,"[0.6,1.0]",Q4
codex-m,tg_rd__pos_auto_sqrt__ri_conf__dn_per_rule_degree__dl1_1e-5,8,P509,2898,164,148,0.167524,0.163788,0.169158,0.001635,0.975857,-0.003736,0.005370,neutral,dependency,True,True,0.172032,0.177823,0.177823,1795,111,0,0,0,1795,61,1148,579,7,0.033983,0.639554,0.322563,108,3,111,0.061838,0.061838,0.832476,65.024333,,,,,,,,,,,,,"[0.0,0.2)",Q1
codex-m,tg_rd__pos_auto_sqrt__ri_conf__dn_per_rule_degree__dl1_1e-5,9,P17,1176,68,79,0.624215,0.624693,0.620553,-0.003662,-0.586598,0.000478,-0.004140,negative,dependency,True,True,0.609659,0.613446,0.613446,2043,4302,0,0,0,2043,334,1146,562,1,0.163485,0.560940,0.275086,4086,216,4302,2.105727,2.105727,0.375785,27.810054,,,,,,,,,,,,,"[0.6,1.0]",Q3
codex-m,tg_rd__pos_auto_sqrt__ri_conf__dn_per_rule_degree__dl1_1e-5,10,P136,10621,549,591,0.281182,0.280655,0.283820,0.002638,0.938265,-0.000527,0.003165,neutral,dependency,True,True,0.249775,0.254406,0.254406,7145,5738,0,0,0,7145,198,5005,1915,27,0.027712,0.700490,0.268020,4046,1692,5738,0.803079,0.803079,0.718818,189.463114,,,,,,,,,,,,,"[0.2,0.4)",Q3
codex-m,tg_rd__pos_auto_sqrt__ri_conf__dn_per_rule_degree__dl1_1e-5,11,P1412,11352,634,598,0.491221,0.490913,0.491304,0.000084,0.017019,-0.000308,0.000391,neutral,dependency,True,True,0.485484,0.486656,0.486656,6269,5063,0,0,0,6269,350,5068,840,11,0.055830,0.808422,0.133993,3938,1125,5063,0.807625,0.807625,0.508779,160.020544,,,,,,,,,,,,,"[0.4,0.6)",Q3
codex-m,tg_rd__pos_auto_sqrt__ri_conf__dn_per_rule_degree__dl1_1e-5,12,P159,156,5,8,0.261812,0.304079,0.304079,0.042267,16.144141,0.042267,0.000000,positive,rule_only,True,False,0.614102,0.614085,0.614102,82,13,0,0,0,82,53,7,22,0,0.646341,0.085366,0.268293,11,2,13,0.158537,0.158537,0.738188,22.034201,,,,,,,,,,,,,"[0.2,0.4)",Q2
codex-m,tg_rd__pos_auto_sqrt__ri_conf__dn_per_rule_degree__dl1_1e-5,13,P19,6470,405,339,0.252830,0.254862,0.251739,-0.001091,-0.431507,0.002032,-0.003123,negative,dependency,True,True,0.269903,0.277838,0.277838,3356,504,0,0,0,3356,279,2177,891,9,0.083135,0.648689,0.265495,416,88,504,0.150179,0.150179,0.747170,233.107170,,,,,,,,,,,,,"[0.2,0.4)",Q1
codex-m,tg_rd__pos_auto_sqrt__ri_conf__dn_per_rule_degree__dl1_1e-5,14,P1303,5462,317,297,0.447350,0.448870,0.449574,0.002224,0.497142,0.001521,0.000703,neutral,dependency,True,True,0.464952,0.469954,0.469954,2845,4209,0,0,0,2845,126,2231,481,7,0.044288,0.784183,0.169069,2902,1307,4209,1.479438,1.479438,0.552650,105.926373,,,,,,,,,,,,,"[0.4,0.6)",Q3
codex-m,tg_rd__pos_auto_sqrt__ri_conf__dn_per_rule_degree__dl1_1e-5,15,P108,4301,235,259,0.220583,0.218963,0.221494,0.000910,0.412697,-0.001621,0.002531,neutral,dependency,True,True,0.232527,0.234270,0.234270,2760,340,0,0,0,2760,89,1733,936,2,0.032246,0.627899,0.339130,335,5,340,0.123188,0.123188,0.779417,120.303481,,,,,,,,,,,,,"[0.2,0.4)",Q1
codex-m,tg_rd__pos_auto_sqrt__ri_conf__dn_per_rule_degree__dl1_1e-5,16,P135,404,23,19,0.317221,0.317221,0.318260,0.001039,0.327603,0.000000,0.001039,neutral,dependency,True,True,0.279801,0.280617,0.280617,329,38,0,0,0,329,43,179,107,0,0.130699,0.544073,0.325228,37,1,38,0.115502,0.115502,0.682779,15.292924,,,,,,,,,,,,,"[0.2,0.4)",Q1
codex-m,tg_rd__pos_auto_sqrt__ri_conf__dn_per_rule_degree__dl1_1e-5,17,P264,3104,183,169,0.147635,0.145959,0.145819,-0.001816,-1.229969,-0.001676,-0.000140,negative,dependency,True,True,0.160906,0.164239,0.164239,2816,304,0,0,0,2816,146,1787,877,6,0.051847,0.634588,0.311435,281,23,304,0.107955,0.107955,0.852365,86.312574,,,,,,,,,,,,,"[0.0,0.2)",Q1
codex-m,tg_rd__pos_auto_sqrt__ri_conf__dn_per_rule_degree__dl1_1e-5,18,P495,1842,92,115,0.511636,0.506103,0.501962,-0.009674,-1.890748,-0.005533,-0.004141,negative,dependency,True,True,0.523750,0.527481,0.527481,2643,5850,0,0,0,2643,155,2153,331,4,0.058645,0.814605,0.125236,5286,564,5850,2.213394,2.213394,0.488364,61.516598,,,,,,,,,,,,,"[0.4,0.6)",Q3
codex-m,tg_rd__pos_auto_sqrt__ri_conf__dn_per_rule_degree__dl1_1e-5,19,P30,359,14,18,0.659735,0.679156,0.711996,0.052261,7.921512,0.019421,0.032840,positive,dependency,True,True,0.612325,0.617149,0.617149,1196,3417,0,0,0,1196,100,1000,95,1,0.083612,0.836120,0.079431,1025,2392,3417,2.857023,2.857023,0.340265,29.280798,,,,,,,,,,,,,"[0.6,1.0]",Q4
codex-m,tg_rd__pos_auto_sqrt__ri_conf__dn_per_rule_degree__dl1_1e-5,20,P102,2399,136,133,0.430819,0.434475,0.444429,0.013610,3.159047,0.003656,0.009954,positive,dependency,True,True,0.440921,0.445509,0.445509,1466,1222,0,0,0,1466,80,1022,357,7,0.054570,0.697135,0.243520,1153,69,1222,0.833561,0.833561,0.569181,64.494888,,,,,,,,,,,,,"[0.4,0.6)",Q3
codex-m,tg_rd__pos_auto_sqrt__ri_conf__dn_per_rule_degree__dl1_1e-5,21,P551,1741,89,104,0.171179,0.174252,0.174252,0.003073,1.795241,0.003073,0.000000,neutral,rule_only,True,False,0.225683,0.220411,0.225683,1005,110,0,0,0,1005,157,465,381,2,0.156219,0.462687,0.379104,109,1,110,0.109453,0.109453,0.828821,75.982168,,,,,,,,,,,,,"[0.0,0.2)",Q1
codex-m,tg_rd__pos_auto_sqrt__ri_conf__dn_per_rule_degree__dl1_1e-5,22,P20,4872,310,260,0.331718,0.323171,0.328254,-0.003465,-1.044477,-0.008547,0.005082,negative,dependency,True,True,0.309418,0.310618,0.310618,2619,1685,0,0,0,2619,261,1726,623,9,0.099656,0.659030,0.237877,1629,56,1685,0.643375,0.643375,0.668282,159.754459,,,,,,,,,,,,,"[0.2,0.4)",Q2
codex-m,tg_rd__pos_auto_sqrt__ri_conf__dn_per_rule_degree__dl1_1e-5,23,P737,1381,56,71,0.113389,0.107510,0.116913,0.003524,3.107445,-0.005879,0.009403,positive,dependency,True,True,0.153469,0.166337,0.166337,1026,24,0,0,0,1026,46,495,485,0,0.044834,0.482456,0.472710,24,0,24,0.023392,0.023392,0.886611,37.034023,,,,,,,,,,,,,"[0.0,0.2)",Q1
codex-m,tg_rd__pos_auto_sqrt__ri_conf__dn_per_rule_degree__dl1_1e-5,24,P119,1790,91,91,0.348023,0.343616,0.343616,-0.004407,-1.266272,-0.004407,0.000000,negative,rule_only,True,False,0.366477,0.364162,0.366477,1132,149,0,0,0,1132,53,742,335,2,0.046820,0.655477,0.295936,137,12,149,0.131625,0.131625,0.651977,55.772855,,,,,,,,,,,,,"[0.2,0.4)",Q1
codex-m,tg_rd__pos_auto_sqrt__ri_conf__dn_per_rule_degree__dl1_1e-5,25,P140,2397,134,120,0.275079,0.277667,0.277667,0.002588,0.940947,0.002588,0.000000,neutral,rule_only,True,False,0.285210,0.284919,0.285210,1647,601,0,0,0,1647,99,1102,440,6,0.060109,0.669095,0.267152,588,13,601,0.364906,0.364906,0.724921,42.432029,,,,,,,,,,,,,"[0.2,0.4)",Q2
codex-m,tg_rd__pos_auto_sqrt__ri_conf__dn_per_rule_degree__dl1_1e-5,26,P641,391,16,11,0.634534,0.668625,0.657262,0.022727,3.581728,0.034091,-0.011364,positive,dependency,True,True,0.625165,0.625224,0.625224,209,6,0,0,0,209,10,116,83,0,0.047847,0.555024,0.397129,6,0,6,0.028708,0.028708,0.365466,14.588485,,,,,,,,,,,,,"[0.6,1.0]",Q1
codex-m,tg_rd__pos_auto_sqrt__ri_conf__dn_per_rule_degree__dl1_1e-5,27,P101,2156,139,126,0.340617,0.345321,0.345321,0.004703,1.380866,0.004703,0.000000,neutral,rule_only,True,False,0.353717,0.352294,0.353717,1408,533,0,0,0,1408,54,904,447,3,0.038352,0.642045,0.317472,500,33,533,0.378551,0.378551,0.659383,57.387908,,,,,,,,,,,,,"[0.2,0.4)",Q2
codex-m,tg_rd__pos_auto_sqrt__ri_conf__dn_per_rule_degree__dl1_1e-5,28,P57,497,33,31,0.227731,0.227731,0.227467,-0.000264,-0.116137,0.000000,-0.000264,negative,dependency,True,True,0.255362,0.257131,0.257131,153,1,0,0,0,153,16,52,85,0,0.104575,0.339869,0.555556,1,0,1,0.006536,0.006536,0.772269,25.823057,,,,,,,,,,,,,"[0.2,0.4)",Q1
codex-m,tg_rd__pos_auto_sqrt__ri_conf__dn_per_rule_degree__dl1_1e-5,29,P3373,707,35,43,0.967057,0.967057,0.967057,0.000000,0.000000,0.000000,0.000000,neutral,rule_only,True,False,1.000000,1.000000,1.000000,1571,3290,0,0,0,1571,131,1226,214,0,0.083386,0.780395,0.136219,148,3142,3290,2.094208,2.094208,0.032943,24.918720,,,,,,,,,,,,,"[0.6,1.0]",Q3
codex-m,tg_rd__pos_auto_sqrt__ri_conf__dn_per_rule_degree__dl1_1e-5,30,P40,357,19,15,0.203108,0.203108,0.203108,0.000000,0.000000,0.000000,0.000000,neutral,rule_only,True,False,0.371373,0.371373,0.371373,154,21,0,0,0,154,40,91,23,0,0.259740,0.590909,0.149351,7,14,21,0.136364,0.136364,0.796892,16.436858,,,,,,,,,,,,,"[0.2,0.4)",Q1
codex-m,tg_rd__pos_auto_sqrt__ri_conf__dn_per_rule_degree__dl1_1e-5,31,P451,358,15,20,0.683342,0.683342,0.683342,0.000000,0.000000,0.000000,0.000000,neutral,rule_only,False,False,0.455575,,0.455575,4,0,0,0,0,4,4,0,0,0,1.000000,0.000000,0.000000,0,0,0,0.000000,0.000000,0.316658,11.309317,,,,,,,,,,,,,"[0.6,1.0]",Q1
codex-m,tg_rd__pos_auto_sqrt__ri_conf__dn_per_rule_degree__dl1_1e-5,32,P1050,360,28,20,0.285561,0.285561,0.285439,-0.000122,-0.042856,0.000000,-0.000122,negative,dependency,True,True,0.254683,0.256988,0.256988,244,2,0,0,0,244,12,128,104,0,0.049180,0.524590,0.426230,2,0,2,0.008197,0.008197,0.714439,12.762081,,,,,,,,,,,,,"[0.2,0.4)",Q1
codex-m,tg_rd__pos_auto_sqrt__ri_conf__dn_per_rule_degree__dl1_1e-5,33,P26,772,41,53,0.943403,0.943403,0.943403,0.000000,0.000000,0.000000,0.000000,neutral,rule_only,True,False,0.857152,0.857152,0.857152,10,3,0,0,0,10,10,0,0,0,1.000000,0.000000,0.000000,0,3,3,0.300000,0.300000,0.056597,14.623028,,,,,,,,,,,,,"[0.6,1.0]",Q2
codex-m,tg_rd__pos_auto_sqrt__ri_conf__dn_per_rule_degree__dl1_1e-5,34,P407,41,1,1,0.500058,0.500058,0.500058,0.000000,0.000000,0.000000,0.000000,neutral,rule_only,True,False,0.500058,0.500058,0.500058,35,1,0,0,0,35,7,16,12,0,0.200000,0.457143,0.342857,1,0,1,0.028571,0.028571,0.499942,10.913018,,,,,,,,,,,,,"[0.4,0.6)",Q1
codex-m,tg_rd__pos_auto_sqrt__ri_conf__dn_per_rule_degree__dl1_1e-5,35,P37,373,17,13,0.458884,0.454741,0.436222,-0.022662,-4.938436,-0.004143,-0.018519,negative,dependency,True,True,0.564534,0.612391,0.612391,861,3444,0,0,0,861,111,626,124,0,0.128920,0.727062,0.144019,1722,1722,3444,4.000000,4.000000,0.541116,14.608331,,,,,,,,,,,,,"[0.4,0.6)",Q4
codex-m,tg_rd__pos_auto_sqrt__ri_conf__dn_per_rule_degree__dl1_1e-5,36,P112,61,3,3,0.000039,0.000039,0.000039,0.000000,0.000000,0.000000,0.000000,neutral,rule_only,False,False,0.097009,,0.097009,4,0,0,0,0,4,4,0,0,0,1.000000,0.000000,0.000000,0,0,0,0.000000,0.000000,0.999961,10.803458,,,,,,,,,,,,,"[0.0,0.2)",Q1
codex-m,tg_rd__pos_auto_sqrt__ri_conf__dn_per_rule_degree__dl1_1e-5,37,P131,184,16,12,0.317460,0.317460,0.317460,0.000000,0.000000,0.000000,0.000000,neutral,rule_only,True,False,0.360908,0.360908,0.360908,96,37,0,0,0,96,68,14,14,0,0.708333,0.145833,0.145833,36,1,37,0.385417,0.385417,0.682540,11.522409,,,,,,,,,,,,,"[0.2,0.4)",Q2
codex-m,tg_rd__pos_auto_sqrt__ri_conf__dn_per_rule_degree__dl1_1e-5,38,P749,76,5,1,0.500058,0.500058,0.500058,0.000000,0.000000,0.000000,0.000000,neutral,rule_only,True,False,0.270798,0.270798,0.270798,33,5,0,0,0,33,9,9,15,0,0.272727,0.272727,0.454545,4,1,5,0.151515,0.151515,0.499942,9.828550,,,,,,,,,,,,,"[0.4,0.6)",Q1
codex-m,tg_rd__pos_auto_sqrt__ri_conf__dn_per_rule_degree__dl1_1e-5,39,P361,151,8,12,0.426715,0.428560,0.428560,0.001845,0.432458,0.001845,0.000000,neutral,rule_only,True,False,0.348911,0.348793,0.348911,550,1605,0,0,0,550,50,449,51,0,0.090909,0.816364,0.092727,1100,505,1605,2.918182,2.918182,0.573285,10.809271,,,,,,,,,,,,,"[0.4,0.6)",Q4
codex-m,tg_rd__pos_auto_sqrt__ri_conf__dn_per_rule_degree__dl1_1e-5,40,P740,123,2,8,0.096999,0.096999,0.096999,0.000000,0.000000,0.000000,0.000000,neutral,rule_only,False,False,0.375058,,0.375058,29,0,0,0,0,29,16,6,7,0,0.551724,0.206897,0.241379,0,0,0,0.000000,0.000000,0.903001,9.759682,,,,,,,,,,,,,"[0.0,0.2)",Q1
codex-m,tg_rd__pos_auto_sqrt__ri_conf__dn_per_rule_degree__dl1_1e-5,41,P2348,131,7,14,0.507185,0.507185,0.507185,0.000000,0.000000,0.000000,0.000000,neutral,rule_only,True,False,0.432014,0.432014,0.432014,126,1,0,0,0,126,22,68,36,0,0.174603,0.539683,0.285714,1,0,1,0.007937,0.007937,0.492815,9.509177,,,,,,,,,,,,,"[0.4,0.6)",Q1
codex-m,tg_rd__pos_auto_sqrt__ri_conf__dn_per_rule_degree__dl1_1e-5,42,P138,51,4,2,0.166725,0.166725,0.166725,0.000000,0.000000,0.000000,0.000000,neutral,rule_only,False,False,0.011393,,0.011393,32,0,0,0,0,32,24,6,2,0,0.750000,0.187500,0.062500,0,0,0,0.000000,0.000000,0.833275,9.203680,,,,,,,,,,,,,"[0.0,0.2)",Q1
codex-m,tg_rd__pos_auto_sqrt__ri_conf__dn_per_rule_degree__dl1_1e-5,43,P50,16,1,0,0.000000,0.000000,0.000000,0.000000,0.000000,0.000000,0.000000,neutral,rule_only,False,False,0.000059,,0.000059,14,0,0,0,0,14,3,5,6,0,0.214286,0.357143,0.428571,0,0,0,0.000000,0.000000,1.000000,9.028064,,,,,,,,,,,,,"[0.0,0.2)",Q1
codex-m,tg_rd__pos_auto_sqrt__ri_conf__dn_per_rule_degree__dl1_1e-5,44,P452,17,0,0,0.000000,0.000000,0.000000,0.000000,0.000000,0.000000,0.000000,neutral,rule_only,False,False,0.000000,,0.000000,10,0,0,0,0,10,3,1,6,0,0.300000,0.100000,0.600000,0,0,0,0.000000,0.000000,1.000000,9.190198,,,,,,,,,,,,,"[0.0,0.2)",Q1
codex-m,tg_rd__pos_auto_sqrt__ri_conf__dn_per_rule_degree__dl1_1e-5,45,P2283,9,3,0,0.000000,0.000000,0.000000,0.000000,0.000000,0.000000,0.000000,neutral,rule_only,False,False,0.666706,,0.666706,12,0,0,0,0,12,6,2,4,0,0.500000,0.166667,0.333333,0,0,0,0.000000,0.000000,1.000000,8.848075,,,,,,,,,,,,,"[0.0,0.2)",Q1
WN18RR,structural_rd,0,_hypernym,34796,1174,1251,0.184215,0.186728,0.187550,0.003335,1.810387,0.002513,0.000822,neutral,dependency,True,True,0.180671,0.180793,0.180793,8876,451,0,0,0,8876,2422,3883,2552,19,0.272871,0.437472,0.287517,346,105,451,0.050811,0.050811,0.815785,1285.301169,,,,,,,,,,,,,"[0.0,0.2)",Q1
WN18RR,structural_rd,1,_derivationally_related_form,29715,1078,1074,0.959727,0.959727,0.959727,0.000000,0.000000,0.000000,0.000000,neutral,rule_only,True,False,0.948339,0.948339,0.948339,46349,34783,0,0,0,46349,3366,38068,4915,0,0.072623,0.821334,0.106043,23410,11373,34783,0.750458,0.750458,0.040273,597.719740,,,,,,,,,,,,,"[0.6,1.0]",Q2
WN18RR,structural_rd,2,_instance_hypernym,2921,107,122,0.364871,0.364871,0.364871,0.000000,0.000000,0.000000,0.000000,neutral,rule_only,True,False,0.299672,0.299672,0.299672,7445,1050,0,0,0,7445,273,6472,696,4,0.036669,0.869308,0.093486,983,67,1050,0.141034,0.141034,0.635129,53.322748,,,,,,,,,,,,,"[0.2,0.4)",Q1
WN18RR,structural_rd,3,_also_see,1299,41,56,0.660213,0.651104,0.651146,-0.009067,-1.373282,-0.009108,0.000041,negative,dependency,True,True,0.620847,0.634230,0.634230,2406,2618,0,0,0,2406,324,1001,1081,0,0.134663,0.416043,0.449293,1581,1037,2618,1.088113,1.088113,0.339787,39.866906,,,,,,,,,,,,,"[0.6,1.0]",Q3
WN18RR,structural_rd,4,_member_meronym,7402,273,253,0.321906,0.317931,0.328616,0.006711,2.084745,-0.003974,0.010685,neutral,dependency,True,True,0.333338,0.342928,0.342928,2129,591,0,0,0,2129,314,1269,545,1,0.147487,0.596054,0.255989,575,16,591,0.277595,0.277595,0.678094,250.119979,,,,,,,,,,,,,"[0.2,0.4)",Q2
WN18RR,structural_rd,5,_synset_domain_topic_of,3116,105,114,0.394953,0.396579,0.396579,0.001625,0.411538,0.001625,0.000000,neutral,rule_only,True,False,0.393422,0.390862,0.393422,2280,3897,0,0,0,2280,848,981,448,3,0.371930,0.430263,0.196491,3855,42,3897,1.709211,1.709211,0.605047,73.672234,,,,,,,,,,,,,"[0.2,0.4)",Q3
WN18RR,structural_rd,6,_has_part,4816,154,172,0.209144,0.205160,0.219265,0.010121,4.839075,-0.003984,0.014105,positive,dependency,True,True,0.255478,0.265968,0.265968,5002,1372,0,0,0,5002,606,2639,1757,0,0.121152,0.527589,0.351259,1308,64,1372,0.274290,0.274290,0.790856,138.221103,,,,,,,,,,,,,"[0.2,0.4)",Q2
WN18RR,structural_rd,7,_member_of_domain_usage,629,22,24,0.347316,0.347606,0.355021,0.007705,2.218481,0.000290,0.007415,neutral,dependency,True,True,0.394515,0.412102,0.412102,432,107,0,0,0,432,38,328,64,2,0.087963,0.759259,0.148148,102,5,107,0.247685,0.247685,0.652684,11.599660,,,,,,,,,,,,,"[0.2,0.4)",Q2
WN18RR,structural_rd,8,_member_of_domain_region,923,34,26,0.380717,0.375527,0.380648,-0.000069,-0.018041,-0.005190,0.005121,negative,dependency,True,True,0.249832,0.251115,0.251115,612,42,0,0,0,612,121,264,226,1,0.197712,0.431373,0.369281,32,10,42,0.068627,0.068627,0.619283,21.425887,,,,,,,,,,,,,"[0.2,0.4)",Q1
WN18RR,structural_rd,9,_verb_group,1138,43,39,0.974360,0.974360,0.974360,0.000000,0.000000,0.000000,0.000000,neutral,dependency,True,True,0.930871,0.931044,0.931044,1370,301,0,0,0,1370,467,599,304,0,0.340876,0.437226,0.221898,35,266,301,0.219708,0.219708,0.025640,38.072517,,,,,,,,,,,,,"[0.6,1.0]",Q2
WN18RR,structural_rd,10,_similar_to,80,3,3,1.000000,1.000000,1.000000,0.000000,0.000000,0.000000,0.000000,neutral,rule_only,False,False,1.000000,,1.000000,8,0,0,0,0,8,2,6,0,0,0.250000,0.750000,0.000000,0,0,0,0.000000,0.000000,0.000000,2.448638,,,,,,,,,,,,,"[0.6,1.0]",Q1
FB15k-237,tg_r2d3__pos_auto_ratio__ri_conf__dn_none__dl1_1e-5,0,/location/country/form_of_government,298,28,43,0.492042,0.496951,0.496951,0.004909,0.997698,0.004909,0.000000,neutral,rule_only,True,False,0.431582,0.431582,0.431582,2413,6226,2,0,0,2413,105,2021,287,0,0.043514,0.837547,0.118939,1400,4826,6226,2.580191,2.580191,0.507958,43.183089,0.813836,0.813531,,,1.000000,1.000000,1.000000,,,,,,"[0.4,0.6)",Q4
FB15k-237,tg_r2d3__pos_auto_ratio__ri_conf__dn_none__dl1_1e-5,1,/tv/tv_program/regular_cast./tv/regular_tv_appearance/actor,1272,63,91,0.076051,0.076051,0.076051,0.000000,0.000000,0.000000,0.000000,neutral,rule_only,True,False,0.112824,0.112824,0.112824,2646,8634,2,0,0,2646,447,1316,883,0,0.168934,0.497354,0.333711,3342,5292,8634,3.263039,3.263039,0.923949,53.317598,1.000000,1.000000,,,1.000000,1.000000,1.000000,,,,,,"[0.0,0.2)",Q4
FB15k-237,tg_r2d3__pos_auto_ratio__ri_conf__dn_none__dl1_1e-5,2,/media_common/netflix_genre/titles,2671,106,124,0.366901,0.365491,0.365491,-0.001409,-0.384160,-0.001409,0.000000,negative,rule_only,True,False,0.336357,0.336357,0.336357,5987,16603,2,0,0,5987,809,3865,1306,7,0.135126,0.645565,0.218139,11974,4629,16603,2.773175,2.773175,0.633099,66.317487,0.860665,1.213748,,,1.000000,1.000000,1.000000,,,,,,"[0.2,0.4)",Q4
FB15k-237,tg_r2d3__pos_auto_ratio__ri_conf__dn_none__dl1_1e-5,3,/award/award_winner/awards_won./award/award_honor/award_winner,8423,27,41,0.265339,0.242560,0.378038,0.112698,42.473284,-0.022779,0.135477,positive,dependency,True,True,0.284880,0.366261,0.366261,79116,316464,2,3,316464,79116,2576,60254,16286,0,0.032560,0.761591,0.205850,158232,158232,316464,4.000000,4.000000,0.734661,263.582575,0.753750,0.307754,,,0.943810,0.967559,1.001794,,,,,,"[0.2,0.4)",Q4
FB15k-237,tg_r2d3__pos_auto_ratio__ri_conf__dn_none__dl1_1e-5,4,/soccer/football_team/current_roster./sports/sports_team_roster/position,2262,5,12,0.375460,0.375460,0.375460,0.000000,0.000000,0.000000,0.000000,neutral,rule_only,True,False,0.450068,0.450068,0.450068,795,2171,2,0,0,795,104,626,61,4,0.130818,0.787421,0.076730,581,1590,2171,2.730818,2.730818,0.624540,44.551528,1.000000,1.000000,,,1.000000,1.000000,1.000000,,,,,,"[0.2,0.4)",Q4
FB15k-237,tg_r2d3__pos_auto_ratio__ri_conf__dn_none__dl1_1e-5,5,/soccer/football_team/current_roster./soccer/football_roster_position/position,2265,8,10,0.410555,0.410555,0.410555,0.000000,0.000000,0.000000,0.000000,neutral,rule_only,True,False,0.477135,0.477135,0.477135,820,2196,2,0,0,820,102,648,66,4,0.124390,0.790244,0.080488,556,1640,2196,2.678049,2.678049,0.589445,41.504517,0.716814,0.720570,,,1.000000,1.000000,1.000000,,,,,,"[0.4,0.6)",Q4
FB15k-237,tg_r2d3__pos_auto_ratio__ri_conf__dn_none__dl1_1e-5,6,/film/actor/film./film/performance/film,9494,715,836,0.079503,0.080702,0.080702,0.001199,1.508345,0.001199,0.000000,neutral,rule_only,True,False,0.069621,0.069621,0.069621,29447,16690,2,0,0,29447,1621,9929,17897,0,0.055048,0.337182,0.607770,11084,5606,16690,0.566781,0.566781,0.920497,142.923891,1.504855,2.571581,,,1.000000,1.000000,1.000000,,,,,,"[0.0,0.2)",Q2
FB15k-237,tg_r2d3__pos_auto_ratio__ri_conf__dn_none__dl1_1e-5,7,/award/award_category/nominees./award/award_nomination/nominated_for,9465,746,858,0.204203,0.223298,0.232665,0.028462,13.937910,0.019095,0.009367,positive,dependency,True,True,0.215845,0.223780,0.223780,90670,212019,2,3,212019,90670,1025,80807,8810,28,0.011305,0.891221,0.097166,131861,80158,212019,2.338359,2.338359,0.795797,427.284071,0.787766,0.782186,,,1.283486,1.271002,1.343239,,,,,,"[0.2,0.4)",Q4
FB15k-237,tg_r2d3__pos_auto_ratio__ri_conf__dn_none__dl1_1e-5,8,/award/award_nominee/award_nominations./award/award_nomination/award_nominee,15989,188,214,0.270753,0.323457,0.333598,0.062845,23.211165,0.052704,0.010141,positive,dependency,True,True,0.275459,0.297795,0.297795,126142,379530,2,3,379530,126142,3694,90398,32050,0,0.029284,0.716637,0.254079,127246,252284,379530,3.008752,3.008752,0.729247,438.313186,0.725269,0.346398,,,0.904957,0.907493,0.927665,,,,,,"[0.2,0.4)",Q4
FB15k-237,tg_r2d3__pos_auto_ratio__ri_conf__dn_none__dl1_1e-5,9,/music/performance_role/regular_performances./music/group_membership/role,2655,16,40,0.099127,0.103165,0.114310,0.015183,15.316588,0.004038,0.011145,positive,dependency,True,True,0.131260,0.131486,0.131486,91633,194070,2,3,194070,91633,1069,87714,2850,0,0.011666,0.957232,0.031102,10804,183266,194070,2.117905,2.117905,0.900873,68.621205,0.566335,0.474872,,,1.004013,1.004014,1.003991,,,,,,"[0.0,0.2)",Q3
FB15k-237,tg_r2d3__pos_auto_ratio__ri_conf__dn_none__dl1_1e-5,10,/award/award_category/winners./award/award_honor/ceremony,2834,283,323,0.826187,0.831571,0.831571,0.005384,0.651632,0.005384,0.000000,neutral,rule_only,True,False,0.847876,0.847876,0.847876,28288,78126,2,0,0,28288,149,26910,1229,0,0.005267,0.951287,0.043446,21550,56576,78126,2.761807,2.761807,0.173813,55.874798,0.612286,0.365751,,,1.000000,1.000000,1.000000,,,,,,"[0.6,1.0]",Q4
FB15k-237,tg_r2d3__pos_auto_ratio__ri_conf__dn_none__dl1_1e-5,11,/film/film/release_date_s./film/film_regional_release_date/film_release_distribution_medium,1429,162,158,0.505956,0.511590,0.511590,0.005634,1.113499,0.005634,0.000000,neutral,rule_only,True,False,0.511868,0.511868,0.511868,2546,8167,2,0,0,2546,299,2099,147,1,0.117439,0.824430,0.057738,5092,3075,8167,3.207777,3.207777,0.494044,44.812031,0.585812,0.572044,,,1.000000,1.000000,1.000000,,,,,,"[0.4,0.6)",Q4
FB15k-237,tg_r2d3__pos_auto_ratio__ri_conf__dn_none__dl1_1e-5,12,/award/award_winning_work/awards_won./award/award_honor/award_winner,2992,24,24,0.229233,0.242142,0.259530,0.030297,13.216660,0.012909,0.017388,positive,dependency,True,True,0.199521,0.199554,0.199554,6938,19198,2,3,19198,6938,1560,3084,2294,0,0.224849,0.444509,0.330643,8882,10316,19198,2.767080,2.767080,0.770767,79.321477,1.312362,1.270837,,,0.991013,0.993301,0.991159,,,,,,"[0.2,0.4)",Q4
FB15k-237,tg_r2d3__pos_auto_ratio__ri_conf__dn_none__dl1_1e-5,13,/film/film/release_date_s./film/film_regional_release_date/film_release_region,12893,1228,1447,0.334509,0.374959,0.374959,0.040450,12.092281,0.040450,0.000000,positive,rule_only,True,False,0.368396,0.368396,0.368396,299952,636550,2,0,0,299952,2148,270892,26868,44,0.007161,0.903118,0.089574,36646,599904,636550,2.122173,2.122173,0.665491,249.272633,0.598019,0.114236,,,1.000000,1.000000,1.000000,,,,,,"[0.2,0.4)",Q3
FB15k-237,tg_r2d3__pos_auto_ratio__ri_conf__dn_none__dl1_1e-5,14,/film/film/language,2570,241,314,0.523242,0.539306,0.539306,0.016065,3.070194,0.016065,0.000000,positive,rule_only,True,False,0.490492,0.490492,0.490492,5666,13817,2,0,0,5666,839,3846,977,4,0.148076,0.678786,0.172432,7308,6509,13817,2.438581,2.438581,0.476758,123.465540,0.647643,1.350949,,,1.000000,1.000000,1.000000,,,,,,"[0.4,0.6)",Q4
FB15k-237,tg_r2d3__pos_auto_ratio__ri_conf__dn_none__dl1_1e-5,15,/location/location/contains,5201,303,330,0.436598,0.437429,0.436653,0.000055,0.012625,0.000831,-0.000776,neutral,dependency,True,True,0.446349,0.448717,0.448717,8788,19600,2,3,19600,8788,3284,3608,1891,5,0.373691,0.410560,0.215180,2024,17576,19600,2.230314,2.230314,0.563402,87.909545,1.274445,1.502934,,,0.968921,0.964192,0.965517,,,,,,"[0.4,0.6)",Q4
FB15k-237,tg_r2d3__pos_auto_ratio__ri_conf__dn_none__dl1_1e-5,16,/organization/organization/headquarters./location/mailing_address/country,182,12,7,0.449891,0.461656,0.471458,0.021567,4.793742,0.011765,0.009802,positive,dependency,True,True,0.532967,0.556731,0.556731,580,2033,2,3,2033,580,412,120,47,1,0.710345,0.206897,0.081034,1160,873,2033,3.505172,3.505172,0.550109,39.367866,0.689140,0.924697,,,1.011995,1.027189,1.013989,,,,,,"[0.4,0.6)",Q4
FB15k-237,tg_r2d3__pos_auto_ratio__ri_conf__dn_none__dl1_1e-5,17,/people/person/profession,10945,1126,1311,0.404856,0.395688,0.395688,-0.009168,-2.264497,-0.009168,0.000000,negative,rule_only,True,False,0.389218,0.389218,0.389218,23315,28042,2,0,0,23315,936,19105,3255,19,0.040146,0.819430,0.139610,16358,11684,28042,1.202745,1.202745,0.595144,113.175193,0.641439,1.373685,,,1.000000,1.000000,1.000000,,,,,,"[0.4,0.6)",Q3
FB15k-237,tg_r2d3__pos_auto_ratio__ri_conf__dn_none__dl1_1e-5,18,/location/statistical_region/religions./location/religion_percentage/religion,596,70,60,0.588592,0.600584,0.600584,0.011993,2.037507,0.011993,0.000000,neutral,rule_only,True,False,0.613695,0.613695,0.613695,4881,19524,2,0,0,4881,163,3977,741,0,0.033395,0.814792,0.151813,9762,9762,19524,4.000000,4.000000,0.411408,46.249176,0.618215,0.608626,,,1.000000,1.000000,1.000000,,,,,,"[0.4,0.6)",Q4
FB15k-237,tg_r2d3__pos_auto_ratio__ri_conf__dn_none__dl1_1e-5,19,/award/award_nominee/award_nominations./award/award_nomination/award,12157,827,1067,0.199418,0.206540,0.218710,0.019292,9.674362,0.007122,0.012170,positive,dependency,True,True,0.213233,0.223238,0.223238,50398,97814,2,3,97814,50398,1476,36657,12246,19,0.029287,0.727350,0.242986,64595,33219,97814,1.940831,1.940831,0.800582,235.241050,0.854391,1.329601,,,1.069198,1.143399,1.148311,,,,,,"[0.0,0.2)",Q3
FB15k-237,tg_r2d3__pos_auto_ratio__ri_conf__dn_none__dl1_1e-5,20,/music/genre/artists,5880,590,664,0.260295,0.264261,0.271774,0.011480,4.410217,0.003966,0.007514,positive,dependency,True,True,0.254080,0.260957,0.260957,17774,42913,2,3,42913,17774,412,12377,4972,13,0.023180,0.696354,0.279734,35548,7365,42913,2.414369,2.414369,0.739705,171.967225,0.810442,1.103777,,,1.064841,1.044916,1.047970,,,,,,"[0.2,0.4)",Q4
FB15k-237,tg_r2d3__pos_auto_ratio__ri_conf__dn_none__dl1_1e-5,21,/influence/influence_node/influenced_by,1908,178,235,0.144396,0.149967,0.149967,0.005571,3.858348,0.005571,0.000000,positive,dependency,True,True,0.167045,0.167045,0.167045,3523,692,2,3,692,3523,232,1290,2001,0,0.065853,0.366165,0.567982,680,12,692,0.196424,0.196424,0.855604,47.158242,1.513107,2.359588,,,1.000000,1.000000,1.000000,,,,,,"[0.0,0.2)",Q2
FB15k-237,tg_r2d3__pos_auto_ratio__ri_conf__dn_none__dl1_1e-5,22,/education/educational_institution/students_graduates./education/education/student,2640,278,311,0.107327,0.104695,0.104964,-0.002364,-2.202384,-0.002633,0.000269,negative,dependency,True,True,0.121424,0.122208,0.122208,2534,63,2,1,63,2534,249,699,1585,1,0.098264,0.275848,0.625493,62,1,63,0.024862,0.024862,0.892673,85.732696,1.346074,2.222818,,,,,0.982807,,,,,,"[0.0,0.2)",Q1
FB15k-237,tg_r2d3__pos_auto_ratio__ri_conf__dn_none__dl1_1e-5,23,/organization/organization_member/member_of./organization/organization_membership/organization,797,84,96,0.516314,0.545606,0.542886,0.026573,5.146595,0.029292,-0.002720,positive,dependency,True,True,0.593981,0.602091,0.602091,7372,22104,2,3,22104,7372,356,6294,720,2,0.048291,0.853771,0.097667,7360,14744,22104,2.998372,2.998372,0.483686,55.370632,0.592781,0.600967,,,0.998657,0.998250,1.000389,,,,,,"[0.4,0.6)",Q4
FB15k-237,tg_r2d3__pos_auto_ratio__ri_conf__dn_none__dl1_1e-5,24,/people/person/place_of_birth,2465,148,170,0.131485,0.137125,0.137125,0.005640,4.289280,0.005640,0.000000,positive,rule_only,True,False,0.124108,0.124108,0.124108,1998,148,2,0,0,1998,460,588,948,2,0.230230,0.294294,0.474474,125,23,148,0.074074,0.074074,0.868515,69.341893,2.143881,2.354113,,,1.000000,1.000000,1.000000,,,,,,"[0.0,0.2)",Q1
FB15k-237,tg_r2d3__pos_auto_ratio__ri_conf__dn_none__dl1_1e-5,25,/common/topic/webpage./common/webpage/category,3612,350,402,0.495022,0.495022,0.495022,0.000000,0.000000,0.000000,0.000000,neutral,rule_only,True,False,0.502821,0.502821,0.502821,5364,5413,2,0,0,5364,2031,3060,272,1,0.378635,0.570470,0.050708,0,5413,5413,1.009135,1.009135,0.504978,47.804441,1.000000,1.000000,,,1.000000,,1.000000,,,,,,"[0.4,0.6)",Q3
FB15k-237,tg_r2d3__pos_auto_ratio__ri_conf__dn_none__dl1_1e-5,26,/film/film/other_crew./film/film_crew_gig/film_crew_role,5305,534,606,0.388225,0.390897,0.390897,0.002672,0.688177,0.002672,0.000000,neutral,rule_only,True,False,0.413822,0.413822,0.413822,42988,52030,2,0,0,42988,255,41167,1555,11,0.005932,0.957639,0.036173,25877,26153,52030,1.210338,1.210338,0.611775,82.505652,0.638250,0.533957,,,1.000000,1.000000,1.000000,,,,,,"[0.2,0.4)",Q3
FB15k-237,tg_r2d3__pos_auto_ratio__ri_conf__dn_none__dl1_1e-5,27,/award/award_ceremony/awards_presented./award/award_honor/award_winner,2727,293,317,0.375390,0.380555,0.385012,0.009622,2.563187,0.005165,0.004457,neutral,dependency,True,True,0.381802,0.389363,0.389363,8911,25817,2,3,25817,8911,449,5491,2971,0,0.050387,0.616205,0.333408,11751,14066,25817,2.897206,2.897206,0.624610,82.894462,0.986874,1.375139,,,1.027901,1.014915,1.024547,,,,,,"[0.2,0.4)",Q4
FB15k-237,tg_r2d3__pos_auto_ratio__ri_conf__dn_none__dl1_1e-5,28,/film/film/country,2407,135,131,0.420187,0.420146,0.419163,-0.001024,-0.243729,-0.000041,-0.000983,negative,dependency,True,True,0.412370,0.415987,0.415987,8406,10943,2,3,10943,8406,1792,5498,1112,4,0.213181,0.654057,0.132286,6689,4254,10943,1.301808,1.301808,0.579813,55.759063,0.673259,1.035537,,,1.000439,1.027934,1.011769,,,,,,"[0.4,0.6)",Q3
FB15k-237,tg_r2d3__pos_auto_ratio__ri_conf__dn_none__dl1_1e-5,29,/olympics/olympic_sport/athletes./olympics/olympic_athlete_affiliation/country,2130,234,258,0.408775,0.424775,0.424775,0.016001,3.914338,0.016001,0.000000,positive,rule_only,True,False,0.499676,0.499676,0.499676,47576,117883,2,0,0,47576,291,43813,3469,3,0.006117,0.920905,0.072915,22731,95152,117883,2.477783,2.477783,0.591225,64.761566,0.567516,0.450653,,,1.000000,1.000000,1.000000,,,,,,"[0.4,0.6)",Q4
FB15k-237,tg_r2d3__pos_auto_ratio__ri_conf__dn_none__dl1_1e-5,30,/award/award_winning_work/awards_won./award/award_honor/award,3310,108,118,0.177426,0.175646,0.191129,0.013703,7.722978,-0.001780,0.015482,positive,dependency,True,True,0.222707,0.247502,0.247502,19741,40669,2,3,40669,19741,721,14305,4715,0,0.036523,0.724634,0.238843,38818,1851,40669,2.060129,2.060129,0.822574,63.020786,0.957675,1.102484,,,0.994958,0.992761,0.991844,,,,,,"[0.0,0.2)",Q3
FB15k-237,tg_r2d3__pos_auto_ratio__ri_conf__dn_none__dl1_1e-5,31,/film/film/genre,7268,659,722,0.303148,0.312918,0.315143,0.011995,3.956935,0.009770,0.002226,positive,dependency,True,True,0.326360,0.327196,0.327196,15814,42106,2,3,42106,15814,589,11614,3591,20,0.037245,0.734413,0.227077,29045,13061,42106,2.662577,2.662577,0.696852,110.848951,0.770349,1.112833,,,0.970696,0.986803,0.984711,,,,,,"[0.2,0.4)",Q4
FB15k-237,tg_r2d3__pos_auto_ratio__ri_conf__dn_none__dl1_1e-5,32,/film/film_distributor/films_distributed./film/film_film_distributor_relationship/film,2337,146,160,0.280374,0.285014,0.285014,0.004639,1.654610,0.004639,0.000000,neutral,rule_only,True,False,0.266407,0.266407,0.266407,5821,16178,2,0,0,5821,663,3818,1334,6,0.113898,0.655901,0.229170,11642,4536,16178,2.779248,2.779248,0.719626,76.312385,1.031762,1.482859,,,1.000000,1.000000,1.000000,,,,,,"[0.2,0.4)",Q4
FB15k-237,tg_r2d3__pos_auto_ratio__ri_conf__dn_none__dl1_1e-5,33,/location/statistical_region/rent50_2./measurement_unit/dated_money_value/currency,373,39,46,0.531031,0.542119,0.542119,0.011088,2.088049,0.011088,0.000000,neutral,rule_only,True,False,0.541415,0.541415,0.541415,485,1940,2,0,0,485,393,59,32,1,0.810309,0.121649,0.065979,970,970,1940,4.000000,4.000000,0.468969,40.572152,0.762261,0.761379,,,1.000000,,1.000000,,,,,,"[0.4,0.6)",Q4
FB15k-237,tg_r2d3__pos_auto_ratio__ri_conf__dn_none__dl1_1e-5,34,/film/film/estimated_budget./measurement_unit/dated_money_value/currency,1210,110,151,0.510887,0.510889,0.510237,-0.000650,-0.127156,0.000003,-0.000652,negative,dependency,True,True,0.496138,0.496166,0.496166,2686,5381,2,2,5381,2686,705,1880,100,1,0.262472,0.699926,0.037230,9,5372,5381,2.003351,2.003351,0.489113,43.159374,0.688216,0.695859,,,1.008109,,1.007713,,,,,,"[0.4,0.6)",Q3
FB15k-237,tg_r2d3__pos_auto_ratio__ri_conf__dn_none__dl1_1e-5,35,/government/legislative_session/members./government/government_position_held/district_represented,1070,123,117,0.865809,0.873820,0.909415,0.043606,5.036497,0.008011,0.035596,positive,dependency,True,True,0.887942,0.922535,0.922535,11175,43270,2,3,43270,11175,100,9580,1495,0,0.008949,0.857271,0.133781,20920,22350,43270,3.872036,3.872036,0.134191,49.414776,0.545543,0.517007,,,0.997283,0.997578,0.997478,,,,,,"[0.6,1.0]",Q4
FB15k-237,tg_r2d3__pos_auto_ratio__ri_conf__dn_none__dl1_1e-5,36,/sports/sports_team/roster./american_football/football_historical_roster_position/position_s,622,3,1,0.106061,0.106061,0.106061,0.000000,0.000000,0.000000,0.000000,neutral,rule_only,True,False,0.276315,0.276315,0.276315,13051,29593,2,0,0,13051,257,12146,648,0,0.019692,0.930657,0.049651,3491,26102,29593,2.267489,2.267489,0.893939,42.186454,1.000000,1.000000,,,1.000000,1.000000,1.000000,,,,,,"[0.0,0.2)",Q4
FB15k-237,tg_r2d3__pos_auto_ratio__ri_conf__dn_none__dl1_1e-5,37,/government/government_office_category/officeholders./government/government_position_held/jurisdiction_of_office,760,85,91,0.531664,0.533126,0.528388,-0.003275,-0.616085,0.001463,-0.004738,negative,dependency,True,True,0.591170,0.592688,0.592688,4043,16172,2,3,16172,4043,346,3018,676,3,0.085580,0.746475,0.167203,8086,8086,16172,4.000000,4.000000,0.468336,46.161399,0.695987,0.736510,,,1.002058,1.003478,1.002610,,,,,,"[0.4,0.6)",Q4
FB15k-237,tg_r2d3__pos_auto_ratio__ri_conf__dn_none__dl1_1e-5,38,/award/award_nominee/award_nominations./award/award_nomination/nominated_for,6277,74,132,0.158475,0.158475,0.156816,-0.001659,-1.046568,0.000000,-0.001659,negative,dependency,True,True,0.123936,0.127965,0.127965,17213,24617,2,3,24617,17213,2547,6942,7724,0,0.147970,0.403300,0.448731,8103,16514,24617,1.430140,1.430140,0.841525,78.596525,0.922996,1.016753,,,1.325289,1.248615,1.346548,,,,,,"[0.0,0.2)",Q3
FB15k-237,tg_r2d3__pos_auto_ratio__ri_conf__dn_none__dl1_1e-5,39,/people/deceased_person/place_of_death,695,61,78,0.195955,0.190037,0.189675,-0.006280,-3.204906,-0.005919,-0.000362,negative,dependency,True,True,0.173539,0.173651,0.173651,556,22,2,2,22,556,131,182,242,1,0.235612,0.327338,0.435252,20,2,22,0.039568,0.039568,0.804045,48.529006,1.862805,1.841744,,,1.003296,,1.021848,,,,,,"[0.0,0.2)",Q1
FB15k-237,tg_r2d3__pos_auto_ratio__ri_conf__dn_none__dl1_1e-5,40,/sports/pro_athlete/teams./sports/sports_team_roster/team,676,18,16,0.165455,0.163363,0.163363,-0.002091,-1.264010,-0.002091,0.000000,negative,rule_only,True,False,0.141477,0.138278,0.141477,1504,181,2,0,0,1504,84,915,505,0,0.055851,0.608378,0.335771,136,45,181,0.120346,0.120346,0.834545,44.855192,1.823578,1.862846,,,1.037455,1.014788,1.032075,,,,,,"[0.0,0.2)",Q1
FB15k-237,tg_r2d3__pos_auto_ratio__ri_conf__dn_none__dl1_1e-5,41,/music/artist/track_contributions./music/track_contribution/role,1772,116,152,0.229149,0.231439,0.224081,-0.005069,-2.211976,0.002290,-0.007358,negative,dependency,True,True,0.201736,0.207549,0.207549,24449,51711,2,3,51711,24449,778,21152,2516,3,0.031821,0.865148,0.102908,48898,2813,51711,2.115056,2.115056,0.770851,59.221082,0.781186,0.573630,,,0.994632,0.992823,0.994267,,,,,,"[0.2,0.4)",Q3
FB15k-237,tg_r2d3__pos_auto_ratio__ri_conf__dn_none__dl1_1e-5,42,/music/instrument/instrumentalists,1938,136,153,0.249292,0.254869,0.254869,0.005577,2.237257,0.005577,0.000000,neutral,rule_only,True,False,0.242539,0.242539,0.242539,21947,46749,2,0,0,21947,905,18580,2458,4,0.041236,0.846585,0.111997,43894,2855,46749,2.130086,2.130086,0.750708,55.991192,0.772222,0.730272,,,1.000000,1.000000,1.000000,,,,,,"[0.2,0.4)",Q3
FB15k-237,tg_r2d3__pos_auto_ratio__ri_conf__dn_none__dl1_1e-5,43,/people/person/gender,3717,377,436,0.561938,0.544951,0.565653,0.003714,0.661015,-0.016987,0.020701,neutral,dependency,True,True,0.530294,0.542376,0.542376,7376,3062,2,2,3062,7376,686,6492,196,2,0.093004,0.880152,0.026573,35,3027,3062,0.415130,0.415130,0.438062,55.826308,0.470547,0.586060,,,1.023807,,1.020709,,,,,,"[0.4,0.6)",Q2
FB15k-237,tg_r2d3__pos_auto_ratio__ri_conf__dn_none__dl1_1e-5,44,/business/job_title/people_with_this_title./business/employment_tenure/company,734,48,85,0.263085,0.282065,0.281717,0.018632,7.082161,0.018980,-0.000348,positive,dependency,True,True,0.311728,0.317634,0.317634,1612,4013,2,3,4013,1612,308,837,466,1,0.191067,0.519231,0.289082,3224,789,4013,2.489454,2.489454,0.736915,42.782966,0.757598,1.051830,,,1.001232,1.001595,1.001997,,,,,,"[0.2,0.4)",Q4
FB15k-237,tg_r2d3__pos_auto_ratio__ri_conf__dn_none__dl1_1e-5,45,/base/popstra/celebrity/friendship./base/popstra/friendship/participant,1511,30,32,0.053121,0.062264,0.062264,0.009144,17.212806,0.009144,0.000000,positive,rule_only,True,False,0.077124,0.077124,0.077124,2911,464,2,0,0,2911,863,432,1616,0,0.296462,0.148403,0.555136,449,15,464,0.159395,0.159395,0.946879,47.513598,1.803784,1.559720,,,1.000000,1.000000,1.000000,,,,,,"[0.0,0.2)",Q2
FB15k-237,tg_r2d3__pos_auto_ratio__ri_conf__dn_none__dl1_1e-5,46,/business/business_operation/industry,330,33,41,0.338501,0.335253,0.335253,-0.003249,-0.959686,-0.003249,0.000000,negative,dependency,True,True,0.389431,0.390459,0.390459,256,96,2,3,96,256,47,82,127,0,0.183594,0.320312,0.496094,86,10,96,0.375000,0.375000,0.661499,40.580197,1.000242,1.003725,,,1.002305,1.002178,1.002032,,,,,,"[0.2,0.4)",Q2
FB15k-237,tg_r2d3__pos_auto_ratio__ri_conf__dn_none__dl1_1e-5,47,/award/award_category/winners./award/award_honor/award_winner,5673,180,217,0.173772,0.188663,0.184138,0.010366,5.965252,0.014891,-0.004525,positive,dependency,True,True,0.206018,0.210268,0.210268,18856,32943,2,3,32943,18856,1150,10789,6915,2,0.060989,0.572179,0.366727,23559,9384,32943,1.747083,1.747083,0.826228,91.112715,0.906434,1.325399,,,1.017444,1.010697,1.010282,,,,,,"[0.0,0.2)",Q3
FB15k-237,tg_r2d3__pos_auto_ratio__ri_conf__dn_none__dl1_1e-5,48,/people/person/nationality,4197,406,494,0.515065,0.509807,0.509856,-0.005209,-1.011319,-0.005259,0.000050,negative,dependency,True,True,0.501357,0.503615,0.503615,9716,4210,2,3,4210,9716,2884,6081,746,5,0.296830,0.625875,0.076781,145,4065,4210,0.433306,0.433306,0.484935,93.111919,0.838570,1.496522,,,1.057964,0.973935,1.096294,,,,,,"[0.4,0.6)",Q2
FB15k-237,tg_r2d3__pos_auto_ratio__ri_conf__dn_none__dl1_1e-5,49,/sports/sports_team/roster./baseball/baseball_roster_position/position,183,7,3,0.644444,0.644444,0.644444,0.000000,0.000000,0.000000,0.000000,neutral,dependency,True,True,0.498512,0.567857,0.567857,586,1404,2,3,1404,586,27,450,109,0,0.046075,0.767918,0.186007,438,966,1404,2.395904,2.395904,0.355556,40.074874,0.794499,0.795567,,,1.017708,1.017629,1.017630,,,,,,"[0.6,1.0]",Q4
FB15k-237,tg_r2d3__pos_auto_ratio__ri_conf__dn_none__dl1_1e-5,50,/people/cause_of_death/people,737,64,94,0.173829,0.171901,0.171875,-0.001954,-1.124126,-0.001928,-0.000026,negative,dependency,True,True,0.176302,0.176911,0.176911,712,24,2,2,24,712,55,224,432,1,0.077247,0.314607,0.606742,23,1,24,0.033708,0.033708,0.826171,43.381745,1.084636,1.295682,,,1.007707,,1.004534,,,,,,"[0.0,0.2)",Q1
FB15k-237,tg_r2d3__pos_auto_ratio__ri_conf__dn_none__dl1_1e-5,51,/tv/tv_program/languages,254,29,24,0.631639,0.571246,0.594989,-0.036651,-5.802489,-0.060393,0.023742,negative,dependency,True,True,0.542192,0.547048,0.547048,510,1814,2,2,1814,510,249,198,62,1,0.488235,0.388235,0.121569,1020,794,1814,3.556863,3.556863,0.368361,41.638439,0.752378,0.963879,,,1.087165,,1.088592,,,,,,"[0.6,1.0]",Q4
FB15k-237,tg_r2d3__pos_auto_ratio__ri_conf__dn_none__dl1_1e-5,52,/music/genre/parent_genre,678,76,97,0.162703,0.204795,0.204795,0.042092,25.870126,0.042092,0.000000,positive,rule_only,True,False,0.217262,0.217262,0.217262,454,188,2,0,0,454,36,185,233,0,0.079295,0.407489,0.513216,158,30,188,0.414097,0.414097,0.837297,46.216332,1.316928,1.852802,,,1.000000,1.000000,1.000000,,,,,,"[0.0,0.2)",Q2
FB15k-237,tg_r2d3__pos_auto_ratio__ri_conf__dn_none__dl1_1e-5,53,/base/popstra/celebrity/breakup./base/popstra/breakup/participant,153,0,0,0.000000,0.000000,0.000000,0.000000,0.000000,0.000000,0.000000,neutral,rule_only,True,False,0.000000,0.000000,0.000000,39,9,2,0,0,39,19,9,11,0,0.487179,0.230769,0.282051,8,1,9,0.230769,0.230769,1.000000,41.423046,1.000000,1.000000,,,1.000000,1.000000,,,,,,,"[0.0,0.2)",Q2
FB15k-237,tg_r2d3__pos_auto_ratio__ri_conf__dn_none__dl1_1e-5,54,/location/country/capital,142,7,11,0.098048,0.097635,0.097635,-0.000413,-0.421449,-0.000413,0.000000,negative,rule_only,True,False,0.166755,0.166755,0.166755,27,18,1,0,0,27,27,0,0,0,1.000000,0.000000,0.000000,5,13,18,0.666667,0.666667,0.901952,39.524718,1.202799,,,,1.000000,,,,,,,,"[0.0,0.2)",Q2
FB15k-237,tg_r2d3__pos_auto_ratio__ri_conf__dn_none__dl1_1e-5,55,/film/special_film_performance_type/film_performance_type./film/performance/film,93,9,11,0.470106,0.450730,0.450730,-0.019377,-4.121737,-0.019377,0.000000,negative,rule_only,True,False,0.474011,0.474011,0.474011,265,74,2,0,0,265,44,143,78,0,0.166038,0.539623,0.294340,74,0,74,0.279245,0.279245,0.529894,38.471643,0.930419,1.009971,,,1.000000,,1.000000,,,,,,"[0.4,0.6)",Q2
FB15k-237,tg_r2d3__pos_auto_ratio__ri_conf__dn_none__dl1_1e-5,56,/location/hud_county_place/place,459,56,48,0.000137,0.000137,0.000137,0.000000,0.000000,0.000000,0.000000,neutral,rule_only,False,False,0.000137,,0.000137,971,0,2,0,0,971,695,208,66,2,0.715757,0.214212,0.067971,0,0,0,0.000000,0.000000,0.999863,38.137585,1.000000,1.000000,,,,,,,,,,,"[0.0,0.2)",Q1
FB15k-237,tg_r2d3__pos_auto_ratio__ri_conf__dn_none__dl1_1e-5,57,/music/performance_role/guest_performances./music/recording_contribution/performance_role,497,0,2,0.035442,0.035442,0.035442,0.000000,0.000000,0.000000,0.000000,neutral,rule_only,True,False,0.000000,0.000000,0.000000,15675,42284,2,0,0,15675,822,14066,787,0,0.052440,0.897352,0.050207,31350,10934,42284,2.697544,2.697544,0.964558,42.523220,1.000000,1.000000,,,1.000000,1.000000,1.000000,,,,,,"[0.0,0.2)",Q4
FB15k-237,tg_r2d3__pos_auto_ratio__ri_conf__dn_none__dl1_1e-5,58,/location/location/adjoin_s./location/adjoining_relationship/adjoins,2051,51,55,0.399967,0.399967,0.427246,0.027279,6.820201,0.000000,0.027279,positive,dependency,True,True,0.324398,0.353848,0.353848,5919,9103,2,3,9103,5919,1297,2520,2102,0,0.219125,0.425748,0.355128,9050,53,9103,1.537929,1.537929,0.600033,60.375751,1.039389,0.893954,,,1.152313,1.315494,1.162123,,,,,,"[0.2,0.4)",Q3
FB15k-237,tg_r2d3__pos_auto_ratio__ri_conf__dn_none__dl1_1e-5,59,/film/film_subject/films,603,46,77,0.202503,0.214907,0.215123,0.012620,6.231841,0.012404,0.000215,positive,dependency,True,True,0.205509,0.205684,0.205684,1185,44,2,2,44,1185,79,501,605,0,0.066667,0.422785,0.510549,44,0,44,0.037131,0.037131,0.797497,43.897024,1.429105,1.490425,,,0.996217,,1.003972,,,,,,"[0.2,0.4)",Q1
FB15k-237,tg_r2d3__pos_auto_ratio__ri_conf__dn_none__dl1_1e-5,60,/base/schemastaging/person_extra/net_worth./measurement_unit/dated_money_value/currency,475,48,60,0.497571,0.497349,0.497673,0.000102,0.020448,-0.000222,0.000324,neutral,dependency,True,True,0.515268,0.520943,0.520943,1393,4294,2,2,4294,1393,585,701,106,1,0.419957,0.503230,0.076095,2786,1508,4294,3.082556,3.082556,0.502429,40.395829,0.769726,0.778527,,,1.007205,,1.007201,,,,,,"[0.4,0.6)",Q4
FB15k-237,tg_r2d3__pos_auto_ratio__ri_conf__dn_none__dl1_1e-5,61,/education/educational_institution/colors,856,67,90,0.224034,0.221450,0.229320,0.005285,2.359235,-0.002584,0.007870,neutral,dependency,True,True,0.263715,0.266357,0.266357,1481,4237,2,3,4237,1481,105,886,487,3,0.070898,0.598244,0.328832,2322,1915,4237,2.860905,2.860905,0.775966,41.319568,0.812012,0.833356,,,1.004244,1.005433,1.003964,,,,,,"[0.2,0.4)",Q4
FB15k-237,tg_r2d3__pos_auto_ratio__ri_conf__dn_none__dl1_1e-5,62,/base/aareas/schema/administrative_area/administrative_parent,579,15,25,0.521899,0.521899,0.521899,0.000000,0.000000,0.000000,0.000000,neutral,rule_only,True,False,0.566851,0.566851,0.566851,1633,6532,2,0,0,1633,575,893,164,1,0.352113,0.546846,0.100429,3266,3266,6532,4.000000,4.000000,0.478101,42.716155,1.000000,1.000000,,,1.000000,1.000000,1.000000,,,,,,"[0.4,0.6)",Q4
FB15k-237,tg_r2d3__pos_auto_ratio__ri_conf__dn_none__dl1_1e-5,63,/organization/role/leaders./organization/leadership/organization,756,57,70,0.461535,0.457098,0.481907,0.020372,4.414060,-0.004437,0.024809,positive,dependency,True,True,0.450763,0.470274,0.470274,971,3884,2,3,3884,971,303,493,172,3,0.312049,0.507724,0.177137,1942,1942,3884,4.000000,4.000000,0.538465,45.048258,0.703763,1.119999,,,1.003478,0.996867,1.004248,,,,,,"[0.4,0.6)",Q4
FB15k-237,tg_r2d3__pos_auto_ratio__ri_conf__dn_none__dl1_1e-5,64,/government/legislative_session/members./government/government_position_held/legislative_sessions,814,11,13,0.391825,0.389535,0.389535,-0.002289,-0.584288,-0.002289,0.000000,negative,rule_only,True,False,0.323455,0.323455,0.323455,8311,17090,2,0,0,8311,36,7759,516,0,0.004332,0.933582,0.062086,468,16622,17090,2.056311,2.056311,0.608175,41.806319,0.844747,0.845472,,,1.000000,1.000000,1.000000,,,,,,"[0.2,0.4)",Q3
FB15k-237,tg_r2d3__pos_auto_ratio__ri_conf__dn_none__dl1_1e-5,65,/olympics/olympic_games/sports,664,8,13,0.263227,0.287729,0.415385,0.152158,57.804707,0.024502,0.127656,positive,dependency,True,True,0.316667,0.458677,0.458677,9650,21010,2,3,21010,9650,104,9057,489,0,0.010777,0.938549,0.050674,1710,19300,21010,2.177202,2.177202,0.736773,42.132102,0.557252,0.540209,,,0.997859,0.998865,0.998643,,,,,,"[0.2,0.4)",Q3
FB15k-237,tg_r2d3__pos_auto_ratio__ri_conf__dn_none__dl1_1e-5,66,/people/person/places_lived./people/place_lived/location,3738,232,305,0.129771,0.133139,0.133139,0.003368,2.595010,0.003368,0.000000,neutral,rule_only,True,False,0.142513,0.142513,0.142513,4519,1283,2,0,0,4519,977,1479,2059,4,0.216198,0.327285,0.455632,1081,202,1283,0.283912,0.283912,0.870229,63.390109,1.944714,2.057481,,,1.000000,1.000000,1.000000,,,,,,"[0.0,0.2)",Q2
FB15k-237,tg_r2d3__pos_auto_ratio__ri_conf__dn_none__dl1_1e-5,67,/award/award_category/disciplines_or_subjects,204,21,15,0.672263,0.629580,0.629580,-0.042682,-6.349056,-0.042682,0.000000,negative,rule_only,True,False,0.482275,0.482275,0.482275,223,227,2,0,0,223,25,159,39,0,0.112108,0.713004,0.174888,56,171,227,1.017937,1.017937,0.327737,42.069199,1.000000,1.000000,,,1.000000,1.000000,1.000000,,,,,,"[0.6,1.0]",Q3
FB15k-237,tg_r2d3__pos_auto_ratio__ri_conf__dn_none__dl1_1e-5,68,/sports/professional_sports_team/draft_picks./sports/sports_league_draft_pick/school,688,70,86,0.191026,0.191026,0.191026,0.000000,0.000000,0.000000,0.000000,neutral,rule_only,True,False,0.175038,0.175038,0.175038,3143,2576,2,0,0,3143,132,1769,1241,1,0.041998,0.562838,0.394846,1903,673,2576,0.819599,0.819599,0.808974,40.503605,1.000000,1.000000,,,1.000000,1.000000,1.000000,,,,,,"[0.0,0.2)",Q3
FB15k-237,tg_r2d3__pos_auto_ratio__ri_conf__dn_none__dl1_1e-5,69,/olympics/olympic_participating_country/medals_won./olympics/olympic_medal_honor/olympics,1153,53,63,0.376384,0.344434,0.344434,-0.031950,-8.488602,-0.031950,0.000000,negative,rule_only,True,False,0.337808,0.337808,0.337808,34850,95132,2,0,0,34850,466,31624,2760,0,0.013372,0.907432,0.079197,25432,69700,95132,2.729756,2.729756,0.623616,52.752014,0.596831,0.505576,,,1.000000,1.000000,1.000000,,,,,,"[0.2,0.4)",Q4
FB15k-237,tg_r2d3__pos_auto_ratio__ri_conf__dn_none__dl1_1e-5,70,/language/human_language/countries_spoken_in,335,19,25,0.306433,0.336929,0.380721,0.074288,24.242871,0.030495,0.043793,positive,dependency,True,True,0.405683,0.434221,0.434221,1883,7532,2,3,7532,1883,278,1114,491,0,0.147637,0.591609,0.260754,3766,3766,7532,4.000000,4.000000,0.693567,43.528832,0.874581,0.962238,,,1.044255,1.036128,1.043512,,,,,,"[0.2,0.4)",Q4
FB15k-237,tg_r2d3__pos_auto_ratio__ri_conf__dn_none__dl1_1e-5,71,/people/ethnicity/people,2063,169,251,0.316000,0.310412,0.311166,-0.004834,-1.529757,-0.005588,0.000754,negative,dependency,True,True,0.289482,0.290674,0.290674,3266,7613,2,3,7613,3266,340,1622,1300,4,0.104103,0.496632,0.398040,6532,1081,7613,2.330986,2.330986,0.684000,54.578992,1.037441,2.123908,,,0.987295,1.001361,0.986475,,,,,,"[0.2,0.4)",Q4
FB15k-237,tg_r2d3__pos_auto_ratio__ri_conf__dn_none__dl1_1e-5,72,/olympics/olympic_participating_country/athletes./olympics/olympic_athlete_affiliation/olympics,760,30,31,0.357720,0.362454,0.347837,-0.009883,-2.762831,0.004734,-0.014617,negative,dependency,True,True,0.436862,0.438717,0.438717,19349,59149,2,3,59149,19349,442,17085,1821,1,0.022844,0.882991,0.094113,20451,38698,59149,3.056954,3.056954,0.642280,51.949948,0.700177,0.664655,,,1.002452,1.002404,1.002395,,,,,,"[0.2,0.4)",Q4
FB15k-237,tg_r2d3__pos_auto_ratio__ri_conf__dn_none__dl1_1e-5,73,/olympics/olympic_participating_country/medals_won./olympics/olympic_medal_honor/medal,256,26,38,0.660760,0.665812,0.665812,0.005052,0.764502,0.005052,0.000000,neutral,rule_only,True,False,0.694980,0.694980,0.694980,2536,5737,2,0,0,2536,118,2239,179,0,0.046530,0.882886,0.070584,665,5072,5737,2.262224,2.262224,0.339240,40.800494,0.758806,0.756441,,,1.000000,1.000000,1.000000,,,,,,"[0.6,1.0]",Q4
FB15k-237,tg_r2d3__pos_auto_ratio__ri_conf__dn_none__dl1_1e-5,74,/film/film/other_crew./film/film_crew_gig/crewmember,384,37,26,0.149019,0.157161,0.157161,0.008142,5.463768,0.008142,0.000000,positive,rule_only,True,False,0.179950,0.179950,0.179950,1231,83,2,0,0,1231,132,510,589,0,0.107230,0.414297,0.478473,82,1,83,0.067425,0.067425,0.850981,40.692866,1.116777,1.503682,,,1.000000,,1.000000,,,,,,"[0.0,0.2)",Q1
FB15k-237,tg_r2d3__pos_auto_ratio__ri_conf__dn_none__dl1_1e-5,75,/music/performance_role/track_performances./music/track_contribution/role,3795,39,53,0.223067,0.220930,0.220930,-0.002137,-0.958114,-0.002137,0.000000,negative,rule_only,True,False,0.143297,0.143297,0.143297,114060,234164,2,0,0,114060,1073,109841,3146,0,0.009407,0.963011,0.027582,6044,228120,234164,2.052990,2.052990,0.776933,76.077439,0.516140,0.325940,,,1.000000,1.000000,1.000000,,,,,,"[0.2,0.4)",Q3
FB15k-237,tg_r2d3__pos_auto_ratio__ri_conf__dn_none__dl1_1e-5,76,/music/record_label/artist,2226,252,266,0.156877,0.165831,0.165831,0.008953,5.707249,0.008953,0.000000,positive,rule_only,True,False,0.188573,0.188573,0.188573,4849,2513,2,0,0,4849,228,2800,1819,2,0.047020,0.577439,0.375129,2066,447,2513,0.518251,0.518251,0.843123,49.700606,0.985891,1.140554,,,1.000000,1.000000,1.000000,,,,,,"[0.0,0.2)",Q2
FB15k-237,tg_r2d3__pos_auto_ratio__ri_conf__dn_none__dl1_1e-5,77,/base/popstra/celebrity/dated./base/popstra/dated/participant,1404,17,11,0.013772,0.014536,0.012752,-0.001020,-7.403049,0.000764,-0.001784,negative,dependency,True,True,0.028017,0.028962,0.028962,1603,38,2,3,38,1603,352,279,972,0,0.219588,0.174049,0.606363,31,7,38,0.023706,0.023706,0.986228,51.788353,2.089648,2.220607,,,1.210290,1.035635,1.114485,,,,,,"[0.0,0.2)",Q1
FB15k-237,tg_r2d3__pos_auto_ratio__ri_conf__dn_none__dl1_1e-5,78,/base/locations/continents/countries_within,125,4,5,0.819608,0.852326,0.513935,-0.305672,-37.294955,0.032718,-0.338390,negative,dependency,True,True,0.331302,0.405807,0.405807,1187,4748,2,3,4748,1187,156,875,156,0,0.131424,0.737152,0.131424,2374,2374,4748,4.000000,4.000000,0.180392,43.774850,0.744570,0.800786,,,1.121569,1.091666,1.115467,,,,,,"[0.6,1.0]",Q4
FB15k-237,tg_r2d3__pos_auto_ratio__ri_conf__dn_none__dl1_1e-5,79,/sports/sports_league_draft/picks./sports/sports_league_draft_pick/school,269,26,42,0.217798,0.215807,0.214691,-0.003107,-1.426550,-0.001991,-0.001116,negative,dependency,True,True,0.248867,0.248972,0.248972,1168,552,2,3,552,1168,68,653,447,0,0.058219,0.559075,0.382705,550,2,552,0.472603,0.472603,0.782202,40.641092,0.867401,0.869784,,,0.999256,1.000744,1.000744,,,,,,"[0.2,0.4)",Q2
FB15k-237,tg_r2d3__pos_auto_ratio__ri_conf__dn_none__dl1_1e-5,80,/sports/sports_team/sport,423,47,53,0.693506,0.720852,0.727539,0.034033,4.907439,0.027346,0.006687,positive,dependency,True,True,0.694712,0.694737,0.694737,405,1383,2,2,1383,405,77,275,52,1,0.190123,0.679012,0.128395,730,653,1383,3.414815,3.414815,0.306494,42.176336,0.697986,0.735163,,,1.004784,,1.006256,,,,,,"[0.6,1.0]",Q4
FB15k-237,tg_r2d3__pos_auto_ratio__ri_conf__dn_none__dl1_1e-5,81,/education/educational_institution_campus/educational_institution,526,13,13,0.000137,0.000137,0.000137,0.000000,0.000000,0.000000,0.000000,neutral,rule_only,False,False,0.000137,,0.000137,1571,0,2,0,0,1571,907,586,76,2,0.577339,0.373011,0.048377,0,0,0,0.000000,0.000000,0.999863,39.726117,1.000000,1.000000,,,,,,,,,,,"[0.0,0.2)",Q1
FB15k-237,tg_r2d3__pos_auto_ratio__ri_conf__dn_none__dl1_1e-5,82,/people/person/religion,1085,125,127,0.316297,0.320026,0.317369,0.001073,0.339093,0.003729,-0.002657,neutral,dependency,True,True,0.318890,0.322538,0.322538,1565,2835,2,3,2835,1565,245,724,593,3,0.156550,0.462620,0.378914,2775,60,2835,1.811502,1.811502,0.683703,46.054558,0.979529,1.580337,,,1.006909,0.995961,1.011046,,,,,,"[0.2,0.4)",Q3
FB15k-237,tg_r2d3__pos_auto_ratio__ri_conf__dn_none__dl1_1e-5,83,/organization/organization/headquarters./location/mailing_address/citytown,852,44,55,0.227846,0.246132,0.250716,0.022871,10.037707,0.018286,0.004584,positive,dependency,True,True,0.330527,0.333109,0.333109,737,308,2,3,308,737,286,190,261,0,0.388060,0.257802,0.354138,255,53,308,0.417910,0.417910,0.772154,44.797463,1.898551,1.579500,,,1.048331,1.006322,1.045293,,,,,,"[0.2,0.4)",Q2
FB15k-237,tg_r2d3__pos_auto_ratio__ri_conf__dn_none__dl1_1e-5,84,/film/film/produced_by,1285,54,60,0.387985,0.381660,0.382749,-0.005236,-1.349515,-0.006325,0.001089,negative,dependency,True,True,0.400290,0.401998,0.401998,2937,6035,2,3,6035,2937,738,930,1269,0,0.251277,0.316650,0.432074,5874,161,6035,2.054818,2.054818,0.612015,52.082507,1.799874,2.387757,,,1.012335,1.005773,1.003163,,,,,,"[0.2,0.4)",Q3
FB15k-237,tg_r2d3__pos_auto_ratio__ri_conf__dn_none__dl1_1e-5,85,/people/person/spouse_s./people/marriage/type_of_union,2909,302,346,0.491234,0.490060,0.490060,-0.001174,-0.238964,-0.001174,0.000000,negative,rule_only,True,False,0.495777,0.495777,0.495777,5859,2547,2,0,0,5859,908,4758,191,2,0.154975,0.812084,0.032599,238,2309,2547,0.434716,0.434716,0.508766,50.006103,0.549183,0.810135,,,1.000000,,1.000000,,,,,,"[0.4,0.6)",Q2
FB15k-237,tg_r2d3__pos_auto_ratio__ri_conf__dn_none__dl1_1e-5,86,/film/film/production_companies,1568,82,84,0.394222,0.395687,0.390648,-0.003574,-0.906667,0.001465,-0.005040,negative,dependency,True,True,0.449995,0.454992,0.454992,4321,9330,2,3,9330,4321,585,2462,1271,3,0.135385,0.569776,0.294145,8642,688,9330,2.159222,2.159222,0.605778,55.409028,1.227154,1.672349,,,1.108730,1.101050,1.123582,,,,,,"[0.2,0.4)",Q3
FB15k-237,tg_r2d3__pos_auto_ratio__ri_conf__dn_none__dl1_1e-5,87,/location/country/second_level_divisions,463,32,46,0.646846,0.647083,0.705363,0.058517,9.046516,0.000237,0.058280,positive,dependency,True,True,0.672796,0.710578,0.710578,725,2705,2,3,2705,725,562,90,72,1,0.775172,0.124138,0.099310,1450,1255,2705,3.731034,3.731034,0.353154,44.793807,0.747458,1.822720,,,0.999872,1.008200,0.997875,,,,,,"[0.6,1.0]",Q4
FB15k-237,tg_r2d3__pos_auto_ratio__ri_conf__dn_none__dl1_1e-5,88,/base/culturalevent/event/entity_involved,276,20,20,0.108017,0.103983,0.104494,-0.003523,-3.261387,-0.004034,0.000511,negative,dependency,True,True,0.214695,0.221757,0.221757,237,234,2,3,234,237,103,51,83,0,0.434599,0.215190,0.350211,234,0,234,0.987342,0.987342,0.891983,40.566206,1.267471,1.482263,,,1.022589,1.020857,1.023497,,,,,,"[0.0,0.2)",Q3
FB15k-237,tg_r2d3__pos_auto_ratio__ri_conf__dn_none__dl1_1e-5,89,/education/educational_degree/people_with_this_degree./education/education/institution,2257,244,287,0.406914,0.409410,0.409410,0.002496,0.613395,0.002496,0.000000,neutral,rule_only,True,False,0.381431,0.381431,0.381431,13213,35969,2,0,0,13213,195,11791,1219,8,0.014758,0.892379,0.092258,20660,15309,35969,2.722243,2.722243,0.593086,49.068566,0.657462,0.626625,,,1.000000,1.000000,1.000000,,,,,,"[0.4,0.6)",Q4
FB15k-237,tg_r2d3__pos_auto_ratio__ri_conf__dn_none__dl1_1e-5,90,/film/film/distributors./film/film_film_distributor_relationship/film_distribution_medium,285,21,38,0.550902,0.548161,0.548161,-0.002741,-0.497592,-0.002741,0.000000,negative,rule_only,True,False,0.576217,0.576217,0.576217,894,2178,2,0,0,894,156,578,159,1,0.174497,0.646532,0.177852,1788,390,2178,2.436242,2.436242,0.449098,40.103170,0.791722,0.810256,,,1.000000,1.000000,1.000000,,,,,,"[0.4,0.6)",Q4
FB15k-237,tg_r2d3__pos_auto_ratio__ri_conf__dn_none__dl1_1e-5,91,/tv/tv_program/tv_producer./tv/tv_producer_term/producer_type,121,15,11,0.684264,0.676744,0.676688,-0.007576,-1.107137,-0.007520,-0.000056,negative,dependency,True,True,0.627648,0.639015,0.639015,228,799,2,2,799,228,85,125,17,1,0.372807,0.548246,0.074561,456,343,799,3.504386,3.504386,0.315736,38.673272,0.839531,0.839773,,,1.003346,,1.003346,,,,,,"[0.6,1.0]",Q4
FB15k-237,tg_r2d3__pos_auto_ratio__ri_conf__dn_none__dl1_1e-5,92,/music/performance_role/regular_performances./music/group_membership/group,1327,105,167,0.431384,0.434878,0.434878,0.003494,0.809912,0.003494,0.000000,neutral,rule_only,True,False,0.450133,0.450133,0.450133,29112,64462,2,0,0,29112,380,26815,1912,5,0.013053,0.921098,0.065677,58224,6238,64462,2.214276,2.214276,0.568616,51.496412,0.771248,0.768873,,,1.000000,1.000000,1.000000,,,,,,"[0.4,0.6)",Q3
FB15k-237,tg_r2d3__pos_auto_ratio__ri_conf__dn_none__dl1_1e-5,93,/government/politician/government_positions_held./government/government_position_held/legislative_sessions,215,18,30,0.734527,0.741730,0.806163,0.071635,9.752574,0.007202,0.064433,positive,dependency,True,True,0.851080,0.895833,0.895833,1832,5759,2,3,5759,1832,38,1566,228,0,0.020742,0.854803,0.124454,2095,3664,5759,3.143559,3.143559,0.265473,41.163430,0.727841,0.648319,,,1.009056,1.009751,1.009254,,,,,,"[0.6,1.0]",Q4
FB15k-237,tg_r2d3__pos_auto_ratio__ri_conf__dn_none__dl1_1e-5,94,/sports/sports_team_location/teams,331,35,53,0.060412,0.060640,0.060640,0.000229,0.378350,0.000229,0.000000,neutral,rule_only,False,False,0.095853,,0.095853,15,0,2,0,0,15,13,0,2,0,0.866667,0.000000,0.133333,0,0,0,0.000000,0.000000,0.939588,40.223947,1.339565,1.271635,,,,,,,,,,,"[0.0,0.2)",Q1
FB15k-237,tg_r2d3__pos_auto_ratio__ri_conf__dn_none__dl1_1e-5,95,/sports/sports_team/colors,689,67,77,0.308285,0.308799,0.308799,0.000513,0.166515,0.000513,0.000000,neutral,rule_only,True,False,0.325044,0.325044,0.325044,869,2926,2,0,0,869,63,644,160,2,0.072497,0.741082,0.184120,1343,1583,2926,3.367089,3.367089,0.691715,41.437865,0.746066,0.776863,,,1.000000,1.000000,1.000000,,,,,,"[0.2,0.4)",Q4
FB15k-237,tg_r2d3__pos_auto_ratio__ri_conf__dn_none__dl1_1e-5,96,/sports/professional_sports_team/draft_picks./sports/sports_league_draft_pick/draft,437,48,43,0.619394,0.619394,0.612805,-0.006589,-1.063813,0.000000,-0.006589,negative,dependency,True,True,0.700372,0.706721,0.706721,1839,6305,2,3,6305,1839,51,1481,307,0,0.027732,0.805329,0.166939,3678,2627,6305,3.428494,3.428494,0.380606,41.512729,0.758086,0.758114,,,1.005231,1.005231,1.005231,,,,,,"[0.6,1.0]",Q4
FB15k-237,tg_r2d3__pos_auto_ratio__ri_conf__dn_none__dl1_1e-5,97,/award/award_nominated_work/award_nominations./award/award_nomination/nominated_for,717,12,16,0.588541,0.577975,0.577975,-0.010566,-1.795246,-0.010566,0.000000,negative,dependency,True,True,0.527571,0.527577,0.527577,4795,19180,2,3,19180,4795,896,2511,1388,0,0.186861,0.523670,0.289468,9590,9590,19180,4.000000,4.000000,0.411459,43.717098,0.720163,0.667110,,,1.005021,1.003585,1.005349,,,,,,"[0.4,0.6)",Q4
FB15k-237,tg_r2d3__pos_auto_ratio__ri_conf__dn_none__dl1_1e-5,98,/baseball/baseball_team/team_stats./baseball/baseball_team_stats/season,233,27,27,0.844691,0.869444,0.869224,0.024533,2.904329,0.024753,-0.000220,neutral,dependency,True,True,0.978395,0.981481,0.981481,1334,2629,2,3,2629,1334,11,1168,155,0,0.008246,0.875562,0.116192,588,2041,2629,1.970765,1.970765,0.155309,40.155942,0.732825,0.734612,,,1.000744,1.000744,1.000744,,,,,,"[0.6,1.0]",Q3
FB15k-237,tg_r2d3__pos_auto_ratio__ri_conf__dn_none__dl1_1e-5,99,/user/alexander/philosophy/philosopher/interests,100,14,9,0.254114,0.252780,0.252780,-0.001333,-0.524761,-0.001333,0.000000,negative,rule_only,True,False,0.278058,0.278058,0.278058,165,118,2,0,0,165,26,60,79,0,0.157576,0.363636,0.478788,114,4,118,0.715152,0.715152,0.745886,38.634175,1.000000,1.000000,,,1.000000,1.000000,1.000000,,,,,,"[0.2,0.4)",Q2
FB15k-237,tg_r2d3__pos_auto_ratio__ri_conf__dn_none__dl1_1e-5,100,/people/person/languages,783,98,98,0.427993,0.427666,0.427666,-0.000327,-0.076339,-0.000327,0.000000,negative,rule_only,True,False,0.420209,0.420209,0.420209,1692,3708,2,0,0,1692,543,846,302,1,0.320922,0.500000,0.178487,3384,324,3708,2.191489,2.191489,0.572007,45.330565,1.070035,1.862228,,,1.000000,1.000000,1.000000,,,,,,"[0.4,0.6)",Q3
FB15k-237,tg_r2d3__pos_auto_ratio__ri_conf__dn_none__dl1_1e-5,101,/education/educational_institution/students_graduates./education/education/major_field_of_study,2622,276,321,0.236662,0.226048,0.229999,-0.006663,-2.815412,-0.010614,0.003951,negative,dependency,True,True,0.224207,0.226636,0.226636,12081,27518,2,3,27518,12081,313,9094,2669,5,0.025908,0.752752,0.220925,24162,3356,27518,2.277792,2.277792,0.763338,57.474824,0.797818,0.777740,,,0.996324,0.996877,0.997340,,,,,,"[0.2,0.4)",Q4
FB15k-237,tg_r2d3__pos_auto_ratio__ri_conf__dn_none__dl1_1e-5,102,/film/director/film,859,8,19,0.349018,0.349018,0.324691,-0.024327,-6.970123,0.000000,-0.024327,negative,dependency,True,True,0.312793,0.320404,0.320404,1788,3750,2,3,3750,1788,530,500,758,0,0.296421,0.279642,0.423937,3576,174,3750,2.097315,2.097315,0.650982,45.399999,1.039892,1.025332,,,1.082903,1.042511,1.075084,,,,,,"[0.2,0.4)",Q3
FB15k-237,tg_r2d3__pos_auto_ratio__ri_conf__dn_none__dl1_1e-5,103,/award/award_ceremony/awards_presented./award/award_honor/honored_for,909,114,121,0.382738,0.391017,0.413175,0.030437,7.952335,0.008279,0.022158,positive,dependency,True,True,0.391129,0.413560,0.413560,2200,1367,2,3,1367,2200,196,745,1259,0,0.089091,0.338636,0.572273,1347,20,1367,0.621364,0.621364,0.617262,46.674112,1.122839,1.294341,,,1.114133,1.074002,1.071051,,,,,,"[0.2,0.4)",Q2
FB15k-237,tg_r2d3__pos_auto_ratio__ri_conf__dn_none__dl1_1e-5,104,/olympics/olympic_sport/athletes./olympics/olympic_athlete_affiliation/olympics,381,8,8,0.846429,0.840104,0.840104,-0.006324,-0.747188,-0.006324,0.000000,negative,rule_only,True,False,0.822917,0.822917,0.822917,5352,12634,2,0,0,5352,105,4877,370,0,0.019619,0.911248,0.069133,1930,10704,12634,2.360613,2.360613,0.153571,40.188178,0.645173,0.608633,,,1.000000,1.000000,1.000000,,,,,,"[0.6,1.0]",Q4
FB15k-237,tg_r2d3__pos_auto_ratio__ri_conf__dn_none__dl1_1e-5,105,/film/film/costume_design_by,192,14,13,0.363245,0.354764,0.354711,-0.008534,-2.349381,-0.008481,-0.000053,negative,dependency,True,True,0.311230,0.312860,0.312860,518,130,2,2,130,518,81,204,233,0,0.156371,0.393822,0.449807,126,4,130,0.250965,0.250965,0.636755,39.900534,1.120941,1.460913,,,1.021058,,1.037372,,,,,,"[0.2,0.4)",Q2
FB15k-237,tg_r2d3__pos_auto_ratio__ri_conf__dn_none__dl1_1e-5,106,/film/film/featured_film_locations,977,108,100,0.147719,0.157304,0.161958,0.014239,9.639188,0.009584,0.004655,positive,dependency,True,True,0.222817,0.230732,0.230732,2094,1763,2,2,1763,2094,344,972,777,1,0.164279,0.464183,0.371060,693,1070,1763,0.841929,0.841929,0.852281,49.967085,1.490377,1.987595,,,1.174826,,1.216845,,,,,,"[0.0,0.2)",Q3
FB15k-237,tg_r2d3__pos_auto_ratio__ri_conf__dn_none__dl1_1e-5,107,/tv/tv_program/genre,1006,83,94,0.501085,0.479328,0.479328,-0.021757,-4.341959,-0.021757,0.000000,negative,rule_only,True,False,0.523630,0.523630,0.523630,1586,4277,2,0,0,1586,186,798,601,1,0.117276,0.503153,0.378941,3172,1105,4277,2.696721,2.696721,0.498915,44.950773,0.756939,1.305710,,,1.000000,1.000000,1.000000,,,,,,"[0.4,0.6)",Q4
FB15k-237,tg_r2d3__pos_auto_ratio__ri_conf__dn_none__dl1_1e-5,108,/organization/endowed_organization/endowment./measurement_unit/dated_money_value/currency,456,1,3,0.422665,0.422665,0.422665,0.000000,0.000000,0.000000,0.000000,neutral,rule_only,True,False,0.266667,0.266667,0.266667,910,3596,2,0,0,910,462,361,86,1,0.507692,0.396703,0.094505,1820,1776,3596,3.951648,3.951648,0.577335,39.201569,0.785282,0.785903,,,1.000000,1.000000,1.000000,,,,,,"[0.4,0.6)",Q4
FB15k-237,tg_r2d3__pos_auto_ratio__ri_conf__dn_none__dl1_1e-5,109,/film/film/written_by,787,10,26,0.123972,0.123972,0.123972,0.000000,0.000000,0.000000,0.000000,neutral,rule_only,True,False,0.284452,0.284452,0.284452,1431,2888,2,0,0,1431,612,290,529,0,0.427673,0.202655,0.369672,2862,26,2888,2.018169,2.018169,0.876028,44.709384,1.000000,1.000000,,,1.000000,1.000000,1.000000,,,,,,"[0.0,0.2)",Q3
FB15k-237,tg_r2d3__pos_auto_ratio__ri_conf__dn_none__dl1_1e-5,110,/tv/tv_producer/programs_produced./tv/tv_producer_term/producer_type,225,19,22,0.527192,0.531054,0.527444,0.000252,0.047836,0.003862,-0.003610,neutral,dependency,True,True,0.596092,0.596946,0.596946,516,1986,2,2,1986,516,143,306,66,1,0.277132,0.593023,0.127907,1032,954,1986,3.848837,3.848837,0.472808,40.226398,0.727370,0.734816,,,1.000744,,1.000744,,,,,,"[0.4,0.6)",Q4
FB15k-237,tg_r2d3__pos_auto_ratio__ri_conf__dn_none__dl1_1e-5,111,/location/hud_county_place/county,305,1,7,0.281559,0.281559,0.284964,0.003406,1.209537,0.000000,0.003406,neutral,dependency,True,True,0.101190,0.101515,0.101515,316,23,2,2,23,316,159,74,83,0,0.503165,0.234177,0.262658,15,8,23,0.072785,0.072785,0.718441,40.417927,1.013069,1.010687,,,1.009826,,1.009447,,,,,,"[0.2,0.4)",Q1
FB15k-237,tg_r2d3__pos_auto_ratio__ri_conf__dn_none__dl1_1e-5,112,/education/educational_degree/people_with_this_degree./education/education/major_field_of_study,494,61,63,0.398266,0.456019,0.443545,0.045279,11.369026,0.057753,-0.012474,positive,dependency,True,True,0.481418,0.481577,0.481577,4773,4003,2,3,4003,4773,60,4421,292,0,0.012571,0.926252,0.061177,1139,2864,4003,0.838676,0.838676,0.601734,42.013395,0.612674,0.605893,,,1.000744,1.000744,1.000744,,,,,,"[0.2,0.4)",Q3
FB15k-237,tg_r2d3__pos_auto_ratio__ri_conf__dn_none__dl1_1e-5,113,/base/schemastaging/organization_extra/phone_number./base/schemastaging/phone_sandbox/contact_category,142,17,20,0.584199,0.584199,0.584199,0.000000,0.000000,0.000000,0.000000,neutral,rule_only,True,False,0.572375,0.572375,0.572375,210,529,2,0,0,210,46,98,66,0,0.219048,0.466667,0.314286,420,109,529,2.519048,2.519048,0.415801,39.308523,1.000000,1.000000,,,1.000000,1.000000,1.000000,,,,,,"[0.4,0.6)",Q4
FB15k-237,tg_r2d3__pos_auto_ratio__ri_conf__dn_none__dl1_1e-5,114,/base/saturdaynightlive/snl_cast_member/seasons./base/saturdaynightlive/snl_season_tenure/cast_members,100,1,3,0.464286,0.464286,0.464286,0.000000,0.000000,0.000000,0.000000,neutral,rule_only,True,False,1.000000,1.000000,1.000000,1045,4180,2,0,0,1045,202,568,275,0,0.193301,0.543541,0.263158,2090,2090,4180,4.000000,4.000000,0.535714,39.043687,1.000000,1.000000,,,1.000000,1.000000,1.000000,,,,,,"[0.4,0.6)",Q4
FB15k-237,tg_r2d3__pos_auto_ratio__ri_conf__dn_none__dl1_1e-5,115,/film/film/film_format,345,37,39,0.459446,0.489527,0.503461,0.044016,9.580191,0.030082,0.013934,positive,dependency,True,True,0.480233,0.521694,0.521694,853,3141,2,2,3141,853,82,651,118,2,0.096131,0.763189,0.138335,1435,1706,3141,3.682298,3.682298,0.540554,41.158278,0.797810,0.848267,,,1.024805,,1.024818,,,,,,"[0.4,0.6)",Q4
FB15k-237,tg_r2d3__pos_auto_ratio__ri_conf__dn_none__dl1_1e-5,116,/film/film/music,1039,65,92,0.186182,0.205151,0.214420,0.028238,15.167012,0.018969,0.009269,positive,dependency,True,True,0.291479,0.297937,0.297937,2463,1964,2,3,1964,2463,267,1099,1097,0,0.108404,0.446204,0.445392,1953,11,1964,0.797402,0.797402,0.813818,52.300608,1.922507,2.446503,,,1.416487,1.138328,1.383832,,,,,,"[0.0,0.2)",Q2
FB15k-237,tg_r2d3__pos_auto_ratio__ri_conf__dn_none__dl1_1e-5,117,/sports/sports_team/roster./american_football/football_roster_position/position,607,0,3,0.212054,0.212054,0.212054,0.000000,0.000000,0.000000,0.000000,neutral,rule_only,True,False,0.000000,0.000000,0.000000,15718,32450,2,0,0,15718,238,14848,632,0,0.015142,0.944649,0.040209,1014,31436,32450,2.064512,2.064512,0.787946,41.848443,1.000000,1.000000,,,1.000000,1.000000,1.000000,,,,,,"[0.2,0.4)",Q3
FB15k-237,tg_r2d3__pos_auto_ratio__ri_conf__dn_none__dl1_1e-5,118,/user/tsegaran/random/taxonomy_subject/entry./user/tsegaran/random/taxonomy_entry/taxonomy,411,32,50,0.470965,0.470846,0.470927,-0.000038,-0.008080,-0.000119,0.000081,negative,dependency,True,True,0.476485,0.476565,0.476565,1461,4924,2,2,4924,1461,297,1053,110,1,0.203285,0.720739,0.075291,2002,2922,4924,3.370294,3.370294,0.529035,39.540822,0.871745,0.871648,,,1.008171,,1.008171,,,,,,"[0.4,0.6)",Q4
FB15k-237,tg_r2d3__pos_auto_ratio__ri_conf__dn_none__dl1_1e-5,119,/celebrities/celebrity/celebrity_friends./celebrities/friendship/friend,250,1,1,0.061438,0.061438,0.061438,0.000000,0.000000,0.000000,0.000000,neutral,rule_only,True,False,0.100068,0.100068,0.100068,414,47,2,0,0,414,203,41,170,0,0.490338,0.099034,0.410628,47,0,47,0.113527,0.113527,0.938562,39.639669,1.000000,1.000000,,,1.000000,1.000000,1.000000,,,,,,"[0.0,0.2)",Q1
FB15k-237,tg_r2d3__pos_auto_ratio__ri_conf__dn_none__dl1_1e-5,120,/location/hud_foreclosure_area/estimated_number_of_mortgages./measurement_unit/dated_integer/source,788,94,84,0.754341,0.749903,0.793447,0.039107,5.184201,-0.004438,0.043545,positive,dependency,True,True,0.655402,0.717115,0.717115,317,811,2,2,811,317,127,147,42,1,0.400631,0.463722,0.132492,177,634,811,2.558360,2.558360,0.245659,45.936885,0.723030,0.977462,,,1.099489,,1.098730,,,,,,"[0.6,1.0]",Q4
FB15k-237,tg_r2d3__pos_auto_ratio__ri_conf__dn_none__dl1_1e-5,121,/base/x2010fifaworldcupsouthafrica/world_cup_squad/current_world_cup_squad./base/x2010fifaworldcupsouthafrica/current_world_cup_squad/current_club,246,29,29,0.121554,0.117665,0.116271,-0.005283,-4.345824,-0.003889,-0.001393,negative,dependency,True,True,0.145466,0.145789,0.145789,581,2,2,1,2,581,29,345,207,0,0.049914,0.593804,0.356282,2,0,2,0.003442,0.003442,0.878446,39.920821,1.035211,1.544004,,,1.007102,,,,,,,,"[0.0,0.2)",Q1
FB15k-237,tg_r2d3__pos_auto_ratio__ri_conf__dn_none__dl1_1e-5,122,/base/popstra/location/vacationers./base/popstra/vacation_choice/vacationer,349,46,31,0.124488,0.130642,0.130642,0.006153,4.942850,0.006153,0.000000,positive,rule_only,True,False,0.138955,0.138955,0.138955,565,54,2,0,0,565,77,95,393,0,0.136283,0.168142,0.695575,53,1,54,0.095575,0.095575,0.875512,41.454051,1.266235,1.419320,,,1.000000,,1.000000,,,,,,"[0.0,0.2)",Q1
FB15k-237,tg_r2d3__pos_auto_ratio__ri_conf__dn_none__dl1_1e-5,123,/base/popstra/celebrity/canoodled./base/popstra/canoodled/participant,449,3,1,0.006604,0.006604,0.006604,0.000000,0.000000,0.000000,0.000000,neutral,rule_only,True,False,0.000137,0.000137,0.000137,442,8,2,0,0,442,91,86,265,0,0.205882,0.194570,0.599548,4,4,8,0.018100,0.018100,0.993396,39.900634,1.000000,1.000000,,,1.000000,1.000000,1.000000,,,,,,"[0.0,0.2)",Q1
FB15k-237,tg_r2d3__pos_auto_ratio__ri_conf__dn_none__dl1_1e-5,124,/education/educational_institution/school_type,728,75,80,0.351355,0.350565,0.384748,0.033393,9.504133,-0.000789,0.034183,positive,dependency,True,True,0.302735,0.329778,0.329778,1034,4136,2,3,4136,1034,112,655,264,3,0.108317,0.633462,0.255319,2068,2068,4136,4.000000,4.000000,0.648645,43.128114,0.725276,0.926017,,,1.038385,1.038714,1.041063,,,,,,"[0.2,0.4)",Q4
FB15k-237,tg_r2d3__pos_auto_ratio__ri_conf__dn_none__dl1_1e-5,125,/sports/sport/pro_athletes./sports/pro_sports_played/athlete,128,19,17,0.640565,0.645240,0.645156,0.004592,0.716814,0.004675,-0.000083,neutral,dependency,True,True,0.771316,0.773177,0.773177,105,23,2,2,23,105,22,38,45,0,0.209524,0.361905,0.428571,5,18,23,0.219048,0.219048,0.359435,39.186259,1.258133,1.276220,,,1.007539,,1.012253,,,,,,"[0.6,1.0]",Q2
FB15k-237,tg_r2d3__pos_auto_ratio__ri_conf__dn_none__dl1_1e-5,126,/award/hall_of_fame/inductees./award/hall_of_fame_induction/inductee,154,10,27,0.434100,0.443535,0.443535,0.009435,2.173532,0.009435,0.000000,neutral,rule_only,True,False,0.455944,0.455944,0.455944,387,797,2,0,0,387,56,218,113,0,0.144703,0.563307,0.291990,774,23,797,2.059432,2.059432,0.565900,38.863058,0.923297,0.929111,,,1.000000,,1.000000,,,,,,"[0.4,0.6)",Q3
FB15k-237,tg_r2d3__pos_auto_ratio__ri_conf__dn_none__dl1_1e-5,127,/base/biblioness/bibs_location/state,300,7,7,0.617691,0.617691,0.617801,0.000110,0.017787,0.000000,0.000110,neutral,dependency,True,True,0.399622,0.399651,0.399651,460,381,2,3,381,460,244,91,125,0,0.530435,0.197826,0.271739,368,13,381,0.828261,0.828261,0.382309,40.383188,0.992859,1.008039,,,1.007859,1.007128,1.008045,,,,,,"[0.6,1.0]",Q3
FB15k-237,tg_r2d3__pos_auto_ratio__ri_conf__dn_none__dl1_1e-5,128,/education/university/local_tuition./measurement_unit/dated_money_value/currency,360,0,1,0.500068,0.500068,0.500068,0.000000,0.000000,0.000000,0.000000,neutral,rule_only,True,False,0.000000,0.000000,0.000000,781,3124,2,0,0,781,432,279,69,1,0.553137,0.357234,0.088348,1562,1562,3124,4.000000,4.000000,0.499932,38.762384,1.000000,1.000000,,,1.000000,1.000000,1.000000,,,,,,"[0.4,0.6)",Q4
FB15k-237,tg_r2d3__pos_auto_ratio__ri_conf__dn_none__dl1_1e-5,129,/business/business_operation/revenue./measurement_unit/dated_money_value/currency,215,3,1,0.510989,0.510989,0.510989,0.000000,0.000000,0.000000,0.000000,neutral,rule_only,True,False,0.391759,0.391759,0.391759,542,2168,2,0,0,542,374,128,39,1,0.690037,0.236162,0.071956,1084,1084,2168,4.000000,4.000000,0.489011,38.188569,1.000000,1.000000,,,1.000000,1.000000,1.000000,,,,,,"[0.4,0.6)",Q4
FB15k-237,tg_r2d3__pos_auto_ratio__ri_conf__dn_none__dl1_1e-5,130,/sports/sports_position/players./sports/sports_team_roster/team,3500,29,22,0.379659,0.372739,0.367641,-0.012018,-3.165356,-0.006920,-0.005098,negative,dependency,True,True,0.384656,0.411470,0.411470,19359,39691,2,3,39691,19359,398,17930,1027,4,0.020559,0.926184,0.053050,973,38718,39691,2.050261,2.050261,0.620341,52.929830,0.565033,0.618220,,,1.142799,1.122111,1.121454,,,,,,"[0.2,0.4)",Q3
FB15k-237,tg_r2d3__pos_auto_ratio__ri_conf__dn_none__dl1_1e-5,131,/military/military_conflict/combatants./military/military_combatant_group/combatants,424,32,34,0.342125,0.335739,0.335739,-0.006386,-1.866499,-0.006386,0.000000,negative,rule_only,True,False,0.405863,0.405863,0.405863,3558,8805,2,0,0,3558,190,2668,700,0,0.053401,0.749859,0.196740,7116,1689,8805,2.474705,2.474705,0.657875,42.167962,0.845581,0.788042,,,1.000000,1.000000,1.000000,,,,,,"[0.2,0.4)",Q4
FB15k-237,tg_r2d3__pos_auto_ratio__ri_conf__dn_none__dl1_1e-5,132,/sports/sports_league/teams./sports/sports_league_participation/team,161,14,16,0.603390,0.601108,0.601108,-0.002281,-0.378062,-0.002281,0.000000,negative,rule_only,True,False,0.515081,0.515081,0.515081,281,990,2,0,0,281,42,182,57,0,0.149466,0.647687,0.202847,562,428,990,3.523132,3.523132,0.396610,38.719295,0.887404,0.885742,,,1.000000,,1.000000,,,,,,"[0.6,1.0]",Q4
FB15k-237,tg_r2d3__pos_auto_ratio__ri_conf__dn_none__dl1_1e-5,133,/base/biblioness/bibs_location/country,610,4,14,0.550693,0.536842,0.516918,-0.033775,-6.133212,-0.013851,-0.019924,negative,dependency,True,True,0.702546,0.709280,0.709280,1363,3817,2,3,3817,1363,966,239,157,1,0.708731,0.175348,0.115187,2726,1091,3817,2.800440,2.800440,0.449307,52.825780,1.282148,1.307400,,,1.335169,1.368435,1.352226,,,,,,"[0.4,0.6)",Q4
FB15k-237,tg_r2d3__pos_auto_ratio__ri_conf__dn_none__dl1_1e-5,134,/music/group_member/membership./music/group_membership/role,750,30,29,0.255637,0.245358,0.245358,-0.010279,-4.021106,-0.010279,0.000000,negative,rule_only,True,False,0.242508,0.242508,0.242508,7056,14518,2,0,0,7056,637,5459,959,1,0.090278,0.773668,0.135913,14112,406,14518,2.057540,2.057540,0.744363,44.169013,0.818600,0.695468,,,1.000000,1.000000,1.000000,,,,,,"[0.2,0.4)",Q3
FB15k-237,tg_r2d3__pos_auto_ratio__ri_conf__dn_none__dl1_1e-5,135,/location/administrative_division/country,386,2,3,0.348553,0.348553,0.348553,0.000000,0.000000,0.000000,0.000000,neutral,rule_only,True,False,0.389740,0.389740,0.389740,850,2412,2,0,0,850,526,184,140,0,0.618824,0.216471,0.164706,1700,712,2412,2.837647,2.837647,0.651447,40.435381,1.000000,1.000000,,,1.000000,1.000000,1.000000,,,,,,"[0.2,0.4)",Q4
FB15k-237,tg_r2d3__pos_auto_ratio__ri_conf__dn_none__dl1_1e-5,136,/film/film/executive_produced_by,662,68,73,0.420567,0.439756,0.439756,0.019189,4.562629,0.019189,0.000000,positive,rule_only,True,False,0.436565,0.436565,0.436565,1396,1075,2,0,0,1396,364,537,495,0,0.260745,0.384670,0.354585,1067,8,1075,0.770057,0.770057,0.579433,44.929585,2.031205,2.031440,,,1.000000,1.000000,1.000000,,,,,,"[0.4,0.6)",Q2
FB15k-237,tg_r2d3__pos_auto_ratio__ri_conf__dn_none__dl1_1e-5,137,/food/food/nutrients./food/nutrition_fact/nutrient,966,108,105,0.810726,0.828794,0.827154,0.016429,2.026398,0.018069,-0.001640,neutral,dependency,True,True,0.818465,0.818708,0.818708,4407,8819,2,3,8819,4407,8,4310,89,0,0.001815,0.977990,0.020195,5,8814,8819,2.001135,2.001135,0.189274,42.351518,0.584592,0.560961,,,1.001902,1.004043,1.004166,,,,,,"[0.6,1.0]",Q3
FB15k-237,tg_r2d3__pos_auto_ratio__ri_conf__dn_none__dl1_1e-5,138,/music/group_member/membership./music/group_membership/group,218,20,22,0.342871,0.363818,0.360343,0.017473,5.096005,0.020948,-0.003475,positive,dependency,True,True,0.230502,0.232636,0.232636,241,87,2,2,87,241,82,73,86,0,0.340249,0.302905,0.356846,85,2,87,0.360996,0.360996,0.657129,39.823707,1.694662,1.590784,,,0.999947,,0.999689,,,,,,"[0.2,0.4)",Q2
FB15k-237,tg_r2d3__pos_auto_ratio__ri_conf__dn_none__dl1_1e-5,139,/location/statistical_region/gdp_nominal_per_capita./measurement_unit/dated_money_value/currency,190,1,3,0.422874,0.422874,0.422874,0.000000,0.000000,0.000000,0.000000,neutral,rule_only,True,False,1.000000,1.000000,1.000000,1211,4844,2,0,0,1211,335,807,68,1,0.276631,0.666391,0.056152,2422,2422,4844,4.000000,4.000000,0.577126,38.961130,0.882429,0.881693,,,1.000000,1.000000,1.000000,,,,,,"[0.4,0.6)",Q4
FB15k-237,tg_r2d3__pos_auto_ratio__ri_conf__dn_none__dl1_1e-5,140,/education/field_of_study/students_majoring./education/education/student,259,31,34,0.158878,0.181035,0.181906,0.023028,14.494096,0.022157,0.000871,positive,dependency,True,True,0.179828,0.180089,0.180089,294,3,2,1,3,294,44,57,193,0,0.149660,0.193878,0.656463,3,0,3,0.010204,0.010204,0.841122,41.445148,1.581597,1.591521,,,,,1.015858,,,,,,"[0.0,0.2)",Q1
FB15k-237,tg_r2d3__pos_auto_ratio__ri_conf__dn_none__dl1_1e-5,141,/award/award_winning_work/awards_won./award/award_honor/honored_for,475,10,10,0.316508,0.316508,0.316508,0.000000,0.000000,0.000000,0.000000,neutral,rule_only,True,False,0.448839,0.448839,0.448839,3513,14052,2,0,0,3513,504,2102,907,0,0.143467,0.598349,0.258184,7026,7026,14052,4.000000,4.000000,0.683492,41.919945,1.000000,1.000000,,,1.000000,1.000000,1.000000,,,,,,"[0.2,0.4)",Q4
FB15k-237,tg_r2d3__pos_auto_ratio__ri_conf__dn_none__dl1_1e-5,142,/sports/sports_team/roster./basketball/basketball_roster_position/position,178,4,2,0.535539,0.535539,0.534722,-0.000817,-0.152555,0.000000,-0.000817,negative,dependency,True,True,0.390625,0.398214,0.398214,559,662,2,3,662,559,26,447,86,0,0.046512,0.799642,0.153846,333,329,662,1.184258,1.184258,0.464461,39.109706,0.743395,0.744592,,,1.012400,1.012396,1.012396,,,,,,"[0.4,0.6)",Q3
FB15k-237,tg_r2d3__pos_auto_ratio__ri_conf__dn_none__dl1_1e-5,143,/organization/organization/headquarters./location/mailing_address/state_province_region,721,40,39,0.546727,0.544521,0.543323,-0.003404,-0.622610,-0.002206,-0.001198,negative,dependency,True,True,0.585999,0.586387,0.586387,1367,1583,2,3,1583,1367,385,508,472,2,0.281639,0.371617,0.345282,1187,396,1583,1.158010,1.158010,0.453273,44.576455,1.397954,1.507866,,,1.062352,1.029266,1.064185,,,,,,"[0.4,0.6)",Q3
FB15k-237,tg_r2d3__pos_auto_ratio__ri_conf__dn_none__dl1_1e-5,144,/base/aareas/schema/administrative_area/capital,137,0,0,0.000000,0.000000,0.000000,0.000000,0.000000,0.000000,0.000000,neutral,rule_only,True,False,0.000000,0.000000,0.000000,67,21,1,0,0,67,67,0,0,0,1.000000,0.000000,0.000000,17,4,21,0.313433,0.313433,1.000000,38.845752,1.000000,,,,1.000000,,,,,,,,"[0.0,0.2)",Q2
FB15k-237,tg_r2d3__pos_auto_ratio__ri_conf__dn_none__dl1_1e-5,145,/tv/tv_producer/programs_produced./tv/tv_producer_term/program,416,5,4,0.336699,0.326186,0.326186,-0.010513,-3.122294,-0.010513,0.000000,negative,rule_only,True,False,0.301425,0.301425,0.301425,840,2335,2,0,0,840,366,286,188,0,0.435714,0.340476,0.223810,1680,655,2335,2.779762,2.779762,0.663301,40.495706,0.869051,0.948310,,,1.000000,1.000000,1.000000,,,,,,"[0.2,0.4)",Q4
FB15k-237,tg_r2d3__pos_auto_ratio__ri_conf__dn_none__dl1_1e-5,146,/education/educational_institution/campuses,533,13,13,0.000137,0.000137,0.000137,0.000000,0.000000,0.000000,0.000000,neutral,rule_only,False,False,0.000137,,0.000137,1544,0,2,0,0,1544,874,592,76,2,0.566062,0.383420,0.049223,0,0,0,0.000000,0.000000,0.999863,40.514268,1.000000,1.000000,,,,,,,,,,,"[0.0,0.2)",Q1
FB15k-237,tg_r2d3__pos_auto_ratio__ri_conf__dn_none__dl1_1e-5,147,/film/film/distributors./film/film_film_distributor_relationship/region,157,11,10,0.564971,0.574684,0.768333,0.203362,35.995149,0.009713,0.193649,positive,dependency,True,True,0.546990,0.593787,0.593787,916,1814,2,3,1814,916,160,624,131,1,0.174672,0.681223,0.143013,1474,340,1814,1.980349,1.980349,0.435029,40.694619,0.738021,0.813973,,,1.056390,1.051543,1.059430,,,,,,"[0.4,0.6)",Q3
FB15k-237,tg_r2d3__pos_auto_ratio__ri_conf__dn_none__dl1_1e-5,148,/travel/travel_destination/climate./travel/travel_destination_monthly_climate/month,535,57,60,0.954861,0.954861,0.954861,0.000000,0.000000,0.000000,0.000000,neutral,rule_only,True,False,0.967836,0.967836,0.967836,5149,14745,2,0,0,5149,64,4455,630,0,0.012430,0.865217,0.122354,4447,10298,14745,2.863663,2.863663,0.045139,39.962554,1.000000,1.000000,,,1.000000,1.000000,1.000000,,,,,,"[0.6,1.0]",Q4
FB15k-237,tg_r2d3__pos_auto_ratio__ri_conf__dn_none__dl1_1e-5,149,/medicine/disease/notable_people_with_this_condition,121,9,15,0.337043,0.344237,0.344237,0.007193,2.134256,0.007193,0.000000,neutral,rule_only,True,False,0.282468,0.282468,0.282468,142,5,2,0,0,142,10,28,104,0,0.070423,0.197183,0.732394,5,0,5,0.035211,0.035211,0.662957,38.489175,1.311141,1.277404,,,,,1.000000,,,,,,"[0.2,0.4)",Q1
FB15k-237,tg_r2d3__pos_auto_ratio__ri_conf__dn_none__dl1_1e-5,150,/base/schemastaging/organization_extra/phone_number./base/schemastaging/phone_sandbox/service_location,345,31,38,0.445351,0.444945,0.450069,0.004718,1.059425,-0.000405,0.005124,neutral,dependency,True,True,0.451760,0.451761,0.451761,3816,8094,2,3,8094,3816,366,2771,678,1,0.095912,0.726153,0.177673,7632,462,8094,2.121069,2.121069,0.554649,42.462352,0.825543,0.825246,,,1.028636,1.022772,1.026675,,,,,,"[0.4,0.6)",Q3
FB15k-237,tg_r2d3__pos_auto_ratio__ri_conf__dn_none__dl1_1e-5,151,/people/ethnicity/geographic_distribution,122,14,17,0.393870,0.410071,0.410071,0.016201,4.113404,0.016201,0.000000,positive,rule_only,True,False,0.400097,0.400097,0.400097,1609,3404,2,0,0,1609,109,1264,236,0,0.067744,0.785581,0.146675,2496,908,3404,2.115600,2.115600,0.606130,39.634664,0.913450,0.705826,,,1.000000,1.000000,1.000000,,,,,,"[0.2,0.4)",Q3
FB15k-237,tg_r2d3__pos_auto_ratio__ri_conf__dn_none__dl1_1e-5,152,/military/military_combatant/military_conflicts./military/military_combatant_group/combatants,747,15,17,0.260356,0.264852,0.248070,-0.012285,-4.718630,0.004497,-0.016782,negative,dependency,True,True,0.257831,0.347175,0.347175,28658,80136,2,3,80136,28658,847,24701,3110,0,0.029555,0.861923,0.108521,37586,42550,80136,2.796287,2.796287,0.739644,49.347771,0.669186,0.555113,,,0.997278,0.997273,0.997282,,,,,,"[0.2,0.4)",Q4
FB15k-237,tg_r2d3__pos_auto_ratio__ri_conf__dn_none__dl1_1e-5,153,/film/film/personal_appearances./film/personal_film_appearance/person,217,18,11,0.179935,0.200135,0.200135,0.020200,11.226039,0.020200,0.000000,positive,rule_only,True,False,0.369307,0.369307,0.369307,377,311,2,0,0,377,64,131,182,0,0.169761,0.347480,0.482759,25,286,311,0.824934,0.824934,0.820065,40.496255,1.584403,1.660402,,,1.000000,,1.000000,,,,,,"[0.0,0.2)",Q3
FB15k-237,tg_r2d3__pos_auto_ratio__ri_conf__dn_none__dl1_1e-5,154,/location/location/time_zones,1151,129,137,0.548013,0.553068,0.552460,0.004447,0.811506,0.005055,-0.000608,neutral,dependency,True,True,0.586010,0.587044,0.587044,1826,5286,2,3,5286,1826,391,1019,412,4,0.214129,0.558050,0.225630,3652,1634,5286,2.894852,2.894852,0.451987,44.464265,0.704332,0.738119,,,1.002453,1.002469,1.002450,,,,,,"[0.4,0.6)",Q4
FB15k-237,tg_r2d3__pos_auto_ratio__ri_conf__dn_none__dl1_1e-5,155,/film/film/story_by,394,14,31,0.411258,0.411258,0.411258,0.000000,0.000000,0.000000,0.000000,neutral,rule_only,True,False,0.267240,0.267240,0.267240,517,571,2,0,0,517,225,138,154,0,0.435203,0.266925,0.297872,558,13,571,1.104449,1.104449,0.588742,41.720624,1.000000,1.000000,,,1.000000,1.000000,1.000000,,,,,,"[0.4,0.6)",Q3
FB15k-237,tg_r2d3__pos_auto_ratio__ri_conf__dn_none__dl1_1e-5,156,/base/petbreeds/city_with_dogs/top_breeds./base/petbreeds/dog_city_relationship/dog_breed,192,22,21,0.853175,0.853175,0.853175,0.000000,0.000000,0.000000,0.000000,neutral,rule_only,True,False,0.859848,0.859848,0.859848,494,1128,2,0,0,494,36,283,175,0,0.072874,0.572874,0.354251,988,140,1128,2.283401,2.283401,0.146825,38.870096,1.000000,1.000000,,,1.000000,1.000000,1.000000,,,,,,"[0.6,1.0]",Q4
FB15k-237,tg_r2d3__pos_auto_ratio__ri_conf__dn_none__dl1_1e-5,157,/olympics/olympic_games/participating_countries,490,23,23,0.458732,0.473784,0.473784,0.015052,3.281322,0.015052,0.000000,positive,rule_only,True,False,0.492080,0.492080,0.492080,8960,35840,2,0,0,8960,391,7732,836,1,0.043638,0.862946,0.093304,17920,17920,35840,4.000000,4.000000,0.541268,43.168905,0.704930,0.550875,,,1.000000,1.000000,1.000000,,,,,,"[0.4,0.6)",Q4
FB15k-237,tg_r2d3__pos_auto_ratio__ri_conf__dn_none__dl1_1e-5,158,/tv/tv_network/programs./tv/tv_network_duration/program,305,27,26,0.190744,0.206685,0.206685,0.015941,8.357073,0.015941,0.000000,positive,rule_only,True,False,0.179140,0.179140,0.179140,369,564,2,0,0,369,77,138,154,0,0.208672,0.373984,0.417344,503,61,564,1.528455,1.528455,0.809256,39.912339,1.137237,1.380702,,,1.000000,1.000000,1.000000,,,,,,"[0.0,0.2)",Q3
FB15k-237,tg_r2d3__pos_auto_ratio__ri_conf__dn_none__dl1_1e-5,159,/people/person/employment_history./business/employment_tenure/company,316,21,24,0.094256,0.099017,0.099097,0.004841,5.136194,0.004761,0.000080,positive,dependency,True,True,0.189506,0.190757,0.190757,289,112,2,3,112,289,116,64,109,0,0.401384,0.221453,0.377163,111,1,112,0.387543,0.387543,0.905744,41.154244,1.107756,1.141460,,,1.141897,1.114597,1.143756,,,,,,"[0.0,0.2)",Q2
FB15k-237,tg_r2d3__pos_auto_ratio__ri_conf__dn_none__dl1_1e-5,160,/music/artist/origin,552,23,34,0.159664,0.119396,0.119396,-0.040268,-25.220633,-0.040268,0.000000,negative,rule_only,True,False,0.229326,0.229326,0.229326,541,46,2,0,0,541,112,202,227,0,0.207024,0.373383,0.419593,42,4,46,0.085028,0.085028,0.840336,41.808853,2.126469,1.740257,,,1.000000,,1.000000,,,,,,"[0.0,0.2)",Q1
FB15k-237,tg_r2d3__pos_auto_ratio__ri_conf__dn_none__dl1_1e-5,161,/people/marriage_union_type/unions_of_this_type./people/marriage/location_of_ceremony,417,58,53,0.586429,0.584182,0.584182,-0.002247,-0.383088,-0.002247,0.000000,negative,dependency,True,True,0.546039,0.546041,0.546041,1235,3913,2,2,3913,1235,378,763,93,1,0.306073,0.617814,0.075304,2470,1443,3913,3.168421,3.168421,0.413571,40.488693,0.700169,0.911720,,,1.000744,,1.000744,,,,,,"[0.4,0.6)",Q4
FB15k-237,tg_r2d3__pos_auto_ratio__ri_conf__dn_none__dl1_1e-5,162,/tv/tv_writer/tv_programs./tv/tv_program_writer_relationship/tv_program,271,6,9,0.251112,0.252341,0.252341,0.001229,0.489448,0.001229,0.000000,neutral,rule_only,True,False,0.254591,0.254591,0.254591,903,2064,2,0,0,903,284,453,166,0,0.314507,0.501661,0.183832,1640,424,2064,2.285714,2.285714,0.748888,40.642846,1.226421,0.994028,,,1.000000,1.000000,1.000000,,,,,,"[0.2,0.4)",Q4
FB15k-237,tg_r2d3__pos_auto_ratio__ri_conf__dn_none__dl1_1e-5,163,/time/event/locations,363,32,34,0.178773,0.181877,0.188846,0.010072,5.634217,0.003104,0.006969,positive,dependency,True,True,0.176156,0.176777,0.176777,981,374,2,3,374,981,138,387,456,0,0.140673,0.394495,0.464832,355,19,374,0.381244,0.381244,0.821227,40.891309,0.997715,1.001472,,,1.011079,1.010201,1.009936,,,,,,"[0.0,0.2)",Q2
FB15k-237,tg_r2d3__pos_auto_ratio__ri_conf__dn_none__dl1_1e-5,164,/celebrities/celebrity/sexual_relationships./celebrities/romantic_relationship/celebrity,236,0,0,0.000000,0.000000,0.000000,0.000000,0.000000,0.000000,0.000000,neutral,rule_only,True,False,0.000000,0.000000,0.000000,131,16,2,0,0,131,29,24,78,0,0.221374,0.183206,0.595420,14,2,16,0.122137,0.122137,1.000000,38.480548,1.000000,1.000000,,,1.000000,,1.000000,,,,,,"[0.0,0.2)",Q1
FB15k-237,tg_r2d3__pos_auto_ratio__ri_conf__dn_none__dl1_1e-5,165,/government/political_party/politicians_in_this_party./government/political_party_tenure/politician,107,10,11,0.394219,0.394219,0.394219,0.000000,0.000000,0.000000,0.000000,neutral,dependency,True,True,0.349386,0.349505,0.349505,143,55,2,2,55,143,30,49,64,0,0.209790,0.342657,0.447552,42,13,55,0.384615,0.384615,0.605781,38.607944,1.005867,1.005950,,,1.004189,,1.004053,,,,,,"[0.2,0.4)",Q2
FB15k-237,tg_r2d3__pos_auto_ratio__ri_conf__dn_none__dl1_1e-5,166,/education/university/domestic_tuition./measurement_unit/dated_money_value/currency,476,0,5,0.384796,0.384796,0.384796,0.000000,0.000000,0.000000,0.000000,neutral,rule_only,True,False,0.000000,0.000000,0.000000,928,3712,2,0,0,928,480,359,88,1,0.517241,0.386853,0.094828,1856,1856,3712,4.000000,4.000000,0.615204,38.407910,1.000000,1.000000,,,1.000000,1.000000,1.000000,,,,,,"[0.2,0.4)",Q4
FB15k-237,tg_r2d3__pos_auto_ratio__ri_conf__dn_none__dl1_1e-5,167,/organization/non_profit_organization/registered_with./organization/non_profit_registration/registering_agency,125,15,22,0.774937,0.790113,0.735771,-0.039166,-5.054150,0.015176,-0.054342,negative,dependency,True,True,0.691599,0.736139,0.736139,207,828,2,2,828,207,80,93,33,1,0.386473,0.449275,0.159420,414,414,828,4.000000,4.000000,0.225063,39.139559,0.941162,0.941190,,,1.017866,,1.017866,,,,,,"[0.6,1.0]",Q4
FB15k-237,tg_r2d3__pos_auto_ratio__ri_conf__dn_none__dl1_1e-5,168,/user/ktrueman/default_domain/international_organization/member_states,179,15,24,0.588157,0.590965,0.598790,0.010633,1.807900,0.002808,0.007825,neutral,dependency,True,True,0.539933,0.542546,0.542546,2823,9630,2,3,9630,2823,185,2424,213,1,0.065533,0.858661,0.075452,3984,5646,9630,3.411265,3.411265,0.411843,40.992581,0.626615,0.608496,,,1.020501,1.016290,1.020296,,,,,,"[0.4,0.6)",Q4
FB15k-237,tg_r2d3__pos_auto_ratio__ri_conf__dn_none__dl1_1e-5,169,/american_football/football_team/current_roster./sports/sports_team_roster/position,573,1,0,0.000000,0.000000,0.000000,0.000000,0.000000,0.000000,0.000000,neutral,dependency,True,True,0.081044,0.092262,0.092262,15331,31885,2,3,31885,15331,240,14455,636,0,0.015655,0.942861,0.041485,1223,30662,31885,2.079773,2.079773,1.000000,42.157936,0.658952,0.637867,,,1.013670,1.013833,1.013699,,,,,,"[0.0,0.2)",Q3
FB15k-237,tg_r2d3__pos_auto_ratio__ri_conf__dn_none__dl1_1e-5,170,/soccer/football_player/current_team./sports/sports_team_roster/team,536,7,9,0.047945,0.047945,0.047945,0.000000,0.000000,0.000000,0.000000,neutral,rule_only,True,False,0.044432,0.044432,0.044432,1213,47,2,0,0,1213,55,737,421,0,0.045342,0.607585,0.347073,43,4,47,0.038747,0.038747,0.952055,39.345532,1.000000,1.000000,,,1.000000,1.000000,1.000000,,,,,,"[0.0,0.2)",Q1
FB15k-237,tg_r2d3__pos_auto_ratio__ri_conf__dn_none__dl1_1e-5,171,/olympics/olympic_games/medals_awarded./olympics/olympic_medal_honor/medal,101,12,16,1.000000,1.000000,1.000000,0.000000,0.000000,0.000000,0.000000,neutral,rule_only,True,False,1.000000,1.000000,1.000000,772,1546,2,0,0,772,44,704,24,0,0.056995,0.911917,0.031088,2,1544,1546,2.002591,2.002591,0.000000,38.839219,1.000000,1.000000,,,1.000000,1.000000,1.000000,,,,,,"[0.6,1.0]",Q3
FB15k-237,tg_r2d3__pos_auto_ratio__ri_conf__dn_none__dl1_1e-5,172,/award/ranked_item/appears_in_ranked_lists./award/ranking/list,335,43,48,0.613103,0.621895,0.621895,0.008792,1.434051,0.008792,0.000000,neutral,rule_only,True,False,0.564129,0.564129,0.564129,684,1601,2,0,0,684,124,391,168,1,0.181287,0.571637,0.245614,1368,233,1601,2.340643,2.340643,0.386897,39.287848,0.820345,0.820866,,,1.000000,1.000000,1.000000,,,,,,"[0.6,1.0]",Q4
FB15k-237,tg_r2d3__pos_auto_ratio__ri_conf__dn_none__dl1_1e-5,173,/film/film_set_designer/film_sets_designed,113,8,8,0.230477,0.266121,0.268534,0.038057,16.512175,0.035644,0.002413,positive,dependency,True,True,0.381442,0.385117,0.385117,360,646,2,3,646,360,115,84,161,0,0.319444,0.233333,0.447222,645,1,646,1.794444,1.794444,0.769523,38.825058,1.110803,1.335694,,,1.011981,1.011016,1.010555,,,,,,"[0.2,0.4)",Q3
FB15k-237,tg_r2d3__pos_auto_ratio__ri_conf__dn_none__dl1_1e-5,174,/user/jg/default_domain/olympic_games/sports,581,7,11,0.240422,0.263799,0.263799,0.023377,9.723155,0.023377,0.000000,positive,rule_only,True,False,0.400765,0.400765,0.400765,8371,18285,2,0,0,8371,100,7827,444,0,0.011946,0.935014,0.053040,1543,16742,18285,2.184327,2.184327,0.759578,41.047850,0.564106,0.526505,,,1.000000,1.000000,1.000000,,,,,,"[0.2,0.4)",Q3
FB15k-237,tg_r2d3__pos_auto_ratio__ri_conf__dn_none__dl1_1e-5,175,/people/person/sibling_s./people/sibling_relationship/sibling,131,5,7,0.466450,0.466450,0.466450,0.000000,0.000000,0.000000,0.000000,neutral,rule_only,True,False,0.371135,0.371135,0.371135,61,27,1,0,0,61,61,0,0,0,1.000000,0.000000,0.000000,27,0,27,0.442623,0.442623,0.533550,38.678955,1.000000,,,,1.000000,,,,,,,,"[0.4,0.6)",Q2
FB15k-237,tg_r2d3__pos_auto_ratio__ri_conf__dn_none__dl1_1e-5,176,/base/marchmadness/ncaa_basketball_tournament/seeds./base/marchmadness/ncaa_tournament_seed/team,352,33,41,0.427135,0.420747,0.428880,0.001745,0.408448,-0.006388,0.008133,neutral,dependency,True,True,0.450127,0.464449,0.464449,1522,3362,2,3,3362,1522,10,1282,230,0,0.006570,0.842313,0.151117,318,3044,3362,2.208936,2.208936,0.572865,39.859282,0.680965,0.666834,,,1.002213,1.002470,1.002456,,,,,,"[0.4,0.6)",Q3
FB15k-237,tg_r2d3__pos_auto_ratio__ri_conf__dn_none__dl1_1e-5,177,/music/artist/contribution./music/recording_contribution/performance_role,218,9,14,0.200585,0.209962,0.209980,0.009395,4.683791,0.009377,0.000018,positive,dependency,True,True,0.297960,0.299326,0.299326,1342,2679,2,3,2679,1342,335,779,228,0,0.249627,0.580477,0.169896,2667,12,2679,1.996274,1.996274,0.799415,39.300870,0.872350,0.879266,,,1.002981,1.000098,1.000807,,,,,,"[0.2,0.4)",Q3
FB15k-237,tg_r2d3__pos_auto_ratio__ri_conf__dn_none__dl1_1e-5,178,/sports/sports_position/players./sports/sports_team_roster/position,125,0,0,0.000000,0.000000,0.000000,0.000000,0.000000,0.000000,0.000000,neutral,rule_only,True,False,0.000000,0.000000,0.000000,3262,7677,2,0,0,3262,304,2762,196,0,0.093194,0.846720,0.060086,1153,6524,7677,2.353464,2.353464,1.000000,38.296605,1.000000,1.000000,,,1.000000,1.000000,1.000000,,,,,,"[0.0,0.2)",Q4
FB15k-237,tg_r2d3__pos_auto_ratio__ri_conf__dn_none__dl1_1e-5,179,/government/politician/government_positions_held./government/government_position_held/basic_title,114,6,16,0.543978,0.597115,0.596875,0.052897,9.724056,0.053137,-0.000240,positive,dependency,True,True,0.224250,0.226486,0.226486,229,306,2,3,306,229,51,80,98,0,0.222707,0.349345,0.427948,296,10,306,1.336245,1.336245,0.456022,38.517533,0.870006,0.934412,,,1.004187,1.004270,1.004210,,,,,,"[0.4,0.6)",Q3
FB15k-237,tg_r2d3__pos_auto_ratio__ri_conf__dn_none__dl1_1e-5,180,/sports/sports_position/players./american_football/football_historical_roster_position/position_s,102,0,0,0.000000,0.000000,0.000000,0.000000,0.000000,0.000000,0.000000,neutral,rule_only,True,False,0.000000,0.000000,0.000000,2712,6452,2,0,0,2712,236,2268,208,0,0.087021,0.836283,0.076696,1028,5424,6452,2.379056,2.379056,1.000000,38.541393,1.000000,1.000000,,,1.000000,1.000000,1.000000,,,,,,"[0.0,0.2)",Q4
FB15k-237,tg_r2d3__pos_auto_ratio__ri_conf__dn_none__dl1_1e-5,181,/people/profession/specialization_of,102,10,13,0.087801,0.087198,0.087198,-0.000603,-0.687140,-0.000603,0.000000,negative,rule_only,False,False,0.133143,,0.133143,16,0,2,0,0,16,9,2,5,0,0.562500,0.125000,0.312500,0,0,0,0.000000,0.000000,0.912199,37.820472,1.000000,1.000000,,,,,,,,,,,"[0.0,0.2)",Q1
FB15k-237,tg_r2d3__pos_auto_ratio__ri_conf__dn_none__dl1_1e-5,182,/award/award_category/category_of,148,13,20,0.750017,0.750017,0.750017,0.000000,0.000000,0.000000,0.000000,neutral,rule_only,True,False,0.923082,0.923082,0.923082,509,1088,2,0,0,509,42,447,20,0,0.082515,0.878193,0.039293,70,1018,1088,2.137525,2.137525,0.249983,38.356541,1.000000,1.000000,,,1.000000,,1.000000,,,,,,"[0.6,1.0]",Q3
FB15k-237,tg_r2d3__pos_auto_ratio__ri_conf__dn_none__dl1_1e-5,183,/film/film/cinematography,336,20,17,0.339533,0.360255,0.360050,0.020517,6.042773,0.020722,-0.000205,positive,dependency,True,True,0.225353,0.226027,0.226027,797,177,2,2,177,797,121,220,456,0,0.151819,0.276035,0.572146,167,10,177,0.222083,0.222083,0.660467,40.863388,1.885985,2.102671,,,1.011102,,1.012067,,,,,,"[0.2,0.4)",Q2
FB15k-237,tg_r2d3__pos_auto_ratio__ri_conf__dn_none__dl1_1e-5,184,/film/film/film_production_design_by,158,14,10,0.373635,0.391618,0.391618,0.017983,4.812975,0.017983,0.000000,positive,rule_only,True,False,0.273055,0.273055,0.273055,504,356,2,0,0,504,126,144,234,0,0.250000,0.285714,0.464286,355,1,356,0.706349,0.706349,0.626365,38.793651,1.000000,1.000000,,,1.000000,,1.000000,,,,,,"[0.2,0.4)",Q2
FB15k-237,tg_r2d3__pos_auto_ratio__ri_conf__dn_none__dl1_1e-5,185,/tv/tv_program/country_of_origin,268,22,32,0.555608,0.549559,0.552230,-0.003377,-0.607879,-0.006048,0.002671,negative,dependency,True,True,0.672287,0.679589,0.679589,635,1981,2,3,1981,635,374,195,65,1,0.588976,0.307087,0.102362,1270,711,1981,3.119685,3.119685,0.444392,41.166241,0.689374,0.998789,,,1.007424,1.003349,1.008090,,,,,,"[0.4,0.6)",Q4
FB15k-237,tg_r2d3__pos_auto_ratio__ri_conf__dn_none__dl1_1e-5,186,/film/film/edited_by,179,8,13,0.400764,0.400470,0.400404,-0.000360,-0.089880,-0.000294,-0.000066,negative,dependency,True,True,0.396482,0.430381,0.430381,636,693,2,3,693,636,158,219,259,0,0.248428,0.344340,0.407233,670,23,693,1.089623,1.089623,0.599236,40.013383,1.051798,1.376659,,,1.053190,1.071735,1.052197,,,,,,"[0.4,0.6)",Q3
FB15k-237,tg_r2d3__pos_auto_ratio__ri_conf__dn_none__dl1_1e-5,187,/tv/tv_personality/tv_regular_appearances./tv/tv_regular_personal_appearance/program,103,9,11,0.449993,0.449700,0.449700,-0.000292,-0.064902,-0.000292,0.000000,negative,rule_only,True,False,0.443701,0.443701,0.443701,375,983,2,0,0,375,150,123,102,0,0.400000,0.328000,0.272000,233,750,983,2.621333,2.621333,0.550007,38.760659,0.935519,1.286859,,,1.000000,,1.000000,,,,,,"[0.4,0.6)",Q4
FB15k-237,tg_r2d3__pos_auto_ratio__ri_conf__dn_none__dl1_1e-5,188,/education/field_of_study/students_majoring./education/education/major_field_of_study,343,7,11,0.231113,0.231113,0.251625,0.020512,8.875462,0.000000,0.020512,positive,dependency,True,True,0.226552,0.268860,0.268860,1166,1536,2,3,1536,1166,65,852,249,0,0.055746,0.730703,0.213551,1433,103,1536,1.317324,1.317324,0.768887,39.908067,0.934327,0.904757,,,1.057484,1.053485,1.065424,,,,,,"[0.2,0.4)",Q3
FB15k-237,tg_r2d3__pos_auto_ratio__ri_conf__dn_none__dl1_1e-5,189,/education/educational_degree/people_with_this_degree./education/education/student,260,35,27,0.343743,0.339347,0.339347,-0.004396,-1.278751,-0.004396,0.000000,negative,dependency,True,True,0.319429,0.320882,0.320882,389,49,2,3,49,389,63,110,216,0,0.161954,0.282776,0.555270,44,5,49,0.125964,0.125964,0.656257,39.563045,0.867965,1.148974,,,1.005761,1.006184,1.003772,,,,,,"[0.2,0.4)",Q1
FB15k-237,tg_r2d3__pos_auto_ratio__ri_conf__dn_none__dl1_1e-5,190,/location/us_county/county_seat,181,1,2,0.000137,0.000137,0.000137,0.000000,0.000000,0.000000,0.000000,neutral,rule_only,True,False,0.000137,0.000137,0.000137,183,6,2,0,0,183,117,26,40,0,0.639344,0.142077,0.218579,3,3,6,0.032787,0.032787,0.999863,38.539272,1.000000,1.000000,,,1.000000,,,,,,,,"[0.0,0.2)",Q1
FB15k-237,tg_r2d3__pos_auto_ratio__ri_conf__dn_none__dl1_1e-5,191,/film/film/film_festivals,264,16,18,0.198953,0.260119,0.260119,0.061166,30.743844,0.061166,0.000000,positive,rule_only,True,False,0.215961,0.215961,0.215961,827,157,2,0,0,827,63,426,338,0,0.076179,0.515115,0.408706,155,2,157,0.189843,0.189843,0.801047,39.213938,1.347353,1.416596,,,1.000000,,1.000000,,,,,,"[0.0,0.2)",Q2
FB15k-237,tg_r2d3__pos_auto_ratio__ri_conf__dn_none__dl1_1e-5,192,/people/person/spouse_s./people/marriage/spouse,427,6,4,0.000103,0.000103,0.000103,0.000000,0.000000,0.000000,0.000000,neutral,rule_only,True,False,0.012837,0.012837,0.012837,50,7,1,0,0,50,50,0,0,0,1.000000,0.000000,0.000000,3,4,7,0.140000,0.140000,0.999897,39.101472,1.385052,,,,1.000000,,,,,,,,"[0.0,0.2)",Q1
FB15k-237,tg_r2d3__pos_auto_ratio__ri_conf__dn_none__dl1_1e-5,193,/film/film/runtime./film/film_cut/film_release_region,187,4,9,0.119407,0.138477,0.138477,0.019070,15.970638,0.019070,0.000000,positive,rule_only,True,False,0.326957,0.326957,0.326957,587,166,2,0,0,587,249,194,144,0,0.424191,0.330494,0.245315,78,88,166,0.282794,0.282794,0.880593,40.225289,1.021486,1.453071,,,1.000000,,1.000000,,,,,,"[0.0,0.2)",Q2
FB15k-237,tg_r2d3__pos_auto_ratio__ri_conf__dn_none__dl1_1e-5,194,/location/capital_of_administrative_division/capital_of./location/administrative_division_capital_relationship/administrative_division,296,0,0,0.000000,0.000000,0.000000,0.000000,0.000000,0.000000,0.000000,neutral,rule_only,True,False,0.000000,0.000000,0.000000,101,19,1,0,0,101,101,0,0,0,1.000000,0.000000,0.000000,5,14,19,0.188119,0.188119,1.000000,39.323966,1.000000,,,,1.000000,,,,,,,,"[0.0,0.2)",Q2
FB15k-237,tg_r2d3__pos_auto_ratio__ri_conf__dn_none__dl1_1e-5,195,/base/aareas/schema/administrative_area/administrative_area_type,156,15,20,0.805060,0.806250,0.806250,0.001190,0.147875,0.001190,0.000000,neutral,rule_only,True,False,0.809722,0.809722,0.809722,939,1961,2,0,0,939,91,786,61,1,0.096912,0.837061,0.064963,83,1878,1961,2.088392,2.088392,0.194940,38.781763,0.881548,0.881554,,,1.000000,,1.000000,,,,,,"[0.6,1.0]",Q3
FB15k-237,tg_r2d3__pos_auto_ratio__ri_conf__dn_none__dl1_1e-5,196,/influence/influence_node/peers./influence/peer_relationship/peers,166,0,2,0.000069,0.000069,0.000069,0.000000,0.000000,0.000000,0.000000,neutral,rule_only,True,False,0.000000,0.000000,0.000000,33,1,1,0,0,33,33,0,0,0,1.000000,0.000000,0.000000,1,0,1,0.030303,0.030303,0.999931,38.598121,1.000000,,,,1.000000,,,,,,,,"[0.0,0.2)",Q1
FB15k-237,tg_r2d3__pos_auto_ratio__ri_conf__dn_none__dl1_1e-5,197,/government/governmental_body/members./government/government_position_held/legislative_sessions,101,8,12,0.979167,0.979167,0.979167,0.000000,0.000000,0.000000,0.000000,neutral,rule_only,True,False,1.000000,1.000000,1.000000,352,704,2,0,0,352,10,328,14,0,0.028409,0.931818,0.039773,0,704,704,2.000000,2.000000,0.020833,38.453340,0.756136,0.710163,,,,,1.000000,,,,,,"[0.6,1.0]",Q3
FB15k-237,tg_r2d3__pos_auto_ratio__ri_conf__dn_none__dl1_1e-5,198,/base/schemastaging/organization_extra/phone_number./base/schemastaging/phone_sandbox/service_language,208,15,21,0.660704,0.660704,0.703580,0.042876,6.489413,0.000000,0.042876,positive,dependency,True,True,0.613810,0.658316,0.658316,460,1183,2,3,1183,460,132,190,137,1,0.286957,0.413043,0.297826,920,263,1183,2.571739,2.571739,0.339296,39.728776,0.958720,0.975101,,,1.042928,1.034816,1.038922,,,,,,"[0.6,1.0]",Q4
FB15k-237,tg_r2d3__pos_auto_ratio__ri_conf__dn_none__dl1_1e-5,199,/organization/organization/place_founded,104,13,16,0.093596,0.102171,0.102171,0.008575,9.161932,0.008575,0.000000,positive,rule_only,True,False,0.039619,0.039619,0.039619,32,3,2,0,0,32,16,4,12,0,0.500000,0.125000,0.375000,3,0,3,0.093750,0.093750,0.906404,39.244146,1.351040,1.337970,,,,,1.000000,,,,,,"[0.0,0.2)",Q1
FB15k-237,tg_r2d3__pos_auto_ratio__ri_conf__dn_none__dl1_1e-5,200,/base/eating/practicer_of_diet/diet,137,17,11,0.416691,0.416691,0.416691,0.000000,0.000000,0.000000,0.000000,neutral,rule_only,True,False,0.464558,0.464558,0.464558,292,89,2,0,0,292,49,137,105,1,0.167808,0.469178,0.359589,84,5,89,0.304795,0.304795,0.583309,38.072353,0.924250,0.925849,,,,1.000000,1.000000,,,,,,"[0.4,0.6)",Q2
FB15k-237,tg_r2d3__pos_auto_ratio__ri_conf__dn_none__dl1_1e-5,201,/tv/tv_program/program_creator,144,3,2,0.000137,0.000137,0.000137,0.000000,0.000000,0.000000,0.000000,neutral,rule_only,True,False,0.324328,0.324328,0.324328,170,38,1,0,0,170,170,0,0,0,1.000000,0.000000,0.000000,31,7,38,0.223529,0.223529,0.999863,38.554752,1.000000,,,,1.000000,,,,,,,,"[0.0,0.2)",Q2
FB15k-237,tg_r2d3__pos_auto_ratio__ri_conf__dn_none__dl1_1e-5,202,/people/deceased_person/place_of_burial,142,15,9,0.235976,0.236080,0.236055,0.000080,0.033759,0.000104,-0.000025,neutral,dependency,True,True,0.244781,0.244792,0.244792,150,9,2,2,9,150,18,39,93,0,0.120000,0.260000,0.620000,9,0,9,0.060000,0.060000,0.764024,38.679839,1.129368,1.134597,,,,1.015829,1.015511,,,,,,"[0.2,0.4)",Q1
FB15k-237,tg_r2d3__pos_auto_ratio__ri_conf__dn_none__dl1_1e-5,203,/film/film/release_date_s./film/film_regional_release_date/film_regional_debut_venue,246,16,20,0.258194,0.258194,0.268343,0.010150,3.931033,0.000000,0.010150,positive,dependency,True,True,0.194142,0.199708,0.199708,762,891,2,3,891,762,51,506,205,0,0.066929,0.664042,0.269029,249,642,891,1.169291,1.169291,0.741806,39.333563,0.970989,0.989610,,,1.002619,1.021993,1.026055,,,,,,"[0.2,0.4)",Q3
FB15k-237,tg_r2d3__pos_auto_ratio__ri_conf__dn_none__dl1_1e-5,204,/ice_hockey/hockey_team/current_roster./sports/sports_team_roster/position,121,3,4,0.587996,0.587996,0.587996,0.000000,0.000000,0.000000,0.000000,neutral,rule_only,True,False,0.701229,0.701229,0.701229,89,140,2,0,0,89,20,46,23,0,0.224719,0.516854,0.258427,36,104,140,1.573034,1.573034,0.412004,37.989604,0.779788,0.785928,,,1.000000,1.000000,1.000000,,,,,,"[0.4,0.6)",Q3
FB15k-237,tg_r2d3__pos_auto_ratio__ri_conf__dn_none__dl1_1e-5,205,/location/administrative_division/first_level_division_of,141,0,0,0.000000,0.000000,0.000000,0.000000,0.000000,0.000000,0.000000,neutral,rule_only,True,False,0.000000,0.000000,0.000000,498,1864,2,0,0,498,289,141,68,0,0.580321,0.283133,0.136546,996,868,1864,3.742972,3.742972,1.000000,38.749709,1.000000,1.000000,,,1.000000,1.000000,1.000000,,,,,,"[0.0,0.2)",Q4
FB15k-237,tg_r2d3__pos_auto_ratio__ri_conf__dn_none__dl1_1e-5,206,/location/statistical_region/gdp_real./measurement_unit/adjusted_money_value/adjustment_currency,160,0,0,0.000000,0.000000,0.000000,0.000000,0.000000,0.000000,0.000000,neutral,rule_only,True,False,0.000000,0.000000,0.000000,1140,4560,2,0,0,1140,294,787,58,1,0.257895,0.690351,0.050877,2280,2280,4560,4.000000,4.000000,1.000000,38.057633,1.000000,1.000000,,,1.000000,1.000000,1.000000,,,,,,"[0.0,0.2)",Q4
FB15k-237,tg_r2d3__pos_auto_ratio__ri_conf__dn_none__dl1_1e-5,207,/organization/organization/child./organization/organization_relationship/child,191,20,20,0.228578,0.249146,0.249242,0.020664,9.040227,0.020567,0.000097,positive,dependency,True,True,0.094597,0.094746,0.094746,149,31,2,3,31,149,55,28,66,0,0.369128,0.187919,0.442953,31,0,31,0.208054,0.208054,0.771422,39.339057,1.193954,1.193818,,,1.028035,1.020956,1.027181,,,,,,"[0.2,0.4)",Q2
FB15k-237,tg_r2d3__pos_auto_ratio__ri_conf__dn_none__dl1_1e-5,208,/business/business_operation/assets./measurement_unit/dated_money_value/currency,181,1,0,0.000000,0.000000,0.000000,0.000000,0.000000,0.000000,0.000000,neutral,rule_only,True,False,0.500068,0.500068,0.500068,502,2008,2,0,0,502,352,118,31,1,0.701195,0.235060,0.061753,1004,1004,2008,4.000000,4.000000,1.000000,37.744399,1.000000,1.000000,,,1.000000,1.000000,1.000000,,,,,,"[0.0,0.2)",Q4
FB15k-237,tg_r2d3__pos_auto_ratio__ri_conf__dn_none__dl1_1e-5,209,/film/person_or_entity_appearing_in_film/films./film/personal_film_appearance/type_of_appearance,37,5,3,0.500068,0.500068,0.500068,0.000000,0.000000,0.000000,0.000000,neutral,rule_only,True,False,0.501525,0.501525,0.501525,81,1,2,0,0,81,12,28,41,0,0.148148,0.345679,0.506173,1,0,1,0.012346,0.012346,0.499932,37.925625,0.891678,0.938764,,,,,1.000000,,,,,,"[0.4,0.6)",Q1
FB15k-237,tg_r2d3__pos_auto_ratio__ri_conf__dn_none__dl1_1e-5,210,/time/event/instance_of_recurring_event,109,14,11,0.818182,0.818182,0.818182,0.000000,0.000000,0.000000,0.000000,neutral,rule_only,True,False,0.972222,0.972222,0.972222,208,418,2,0,0,208,10,188,10,0,0.048077,0.903846,0.048077,2,416,418,2.009615,2.009615,0.181818,38.290893,1.000000,1.000000,,,,,1.000000,,,,,,"[0.6,1.0]",Q3
FB15k-237,tg_r2d3__pos_auto_ratio__ri_conf__dn_none__dl1_1e-5,211,/tv/non_character_role/tv_regular_personal_appearances./tv/tv_regular_personal_appearance/person,90,7,7,0.573849,0.583372,0.581672,0.007823,1.363276,0.009524,-0.001701,neutral,dependency,True,True,0.494962,0.495103,0.495103,182,13,2,2,13,182,36,59,87,0,0.197802,0.324176,0.478022,11,2,13,0.071429,0.071429,0.426151,38.211520,0.954556,1.046055,,,1.004259,,1.004275,,,,,,"[0.4,0.6)",Q1
FB15k-237,tg_r2d3__pos_auto_ratio__ri_conf__dn_none__dl1_1e-5,212,/film/actor/film./film/performance/special_performance_type,180,8,16,0.520149,0.520149,0.520149,0.000000,0.000000,0.000000,0.000000,neutral,rule_only,True,False,0.481301,0.481301,0.481301,294,247,2,0,0,294,60,119,114,1,0.204082,0.404762,0.387755,247,0,247,0.840136,0.840136,0.479851,38.333452,1.000000,1.000000,,,1.000000,,1.000000,,,,,,"[0.4,0.6)",Q3
FB15k-237,tg_r2d3__pos_auto_ratio__ri_conf__dn_none__dl1_1e-5,213,/business/business_operation/operating_income./measurement_unit/dated_money_value/currency,198,1,0,0.000000,0.000000,0.000000,0.000000,0.000000,0.000000,0.000000,neutral,rule_only,True,False,0.500068,0.500068,0.500068,535,2140,2,0,0,535,378,123,33,1,0.706542,0.229907,0.061682,1070,1070,2140,4.000000,4.000000,1.000000,37.976762,1.000000,1.000000,,,1.000000,1.000000,1.000000,,,,,,"[0.0,0.2)",Q4
FB15k-237,tg_r2d3__pos_auto_ratio__ri_conf__dn_none__dl1_1e-5,214,/people/ethnicity/languages_spoken,192,21,29,0.343031,0.352817,0.350559,0.007528,2.194693,0.009787,-0.002258,neutral,dependency,True,True,0.330567,0.352407,0.352407,128,204,2,3,204,128,47,22,59,0,0.367188,0.171875,0.460938,197,7,204,1.593750,1.593750,0.656969,40.168144,0.898020,1.235820,,,1.063931,1.063507,1.064312,,,,,,"[0.2,0.4)",Q3
FB15k-237,tg_r2d3__pos_auto_ratio__ri_conf__dn_none__dl1_1e-5,215,/base/americancomedy/celebrity_impressionist/celebrities_impersonated,121,21,8,0.371935,0.371935,0.371935,0.000000,0.000000,0.000000,0.000000,neutral,dependency,True,True,0.354031,0.354370,0.354370,183,54,2,2,54,183,31,64,88,0,0.169399,0.349727,0.480874,51,3,54,0.295082,0.295082,0.628065,38.731563,0.857845,1.160170,,,1.007175,,1.007177,,,,,,"[0.2,0.4)",Q2
FB15k-237,tg_r2d3__pos_auto_ratio__ri_conf__dn_none__dl1_1e-5,216,/medicine/symptom/symptom_of,154,12,31,0.329899,0.329899,0.329899,0.000000,0.000000,0.000000,0.000000,neutral,rule_only,True,False,0.285124,0.285124,0.285124,100,47,2,0,0,100,18,39,43,0,0.180000,0.390000,0.430000,36,11,47,0.470000,0.470000,0.670101,38.584013,1.000000,1.000000,,,1.000000,1.000000,1.000000,,,,,,"[0.2,0.4)",Q2
FB15k-237,tg_r2d3__pos_auto_ratio__ri_conf__dn_none__dl1_1e-5,217,/education/university/fraternities_and_sororities,131,10,21,0.490282,0.490296,0.490296,0.000014,0.002873,0.000014,0.000000,neutral,rule_only,True,False,0.515807,0.515807,0.515807,386,886,2,0,0,386,64,243,79,0,0.165803,0.629534,0.204663,772,114,886,2.295337,2.295337,0.509718,38.117129,0.921646,0.921303,,,1.000000,1.000000,1.000000,,,,,,"[0.4,0.6)",Q4
FB15k-237,tg_r2d3__pos_auto_ratio__ri_conf__dn_none__dl1_1e-5,218,/location/statistical_region/places_exported_to./location/imports_and_exports/exported_to,172,17,13,0.185489,0.182249,0.193215,0.007725,4.164827,-0.003240,0.010965,positive,dependency,True,True,0.199283,0.208153,0.208153,2606,4795,2,3,4795,2606,468,1618,520,0,0.179586,0.620875,0.199540,3697,1098,4795,1.839985,1.839985,0.814511,40.233512,0.892867,0.777910,,,1.031301,1.029612,1.030901,,,,,,"[0.0,0.2)",Q3
FB15k-237,tg_r2d3__pos_auto_ratio__ri_conf__dn_none__dl1_1e-5,219,/location/statistical_region/gdp_nominal./measurement_unit/dated_money_value/currency,220,9,4,0.509289,0.509289,0.509289,0.000000,0.000000,0.000000,0.000000,neutral,rule_only,True,False,0.512968,0.512968,0.512968,1417,3397,2,0,0,1417,465,884,67,1,0.328158,0.623853,0.047283,563,2834,3397,2.397318,2.397318,0.490711,38.395736,0.811113,0.806701,,,1.000000,1.000000,1.000000,,,,,,"[0.4,0.6)",Q4
FB15k-237,tg_r2d3__pos_auto_ratio__ri_conf__dn_none__dl1_1e-5,220,/travel/travel_destination/how_to_get_here./travel/transportation/mode_of_transportation,146,16,20,0.813988,0.813988,0.813988,0.000000,0.000000,0.000000,0.000000,neutral,rule_only,True,False,0.715849,0.715849,0.715849,242,610,2,0,0,242,29,95,118,0,0.119835,0.392562,0.487603,484,126,610,2.520661,2.520661,0.186012,38.216329,1.000000,1.000000,,,1.000000,1.000000,1.000000,,,,,,"[0.6,1.0]",Q4
FB15k-237,tg_r2d3__pos_auto_ratio__ri_conf__dn_none__dl1_1e-5,221,/location/country/official_language,225,7,16,0.278615,0.350176,0.350176,0.071561,25.684500,0.071561,0.000000,positive,rule_only,True,False,0.354004,0.354004,0.354004,991,3964,2,0,0,991,237,562,192,0,0.239152,0.567104,0.193744,1982,1982,3964,4.000000,4.000000,0.721385,40.485909,0.947873,0.913653,,,1.000000,1.000000,1.000000,,,,,,"[0.2,0.4)",Q4
FB15k-237,tg_r2d3__pos_auto_ratio__ri_conf__dn_none__dl1_1e-5,222,/location/location/partially_contains,133,8,13,0.328284,0.319240,0.319240,-0.009044,-2.754827,-0.009044,0.000000,negative,rule_only,True,False,0.485168,0.485168,0.485168,758,1439,2,0,0,758,89,448,221,0,0.117414,0.591029,0.291557,1280,159,1439,1.898417,1.898417,0.671716,39.303803,1.033128,0.744058,,,1.000000,1.000000,1.000000,,,,,,"[0.2,0.4)",Q3
FB15k-237,tg_r2d3__pos_auto_ratio__ri_conf__dn_none__dl1_1e-5,223,/film/film/film_art_direction_by,101,4,3,0.750000,0.666667,0.666667,-0.083333,-11.111110,-0.083333,0.000000,negative,rule_only,True,False,0.274979,0.274979,0.274979,262,198,2,0,0,262,81,62,119,0,0.309160,0.236641,0.454198,198,0,198,0.755725,0.755725,0.250000,38.238689,1.055118,1.118389,,,1.000000,,1.000000,,,,,,"[0.6,1.0]",Q2
FB15k-237,tg_r2d3__pos_auto_ratio__ri_conf__dn_none__dl1_1e-5,224,/people/person/spouse_s./people/marriage/location_of_ceremony,251,21,35,0.230814,0.230814,0.230814,0.000000,0.000000,0.000000,0.000000,neutral,rule_only,True,False,0.368584,0.368584,0.368584,149,2,2,0,0,149,8,31,110,0,0.053691,0.208054,0.738255,1,1,2,0.013423,0.013423,0.769186,38.667802,1.000000,1.000000,,,1.000000,,,,,,,,"[0.2,0.4)",Q1
FB15k-237,tg_r2d3__pos_auto_ratio__ri_conf__dn_none__dl1_1e-5,225,/education/university/international_tuition./measurement_unit/dated_money_value/currency,117,2,0,0.000000,0.000000,0.000000,0.000000,0.000000,0.000000,0.000000,neutral,rule_only,True,False,0.312568,0.312568,0.312568,310,460,2,0,0,310,147,100,63,0,0.474194,0.322581,0.203226,283,177,460,1.483871,1.483871,1.000000,37.808829,1.000000,1.000000,,,1.000000,1.000000,1.000000,,,,,,"[0.0,0.2)",Q3
FB15k-237,tg_r2d3__pos_auto_ratio__ri_conf__dn_none__dl1_1e-5,226,/organization/organization_founder/organizations_founded,137,11,9,0.137939,0.137939,0.137939,0.000000,0.000000,0.000000,0.000000,neutral,dependency,True,True,0.247965,0.254783,0.254783,333,666,2,2,666,333,58,218,57,0,0.174174,0.654655,0.171171,666,0,666,2.000000,2.000000,0.862061,39.340007,1.300217,0.911000,,,1.009892,,1.018283,,,,,,"[0.0,0.2)",Q3
FB15k-237,tg_r2d3__pos_auto_ratio__ri_conf__dn_none__dl1_1e-5,227,/film/film/dubbing_performances./film/dubbing_performance/actor,114,19,8,0.439260,0.439260,0.434052,-0.005208,-1.185702,0.000000,-0.005208,negative,dependency,True,True,0.330139,0.345478,0.345478,111,3,2,1,3,111,19,36,56,0,0.171171,0.324324,0.504505,3,0,3,0.027027,0.027027,0.560740,39.344702,1.043604,1.069433,,,,,1.064691,,,,,,"[0.4,0.6)",Q1
FB15k-237,tg_r2d3__pos_auto_ratio__ri_conf__dn_none__dl1_1e-5,228,/dataworld/gardening_hint/split_to,99,4,10,0.000014,0.000014,0.000014,0.000000,0.000000,0.000000,0.000000,neutral,rule_only,False,False,0.000034,,0.000034,185,0,2,0,0,185,76,58,51,0,0.410811,0.313514,0.275676,0,0,0,0.000000,0.000000,0.999986,36.604084,1.000000,1.000000,,,,,,,,,,,"[0.0,0.2)",Q1
FB15k-237,tg_r2d3__pos_auto_ratio__ri_conf__dn_none__dl1_1e-5,229,/medicine/disease/risk_factors,162,19,13,0.357057,0.357853,0.357853,0.000796,0.222987,0.000796,0.000000,neutral,rule_only,True,False,0.257699,0.257699,0.257699,81,28,2,0,0,81,18,23,40,0,0.222222,0.283951,0.493827,25,3,28,0.345679,0.345679,0.642943,37.197941,0.995299,1.079706,,,1.000000,1.000000,1.000000,,,,,,"[0.2,0.4)",Q2
FB15k-237,tg_r2d3__pos_auto_ratio__ri_conf__dn_none__dl1_1e-5,230,/film/film/prequel,180,13,18,0.351427,0.379857,0.380256,0.028829,8.203475,0.028431,0.000398,positive,dependency,True,True,0.699454,0.702714,0.702714,191,10,1,1,10,191,191,0,0,0,1.000000,0.000000,0.000000,9,1,10,0.052356,0.052356,0.648573,38.219452,1.388727,,,,1.039965,,,,,,,,"[0.2,0.4)",Q1
FB15k-237,tg_r2d3__pos_auto_ratio__ri_conf__dn_none__dl1_1e-5,231,/base/localfood/seasonal_month/produce_available./base/localfood/produce_availability/seasonal_months,108,3,3,0.638889,0.638889,0.638889,0.000000,0.000000,0.000000,0.000000,neutral,rule_only,True,False,0.677778,0.677778,0.677778,1884,3768,2,0,0,1884,18,1794,72,0,0.009554,0.952229,0.038217,0,3768,3768,2.000000,2.000000,0.361111,36.171802,1.000000,1.000000,,,,1.000000,1.000000,,,,,,"[0.6,1.0]",Q3
FB15k-237,tg_r2d3__pos_auto_ratio__ri_conf__dn_none__dl1_1e-5,232,/film/actor/dubbing_performances./film/dubbing_performance/language,112,15,12,0.570687,0.570687,0.570674,-0.000013,-0.002287,0.000000,-0.000013,negative,dependency,True,True,0.651937,0.651952,0.651952,179,10,2,2,10,179,89,46,43,1,0.497207,0.256983,0.240223,6,4,10,0.055866,0.055866,0.429313,36.588526,1.002122,1.005970,,,1.003757,,1.004274,,,,,,"[0.4,0.6)",Q1
FB15k-237,tg_r2d3__pos_auto_ratio__ri_conf__dn_none__dl1_1e-5,233,/broadcast/content/artist,102,11,14,0.644148,0.644653,0.644653,0.000506,0.078493,0.000506,0.000000,neutral,rule_only,True,False,0.681702,0.681702,0.681702,313,508,2,0,0,313,33,195,85,0,0.105431,0.623003,0.271565,491,17,508,1.623003,1.623003,0.355852,36.494790,0.860403,0.877560,,,1.000000,1.000000,1.000000,,,,,,"[0.6,1.0]",Q3
FB15k-237,tg_r2d3__pos_auto_ratio__ri_conf__dn_none__dl1_1e-5,234,/location/statistical_region/gni_per_capita_in_ppp_dollars./measurement_unit/dated_money_value/currency,149,0,0,0.000000,0.000000,0.000000,0.000000,0.000000,0.000000,0.000000,neutral,rule_only,True,False,0.000000,0.000000,0.000000,1147,4588,2,0,0,1147,287,800,59,1,0.250218,0.697472,0.051439,2294,2294,4588,4.000000,4.000000,1.000000,36.289650,1.000000,1.000000,,,1.000000,,1.000000,,,,,,"[0.0,0.2)",Q4
FB15k-237,tg_r2d3__pos_auto_ratio__ri_conf__dn_none__dl1_1e-5,235,/music/instrument/family,100,3,6,0.203944,0.218850,0.223366,0.019422,9.523075,0.014906,0.004516,positive,dependency,True,True,0.453636,0.470228,0.470228,1089,1587,2,3,1587,1089,471,537,81,0,0.432507,0.493113,0.074380,1088,499,1587,1.457300,1.457300,0.796056,37.925769,0.903053,0.942574,,,1.052245,1.049518,1.050835,,,,,,"[0.2,0.4)",Q3
FB15k-237,tg_r2d3__pos_auto_ratio__ri_conf__dn_none__dl1_1e-5,236,/government/politician/government_positions_held./government/government_position_held/jurisdiction_of_office,106,6,9,0.311925,0.312072,0.312072,0.000146,0.046907,0.000146,0.000000,neutral,rule_only,True,False,0.632107,0.632107,0.632107,295,474,2,0,0,295,135,90,70,0,0.457627,0.305085,0.237288,404,70,474,1.606780,1.606780,0.688075,36.092049,1.031946,0.997458,,,1.000000,1.000000,1.000000,,,,,,"[0.2,0.4)",Q3
codex-l,tg_rd__pos_auto_sqrt__ri_conf__dn_per_rule_degree__dl1_1e-5,0,P27,60262,3310,3277,0.466921,0.466190,0.474764,0.007843,1.679685,-0.000731,0.008574,neutral,dependency,True,True,0.459432,0.468953,0.468953,15451,6044,0,0,0,15451,933,12826,1634,58,0.060384,0.830108,0.105754,4435,1609,6044,0.391172,0.391172,0.533079,3979.359228,,,,,,,,,,,,,"[0.4,0.6)",Q2
codex-l,tg_rd__pos_auto_sqrt__ri_conf__dn_per_rule_degree__dl1_1e-5,1,P17,7230,397,396,0.643609,0.641212,0.644040,0.000431,0.066957,-0.002396,0.002827,neutral,dependency,True,True,0.593045,0.594864,0.594864,4934,5587,0,0,0,4934,688,2523,1715,8,0.139441,0.511350,0.347588,5098,489,5587,1.132347,1.132347,0.356391,476.715414,,,,,,,,,,,,,"[0.6,1.0]",Q3
codex-l,tg_rd__pos_auto_sqrt__ri_conf__dn_per_rule_degree__dl1_1e-5,2,P106,169091,9415,9426,0.293734,0.291727,0.300146,0.006412,2.182845,-0.002008,0.008419,neutral,dependency,True,True,0.288559,0.298802,0.298802,68036,44267,0,0,0,68036,277,54094,13510,155,0.004071,0.795079,0.198571,37088,7179,44267,0.650641,0.650641,0.706266,15929.046320,,,,,,,,,,,,,"[0.2,0.4)",Q2
codex-l,tg_rd__pos_auto_sqrt__ri_conf__dn_per_rule_degree__dl1_1e-5,3,P19,35979,1944,1925,0.172977,0.173475,0.173475,0.000498,0.287849,0.000498,0.000000,neutral,rule_only,True,False,0.181247,0.181242,0.181247,5930,1718,0,0,0,5930,391,4510,988,41,0.065936,0.760540,0.166610,1447,271,1718,0.289713,0.289713,0.827023,4883.996930,,,,,,,,,,,,,"[0.0,0.2)",Q2
codex-l,tg_rd__pos_auto_sqrt__ri_conf__dn_per_rule_degree__dl1_1e-5,4,P102,11453,654,631,0.338872,0.334941,0.334889,-0.003983,-1.175453,-0.003931,-0.000052,negative,dependency,True,True,0.336200,0.337437,0.337437,2774,1529,0,0,0,2774,89,2249,420,16,0.032084,0.810743,0.151406,1453,76,1529,0.551190,0.551190,0.661128,1256.419609,,,,,,,,,,,,,"[0.2,0.4)",Q2
codex-l,tg_rd__pos_auto_sqrt__ri_conf__dn_per_rule_degree__dl1_1e-5,5,P69,30318,1713,1687,0.172584,0.173298,0.173556,0.000973,0.563625,0.000715,0.000258,neutral,dependency,True,True,0.169248,0.169743,0.169743,7157,394,0,0,0,7157,129,5575,1419,34,0.018024,0.778958,0.198267,335,59,394,0.055051,0.055051,0.827416,4226.425955,,,,,,,,,,,,,"[0.0,0.2)",Q1
codex-l,tg_rd__pos_auto_sqrt__ri_conf__dn_per_rule_degree__dl1_1e-5,6,P136,24352,1328,1401,0.252657,0.250522,0.256385,0.003728,1.475468,-0.002135,0.005863,neutral,dependency,True,True,0.248171,0.253071,0.253071,9433,4950,0,0,0,9433,160,6793,2433,47,0.016962,0.720131,0.257924,4090,860,4950,0.524754,0.524754,0.747343,1638.845113,,,,,,,,,,,,,"[0.2,0.4)",Q2
codex-l,tg_rd__pos_auto_sqrt__ri_conf__dn_per_rule_degree__dl1_1e-5,7,P463,17057,921,970,0.363188,0.363209,0.363209,0.000022,0.005923,0.000022,0.000000,neutral,rule_only,True,False,0.356367,0.354360,0.356367,35931,125322,0,0,0,35931,254,32627,3010,40,0.007069,0.908046,0.083772,53460,71862,125322,3.487852,3.487852,0.636812,898.221451,,,,,,,,,,,,,"[0.2,0.4)",Q4
codex-l,tg_rd__pos_auto_sqrt__ri_conf__dn_per_rule_degree__dl1_1e-5,8,P131,5915,344,322,0.597491,0.610610,0.613926,0.016435,2.750671,0.013119,0.003317,neutral,dependency,True,True,0.585750,0.589782,0.589782,3449,1184,0,0,0,3449,234,2227,981,7,0.067846,0.645694,0.284430,577,607,1184,0.343288,0.343288,0.402509,451.120892,,,,,,,,,,,,,"[0.4,0.6)",Q2
codex-l,tg_rd__pos_auto_sqrt__ri_conf__dn_per_rule_degree__dl1_1e-5,9,P1412,34372,1952,1993,0.478848,0.478224,0.478717,-0.000131,-0.027390,-0.000624,0.000493,negative,dependency,True,True,0.474246,0.477031,0.477031,8987,9302,0,0,0,8987,347,7673,939,28,0.038611,0.853789,0.104484,8403,899,9302,1.035051,1.035051,0.521152,1626.037256,,,,,,,,,,,,,"[0.4,0.6)",Q3
codex-l,tg_rd__pos_auto_sqrt__ri_conf__dn_per_rule_degree__dl1_1e-5,10,P140,6006,326,346,0.302097,0.295046,0.305400,0.003304,1.093545,-0.007051,0.010355,neutral,dependency,True,True,0.355435,0.359571,0.359571,2217,710,0,0,0,2217,127,1586,491,13,0.057285,0.715381,0.221470,659,51,710,0.320253,0.320253,0.697903,397.272397,,,,,,,,,,,,,"[0.2,0.4)",Q2
codex-l,tg_rd__pos_auto_sqrt__ri_conf__dn_per_rule_degree__dl1_1e-5,11,P1303,10609,584,584,0.418652,0.418111,0.422339,0.003687,0.880685,-0.000541,0.004228,neutral,dependency,True,True,0.421350,0.427140,0.427140,3045,2954,0,0,0,3045,85,2503,445,12,0.027915,0.822003,0.146141,2428,526,2954,0.970115,0.970115,0.581348,653.084792,,,,,,,,,,,,,"[0.4,0.6)",Q3
codex-l,tg_rd__pos_auto_sqrt__ri_conf__dn_per_rule_degree__dl1_1e-5,12,P3373,2618,135,132,0.996970,0.996970,0.996970,0.000000,0.000000,0.000000,0.000000,neutral,dependency,True,True,0.992845,0.996364,0.996364,3660,8384,0,0,0,3660,138,3069,453,0,0.037705,0.838525,0.123770,1064,7320,8384,2.290710,2.290710,0.003030,179.492441,,,,,,,,,,,,,"[0.6,1.0]",Q4
codex-l,tg_rd__pos_auto_sqrt__ri_conf__dn_per_rule_degree__dl1_1e-5,13,P20,22132,1218,1230,0.259736,0.258076,0.261100,0.001364,0.525256,-0.001660,0.003024,neutral,dependency,True,True,0.257660,0.261525,0.261525,4330,2240,0,0,0,4330,339,3308,658,25,0.078291,0.763972,0.151963,2127,113,2240,0.517321,0.517321,0.740264,2467.012766,,,,,,,,,,,,,"[0.2,0.4)",Q2
codex-l,tg_rd__pos_auto_sqrt__ri_conf__dn_per_rule_degree__dl1_1e-5,14,P47,7229,434,427,0.862971,0.862971,0.855449,-0.007521,-0.871576,0.000000,-0.007521,negative,dependency,True,True,0.862089,0.862421,0.862421,10275,7929,0,0,0,10275,398,5403,4474,0,0.038735,0.525839,0.435426,6691,1238,7929,0.771679,0.771679,0.137029,394.693857,,,,,,,,,,,,,"[0.6,1.0]",Q2
codex-l,tg_rd__pos_auto_sqrt__ri_conf__dn_per_rule_degree__dl1_1e-5,15,P26,1974,107,111,0.862340,0.862340,0.862340,0.000000,0.000000,0.000000,0.000000,neutral,rule_only,True,False,0.840178,0.840178,0.840178,13,4,0,0,0,13,13,0,0,0,1.000000,0.000000,0.000000,0,4,4,0.307692,0.307692,0.137660,63.395880,,,,,,,,,,,,,"[0.6,1.0]",Q2
codex-l,tg_rd__pos_auto_sqrt__ri_conf__dn_per_rule_degree__dl1_1e-5,16,P119,6013,347,324,0.291318,0.296029,0.302902,0.011584,3.976275,0.004710,0.006873,positive,dependency,True,True,0.255952,0.262238,0.262238,1536,252,0,0,0,1536,82,1163,286,5,0.053385,0.757161,0.186198,248,4,252,0.164062,0.164062,0.708682,621.570200,,,,,,,,,,,,,"[0.2,0.4)",Q2
codex-l,tg_rd__pos_auto_sqrt__ri_conf__dn_per_rule_degree__dl1_1e-5,17,P161,23171,1259,1239,0.081281,0.084832,0.084832,0.003551,4.369368,0.003551,0.000000,positive,rule_only,True,False,0.073429,0.073429,0.073429,7641,475,0,0,0,7641,68,3689,3884,0,0.008899,0.482790,0.508310,402,73,475,0.062165,0.062165,0.918719,865.385086,,,,,,,,,,,,,"[0.0,0.2)",Q1
codex-l,tg_rd__pos_auto_sqrt__ri_conf__dn_per_rule_degree__dl1_1e-5,18,P264,7063,393,390,0.151372,0.150671,0.153821,0.002449,1.618026,-0.000701,0.003150,neutral,dependency,True,True,0.142891,0.146989,0.146989,2992,281,0,0,0,2992,120,1982,878,12,0.040107,0.662433,0.293449,270,11,281,0.093917,0.093917,0.848628,427.270022,,,,,,,,,,,,,"[0.0,0.2)",Q1
codex-l,tg_rd__pos_auto_sqrt__ri_conf__dn_per_rule_degree__dl1_1e-5,19,P101,5185,309,286,0.273157,0.272621,0.271954,-0.001203,-0.440289,-0.000536,-0.000667,negative,dependency,True,True,0.233297,0.233434,0.233434,1594,430,0,0,0,1594,50,1150,388,6,0.031368,0.721455,0.243413,429,1,430,0.269762,0.269762,0.726843,552.262244,,,,,,,,,,,,,"[0.2,0.4)",Q2
codex-l,tg_rd__pos_auto_sqrt__ri_conf__dn_per_rule_degree__dl1_1e-5,20,P108,11999,648,644,0.195579,0.191812,0.194560,-0.001018,-0.520622,-0.003767,0.002749,negative,dependency,True,True,0.174102,0.176788,0.176788,3189,193,0,0,0,3189,81,2448,652,8,0.025400,0.767639,0.204453,191,2,193,0.060521,0.060521,0.804421,457.759562,,,,,,,,,,,,,"[0.0,0.2)",Q1
codex-l,tg_rd__pos_auto_sqrt__ri_conf__dn_per_rule_degree__dl1_1e-5,21,P737,1634,84,90,0.113942,0.116836,0.125747,0.011806,10.361186,0.002895,0.008911,positive,dependency,True,True,0.079774,0.084553,0.084553,622,13,0,0,0,622,21,308,293,0,0.033762,0.495177,0.471061,13,0,13,0.020900,0.020900,0.886058,103.601248,,,,,,,,,,,,,"[0.0,0.2)",Q1
codex-l,tg_rd__pos_auto_sqrt__ri_conf__dn_per_rule_degree__dl1_1e-5,22,P740,1140,70,72,0.231186,0.240068,0.250246,0.019060,8.244453,0.008883,0.010177,positive,dependency,True,True,0.260741,0.265349,0.265349,191,43,0,0,0,191,71,71,49,0,0.371728,0.371728,0.256545,41,2,43,0.225131,0.225131,0.768814,102.923227,,,,,,,,,,,,,"[0.2,0.4)",Q2
codex-l,tg_rd__pos_auto_sqrt__ri_conf__dn_per_rule_degree__dl1_1e-5,23,P530,5640,330,315,0.764310,0.735412,0.773893,0.009583,1.253869,-0.028898,0.038482,neutral,dependency,True,True,0.759779,0.794676,0.794676,53284,213136,0,0,0,53284,376,47166,5730,12,0.007057,0.885181,0.107537,106568,106568,213136,4.000000,4.000000,0.235690,110.413545,,,,,,,,,,,,,"[0.6,1.0]",Q4
codex-l,tg_rd__pos_auto_sqrt__ri_conf__dn_per_rule_degree__dl1_1e-5,24,P509,6558,365,392,0.166090,0.162051,0.161473,-0.004618,-2.780173,-0.004040,-0.000578,negative,dependency,True,True,0.158716,0.160014,0.160014,1950,67,0,0,0,1950,42,1355,538,15,0.021538,0.694872,0.275897,66,1,67,0.034359,0.034359,0.833910,172.036965,,,,,,,,,,,,,"[0.0,0.2)",Q1
codex-l,tg_rd__pos_auto_sqrt__ri_conf__dn_per_rule_degree__dl1_1e-5,25,P495,6413,404,337,0.466647,0.466968,0.469707,0.003060,0.655741,0.000321,0.002739,neutral,dependency,True,True,0.473696,0.480074,0.480074,3344,3191,0,0,0,3344,279,2662,395,8,0.083433,0.796053,0.118122,2545,646,3191,0.954246,0.954246,0.533353,184.414223,,,,,,,,,,,,,"[0.4,0.6)",Q3
codex-l,tg_rd__pos_auto_sqrt__ri_conf__dn_per_rule_degree__dl1_1e-5,26,P551,3774,194,245,0.193974,0.191226,0.195795,0.001821,0.938867,-0.002748,0.004569,neutral,dependency,True,True,0.190149,0.196851,0.196851,877,38,0,0,0,877,116,407,351,3,0.132269,0.464082,0.400228,38,0,38,0.043330,0.043330,0.806026,375.407970,,,,,,,,,,,,,"[0.0,0.2)",Q1
codex-l,tg_rd__pos_auto_sqrt__ri_conf__dn_per_rule_degree__dl1_1e-5,27,P113,241,24,20,0.402246,0.397385,0.403039,0.000794,0.197312,-0.004861,0.005655,neutral,dependency,True,True,0.575825,0.579527,0.579527,76,33,0,0,0,76,37,9,30,0,0.486842,0.118421,0.394737,33,0,33,0.434211,0.434211,0.597754,43.268819,,,,,,,,,,,,,"[0.4,0.6)",Q2
codex-l,tg_rd__pos_auto_sqrt__ri_conf__dn_per_rule_degree__dl1_1e-5,28,P37,2197,118,111,0.556790,0.554203,0.559801,0.003011,0.540698,-0.002587,0.005597,neutral,dependency,True,True,0.525745,0.534991,0.534991,1579,6174,0,0,0,1579,163,1059,352,5,0.103230,0.670678,0.222926,3158,3016,6174,3.910070,3.910070,0.443210,115.257930,,,,,,,,,,,,,"[0.4,0.6)",Q4
codex-l,tg_rd__pos_auto_sqrt__ri_conf__dn_per_rule_degree__dl1_1e-5,29,P840,2948,156,155,0.190853,0.182530,0.189219,-0.001634,-0.856248,-0.008323,0.006688,negative,dependency,True,True,0.183749,0.187428,0.187428,1106,135,0,0,0,1106,83,555,464,4,0.075045,0.501808,0.419530,121,14,135,0.122061,0.122061,0.809147,134.966408,,,,,,,,,,,,,"[0.0,0.2)",Q1
codex-l,tg_rd__pos_auto_sqrt__ri_conf__dn_per_rule_degree__dl1_1e-5,30,P36,621,31,46,0.470766,0.463864,0.473160,0.002394,0.508484,-0.006902,0.009296,neutral,dependency,True,True,0.468164,0.492097,0.492097,255,418,0,0,0,255,111,50,94,0,0.435294,0.196078,0.368627,408,10,418,1.639216,1.639216,0.529234,40.755688,,,,,,,,,,,,,"[0.4,0.6)",Q3
codex-l,tg_rd__pos_auto_sqrt__ri_conf__dn_per_rule_degree__dl1_1e-5,31,P172,3605,210,197,0.445394,0.450063,0.450063,0.004669,1.048379,0.004669,0.000000,neutral,rule_only,True,False,0.397886,0.397585,0.397886,1744,1717,0,0,0,1744,109,1302,328,5,0.062500,0.746560,0.188073,1270,447,1717,0.984518,0.984518,0.554606,168.356869,,,,,,,,,,,,,"[0.4,0.6)",Q3
codex-l,tg_rd__pos_auto_sqrt__ri_conf__dn_per_rule_degree__dl1_1e-5,32,P54,668,38,38,0.289543,0.267902,0.285479,-0.004063,-1.403384,-0.021641,0.017577,negative,dependency,True,True,0.257470,0.273058,0.273058,323,18,0,0,0,323,13,196,114,0,0.040248,0.606811,0.352941,17,1,18,0.055728,0.055728,0.710457,66.287161,,,,,,,,,,,,,"[0.2,0.4)",Q1
codex-l,tg_rd__pos_auto_sqrt__ri_conf__dn_per_rule_degree__dl1_1e-5,33,P407,936,47,50,0.517914,0.518063,0.519019,0.001105,0.213287,0.000149,0.000956,neutral,dependency,True,True,0.526378,0.533441,0.533441,219,228,0,0,0,219,62,112,43,2,0.283105,0.511416,0.196347,185,43,228,1.041096,1.041096,0.482086,74.547581,,,,,,,,,,,,,"[0.4,0.6)",Q3
codex-l,tg_rd__pos_auto_sqrt__ri_conf__dn_per_rule_degree__dl1_1e-5,34,P2348,499,18,35,0.421856,0.421856,0.422144,0.000288,0.068170,0.000000,0.000288,neutral,dependency,True,True,0.417808,0.418038,0.418038,230,125,0,0,0,230,53,120,55,2,0.230435,0.521739,0.239130,119,6,125,0.543478,0.543478,0.578144,30.460039,,,,,,,,,,,,,"[0.4,0.6)",Q2
codex-l,tg_rd__pos_auto_sqrt__ri_conf__dn_per_rule_degree__dl1_1e-5,35,P159,842,49,32,0.345184,0.367703,0.368048,0.022864,6.623821,0.022519,0.000345,positive,dependency,True,True,0.376343,0.382042,0.382042,204,85,0,0,0,204,84,50,70,0,0.411765,0.245098,0.343137,85,0,85,0.416667,0.416667,0.654816,56.399827,,,,,,,,,,,,,"[0.2,0.4)",Q2
codex-l,tg_rd__pos_auto_sqrt__ri_conf__dn_per_rule_degree__dl1_1e-5,36,P40,1678,92,84,0.464210,0.464993,0.465152,0.000943,0.203049,0.000784,0.000159,neutral,dependency,True,True,0.496345,0.496797,0.496797,257,238,0,0,0,257,66,145,46,0,0.256809,0.564202,0.178988,0,238,238,0.926070,0.926070,0.535790,139.218427,,,,,,,,,,,,,"[0.4,0.6)",Q3
codex-l,tg_rd__pos_auto_sqrt__ri_conf__dn_per_rule_degree__dl1_1e-5,37,P641,3024,166,185,0.549123,0.554300,0.550142,0.001019,0.185509,0.005177,-0.004158,neutral,dependency,True,True,0.576533,0.591711,0.591711,655,137,0,0,0,655,45,455,149,6,0.068702,0.694656,0.227481,100,37,137,0.209160,0.209160,0.450877,102.774545,,,,,,,,,,,,,"[0.4,0.6)",Q2
codex-l,tg_rd__pos_auto_sqrt__ri_conf__dn_per_rule_degree__dl1_1e-5,38,P1050,702,36,35,0.314312,0.315487,0.314994,0.000682,0.216913,0.001175,-0.000493,neutral,dependency,True,True,0.296411,0.297235,0.297235,206,3,0,0,0,206,8,121,77,0,0.038835,0.587379,0.373786,3,0,3,0.014563,0.014563,0.685688,30.335704,,,,,,,,,,,,,"[0.2,0.4)",Q1
codex-l,tg_rd__pos_auto_sqrt__ri_conf__dn_per_rule_degree__dl1_1e-5,39,P135,832,50,51,0.288187,0.302422,0.302422,0.014236,4.939708,0.014236,0.000000,positive,rule_only,True,False,0.224461,0.224144,0.224461,288,17,0,0,0,288,26,189,73,0,0.090278,0.656250,0.253472,17,0,17,0.059028,0.059028,0.711813,39.228343,,,,,,,,,,,,,"[0.2,0.4)",Q1
codex-l,tg_rd__pos_auto_sqrt__ri_conf__dn_per_rule_degree__dl1_1e-5,40,P57,1533,76,78,0.295654,0.285759,0.300827,0.005173,1.749672,-0.009894,0.015067,neutral,dependency,True,True,0.281266,0.296161,0.296161,293,7,0,0,0,293,22,153,118,0,0.075085,0.522184,0.402730,7,0,7,0.023891,0.023891,0.704346,68.973454,,,,,,,,,,,,,"[0.2,0.4)",Q1
codex-l,tg_rd__pos_auto_sqrt__ri_conf__dn_per_rule_degree__dl1_1e-5,41,P2283,132,6,6,0.521677,0.521677,0.521677,0.000000,0.000000,0.000000,0.000000,neutral,rule_only,True,False,0.532080,0.532080,0.532080,52,8,0,0,0,52,14,16,22,0,0.269231,0.307692,0.423077,6,2,8,0.153846,0.153846,0.478323,28.012586,,,,,,,,,,,,,"[0.4,0.6)",Q2
codex-l,tg_rd__pos_auto_sqrt__ri_conf__dn_per_rule_degree__dl1_1e-5,42,P112,265,13,15,0.102730,0.102730,0.102730,0.000000,0.000000,0.000000,0.000000,neutral,rule_only,False,False,0.072485,,0.072485,4,0,0,0,0,4,3,0,1,0,0.750000,0.000000,0.250000,0,0,0,0.000000,0.000000,0.897270,26.406214,,,,,,,,,,,,,"[0.0,0.2)",Q1
codex-l,tg_rd__pos_auto_sqrt__ri_conf__dn_per_rule_degree__dl1_1e-5,43,P749,330,25,18,0.275026,0.275032,0.270055,-0.004971,-1.807456,0.000006,-0.004977,negative,dependency,True,True,0.268092,0.292669,0.292669,85,14,0,0,0,85,30,19,36,0,0.352941,0.223529,0.423529,14,0,14,0.164706,0.164706,0.724974,49.863533,,,,,,,,,,,,,"[0.2,0.4)",Q2
codex-l,tg_rd__pos_auto_sqrt__ri_conf__dn_per_rule_degree__dl1_1e-5,44,P30,1004,52,54,0.591382,0.586429,0.587103,-0.004279,-0.723561,-0.004954,0.000675,negative,dependency,True,True,0.569460,0.575316,0.575316,1199,4123,0,0,0,1199,129,912,156,2,0.107590,0.760634,0.130108,1725,2398,4123,3.438699,3.438699,0.408618,42.884972,,,,,,,,,,,,,"[0.4,0.6)",Q4
codex-l,tg_rd__pos_auto_sqrt__ri_conf__dn_per_rule_degree__dl1_1e-5,45,P466,77,2,4,0.523528,0.523528,0.523528,0.000000,0.000000,0.000000,0.000000,neutral,rule_only,True,False,0.291673,0.291673,0.291673,13,3,0,0,0,13,4,2,7,0,0.307692,0.153846,0.538462,3,0,3,0.230769,0.230769,0.476472,24.486176,,,,,,,,,,,,,"[0.4,0.6)",Q2
codex-l,tg_rd__pos_auto_sqrt__ri_conf__dn_per_rule_degree__dl1_1e-5,46,P4552,258,21,19,0.435228,0.455588,0.447138,0.011910,2.736425,0.020360,-0.008450,neutral,dependency,True,True,0.547523,0.554987,0.554987,124,9,0,0,0,124,6,74,44,0,0.048387,0.596774,0.354839,9,0,9,0.072581,0.072581,0.564772,29.425162,,,,,,,,,,,,,"[0.4,0.6)",Q1
codex-l,tg_rd__pos_auto_sqrt__ri_conf__dn_per_rule_degree__dl1_1e-5,47,P780,168,10,6,0.331142,0.331142,0.331142,0.000000,0.000000,0.000000,0.000000,neutral,dependency,True,True,0.221777,0.221963,0.221963,102,24,0,0,0,102,4,55,43,0,0.039216,0.539216,0.421569,7,17,24,0.235294,0.235294,0.668858,24.980931,,,,,,,,,,,,,"[0.2,0.4)",Q2
codex-l,tg_rd__pos_auto_sqrt__ri_conf__dn_per_rule_degree__dl1_1e-5,48,P361,1138,63,69,0.533335,0.534408,0.528962,-0.004372,-0.819815,0.001073,-0.005445,negative,dependency,True,True,0.566932,0.572191,0.572191,964,1044,0,0,0,964,95,637,231,1,0.098548,0.660788,0.239627,801,243,1044,1.082988,1.082988,0.466665,39.780752,,,,,,,,,,,,,"[0.4,0.6)",Q3
codex-l,tg_rd__pos_auto_sqrt__ri_conf__dn_per_rule_degree__dl1_1e-5,49,P123,147,8,7,0.273136,0.276663,0.276469,0.003333,1.220253,0.003527,-0.000194,neutral,dependency,True,True,0.256038,0.260338,0.260338,53,9,0,0,0,53,6,26,21,0,0.113208,0.490566,0.396226,9,0,9,0.169811,0.169811,0.726864,26.521923,,,,,,,,,,,,,"[0.2,0.4)",Q2
codex-l,tg_rd__pos_auto_sqrt__ri_conf__dn_per_rule_degree__dl1_1e-5,50,P2176,113,7,3,0.713889,0.713889,0.713889,0.000000,0.000000,0.000000,0.000000,neutral,rule_only,True,False,0.549620,0.549620,0.549620,122,25,0,0,0,122,2,83,37,0,0.016393,0.680328,0.303279,5,20,25,0.204918,0.204918,0.286111,26.413977,,,,,,,,,,,,,"[0.6,1.0]",Q2
codex-l,tg_rd__pos_auto_sqrt__ri_conf__dn_per_rule_degree__dl1_1e-5,51,P452,108,1,7,0.302378,0.302378,0.302378,0.000000,0.000000,0.000000,0.000000,neutral,rule_only,True,False,0.500013,0.500013,0.500013,41,8,0,0,0,41,9,7,25,0,0.219512,0.170732,0.609756,8,0,8,0.195122,0.195122,0.697622,25.863797,,,,,,,,,,,,,"[0.2,0.4)",Q2
codex-l,tg_rd__pos_auto_sqrt__ri_conf__dn_per_rule_degree__dl1_1e-5,52,P138,324,16,21,0.112337,0.112337,0.112337,0.000000,0.000000,0.000000,0.000000,neutral,rule_only,True,False,0.205493,0.205493,0.205493,33,4,0,0,0,33,25,5,3,0,0.757576,0.151515,0.090909,3,1,4,0.121212,0.121212,0.887663,27.528860,,,,,,,,,,,,,"[0.0,0.2)",Q1
codex-l,tg_rd__pos_auto_sqrt__ri_conf__dn_per_rule_degree__dl1_1e-5,53,P451,601,42,27,0.842594,0.842594,0.842594,0.000000,0.000000,0.000000,0.000000,neutral,rule_only,False,False,0.626987,,0.626987,5,0,0,0,0,5,3,0,2,0,0.600000,0.000000,0.400000,0,0,0,0.000000,0.000000,0.157406,25.512910,,,,,,,,,,,,,"[0.6,1.0]",Q1
codex-l,tg_rd__pos_auto_sqrt__ri_conf__dn_per_rule_degree__dl1_1e-5,54,P114,97,5,1,0.538462,0.545455,0.545455,0.006993,1.298701,0.006993,0.000000,neutral,rule_only,True,False,0.544248,0.544248,0.544248,40,12,0,0,0,40,7,8,25,0,0.175000,0.200000,0.625000,12,0,12,0.300000,0.300000,0.461538,24.428842,,,,,,,,,,,,,"[0.4,0.6)",Q2
codex-l,tg_rd__pos_auto_sqrt__ri_conf__dn_per_rule_degree__dl1_1e-5,55,P170,376,23,28,0.772963,0.772963,0.772963,0.000000,0.000000,0.000000,0.000000,neutral,rule_only,True,False,0.640872,0.640872,0.640872,168,49,0,0,0,168,11,102,55,0,0.065476,0.607143,0.327381,15,34,49,0.291667,0.291667,0.227037,27.420431,,,,,,,,,,,,,"[0.6,1.0]",Q2
codex-l,tg_rd__pos_auto_sqrt__ri_conf__dn_per_rule_degree__dl1_1e-5,56,P1454,163,5,2,0.151329,0.147740,0.148822,-0.002506,-1.656178,-0.003589,0.001082,negative,dependency,True,True,0.383469,0.383635,0.383635,66,20,0,0,0,66,12,18,36,0,0.181818,0.272727,0.545455,17,3,20,0.303030,0.303030,0.848671,24.800914,,,,,,,,,,,,,"[0.0,0.2)",Q2
codex-l,tg_rd__pos_auto_sqrt__ri_conf__dn_per_rule_degree__dl1_1e-5,57,P50,138,18,11,0.424815,0.415403,0.419665,-0.005150,-1.212270,-0.009412,0.004262,negative,dependency,True,True,0.394310,0.394587,0.394587,46,1,0,0,0,46,7,26,13,0,0.152174,0.565217,0.282609,1,0,1,0.021739,0.021739,0.575185,26.907181,,,,,,,,,,,,,"[0.4,0.6)",Q1
codex-l,tg_rd__pos_auto_sqrt__ri_conf__dn_per_rule_degree__dl1_1e-5,58,P488,75,2,4,0.062503,0.062503,0.062503,0.000000,0.000000,0.000000,0.000000,neutral,rule_only,True,False,0.266673,0.266673,0.266673,15,2,0,0,0,15,5,8,2,0,0.333333,0.533333,0.133333,2,0,2,0.133333,0.133333,0.937497,24.287326,,,,,,,,,,,,,"[0.0,0.2)",Q1
codex-l,tg_rd__pos_auto_sqrt__ri_conf__dn_per_rule_degree__dl1_1e-5,59,P1995,58,5,4,0.453954,0.453954,0.453954,0.000000,0.000000,0.000000,0.000000,neutral,rule_only,True,False,0.552860,0.552860,0.552860,23,3,0,0,0,23,2,14,7,0,0.086957,0.608696,0.304348,0,3,3,0.130435,0.130435,0.546046,25.443065,,,,,,,,,,,,,"[0.4,0.6)",Q1
codex-l,tg_rd__pos_auto_sqrt__ri_conf__dn_per_rule_degree__dl1_1e-5,60,P84,43,0,2,0.564777,0.564777,0.564777,0.000000,0.000000,0.000000,0.000000,neutral,rule_only,False,False,0.000000,,0.000000,14,0,0,0,0,14,2,6,6,0,0.142857,0.428571,0.428571,0,0,0,0.000000,0.000000,0.435223,23.457734,,,,,,,,,,,,,"[0.4,0.6)",Q1
codex-l,tg_rd__pos_auto_sqrt__ri_conf__dn_per_rule_degree__dl1_1e-5,61,P169,16,0,1,0.000013,0.000013,0.000013,0.000000,0.000000,0.000000,0.000000,neutral,rule_only,False,False,0.000000,,0.000000,9,0,0,0,0,9,5,1,3,0,0.555556,0.111111,0.333333,0,0,0,0.000000,0.000000,0.999987,24.183844,,,,,,,,,,,,,"[0.0,0.2)",Q1
codex-l,tg_rd__pos_auto_sqrt__ri_conf__dn_per_rule_degree__dl1_1e-5,62,P1056,11,0,0,0.000000,0.000000,0.000000,0.000000,0.000000,0.000000,0.000000,neutral,rule_only,False,False,0.000000,,0.000000,3,0,0,0,0,3,0,0,3,0,0.000000,0.000000,1.000000,0,0,0,0.000000,0.000000,1.000000,23.605874,,,,,,,,,,,,,"[0.0,0.2)",Q1
codex-l,tg_rd__pos_auto_sqrt__ri_conf__dn_per_rule_degree__dl1_1e-5,63,P149,15,0,2,0.000006,0.000006,0.000006,0.000000,0.000000,0.000000,0.000000,neutral,rule_only,False,False,0.000000,,0.000000,2,0,0,0,0,2,0,1,1,0,0.000000,0.500000,0.500000,0,0,0,0.000000,0.000000,0.999994,23.914698,,,,,,,,,,,,,"[0.0,0.2)",Q1
codex-l,tg_rd__pos_auto_sqrt__ri_conf__dn_per_rule_degree__dl1_1e-5,64,P194,11,1,0,0.000000,0.000000,0.000000,0.000000,0.000000,0.000000,0.000000,neutral,rule_only,False,False,0.590909,,0.590909,12,0,0,0,0,12,3,4,5,0,0.250000,0.333333,0.416667,0,0,0,0.000000,0.000000,1.000000,23.564523,,,,,,,,,,,,,"[0.0,0.2)",Q1
YAGO3-10,structural_dep_scale,0,isLocatedIn,88672,438,411,0.387986,0.387986,0.406665,0.018678,4.814172,0.000000,0.018678,positive,dependency,True,True,0.395999,0.412172,0.412172,20377,16752,0,0,0,20377,704,15515,4044,114,0.034549,0.761398,0.198459,13955,2797,16752,0.822103,0.822103,0.612014,1225.624038,,,,,,,,,,,,,"[0.2,0.4)",Q3
YAGO3-10,structural_dep_scale,1,playsFor,321024,1533,1492,0.665555,0.665555,0.671608,0.006054,0.909559,0.000000,0.006054,neutral,dependency,True,True,0.652110,0.657864,0.657864,273138,256620,0,0,0,273138,43,230831,41407,857,0.000157,0.845108,0.151597,122710,133910,256620,0.939525,0.939525,0.334445,1851.399376,,,,,,,,,,,,,"[0.6,1.0]",Q3
YAGO3-10,structural_dep_scale,2,isAffiliatedTo,373783,1688,1673,0.739701,0.739701,0.744655,0.004954,0.669796,0.000000,0.004954,neutral,dependency,True,True,0.746757,0.750752,0.750752,330607,313568,0,0,0,330607,120,282966,46517,1004,0.000363,0.855898,0.140702,172286,141282,313568,0.948461,0.948461,0.260299,1399.992785,,,,,,,,,,,,,"[0.6,1.0]",Q3
YAGO3-10,structural_dep_scale,3,diedIn,9248,43,49,0.179998,0.179998,0.200778,0.020780,11.544642,0.000000,0.020780,positive,dependency,True,True,0.282052,0.294210,0.294210,1492,960,0,0,0,1492,164,875,444,9,0.109920,0.586461,0.297587,934,26,960,0.643432,0.643432,0.820002,260.631481,,,,,,,,,,,,,"[0.0,0.2)",Q2
YAGO3-10,structural_dep_scale,4,actedIn,32155,151,173,0.123255,0.123255,0.121466,-0.001789,-1.451621,0.000000,-0.001789,negative,dependency,True,True,0.093482,0.093699,0.093699,7135,1168,0,0,0,7135,64,3506,3563,2,0.008970,0.491381,0.499369,920,248,1168,0.163700,0.163700,0.876745,237.275188,,,,,,,,,,,,,"[0.0,0.2)",Q2
YAGO3-10,structural_dep_scale,5,graduatedFrom,7348,42,42,0.239313,0.239313,0.236386,-0.002927,-1.223116,0.000000,-0.002927,negative,dependency,True,True,0.204572,0.205122,0.205122,1757,349,0,0,0,1757,100,750,897,10,0.056915,0.426864,0.510529,307,42,349,0.198634,0.198634,0.760687,122.399313,,,,,,,,,,,,,"[0.2,0.4)",Q2
YAGO3-10,structural_dep_scale,6,wasBornIn,44978,223,210,0.202588,0.202588,0.206539,0.003950,1.949963,0.000000,0.003950,neutral,dependency,True,True,0.192403,0.198207,0.198207,12145,5673,0,0,0,12145,190,11021,871,63,0.015644,0.907452,0.071717,4900,773,5673,0.467106,0.467106,0.797412,823.558670,,,,,,,,,,,,,"[0.2,0.4)",Q2
YAGO3-10,structural_dep_scale,7,hasGender,66163,311,297,0.495790,0.495790,0.495790,0.000000,0.000000,0.000000,0.000000,neutral,rule_only,True,False,0.481863,0.481863,0.481863,20361,2358,0,0,0,20361,148,20152,59,2,0.007269,0.989735,0.002898,173,2185,2358,0.115810,0.115810,0.504210,57.781689,,,,,,,,,,,,,"[0.4,0.6)",Q1
YAGO3-10,structural_dep_scale,8,happenedIn,5056,22,21,0.405910,0.405910,0.405910,0.000000,0.000000,0.000000,0.000000,neutral,rule_only,True,False,0.393520,0.393520,0.393520,4874,5151,0,0,0,4874,129,2816,1928,1,0.026467,0.577760,0.395568,4921,230,5151,1.056832,1.056832,0.594090,56.103972,,,,,,,,,,,,,"[0.4,0.6)",Q3
YAGO3-10,structural_dep_scale,9,hasMusicalRole,7754,37,36,0.299542,0.299542,0.298884,-0.000658,-0.219591,0.000000,-0.000658,negative,dependency,True,True,0.260088,0.271896,0.271896,3904,902,0,0,0,3904,18,3164,708,14,0.004611,0.810451,0.181352,439,463,902,0.231045,0.231045,0.700458,49.210441,,,,,,,,,,,,,"[0.2,0.4)",Q2
YAGO3-10,structural_dep_scale,10,isConnectedTo,32055,133,150,0.507983,0.507983,0.507983,0.000000,0.000000,0.000000,0.000000,neutral,rule_only,True,False,0.546566,0.546566,0.546566,263030,1052120,0,0,0,263030,59,257217,5666,88,0.000224,0.977900,0.021541,526060,526060,1052120,4.000000,4.000000,0.492017,239.145322,,,,,,,,,,,,,"[0.4,0.6)",Q4
YAGO3-10,structural_dep_scale,11,isMarriedTo,3757,21,17,0.990196,0.990196,0.990196,0.000000,0.000000,0.000000,0.000000,neutral,rule_only,True,False,1.000000,1.000000,1.000000,91,23,0,0,0,91,71,12,8,0,0.780220,0.131868,0.087912,21,2,23,0.252747,0.252747,0.009804,67.624802,,,,,,,,,,,,,"[0.6,1.0]",Q2
YAGO3-10,structural_dep_scale,12,participatedIn,5150,21,19,0.333964,0.333964,0.366734,0.032770,9.812399,0.000000,0.032770,positive,dependency,True,True,0.431530,0.435057,0.435057,8616,15765,0,0,0,8616,116,5917,2580,3,0.013463,0.686746,0.299443,13426,2339,15765,1.829735,1.829735,0.666036,58.535376,,,,,,,,,,,,,"[0.2,0.4)",Q3
YAGO3-10,structural_dep_scale,13,hasOfficialLanguage,298,0,2,0.175595,0.175595,0.175595,0.000000,0.000000,0.000000,0.000000,neutral,rule_only,True,False,0.000000,0.000000,0.000000,325,580,0,0,0,325,27,179,119,0,0.083077,0.550769,0.366154,493,87,580,1.784615,1.784615,0.824405,13.064653,,,,,,,,,,,,,"[0.0,0.2)",Q3
YAGO3-10,structural_dep_scale,14,hasWonPrize,24068,100,111,0.263690,0.263690,0.268180,0.004489,1.702549,0.000000,0.004489,neutral,dependency,True,True,0.260756,0.262144,0.262144,19845,6966,0,0,0,19845,91,16078,3628,48,0.004586,0.810179,0.182817,4872,2094,6966,0.351020,0.351020,0.736310,182.207516,,,,,,,,,,,,,"[0.2,0.4)",Q2
YAGO3-10,structural_dep_scale,15,influences,10710,44,47,0.140658,0.140658,0.143234,0.002576,1.831667,0.000000,0.002576,neutral,dependency,True,True,0.133078,0.138337,0.138337,6063,2539,0,0,0,6063,82,3254,2724,3,0.013525,0.536698,0.449283,2501,38,2539,0.418770,0.418770,0.859342,96.825160,,,,,,,,,,,,,"[0.0,0.2)",Q2
YAGO3-10,structural_dep_scale,16,worksAt,3389,15,15,0.402777,0.402777,0.402777,0.000000,0.000000,0.000000,0.000000,neutral,rule_only,True,False,0.156565,0.156565,0.156565,1248,165,0,0,0,1248,60,439,748,1,0.048077,0.351763,0.599359,161,4,165,0.132212,0.132212,0.597223,73.188882,,,,,,,,,,,,,"[0.4,0.6)",Q1
YAGO3-10,structural_dep_scale,17,created,6933,24,49,0.318557,0.318557,0.318557,0.000000,0.000000,0.000000,0.000000,neutral,rule_only,True,False,0.377018,0.377018,0.377018,861,165,0,0,0,861,55,470,336,0,0.063879,0.545877,0.390244,116,49,165,0.191638,0.191638,0.681443,80.196942,,,,,,,,,,,,,"[0.2,0.4)",Q2
YAGO3-10,structural_dep_scale,18,edited,3083,9,22,0.276437,0.276437,0.275894,-0.000542,-0.196228,0.000000,-0.000542,negative,dependency,True,True,0.567467,0.581971,0.581971,684,70,0,0,0,684,15,270,399,0,0.021930,0.394737,0.583333,63,7,70,0.102339,0.102339,0.723563,68.047671,,,,,,,,,,,,,"[0.2,0.4)",Q1
YAGO3-10,structural_dep_scale,19,directed,5481,19,30,0.387915,0.387915,0.387915,0.000000,0.000000,0.000000,0.000000,neutral,rule_only,True,False,0.464784,0.464784,0.464784,807,123,0,0,0,807,36,444,327,0,0.044610,0.550186,0.405204,82,41,123,0.152416,0.152416,0.612085,69.429383,,,,,,,,,,,,,"[0.2,0.4)",Q1
YAGO3-10,structural_dep_scale,20,hasAcademicAdvisor,914,2,5,0.116899,0.116899,0.116899,0.000000,0.000000,0.000000,0.000000,neutral,rule_only,True,False,0.013812,0.013812,0.013812,83,3,0,0,0,83,22,18,43,0,0.265060,0.216867,0.518072,3,0,3,0.036145,0.036145,0.883101,26.932782,,,,,,,,,,,,,"[0.0,0.2)",Q1
YAGO3-10,structural_dep_scale,21,imports,393,1,0,0.000000,0.000000,0.000000,0.000000,0.000000,0.000000,0.000000,neutral,rule_only,True,False,0.125008,0.125008,0.125008,676,1285,0,0,0,676,42,406,228,0,0.062130,0.600592,0.337278,962,323,1285,1.900888,1.900888,1.000000,14.252775,,,,,,,,,,,,,"[0.0,0.2)",Q3
YAGO3-10,structural_dep_scale,22,isPoliticianOf,2163,13,10,0.722485,0.722485,0.722485,0.000000,0.000000,0.000000,0.000000,neutral,dependency,True,True,0.729305,0.731137,0.731137,720,1488,0,0,0,720,132,375,210,3,0.183333,0.520833,0.291667,1440,48,1488,2.066667,2.066667,0.277515,20.090182,,,,,,,,,,,,,"[0.6,1.0]",Q3
YAGO3-10,structural_dep_scale,23,wroteMusicFor,6047,23,32,0.183876,0.183876,0.185398,0.001522,0.827633,0.000000,0.001522,neutral,dependency,True,True,0.164195,0.164237,0.164237,1030,112,0,0,0,1030,27,426,577,0,0.026214,0.413592,0.560194,101,11,112,0.108738,0.108738,0.816124,38.663297,,,,,,,,,,,,,"[0.0,0.2)",Q1
YAGO3-10,structural_dep_scale,24,isInterestedIn,239,2,2,0.645833,0.645833,0.645833,0.000000,0.000000,0.000000,0.000000,neutral,rule_only,True,False,0.156140,0.156140,0.156140,110,95,0,0,0,110,10,63,37,0,0.090909,0.572727,0.336364,93,2,95,0.863636,0.863636,0.354167,11.159462,,,,,,,,,,,,,"[0.6,1.0]",Q3
YAGO3-10,structural_dep_scale,25,isCitizenOf,3455,12,15,0.383839,0.383839,0.383839,0.000000,0.000000,0.000000,0.000000,neutral,rule_only,True,False,0.446449,0.446449,0.446449,1201,2213,0,0,0,1201,202,699,295,5,0.168193,0.582015,0.245629,2053,160,2213,1.842631,1.842631,0.616161,53.867401,,,,,,,,,,,,,"[0.2,0.4)",Q3
YAGO3-10,structural_dep_scale,26,hasChild,5064,23,24,0.456167,0.456167,0.445634,-0.010533,-2.309049,0.000000,-0.010533,negative,dependency,True,True,0.350861,0.365390,0.365390,487,188,0,0,0,487,159,129,199,0,0.326489,0.264887,0.408624,152,36,188,0.386037,0.386037,0.543833,75.473833,,,,,,,,,,,,,"[0.4,0.6)",Q2
YAGO3-10,structural_dep_scale,27,isLeaderOf,957,5,4,0.062404,0.062404,0.062404,0.000000,0.000000,0.000000,0.000000,neutral,rule_only,True,False,0.101891,0.101891,0.101891,206,57,0,0,0,206,47,92,67,0,0.228155,0.446602,0.325243,49,8,57,0.276699,0.276699,0.937596,28.252997,,,,,,,,,,,,,"[0.0,0.2)",Q2
YAGO3-10,structural_dep_scale,28,dealsWith,1302,11,7,0.264733,0.264733,0.325161,0.060429,22.826267,0.000000,0.060429,positive,dependency,True,True,0.335640,0.377115,0.377115,5173,15381,0,0,0,5173,160,2636,2375,2,0.030930,0.509569,0.459115,9040,6341,15381,2.973323,2.973323,0.735267,18.969877,,,,,,,,,,,,,"[0.2,0.4)",Q4
YAGO3-10,structural_dep_scale,29,livesIn,2980,20,11,0.195339,0.195339,0.195339,0.000000,0.000000,0.000000,0.000000,neutral,rule_only,True,False,0.322892,0.322892,0.322892,825,597,0,0,0,825,164,322,336,3,0.198788,0.390303,0.407273,577,20,597,0.723636,0.723636,0.804661,24.376686,,,,,,,,,,,,,"[0.0,0.2)",Q2
YAGO3-10,structural_dep_scale,30,hasCapital,2566,10,13,0.621489,0.621489,0.626498,0.005009,0.805991,0.000000,0.005009,neutral,dependency,True,True,0.412610,0.446744,0.446744,174,109,0,0,0,174,62,31,81,0,0.356322,0.178161,0.465517,109,0,109,0.626437,0.626437,0.378511,47.147523,,,,,,,,,,,,,"[0.6,1.0]",Q2
YAGO3-10,structural_dep_scale,31,hasNeighbor,555,1,2,1.000000,1.000000,1.000000,0.000000,0.000000,0.000000,0.000000,neutral,rule_only,True,False,1.000000,1.000000,1.000000,1291,1826,0,0,0,1291,139,398,754,0,0.107668,0.308288,0.584043,1745,81,1826,1.414407,1.414407,0.000000,13.576869,,,,,,,,,,,,,"[0.6,1.0]",Q3
YAGO3-10,structural_dep_scale,32,exports,378,0,3,0.132925,0.132925,0.132925,0.000000,0.000000,0.000000,0.000000,neutral,rule_only,True,False,0.000000,0.000000,0.000000,743,1173,0,0,0,743,42,340,361,0,0.056528,0.457604,0.485868,1089,84,1173,1.578735,1.578735,0.867075,13.591213,,,,,,,,,,,,,"[0.0,0.2)",Q3
YAGO3-10,structural_dep_scale,33,owns,726,2,5,0.243699,0.243699,0.243699,0.000000,0.000000,0.000000,0.000000,neutral,rule_only,True,False,0.269239,0.269239,0.269239,289,588,0,0,0,289,27,189,73,0,0.093426,0.653979,0.252595,575,13,588,2.034602,2.034602,0.756301,17.003638,,,,,,,,,,,,,"[0.2,0.4)",Q3
YAGO3-10,structural_dep_scale,34,hasCurrency,109,1,0,0.000000,0.000000,0.000000,0.000000,0.000000,0.000000,0.000000,neutral,rule_only,True,False,0.833333,0.833333,0.833333,105,27,0,0,0,105,15,36,54,0,0.142857,0.342857,0.514286,25,2,27,0.257143,0.257143,1.000000,11.928104,,,,,,,,,,,,,"[0.0,0.2)",Q2
YAGO3-10,structural_dep_scale,35,hasWebsite,68,0,1,0.500008,0.500008,0.500008,0.000000,0.000000,0.000000,0.000000,neutral,rule_only,False,False,0.000000,,0.000000,5,0,0,0,0,5,1,3,1,0,0.200000,0.600000,0.200000,0,0,0,0.000000,0.000000,0.499992,11.255647,,,,,,,,,,,,,"[0.4,0.6)",Q1
YAGO3-10,structural_dep_scale,36,isKnownFor,19,0,0,0.000000,0.000000,0.000000,0.000000,0.000000,0.000000,0.000000,neutral,rule_only,False,False,0.000000,,0.000000,3,0,0,0,0,3,3,0,0,0,1.000000,0.000000,0.000000,0,0,0,0.000000,0.000000,1.000000,10.455587,,,,,,,,,,,,,"[0.0,0.2)",Q1
hetionet,dep_scale_surprisal_init,0,AdG,81434,10342,10464,0.238215,0.236213,0.243824,0.005609,2.354549,-0.002002,0.007611,neutral,dependency,True,True,0.234405,0.243043,0.243043,236308,153499,0,0,0,236308,245,206032,29995,36,0.001037,0.871879,0.126932,129285,24214,153499,0.649572,0.649572,0.761785,1033.285632,,,,,,,,,,,,,"[0.2,0.4)",Q2
hetionet,dep_scale_surprisal_init,1,AeG,419428,53502,53477,0.322277,0.322121,0.322121,-0.000157,-0.048569,-0.000157,0.000000,negative,rule_only,True,False,0.318402,0.318402,0.318402,1748729,2125184,0,0,0,1748729,257,1687266,61114,92,0.000147,0.964853,0.034948,75700,2049484,2125184,1.215273,1.215273,0.677723,1765.206994,,,,,,,,,,,,,"[0.2,0.4)",Q3
hetionet,dep_scale_surprisal_init,2,AuG,77903,9909,10036,0.233201,0.223022,0.231724,-0.001477,-0.633400,-0.010179,0.008702,negative,dependency,True,True,0.223007,0.229312,0.229312,219151,41515,0,0,0,219151,242,187850,31023,36,0.001104,0.857172,0.141560,38967,2548,41515,0.189436,0.189436,0.766799,783.481922,,,,,,,,,,,,,"[0.2,0.4)",Q2
hetionet,dep_scale_surprisal_init,3,CbG,9476,1027,1068,0.358167,0.358215,0.368404,0.010237,2.858261,0.000048,0.010189,neutral,dependency,True,True,0.347834,0.356122,0.356122,20268,6311,0,0,0,20268,33,16804,3419,12,0.001628,0.829090,0.168690,1955,4356,6311,0.311378,0.311378,0.641833,200.911771,,,,,,,,,,,,,"[0.2,0.4)",Q2
hetionet,dep_scale_surprisal_init,4,CcSE,111871,13549,13524,0.214763,0.213599,0.213599,-0.001164,-0.541847,-0.001164,0.000000,negative,rule_only,True,False,0.219474,0.219474,0.219474,368314,958189,0,0,0,368314,20,354467,13156,671,0.000054,0.962404,0.035720,736628,221561,958189,2.601555,2.601555,0.785237,384.823201,,,,,,,,,,,,,"[0.2,0.4)",Q4
hetionet,dep_scale_surprisal_init,5,CrC,5124,699,663,0.474743,0.467691,0.498506,0.023764,5.005574,-0.007052,0.030815,positive,dependency,True,True,0.464828,0.486218,0.486218,10459,1189,0,0,0,10459,37,7175,3247,0,0.003538,0.686012,0.310450,283,906,1189,0.113682,0.113682,0.525257,167.097436,,,,,,,,,,,,,"[0.4,0.6)",Q1
hetionet,dep_scale_surprisal_init,6,CtD,599,85,71,0.351955,0.363975,0.355644,0.003689,1.048119,0.012019,-0.008331,neutral,dependency,True,True,0.354724,0.360742,0.360742,964,84,0,0,0,964,27,573,364,0,0.028008,0.594398,0.377593,64,20,84,0.087137,0.087137,0.648045,13.236664,,,,,,,,,,,,,"[0.2,0.4)",Q1
hetionet,dep_scale_surprisal_init,7,CuG,14879,1957,1920,0.241393,0.240957,0.242493,0.001100,0.455776,-0.000436,0.001536,neutral,dependency,True,True,0.234544,0.238816,0.238816,43933,3559,0,0,0,43933,108,37238,6538,49,0.002458,0.847609,0.148818,3391,168,3559,0.081010,0.081010,0.758607,229.252530,,,,,,,,,,,,,"[0.2,0.4)",Q1
hetionet,dep_scale_surprisal_init,8,CdG,16797,2171,2134,0.204298,0.200529,0.200206,-0.004092,-2.002812,-0.003768,-0.000323,negative,dependency,True,True,0.210081,0.210792,0.210792,54296,24890,0,0,0,54296,103,46988,7148,57,0.001897,0.865404,0.131649,23932,958,24890,0.458413,0.458413,0.795702,216.316644,,,,,,,,,,,,,"[0.2,0.4)",Q2
hetionet,dep_scale_surprisal_init,9,CpD,316,41,33,0.300593,0.300793,0.309318,0.008724,2.902391,0.000200,0.008524,neutral,dependency,True,True,0.299054,0.309522,0.309522,396,14,0,0,0,396,12,254,130,0,0.030303,0.641414,0.328283,14,0,14,0.035354,0.035354,0.699407,6.018483,,,,,,,,,,,,,"[0.2,0.4)",Q1
hetionet,dep_scale_surprisal_init,10,DaG,10127,1194,1302,0.158584,0.158568,0.159167,0.000583,0.367863,-0.000016,0.000600,neutral,dependency,True,True,0.165942,0.166176,0.166176,24054,4665,0,0,0,24054,142,20143,3737,32,0.005903,0.837407,0.155359,4559,106,4665,0.193939,0.193939,0.841416,139.882434,,,,,,,,,,,,,"[0.0,0.2)",Q2
hetionet,dep_scale_surprisal_init,11,DdG,6082,764,777,0.121173,0.121859,0.121859,0.000686,0.566043,0.000686,0.000000,neutral,rule_only,False,False,0.117226,,0.117226,8895,0,0,0,0,8895,105,8113,647,30,0.011804,0.912085,0.072737,0,0,0,0.000000,0.000000,0.878827,67.362219,,,,,,,,,,,,,"[0.0,0.2)",Q1
hetionet,dep_scale_surprisal_init,12,DlA,2906,330,366,0.286592,0.290475,0.293262,0.006670,2.327342,0.003883,0.002787,neutral,dependency,True,True,0.290480,0.298910,0.298910,5510,2428,0,0,0,5510,53,3616,1840,1,0.009619,0.656261,0.333938,1619,809,2428,0.440653,0.440653,0.713408,68.485287,,,,,,,,,,,,,"[0.2,0.4)",Q2
hetionet,dep_scale_surprisal_init,13,DpS,2706,307,344,0.239803,0.240647,0.240647,0.000844,0.352043,0.000844,0.000000,neutral,rule_only,True,False,0.266121,0.266121,0.266121,3490,354,0,0,0,3490,14,2164,1312,0,0.004011,0.620057,0.375931,192,162,354,0.101433,0.101433,0.760197,16.804214,,,,,,,,,,,,,"[0.2,0.4)",Q1
hetionet,dep_scale_surprisal_init,14,DrD,423,58,62,0.221109,0.221503,0.221503,0.000395,0.178460,0.000395,0.000000,neutral,rule_only,True,False,0.207670,0.207670,0.207670,583,182,0,0,0,583,32,196,355,0,0.054889,0.336192,0.608919,182,0,182,0.312178,0.312178,0.778891,8.416134,,,,,,,,,,,,,"[0.2,0.4)",Q2
hetionet,dep_scale_surprisal_init,15,DuG,6212,755,764,0.125872,0.123148,0.125141,-0.000731,-0.580557,-0.002724,0.001993,negative,dependency,True,True,0.136324,0.136769,0.136769,9767,140,0,0,0,9767,111,8958,668,30,0.011365,0.917170,0.068394,137,3,140,0.014334,0.014334,0.874128,77.918237,,,,,,,,,,,,,"[0.0,0.2)",Q1
hetionet,dep_scale_surprisal_init,16,GiG,118198,14406,14560,0.198874,0.202928,0.202928,0.004054,2.038497,0.004054,0.000000,neutral,rule_only,True,False,0.199154,0.199154,0.199154,308614,381504,0,0,0,308614,224,273134,35005,251,0.000726,0.885034,0.113426,349829,31675,381504,1.236185,1.236185,0.801126,1491.947328,,,,,,,,,,,,,"[0.0,0.2)",Q3
hetionet,dep_scale_surprisal_init,17,GpCC,59015,7401,7150,0.658918,0.658328,0.661643,0.002725,0.413571,-0.000590,0.003315,neutral,dependency,True,True,0.648911,0.652722,0.652722,140024,88477,0,0,0,140024,56,129166,10654,148,0.000400,0.922456,0.076087,78416,10061,88477,0.631870,0.631870,0.341082,807.893503,,,,,,,,,,,,,"[0.6,1.0]",Q2
hetionet,dep_scale_surprisal_init,18,GcG,50979,5460,5251,0.089689,0.090008,0.090589,0.000900,1.003459,0.000319,0.000581,neutral,dependency,True,True,0.087035,0.087507,0.087507,69304,10863,0,0,0,69304,11,62109,7128,56,0.000159,0.896182,0.102851,7848,3015,10863,0.156744,0.156744,0.910311,674.743586,,,,,,,,,,,,,"[0.0,0.2)",Q2
hetionet,dep_scale_surprisal_init,19,GpBP,448012,55817,55675,0.598280,0.598365,0.611913,0.013633,2.278741,0.000085,0.013549,neutral,dependency,True,True,0.577970,0.604821,0.604821,1556400,2796236,0,0,0,1556400,73,1493085,61332,1910,0.000047,0.959320,0.039406,2546445,249791,2796236,1.796605,1.796605,0.401720,1776.544036,,,,,,,,,,,,,"[0.4,0.6)",Q3
hetionet,dep_scale_surprisal_init,20,GpMF,78111,9482,9629,0.667833,0.664918,0.666204,-0.001629,-0.243905,-0.002915,0.001286,negative,dependency,True,True,0.650593,0.651672,0.651672,185448,76658,0,0,0,185448,61,171217,13997,173,0.000329,0.923262,0.075477,59550,17108,76658,0.413367,0.413367,0.332167,1090.906505,,,,,,,,,,,,,"[0.6,1.0]",Q2
hetionet,dep_scale_surprisal_init,21,GpPW,67558,8453,8361,0.625002,0.623580,0.624355,-0.000647,-0.103483,-0.001422,0.000775,negative,dependency,True,True,0.602364,0.604883,0.604883,192800,372151,0,0,0,192800,63,176941,15664,132,0.000327,0.917744,0.081245,331572,40579,372151,1.930244,1.930244,0.374998,1006.975016,,,,,,,,,,,,,"[0.6,1.0]",Q3
hetionet,dep_scale_surprisal_init,22,Gr>G,211099,27248,27325,0.036598,0.036931,0.036931,0.000333,0.909378,0.000333,0.000000,neutral,rule_only,True,False,0.036525,0.036525,0.036525,895639,106495,0,0,0,895639,294,823578,70543,1224,0.000328,0.919542,0.078763,90108,16387,106495,0.118904,0.118904,0.963402,768.333974,,,,,,,,,,,,,"[0.0,0.2)",Q1
hetionet,dep_scale_surprisal_init,23,PCiC,902,63,64,0.511210,0.501131,0.525344,0.014134,2.764799,-0.010079,0.024213,neutral,dependency,True,True,0.469865,0.497089,0.497089,564,17,0,0,0,564,11,325,228,0,0.019504,0.576241,0.404255,17,0,17,0.030142,0.030142,0.488790,20.029565,,,,,,,,,,,,,"[0.4,0.6)",Q1
