dataset,aggregation,type_grouping,typed_test_mrr,relation,relation_name,num_test_samples,selected_stage,dependency_weight_source,dominant_rule_type,dominant_rule_support,dominant_rule_weight,dominant_rule_abs_delta,dominant_rule_impact,dominant_dep_type,dominant_dep_support,dominant_dep_weight,dominant_dep_abs_delta,dominant_dep_impact,rule_weight_B,rule_support_B,rule_abs_delta_B,rule_impact_B,rule_weight_U,rule_support_U,rule_abs_delta_U,rule_impact_U,rule_weight_Uc,rule_support_Uc,rule_abs_delta_Uc,rule_impact_Uc,rule_weight_Ud,rule_support_Ud,rule_abs_delta_Ud,rule_impact_Ud,dep_weight_BB,dep_support_BB,dep_abs_delta_BB,dep_impact_BB,dep_weight_BU,dep_support_BU,dep_abs_delta_BU,dep_impact_BU,dep_weight_UU,dep_support_UU,dep_abs_delta_UU,dep_impact_UU,dep_weight_B_Uc,dep_support_B_Uc,dep_abs_delta_B_Uc,dep_impact_B_Uc,dep_weight_B_Ud,dep_support_B_Ud,dep_abs_delta_B_Ud,dep_impact_B_Ud,dep_weight_Uc_Uc,dep_support_Uc_Uc,dep_abs_delta_Uc_Uc,dep_impact_Uc_Uc,dep_weight_Uc_Ud,dep_support_Uc_Ud,dep_abs_delta_Uc_Ud,dep_impact_Uc_Ud,dep_weight_Ud_Ud,dep_support_Ud_Ud,dep_abs_delta_Ud_Ud,dep_impact_Ud_Ud,rule_order_ud_lt_b_lt_uc
KG20C,tg_r2d3__pos_auto_ratio__ri_conf__dn_per_rule_degree__dl1_1e-5,r2d3,0.233952,0,author_in_affiliation,480,dependency,final,U,4180.000000,4.367423,3.367423,18255.826468,UU,60.000000,0.445548,0.554452,26.732868,1.113548,2.000000,0.113548,2.227097,4.367423,4180.000000,3.367423,18255.826468,,,,,,,,,,,,,0.352080,44.000000,0.647920,15.491507,0.445548,60.000000,0.554452,26.732868,,,,,,,,,,,,,,,,,,,,,
KG20C,tg_r2d3__pos_auto_ratio__ri_conf__dn_per_rule_degree__dl1_1e-5,r2d3,0.233952,1,author_write_paper,830,dependency,final,U,16634.000000,2.113846,1.113846,35161.716027,BU,2030.000000,2.014265,1.014265,4088.958559,1.559991,10.000000,0.559991,15.599912,2.113846,16634.000000,1.113846,35161.716027,,,,,,,,,0.912311,6.000000,0.087689,5.473868,2.014265,2030.000000,1.014265,4088.958559,1.936681,1623.000000,0.936681,3143.232938,,,,,,,,,,,,,,,,,,,,,
KG20C,tg_r2d3__pos_auto_ratio__ri_conf__dn_per_rule_degree__dl1_1e-5,r2d3,0.233952,2,paper_cite_paper,599,dependency,final,U,26684.000000,1.603404,0.603404,42785.245678,UU,5639.000000,1.780183,0.780183,10038.451937,1.338024,27.000000,0.338024,36.126651,1.603404,26684.000000,0.603404,42785.245678,,,,,,,,,1.130182,15.000000,0.130182,16.952730,1.750307,5023.000000,0.750307,8791.792563,1.780183,5639.000000,0.780183,10038.451937,,,,,,,,,,,,,,,,,,,,,
KG20C,tg_r2d3__pos_auto_ratio__ri_conf__dn_per_rule_degree__dl1_1e-5,r2d3,0.233952,3,paper_in_domain,1446,dependency,final,U,101313.000000,1.867213,0.867213,189172.970932,UU,143974.000000,1.624269,0.624269,233852.476211,1.025207,9.000000,0.025207,9.226866,1.867213,101313.000000,0.867213,189172.970932,,,,,,,,,0.741005,21.000000,0.258995,15.561107,1.421120,9524.000000,0.421120,13534.746880,1.624269,143974.000000,0.624269,233852.476211,,,,,,,,,,,,,,,,,,,,,
KG20C,tg_r2d3__pos_auto_ratio__ri_conf__dn_per_rule_degree__dl1_1e-5,r2d3,0.233952,4,paper_in_venue,369,rule_only,trial,U,5923.000000,1.337189,0.337189,7920.168078,UU,356.000000,1.000000,0.000000,356.000000,0.795734,8.000000,0.204266,6.365872,1.337189,5923.000000,0.337189,7920.168078,,,,,,,,,,,,,,,,,1.000000,356.000000,0.000000,356.000000,,,,,,,,,,,,,,,,,,,,,
codex-m,tg_rd__pos_auto_sqrt__ri_conf__dn_per_rule_degree__dl1_1e-5,rd,0.344803,0,P161,448,rule_only,none,,,,,,,,,,,,,,,,,,,,,,,,,,,,,,,,,,,,,,,,,,,,,,,,,,,,,,,,,,,
codex-m,tg_rd__pos_auto_sqrt__ri_conf__dn_per_rule_degree__dl1_1e-5,rd,0.344803,1,P463,583,rule_only,none,,,,,,,,,,,,,,,,,,,,,,,,,,,,,,,,,,,,,,,,,,,,,,,,,,,,,,,,,,,
codex-m,tg_rd__pos_auto_sqrt__ri_conf__dn_per_rule_degree__dl1_1e-5,rd,0.344803,2,P106,3635,dependency,none,,,,,,,,,,,,,,,,,,,,,,,,,,,,,,,,,,,,,,,,,,,,,,,,,,,,,,,,,,,
codex-m,tg_rd__pos_auto_sqrt__ri_conf__dn_per_rule_degree__dl1_1e-5,rd,0.344803,3,P27,829,dependency,none,,,,,,,,,,,,,,,,,,,,,,,,,,,,,,,,,,,,,,,,,,,,,,,,,,,,,,,,,,,
codex-m,tg_rd__pos_auto_sqrt__ri_conf__dn_per_rule_degree__dl1_1e-5,rd,0.344803,4,P69,498,dependency,none,,,,,,,,,,,,,,,,,,,,,,,,,,,,,,,,,,,,,,,,,,,,,,,,,,,,,,,,,,,
codex-m,tg_rd__pos_auto_sqrt__ri_conf__dn_per_rule_degree__dl1_1e-5,rd,0.344803,5,P172,132,dependency,none,,,,,,,,,,,,,,,,,,,,,,,,,,,,,,,,,,,,,,,,,,,,,,,,,,,,,,,,,,,
codex-m,tg_rd__pos_auto_sqrt__ri_conf__dn_per_rule_degree__dl1_1e-5,rd,0.344803,6,P840,85,dependency,none,,,,,,,,,,,,,,,,,,,,,,,,,,,,,,,,,,,,,,,,,,,,,,,,,,,,,,,,,,,
codex-m,tg_rd__pos_auto_sqrt__ri_conf__dn_per_rule_degree__dl1_1e-5,rd,0.344803,7,P530,297,rule_only,none,,,,,,,,,,,,,,,,,,,,,,,,,,,,,,,,,,,,,,,,,,,,,,,,,,,,,,,,,,,
codex-m,tg_rd__pos_auto_sqrt__ri_conf__dn_per_rule_degree__dl1_1e-5,rd,0.344803,8,P509,148,dependency,none,,,,,,,,,,,,,,,,,,,,,,,,,,,,,,,,,,,,,,,,,,,,,,,,,,,,,,,,,,,
codex-m,tg_rd__pos_auto_sqrt__ri_conf__dn_per_rule_degree__dl1_1e-5,rd,0.344803,9,P17,79,dependency,none,,,,,,,,,,,,,,,,,,,,,,,,,,,,,,,,,,,,,,,,,,,,,,,,,,,,,,,,,,,
codex-m,tg_rd__pos_auto_sqrt__ri_conf__dn_per_rule_degree__dl1_1e-5,rd,0.344803,10,P136,591,dependency,none,,,,,,,,,,,,,,,,,,,,,,,,,,,,,,,,,,,,,,,,,,,,,,,,,,,,,,,,,,,
codex-m,tg_rd__pos_auto_sqrt__ri_conf__dn_per_rule_degree__dl1_1e-5,rd,0.344803,11,P1412,598,dependency,none,,,,,,,,,,,,,,,,,,,,,,,,,,,,,,,,,,,,,,,,,,,,,,,,,,,,,,,,,,,
codex-m,tg_rd__pos_auto_sqrt__ri_conf__dn_per_rule_degree__dl1_1e-5,rd,0.344803,12,P159,8,rule_only,none,,,,,,,,,,,,,,,,,,,,,,,,,,,,,,,,,,,,,,,,,,,,,,,,,,,,,,,,,,,
codex-m,tg_rd__pos_auto_sqrt__ri_conf__dn_per_rule_degree__dl1_1e-5,rd,0.344803,13,P19,339,dependency,none,,,,,,,,,,,,,,,,,,,,,,,,,,,,,,,,,,,,,,,,,,,,,,,,,,,,,,,,,,,
codex-m,tg_rd__pos_auto_sqrt__ri_conf__dn_per_rule_degree__dl1_1e-5,rd,0.344803,14,P1303,297,dependency,none,,,,,,,,,,,,,,,,,,,,,,,,,,,,,,,,,,,,,,,,,,,,,,,,,,,,,,,,,,,
codex-m,tg_rd__pos_auto_sqrt__ri_conf__dn_per_rule_degree__dl1_1e-5,rd,0.344803,15,P108,259,dependency,none,,,,,,,,,,,,,,,,,,,,,,,,,,,,,,,,,,,,,,,,,,,,,,,,,,,,,,,,,,,
codex-m,tg_rd__pos_auto_sqrt__ri_conf__dn_per_rule_degree__dl1_1e-5,rd,0.344803,16,P135,19,dependency,none,,,,,,,,,,,,,,,,,,,,,,,,,,,,,,,,,,,,,,,,,,,,,,,,,,,,,,,,,,,
codex-m,tg_rd__pos_auto_sqrt__ri_conf__dn_per_rule_degree__dl1_1e-5,rd,0.344803,17,P264,169,dependency,none,,,,,,,,,,,,,,,,,,,,,,,,,,,,,,,,,,,,,,,,,,,,,,,,,,,,,,,,,,,
codex-m,tg_rd__pos_auto_sqrt__ri_conf__dn_per_rule_degree__dl1_1e-5,rd,0.344803,18,P495,115,dependency,none,,,,,,,,,,,,,,,,,,,,,,,,,,,,,,,,,,,,,,,,,,,,,,,,,,,,,,,,,,,
codex-m,tg_rd__pos_auto_sqrt__ri_conf__dn_per_rule_degree__dl1_1e-5,rd,0.344803,19,P30,18,dependency,none,,,,,,,,,,,,,,,,,,,,,,,,,,,,,,,,,,,,,,,,,,,,,,,,,,,,,,,,,,,
codex-m,tg_rd__pos_auto_sqrt__ri_conf__dn_per_rule_degree__dl1_1e-5,rd,0.344803,20,P102,133,dependency,none,,,,,,,,,,,,,,,,,,,,,,,,,,,,,,,,,,,,,,,,,,,,,,,,,,,,,,,,,,,
codex-m,tg_rd__pos_auto_sqrt__ri_conf__dn_per_rule_degree__dl1_1e-5,rd,0.344803,21,P551,104,rule_only,none,,,,,,,,,,,,,,,,,,,,,,,,,,,,,,,,,,,,,,,,,,,,,,,,,,,,,,,,,,,
codex-m,tg_rd__pos_auto_sqrt__ri_conf__dn_per_rule_degree__dl1_1e-5,rd,0.344803,22,P20,260,dependency,none,,,,,,,,,,,,,,,,,,,,,,,,,,,,,,,,,,,,,,,,,,,,,,,,,,,,,,,,,,,
codex-m,tg_rd__pos_auto_sqrt__ri_conf__dn_per_rule_degree__dl1_1e-5,rd,0.344803,23,P737,71,dependency,none,,,,,,,,,,,,,,,,,,,,,,,,,,,,,,,,,,,,,,,,,,,,,,,,,,,,,,,,,,,
codex-m,tg_rd__pos_auto_sqrt__ri_conf__dn_per_rule_degree__dl1_1e-5,rd,0.344803,24,P119,91,rule_only,none,,,,,,,,,,,,,,,,,,,,,,,,,,,,,,,,,,,,,,,,,,,,,,,,,,,,,,,,,,,
codex-m,tg_rd__pos_auto_sqrt__ri_conf__dn_per_rule_degree__dl1_1e-5,rd,0.344803,25,P140,120,rule_only,none,,,,,,,,,,,,,,,,,,,,,,,,,,,,,,,,,,,,,,,,,,,,,,,,,,,,,,,,,,,
codex-m,tg_rd__pos_auto_sqrt__ri_conf__dn_per_rule_degree__dl1_1e-5,rd,0.344803,26,P641,11,dependency,none,,,,,,,,,,,,,,,,,,,,,,,,,,,,,,,,,,,,,,,,,,,,,,,,,,,,,,,,,,,
codex-m,tg_rd__pos_auto_sqrt__ri_conf__dn_per_rule_degree__dl1_1e-5,rd,0.344803,27,P101,126,rule_only,none,,,,,,,,,,,,,,,,,,,,,,,,,,,,,,,,,,,,,,,,,,,,,,,,,,,,,,,,,,,
codex-m,tg_rd__pos_auto_sqrt__ri_conf__dn_per_rule_degree__dl1_1e-5,rd,0.344803,28,P57,31,dependency,none,,,,,,,,,,,,,,,,,,,,,,,,,,,,,,,,,,,,,,,,,,,,,,,,,,,,,,,,,,,
codex-m,tg_rd__pos_auto_sqrt__ri_conf__dn_per_rule_degree__dl1_1e-5,rd,0.344803,29,P3373,43,rule_only,none,,,,,,,,,,,,,,,,,,,,,,,,,,,,,,,,,,,,,,,,,,,,,,,,,,,,,,,,,,,
codex-m,tg_rd__pos_auto_sqrt__ri_conf__dn_per_rule_degree__dl1_1e-5,rd,0.344803,30,P40,15,rule_only,none,,,,,,,,,,,,,,,,,,,,,,,,,,,,,,,,,,,,,,,,,,,,,,,,,,,,,,,,,,,
codex-m,tg_rd__pos_auto_sqrt__ri_conf__dn_per_rule_degree__dl1_1e-5,rd,0.344803,31,P451,20,rule_only,none,,,,,,,,,,,,,,,,,,,,,,,,,,,,,,,,,,,,,,,,,,,,,,,,,,,,,,,,,,,
codex-m,tg_rd__pos_auto_sqrt__ri_conf__dn_per_rule_degree__dl1_1e-5,rd,0.344803,32,P1050,20,dependency,none,,,,,,,,,,,,,,,,,,,,,,,,,,,,,,,,,,,,,,,,,,,,,,,,,,,,,,,,,,,
codex-m,tg_rd__pos_auto_sqrt__ri_conf__dn_per_rule_degree__dl1_1e-5,rd,0.344803,33,P26,53,rule_only,none,,,,,,,,,,,,,,,,,,,,,,,,,,,,,,,,,,,,,,,,,,,,,,,,,,,,,,,,,,,
codex-m,tg_rd__pos_auto_sqrt__ri_conf__dn_per_rule_degree__dl1_1e-5,rd,0.344803,34,P407,1,rule_only,none,,,,,,,,,,,,,,,,,,,,,,,,,,,,,,,,,,,,,,,,,,,,,,,,,,,,,,,,,,,
codex-m,tg_rd__pos_auto_sqrt__ri_conf__dn_per_rule_degree__dl1_1e-5,rd,0.344803,35,P37,13,dependency,none,,,,,,,,,,,,,,,,,,,,,,,,,,,,,,,,,,,,,,,,,,,,,,,,,,,,,,,,,,,
codex-m,tg_rd__pos_auto_sqrt__ri_conf__dn_per_rule_degree__dl1_1e-5,rd,0.344803,36,P112,3,rule_only,none,,,,,,,,,,,,,,,,,,,,,,,,,,,,,,,,,,,,,,,,,,,,,,,,,,,,,,,,,,,
codex-m,tg_rd__pos_auto_sqrt__ri_conf__dn_per_rule_degree__dl1_1e-5,rd,0.344803,37,P131,12,rule_only,none,,,,,,,,,,,,,,,,,,,,,,,,,,,,,,,,,,,,,,,,,,,,,,,,,,,,,,,,,,,
codex-m,tg_rd__pos_auto_sqrt__ri_conf__dn_per_rule_degree__dl1_1e-5,rd,0.344803,38,P749,1,rule_only,none,,,,,,,,,,,,,,,,,,,,,,,,,,,,,,,,,,,,,,,,,,,,,,,,,,,,,,,,,,,
codex-m,tg_rd__pos_auto_sqrt__ri_conf__dn_per_rule_degree__dl1_1e-5,rd,0.344803,39,P361,12,rule_only,none,,,,,,,,,,,,,,,,,,,,,,,,,,,,,,,,,,,,,,,,,,,,,,,,,,,,,,,,,,,
codex-m,tg_rd__pos_auto_sqrt__ri_conf__dn_per_rule_degree__dl1_1e-5,rd,0.344803,40,P740,8,rule_only,none,,,,,,,,,,,,,,,,,,,,,,,,,,,,,,,,,,,,,,,,,,,,,,,,,,,,,,,,,,,
codex-m,tg_rd__pos_auto_sqrt__ri_conf__dn_per_rule_degree__dl1_1e-5,rd,0.344803,41,P2348,14,rule_only,none,,,,,,,,,,,,,,,,,,,,,,,,,,,,,,,,,,,,,,,,,,,,,,,,,,,,,,,,,,,
codex-m,tg_rd__pos_auto_sqrt__ri_conf__dn_per_rule_degree__dl1_1e-5,rd,0.344803,42,P138,2,rule_only,none,,,,,,,,,,,,,,,,,,,,,,,,,,,,,,,,,,,,,,,,,,,,,,,,,,,,,,,,,,,
codex-m,tg_rd__pos_auto_sqrt__ri_conf__dn_per_rule_degree__dl1_1e-5,rd,0.344803,43,P50,0,rule_only,none,,,,,,,,,,,,,,,,,,,,,,,,,,,,,,,,,,,,,,,,,,,,,,,,,,,,,,,,,,,
codex-m,tg_rd__pos_auto_sqrt__ri_conf__dn_per_rule_degree__dl1_1e-5,rd,0.344803,44,P452,0,rule_only,none,,,,,,,,,,,,,,,,,,,,,,,,,,,,,,,,,,,,,,,,,,,,,,,,,,,,,,,,,,,
codex-m,tg_rd__pos_auto_sqrt__ri_conf__dn_per_rule_degree__dl1_1e-5,rd,0.344803,45,P2283,0,rule_only,none,,,,,,,,,,,,,,,,,,,,,,,,,,,,,,,,,,,,,,,,,,,,,,,,,,,,,,,,,,,
WN18RR,structural_rd,rd,0.502189,0,_hypernym,1251,dependency,none,,,,,,,,,,,,,,,,,,,,,,,,,,,,,,,,,,,,,,,,,,,,,,,,,,,,,,,,,,,
WN18RR,structural_rd,rd,0.502189,1,_derivationally_related_form,1074,rule_only,none,,,,,,,,,,,,,,,,,,,,,,,,,,,,,,,,,,,,,,,,,,,,,,,,,,,,,,,,,,,
WN18RR,structural_rd,rd,0.502189,2,_instance_hypernym,122,rule_only,none,,,,,,,,,,,,,,,,,,,,,,,,,,,,,,,,,,,,,,,,,,,,,,,,,,,,,,,,,,,
WN18RR,structural_rd,rd,0.502189,3,_also_see,56,dependency,none,,,,,,,,,,,,,,,,,,,,,,,,,,,,,,,,,,,,,,,,,,,,,,,,,,,,,,,,,,,
WN18RR,structural_rd,rd,0.502189,4,_member_meronym,253,dependency,none,,,,,,,,,,,,,,,,,,,,,,,,,,,,,,,,,,,,,,,,,,,,,,,,,,,,,,,,,,,
WN18RR,structural_rd,rd,0.502189,5,_synset_domain_topic_of,114,rule_only,none,,,,,,,,,,,,,,,,,,,,,,,,,,,,,,,,,,,,,,,,,,,,,,,,,,,,,,,,,,,
WN18RR,structural_rd,rd,0.502189,6,_has_part,172,dependency,none,,,,,,,,,,,,,,,,,,,,,,,,,,,,,,,,,,,,,,,,,,,,,,,,,,,,,,,,,,,
WN18RR,structural_rd,rd,0.502189,7,_member_of_domain_usage,24,dependency,none,,,,,,,,,,,,,,,,,,,,,,,,,,,,,,,,,,,,,,,,,,,,,,,,,,,,,,,,,,,
WN18RR,structural_rd,rd,0.502189,8,_member_of_domain_region,26,dependency,none,,,,,,,,,,,,,,,,,,,,,,,,,,,,,,,,,,,,,,,,,,,,,,,,,,,,,,,,,,,
WN18RR,structural_rd,rd,0.502189,9,_verb_group,39,dependency,none,,,,,,,,,,,,,,,,,,,,,,,,,,,,,,,,,,,,,,,,,,,,,,,,,,,,,,,,,,,
WN18RR,structural_rd,rd,0.502189,10,_similar_to,3,rule_only,none,,,,,,,,,,,,,,,,,,,,,,,,,,,,,,,,,,,,,,,,,,,,,,,,,,,,,,,,,,,
FB15k-237,tg_r2d3__pos_auto_ratio__ri_conf__dn_none__dl1_1e-5,r2d3,0.355348,0,/location/country/form_of_government,43,rule_only,trial,U,2308.000000,0.813531,0.186469,1877.630240,UU,5396.000000,1.000000,0.000000,5396.000000,0.813836,105.000000,0.186164,85.452801,0.813531,2308.000000,0.186469,1877.630240,,,,,,,,,1.000000,797.000000,0.000000,797.000000,1.000000,33.000000,0.000000,33.000000,1.000000,5396.000000,0.000000,5396.000000,,,,,,,,,,,,,,,,,,,,,
FB15k-237,tg_r2d3__pos_auto_ratio__ri_conf__dn_none__dl1_1e-5,r2d3,0.355348,1,/tv/tv_program/regular_cast./tv/regular_tv_appearance/actor,91,rule_only,trial,U,2199.000000,1.000000,0.000000,2199.000000,UU,5920.000000,1.000000,0.000000,5920.000000,1.000000,447.000000,0.000000,447.000000,1.000000,2199.000000,0.000000,2199.000000,,,,,,,,,1.000000,2401.000000,0.000000,2401.000000,1.000000,313.000000,0.000000,313.000000,1.000000,5920.000000,0.000000,5920.000000,,,,,,,,,,,,,,,,,,,,,
FB15k-237,tg_r2d3__pos_auto_ratio__ri_conf__dn_none__dl1_1e-5,r2d3,0.355348,2,/media_common/netflix_genre/titles,124,rule_only,trial,U,5178.000000,1.213748,0.213748,6284.788180,BB,9870.000000,1.000000,0.000000,9870.000000,0.860665,809.000000,0.139335,696.278228,1.213748,5178.000000,0.213748,6284.788180,,,,,,,,,1.000000,9870.000000,0.000000,9870.000000,1.000000,691.000000,0.000000,691.000000,1.000000,6042.000000,0.000000,6042.000000,,,,,,,,,,,,,,,,,,,,,
FB15k-237,tg_r2d3__pos_auto_ratio__ri_conf__dn_none__dl1_1e-5,r2d3,0.355348,3,/award/award_winner/awards_won./award/award_honor/award_winner,41,dependency,final,U,76540.000000,0.307754,0.692246,23555.460544,BU,204045.000000,0.967559,0.032441,197425.596560,0.753750,2576.000000,0.246250,1941.659742,0.307754,76540.000000,0.692246,23555.460544,,,,,,,,,0.943810,16500.000000,0.056190,15572.869950,0.967559,204045.000000,0.032441,197425.596560,1.001794,95919.000000,0.001794,96091.069094,,,,,,,,,,,,,,,,,,,,,
FB15k-237,tg_r2d3__pos_auto_ratio__ri_conf__dn_none__dl1_1e-5,r2d3,0.355348,4,/soccer/football_team/current_roster./sports/sports_team_roster/position,12,rule_only,trial,U,691.000000,1.000000,0.000000,691.000000,UU,1306.000000,1.000000,0.000000,1306.000000,1.000000,104.000000,0.000000,104.000000,1.000000,691.000000,0.000000,691.000000,,,,,,,,,1.000000,588.000000,0.000000,588.000000,1.000000,277.000000,0.000000,277.000000,1.000000,1306.000000,0.000000,1306.000000,,,,,,,,,,,,,,,,,,,,,
FB15k-237,tg_r2d3__pos_auto_ratio__ri_conf__dn_none__dl1_1e-5,r2d3,0.355348,5,/soccer/football_team/current_roster./soccer/football_roster_position/position,10,rule_only,trial,U,718.000000,0.720570,0.279430,517.369332,UU,1382.000000,1.000000,0.000000,1382.000000,0.716814,102.000000,0.283186,73.115028,0.720570,718.000000,0.279430,517.369332,,,,,,,,,1.000000,543.000000,0.000000,543.000000,1.000000,271.000000,0.000000,271.000000,1.000000,1382.000000,0.000000,1382.000000,,,,,,,,,,,,,,,,,,,,,
FB15k-237,tg_r2d3__pos_auto_ratio__ri_conf__dn_none__dl1_1e-5,r2d3,0.355348,6,/film/actor/film./film/performance/film,836,rule_only,trial,U,27826.000000,2.571581,1.571581,71556.824036,BB,8006.000000,1.000000,0.000000,8006.000000,1.504855,1621.000000,0.504855,2439.370279,2.571581,27826.000000,1.571581,71556.824036,,,,,,,,,1.000000,8006.000000,0.000000,8006.000000,1.000000,1260.000000,0.000000,1260.000000,1.000000,7424.000000,0.000000,7424.000000,,,,,,,,,,,,,,,,,,,,,
FB15k-237,tg_r2d3__pos_auto_ratio__ri_conf__dn_none__dl1_1e-5,r2d3,0.355348,7,/award/award_category/nominees./award/award_nomination/nominated_for,858,dependency,final,U,89645.000000,0.782186,0.217814,70119.072934,UU,137334.000000,1.343239,0.343239,184472.329892,0.787766,1025.000000,0.212234,807.460458,0.782186,89645.000000,0.217814,70119.072934,,,,,,,,,1.283486,14516.000000,0.283486,18631.088582,1.271002,60169.000000,0.271002,76474.901287,1.343239,137334.000000,0.343239,184472.329892,,,,,,,,,,,,,,,,,,,,,
FB15k-237,tg_r2d3__pos_auto_ratio__ri_conf__dn_none__dl1_1e-5,r2d3,0.355348,8,/award/award_nominee/award_nominations./award/award_nomination/award_nominee,214,dependency,final,U,122448.000000,0.346398,0.653601,42415.803528,BU,227423.000000,0.907493,0.092507,206384.735054,0.725269,3694.000000,0.274731,2679.142947,0.346398,122448.000000,0.653601,42415.803528,,,,,,,,,0.904957,18694.000000,0.095043,16917.258680,0.907493,227423.000000,0.092507,206384.735054,0.927665,133413.000000,0.072335,123762.597328,,,,,,,,,,,,,,,,,,,,,
FB15k-237,tg_r2d3__pos_auto_ratio__ri_conf__dn_none__dl1_1e-5,r2d3,0.355348,9,/music/performance_role/regular_performances./music/group_membership/role,40,dependency,final,U,90564.000000,0.474872,0.525128,43006.334977,UU,137391.000000,1.003991,0.003991,137939.327481,0.566335,1069.000000,0.433665,605.411687,0.474872,90564.000000,0.525128,43006.334977,,,,,,,,,1.004013,7428.000000,0.004013,7457.807821,1.004014,49251.000000,0.004014,49448.708289,1.003991,137391.000000,0.003991,137939.327481,,,,,,,,,,,,,,,,,,,,,
FB15k-237,tg_r2d3__pos_auto_ratio__ri_conf__dn_none__dl1_1e-5,r2d3,0.355348,10,/award/award_category/winners./award/award_honor/ceremony,323,rule_only,trial,U,28139.000000,0.365751,0.634249,10291.870203,UU,63944.000000,1.000000,0.000000,63944.000000,0.612286,149.000000,0.387714,91.230614,0.365751,28139.000000,0.634249,10291.870203,,,,,,,,,1.000000,6106.000000,0.000000,6106.000000,1.000000,8076.000000,0.000000,8076.000000,1.000000,63944.000000,0.000000,63944.000000,,,,,,,,,,,,,,,,,,,,,
FB15k-237,tg_r2d3__pos_auto_ratio__ri_conf__dn_none__dl1_1e-5,r2d3,0.355348,11,/film/film/release_date_s./film/film_regional_release_date/film_release_distribution_medium,158,rule_only,trial,U,2247.000000,0.572044,0.427956,1285.383317,BB,6247.000000,1.000000,0.000000,6247.000000,0.585812,299.000000,0.414188,175.157758,0.572044,2247.000000,0.427956,1285.383317,,,,,,,,,1.000000,6247.000000,0.000000,6247.000000,1.000000,40.000000,0.000000,40.000000,1.000000,1880.000000,0.000000,1880.000000,,,,,,,,,,,,,,,,,,,,,
FB15k-237,tg_r2d3__pos_auto_ratio__ri_conf__dn_none__dl1_1e-5,r2d3,0.355348,12,/award/award_winning_work/awards_won./award/award_honor/award_winner,24,dependency,final,U,5378.000000,1.270837,0.270837,6834.560310,UU,11849.000000,0.991159,0.008841,11744.247731,1.312362,1560.000000,0.312362,2047.285032,1.270837,5378.000000,0.270837,6834.560310,,,,,,,,,0.991013,6943.000000,0.008987,6880.602565,0.993301,406.000000,0.006699,403.280409,0.991159,11849.000000,0.008841,11744.247731,,,,,,,,,,,,,,,,,,,,,
FB15k-237,tg_r2d3__pos_auto_ratio__ri_conf__dn_none__dl1_1e-5,r2d3,0.355348,13,/film/film/release_date_s./film/film_regional_release_date/film_release_region,1447,rule_only,trial,U,297804.000000,0.114236,0.885764,34019.878183,UU,624210.000000,1.000000,0.000000,624210.000000,0.598019,2148.000000,0.401981,1284.543953,0.114236,297804.000000,0.885764,34019.878183,,,,,,,,,1.000000,3613.000000,0.000000,3613.000000,1.000000,8727.000000,0.000000,8727.000000,1.000000,624210.000000,0.000000,624210.000000,,,,,,,,,,,,,,,,,,,,,
FB15k-237,tg_r2d3__pos_auto_ratio__ri_conf__dn_none__dl1_1e-5,r2d3,0.355348,14,/film/film/language,314,rule_only,trial,U,4827.000000,1.350949,0.350949,6521.031788,BB,6944.000000,1.000000,0.000000,6944.000000,0.647643,839.000000,0.352357,543.372813,1.350949,4827.000000,0.350949,6521.031788,,,,,,,,,1.000000,6944.000000,0.000000,6944.000000,1.000000,472.000000,0.000000,472.000000,1.000000,6401.000000,0.000000,6401.000000,,,,,,,,,,,,,,,,,,,,,
FB15k-237,tg_r2d3__pos_auto_ratio__ri_conf__dn_none__dl1_1e-5,r2d3,0.355348,15,/location/location/contains,330,dependency,final,U,5504.000000,1.502934,0.502934,8272.146534,UU,18393.000000,0.965517,0.034483,17758.754181,1.274445,3284.000000,0.274445,4185.278694,1.502934,5504.000000,0.502934,8272.146534,,,,,,,,,0.968921,1158.000000,0.031079,1122.011097,0.964192,49.000000,0.035808,47.245403,0.965517,18393.000000,0.034483,17758.754181,,,,,,,,,,,,,,,,,,,,,
FB15k-237,tg_r2d3__pos_auto_ratio__ri_conf__dn_none__dl1_1e-5,r2d3,0.355348,16,/organization/organization/headquarters./location/mailing_address/country,7,dependency,final,B,412.000000,0.689140,0.310860,283.925556,BB,1354.000000,1.011995,0.011995,1370.240824,0.689140,412.000000,0.310860,283.925556,0.924697,168.000000,0.075303,155.349046,,,,,,,,,1.011995,1354.000000,0.011995,1370.240824,1.027189,20.000000,0.027189,20.543788,1.013989,659.000000,0.013989,668.218949,,,,,,,,,,,,,,,,,,,,,
FB15k-237,tg_r2d3__pos_auto_ratio__ri_conf__dn_none__dl1_1e-5,r2d3,0.355348,17,/people/person/profession,1311,rule_only,trial,U,22379.000000,1.373685,0.373685,30741.687663,UU,12941.000000,1.000000,0.000000,12941.000000,0.641439,936.000000,0.358561,600.387185,1.373685,22379.000000,0.373685,30741.687663,,,,,,,,,1.000000,11488.000000,0.000000,11488.000000,1.000000,3613.000000,0.000000,3613.000000,1.000000,12941.000000,0.000000,12941.000000,,,,,,,,,,,,,,,,,,,,,
FB15k-237,tg_r2d3__pos_auto_ratio__ri_conf__dn_none__dl1_1e-5,r2d3,0.355348,18,/location/statistical_region/religions./location/religion_percentage/religion,60,rule_only,trial,U,4718.000000,0.608626,0.391374,2871.498412,UU,12389.000000,1.000000,0.000000,12389.000000,0.618215,163.000000,0.381785,100.769061,0.608626,4718.000000,0.391374,2871.498412,,,,,,,,,1.000000,3477.000000,0.000000,3477.000000,1.000000,3658.000000,0.000000,3658.000000,1.000000,12389.000000,0.000000,12389.000000,,,,,,,,,,,,,,,,,,,,,
FB15k-237,tg_r2d3__pos_auto_ratio__ri_conf__dn_none__dl1_1e-5,r2d3,0.355348,19,/award/award_nominee/award_nominations./award/award_nomination/award,1067,dependency,final,U,48922.000000,1.329601,0.329601,65046.759691,UU,50396.000000,1.148311,0.148311,57870.306354,0.854391,1476.000000,0.145609,1261.081264,1.329601,48922.000000,0.329601,65046.759691,,,,,,,,,1.069198,16036.000000,0.069198,17145.651110,1.143399,31382.000000,0.143399,35882.134865,1.148311,50396.000000,0.148311,57870.306354,,,,,,,,,,,,,,,,,,,,,
FB15k-237,tg_r2d3__pos_auto_ratio__ri_conf__dn_none__dl1_1e-5,r2d3,0.355348,20,/music/genre/artists,664,dependency,final,U,17362.000000,1.103777,0.103777,19163.774538,BB,23988.000000,1.064841,0.064841,25543.401110,0.810442,412.000000,0.189558,333.901898,1.103777,17362.000000,0.103777,19163.774538,,,,,,,,,1.064841,23988.000000,0.064841,25543.401110,1.044916,9346.000000,0.044916,9765.787740,1.047970,9579.000000,0.047970,10038.509419,,,,,,,,,,,,,,,,,,,,,
FB15k-237,tg_r2d3__pos_auto_ratio__ri_conf__dn_none__dl1_1e-5,r2d3,0.355348,21,/influence/influence_node/influenced_by,235,dependency,final,U,3291.000000,2.359588,1.359588,7765.405424,BB,292.000000,1.000000,0.000000,292.000000,1.513107,232.000000,0.513107,351.040847,2.359588,3291.000000,1.359588,7765.405424,,,,,,,,,1.000000,292.000000,0.000000,292.000000,1.000000,269.000000,0.000000,269.000000,1.000000,131.000000,0.000000,131.000000,,,,,,,,,,,,,,,,,,,,,
FB15k-237,tg_r2d3__pos_auto_ratio__ri_conf__dn_none__dl1_1e-5,r2d3,0.355348,22,/education/educational_institution/students_graduates./education/education/student,311,dependency,final,U,2285.000000,2.222818,1.222818,5079.138444,UU,63.000000,0.982807,0.017193,61.916822,1.346074,249.000000,0.346074,335.172351,2.222818,2285.000000,1.222818,5079.138444,,,,,,,,,,,,,,,,,0.982807,63.000000,0.017193,61.916822,,,,,,,,,,,,,,,,,,,,,
FB15k-237,tg_r2d3__pos_auto_ratio__ri_conf__dn_none__dl1_1e-5,r2d3,0.355348,23,/organization/organization_member/member_of./organization/organization_membership/organization,96,dependency,final,U,7016.000000,0.600967,0.399033,4216.383770,UU,16645.000000,1.000389,0.000389,16651.469912,0.592781,356.000000,0.407219,211.029894,0.600967,7016.000000,0.399033,4216.383770,,,,,,,,,0.998657,4850.000000,0.001343,4843.488875,0.998250,609.000000,0.001750,607.934433,1.000389,16645.000000,0.000389,16651.469912,,,,,,,,,,,,,,,,,,,,,
FB15k-237,tg_r2d3__pos_auto_ratio__ri_conf__dn_none__dl1_1e-5,r2d3,0.355348,24,/people/person/place_of_birth,170,rule_only,trial,U,1538.000000,2.354113,1.354113,3620.625640,UU,126.000000,1.000000,0.000000,126.000000,2.143881,460.000000,1.143881,986.185306,2.354113,1538.000000,1.354113,3620.625640,,,,,,,,,1.000000,10.000000,0.000000,10.000000,1.000000,12.000000,0.000000,12.000000,1.000000,126.000000,0.000000,126.000000,,,,,,,,,,,,,,,,,,,,,
FB15k-237,tg_r2d3__pos_auto_ratio__ri_conf__dn_none__dl1_1e-5,r2d3,0.355348,25,/common/topic/webpage./common/webpage/category,402,rule_only,trial,U,3333.000000,1.000000,0.000000,3333.000000,BB,3513.000000,1.000000,0.000000,3513.000000,1.000000,2031.000000,0.000000,2031.000000,1.000000,3333.000000,0.000000,3333.000000,,,,,,,,,1.000000,3513.000000,0.000000,3513.000000,,,,,1.000000,1900.000000,0.000000,1900.000000,,,,,,,,,,,,,,,,,,,,,
FB15k-237,tg_r2d3__pos_auto_ratio__ri_conf__dn_none__dl1_1e-5,r2d3,0.355348,26,/film/film/other_crew./film/film_crew_gig/film_crew_role,606,rule_only,trial,U,42733.000000,0.533957,0.466043,22817.567388,UU,19941.000000,1.000000,0.000000,19941.000000,0.638250,255.000000,0.361750,162.753801,0.533957,42733.000000,0.466043,22817.567388,,,,,,,,,1.000000,13793.000000,0.000000,13793.000000,1.000000,18296.000000,0.000000,18296.000000,1.000000,19941.000000,0.000000,19941.000000,,,,,,,,,,,,,,,,,,,,,
FB15k-237,tg_r2d3__pos_auto_ratio__ri_conf__dn_none__dl1_1e-5,r2d3,0.355348,27,/award/award_ceremony/awards_presented./award/award_honor/award_winner,317,dependency,final,U,8462.000000,1.375139,0.375139,11636.421987,UU,16493.000000,1.024547,0.024547,16897.845424,0.986874,449.000000,0.013126,443.106291,1.375139,8462.000000,0.375139,11636.421987,,,,,,,,,1.027901,8286.000000,0.027901,8517.185200,1.014915,1038.000000,0.014915,1053.481978,1.024547,16493.000000,0.024547,16897.845424,,,,,,,,,,,,,,,,,,,,,
FB15k-237,tg_r2d3__pos_auto_ratio__ri_conf__dn_none__dl1_1e-5,r2d3,0.355348,28,/film/film/country,131,dependency,final,U,6614.000000,1.035537,0.035537,6849.043041,UU,8317.000000,1.011769,0.011769,8414.879446,0.673259,1792.000000,0.326741,1206.480845,1.035537,6614.000000,0.035537,6849.043041,,,,,,,,,1.000439,2481.000000,0.000439,2482.090151,1.027934,145.000000,0.027934,149.050488,1.011769,8317.000000,0.011769,8414.879446,,,,,,,,,,,,,,,,,,,,,
FB15k-237,tg_r2d3__pos_auto_ratio__ri_conf__dn_none__dl1_1e-5,r2d3,0.355348,29,/olympics/olympic_sport/athletes./olympics/olympic_athlete_affiliation/country,258,rule_only,trial,U,47285.000000,0.450653,0.549347,21309.103462,UU,77774.000000,1.000000,0.000000,77774.000000,0.567516,291.000000,0.432484,165.147243,0.450653,47285.000000,0.549347,21309.103462,,,,,,,,,1.000000,18237.000000,0.000000,18237.000000,1.000000,21872.000000,0.000000,21872.000000,1.000000,77774.000000,0.000000,77774.000000,,,,,,,,,,,,,,,,,,,,,
FB15k-237,tg_r2d3__pos_auto_ratio__ri_conf__dn_none__dl1_1e-5,r2d3,0.355348,30,/award/award_winning_work/awards_won./award/award_honor/award,118,dependency,final,U,19020.000000,1.102484,0.102484,20969.243778,UU,18611.000000,0.991844,0.008156,18459.216128,0.957675,721.000000,0.042325,690.483675,1.102484,19020.000000,0.102484,20969.243778,,,,,,,,,0.994958,16979.000000,0.005042,16893.395278,0.992761,5079.000000,0.007239,5042.235658,0.991844,18611.000000,0.008156,18459.216128,,,,,,,,,,,,,,,,,,,,,
FB15k-237,tg_r2d3__pos_auto_ratio__ri_conf__dn_none__dl1_1e-5,r2d3,0.355348,31,/film/film/genre,722,dependency,final,U,15225.000000,1.112833,0.112833,16942.882425,BB,22421.000000,0.970696,0.029304,21763.983984,0.770349,589.000000,0.229651,453.735443,1.112833,15225.000000,0.112833,16942.882425,,,,,,,,,0.970696,22421.000000,0.029304,21763.983984,0.986803,5762.000000,0.013197,5685.957157,0.984711,13923.000000,0.015289,13710.138214,,,,,,,,,,,,,,,,,,,,,
FB15k-237,tg_r2d3__pos_auto_ratio__ri_conf__dn_none__dl1_1e-5,r2d3,0.355348,32,/film/film_distributor/films_distributed./film/film_film_distributor_relationship/film,160,rule_only,trial,U,5158.000000,1.482859,0.482859,7648.585175,BB,10273.000000,1.000000,0.000000,10273.000000,1.031762,663.000000,0.031762,684.058537,1.482859,5158.000000,0.482859,7648.585175,,,,,,,,,1.000000,10273.000000,0.000000,10273.000000,1.000000,302.000000,0.000000,302.000000,1.000000,5603.000000,0.000000,5603.000000,,,,,,,,,,,,,,,,,,,,,
FB15k-237,tg_r2d3__pos_auto_ratio__ri_conf__dn_none__dl1_1e-5,r2d3,0.355348,33,/location/statistical_region/rent50_2./measurement_unit/dated_money_value/currency,46,rule_only,trial,B,393.000000,0.762261,0.237739,299.568455,BB,1860.000000,1.000000,0.000000,1860.000000,0.762261,393.000000,0.237739,299.568455,0.761379,92.000000,0.238621,70.046877,,,,,,,,,1.000000,1860.000000,0.000000,1860.000000,,,,,1.000000,80.000000,0.000000,80.000000,,,,,,,,,,,,,,,,,,,,,
FB15k-237,tg_r2d3__pos_auto_ratio__ri_conf__dn_none__dl1_1e-5,r2d3,0.355348,34,/film/film/estimated_budget./measurement_unit/dated_money_value/currency,151,dependency,final,U,1981.000000,0.695859,0.304141,1378.497670,BB,4774.000000,1.008109,0.008109,4812.712366,0.688216,705.000000,0.311784,485.192069,0.695859,1981.000000,0.304141,1378.497670,,,,,,,,,1.008109,4774.000000,0.008109,4812.712366,,,,,1.007713,607.000000,0.007713,611.681609,,,,,,,,,,,,,,,,,,,,,
FB15k-237,tg_r2d3__pos_auto_ratio__ri_conf__dn_none__dl1_1e-5,r2d3,0.355348,35,/government/legislative_session/members./government/government_position_held/district_represented,117,dependency,final,U,11075.000000,0.517007,0.482993,5725.850310,UU,29509.000000,0.997478,0.002522,29434.587155,0.545543,100.000000,0.454457,54.554330,0.517007,11075.000000,0.482993,5725.850310,,,,,,,,,0.997283,2484.000000,0.002717,2477.250227,0.997578,11277.000000,0.002422,11249.688234,0.997478,29509.000000,0.002522,29434.587155,,,,,,,,,,,,,,,,,,,,,
FB15k-237,tg_r2d3__pos_auto_ratio__ri_conf__dn_none__dl1_1e-5,r2d3,0.355348,36,/sports/sports_team/roster./american_football/football_historical_roster_position/position_s,1,rule_only,trial,U,12794.000000,1.000000,0.000000,12794.000000,UU,24092.000000,1.000000,0.000000,24092.000000,1.000000,257.000000,0.000000,257.000000,1.000000,12794.000000,0.000000,12794.000000,,,,,,,,,1.000000,2440.000000,0.000000,2440.000000,1.000000,3061.000000,0.000000,3061.000000,1.000000,24092.000000,0.000000,24092.000000,,,,,,,,,,,,,,,,,,,,,
FB15k-237,tg_r2d3__pos_auto_ratio__ri_conf__dn_none__dl1_1e-5,r2d3,0.355348,37,/government/government_office_category/officeholders./government/government_position_held/jurisdiction_of_office,91,dependency,final,U,3697.000000,0.736510,0.263490,2722.877100,UU,8945.000000,1.002610,0.002610,8968.349133,0.695987,346.000000,0.304013,240.811467,0.736510,3697.000000,0.263490,2722.877100,,,,,,,,,1.002058,6992.000000,0.002058,7006.393032,1.003478,235.000000,0.003478,235.817377,1.002610,8945.000000,0.002610,8968.349133,,,,,,,,,,,,,,,,,,,,,
FB15k-237,tg_r2d3__pos_auto_ratio__ri_conf__dn_none__dl1_1e-5,r2d3,0.355348,38,/award/award_nominee/award_nominations./award/award_nomination/nominated_for,132,dependency,final,U,14666.000000,1.016753,0.016753,14911.703898,UU,19015.000000,1.346548,0.346548,25604.615925,0.922996,2547.000000,0.077004,2350.870303,1.016753,14666.000000,0.016753,14911.703898,,,,,,,,,1.325289,5154.000000,0.325289,6830.540537,1.248615,448.000000,0.248615,559.379475,1.346548,19015.000000,0.346548,25604.615925,,,,,,,,,,,,,,,,,,,,,
FB15k-237,tg_r2d3__pos_auto_ratio__ri_conf__dn_none__dl1_1e-5,r2d3,0.355348,39,/people/deceased_person/place_of_death,78,dependency,final,U,425.000000,1.841744,0.841744,782.741157,UU,21.000000,1.021848,0.021848,21.458802,1.862805,131.000000,0.862805,244.027468,1.841744,425.000000,0.841744,782.741157,,,,,,,,,1.003296,1.000000,0.003296,1.003296,,,,,1.021848,21.000000,0.021848,21.458802,,,,,,,,,,,,,,,,,,,,,
FB15k-237,tg_r2d3__pos_auto_ratio__ri_conf__dn_none__dl1_1e-5,r2d3,0.355348,40,/sports/pro_athlete/teams./sports/sports_team_roster/team,16,rule_only,trial,U,1420.000000,1.862846,0.862846,2645.241320,UU,80.000000,1.032075,0.032075,82.565976,1.823578,84.000000,0.823578,153.180544,1.862846,1420.000000,0.862846,2645.241320,,,,,,,,,1.037455,51.000000,0.037455,52.910220,1.014788,50.000000,0.014788,50.739420,1.032075,80.000000,0.032075,82.565976,,,,,,,,,,,,,,,,,,,,,
FB15k-237,tg_r2d3__pos_auto_ratio__ri_conf__dn_none__dl1_1e-5,r2d3,0.355348,41,/music/artist/track_contributions./music/track_contribution/role,152,dependency,final,U,23671.000000,0.573630,0.426370,13578.405198,UU,25248.000000,0.994267,0.005733,25103.263315,0.781186,778.000000,0.218814,607.762552,0.573630,23671.000000,0.426370,13578.405198,,,,,,,,,0.994632,20069.000000,0.005368,19961.261580,0.992823,6394.000000,0.007177,6348.108344,0.994267,25248.000000,0.005733,25103.263315,,,,,,,,,,,,,,,,,,,,,
FB15k-237,tg_r2d3__pos_auto_ratio__ri_conf__dn_none__dl1_1e-5,r2d3,0.355348,42,/music/instrument/instrumentalists,153,rule_only,trial,U,21042.000000,0.730272,0.269728,15366.375007,UU,23469.000000,1.000000,0.000000,23469.000000,0.772222,905.000000,0.227778,698.861091,0.730272,21042.000000,0.269728,15366.375007,,,,,,,,,1.000000,20755.000000,0.000000,20755.000000,1.000000,2525.000000,0.000000,2525.000000,1.000000,23469.000000,0.000000,23469.000000,,,,,,,,,,,,,,,,,,,,,
FB15k-237,tg_r2d3__pos_auto_ratio__ri_conf__dn_none__dl1_1e-5,r2d3,0.355348,43,/people/person/gender,436,dependency,final,U,6690.000000,0.586060,0.413940,3920.740062,BB,1645.000000,1.023807,0.023807,1684.163173,0.470547,686.000000,0.529453,322.795448,0.586060,6690.000000,0.413940,3920.740062,,,,,,,,,1.023807,1645.000000,0.023807,1684.163173,,,,,1.020709,1417.000000,0.020709,1446.345220,,,,,,,,,,,,,,,,,,,,,
FB15k-237,tg_r2d3__pos_auto_ratio__ri_conf__dn_none__dl1_1e-5,r2d3,0.355348,44,/business/job_title/people_with_this_title./business/employment_tenure/company,85,dependency,final,U,1304.000000,1.051830,0.051830,1371.585929,BB,2987.000000,1.001232,0.001232,2990.679984,0.757598,308.000000,0.242402,233.340184,1.051830,1304.000000,0.051830,1371.585929,,,,,,,,,1.001232,2987.000000,0.001232,2990.679984,1.001595,262.000000,0.001595,262.417916,1.001997,764.000000,0.001997,765.525402,,,,,,,,,,,,,,,,,,,,,
FB15k-237,tg_r2d3__pos_auto_ratio__ri_conf__dn_none__dl1_1e-5,r2d3,0.355348,45,/base/popstra/celebrity/friendship./base/popstra/friendship/participant,32,rule_only,trial,U,2048.000000,1.559720,0.559720,3194.307379,BB,404.000000,1.000000,0.000000,404.000000,1.803784,863.000000,0.803784,1556.665333,1.559720,2048.000000,0.559720,3194.307379,,,,,,,,,1.000000,404.000000,0.000000,404.000000,1.000000,53.000000,0.000000,53.000000,1.000000,7.000000,0.000000,7.000000,,,,,,,,,,,,,,,,,,,,,
FB15k-237,tg_r2d3__pos_auto_ratio__ri_conf__dn_none__dl1_1e-5,r2d3,0.355348,46,/business/business_operation/industry,41,dependency,final,U,209.000000,1.003725,0.003725,209.778567,UU,54.000000,1.002032,0.002032,54.109706,1.000242,47.000000,0.000242,47.011374,1.003725,209.000000,0.003725,209.778567,,,,,,,,,1.002305,38.000000,0.002305,38.087579,1.002178,4.000000,0.002178,4.008714,1.002032,54.000000,0.002032,54.109706,,,,,,,,,,,,,,,,,,,,,
FB15k-237,tg_r2d3__pos_auto_ratio__ri_conf__dn_none__dl1_1e-5,r2d3,0.355348,47,/award/award_category/winners./award/award_honor/award_winner,217,dependency,final,U,17706.000000,1.325399,0.325399,23467.518235,BB,14847.000000,1.017444,0.017444,15105.986614,0.906434,1150.000000,0.093566,1042.399215,1.325399,17706.000000,0.325399,23467.518235,,,,,,,,,1.017444,14847.000000,0.017444,15105.986614,1.010697,3286.000000,0.010697,3321.150013,1.010282,14810.000000,0.010282,14962.283825,,,,,,,,,,,,,,,,,,,,,
FB15k-237,tg_r2d3__pos_auto_ratio__ri_conf__dn_none__dl1_1e-5,r2d3,0.355348,48,/people/person/nationality,494,dependency,final,U,6832.000000,1.496522,0.496522,10224.240354,BB,2752.000000,1.057964,0.057964,2911.516928,0.838570,2884.000000,0.161430,2418.436457,1.496522,6832.000000,0.496522,10224.240354,,,,,,,,,1.057964,2752.000000,0.057964,2911.516928,0.973935,47.000000,0.026065,45.774954,1.096294,1411.000000,0.096294,1546.871116,,,,,,,,,,,,,,,,,,,,,
FB15k-237,tg_r2d3__pos_auto_ratio__ri_conf__dn_none__dl1_1e-5,r2d3,0.355348,49,/sports/sports_team/roster./baseball/baseball_roster_position/position,3,dependency,final,U,559.000000,0.795567,0.204433,444.722121,UU,1059.000000,1.017630,0.017630,1077.670064,0.794499,27.000000,0.205501,21.451478,0.795567,559.000000,0.204433,444.722121,,,,,,,,,1.017708,177.000000,0.017708,180.134404,1.017629,168.000000,0.017629,170.961689,1.017630,1059.000000,0.017630,1077.670064,,,,,,,,,,,,,,,,,,,,,
FB15k-237,tg_r2d3__pos_auto_ratio__ri_conf__dn_none__dl1_1e-5,r2d3,0.355348,50,/people/cause_of_death/people,94,dependency,final,U,657.000000,1.295682,0.295682,851.263205,UU,21.000000,1.004534,0.004534,21.095216,1.084636,55.000000,0.084636,59.654975,1.295682,657.000000,0.295682,851.263205,,,,,,,,,1.007707,3.000000,0.007707,3.023121,,,,,1.004534,21.000000,0.004534,21.095216,,,,,,,,,,,,,,,,,,,,,
FB15k-237,tg_r2d3__pos_auto_ratio__ri_conf__dn_none__dl1_1e-5,r2d3,0.355348,51,/tv/tv_program/languages,24,dependency,final,U,261.000000,0.963879,0.036121,251.572419,BB,1142.000000,1.087165,0.087165,1241.542658,0.752378,249.000000,0.247622,187.342197,0.963879,261.000000,0.036121,251.572419,,,,,,,,,1.087165,1142.000000,0.087165,1241.542658,,,,,1.088592,672.000000,0.088592,731.533690,,,,,,,,,,,,,,,,,,,,,
FB15k-237,tg_r2d3__pos_auto_ratio__ri_conf__dn_none__dl1_1e-5,r2d3,0.355348,52,/music/genre/parent_genre,97,rule_only,trial,U,418.000000,1.852802,0.852802,774.471194,BB,109.000000,1.000000,0.000000,109.000000,1.316928,36.000000,0.316928,47.409401,1.852802,418.000000,0.852802,774.471194,,,,,,,,,1.000000,109.000000,0.000000,109.000000,1.000000,32.000000,0.000000,32.000000,1.000000,47.000000,0.000000,47.000000,,,,,,,,,,,,,,,,,,,,,
FB15k-237,tg_r2d3__pos_auto_ratio__ri_conf__dn_none__dl1_1e-5,r2d3,0.355348,53,/base/popstra/celebrity/breakup./base/popstra/breakup/participant,0,rule_only,trial,U,20.000000,1.000000,0.000000,20.000000,BB,8.000000,1.000000,0.000000,8.000000,1.000000,19.000000,0.000000,19.000000,1.000000,20.000000,0.000000,20.000000,,,,,,,,,1.000000,8.000000,0.000000,8.000000,1.000000,1.000000,0.000000,1.000000,,,,,,,,,,,,,,,,,,,,,,,,,
FB15k-237,tg_r2d3__pos_auto_ratio__ri_conf__dn_none__dl1_1e-5,r2d3,0.355348,54,/location/country/capital,11,rule_only,trial,B,27.000000,1.202799,0.202799,32.475562,BB,18.000000,1.000000,0.000000,18.000000,1.202799,27.000000,0.202799,32.475562,,,,,,,,,,,,,1.000000,18.000000,0.000000,18.000000,,,,,,,,,,,,,,,,,,,,,,,,,,,,,
FB15k-237,tg_r2d3__pos_auto_ratio__ri_conf__dn_none__dl1_1e-5,r2d3,0.355348,55,/film/special_film_performance_type/film_performance_type./film/performance/film,11,rule_only,trial,U,221.000000,1.009971,0.009971,223.203547,UU,65.000000,1.000000,0.000000,65.000000,0.930419,44.000000,0.069581,40.938458,1.009971,221.000000,0.009971,223.203547,,,,,,,,,1.000000,9.000000,0.000000,9.000000,,,,,1.000000,65.000000,0.000000,65.000000,,,,,,,,,,,,,,,,,,,,,
FB15k-237,tg_r2d3__pos_auto_ratio__ri_conf__dn_none__dl1_1e-5,r2d3,0.355348,56,/location/hud_county_place/place,48,rule_only,none,B,695.000000,1.000000,0.000000,695.000000,,,,,,1.000000,695.000000,0.000000,695.000000,1.000000,276.000000,0.000000,276.000000,,,,,,,,,,,,,,,,,,,,,,,,,,,,,,,,,,,,,,,,,
FB15k-237,tg_r2d3__pos_auto_ratio__ri_conf__dn_none__dl1_1e-5,r2d3,0.355348,57,/music/performance_role/guest_performances./music/recording_contribution/performance_role,2,rule_only,trial,U,14853.000000,1.000000,0.000000,14853.000000,BU,24180.000000,1.000000,0.000000,24180.000000,1.000000,822.000000,0.000000,822.000000,1.000000,14853.000000,0.000000,14853.000000,,,,,,,,,1.000000,5677.000000,0.000000,5677.000000,1.000000,24180.000000,0.000000,24180.000000,1.000000,12427.000000,0.000000,12427.000000,,,,,,,,,,,,,,,,,,,,,
FB15k-237,tg_r2d3__pos_auto_ratio__ri_conf__dn_none__dl1_1e-5,r2d3,0.355348,58,/location/location/adjoin_s./location/adjoining_relationship/adjoins,55,dependency,final,U,4622.000000,0.893954,0.106046,4131.856312,BB,7108.000000,1.152313,0.152313,8190.641515,1.039389,1297.000000,0.039389,1348.087403,0.893954,4622.000000,0.106046,4131.856312,,,,,,,,,1.152313,7108.000000,0.152313,8190.641515,1.315494,188.000000,0.315494,247.312797,1.162123,1807.000000,0.162123,2099.956442,,,,,,,,,,,,,,,,,,,,,
FB15k-237,tg_r2d3__pos_auto_ratio__ri_conf__dn_none__dl1_1e-5,r2d3,0.355348,59,/film/film_subject/films,77,dependency,final,U,1106.000000,1.490425,0.490425,1648.410161,UU,40.000000,1.003972,0.003972,40.158900,1.429105,79.000000,0.429105,112.899263,1.490425,1106.000000,0.490425,1648.410161,,,,,,,,,0.996217,4.000000,0.003783,3.984868,,,,,1.003972,40.000000,0.003972,40.158900,,,,,,,,,,,,,,,,,,,,,
FB15k-237,tg_r2d3__pos_auto_ratio__ri_conf__dn_none__dl1_1e-5,r2d3,0.355348,60,/base/schemastaging/person_extra/net_worth./measurement_unit/dated_money_value/currency,60,dependency,final,U,808.000000,0.778527,0.221473,629.049735,BB,4189.000000,1.007205,0.007205,4219.180907,0.769726,585.000000,0.230274,450.289827,0.778527,808.000000,0.221473,629.049735,,,,,,,,,1.007205,4189.000000,0.007205,4219.180907,,,,,1.007201,105.000000,0.007201,105.756147,,,,,,,,,,,,,,,,,,,,,
FB15k-237,tg_r2d3__pos_auto_ratio__ri_conf__dn_none__dl1_1e-5,r2d3,0.355348,61,/education/educational_institution/colors,90,dependency,final,U,1376.000000,0.833356,0.166644,1146.697994,UU,2387.000000,1.003964,0.003964,2396.462784,0.812012,105.000000,0.187988,85.261229,0.833356,1376.000000,0.166644,1146.697994,,,,,,,,,1.004244,1589.000000,0.004244,1595.744352,1.005433,261.000000,0.005433,262.417961,1.003964,2387.000000,0.003964,2396.462784,,,,,,,,,,,,,,,,,,,,,
FB15k-237,tg_r2d3__pos_auto_ratio__ri_conf__dn_none__dl1_1e-5,r2d3,0.355348,62,/base/aareas/schema/administrative_area/administrative_parent,25,rule_only,trial,U,1058.000000,1.000000,0.000000,1058.000000,BB,3315.000000,1.000000,0.000000,3315.000000,1.000000,575.000000,0.000000,575.000000,1.000000,1058.000000,0.000000,1058.000000,,,,,,,,,1.000000,3315.000000,0.000000,3315.000000,1.000000,82.000000,0.000000,82.000000,1.000000,3135.000000,0.000000,3135.000000,,,,,,,,,,,,,,,,,,,,,
FB15k-237,tg_r2d3__pos_auto_ratio__ri_conf__dn_none__dl1_1e-5,r2d3,0.355348,63,/organization/role/leaders./organization/leadership/organization,70,dependency,final,U,668.000000,1.119999,0.119999,748.159265,BB,2057.000000,1.003478,0.003478,2064.155069,0.703763,303.000000,0.296237,213.240098,1.119999,668.000000,0.119999,748.159265,,,,,,,,,1.003478,2057.000000,0.003478,2064.155069,0.996867,88.000000,0.003133,87.724314,1.004248,1739.000000,0.004248,1746.387272,,,,,,,,,,,,,,,,,,,,,
FB15k-237,tg_r2d3__pos_auto_ratio__ri_conf__dn_none__dl1_1e-5,r2d3,0.355348,64,/government/legislative_session/members./government/government_position_held/legislative_sessions,13,rule_only,trial,U,8275.000000,0.845472,0.154528,6996.279145,UU,13861.000000,1.000000,0.000000,13861.000000,0.844747,36.000000,0.155253,30.410885,0.845472,8275.000000,0.154528,6996.279145,,,,,,,,,1.000000,202.000000,0.000000,202.000000,1.000000,3027.000000,0.000000,3027.000000,1.000000,13861.000000,0.000000,13861.000000,,,,,,,,,,,,,,,,,,,,,
FB15k-237,tg_r2d3__pos_auto_ratio__ri_conf__dn_none__dl1_1e-5,r2d3,0.355348,65,/olympics/olympic_games/sports,13,dependency,final,U,9546.000000,0.540209,0.459791,5156.835114,UU,11804.000000,0.998643,0.001357,11787.984333,0.557252,104.000000,0.442748,57.954156,0.540209,9546.000000,0.459791,5156.835114,,,,,,,,,0.997859,929.000000,0.002141,927.011011,0.998865,8277.000000,0.001135,8267.601467,0.998643,11804.000000,0.001357,11787.984333,,,,,,,,,,,,,,,,,,,,,
FB15k-237,tg_r2d3__pos_auto_ratio__ri_conf__dn_none__dl1_1e-5,r2d3,0.355348,66,/people/person/places_lived./people/place_lived/location,305,rule_only,trial,U,3542.000000,2.057481,1.057481,7287.598765,UU,1026.000000,1.000000,0.000000,1026.000000,1.944714,977.000000,0.944714,1899.985285,2.057481,3542.000000,1.057481,7287.598765,,,,,,,,,1.000000,236.000000,0.000000,236.000000,1.000000,21.000000,0.000000,21.000000,1.000000,1026.000000,0.000000,1026.000000,,,,,,,,,,,,,,,,,,,,,
FB15k-237,tg_r2d3__pos_auto_ratio__ri_conf__dn_none__dl1_1e-5,r2d3,0.355348,67,/award/award_category/disciplines_or_subjects,15,rule_only,trial,U,198.000000,1.000000,0.000000,198.000000,UU,182.000000,1.000000,0.000000,182.000000,1.000000,25.000000,0.000000,25.000000,1.000000,198.000000,0.000000,198.000000,,,,,,,,,1.000000,41.000000,0.000000,41.000000,1.000000,4.000000,0.000000,4.000000,1.000000,182.000000,0.000000,182.000000,,,,,,,,,,,,,,,,,,,,,
FB15k-237,tg_r2d3__pos_auto_ratio__ri_conf__dn_none__dl1_1e-5,r2d3,0.355348,68,/sports/professional_sports_team/draft_picks./sports/sports_league_draft_pick/school,86,rule_only,trial,U,3011.000000,1.000000,0.000000,3011.000000,UU,1992.000000,1.000000,0.000000,1992.000000,1.000000,132.000000,0.000000,132.000000,1.000000,3011.000000,0.000000,3011.000000,,,,,,,,,1.000000,398.000000,0.000000,398.000000,1.000000,186.000000,0.000000,186.000000,1.000000,1992.000000,0.000000,1992.000000,,,,,,,,,,,,,,,,,,,,,
FB15k-237,tg_r2d3__pos_auto_ratio__ri_conf__dn_none__dl1_1e-5,r2d3,0.355348,69,/olympics/olympic_participating_country/medals_won./olympics/olympic_medal_honor/olympics,63,rule_only,trial,U,34384.000000,0.505576,0.494424,17383.725184,UU,63445.000000,1.000000,0.000000,63445.000000,0.596831,466.000000,0.403169,278.123339,0.505576,34384.000000,0.494424,17383.725184,,,,,,,,,1.000000,21884.000000,0.000000,21884.000000,1.000000,9803.000000,0.000000,9803.000000,1.000000,63445.000000,0.000000,63445.000000,,,,,,,,,,,,,,,,,,,,,
FB15k-237,tg_r2d3__pos_auto_ratio__ri_conf__dn_none__dl1_1e-5,r2d3,0.355348,70,/language/human_language/countries_spoken_in,25,dependency,final,U,1605.000000,0.962238,0.037762,1544.391348,UU,4339.000000,1.043512,0.043512,4527.798134,0.874581,278.000000,0.125419,243.133407,0.962238,1605.000000,0.037762,1544.391348,,,,,,,,,1.044255,3137.000000,0.044255,3275.826367,1.036128,56.000000,0.036128,58.023168,1.043512,4339.000000,0.043512,4527.798134,,,,,,,,,,,,,,,,,,,,,
FB15k-237,tg_r2d3__pos_auto_ratio__ri_conf__dn_none__dl1_1e-5,r2d3,0.355348,71,/people/ethnicity/people,251,dependency,final,U,2926.000000,2.123908,1.123908,6214.555686,BB,4781.000000,0.987295,0.012705,4720.259786,1.037441,340.000000,0.037441,352.729838,2.123908,2926.000000,1.123908,6214.555686,,,,,,,,,0.987295,4781.000000,0.012705,4720.259786,1.001361,114.000000,0.001361,114.155131,0.986475,2718.000000,0.013525,2681.239050,,,,,,,,,,,,,,,,,,,,,
FB15k-237,tg_r2d3__pos_auto_ratio__ri_conf__dn_none__dl1_1e-5,r2d3,0.355348,72,/olympics/olympic_participating_country/athletes./olympics/olympic_athlete_affiliation/olympics,31,dependency,final,U,18907.000000,0.664655,0.335345,12566.639648,UU,39819.000000,1.002395,0.002395,39914.378451,0.700177,442.000000,0.299823,309.478278,0.664655,18907.000000,0.335345,12566.639648,,,,,,,,,1.002452,15101.000000,0.002452,15138.024632,1.002404,4229.000000,0.002404,4239.166939,1.002395,39819.000000,0.002395,39914.378451,,,,,,,,,,,,,,,,,,,,,
FB15k-237,tg_r2d3__pos_auto_ratio__ri_conf__dn_none__dl1_1e-5,r2d3,0.355348,73,/olympics/olympic_participating_country/medals_won./olympics/olympic_medal_honor/medal,38,rule_only,trial,U,2418.000000,0.756441,0.243559,1829.075547,UU,5071.000000,1.000000,0.000000,5071.000000,0.758806,118.000000,0.241194,89.539155,0.756441,2418.000000,0.243559,1829.075547,,,,,,,,,1.000000,665.000000,0.000000,665.000000,1.000000,1.000000,0.000000,1.000000,1.000000,5071.000000,0.000000,5071.000000,,,,,,,,,,,,,,,,,,,,,
FB15k-237,tg_r2d3__pos_auto_ratio__ri_conf__dn_none__dl1_1e-5,r2d3,0.355348,74,/film/film/other_crew./film/film_crew_gig/crewmember,26,rule_only,trial,U,1099.000000,1.503682,0.503682,1652.546408,UU,68.000000,1.000000,0.000000,68.000000,1.116777,132.000000,0.116777,147.414538,1.503682,1099.000000,0.503682,1652.546408,,,,,,,,,1.000000,15.000000,0.000000,15.000000,,,,,1.000000,68.000000,0.000000,68.000000,,,,,,,,,,,,,,,,,,,,,
FB15k-237,tg_r2d3__pos_auto_ratio__ri_conf__dn_none__dl1_1e-5,r2d3,0.355348,75,/music/performance_role/track_performances./music/track_contribution/role,53,rule_only,trial,U,112987.000000,0.325940,0.674060,36827.016676,UU,184522.000000,1.000000,0.000000,184522.000000,0.516140,1073.000000,0.483860,553.818649,0.325940,112987.000000,0.674060,36827.016676,,,,,,,,,1.000000,4186.000000,0.000000,4186.000000,1.000000,45456.000000,0.000000,45456.000000,1.000000,184522.000000,0.000000,184522.000000,,,,,,,,,,,,,,,,,,,,,
FB15k-237,tg_r2d3__pos_auto_ratio__ri_conf__dn_none__dl1_1e-5,r2d3,0.355348,76,/music/record_label/artist,266,rule_only,trial,U,4621.000000,1.140554,0.140554,5270.499110,UU,1361.000000,1.000000,0.000000,1361.000000,0.985891,228.000000,0.014109,224.783125,1.140554,4621.000000,0.140554,5270.499110,,,,,,,,,1.000000,903.000000,0.000000,903.000000,1.000000,249.000000,0.000000,249.000000,1.000000,1361.000000,0.000000,1361.000000,,,,,,,,,,,,,,,,,,,,,
FB15k-237,tg_r2d3__pos_auto_ratio__ri_conf__dn_none__dl1_1e-5,r2d3,0.355348,77,/base/popstra/celebrity/dated./base/popstra/dated/participant,11,dependency,final,U,1251.000000,2.220607,1.220607,2777.979732,BB,25.000000,1.210290,0.210290,30.257252,2.089648,352.000000,1.089648,735.556096,2.220607,1251.000000,1.220607,2777.979732,,,,,,,,,1.210290,25.000000,0.210290,30.257252,1.035635,3.000000,0.035635,3.106905,1.114485,10.000000,0.114485,11.144847,,,,,,,,,,,,,,,,,,,,,
FB15k-237,tg_r2d3__pos_auto_ratio__ri_conf__dn_none__dl1_1e-5,r2d3,0.355348,78,/base/locations/continents/countries_within,5,dependency,final,U,1031.000000,0.800786,0.199214,825.610469,UU,2593.000000,1.115467,0.115467,2892.406190,0.744570,156.000000,0.255430,116.152951,0.800786,1031.000000,0.199214,825.610469,,,,,,,,,1.121569,2077.000000,0.121569,2329.498605,1.091666,78.000000,0.091666,85.149940,1.115467,2593.000000,0.115467,2892.406190,,,,,,,,,,,,,,,,,,,,,
FB15k-237,tg_r2d3__pos_auto_ratio__ri_conf__dn_none__dl1_1e-5,r2d3,0.355348,79,/sports/sports_league_draft/picks./sports/sports_league_draft_pick/school,42,dependency,final,U,1100.000000,0.869784,0.130216,956.762950,UU,495.000000,1.000744,0.000744,495.368329,0.867401,68.000000,0.132599,58.983234,0.869784,1100.000000,0.130216,956.762950,,,,,,,,,0.999256,35.000000,0.000744,34.973963,1.000744,22.000000,0.000744,22.016368,1.000744,495.000000,0.000744,495.368329,,,,,,,,,,,,,,,,,,,,,
FB15k-237,tg_r2d3__pos_auto_ratio__ri_conf__dn_none__dl1_1e-5,r2d3,0.355348,80,/sports/sports_team/sport,53,dependency,final,U,328.000000,0.735163,0.264837,241.133333,UU,1207.000000,1.006256,0.006256,1214.550509,0.697986,77.000000,0.302014,53.744914,0.735163,328.000000,0.264837,241.133333,,,,,,,,,1.004784,176.000000,0.004784,176.841931,,,,,1.006256,1207.000000,0.006256,1214.550509,,,,,,,,,,,,,,,,,,,,,
FB15k-237,tg_r2d3__pos_auto_ratio__ri_conf__dn_none__dl1_1e-5,r2d3,0.355348,81,/education/educational_institution_campus/educational_institution,13,rule_only,none,B,907.000000,1.000000,0.000000,907.000000,,,,,,1.000000,907.000000,0.000000,907.000000,1.000000,664.000000,0.000000,664.000000,,,,,,,,,,,,,,,,,,,,,,,,,,,,,,,,,,,,,,,,,
FB15k-237,tg_r2d3__pos_auto_ratio__ri_conf__dn_none__dl1_1e-5,r2d3,0.355348,82,/people/person/religion,127,dependency,final,U,1320.000000,1.580337,0.580337,2086.045368,BB,2034.000000,1.006909,0.006909,2048.053720,0.979529,245.000000,0.020471,239.984679,1.580337,1320.000000,0.580337,2086.045368,,,,,,,,,1.006909,2034.000000,0.006909,2048.053720,0.995961,8.000000,0.004039,7.967690,1.011046,793.000000,0.011046,801.759240,,,,,,,,,,,,,,,,,,,,,
FB15k-237,tg_r2d3__pos_auto_ratio__ri_conf__dn_none__dl1_1e-5,r2d3,0.355348,83,/organization/organization/headquarters./location/mailing_address/citytown,55,dependency,final,U,451.000000,1.579500,0.579500,712.354500,UU,160.000000,1.045293,0.045293,167.246928,1.898551,286.000000,0.898551,542.985672,1.579500,451.000000,0.579500,712.354500,,,,,,,,,1.048331,146.000000,0.048331,153.056311,1.006322,2.000000,0.006322,2.012644,1.045293,160.000000,0.045293,167.246928,,,,,,,,,,,,,,,,,,,,,
FB15k-237,tg_r2d3__pos_auto_ratio__ri_conf__dn_none__dl1_1e-5,r2d3,0.355348,84,/film/film/produced_by,60,dependency,final,U,2199.000000,2.387757,1.387757,5250.677863,BB,5719.000000,1.012335,0.012335,5789.541577,1.799874,738.000000,0.799874,1328.306717,2.387757,2199.000000,1.387757,5250.677863,,,,,,,,,1.012335,5719.000000,0.012335,5789.541577,1.005773,189.000000,0.005773,190.091040,1.003163,127.000000,0.003163,127.401701,,,,,,,,,,,,,,,,,,,,,
FB15k-237,tg_r2d3__pos_auto_ratio__ri_conf__dn_none__dl1_1e-5,r2d3,0.355348,85,/people/person/spouse_s./people/marriage/type_of_union,346,rule_only,trial,U,4951.000000,0.810135,0.189865,4010.978880,BB,1962.000000,1.000000,0.000000,1962.000000,0.549183,908.000000,0.450817,498.658436,0.810135,4951.000000,0.189865,4010.978880,,,,,,,,,1.000000,1962.000000,0.000000,1962.000000,,,,,1.000000,585.000000,0.000000,585.000000,,,,,,,,,,,,,,,,,,,,,
FB15k-237,tg_r2d3__pos_auto_ratio__ri_conf__dn_none__dl1_1e-5,r2d3,0.355348,86,/film/film/production_companies,84,dependency,final,U,3736.000000,1.672349,0.672349,6247.895864,BB,7938.000000,1.108730,0.108730,8801.095565,1.227154,585.000000,0.227154,717.885324,1.672349,3736.000000,0.672349,6247.895864,,,,,,,,,1.108730,7938.000000,0.108730,8801.095565,1.101050,151.000000,0.101050,166.258535,1.123582,1241.000000,0.123582,1394.365014,,,,,,,,,,,,,,,,,,,,,
FB15k-237,tg_r2d3__pos_auto_ratio__ri_conf__dn_none__dl1_1e-5,r2d3,0.355348,87,/location/country/second_level_divisions,46,dependency,final,B,562.000000,0.747458,0.252542,420.071565,BB,2528.000000,0.999872,0.000128,2527.677427,0.747458,562.000000,0.252542,420.071565,1.822720,163.000000,0.822720,297.103393,,,,,,,,,0.999872,2528.000000,0.000128,2527.677427,1.008200,113.000000,0.008200,113.926623,0.997875,64.000000,0.002125,63.863994,,,,,,,,,,,,,,,,,,,,,
FB15k-237,tg_r2d3__pos_auto_ratio__ri_conf__dn_none__dl1_1e-5,r2d3,0.355348,88,/base/culturalevent/event/entity_involved,20,dependency,final,U,134.000000,1.482263,0.482263,198.623215,BB,123.000000,1.022589,0.022589,125.778447,1.267471,103.000000,0.267471,130.549472,1.482263,134.000000,0.482263,198.623215,,,,,,,,,1.022589,123.000000,0.022589,125.778447,1.020857,52.000000,0.020857,53.084569,1.023497,59.000000,0.023497,60.386294,,,,,,,,,,,,,,,,,,,,,
FB15k-237,tg_r2d3__pos_auto_ratio__ri_conf__dn_none__dl1_1e-5,r2d3,0.355348,89,/education/educational_degree/people_with_this_degree./education/education/institution,287,rule_only,trial,U,13018.000000,0.626625,0.373375,8157.399043,UU,21236.000000,1.000000,0.000000,21236.000000,0.657462,195.000000,0.342538,128.204993,0.626625,13018.000000,0.373375,8157.399043,,,,,,,,,1.000000,6560.000000,0.000000,6560.000000,1.000000,8173.000000,0.000000,8173.000000,1.000000,21236.000000,0.000000,21236.000000,,,,,,,,,,,,,,,,,,,,,
FB15k-237,tg_r2d3__pos_auto_ratio__ri_conf__dn_none__dl1_1e-5,r2d3,0.355348,90,/film/film/distributors./film/film_film_distributor_relationship/film_distribution_medium,38,rule_only,trial,U,738.000000,0.810256,0.189744,597.969076,UU,1109.000000,1.000000,0.000000,1109.000000,0.791722,156.000000,0.208278,123.508601,0.810256,738.000000,0.189744,597.969076,,,,,,,,,1.000000,984.000000,0.000000,984.000000,1.000000,85.000000,0.000000,85.000000,1.000000,1109.000000,0.000000,1109.000000,,,,,,,,,,,,,,,,,,,,,
FB15k-237,tg_r2d3__pos_auto_ratio__ri_conf__dn_none__dl1_1e-5,r2d3,0.355348,91,/tv/tv_program/tv_producer./tv/tv_producer_term/producer_type,11,dependency,final,U,143.000000,0.839773,0.160227,120.087482,UU,413.000000,1.003346,0.003346,414.381939,0.839531,85.000000,0.160469,71.360101,0.839773,143.000000,0.160227,120.087482,,,,,,,,,1.003346,386.000000,0.003346,387.291595,,,,,1.003346,413.000000,0.003346,414.381939,,,,,,,,,,,,,,,,,,,,,
FB15k-237,tg_r2d3__pos_auto_ratio__ri_conf__dn_none__dl1_1e-5,r2d3,0.355348,92,/music/performance_role/regular_performances./music/group_membership/group,167,rule_only,trial,U,28732.000000,0.768873,0.231127,22091.256163,UU,42716.000000,1.000000,0.000000,42716.000000,0.771248,380.000000,0.228752,293.074202,0.768873,28732.000000,0.231127,22091.256163,,,,,,,,,1.000000,15517.000000,0.000000,15517.000000,1.000000,6229.000000,0.000000,6229.000000,1.000000,42716.000000,0.000000,42716.000000,,,,,,,,,,,,,,,,,,,,,
FB15k-237,tg_r2d3__pos_auto_ratio__ri_conf__dn_none__dl1_1e-5,r2d3,0.355348,93,/government/politician/government_positions_held./government/government_position_held/legislative_sessions,30,dependency,final,U,1794.000000,0.648319,0.351681,1163.085004,UU,5190.000000,1.009254,0.009254,5238.027741,0.727841,38.000000,0.272159,27.657947,0.648319,1794.000000,0.351681,1163.085004,,,,,,,,,1.009056,285.000000,0.009056,287.581017,1.009751,284.000000,0.009751,286.769199,1.009254,5190.000000,0.009254,5238.027741,,,,,,,,,,,,,,,,,,,,,
FB15k-237,tg_r2d3__pos_auto_ratio__ri_conf__dn_none__dl1_1e-5,r2d3,0.355348,94,/sports/sports_team_location/teams,53,rule_only,none,B,13.000000,1.339565,0.339565,17.414349,,,,,,1.339565,13.000000,0.339565,17.414349,1.271635,2.000000,0.271635,2.543270,,,,,,,,,,,,,,,,,,,,,,,,,,,,,,,,,,,,,,,,,
FB15k-237,tg_r2d3__pos_auto_ratio__ri_conf__dn_none__dl1_1e-5,r2d3,0.355348,95,/sports/sports_team/colors,77,rule_only,trial,U,806.000000,0.776863,0.223137,626.151497,UU,1884.000000,1.000000,0.000000,1884.000000,0.746066,63.000000,0.253934,47.002139,0.776863,806.000000,0.223137,626.151497,,,,,,,,,1.000000,861.000000,0.000000,861.000000,1.000000,181.000000,0.000000,181.000000,1.000000,1884.000000,0.000000,1884.000000,,,,,,,,,,,,,,,,,,,,,
FB15k-237,tg_r2d3__pos_auto_ratio__ri_conf__dn_none__dl1_1e-5,r2d3,0.355348,96,/sports/professional_sports_team/draft_picks./sports/sports_league_draft_pick/draft,43,dependency,final,U,1788.000000,0.758114,0.241886,1355.507296,UU,5422.000000,1.005231,0.005231,5450.361398,0.758086,51.000000,0.241914,38.662411,0.758114,1788.000000,0.241886,1355.507296,,,,,,,,,1.005231,662.000000,0.005231,665.462723,1.005231,221.000000,0.005231,222.156073,1.005231,5422.000000,0.005231,5450.361398,,,,,,,,,,,,,,,,,,,,,
FB15k-237,tg_r2d3__pos_auto_ratio__ri_conf__dn_none__dl1_1e-5,r2d3,0.355348,97,/award/award_nominated_work/award_nominations./award/award_nomination/nominated_for,16,dependency,final,U,3899.000000,0.667110,0.332890,2601.063060,BU,8148.000000,1.003585,0.003585,8177.210580,0.720163,896.000000,0.279837,645.265869,0.667110,3899.000000,0.332890,2601.063060,,,,,,,,,1.005021,7153.000000,0.005021,7188.916644,1.003585,8148.000000,0.003585,8177.210580,1.005349,3879.000000,0.005349,3899.747607,,,,,,,,,,,,,,,,,,,,,
FB15k-237,tg_r2d3__pos_auto_ratio__ri_conf__dn_none__dl1_1e-5,r2d3,0.355348,98,/baseball/baseball_team/team_stats./baseball/baseball_team_stats/season,27,dependency,final,U,1323.000000,0.734612,0.265388,971.891147,UU,1952.000000,1.000744,0.000744,1953.452483,0.732825,11.000000,0.267175,8.061072,0.734612,1323.000000,0.265388,971.891147,,,,,,,,,1.000744,55.000000,0.000744,55.040925,1.000744,622.000000,0.000744,622.462830,1.000744,1952.000000,0.000744,1953.452483,,,,,,,,,,,,,,,,,,,,,
FB15k-237,tg_r2d3__pos_auto_ratio__ri_conf__dn_none__dl1_1e-5,r2d3,0.355348,99,/user/alexander/philosophy/philosopher/interests,9,rule_only,trial,U,139.000000,1.000000,0.000000,139.000000,BB,96.000000,1.000000,0.000000,96.000000,1.000000,26.000000,0.000000,26.000000,1.000000,139.000000,0.000000,139.000000,,,,,,,,,1.000000,96.000000,0.000000,96.000000,1.000000,4.000000,0.000000,4.000000,1.000000,18.000000,0.000000,18.000000,,,,,,,,,,,,,,,,,,,,,
FB15k-237,tg_r2d3__pos_auto_ratio__ri_conf__dn_none__dl1_1e-5,r2d3,0.355348,100,/people/person/languages,98,rule_only,trial,U,1149.000000,1.862228,0.862228,2139.699972,BB,3546.000000,1.000000,0.000000,3546.000000,1.070035,543.000000,0.070035,581.029114,1.862228,1149.000000,0.862228,2139.699972,,,,,,,,,1.000000,3546.000000,0.000000,3546.000000,1.000000,37.000000,0.000000,37.000000,1.000000,125.000000,0.000000,125.000000,,,,,,,,,,,,,,,,,,,,,
FB15k-237,tg_r2d3__pos_auto_ratio__ri_conf__dn_none__dl1_1e-5,r2d3,0.355348,101,/education/educational_institution/students_graduates./education/education/major_field_of_study,321,dependency,final,U,11768.000000,0.777740,0.222260,9152.449027,UU,13829.000000,0.997340,0.002660,13792.220392,0.797818,313.000000,0.202182,249.717190,0.777740,11768.000000,0.222260,9152.449027,,,,,,,,,0.996324,4759.000000,0.003676,4741.505440,0.996877,8930.000000,0.003123,8902.114289,0.997340,13829.000000,0.002660,13792.220392,,,,,,,,,,,,,,,,,,,,,
FB15k-237,tg_r2d3__pos_auto_ratio__ri_conf__dn_none__dl1_1e-5,r2d3,0.355348,102,/film/director/film,19,dependency,final,U,1258.000000,1.025332,0.025332,1289.868285,BB,3510.000000,1.082903,0.082903,3800.989530,1.039892,530.000000,0.039892,551.142813,1.025332,1258.000000,0.025332,1289.868285,,,,,,,,,1.082903,3510.000000,0.082903,3800.989530,1.042511,29.000000,0.042511,30.232810,1.075084,211.000000,0.075084,226.842808,,,,,,,,,,,,,,,,,,,,,
FB15k-237,tg_r2d3__pos_auto_ratio__ri_conf__dn_none__dl1_1e-5,r2d3,0.355348,103,/award/award_ceremony/awards_presented./award/award_honor/honored_for,121,dependency,final,U,2004.000000,1.294341,0.294341,2593.859564,BB,1177.000000,1.114133,0.114133,1311.334306,1.122839,196.000000,0.122839,220.076424,1.294341,2004.000000,0.294341,2593.859564,,,,,,,,,1.114133,1177.000000,0.114133,1311.334306,1.074002,99.000000,0.074002,106.326158,1.071051,91.000000,0.071051,97.465632,,,,,,,,,,,,,,,,,,,,,
FB15k-237,tg_r2d3__pos_auto_ratio__ri_conf__dn_none__dl1_1e-5,r2d3,0.355348,104,/olympics/olympic_sport/athletes./olympics/olympic_athlete_affiliation/olympics,8,rule_only,trial,U,5247.000000,0.608633,0.391367,3193.496826,UU,10969.000000,1.000000,0.000000,10969.000000,0.645173,105.000000,0.354827,67.743113,0.608633,5247.000000,0.391367,3193.496826,,,,,,,,,1.000000,965.000000,0.000000,965.000000,1.000000,700.000000,0.000000,700.000000,1.000000,10969.000000,0.000000,10969.000000,,,,,,,,,,,,,,,,,,,,,
FB15k-237,tg_r2d3__pos_auto_ratio__ri_conf__dn_none__dl1_1e-5,r2d3,0.355348,105,/film/film/costume_design_by,13,dependency,final,U,437.000000,1.460913,0.460913,638.418937,BB,120.000000,1.021058,0.021058,122.526972,1.120941,81.000000,0.120941,90.796213,1.460913,437.000000,0.460913,638.418937,,,,,,,,,1.021058,120.000000,0.021058,122.526972,,,,,1.037372,10.000000,0.037372,10.373722,,,,,,,,,,,,,,,,,,,,,
FB15k-237,tg_r2d3__pos_auto_ratio__ri_conf__dn_none__dl1_1e-5,r2d3,0.355348,106,/film/film/featured_film_locations,100,dependency,final,U,1750.000000,1.987595,0.987595,3478.291950,UU,1620.000000,1.216845,0.216845,1971.289386,1.490377,344.000000,0.490377,512.689550,1.987595,1750.000000,0.987595,3478.291950,,,,,,,,,1.174826,143.000000,0.174826,168.000047,,,,,1.216845,1620.000000,0.216845,1971.289386,,,,,,,,,,,,,,,,,,,,,
FB15k-237,tg_r2d3__pos_auto_ratio__ri_conf__dn_none__dl1_1e-5,r2d3,0.355348,107,/tv/tv_program/genre,94,rule_only,trial,U,1400.000000,1.305710,0.305710,1827.993440,BB,3122.000000,1.000000,0.000000,3122.000000,0.756939,186.000000,0.243061,140.790747,1.305710,1400.000000,0.305710,1827.993440,,,,,,,,,1.000000,3122.000000,0.000000,3122.000000,1.000000,403.000000,0.000000,403.000000,1.000000,752.000000,0.000000,752.000000,,,,,,,,,,,,,,,,,,,,,
FB15k-237,tg_r2d3__pos_auto_ratio__ri_conf__dn_none__dl1_1e-5,r2d3,0.355348,108,/organization/endowed_organization/endowment./measurement_unit/dated_money_value/currency,3,rule_only,trial,B,462.000000,0.785282,0.214718,362.800284,BB,2422.000000,1.000000,0.000000,2422.000000,0.785282,462.000000,0.214718,362.800284,0.785903,448.000000,0.214097,352.084499,,,,,,,,,1.000000,2422.000000,0.000000,2422.000000,1.000000,184.000000,0.000000,184.000000,1.000000,990.000000,0.000000,990.000000,,,,,,,,,,,,,,,,,,,,,
FB15k-237,tg_r2d3__pos_auto_ratio__ri_conf__dn_none__dl1_1e-5,r2d3,0.355348,109,/film/film/written_by,26,rule_only,trial,U,819.000000,1.000000,0.000000,819.000000,BB,2858.000000,1.000000,0.000000,2858.000000,1.000000,612.000000,0.000000,612.000000,1.000000,819.000000,0.000000,819.000000,,,,,,,,,1.000000,2858.000000,0.000000,2858.000000,1.000000,7.000000,0.000000,7.000000,1.000000,23.000000,0.000000,23.000000,,,,,,,,,,,,,,,,,,,,,
FB15k-237,tg_r2d3__pos_auto_ratio__ri_conf__dn_none__dl1_1e-5,r2d3,0.355348,110,/tv/tv_producer/programs_produced./tv/tv_producer_term/producer_type,22,dependency,final,U,373.000000,0.734816,0.265184,274.086256,BB,1514.000000,1.000744,0.000744,1515.126567,0.727370,143.000000,0.272630,104.013881,0.734816,373.000000,0.265184,274.086256,,,,,,,,,1.000744,1514.000000,0.000744,1515.126567,,,,,1.000744,472.000000,0.000744,472.351215,,,,,,,,,,,,,,,,,,,,,
FB15k-237,tg_r2d3__pos_auto_ratio__ri_conf__dn_none__dl1_1e-5,r2d3,0.355348,111,/location/hud_county_place/county,7,dependency,final,B,159.000000,1.013069,0.013069,161.078035,BB,20.000000,1.009826,0.009826,20.196526,1.013069,159.000000,0.013069,161.078035,1.010687,157.000000,0.010687,158.677859,,,,,,,,,1.009826,20.000000,0.009826,20.196526,,,,,1.009447,3.000000,0.009447,3.028340,,,,,,,,,,,,,,,,,,,,,
FB15k-237,tg_r2d3__pos_auto_ratio__ri_conf__dn_none__dl1_1e-5,r2d3,0.355348,112,/education/educational_degree/people_with_this_degree./education/education/major_field_of_study,63,dependency,final,U,4713.000000,0.605893,0.394107,2855.572766,UU,2916.000000,1.000744,0.000744,2918.169796,0.612674,60.000000,0.387326,36.760452,0.605893,4713.000000,0.394107,2855.572766,,,,,,,,,1.000744,561.000000,0.000744,561.417440,1.000744,526.000000,0.000744,526.391397,1.000744,2916.000000,0.000744,2918.169796,,,,,,,,,,,,,,,,,,,,,
FB15k-237,tg_r2d3__pos_auto_ratio__ri_conf__dn_none__dl1_1e-5,r2d3,0.355348,113,/base/schemastaging/organization_extra/phone_number./base/schemastaging/phone_sandbox/contact_category,20,rule_only,trial,U,164.000000,1.000000,0.000000,164.000000,UU,244.000000,1.000000,0.000000,244.000000,1.000000,46.000000,0.000000,46.000000,1.000000,164.000000,0.000000,164.000000,,,,,,,,,1.000000,237.000000,0.000000,237.000000,1.000000,48.000000,0.000000,48.000000,1.000000,244.000000,0.000000,244.000000,,,,,,,,,,,,,,,,,,,,,
FB15k-237,tg_r2d3__pos_auto_ratio__ri_conf__dn_none__dl1_1e-5,r2d3,0.355348,114,/base/saturdaynightlive/snl_cast_member/seasons./base/saturdaynightlive/snl_season_tenure/cast_members,3,rule_only,trial,U,843.000000,1.000000,0.000000,843.000000,BB,2058.000000,1.000000,0.000000,2058.000000,1.000000,202.000000,0.000000,202.000000,1.000000,843.000000,0.000000,843.000000,,,,,,,,,1.000000,2058.000000,0.000000,2058.000000,1.000000,1502.000000,0.000000,1502.000000,1.000000,620.000000,0.000000,620.000000,,,,,,,,,,,,,,,,,,,,,
FB15k-237,tg_r2d3__pos_auto_ratio__ri_conf__dn_none__dl1_1e-5,r2d3,0.355348,115,/film/film/film_format,39,dependency,final,U,771.000000,0.848267,0.151733,654.014011,UU,2721.000000,1.024818,0.024818,2788.529234,0.797810,82.000000,0.202190,65.420445,0.848267,771.000000,0.151733,654.014011,,,,,,,,,1.024805,420.000000,0.024805,430.417932,,,,,1.024818,2721.000000,0.024818,2788.529234,,,,,,,,,,,,,,,,,,,,,
FB15k-237,tg_r2d3__pos_auto_ratio__ri_conf__dn_none__dl1_1e-5,r2d3,0.355348,116,/film/film/music,92,dependency,final,U,2196.000000,2.446503,1.446503,5372.519929,BB,1633.000000,1.416487,0.416487,2313.123598,1.922507,267.000000,0.922507,513.309476,2.446503,2196.000000,1.446503,5372.519929,,,,,,,,,1.416487,1633.000000,0.416487,2313.123598,1.138328,11.000000,0.138328,12.521612,1.383832,320.000000,0.383832,442.826080,,,,,,,,,,,,,,,,,,,,,
FB15k-237,tg_r2d3__pos_auto_ratio__ri_conf__dn_none__dl1_1e-5,r2d3,0.355348,117,/sports/sports_team/roster./american_football/football_roster_position/position,3,rule_only,trial,U,15480.000000,1.000000,0.000000,15480.000000,UU,29590.000000,1.000000,0.000000,29590.000000,1.000000,238.000000,0.000000,238.000000,1.000000,15480.000000,0.000000,15480.000000,,,,,,,,,1.000000,952.000000,0.000000,952.000000,1.000000,1908.000000,0.000000,1908.000000,1.000000,29590.000000,0.000000,29590.000000,,,,,,,,,,,,,,,,,,,,,
FB15k-237,tg_r2d3__pos_auto_ratio__ri_conf__dn_none__dl1_1e-5,r2d3,0.355348,118,/user/tsegaran/random/taxonomy_subject/entry./user/tsegaran/random/taxonomy_entry/taxonomy,50,dependency,final,U,1164.000000,0.871648,0.128352,1014.598505,UU,2519.000000,1.008171,0.008171,2539.581741,0.871745,297.000000,0.128255,258.908235,0.871648,1164.000000,0.128352,1014.598505,,,,,,,,,1.008171,2405.000000,0.008171,2424.650293,,,,,1.008171,2519.000000,0.008171,2539.581741,,,,,,,,,,,,,,,,,,,,,
FB15k-237,tg_r2d3__pos_auto_ratio__ri_conf__dn_none__dl1_1e-5,r2d3,0.355348,119,/celebrities/celebrity/celebrity_friends./celebrities/friendship/friend,1,rule_only,trial,U,211.000000,1.000000,0.000000,211.000000,BB,32.000000,1.000000,0.000000,32.000000,1.000000,203.000000,0.000000,203.000000,1.000000,211.000000,0.000000,211.000000,,,,,,,,,1.000000,32.000000,0.000000,32.000000,1.000000,6.000000,0.000000,6.000000,1.000000,9.000000,0.000000,9.000000,,,,,,,,,,,,,,,,,,,,,
FB15k-237,tg_r2d3__pos_auto_ratio__ri_conf__dn_none__dl1_1e-5,r2d3,0.355348,120,/location/hud_foreclosure_area/estimated_number_of_mortgages./measurement_unit/dated_integer/source,84,dependency,final,U,190.000000,0.977462,0.022538,185.717742,BB,458.000000,1.099489,0.099489,503.565779,0.723030,127.000000,0.276970,91.824785,0.977462,190.000000,0.022538,185.717742,,,,,,,,,1.099489,458.000000,0.099489,503.565779,,,,,1.098730,353.000000,0.098730,387.851831,,,,,,,,,,,,,,,,,,,,,
FB15k-237,tg_r2d3__pos_auto_ratio__ri_conf__dn_none__dl1_1e-5,r2d3,0.355348,121,/base/x2010fifaworldcupsouthafrica/world_cup_squad/current_world_cup_squad./base/x2010fifaworldcupsouthafrica/current_world_cup_squad/current_club,29,dependency,final,U,552.000000,1.544004,0.544004,852.290208,BB,2.000000,1.007102,0.007102,2.014203,1.035211,29.000000,0.035211,30.021128,1.544004,552.000000,0.544004,852.290208,,,,,,,,,1.007102,2.000000,0.007102,2.014203,,,,,,,,,,,,,,,,,,,,,,,,,,,,,
FB15k-237,tg_r2d3__pos_auto_ratio__ri_conf__dn_none__dl1_1e-5,r2d3,0.355348,122,/base/popstra/location/vacationers./base/popstra/vacation_choice/vacationer,31,rule_only,trial,U,488.000000,1.419320,0.419320,692.628404,UU,49.000000,1.000000,0.000000,49.000000,1.266235,77.000000,0.266235,97.500103,1.419320,488.000000,0.419320,692.628404,,,,,,,,,1.000000,5.000000,0.000000,5.000000,,,,,1.000000,49.000000,0.000000,49.000000,,,,,,,,,,,,,,,,,,,,,
FB15k-237,tg_r2d3__pos_auto_ratio__ri_conf__dn_none__dl1_1e-5,r2d3,0.355348,123,/base/popstra/celebrity/canoodled./base/popstra/canoodled/participant,1,rule_only,trial,U,351.000000,1.000000,0.000000,351.000000,BB,5.000000,1.000000,0.000000,5.000000,1.000000,91.000000,0.000000,91.000000,1.000000,351.000000,0.000000,351.000000,,,,,,,,,1.000000,5.000000,0.000000,5.000000,1.000000,1.000000,0.000000,1.000000,1.000000,2.000000,0.000000,2.000000,,,,,,,,,,,,,,,,,,,,,
FB15k-237,tg_r2d3__pos_auto_ratio__ri_conf__dn_none__dl1_1e-5,r2d3,0.355348,124,/education/educational_institution/school_type,80,dependency,final,U,922.000000,0.926017,0.073983,853.788043,UU,3161.000000,1.041063,0.041063,3290.800459,0.725276,112.000000,0.274724,81.230867,0.926017,922.000000,0.073983,853.788043,,,,,,,,,1.038385,869.000000,0.038385,902.356304,1.038714,106.000000,0.038714,110.103726,1.041063,3161.000000,0.041063,3290.800459,,,,,,,,,,,,,,,,,,,,,
FB15k-237,tg_r2d3__pos_auto_ratio__ri_conf__dn_none__dl1_1e-5,r2d3,0.355348,125,/sports/sport/pro_athletes./sports/pro_sports_played/athlete,17,dependency,final,U,83.000000,1.276220,0.276220,105.926285,BB,16.000000,1.007539,0.007539,16.120621,1.258133,22.000000,0.258133,27.678924,1.276220,83.000000,0.276220,105.926285,,,,,,,,,1.007539,16.000000,0.007539,16.120621,,,,,1.012253,7.000000,0.012253,7.085771,,,,,,,,,,,,,,,,,,,,,
FB15k-237,tg_r2d3__pos_auto_ratio__ri_conf__dn_none__dl1_1e-5,r2d3,0.355348,126,/award/hall_of_fame/inductees./award/hall_of_fame_induction/inductee,27,rule_only,trial,U,331.000000,0.929111,0.070889,307.535873,UU,555.000000,1.000000,0.000000,555.000000,0.923297,56.000000,0.076703,51.704610,0.929111,331.000000,0.070889,307.535873,,,,,,,,,1.000000,242.000000,0.000000,242.000000,,,,,1.000000,555.000000,0.000000,555.000000,,,,,,,,,,,,,,,,,,,,,
FB15k-237,tg_r2d3__pos_auto_ratio__ri_conf__dn_none__dl1_1e-5,r2d3,0.355348,127,/base/biblioness/bibs_location/state,7,dependency,final,B,244.000000,0.992859,0.007141,242.257694,BB,315.000000,1.007859,0.007859,317.475459,0.992859,244.000000,0.007141,242.257694,1.008039,216.000000,0.008039,217.736424,,,,,,,,,1.007859,315.000000,0.007859,317.475459,1.007128,15.000000,0.007128,15.106918,1.008045,51.000000,0.008045,51.410315,,,,,,,,,,,,,,,,,,,,,
FB15k-237,tg_r2d3__pos_auto_ratio__ri_conf__dn_none__dl1_1e-5,r2d3,0.355348,128,/education/university/local_tuition./measurement_unit/dated_money_value/currency,1,rule_only,trial,B,432.000000,1.000000,0.000000,432.000000,BB,2263.000000,1.000000,0.000000,2263.000000,1.000000,432.000000,0.000000,432.000000,1.000000,349.000000,0.000000,349.000000,,,,,,,,,1.000000,2263.000000,0.000000,2263.000000,1.000000,158.000000,0.000000,158.000000,1.000000,703.000000,0.000000,703.000000,,,,,,,,,,,,,,,,,,,,,
FB15k-237,tg_r2d3__pos_auto_ratio__ri_conf__dn_none__dl1_1e-5,r2d3,0.355348,129,/business/business_operation/revenue./measurement_unit/dated_money_value/currency,1,rule_only,trial,B,374.000000,1.000000,0.000000,374.000000,BB,1686.000000,1.000000,0.000000,1686.000000,1.000000,374.000000,0.000000,374.000000,1.000000,168.000000,0.000000,168.000000,,,,,,,,,1.000000,1686.000000,0.000000,1686.000000,1.000000,91.000000,0.000000,91.000000,1.000000,391.000000,0.000000,391.000000,,,,,,,,,,,,,,,,,,,,,
FB15k-237,tg_r2d3__pos_auto_ratio__ri_conf__dn_none__dl1_1e-5,r2d3,0.355348,130,/sports/sports_position/players./sports/sports_team_roster/team,22,dependency,final,U,18961.000000,0.618220,0.381780,11722.069420,UU,34049.000000,1.121454,0.121454,38184.394056,0.565033,398.000000,0.434967,224.883054,0.618220,18961.000000,0.381780,11722.069420,,,,,,,,,1.142799,96.000000,0.142799,109.708704,1.122111,5546.000000,0.122111,6223.224833,1.121454,34049.000000,0.121454,38184.394056,,,,,,,,,,,,,,,,,,,,,
FB15k-237,tg_r2d3__pos_auto_ratio__ri_conf__dn_none__dl1_1e-5,r2d3,0.355348,131,/military/military_conflict/combatants./military/military_combatant_group/combatants,34,rule_only,trial,U,3368.000000,0.788042,0.211958,2654.126803,UU,4662.000000,1.000000,0.000000,4662.000000,0.845581,190.000000,0.154419,160.660466,0.788042,3368.000000,0.211958,2654.126803,,,,,,,,,1.000000,3798.000000,0.000000,3798.000000,1.000000,345.000000,0.000000,345.000000,1.000000,4662.000000,0.000000,4662.000000,,,,,,,,,,,,,,,,,,,,,
FB15k-237,tg_r2d3__pos_auto_ratio__ri_conf__dn_none__dl1_1e-5,r2d3,0.355348,132,/sports/sports_league/teams./sports/sports_league_participation/team,16,rule_only,trial,U,239.000000,0.885742,0.114258,211.692386,UU,910.000000,1.000000,0.000000,910.000000,0.887404,42.000000,0.112596,37.270985,0.885742,239.000000,0.114258,211.692386,,,,,,,,,1.000000,80.000000,0.000000,80.000000,,,,,1.000000,910.000000,0.000000,910.000000,,,,,,,,,,,,,,,,,,,,,
FB15k-237,tg_r2d3__pos_auto_ratio__ri_conf__dn_none__dl1_1e-5,r2d3,0.355348,133,/base/biblioness/bibs_location/country,14,dependency,final,B,966.000000,1.282148,0.282148,1238.555354,BB,2937.000000,1.335169,0.335169,3921.391353,1.282148,966.000000,0.282148,1238.555354,1.307400,397.000000,0.307400,519.037998,,,,,,,,,1.335169,2937.000000,0.335169,3921.391353,1.368435,35.000000,0.368435,47.895218,1.352226,845.000000,0.352226,1142.630885,,,,,,,,,,,,,,,,,,,,,
FB15k-237,tg_r2d3__pos_auto_ratio__ri_conf__dn_none__dl1_1e-5,r2d3,0.355348,134,/music/group_member/membership./music/group_membership/role,29,rule_only,trial,U,6419.000000,0.695468,0.304532,4464.205883,UU,8546.000000,1.000000,0.000000,8546.000000,0.818600,637.000000,0.181400,521.448073,0.695468,6419.000000,0.304532,4464.205883,,,,,,,,,1.000000,3763.000000,0.000000,3763.000000,1.000000,2209.000000,0.000000,2209.000000,1.000000,8546.000000,0.000000,8546.000000,,,,,,,,,,,,,,,,,,,,,
FB15k-237,tg_r2d3__pos_auto_ratio__ri_conf__dn_none__dl1_1e-5,r2d3,0.355348,135,/location/administrative_division/country,3,rule_only,trial,B,526.000000,1.000000,0.000000,526.000000,BB,1901.000000,1.000000,0.000000,1901.000000,1.000000,526.000000,0.000000,526.000000,1.000000,324.000000,0.000000,324.000000,,,,,,,,,1.000000,1901.000000,0.000000,1901.000000,1.000000,83.000000,0.000000,83.000000,1.000000,428.000000,0.000000,428.000000,,,,,,,,,,,,,,,,,,,,,
FB15k-237,tg_r2d3__pos_auto_ratio__ri_conf__dn_none__dl1_1e-5,r2d3,0.355348,136,/film/film/executive_produced_by,73,rule_only,trial,U,1032.000000,2.031440,1.031440,2096.445874,BB,802.000000,1.000000,0.000000,802.000000,2.031205,364.000000,1.031205,739.358584,2.031440,1032.000000,1.031440,2096.445874,,,,,,,,,1.000000,802.000000,0.000000,802.000000,1.000000,61.000000,0.000000,61.000000,1.000000,212.000000,0.000000,212.000000,,,,,,,,,,,,,,,,,,,,,
FB15k-237,tg_r2d3__pos_auto_ratio__ri_conf__dn_none__dl1_1e-5,r2d3,0.355348,137,/food/food/nutrients./food/nutrition_fact/nutrient,105,dependency,final,U,4399.000000,0.560961,0.439039,2467.667439,UU,8283.000000,1.004166,0.004166,8317.510291,0.584592,8.000000,0.415408,4.676732,0.560961,4399.000000,0.439039,2467.667439,,,,,,,,,1.001902,3.000000,0.001902,3.005705,1.004043,533.000000,0.004043,535.154706,1.004166,8283.000000,0.004166,8317.510291,,,,,,,,,,,,,,,,,,,,,
FB15k-237,tg_r2d3__pos_auto_ratio__ri_conf__dn_none__dl1_1e-5,r2d3,0.355348,138,/music/group_member/membership./music/group_membership/group,22,dependency,final,U,159.000000,1.590784,0.590784,252.934672,BB,52.000000,0.999947,0.000053,51.997228,1.694662,82.000000,0.694662,138.962284,1.590784,159.000000,0.590784,252.934672,,,,,,,,,0.999947,52.000000,0.000053,51.997228,,,,,0.999689,35.000000,0.000311,34.989115,,,,,,,,,,,,,,,,,,,,,
FB15k-237,tg_r2d3__pos_auto_ratio__ri_conf__dn_none__dl1_1e-5,r2d3,0.355348,139,/location/statistical_region/gdp_nominal_per_capita./measurement_unit/dated_money_value/currency,3,rule_only,trial,U,876.000000,0.881693,0.118307,772.363331,BB,2527.000000,1.000000,0.000000,2527.000000,0.882429,335.000000,0.117571,295.613748,0.881693,876.000000,0.118307,772.363331,,,,,,,,,1.000000,2527.000000,0.000000,2527.000000,1.000000,3.000000,0.000000,3.000000,1.000000,2314.000000,0.000000,2314.000000,,,,,,,,,,,,,,,,,,,,,
FB15k-237,tg_r2d3__pos_auto_ratio__ri_conf__dn_none__dl1_1e-5,r2d3,0.355348,140,/education/field_of_study/students_majoring./education/education/student,34,dependency,final,U,250.000000,1.591521,0.591521,397.880325,UU,3.000000,1.015858,0.015858,3.047573,1.581597,44.000000,0.581597,69.590272,1.591521,250.000000,0.591521,397.880325,,,,,,,,,,,,,,,,,1.015858,3.000000,0.015858,3.047573,,,,,,,,,,,,,,,,,,,,,
FB15k-237,tg_r2d3__pos_auto_ratio__ri_conf__dn_none__dl1_1e-5,r2d3,0.355348,141,/award/award_winning_work/awards_won./award/award_honor/honored_for,10,rule_only,trial,U,3009.000000,1.000000,0.000000,3009.000000,BB,7017.000000,1.000000,0.000000,7017.000000,1.000000,504.000000,0.000000,504.000000,1.000000,3009.000000,0.000000,3009.000000,,,,,,,,,1.000000,7017.000000,0.000000,7017.000000,1.000000,5425.000000,0.000000,5425.000000,1.000000,1610.000000,0.000000,1610.000000,,,,,,,,,,,,,,,,,,,,,
FB15k-237,tg_r2d3__pos_auto_ratio__ri_conf__dn_none__dl1_1e-5,r2d3,0.355348,142,/sports/sports_team/roster./basketball/basketball_roster_position/position,2,dependency,final,U,533.000000,0.744592,0.255408,396.867376,UU,382.000000,1.012396,0.012396,386.735272,0.743395,26.000000,0.256605,19.328278,0.744592,533.000000,0.255408,396.867376,,,,,,,,,1.012400,131.000000,0.012400,132.624387,1.012396,149.000000,0.012396,150.846959,1.012396,382.000000,0.012396,386.735272,,,,,,,,,,,,,,,,,,,,,
FB15k-237,tg_r2d3__pos_auto_ratio__ri_conf__dn_none__dl1_1e-5,r2d3,0.355348,143,/organization/organization/headquarters./location/mailing_address/state_province_region,39,dependency,final,U,982.000000,1.507866,0.507866,1480.724117,UU,875.000000,1.064185,0.064185,931.162137,1.397954,385.000000,0.397954,538.212136,1.507866,982.000000,0.507866,1480.724117,,,,,,,,,1.062352,693.000000,0.062352,736.209867,1.029266,15.000000,0.029266,15.438992,1.064185,875.000000,0.064185,931.162137,,,,,,,,,,,,,,,,,,,,,
FB15k-237,tg_r2d3__pos_auto_ratio__ri_conf__dn_none__dl1_1e-5,r2d3,0.355348,144,/base/aareas/schema/administrative_area/capital,0,rule_only,trial,B,67.000000,1.000000,0.000000,67.000000,BB,21.000000,1.000000,0.000000,21.000000,1.000000,67.000000,0.000000,67.000000,,,,,,,,,,,,,1.000000,21.000000,0.000000,21.000000,,,,,,,,,,,,,,,,,,,,,,,,,,,,,
FB15k-237,tg_r2d3__pos_auto_ratio__ri_conf__dn_none__dl1_1e-5,r2d3,0.355348,145,/tv/tv_producer/programs_produced./tv/tv_producer_term/program,4,rule_only,trial,U,474.000000,0.948310,0.051690,449.498798,BB,1712.000000,1.000000,0.000000,1712.000000,0.869051,366.000000,0.130949,318.072520,0.948310,474.000000,0.051690,449.498798,,,,,,,,,1.000000,1712.000000,0.000000,1712.000000,1.000000,176.000000,0.000000,176.000000,1.000000,447.000000,0.000000,447.000000,,,,,,,,,,,,,,,,,,,,,
FB15k-237,tg_r2d3__pos_auto_ratio__ri_conf__dn_none__dl1_1e-5,r2d3,0.355348,146,/education/educational_institution/campuses,13,rule_only,none,B,874.000000,1.000000,0.000000,874.000000,,,,,,1.000000,874.000000,0.000000,874.000000,1.000000,670.000000,0.000000,670.000000,,,,,,,,,,,,,,,,,,,,,,,,,,,,,,,,,,,,,,,,,
FB15k-237,tg_r2d3__pos_auto_ratio__ri_conf__dn_none__dl1_1e-5,r2d3,0.355348,147,/film/film/distributors./film/film_film_distributor_relationship/region,10,dependency,final,U,756.000000,0.813973,0.186027,615.363890,UU,1744.000000,1.059430,0.059430,1847.645222,0.738021,160.000000,0.261979,118.083424,0.813973,756.000000,0.186027,615.363890,,,,,,,,,1.056390,50.000000,0.056390,52.819495,1.051543,20.000000,0.051543,21.030856,1.059430,1744.000000,0.059430,1847.645222,,,,,,,,,,,,,,,,,,,,,
FB15k-237,tg_r2d3__pos_auto_ratio__ri_conf__dn_none__dl1_1e-5,r2d3,0.355348,148,/travel/travel_destination/climate./travel/travel_destination_monthly_climate/month,60,rule_only,trial,U,5085.000000,1.000000,0.000000,5085.000000,UU,12036.000000,1.000000,0.000000,12036.000000,1.000000,64.000000,0.000000,64.000000,1.000000,5085.000000,0.000000,5085.000000,,,,,,,,,1.000000,714.000000,0.000000,714.000000,1.000000,1995.000000,0.000000,1995.000000,1.000000,12036.000000,0.000000,12036.000000,,,,,,,,,,,,,,,,,,,,,
FB15k-237,tg_r2d3__pos_auto_ratio__ri_conf__dn_none__dl1_1e-5,r2d3,0.355348,149,/medicine/disease/notable_people_with_this_condition,15,rule_only,trial,U,132.000000,1.277404,0.277404,168.617381,UU,5.000000,1.000000,0.000000,5.000000,1.311141,10.000000,0.311141,13.111409,1.277404,132.000000,0.277404,168.617381,,,,,,,,,,,,,,,,,1.000000,5.000000,0.000000,5.000000,,,,,,,,,,,,,,,,,,,,,
FB15k-237,tg_r2d3__pos_auto_ratio__ri_conf__dn_none__dl1_1e-5,r2d3,0.355348,150,/base/schemastaging/organization_extra/phone_number./base/schemastaging/phone_sandbox/service_location,38,dependency,final,U,3450.000000,0.825246,0.174754,2847.098355,UU,4188.000000,1.026675,0.026675,4299.715319,0.825543,366.000000,0.174457,302.148775,0.825246,3450.000000,0.174754,2847.098355,,,,,,,,,1.028636,3703.000000,0.028636,3809.037257,1.022772,203.000000,0.022772,207.622736,1.026675,4188.000000,0.026675,4299.715319,,,,,,,,,,,,,,,,,,,,,
FB15k-237,tg_r2d3__pos_auto_ratio__ri_conf__dn_none__dl1_1e-5,r2d3,0.355348,151,/people/ethnicity/geographic_distribution,17,rule_only,trial,U,1500.000000,0.705826,0.294174,1058.739150,UU,2970.000000,1.000000,0.000000,2970.000000,0.913450,109.000000,0.086550,99.566083,0.705826,1500.000000,0.294174,1058.739150,,,,,,,,,1.000000,417.000000,0.000000,417.000000,1.000000,17.000000,0.000000,17.000000,1.000000,2970.000000,0.000000,2970.000000,,,,,,,,,,,,,,,,,,,,,
FB15k-237,tg_r2d3__pos_auto_ratio__ri_conf__dn_none__dl1_1e-5,r2d3,0.355348,152,/military/military_combatant/military_conflicts./military/military_combatant_group/combatants,17,dependency,final,U,27811.000000,0.555113,0.444887,15438.255986,UU,40678.000000,0.997282,0.002718,40567.416857,0.669186,847.000000,0.330814,566.800542,0.555113,27811.000000,0.444887,15438.255986,,,,,,,,,0.997278,23396.000000,0.002722,23332.304390,0.997273,16062.000000,0.002727,16018.195714,0.997282,40678.000000,0.002718,40567.416857,,,,,,,,,,,,,,,,,,,,,
FB15k-237,tg_r2d3__pos_auto_ratio__ri_conf__dn_none__dl1_1e-5,r2d3,0.355348,153,/film/film/personal_appearances./film/personal_film_appearance/person,11,rule_only,trial,U,313.000000,1.660402,0.660402,519.705857,UU,295.000000,1.000000,0.000000,295.000000,1.584403,64.000000,0.584403,101.401792,1.660402,313.000000,0.660402,519.705857,,,,,,,,,1.000000,16.000000,0.000000,16.000000,,,,,1.000000,295.000000,0.000000,295.000000,,,,,,,,,,,,,,,,,,,,,
FB15k-237,tg_r2d3__pos_auto_ratio__ri_conf__dn_none__dl1_1e-5,r2d3,0.355348,154,/location/location/time_zones,137,dependency,final,U,1435.000000,0.738119,0.261881,1059.200047,BB,3076.000000,1.002453,0.002453,3083.544505,0.704332,391.000000,0.295668,275.393695,0.738119,1435.000000,0.261881,1059.200047,,,,,,,,,1.002453,3076.000000,0.002453,3083.544505,1.002469,18.000000,0.002469,18.044446,1.002450,2192.000000,0.002450,2197.369962,,,,,,,,,,,,,,,,,,,,,
FB15k-237,tg_r2d3__pos_auto_ratio__ri_conf__dn_none__dl1_1e-5,r2d3,0.355348,155,/film/film/story_by,31,rule_only,trial,U,292.000000,1.000000,0.000000,292.000000,BB,550.000000,1.000000,0.000000,550.000000,1.000000,225.000000,0.000000,225.000000,1.000000,292.000000,0.000000,292.000000,,,,,,,,,1.000000,550.000000,0.000000,550.000000,1.000000,7.000000,0.000000,7.000000,1.000000,14.000000,0.000000,14.000000,,,,,,,,,,,,,,,,,,,,,
FB15k-237,tg_r2d3__pos_auto_ratio__ri_conf__dn_none__dl1_1e-5,r2d3,0.355348,156,/base/petbreeds/city_with_dogs/top_breeds./base/petbreeds/dog_city_relationship/dog_breed,21,rule_only,trial,U,458.000000,1.000000,0.000000,458.000000,UU,885.000000,1.000000,0.000000,885.000000,1.000000,36.000000,0.000000,36.000000,1.000000,458.000000,0.000000,458.000000,,,,,,,,,1.000000,229.000000,0.000000,229.000000,1.000000,14.000000,0.000000,14.000000,1.000000,885.000000,0.000000,885.000000,,,,,,,,,,,,,,,,,,,,,
FB15k-237,tg_r2d3__pos_auto_ratio__ri_conf__dn_none__dl1_1e-5,r2d3,0.355348,157,/olympics/olympic_games/participating_countries,23,rule_only,trial,U,8569.000000,0.550875,0.449125,4720.443591,UU,19461.000000,1.000000,0.000000,19461.000000,0.704930,391.000000,0.295070,275.627513,0.550875,8569.000000,0.449125,4720.443591,,,,,,,,,1.000000,15838.000000,0.000000,15838.000000,1.000000,541.000000,0.000000,541.000000,1.000000,19461.000000,0.000000,19461.000000,,,,,,,,,,,,,,,,,,,,,
FB15k-237,tg_r2d3__pos_auto_ratio__ri_conf__dn_none__dl1_1e-5,r2d3,0.355348,158,/tv/tv_network/programs./tv/tv_network_duration/program,26,rule_only,trial,U,292.000000,1.380702,0.380702,403.164984,BB,436.000000,1.000000,0.000000,436.000000,1.137237,77.000000,0.137237,87.567264,1.380702,292.000000,0.380702,403.164984,,,,,,,,,1.000000,436.000000,0.000000,436.000000,1.000000,23.000000,0.000000,23.000000,1.000000,105.000000,0.000000,105.000000,,,,,,,,,,,,,,,,,,,,,
FB15k-237,tg_r2d3__pos_auto_ratio__ri_conf__dn_none__dl1_1e-5,r2d3,0.355348,159,/people/person/employment_history./business/employment_tenure/company,24,dependency,final,U,173.000000,1.141460,0.141460,197.472494,BB,66.000000,1.141897,0.141897,75.365222,1.107756,116.000000,0.107756,128.499684,1.141460,173.000000,0.141460,197.472494,,,,,,,,,1.141897,66.000000,0.141897,75.365222,1.114597,3.000000,0.114597,3.343790,1.143756,43.000000,0.143756,49.181521,,,,,,,,,,,,,,,,,,,,,
FB15k-237,tg_r2d3__pos_auto_ratio__ri_conf__dn_none__dl1_1e-5,r2d3,0.355348,160,/music/artist/origin,34,rule_only,trial,U,429.000000,1.740257,0.740257,746.570425,UU,42.000000,1.000000,0.000000,42.000000,2.126469,112.000000,1.126469,238.164539,1.740257,429.000000,0.740257,746.570425,,,,,,,,,1.000000,4.000000,0.000000,4.000000,,,,,1.000000,42.000000,0.000000,42.000000,,,,,,,,,,,,,,,,,,,,,
FB15k-237,tg_r2d3__pos_auto_ratio__ri_conf__dn_none__dl1_1e-5,r2d3,0.355348,161,/people/marriage_union_type/unions_of_this_type./people/marriage/location_of_ceremony,53,dependency,final,U,857.000000,0.911720,0.088280,781.343869,BB,2805.000000,1.000744,0.000744,2807.087200,0.700169,378.000000,0.299831,264.663920,0.911720,857.000000,0.088280,781.343869,,,,,,,,,1.000744,2805.000000,0.000744,2807.087200,,,,,1.000744,1108.000000,0.000744,1108.824463,,,,,,,,,,,,,,,,,,,,,
FB15k-237,tg_r2d3__pos_auto_ratio__ri_conf__dn_none__dl1_1e-5,r2d3,0.355348,162,/tv/tv_writer/tv_programs./tv/tv_program_writer_relationship/tv_program,9,rule_only,trial,U,619.000000,0.994028,0.005972,615.303642,BB,1547.000000,1.000000,0.000000,1547.000000,1.226421,284.000000,0.226421,348.303536,0.994028,619.000000,0.005972,615.303642,,,,,,,,,1.000000,1547.000000,0.000000,1547.000000,1.000000,191.000000,0.000000,191.000000,1.000000,326.000000,0.000000,326.000000,,,,,,,,,,,,,,,,,,,,,
FB15k-237,tg_r2d3__pos_auto_ratio__ri_conf__dn_none__dl1_1e-5,r2d3,0.355348,163,/time/event/locations,34,dependency,final,U,843.000000,1.001472,0.001472,844.241318,UU,343.000000,1.009936,0.009936,346.408014,0.997715,138.000000,0.002285,137.684615,1.001472,843.000000,0.001472,844.241318,,,,,,,,,1.011079,22.000000,0.011079,22.243740,1.010201,9.000000,0.010201,9.091812,1.009936,343.000000,0.009936,346.408014,,,,,,,,,,,,,,,,,,,,,
FB15k-237,tg_r2d3__pos_auto_ratio__ri_conf__dn_none__dl1_1e-5,r2d3,0.355348,164,/celebrities/celebrity/sexual_relationships./celebrities/romantic_relationship/celebrity,0,rule_only,trial,U,102.000000,1.000000,0.000000,102.000000,UU,8.000000,1.000000,0.000000,8.000000,1.000000,29.000000,0.000000,29.000000,1.000000,102.000000,0.000000,102.000000,,,,,,,,,1.000000,8.000000,0.000000,8.000000,,,,,1.000000,8.000000,0.000000,8.000000,,,,,,,,,,,,,,,,,,,,,
FB15k-237,tg_r2d3__pos_auto_ratio__ri_conf__dn_none__dl1_1e-5,r2d3,0.355348,165,/government/political_party/politicians_in_this_party./government/political_party_tenure/politician,11,dependency,final,U,113.000000,1.005950,0.005950,113.672350,UU,41.000000,1.004053,0.004053,41.166173,1.005867,30.000000,0.005867,30.176004,1.005950,113.000000,0.005950,113.672350,,,,,,,,,1.004189,14.000000,0.004189,14.058647,,,,,1.004053,41.000000,0.004053,41.166173,,,,,,,,,,,,,,,,,,,,,
FB15k-237,tg_r2d3__pos_auto_ratio__ri_conf__dn_none__dl1_1e-5,r2d3,0.355348,166,/education/university/domestic_tuition./measurement_unit/dated_money_value/currency,5,rule_only,trial,B,480.000000,1.000000,0.000000,480.000000,BB,2633.000000,1.000000,0.000000,2633.000000,1.000000,480.000000,0.000000,480.000000,1.000000,448.000000,0.000000,448.000000,,,,,,,,,1.000000,2633.000000,0.000000,2633.000000,1.000000,168.000000,0.000000,168.000000,1.000000,911.000000,0.000000,911.000000,,,,,,,,,,,,,,,,,,,,,
FB15k-237,tg_r2d3__pos_auto_ratio__ri_conf__dn_none__dl1_1e-5,r2d3,0.355348,167,/organization/non_profit_organization/registered_with./organization/non_profit_registration/registering_agency,22,dependency,final,U,127.000000,0.941190,0.058810,119.531143,UU,421.000000,1.017866,0.017866,428.521628,0.941162,80.000000,0.058838,75.292952,0.941190,127.000000,0.058810,119.531143,,,,,,,,,1.017866,407.000000,0.017866,414.271503,,,,,1.017866,421.000000,0.017866,428.521628,,,,,,,,,,,,,,,,,,,,,
FB15k-237,tg_r2d3__pos_auto_ratio__ri_conf__dn_none__dl1_1e-5,r2d3,0.355348,168,/user/ktrueman/default_domain/international_organization/member_states,24,dependency,final,U,2638.000000,0.608496,0.391504,1605.212976,UU,6074.000000,1.020296,0.020296,6197.278511,0.626615,185.000000,0.373385,115.923830,0.608496,2638.000000,0.391504,1605.212976,,,,,,,,,1.020501,3537.000000,0.020501,3609.513098,1.016290,19.000000,0.016290,19.309501,1.020296,6074.000000,0.020296,6197.278511,,,,,,,,,,,,,,,,,,,,,
FB15k-237,tg_r2d3__pos_auto_ratio__ri_conf__dn_none__dl1_1e-5,r2d3,0.355348,169,/american_football/football_team/current_roster./sports/sports_team_roster/position,0,dependency,final,U,15091.000000,0.637867,0.362133,9626.055424,UU,28582.000000,1.013699,0.013699,28973.547676,0.658952,240.000000,0.341048,158.148408,0.637867,15091.000000,0.362133,9626.055424,,,,,,,,,1.013670,1096.000000,0.013670,1110.982649,1.013833,2207.000000,0.013833,2237.528769,1.013699,28582.000000,0.013699,28973.547676,,,,,,,,,,,,,,,,,,,,,
FB15k-237,tg_r2d3__pos_auto_ratio__ri_conf__dn_none__dl1_1e-5,r2d3,0.355348,170,/soccer/football_player/current_team./sports/sports_team_roster/team,9,rule_only,trial,U,1158.000000,1.000000,0.000000,1158.000000,BB,33.000000,1.000000,0.000000,33.000000,1.000000,55.000000,0.000000,55.000000,1.000000,1158.000000,0.000000,1158.000000,,,,,,,,,1.000000,33.000000,0.000000,33.000000,1.000000,13.000000,0.000000,13.000000,1.000000,1.000000,0.000000,1.000000,,,,,,,,,,,,,,,,,,,,,
FB15k-237,tg_r2d3__pos_auto_ratio__ri_conf__dn_none__dl1_1e-5,r2d3,0.355348,171,/olympics/olympic_games/medals_awarded./olympics/olympic_medal_honor/medal,16,rule_only,trial,U,728.000000,1.000000,0.000000,728.000000,UU,1540.000000,1.000000,0.000000,1540.000000,1.000000,44.000000,0.000000,44.000000,1.000000,728.000000,0.000000,728.000000,,,,,,,,,1.000000,2.000000,0.000000,2.000000,1.000000,4.000000,0.000000,4.000000,1.000000,1540.000000,0.000000,1540.000000,,,,,,,,,,,,,,,,,,,,,
FB15k-237,tg_r2d3__pos_auto_ratio__ri_conf__dn_none__dl1_1e-5,r2d3,0.355348,172,/award/ranked_item/appears_in_ranked_lists./award/ranking/list,48,rule_only,trial,U,560.000000,0.820866,0.179134,459.685128,UU,1292.000000,1.000000,0.000000,1292.000000,0.820345,124.000000,0.179655,101.722830,0.820866,560.000000,0.179134,459.685128,,,,,,,,,1.000000,305.000000,0.000000,305.000000,1.000000,4.000000,0.000000,4.000000,1.000000,1292.000000,0.000000,1292.000000,,,,,,,,,,,,,,,,,,,,,
FB15k-237,tg_r2d3__pos_auto_ratio__ri_conf__dn_none__dl1_1e-5,r2d3,0.355348,173,/film/film_set_designer/film_sets_designed,8,dependency,final,U,245.000000,1.335694,0.335694,327.244957,BB,572.000000,1.011981,0.011981,578.853075,1.110803,115.000000,0.110803,127.742368,1.335694,245.000000,0.335694,327.244957,,,,,,,,,1.011981,572.000000,0.011981,578.853075,1.011016,42.000000,0.011016,42.462672,1.010555,32.000000,0.010555,32.337773,,,,,,,,,,,,,,,,,,,,,
FB15k-237,tg_r2d3__pos_auto_ratio__ri_conf__dn_none__dl1_1e-5,r2d3,0.355348,174,/user/jg/default_domain/olympic_games/sports,11,rule_only,trial,U,8271.000000,0.526505,0.473495,4354.718720,UU,11313.000000,1.000000,0.000000,11313.000000,0.564106,100.000000,0.435894,56.410590,0.526505,8271.000000,0.473495,4354.718720,,,,,,,,,1.000000,922.000000,0.000000,922.000000,1.000000,6050.000000,0.000000,6050.000000,1.000000,11313.000000,0.000000,11313.000000,,,,,,,,,,,,,,,,,,,,,
FB15k-237,tg_r2d3__pos_auto_ratio__ri_conf__dn_none__dl1_1e-5,r2d3,0.355348,175,/people/person/sibling_s./people/sibling_relationship/sibling,7,rule_only,trial,B,61.000000,1.000000,0.000000,61.000000,BB,27.000000,1.000000,0.000000,27.000000,1.000000,61.000000,0.000000,61.000000,,,,,,,,,,,,,1.000000,27.000000,0.000000,27.000000,,,,,,,,,,,,,,,,,,,,,,,,,,,,,
FB15k-237,tg_r2d3__pos_auto_ratio__ri_conf__dn_none__dl1_1e-5,r2d3,0.355348,176,/base/marchmadness/ncaa_basketball_tournament/seeds./base/marchmadness/ncaa_tournament_seed/team,41,dependency,final,U,1512.000000,0.666834,0.333166,1008.253310,UU,2397.000000,1.002456,0.002456,2402.886792,0.680965,10.000000,0.319035,6.809652,0.666834,1512.000000,0.333166,1008.253310,,,,,,,,,1.002213,28.000000,0.002213,28.061958,1.002470,937.000000,0.002470,939.314109,1.002456,2397.000000,0.002456,2402.886792,,,,,,,,,,,,,,,,,,,,,
FB15k-237,tg_r2d3__pos_auto_ratio__ri_conf__dn_none__dl1_1e-5,r2d3,0.355348,177,/music/artist/contribution./music/recording_contribution/performance_role,14,dependency,final,U,1007.000000,0.879266,0.120734,885.420661,UU,2526.000000,1.000807,0.000807,2528.038229,0.872350,335.000000,0.127650,292.237283,0.879266,1007.000000,0.120734,885.420661,,,,,,,,,1.002981,12.000000,0.002981,12.035768,1.000098,141.000000,0.000098,141.013748,1.000807,2526.000000,0.000807,2528.038229,,,,,,,,,,,,,,,,,,,,,
FB15k-237,tg_r2d3__pos_auto_ratio__ri_conf__dn_none__dl1_1e-5,r2d3,0.355348,178,/sports/sports_position/players./sports/sports_team_roster/position,0,rule_only,trial,U,2958.000000,1.000000,0.000000,2958.000000,UU,5588.000000,1.000000,0.000000,5588.000000,1.000000,304.000000,0.000000,304.000000,1.000000,2958.000000,0.000000,2958.000000,,,,,,,,,1.000000,1193.000000,0.000000,1193.000000,1.000000,896.000000,0.000000,896.000000,1.000000,5588.000000,0.000000,5588.000000,,,,,,,,,,,,,,,,,,,,,
FB15k-237,tg_r2d3__pos_auto_ratio__ri_conf__dn_none__dl1_1e-5,r2d3,0.355348,179,/government/politician/government_positions_held./government/government_position_held/basic_title,16,dependency,final,U,178.000000,0.934412,0.065588,166.325389,BB,196.000000,1.004187,0.004187,196.820593,0.870006,51.000000,0.129994,44.370291,0.934412,178.000000,0.065588,166.325389,,,,,,,,,1.004187,196.000000,0.004187,196.820593,1.004270,12.000000,0.004270,12.051240,1.004210,98.000000,0.004210,98.412541,,,,,,,,,,,,,,,,,,,,,
FB15k-237,tg_r2d3__pos_auto_ratio__ri_conf__dn_none__dl1_1e-5,r2d3,0.355348,180,/sports/sports_position/players./american_football/football_historical_roster_position/position_s,0,rule_only,trial,U,2476.000000,1.000000,0.000000,2476.000000,UU,4994.000000,1.000000,0.000000,4994.000000,1.000000,236.000000,0.000000,236.000000,1.000000,2476.000000,0.000000,2476.000000,,,,,,,,,1.000000,1028.000000,0.000000,1028.000000,1.000000,430.000000,0.000000,430.000000,1.000000,4994.000000,0.000000,4994.000000,,,,,,,,,,,,,,,,,,,,,
FB15k-237,tg_r2d3__pos_auto_ratio__ri_conf__dn_none__dl1_1e-5,r2d3,0.355348,181,/people/profession/specialization_of,13,rule_only,none,B,9.000000,1.000000,0.000000,9.000000,,,,,,1.000000,9.000000,0.000000,9.000000,1.000000,7.000000,0.000000,7.000000,,,,,,,,,,,,,,,,,,,,,,,,,,,,,,,,,,,,,,,,,
FB15k-237,tg_r2d3__pos_auto_ratio__ri_conf__dn_none__dl1_1e-5,r2d3,0.355348,182,/award/award_category/category_of,20,rule_only,trial,U,467.000000,1.000000,0.000000,467.000000,UU,1084.000000,1.000000,0.000000,1084.000000,1.000000,42.000000,0.000000,42.000000,1.000000,467.000000,0.000000,467.000000,,,,,,,,,1.000000,4.000000,0.000000,4.000000,,,,,1.000000,1084.000000,0.000000,1084.000000,,,,,,,,,,,,,,,,,,,,,
FB15k-237,tg_r2d3__pos_auto_ratio__ri_conf__dn_none__dl1_1e-5,r2d3,0.355348,183,/film/film/cinematography,17,dependency,final,U,676.000000,2.102671,1.102671,1421.405528,BB,156.000000,1.011102,0.011102,157.731943,1.885985,121.000000,0.885985,228.204221,2.102671,676.000000,1.102671,1421.405528,,,,,,,,,1.011102,156.000000,0.011102,157.731943,,,,,1.012067,21.000000,0.012067,21.253403,,,,,,,,,,,,,,,,,,,,,
FB15k-237,tg_r2d3__pos_auto_ratio__ri_conf__dn_none__dl1_1e-5,r2d3,0.355348,184,/film/film/film_production_design_by,10,rule_only,trial,U,378.000000,1.000000,0.000000,378.000000,BB,346.000000,1.000000,0.000000,346.000000,1.000000,126.000000,0.000000,126.000000,1.000000,378.000000,0.000000,378.000000,,,,,,,,,1.000000,346.000000,0.000000,346.000000,,,,,1.000000,10.000000,0.000000,10.000000,,,,,,,,,,,,,,,,,,,,,
FB15k-237,tg_r2d3__pos_auto_ratio__ri_conf__dn_none__dl1_1e-5,r2d3,0.355348,185,/tv/tv_program/country_of_origin,32,dependency,final,U,261.000000,0.998789,0.001211,260.684033,BB,1481.000000,1.007424,0.007424,1491.995240,0.689374,374.000000,0.310626,257.825913,0.998789,261.000000,0.001211,260.684033,,,,,,,,,1.007424,1481.000000,0.007424,1491.995240,1.003349,7.000000,0.003349,7.023444,1.008090,493.000000,0.008090,496.988370,,,,,,,,,,,,,,,,,,,,,
FB15k-237,tg_r2d3__pos_auto_ratio__ri_conf__dn_none__dl1_1e-5,r2d3,0.355348,186,/film/film/edited_by,13,dependency,final,U,478.000000,1.376659,0.376659,658.043098,BB,599.000000,1.053190,0.053190,630.861050,1.051798,158.000000,0.051798,166.184021,1.376659,478.000000,0.376659,658.043098,,,,,,,,,1.053190,599.000000,0.053190,630.861050,1.071735,28.000000,0.071735,30.008566,1.052197,66.000000,0.052197,69.444995,,,,,,,,,,,,,,,,,,,,,
FB15k-237,tg_r2d3__pos_auto_ratio__ri_conf__dn_none__dl1_1e-5,r2d3,0.355348,187,/tv/tv_personality/tv_regular_appearances./tv/tv_regular_personal_appearance/program,11,rule_only,trial,U,225.000000,1.286859,0.286859,289.543185,UU,868.000000,1.000000,0.000000,868.000000,0.935519,150.000000,0.064481,140.327865,1.286859,225.000000,0.286859,289.543185,,,,,,,,,1.000000,115.000000,0.000000,115.000000,,,,,1.000000,868.000000,0.000000,868.000000,,,,,,,,,,,,,,,,,,,,,
FB15k-237,tg_r2d3__pos_auto_ratio__ri_conf__dn_none__dl1_1e-5,r2d3,0.355348,188,/education/field_of_study/students_majoring./education/education/major_field_of_study,11,dependency,final,U,1101.000000,0.904757,0.095243,996.137237,BB,921.000000,1.057484,0.057484,973.942856,0.934327,65.000000,0.065673,60.731288,0.904757,1101.000000,0.095243,996.137237,,,,,,,,,1.057484,921.000000,0.057484,973.942856,1.053485,356.000000,0.053485,375.040731,1.065424,259.000000,0.065424,275.944868,,,,,,,,,,,,,,,,,,,,,
FB15k-237,tg_r2d3__pos_auto_ratio__ri_conf__dn_none__dl1_1e-5,r2d3,0.355348,189,/education/educational_degree/people_with_this_degree./education/education/student,27,dependency,final,U,326.000000,1.148974,0.148974,374.565459,UU,25.000000,1.003772,0.003772,25.094310,0.867965,63.000000,0.132035,54.681801,1.148974,326.000000,0.148974,374.565459,,,,,,,,,1.005761,19.000000,0.005761,19.109451,1.006184,5.000000,0.006184,5.030918,1.003772,25.000000,0.003772,25.094310,,,,,,,,,,,,,,,,,,,,,
FB15k-237,tg_r2d3__pos_auto_ratio__ri_conf__dn_none__dl1_1e-5,r2d3,0.355348,190,/location/us_county/county_seat,2,rule_only,trial,B,117.000000,1.000000,0.000000,117.000000,BB,6.000000,1.000000,0.000000,6.000000,1.000000,117.000000,0.000000,117.000000,1.000000,66.000000,0.000000,66.000000,,,,,,,,,1.000000,6.000000,0.000000,6.000000,,,,,,,,,,,,,,,,,,,,,,,,,,,,,
FB15k-237,tg_r2d3__pos_auto_ratio__ri_conf__dn_none__dl1_1e-5,r2d3,0.355348,191,/film/film/film_festivals,18,rule_only,trial,U,764.000000,1.416596,0.416596,1082.279573,UU,154.000000,1.000000,0.000000,154.000000,1.347353,63.000000,0.347353,84.883245,1.416596,764.000000,0.416596,1082.279573,,,,,,,,,1.000000,3.000000,0.000000,3.000000,,,,,1.000000,154.000000,0.000000,154.000000,,,,,,,,,,,,,,,,,,,,,
FB15k-237,tg_r2d3__pos_auto_ratio__ri_conf__dn_none__dl1_1e-5,r2d3,0.355348,192,/people/person/spouse_s./people/marriage/spouse,4,rule_only,trial,B,50.000000,1.385052,0.385052,69.252605,BB,7.000000,1.000000,0.000000,7.000000,1.385052,50.000000,0.385052,69.252605,,,,,,,,,,,,,1.000000,7.000000,0.000000,7.000000,,,,,,,,,,,,,,,,,,,,,,,,,,,,,
FB15k-237,tg_r2d3__pos_auto_ratio__ri_conf__dn_none__dl1_1e-5,r2d3,0.355348,193,/film/film/runtime./film/film_cut/film_release_region,9,rule_only,trial,U,338.000000,1.453071,0.453071,491.137930,UU,164.000000,1.000000,0.000000,164.000000,1.021486,249.000000,0.021486,254.350138,1.453071,338.000000,0.453071,491.137930,,,,,,,,,1.000000,2.000000,0.000000,2.000000,,,,,1.000000,164.000000,0.000000,164.000000,,,,,,,,,,,,,,,,,,,,,
FB15k-237,tg_r2d3__pos_auto_ratio__ri_conf__dn_none__dl1_1e-5,r2d3,0.355348,194,/location/capital_of_administrative_division/capital_of./location/administrative_division_capital_relationship/administrative_division,0,rule_only,trial,B,101.000000,1.000000,0.000000,101.000000,BB,19.000000,1.000000,0.000000,19.000000,1.000000,101.000000,0.000000,101.000000,,,,,,,,,,,,,1.000000,19.000000,0.000000,19.000000,,,,,,,,,,,,,,,,,,,,,,,,,,,,,
FB15k-237,tg_r2d3__pos_auto_ratio__ri_conf__dn_none__dl1_1e-5,r2d3,0.355348,195,/base/aareas/schema/administrative_area/administrative_area_type,20,rule_only,trial,U,848.000000,0.881554,0.118446,747.558131,UU,1837.000000,1.000000,0.000000,1837.000000,0.881548,91.000000,0.118452,80.220877,0.881554,848.000000,0.118446,747.558131,,,,,,,,,1.000000,124.000000,0.000000,124.000000,,,,,1.000000,1837.000000,0.000000,1837.000000,,,,,,,,,,,,,,,,,,,,,
FB15k-237,tg_r2d3__pos_auto_ratio__ri_conf__dn_none__dl1_1e-5,r2d3,0.355348,196,/influence/influence_node/peers./influence/peer_relationship/peers,2,rule_only,trial,B,33.000000,1.000000,0.000000,33.000000,BB,1.000000,1.000000,0.000000,1.000000,1.000000,33.000000,0.000000,33.000000,,,,,,,,,,,,,1.000000,1.000000,0.000000,1.000000,,,,,,,,,,,,,,,,,,,,,,,,,,,,,
FB15k-237,tg_r2d3__pos_auto_ratio__ri_conf__dn_none__dl1_1e-5,r2d3,0.355348,197,/government/governmental_body/members./government/government_position_held/legislative_sessions,12,rule_only,trial,U,342.000000,0.710163,0.289837,242.875746,UU,704.000000,1.000000,0.000000,704.000000,0.756136,10.000000,0.243864,7.561365,0.710163,342.000000,0.289837,242.875746,,,,,,,,,,,,,,,,,1.000000,704.000000,0.000000,704.000000,,,,,,,,,,,,,,,,,,,,,
FB15k-237,tg_r2d3__pos_auto_ratio__ri_conf__dn_none__dl1_1e-5,r2d3,0.355348,198,/base/schemastaging/organization_extra/phone_number./base/schemastaging/phone_sandbox/service_language,21,dependency,final,U,328.000000,0.975101,0.024899,319.833292,BB,878.000000,1.042928,0.042928,915.690960,0.958720,132.000000,0.041280,126.551040,0.975101,328.000000,0.024899,319.833292,,,,,,,,,1.042928,878.000000,0.042928,915.690960,1.034816,42.000000,0.034816,43.462289,1.038922,263.000000,0.038922,273.236433,,,,,,,,,,,,,,,,,,,,,
FB15k-237,tg_r2d3__pos_auto_ratio__ri_conf__dn_none__dl1_1e-5,r2d3,0.355348,199,/organization/organization/place_founded,16,rule_only,trial,B,16.000000,1.351040,0.351040,21.616643,UU,3.000000,1.000000,0.000000,3.000000,1.351040,16.000000,0.351040,21.616643,1.337970,16.000000,0.337970,21.407515,,,,,,,,,,,,,,,,,1.000000,3.000000,0.000000,3.000000,,,,,,,,,,,,,,,,,,,,,
FB15k-237,tg_r2d3__pos_auto_ratio__ri_conf__dn_none__dl1_1e-5,r2d3,0.355348,200,/base/eating/practicer_of_diet/diet,11,rule_only,trial,U,243.000000,0.925849,0.074151,224.981307,UU,87.000000,1.000000,0.000000,87.000000,0.924250,49.000000,0.075750,45.288230,0.925849,243.000000,0.074151,224.981307,,,,,,,,,,,,,1.000000,2.000000,0.000000,2.000000,1.000000,87.000000,0.000000,87.000000,,,,,,,,,,,,,,,,,,,,,
FB15k-237,tg_r2d3__pos_auto_ratio__ri_conf__dn_none__dl1_1e-5,r2d3,0.355348,201,/tv/tv_program/program_creator,2,rule_only,trial,B,170.000000,1.000000,0.000000,170.000000,BB,38.000000,1.000000,0.000000,38.000000,1.000000,170.000000,0.000000,170.000000,,,,,,,,,,,,,1.000000,38.000000,0.000000,38.000000,,,,,,,,,,,,,,,,,,,,,,,,,,,,,
FB15k-237,tg_r2d3__pos_auto_ratio__ri_conf__dn_none__dl1_1e-5,r2d3,0.355348,202,/people/deceased_person/place_of_burial,9,dependency,final,U,132.000000,1.134597,0.134597,149.766778,UU,8.000000,1.015511,0.015511,8.124091,1.129368,18.000000,0.129368,20.328626,1.134597,132.000000,0.134597,149.766778,,,,,,,,,,,,,1.015829,1.000000,0.015829,1.015829,1.015511,8.000000,0.015511,8.124091,,,,,,,,,,,,,,,,,,,,,
FB15k-237,tg_r2d3__pos_auto_ratio__ri_conf__dn_none__dl1_1e-5,r2d3,0.355348,203,/film/film/release_date_s./film/film_regional_release_date/film_regional_debut_venue,20,dependency,final,U,711.000000,0.989610,0.010390,703.612639,UU,882.000000,1.026055,0.026055,904.980245,0.970989,51.000000,0.029011,49.520429,0.989610,711.000000,0.010390,703.612639,,,,,,,,,1.002619,1.000000,0.002619,1.002619,1.021993,8.000000,0.021993,8.175941,1.026055,882.000000,0.026055,904.980245,,,,,,,,,,,,,,,,,,,,,
FB15k-237,tg_r2d3__pos_auto_ratio__ri_conf__dn_none__dl1_1e-5,r2d3,0.355348,204,/ice_hockey/hockey_team/current_roster./sports/sports_team_roster/position,4,rule_only,trial,U,69.000000,0.785928,0.214072,54.229025,UU,79.000000,1.000000,0.000000,79.000000,0.779788,20.000000,0.220212,15.595758,0.785928,69.000000,0.214072,54.229025,,,,,,,,,1.000000,31.000000,0.000000,31.000000,1.000000,30.000000,0.000000,30.000000,1.000000,79.000000,0.000000,79.000000,,,,,,,,,,,,,,,,,,,,,
FB15k-237,tg_r2d3__pos_auto_ratio__ri_conf__dn_none__dl1_1e-5,r2d3,0.355348,205,/location/administrative_division/first_level_division_of,0,rule_only,trial,B,289.000000,1.000000,0.000000,289.000000,BB,951.000000,1.000000,0.000000,951.000000,1.000000,289.000000,0.000000,289.000000,1.000000,209.000000,0.000000,209.000000,,,,,,,,,1.000000,951.000000,0.000000,951.000000,1.000000,59.000000,0.000000,59.000000,1.000000,854.000000,0.000000,854.000000,,,,,,,,,,,,,,,,,,,,,
FB15k-237,tg_r2d3__pos_auto_ratio__ri_conf__dn_none__dl1_1e-5,r2d3,0.355348,206,/location/statistical_region/gdp_real./measurement_unit/adjusted_money_value/adjustment_currency,0,rule_only,trial,U,846.000000,1.000000,0.000000,846.000000,BB,2431.000000,1.000000,0.000000,2431.000000,1.000000,294.000000,0.000000,294.000000,1.000000,846.000000,0.000000,846.000000,,,,,,,,,1.000000,2431.000000,0.000000,2431.000000,1.000000,6.000000,0.000000,6.000000,1.000000,2123.000000,0.000000,2123.000000,,,,,,,,,,,,,,,,,,,,,
FB15k-237,tg_r2d3__pos_auto_ratio__ri_conf__dn_none__dl1_1e-5,r2d3,0.355348,207,/organization/organization/child./organization/organization_relationship/child,20,dependency,final,U,94.000000,1.193818,0.193818,112.218930,UU,15.000000,1.027181,0.027181,15.407709,1.193954,55.000000,0.193954,65.667486,1.193818,94.000000,0.193818,112.218930,,,,,,,,,1.028035,14.000000,0.028035,14.392493,1.020956,2.000000,0.020956,2.041911,1.027181,15.000000,0.027181,15.407709,,,,,,,,,,,,,,,,,,,,,
FB15k-237,tg_r2d3__pos_auto_ratio__ri_conf__dn_none__dl1_1e-5,r2d3,0.355348,208,/business/business_operation/assets./measurement_unit/dated_money_value/currency,0,rule_only,trial,B,352.000000,1.000000,0.000000,352.000000,BB,1512.000000,1.000000,0.000000,1512.000000,1.000000,352.000000,0.000000,352.000000,1.000000,150.000000,0.000000,150.000000,,,,,,,,,1.000000,1512.000000,0.000000,1512.000000,1.000000,89.000000,0.000000,89.000000,1.000000,407.000000,0.000000,407.000000,,,,,,,,,,,,,,,,,,,,,
FB15k-237,tg_r2d3__pos_auto_ratio__ri_conf__dn_none__dl1_1e-5,r2d3,0.355348,209,/film/person_or_entity_appearing_in_film/films./film/personal_film_appearance/type_of_appearance,3,rule_only,trial,U,69.000000,0.938764,0.061236,64.774737,UU,1.000000,1.000000,0.000000,1.000000,0.891678,12.000000,0.108322,10.700132,0.938764,69.000000,0.061236,64.774737,,,,,,,,,,,,,,,,,1.000000,1.000000,0.000000,1.000000,,,,,,,,,,,,,,,,,,,,,
FB15k-237,tg_r2d3__pos_auto_ratio__ri_conf__dn_none__dl1_1e-5,r2d3,0.355348,210,/time/event/instance_of_recurring_event,11,rule_only,trial,U,198.000000,1.000000,0.000000,198.000000,UU,418.000000,1.000000,0.000000,418.000000,1.000000,10.000000,0.000000,10.000000,1.000000,198.000000,0.000000,198.000000,,,,,,,,,,,,,,,,,1.000000,418.000000,0.000000,418.000000,,,,,,,,,,,,,,,,,,,,,
FB15k-237,tg_r2d3__pos_auto_ratio__ri_conf__dn_none__dl1_1e-5,r2d3,0.355348,211,/tv/non_character_role/tv_regular_personal_appearances./tv/tv_regular_personal_appearance/person,7,dependency,final,U,146.000000,1.046055,0.046055,152.723986,UU,12.000000,1.004275,0.004275,12.051296,0.954556,36.000000,0.045444,34.364002,1.046055,146.000000,0.046055,152.723986,,,,,,,,,1.004259,1.000000,0.004259,1.004259,,,,,1.004275,12.000000,0.004275,12.051296,,,,,,,,,,,,,,,,,,,,,
FB15k-237,tg_r2d3__pos_auto_ratio__ri_conf__dn_none__dl1_1e-5,r2d3,0.355348,212,/film/actor/film./film/performance/special_performance_type,16,rule_only,trial,U,234.000000,1.000000,0.000000,234.000000,UU,228.000000,1.000000,0.000000,228.000000,1.000000,60.000000,0.000000,60.000000,1.000000,234.000000,0.000000,234.000000,,,,,,,,,1.000000,19.000000,0.000000,19.000000,,,,,1.000000,228.000000,0.000000,228.000000,,,,,,,,,,,,,,,,,,,,,
FB15k-237,tg_r2d3__pos_auto_ratio__ri_conf__dn_none__dl1_1e-5,r2d3,0.355348,213,/business/business_operation/operating_income./measurement_unit/dated_money_value/currency,0,rule_only,trial,B,378.000000,1.000000,0.000000,378.000000,BB,1700.000000,1.000000,0.000000,1700.000000,1.000000,378.000000,0.000000,378.000000,1.000000,157.000000,0.000000,157.000000,,,,,,,,,1.000000,1700.000000,0.000000,1700.000000,1.000000,114.000000,0.000000,114.000000,1.000000,326.000000,0.000000,326.000000,,,,,,,,,,,,,,,,,,,,,
FB15k-237,tg_r2d3__pos_auto_ratio__ri_conf__dn_none__dl1_1e-5,r2d3,0.355348,214,/people/ethnicity/languages_spoken,29,dependency,final,U,81.000000,1.235820,0.235820,100.101396,BB,174.000000,1.063931,0.063931,185.124046,0.898020,47.000000,0.101980,42.206931,1.235820,81.000000,0.235820,100.101396,,,,,,,,,1.063931,174.000000,0.063931,185.124046,1.063507,4.000000,0.063507,4.254028,1.064312,26.000000,0.064312,27.672120,,,,,,,,,,,,,,,,,,,,,
FB15k-237,tg_r2d3__pos_auto_ratio__ri_conf__dn_none__dl1_1e-5,r2d3,0.355348,215,/base/americancomedy/celebrity_impressionist/celebrities_impersonated,8,dependency,final,U,152.000000,1.160170,0.160170,176.345810,UU,44.000000,1.007177,0.007177,44.315792,0.857845,31.000000,0.142155,26.593192,1.160170,152.000000,0.160170,176.345810,,,,,,,,,1.007175,10.000000,0.007175,10.071753,,,,,1.007177,44.000000,0.007177,44.315792,,,,,,,,,,,,,,,,,,,,,
FB15k-237,tg_r2d3__pos_auto_ratio__ri_conf__dn_none__dl1_1e-5,r2d3,0.355348,216,/medicine/symptom/symptom_of,31,rule_only,trial,U,82.000000,1.000000,0.000000,82.000000,BB,33.000000,1.000000,0.000000,33.000000,1.000000,18.000000,0.000000,18.000000,1.000000,82.000000,0.000000,82.000000,,,,,,,,,1.000000,33.000000,0.000000,33.000000,1.000000,1.000000,0.000000,1.000000,1.000000,13.000000,0.000000,13.000000,,,,,,,,,,,,,,,,,,,,,
FB15k-237,tg_r2d3__pos_auto_ratio__ri_conf__dn_none__dl1_1e-5,r2d3,0.355348,217,/education/university/fraternities_and_sororities,21,rule_only,trial,U,322.000000,0.921303,0.078697,296.659469,UU,774.000000,1.000000,0.000000,774.000000,0.921646,64.000000,0.078354,58.985318,0.921303,322.000000,0.078697,296.659469,,,,,,,,,1.000000,107.000000,0.000000,107.000000,1.000000,5.000000,0.000000,5.000000,1.000000,774.000000,0.000000,774.000000,,,,,,,,,,,,,,,,,,,,,
FB15k-237,tg_r2d3__pos_auto_ratio__ri_conf__dn_none__dl1_1e-5,r2d3,0.355348,218,/location/statistical_region/places_exported_to./location/imports_and_exports/exported_to,13,dependency,final,U,2138.000000,0.777910,0.222090,1663.170725,UU,4103.000000,1.030901,0.030901,4229.788444,0.892867,468.000000,0.107133,417.861709,0.777910,2138.000000,0.222090,1663.170725,,,,,,,,,1.031301,652.000000,0.031301,672.408056,1.029612,40.000000,0.029612,41.184496,1.030901,4103.000000,0.030901,4229.788444,,,,,,,,,,,,,,,,,,,,,
FB15k-237,tg_r2d3__pos_auto_ratio__ri_conf__dn_none__dl1_1e-5,r2d3,0.355348,219,/location/statistical_region/gdp_nominal./measurement_unit/dated_money_value/currency,4,rule_only,trial,U,952.000000,0.806701,0.193299,767.978971,UU,1804.000000,1.000000,0.000000,1804.000000,0.811113,465.000000,0.188887,377.167499,0.806701,952.000000,0.193299,767.978971,,,,,,,,,1.000000,1557.000000,0.000000,1557.000000,1.000000,36.000000,0.000000,36.000000,1.000000,1804.000000,0.000000,1804.000000,,,,,,,,,,,,,,,,,,,,,
FB15k-237,tg_r2d3__pos_auto_ratio__ri_conf__dn_none__dl1_1e-5,r2d3,0.355348,220,/travel/travel_destination/how_to_get_here./travel/transportation/mode_of_transportation,20,rule_only,trial,U,213.000000,1.000000,0.000000,213.000000,UU,459.000000,1.000000,0.000000,459.000000,1.000000,29.000000,0.000000,29.000000,1.000000,213.000000,0.000000,213.000000,,,,,,,,,1.000000,141.000000,0.000000,141.000000,1.000000,10.000000,0.000000,10.000000,1.000000,459.000000,0.000000,459.000000,,,,,,,,,,,,,,,,,,,,,
FB15k-237,tg_r2d3__pos_auto_ratio__ri_conf__dn_none__dl1_1e-5,r2d3,0.355348,221,/location/country/official_language,16,rule_only,trial,U,754.000000,0.913653,0.086347,688.894060,UU,2433.000000,1.000000,0.000000,2433.000000,0.947873,237.000000,0.052127,224.645948,0.913653,754.000000,0.086347,688.894060,,,,,,,,,1.000000,1528.000000,0.000000,1528.000000,1.000000,3.000000,0.000000,3.000000,1.000000,2433.000000,0.000000,2433.000000,,,,,,,,,,,,,,,,,,,,,
FB15k-237,tg_r2d3__pos_auto_ratio__ri_conf__dn_none__dl1_1e-5,r2d3,0.355348,222,/location/location/partially_contains,13,rule_only,trial,U,669.000000,0.744058,0.255942,497.774802,UU,1310.000000,1.000000,0.000000,1310.000000,1.033128,89.000000,0.033128,91.948374,0.744058,669.000000,0.255942,497.774802,,,,,,,,,1.000000,128.000000,0.000000,128.000000,1.000000,1.000000,0.000000,1.000000,1.000000,1310.000000,0.000000,1310.000000,,,,,,,,,,,,,,,,,,,,,
FB15k-237,tg_r2d3__pos_auto_ratio__ri_conf__dn_none__dl1_1e-5,r2d3,0.355348,223,/film/film/film_art_direction_by,3,rule_only,trial,U,181.000000,1.118389,0.118389,202.428391,BB,177.000000,1.000000,0.000000,177.000000,1.055118,81.000000,0.055118,85.464582,1.118389,181.000000,0.118389,202.428391,,,,,,,,,1.000000,177.000000,0.000000,177.000000,,,,,1.000000,21.000000,0.000000,21.000000,,,,,,,,,,,,,,,,,,,,,
FB15k-237,tg_r2d3__pos_auto_ratio__ri_conf__dn_none__dl1_1e-5,r2d3,0.355348,224,/people/person/spouse_s./people/marriage/location_of_ceremony,35,rule_only,trial,U,141.000000,1.000000,0.000000,141.000000,BB,2.000000,1.000000,0.000000,2.000000,1.000000,8.000000,0.000000,8.000000,1.000000,141.000000,0.000000,141.000000,,,,,,,,,1.000000,2.000000,0.000000,2.000000,,,,,,,,,,,,,,,,,,,,,,,,,,,,,
FB15k-237,tg_r2d3__pos_auto_ratio__ri_conf__dn_none__dl1_1e-5,r2d3,0.355348,225,/education/university/international_tuition./measurement_unit/dated_money_value/currency,0,rule_only,trial,U,163.000000,1.000000,0.000000,163.000000,BB,281.000000,1.000000,0.000000,281.000000,1.000000,147.000000,0.000000,147.000000,1.000000,163.000000,0.000000,163.000000,,,,,,,,,1.000000,281.000000,0.000000,281.000000,1.000000,5.000000,0.000000,5.000000,1.000000,174.000000,0.000000,174.000000,,,,,,,,,,,,,,,,,,,,,
FB15k-237,tg_r2d3__pos_auto_ratio__ri_conf__dn_none__dl1_1e-5,r2d3,0.355348,226,/organization/organization_founder/organizations_founded,9,dependency,final,U,275.000000,0.911000,0.089000,250.525110,UU,659.000000,1.018283,0.018283,671.048761,1.300217,58.000000,0.300217,75.412574,0.911000,275.000000,0.089000,250.525110,,,,,,,,,1.009892,7.000000,0.009892,7.069241,,,,,1.018283,659.000000,0.018283,671.048761,,,,,,,,,,,,,,,,,,,,,
FB15k-237,tg_r2d3__pos_auto_ratio__ri_conf__dn_none__dl1_1e-5,r2d3,0.355348,227,/film/film/dubbing_performances./film/dubbing_performance/actor,8,dependency,final,U,92.000000,1.069433,0.069433,98.387882,UU,3.000000,1.064691,0.064691,3.194072,1.043604,19.000000,0.043604,19.828478,1.069433,92.000000,0.069433,98.387882,,,,,,,,,,,,,,,,,1.064691,3.000000,0.064691,3.194072,,,,,,,,,,,,,,,,,,,,,
FB15k-237,tg_r2d3__pos_auto_ratio__ri_conf__dn_none__dl1_1e-5,r2d3,0.355348,228,/dataworld/gardening_hint/split_to,10,rule_only,none,U,109.000000,1.000000,0.000000,109.000000,,,,,,1.000000,76.000000,0.000000,76.000000,1.000000,109.000000,0.000000,109.000000,,,,,,,,,,,,,,,,,,,,,,,,,,,,,,,,,,,,,,,,,
FB15k-237,tg_r2d3__pos_auto_ratio__ri_conf__dn_none__dl1_1e-5,r2d3,0.355348,229,/medicine/disease/risk_factors,13,rule_only,trial,U,63.000000,1.079706,0.079706,68.021453,BB,13.000000,1.000000,0.000000,13.000000,0.995299,18.000000,0.004701,17.915387,1.079706,63.000000,0.079706,68.021453,,,,,,,,,1.000000,13.000000,0.000000,13.000000,1.000000,5.000000,0.000000,5.000000,1.000000,10.000000,0.000000,10.000000,,,,,,,,,,,,,,,,,,,,,
FB15k-237,tg_r2d3__pos_auto_ratio__ri_conf__dn_none__dl1_1e-5,r2d3,0.355348,230,/film/film/prequel,18,dependency,final,B,191.000000,1.388727,0.388727,265.246933,BB,10.000000,1.039965,0.039965,10.399650,1.388727,191.000000,0.388727,265.246933,,,,,,,,,,,,,1.039965,10.000000,0.039965,10.399650,,,,,,,,,,,,,,,,,,,,,,,,,,,,,
FB15k-237,tg_r2d3__pos_auto_ratio__ri_conf__dn_none__dl1_1e-5,r2d3,0.355348,231,/base/localfood/seasonal_month/produce_available./base/localfood/produce_availability/seasonal_months,3,rule_only,trial,U,1866.000000,1.000000,0.000000,1866.000000,UU,3762.000000,1.000000,0.000000,3762.000000,1.000000,18.000000,0.000000,18.000000,1.000000,1866.000000,0.000000,1866.000000,,,,,,,,,,,,,1.000000,6.000000,0.000000,6.000000,1.000000,3762.000000,0.000000,3762.000000,,,,,,,,,,,,,,,,,,,,,
FB15k-237,tg_r2d3__pos_auto_ratio__ri_conf__dn_none__dl1_1e-5,r2d3,0.355348,232,/film/actor/dubbing_performances./film/dubbing_performance/language,12,dependency,final,U,90.000000,1.005970,0.005970,90.537282,UU,6.000000,1.004274,0.004274,6.025645,1.002122,89.000000,0.002122,89.188858,1.005970,90.000000,0.005970,90.537282,,,,,,,,,1.003757,4.000000,0.003757,4.015028,,,,,1.004274,6.000000,0.004274,6.025645,,,,,,,,,,,,,,,,,,,,,
FB15k-237,tg_r2d3__pos_auto_ratio__ri_conf__dn_none__dl1_1e-5,r2d3,0.355348,233,/broadcast/content/artist,14,rule_only,trial,U,280.000000,0.877560,0.122440,245.716744,UU,437.000000,1.000000,0.000000,437.000000,0.860403,33.000000,0.139597,28.393302,0.877560,280.000000,0.122440,245.716744,,,,,,,,,1.000000,67.000000,0.000000,67.000000,1.000000,4.000000,0.000000,4.000000,1.000000,437.000000,0.000000,437.000000,,,,,,,,,,,,,,,,,,,,,
FB15k-237,tg_r2d3__pos_auto_ratio__ri_conf__dn_none__dl1_1e-5,r2d3,0.355348,234,/location/statistical_region/gni_per_capita_in_ppp_dollars./measurement_unit/dated_money_value/currency,0,rule_only,trial,U,860.000000,1.000000,0.000000,860.000000,BB,2328.000000,1.000000,0.000000,2328.000000,1.000000,287.000000,0.000000,287.000000,1.000000,860.000000,0.000000,860.000000,,,,,,,,,1.000000,2328.000000,0.000000,2328.000000,,,,,1.000000,2260.000000,0.000000,2260.000000,,,,,,,,,,,,,,,,,,,,,
FB15k-237,tg_r2d3__pos_auto_ratio__ri_conf__dn_none__dl1_1e-5,r2d3,0.355348,235,/music/instrument/family,6,dependency,final,U,618.000000,0.942574,0.057426,582.510732,UU,1195.000000,1.050835,0.050835,1255.747586,0.903053,471.000000,0.096947,425.337963,0.942574,618.000000,0.057426,582.510732,,,,,,,,,1.052245,288.000000,0.052245,303.046560,1.049518,104.000000,0.049518,109.149862,1.050835,1195.000000,0.050835,1255.747586,,,,,,,,,,,,,,,,,,,,,
FB15k-237,tg_r2d3__pos_auto_ratio__ri_conf__dn_none__dl1_1e-5,r2d3,0.355348,236,/government/politician/government_positions_held./government/government_position_held/jurisdiction_of_office,9,rule_only,trial,U,160.000000,0.997458,0.002542,159.593280,BB,312.000000,1.000000,0.000000,312.000000,1.031946,135.000000,0.031946,139.312656,0.997458,160.000000,0.002542,159.593280,,,,,,,,,1.000000,312.000000,0.000000,312.000000,1.000000,2.000000,0.000000,2.000000,1.000000,160.000000,0.000000,160.000000,,,,,,,,,,,,,,,,,,,,,
codex-l,tg_rd__pos_auto_sqrt__ri_conf__dn_per_rule_degree__dl1_1e-5,rd,0.334178,0,P27,3277,dependency,none,,,,,,,,,,,,,,,,,,,,,,,,,,,,,,,,,,,,,,,,,,,,,,,,,,,,,,,,,,,
codex-l,tg_rd__pos_auto_sqrt__ri_conf__dn_per_rule_degree__dl1_1e-5,rd,0.334178,1,P17,396,dependency,none,,,,,,,,,,,,,,,,,,,,,,,,,,,,,,,,,,,,,,,,,,,,,,,,,,,,,,,,,,,
codex-l,tg_rd__pos_auto_sqrt__ri_conf__dn_per_rule_degree__dl1_1e-5,rd,0.334178,2,P106,9426,dependency,none,,,,,,,,,,,,,,,,,,,,,,,,,,,,,,,,,,,,,,,,,,,,,,,,,,,,,,,,,,,
codex-l,tg_rd__pos_auto_sqrt__ri_conf__dn_per_rule_degree__dl1_1e-5,rd,0.334178,3,P19,1925,rule_only,none,,,,,,,,,,,,,,,,,,,,,,,,,,,,,,,,,,,,,,,,,,,,,,,,,,,,,,,,,,,
codex-l,tg_rd__pos_auto_sqrt__ri_conf__dn_per_rule_degree__dl1_1e-5,rd,0.334178,4,P102,631,dependency,none,,,,,,,,,,,,,,,,,,,,,,,,,,,,,,,,,,,,,,,,,,,,,,,,,,,,,,,,,,,
codex-l,tg_rd__pos_auto_sqrt__ri_conf__dn_per_rule_degree__dl1_1e-5,rd,0.334178,5,P69,1687,dependency,none,,,,,,,,,,,,,,,,,,,,,,,,,,,,,,,,,,,,,,,,,,,,,,,,,,,,,,,,,,,
codex-l,tg_rd__pos_auto_sqrt__ri_conf__dn_per_rule_degree__dl1_1e-5,rd,0.334178,6,P136,1401,dependency,none,,,,,,,,,,,,,,,,,,,,,,,,,,,,,,,,,,,,,,,,,,,,,,,,,,,,,,,,,,,
codex-l,tg_rd__pos_auto_sqrt__ri_conf__dn_per_rule_degree__dl1_1e-5,rd,0.334178,7,P463,970,rule_only,none,,,,,,,,,,,,,,,,,,,,,,,,,,,,,,,,,,,,,,,,,,,,,,,,,,,,,,,,,,,
codex-l,tg_rd__pos_auto_sqrt__ri_conf__dn_per_rule_degree__dl1_1e-5,rd,0.334178,8,P131,322,dependency,none,,,,,,,,,,,,,,,,,,,,,,,,,,,,,,,,,,,,,,,,,,,,,,,,,,,,,,,,,,,
codex-l,tg_rd__pos_auto_sqrt__ri_conf__dn_per_rule_degree__dl1_1e-5,rd,0.334178,9,P1412,1993,dependency,none,,,,,,,,,,,,,,,,,,,,,,,,,,,,,,,,,,,,,,,,,,,,,,,,,,,,,,,,,,,
codex-l,tg_rd__pos_auto_sqrt__ri_conf__dn_per_rule_degree__dl1_1e-5,rd,0.334178,10,P140,346,dependency,none,,,,,,,,,,,,,,,,,,,,,,,,,,,,,,,,,,,,,,,,,,,,,,,,,,,,,,,,,,,
codex-l,tg_rd__pos_auto_sqrt__ri_conf__dn_per_rule_degree__dl1_1e-5,rd,0.334178,11,P1303,584,dependency,none,,,,,,,,,,,,,,,,,,,,,,,,,,,,,,,,,,,,,,,,,,,,,,,,,,,,,,,,,,,
codex-l,tg_rd__pos_auto_sqrt__ri_conf__dn_per_rule_degree__dl1_1e-5,rd,0.334178,12,P3373,132,dependency,none,,,,,,,,,,,,,,,,,,,,,,,,,,,,,,,,,,,,,,,,,,,,,,,,,,,,,,,,,,,
codex-l,tg_rd__pos_auto_sqrt__ri_conf__dn_per_rule_degree__dl1_1e-5,rd,0.334178,13,P20,1230,dependency,none,,,,,,,,,,,,,,,,,,,,,,,,,,,,,,,,,,,,,,,,,,,,,,,,,,,,,,,,,,,
codex-l,tg_rd__pos_auto_sqrt__ri_conf__dn_per_rule_degree__dl1_1e-5,rd,0.334178,14,P47,427,dependency,none,,,,,,,,,,,,,,,,,,,,,,,,,,,,,,,,,,,,,,,,,,,,,,,,,,,,,,,,,,,
codex-l,tg_rd__pos_auto_sqrt__ri_conf__dn_per_rule_degree__dl1_1e-5,rd,0.334178,15,P26,111,rule_only,none,,,,,,,,,,,,,,,,,,,,,,,,,,,,,,,,,,,,,,,,,,,,,,,,,,,,,,,,,,,
codex-l,tg_rd__pos_auto_sqrt__ri_conf__dn_per_rule_degree__dl1_1e-5,rd,0.334178,16,P119,324,dependency,none,,,,,,,,,,,,,,,,,,,,,,,,,,,,,,,,,,,,,,,,,,,,,,,,,,,,,,,,,,,
codex-l,tg_rd__pos_auto_sqrt__ri_conf__dn_per_rule_degree__dl1_1e-5,rd,0.334178,17,P161,1239,rule_only,none,,,,,,,,,,,,,,,,,,,,,,,,,,,,,,,,,,,,,,,,,,,,,,,,,,,,,,,,,,,
codex-l,tg_rd__pos_auto_sqrt__ri_conf__dn_per_rule_degree__dl1_1e-5,rd,0.334178,18,P264,390,dependency,none,,,,,,,,,,,,,,,,,,,,,,,,,,,,,,,,,,,,,,,,,,,,,,,,,,,,,,,,,,,
codex-l,tg_rd__pos_auto_sqrt__ri_conf__dn_per_rule_degree__dl1_1e-5,rd,0.334178,19,P101,286,dependency,none,,,,,,,,,,,,,,,,,,,,,,,,,,,,,,,,,,,,,,,,,,,,,,,,,,,,,,,,,,,
codex-l,tg_rd__pos_auto_sqrt__ri_conf__dn_per_rule_degree__dl1_1e-5,rd,0.334178,20,P108,644,dependency,none,,,,,,,,,,,,,,,,,,,,,,,,,,,,,,,,,,,,,,,,,,,,,,,,,,,,,,,,,,,
codex-l,tg_rd__pos_auto_sqrt__ri_conf__dn_per_rule_degree__dl1_1e-5,rd,0.334178,21,P737,90,dependency,none,,,,,,,,,,,,,,,,,,,,,,,,,,,,,,,,,,,,,,,,,,,,,,,,,,,,,,,,,,,
codex-l,tg_rd__pos_auto_sqrt__ri_conf__dn_per_rule_degree__dl1_1e-5,rd,0.334178,22,P740,72,dependency,none,,,,,,,,,,,,,,,,,,,,,,,,,,,,,,,,,,,,,,,,,,,,,,,,,,,,,,,,,,,
codex-l,tg_rd__pos_auto_sqrt__ri_conf__dn_per_rule_degree__dl1_1e-5,rd,0.334178,23,P530,315,dependency,none,,,,,,,,,,,,,,,,,,,,,,,,,,,,,,,,,,,,,,,,,,,,,,,,,,,,,,,,,,,
codex-l,tg_rd__pos_auto_sqrt__ri_conf__dn_per_rule_degree__dl1_1e-5,rd,0.334178,24,P509,392,dependency,none,,,,,,,,,,,,,,,,,,,,,,,,,,,,,,,,,,,,,,,,,,,,,,,,,,,,,,,,,,,
codex-l,tg_rd__pos_auto_sqrt__ri_conf__dn_per_rule_degree__dl1_1e-5,rd,0.334178,25,P495,337,dependency,none,,,,,,,,,,,,,,,,,,,,,,,,,,,,,,,,,,,,,,,,,,,,,,,,,,,,,,,,,,,
codex-l,tg_rd__pos_auto_sqrt__ri_conf__dn_per_rule_degree__dl1_1e-5,rd,0.334178,26,P551,245,dependency,none,,,,,,,,,,,,,,,,,,,,,,,,,,,,,,,,,,,,,,,,,,,,,,,,,,,,,,,,,,,
codex-l,tg_rd__pos_auto_sqrt__ri_conf__dn_per_rule_degree__dl1_1e-5,rd,0.334178,27,P113,20,dependency,none,,,,,,,,,,,,,,,,,,,,,,,,,,,,,,,,,,,,,,,,,,,,,,,,,,,,,,,,,,,
codex-l,tg_rd__pos_auto_sqrt__ri_conf__dn_per_rule_degree__dl1_1e-5,rd,0.334178,28,P37,111,dependency,none,,,,,,,,,,,,,,,,,,,,,,,,,,,,,,,,,,,,,,,,,,,,,,,,,,,,,,,,,,,
codex-l,tg_rd__pos_auto_sqrt__ri_conf__dn_per_rule_degree__dl1_1e-5,rd,0.334178,29,P840,155,dependency,none,,,,,,,,,,,,,,,,,,,,,,,,,,,,,,,,,,,,,,,,,,,,,,,,,,,,,,,,,,,
codex-l,tg_rd__pos_auto_sqrt__ri_conf__dn_per_rule_degree__dl1_1e-5,rd,0.334178,30,P36,46,dependency,none,,,,,,,,,,,,,,,,,,,,,,,,,,,,,,,,,,,,,,,,,,,,,,,,,,,,,,,,,,,
codex-l,tg_rd__pos_auto_sqrt__ri_conf__dn_per_rule_degree__dl1_1e-5,rd,0.334178,31,P172,197,rule_only,none,,,,,,,,,,,,,,,,,,,,,,,,,,,,,,,,,,,,,,,,,,,,,,,,,,,,,,,,,,,
codex-l,tg_rd__pos_auto_sqrt__ri_conf__dn_per_rule_degree__dl1_1e-5,rd,0.334178,32,P54,38,dependency,none,,,,,,,,,,,,,,,,,,,,,,,,,,,,,,,,,,,,,,,,,,,,,,,,,,,,,,,,,,,
codex-l,tg_rd__pos_auto_sqrt__ri_conf__dn_per_rule_degree__dl1_1e-5,rd,0.334178,33,P407,50,dependency,none,,,,,,,,,,,,,,,,,,,,,,,,,,,,,,,,,,,,,,,,,,,,,,,,,,,,,,,,,,,
codex-l,tg_rd__pos_auto_sqrt__ri_conf__dn_per_rule_degree__dl1_1e-5,rd,0.334178,34,P2348,35,dependency,none,,,,,,,,,,,,,,,,,,,,,,,,,,,,,,,,,,,,,,,,,,,,,,,,,,,,,,,,,,,
codex-l,tg_rd__pos_auto_sqrt__ri_conf__dn_per_rule_degree__dl1_1e-5,rd,0.334178,35,P159,32,dependency,none,,,,,,,,,,,,,,,,,,,,,,,,,,,,,,,,,,,,,,,,,,,,,,,,,,,,,,,,,,,
codex-l,tg_rd__pos_auto_sqrt__ri_conf__dn_per_rule_degree__dl1_1e-5,rd,0.334178,36,P40,84,dependency,none,,,,,,,,,,,,,,,,,,,,,,,,,,,,,,,,,,,,,,,,,,,,,,,,,,,,,,,,,,,
codex-l,tg_rd__pos_auto_sqrt__ri_conf__dn_per_rule_degree__dl1_1e-5,rd,0.334178,37,P641,185,dependency,none,,,,,,,,,,,,,,,,,,,,,,,,,,,,,,,,,,,,,,,,,,,,,,,,,,,,,,,,,,,
codex-l,tg_rd__pos_auto_sqrt__ri_conf__dn_per_rule_degree__dl1_1e-5,rd,0.334178,38,P1050,35,dependency,none,,,,,,,,,,,,,,,,,,,,,,,,,,,,,,,,,,,,,,,,,,,,,,,,,,,,,,,,,,,
codex-l,tg_rd__pos_auto_sqrt__ri_conf__dn_per_rule_degree__dl1_1e-5,rd,0.334178,39,P135,51,rule_only,none,,,,,,,,,,,,,,,,,,,,,,,,,,,,,,,,,,,,,,,,,,,,,,,,,,,,,,,,,,,
codex-l,tg_rd__pos_auto_sqrt__ri_conf__dn_per_rule_degree__dl1_1e-5,rd,0.334178,40,P57,78,dependency,none,,,,,,,,,,,,,,,,,,,,,,,,,,,,,,,,,,,,,,,,,,,,,,,,,,,,,,,,,,,
codex-l,tg_rd__pos_auto_sqrt__ri_conf__dn_per_rule_degree__dl1_1e-5,rd,0.334178,41,P2283,6,rule_only,none,,,,,,,,,,,,,,,,,,,,,,,,,,,,,,,,,,,,,,,,,,,,,,,,,,,,,,,,,,,
codex-l,tg_rd__pos_auto_sqrt__ri_conf__dn_per_rule_degree__dl1_1e-5,rd,0.334178,42,P112,15,rule_only,none,,,,,,,,,,,,,,,,,,,,,,,,,,,,,,,,,,,,,,,,,,,,,,,,,,,,,,,,,,,
codex-l,tg_rd__pos_auto_sqrt__ri_conf__dn_per_rule_degree__dl1_1e-5,rd,0.334178,43,P749,18,dependency,none,,,,,,,,,,,,,,,,,,,,,,,,,,,,,,,,,,,,,,,,,,,,,,,,,,,,,,,,,,,
codex-l,tg_rd__pos_auto_sqrt__ri_conf__dn_per_rule_degree__dl1_1e-5,rd,0.334178,44,P30,54,dependency,none,,,,,,,,,,,,,,,,,,,,,,,,,,,,,,,,,,,,,,,,,,,,,,,,,,,,,,,,,,,
codex-l,tg_rd__pos_auto_sqrt__ri_conf__dn_per_rule_degree__dl1_1e-5,rd,0.334178,45,P466,4,rule_only,none,,,,,,,,,,,,,,,,,,,,,,,,,,,,,,,,,,,,,,,,,,,,,,,,,,,,,,,,,,,
codex-l,tg_rd__pos_auto_sqrt__ri_conf__dn_per_rule_degree__dl1_1e-5,rd,0.334178,46,P4552,19,dependency,none,,,,,,,,,,,,,,,,,,,,,,,,,,,,,,,,,,,,,,,,,,,,,,,,,,,,,,,,,,,
codex-l,tg_rd__pos_auto_sqrt__ri_conf__dn_per_rule_degree__dl1_1e-5,rd,0.334178,47,P780,6,dependency,none,,,,,,,,,,,,,,,,,,,,,,,,,,,,,,,,,,,,,,,,,,,,,,,,,,,,,,,,,,,
codex-l,tg_rd__pos_auto_sqrt__ri_conf__dn_per_rule_degree__dl1_1e-5,rd,0.334178,48,P361,69,dependency,none,,,,,,,,,,,,,,,,,,,,,,,,,,,,,,,,,,,,,,,,,,,,,,,,,,,,,,,,,,,
codex-l,tg_rd__pos_auto_sqrt__ri_conf__dn_per_rule_degree__dl1_1e-5,rd,0.334178,49,P123,7,dependency,none,,,,,,,,,,,,,,,,,,,,,,,,,,,,,,,,,,,,,,,,,,,,,,,,,,,,,,,,,,,
codex-l,tg_rd__pos_auto_sqrt__ri_conf__dn_per_rule_degree__dl1_1e-5,rd,0.334178,50,P2176,3,rule_only,none,,,,,,,,,,,,,,,,,,,,,,,,,,,,,,,,,,,,,,,,,,,,,,,,,,,,,,,,,,,
codex-l,tg_rd__pos_auto_sqrt__ri_conf__dn_per_rule_degree__dl1_1e-5,rd,0.334178,51,P452,7,rule_only,none,,,,,,,,,,,,,,,,,,,,,,,,,,,,,,,,,,,,,,,,,,,,,,,,,,,,,,,,,,,
codex-l,tg_rd__pos_auto_sqrt__ri_conf__dn_per_rule_degree__dl1_1e-5,rd,0.334178,52,P138,21,rule_only,none,,,,,,,,,,,,,,,,,,,,,,,,,,,,,,,,,,,,,,,,,,,,,,,,,,,,,,,,,,,
codex-l,tg_rd__pos_auto_sqrt__ri_conf__dn_per_rule_degree__dl1_1e-5,rd,0.334178,53,P451,27,rule_only,none,,,,,,,,,,,,,,,,,,,,,,,,,,,,,,,,,,,,,,,,,,,,,,,,,,,,,,,,,,,
codex-l,tg_rd__pos_auto_sqrt__ri_conf__dn_per_rule_degree__dl1_1e-5,rd,0.334178,54,P114,1,rule_only,none,,,,,,,,,,,,,,,,,,,,,,,,,,,,,,,,,,,,,,,,,,,,,,,,,,,,,,,,,,,
codex-l,tg_rd__pos_auto_sqrt__ri_conf__dn_per_rule_degree__dl1_1e-5,rd,0.334178,55,P170,28,rule_only,none,,,,,,,,,,,,,,,,,,,,,,,,,,,,,,,,,,,,,,,,,,,,,,,,,,,,,,,,,,,
codex-l,tg_rd__pos_auto_sqrt__ri_conf__dn_per_rule_degree__dl1_1e-5,rd,0.334178,56,P1454,2,dependency,none,,,,,,,,,,,,,,,,,,,,,,,,,,,,,,,,,,,,,,,,,,,,,,,,,,,,,,,,,,,
codex-l,tg_rd__pos_auto_sqrt__ri_conf__dn_per_rule_degree__dl1_1e-5,rd,0.334178,57,P50,11,dependency,none,,,,,,,,,,,,,,,,,,,,,,,,,,,,,,,,,,,,,,,,,,,,,,,,,,,,,,,,,,,
codex-l,tg_rd__pos_auto_sqrt__ri_conf__dn_per_rule_degree__dl1_1e-5,rd,0.334178,58,P488,4,rule_only,none,,,,,,,,,,,,,,,,,,,,,,,,,,,,,,,,,,,,,,,,,,,,,,,,,,,,,,,,,,,
codex-l,tg_rd__pos_auto_sqrt__ri_conf__dn_per_rule_degree__dl1_1e-5,rd,0.334178,59,P1995,4,rule_only,none,,,,,,,,,,,,,,,,,,,,,,,,,,,,,,,,,,,,,,,,,,,,,,,,,,,,,,,,,,,
codex-l,tg_rd__pos_auto_sqrt__ri_conf__dn_per_rule_degree__dl1_1e-5,rd,0.334178,60,P84,2,rule_only,none,,,,,,,,,,,,,,,,,,,,,,,,,,,,,,,,,,,,,,,,,,,,,,,,,,,,,,,,,,,
codex-l,tg_rd__pos_auto_sqrt__ri_conf__dn_per_rule_degree__dl1_1e-5,rd,0.334178,61,P169,1,rule_only,none,,,,,,,,,,,,,,,,,,,,,,,,,,,,,,,,,,,,,,,,,,,,,,,,,,,,,,,,,,,
codex-l,tg_rd__pos_auto_sqrt__ri_conf__dn_per_rule_degree__dl1_1e-5,rd,0.334178,62,P1056,0,rule_only,none,,,,,,,,,,,,,,,,,,,,,,,,,,,,,,,,,,,,,,,,,,,,,,,,,,,,,,,,,,,
codex-l,tg_rd__pos_auto_sqrt__ri_conf__dn_per_rule_degree__dl1_1e-5,rd,0.334178,63,P149,2,rule_only,none,,,,,,,,,,,,,,,,,,,,,,,,,,,,,,,,,,,,,,,,,,,,,,,,,,,,,,,,,,,
codex-l,tg_rd__pos_auto_sqrt__ri_conf__dn_per_rule_degree__dl1_1e-5,rd,0.334178,64,P194,0,rule_only,none,,,,,,,,,,,,,,,,,,,,,,,,,,,,,,,,,,,,,,,,,,,,,,,,,,,,,,,,,,,
YAGO3-10,structural_dep_scale,mixed,0.577961,0,isLocatedIn,411,dependency,none,,,,,,,,,,,,,,,,,,,,,,,,,,,,,,,,,,,,,,,,,,,,,,,,,,,,,,,,,,,
YAGO3-10,structural_dep_scale,mixed,0.577961,1,playsFor,1492,dependency,none,,,,,,,,,,,,,,,,,,,,,,,,,,,,,,,,,,,,,,,,,,,,,,,,,,,,,,,,,,,
YAGO3-10,structural_dep_scale,mixed,0.577961,2,isAffiliatedTo,1673,dependency,none,,,,,,,,,,,,,,,,,,,,,,,,,,,,,,,,,,,,,,,,,,,,,,,,,,,,,,,,,,,
YAGO3-10,structural_dep_scale,mixed,0.577961,3,diedIn,49,dependency,none,,,,,,,,,,,,,,,,,,,,,,,,,,,,,,,,,,,,,,,,,,,,,,,,,,,,,,,,,,,
YAGO3-10,structural_dep_scale,mixed,0.577961,4,actedIn,173,dependency,none,,,,,,,,,,,,,,,,,,,,,,,,,,,,,,,,,,,,,,,,,,,,,,,,,,,,,,,,,,,
YAGO3-10,structural_dep_scale,mixed,0.577961,5,graduatedFrom,42,dependency,none,,,,,,,,,,,,,,,,,,,,,,,,,,,,,,,,,,,,,,,,,,,,,,,,,,,,,,,,,,,
YAGO3-10,structural_dep_scale,mixed,0.577961,6,wasBornIn,210,dependency,none,,,,,,,,,,,,,,,,,,,,,,,,,,,,,,,,,,,,,,,,,,,,,,,,,,,,,,,,,,,
YAGO3-10,structural_dep_scale,mixed,0.577961,7,hasGender,297,rule_only,none,,,,,,,,,,,,,,,,,,,,,,,,,,,,,,,,,,,,,,,,,,,,,,,,,,,,,,,,,,,
YAGO3-10,structural_dep_scale,mixed,0.577961,8,happenedIn,21,rule_only,none,,,,,,,,,,,,,,,,,,,,,,,,,,,,,,,,,,,,,,,,,,,,,,,,,,,,,,,,,,,
YAGO3-10,structural_dep_scale,mixed,0.577961,9,hasMusicalRole,36,dependency,none,,,,,,,,,,,,,,,,,,,,,,,,,,,,,,,,,,,,,,,,,,,,,,,,,,,,,,,,,,,
YAGO3-10,structural_dep_scale,mixed,0.577961,10,isConnectedTo,150,rule_only,none,,,,,,,,,,,,,,,,,,,,,,,,,,,,,,,,,,,,,,,,,,,,,,,,,,,,,,,,,,,
YAGO3-10,structural_dep_scale,mixed,0.577961,11,isMarriedTo,17,rule_only,none,,,,,,,,,,,,,,,,,,,,,,,,,,,,,,,,,,,,,,,,,,,,,,,,,,,,,,,,,,,
YAGO3-10,structural_dep_scale,mixed,0.577961,12,participatedIn,19,dependency,none,,,,,,,,,,,,,,,,,,,,,,,,,,,,,,,,,,,,,,,,,,,,,,,,,,,,,,,,,,,
YAGO3-10,structural_dep_scale,mixed,0.577961,13,hasOfficialLanguage,2,rule_only,none,,,,,,,,,,,,,,,,,,,,,,,,,,,,,,,,,,,,,,,,,,,,,,,,,,,,,,,,,,,
YAGO3-10,structural_dep_scale,mixed,0.577961,14,hasWonPrize,111,dependency,none,,,,,,,,,,,,,,,,,,,,,,,,,,,,,,,,,,,,,,,,,,,,,,,,,,,,,,,,,,,
YAGO3-10,structural_dep_scale,mixed,0.577961,15,influences,47,dependency,none,,,,,,,,,,,,,,,,,,,,,,,,,,,,,,,,,,,,,,,,,,,,,,,,,,,,,,,,,,,
YAGO3-10,structural_dep_scale,mixed,0.577961,16,worksAt,15,rule_only,none,,,,,,,,,,,,,,,,,,,,,,,,,,,,,,,,,,,,,,,,,,,,,,,,,,,,,,,,,,,
YAGO3-10,structural_dep_scale,mixed,0.577961,17,created,49,rule_only,none,,,,,,,,,,,,,,,,,,,,,,,,,,,,,,,,,,,,,,,,,,,,,,,,,,,,,,,,,,,
YAGO3-10,structural_dep_scale,mixed,0.577961,18,edited,22,dependency,none,,,,,,,,,,,,,,,,,,,,,,,,,,,,,,,,,,,,,,,,,,,,,,,,,,,,,,,,,,,
YAGO3-10,structural_dep_scale,mixed,0.577961,19,directed,30,rule_only,none,,,,,,,,,,,,,,,,,,,,,,,,,,,,,,,,,,,,,,,,,,,,,,,,,,,,,,,,,,,
YAGO3-10,structural_dep_scale,mixed,0.577961,20,hasAcademicAdvisor,5,rule_only,none,,,,,,,,,,,,,,,,,,,,,,,,,,,,,,,,,,,,,,,,,,,,,,,,,,,,,,,,,,,
YAGO3-10,structural_dep_scale,mixed,0.577961,21,imports,0,rule_only,none,,,,,,,,,,,,,,,,,,,,,,,,,,,,,,,,,,,,,,,,,,,,,,,,,,,,,,,,,,,
YAGO3-10,structural_dep_scale,mixed,0.577961,22,isPoliticianOf,10,dependency,none,,,,,,,,,,,,,,,,,,,,,,,,,,,,,,,,,,,,,,,,,,,,,,,,,,,,,,,,,,,
YAGO3-10,structural_dep_scale,mixed,0.577961,23,wroteMusicFor,32,dependency,none,,,,,,,,,,,,,,,,,,,,,,,,,,,,,,,,,,,,,,,,,,,,,,,,,,,,,,,,,,,
YAGO3-10,structural_dep_scale,mixed,0.577961,24,isInterestedIn,2,rule_only,none,,,,,,,,,,,,,,,,,,,,,,,,,,,,,,,,,,,,,,,,,,,,,,,,,,,,,,,,,,,
YAGO3-10,structural_dep_scale,mixed,0.577961,25,isCitizenOf,15,rule_only,none,,,,,,,,,,,,,,,,,,,,,,,,,,,,,,,,,,,,,,,,,,,,,,,,,,,,,,,,,,,
YAGO3-10,structural_dep_scale,mixed,0.577961,26,hasChild,24,dependency,none,,,,,,,,,,,,,,,,,,,,,,,,,,,,,,,,,,,,,,,,,,,,,,,,,,,,,,,,,,,
YAGO3-10,structural_dep_scale,mixed,0.577961,27,isLeaderOf,4,rule_only,none,,,,,,,,,,,,,,,,,,,,,,,,,,,,,,,,,,,,,,,,,,,,,,,,,,,,,,,,,,,
YAGO3-10,structural_dep_scale,mixed,0.577961,28,dealsWith,7,dependency,none,,,,,,,,,,,,,,,,,,,,,,,,,,,,,,,,,,,,,,,,,,,,,,,,,,,,,,,,,,,
YAGO3-10,structural_dep_scale,mixed,0.577961,29,livesIn,11,rule_only,none,,,,,,,,,,,,,,,,,,,,,,,,,,,,,,,,,,,,,,,,,,,,,,,,,,,,,,,,,,,
YAGO3-10,structural_dep_scale,mixed,0.577961,30,hasCapital,13,dependency,none,,,,,,,,,,,,,,,,,,,,,,,,,,,,,,,,,,,,,,,,,,,,,,,,,,,,,,,,,,,
YAGO3-10,structural_dep_scale,mixed,0.577961,31,hasNeighbor,2,rule_only,none,,,,,,,,,,,,,,,,,,,,,,,,,,,,,,,,,,,,,,,,,,,,,,,,,,,,,,,,,,,
YAGO3-10,structural_dep_scale,mixed,0.577961,32,exports,3,rule_only,none,,,,,,,,,,,,,,,,,,,,,,,,,,,,,,,,,,,,,,,,,,,,,,,,,,,,,,,,,,,
YAGO3-10,structural_dep_scale,mixed,0.577961,33,owns,5,rule_only,none,,,,,,,,,,,,,,,,,,,,,,,,,,,,,,,,,,,,,,,,,,,,,,,,,,,,,,,,,,,
YAGO3-10,structural_dep_scale,mixed,0.577961,34,hasCurrency,0,rule_only,none,,,,,,,,,,,,,,,,,,,,,,,,,,,,,,,,,,,,,,,,,,,,,,,,,,,,,,,,,,,
YAGO3-10,structural_dep_scale,mixed,0.577961,35,hasWebsite,1,rule_only,none,,,,,,,,,,,,,,,,,,,,,,,,,,,,,,,,,,,,,,,,,,,,,,,,,,,,,,,,,,,
YAGO3-10,structural_dep_scale,mixed,0.577961,36,isKnownFor,0,rule_only,none,,,,,,,,,,,,,,,,,,,,,,,,,,,,,,,,,,,,,,,,,,,,,,,,,,,,,,,,,,,
hetionet,dep_scale_surprisal_init,mixed,0.378467,0,AdG,10464,dependency,none,,,,,,,,,,,,,,,,,,,,,,,,,,,,,,,,,,,,,,,,,,,,,,,,,,,,,,,,,,,
hetionet,dep_scale_surprisal_init,mixed,0.378467,1,AeG,53477,rule_only,none,,,,,,,,,,,,,,,,,,,,,,,,,,,,,,,,,,,,,,,,,,,,,,,,,,,,,,,,,,,
hetionet,dep_scale_surprisal_init,mixed,0.378467,2,AuG,10036,dependency,none,,,,,,,,,,,,,,,,,,,,,,,,,,,,,,,,,,,,,,,,,,,,,,,,,,,,,,,,,,,
hetionet,dep_scale_surprisal_init,mixed,0.378467,3,CbG,1068,dependency,none,,,,,,,,,,,,,,,,,,,,,,,,,,,,,,,,,,,,,,,,,,,,,,,,,,,,,,,,,,,
hetionet,dep_scale_surprisal_init,mixed,0.378467,4,CcSE,13524,rule_only,none,,,,,,,,,,,,,,,,,,,,,,,,,,,,,,,,,,,,,,,,,,,,,,,,,,,,,,,,,,,
hetionet,dep_scale_surprisal_init,mixed,0.378467,5,CrC,663,dependency,none,,,,,,,,,,,,,,,,,,,,,,,,,,,,,,,,,,,,,,,,,,,,,,,,,,,,,,,,,,,
hetionet,dep_scale_surprisal_init,mixed,0.378467,6,CtD,71,dependency,none,,,,,,,,,,,,,,,,,,,,,,,,,,,,,,,,,,,,,,,,,,,,,,,,,,,,,,,,,,,
hetionet,dep_scale_surprisal_init,mixed,0.378467,7,CuG,1920,dependency,none,,,,,,,,,,,,,,,,,,,,,,,,,,,,,,,,,,,,,,,,,,,,,,,,,,,,,,,,,,,
hetionet,dep_scale_surprisal_init,mixed,0.378467,8,CdG,2134,dependency,none,,,,,,,,,,,,,,,,,,,,,,,,,,,,,,,,,,,,,,,,,,,,,,,,,,,,,,,,,,,
hetionet,dep_scale_surprisal_init,mixed,0.378467,9,CpD,33,dependency,none,,,,,,,,,,,,,,,,,,,,,,,,,,,,,,,,,,,,,,,,,,,,,,,,,,,,,,,,,,,
hetionet,dep_scale_surprisal_init,mixed,0.378467,10,DaG,1302,dependency,none,,,,,,,,,,,,,,,,,,,,,,,,,,,,,,,,,,,,,,,,,,,,,,,,,,,,,,,,,,,
hetionet,dep_scale_surprisal_init,mixed,0.378467,11,DdG,777,rule_only,none,,,,,,,,,,,,,,,,,,,,,,,,,,,,,,,,,,,,,,,,,,,,,,,,,,,,,,,,,,,
hetionet,dep_scale_surprisal_init,mixed,0.378467,12,DlA,366,dependency,none,,,,,,,,,,,,,,,,,,,,,,,,,,,,,,,,,,,,,,,,,,,,,,,,,,,,,,,,,,,
hetionet,dep_scale_surprisal_init,mixed,0.378467,13,DpS,344,rule_only,none,,,,,,,,,,,,,,,,,,,,,,,,,,,,,,,,,,,,,,,,,,,,,,,,,,,,,,,,,,,
hetionet,dep_scale_surprisal_init,mixed,0.378467,14,DrD,62,rule_only,none,,,,,,,,,,,,,,,,,,,,,,,,,,,,,,,,,,,,,,,,,,,,,,,,,,,,,,,,,,,
hetionet,dep_scale_surprisal_init,mixed,0.378467,15,DuG,764,dependency,none,,,,,,,,,,,,,,,,,,,,,,,,,,,,,,,,,,,,,,,,,,,,,,,,,,,,,,,,,,,
hetionet,dep_scale_surprisal_init,mixed,0.378467,16,GiG,14560,rule_only,none,,,,,,,,,,,,,,,,,,,,,,,,,,,,,,,,,,,,,,,,,,,,,,,,,,,,,,,,,,,
hetionet,dep_scale_surprisal_init,mixed,0.378467,17,GpCC,7150,dependency,none,,,,,,,,,,,,,,,,,,,,,,,,,,,,,,,,,,,,,,,,,,,,,,,,,,,,,,,,,,,
hetionet,dep_scale_surprisal_init,mixed,0.378467,18,GcG,5251,dependency,none,,,,,,,,,,,,,,,,,,,,,,,,,,,,,,,,,,,,,,,,,,,,,,,,,,,,,,,,,,,
hetionet,dep_scale_surprisal_init,mixed,0.378467,19,GpBP,55675,dependency,none,,,,,,,,,,,,,,,,,,,,,,,,,,,,,,,,,,,,,,,,,,,,,,,,,,,,,,,,,,,
hetionet,dep_scale_surprisal_init,mixed,0.378467,20,GpMF,9629,dependency,none,,,,,,,,,,,,,,,,,,,,,,,,,,,,,,,,,,,,,,,,,,,,,,,,,,,,,,,,,,,
hetionet,dep_scale_surprisal_init,mixed,0.378467,21,GpPW,8361,dependency,none,,,,,,,,,,,,,,,,,,,,,,,,,,,,,,,,,,,,,,,,,,,,,,,,,,,,,,,,,,,
hetionet,dep_scale_surprisal_init,mixed,0.378467,22,Gr>G,27325,rule_only,none,,,,,,,,,,,,,,,,,,,,,,,,,,,,,,,,,,,,,,,,,,,,,,,,,,,,,,,,,,,
hetionet,dep_scale_surprisal_init,mixed,0.378467,23,PCiC,64,dependency,none,,,,,,,,,,,,,,,,,,,,,,,,,,,,,,,,,,,,,,,,,,,,,,,,,,,,,,,,,,,
