dataset,selector,coverage,n,mrr_stage1,mrr_stage2,gain_pt
FB15k-237,balanced4_global_rf,0.02,816,0.2109731820650729,0.234097275828873,0.1096067923773727
FB15k-237,balanced4_global_rf,0.04,1633,0.2117208059225732,0.2351525197015438,0.1106727025568738
FB15k-237,balanced4_global_rf,0.06,2449,0.2115907740472586,0.2324109475690763,0.0983983050091188
FB15k-237,balanced4_global_rf,0.08,3266,0.2236040670816964,0.2440079432725119,0.0912500226722652
FB15k-237,balanced4_global_rf,0.1,4082,0.235639530517385,0.2543226416526301,0.0792868288874248
FB15k-237,balanced4_global_rf,0.12,4898,0.2450140824995195,0.2631464526322294,0.0740054202098585
FB15k-237,balanced4_global_rf,0.14,5715,0.2520222609007266,0.2692726269116497,0.0684477869108479
FB15k-237,balanced4_global_rf,0.16,6531,0.2618953602474578,0.2785321821330261,0.0635246911967004
FB15k-237,balanced4_global_rf,0.18,7347,0.2659311133315343,0.2814279259997477,0.0582737855457089
FB15k-237,balanced4_global_rf,0.2,8164,0.2685280040019756,0.2839330050222848,0.0573683220771117
FB15k-237,balanced4_global_rf,0.22,8980,0.2757937342638945,0.2901457888104218,0.0520390885051598
FB15k-237,balanced4_global_rf,0.24,9797,0.2761986794505989,0.2895553356600944,0.0483588706363982
FB15k-237,balanced4_global_rf,0.26,10613,0.2805447620128832,0.2936157236876977,0.0465913588299831
FB15k-237,balanced4_global_rf,0.28,11429,0.2844818890970116,0.2965285294804584,0.0423458956269047
FB15k-237,balanced4_global_rf,0.3,12246,0.2899250758746129,0.3011904445690038,0.0388561377811382
FB15k-237,balanced4_global_rf,0.32,13062,0.2918931773392576,0.3026944481227718,0.0370041906493767
FB15k-237,balanced4_global_rf,0.34,13878,0.2969906225852082,0.3070198048815221,0.0337693567864636
FB15k-237,balanced4_global_rf,0.36,14695,0.3019804672118719,0.3114561641317045,0.0313785093695626
FB15k-237,balanced4_global_rf,0.38,15511,0.308857449226521,0.3177890565516065,0.0289182188982433
FB15k-237,balanced4_global_rf,0.4,16328,0.3128759429366952,0.3213594521552119,0.0271146101515165
FB15k-237,balanced4_global_rf,0.42,17144,0.317150947940051,0.3252769486123669,0.0256218709894946
FB15k-237,balanced4_global_rf,0.44,17960,0.3219095468203909,0.3297576349855749,0.0243797931521514
FB15k-237,balanced4_global_rf,0.46,18777,0.3284176480224884,0.335611877154442,0.021905732457657
FB15k-237,balanced4_global_rf,0.48,19593,0.3358737810128644,0.3427441694896037,0.0204552688096728
FB15k-237,balanced4_global_rf,0.5,20410,0.3387825915438038,0.3453063243769189,0.0192563992246088
FB15k-237,balanced4_global_rf,0.52,21226,0.3372148988760399,0.34354059536296,0.0187586506646182
FB15k-237,balanced4_global_rf,0.54,22042,0.3346119890674107,0.3407695615322383,0.0184021274371823
FB15k-237,balanced4_global_rf,0.56,22859,0.3329870074177615,0.3389326383104631,0.0178554440871692
FB15k-237,balanced4_global_rf,0.58,23675,0.328005687609526,0.3338228377977887,0.0177349064604872
FB15k-237,balanced4_global_rf,0.6,24491,0.3262008737915221,0.3318535760040273,0.0173288996648055
FB15k-237,balanced4_global_rf,0.62,25308,0.3234248977573849,0.3289109041378123,0.0169622265276023
FB15k-237,balanced4_global_rf,0.64,26124,0.3224210653729852,0.3277137931185826,0.016415576753568
FB15k-237,balanced4_global_rf,0.66,26941,0.3256668626104615,0.3307412786215878,0.0155816160430048
FB15k-237,balanced4_global_rf,0.68,27757,0.3294263968005441,0.3343142666656535,0.0148375173106387
FB15k-237,balanced4_global_rf,0.7,28573,0.3308049946501931,0.3355447245050275,0.0143278666630968
FB15k-237,balanced4_global_rf,0.72,29390,0.3311011945510962,0.3357173074418568,0.0139416980872542
FB15k-237,balanced4_global_rf,0.74,30206,0.3303499852205621,0.334852959852899,0.0136309212465393
FB15k-237,balanced4_global_rf,0.76,31022,0.329160168508902,0.3335485718575833,0.0133321214670683
FB15k-237,balanced4_global_rf,0.78,31839,0.3291122466831169,0.3333897611929419,0.0129971295597017
FB15k-237,balanced4_global_rf,0.8,32655,0.3296594256470858,0.3338704715936353,0.0127739285424153
FB15k-237,balanced4_global_rf,0.82,33472,0.3304272443526119,0.3345311715268662,0.0124200629469732
FB15k-237,balanced4_global_rf,0.84,34288,0.3321639023671419,0.336153308100897,0.0120103530375361
FB15k-237,balanced4_global_rf,0.86,35104,0.3410784715515752,0.3449627042072543,0.0113880909516499
FB15k-237,balanced4_global_rf,0.88,35921,0.3479094477503165,0.3516578257812038,0.0107740047162425
FB15k-237,balanced4_global_rf,0.9,36737,0.3523682547681313,0.3560164945911672,0.0103534860864142
FB15k-237,balanced4_global_rf,0.92,37553,0.3549184075677924,0.3584865483912072,0.0100534115653985
FB15k-237,balanced4_global_rf,0.94,38370,0.3534549530435532,0.3569367467260782,0.0098507423719591
FB15k-237,balanced4_global_rf,0.96,39186,0.3528590200290913,0.3562235164472819,0.0095349593668123
FB15k-237,balanced4_global_rf,0.98,40003,0.3498339470059823,0.3531311346635704,0.009425007738119
FB15k-237,balanced4_global_rf,1.0,40819,0.352811985517237,0.3560530550713821,0.0091863930002082
KG20C,balanced4_global_rf,0.02,149,0.2376774509082504,0.2761274636409442,0.1617739191739162
KG20C,balanced4_global_rf,0.04,298,0.2077617087928475,0.2488938258436621,0.1979773717197626
KG20C,balanced4_global_rf,0.06,447,0.2095866885790253,0.2359128330862227,0.1256098117952326
KG20C,balanced4_global_rf,0.08,596,0.1928290079760474,0.2137152728489177,0.1083149526728088
KG20C,balanced4_global_rf,0.1,745,0.1843522167498254,0.2031432625956738,0.1019301323148651
KG20C,balanced4_global_rf,0.12,894,0.1776939418736013,0.1952781672630124,0.0989579340972646
KG20C,balanced4_global_rf,0.14,1043,0.1731918053302436,0.190994734915207,0.102793140535816
KG20C,balanced4_global_rf,0.16,1192,0.1723107125052585,0.1901318113517749,0.1034242072788858
KG20C,balanced4_global_rf,0.18,1341,0.1632738456207116,0.1806598760509703,0.1064838668077112
KG20C,balanced4_global_rf,0.2,1490,0.1618885347403478,0.1779963762401729,0.0994995817687787
KG20C,balanced4_global_rf,0.22,1639,0.1602947086890432,0.1759916903867516,0.0979257632774333
KG20C,balanced4_global_rf,0.24,1788,0.1569348715329063,0.1719623447900312,0.0957561127768469
KG20C,balanced4_global_rf,0.26,1936,0.1567625004950973,0.1722449046729764,0.0987634423346246
KG20C,balanced4_global_rf,0.28,2085,0.1555303621254553,0.17103321815121,0.0996773608309975
KG20C,balanced4_global_rf,0.3,2234,0.156635205695863,0.1712602094267003,0.0933698376802625
KG20C,balanced4_global_rf,0.32,2383,0.1561002218380122,0.1701681586902844,0.0901211842406648
KG20C,balanced4_global_rf,0.34,2532,0.1549065213996562,0.1682144429701139,0.0859093694068793
KG20C,balanced4_global_rf,0.36,2681,0.1531456122460297,0.1664549275832474,0.0869062792072432
KG20C,balanced4_global_rf,0.38,2830,0.1524596763413579,0.1653057436663595,0.0842587865412962
KG20C,balanced4_global_rf,0.4,2979,0.1506858081898674,0.1630541639763208,0.0820804290399332
KG20C,balanced4_global_rf,0.42,3128,0.1519176532914259,0.1641676211148336,0.0806355782754775
KG20C,balanced4_global_rf,0.44,3277,0.1519575822491848,0.1642196449158367,0.0806939837101656
KG20C,balanced4_global_rf,0.46,3426,0.154097454133277,0.1659410408739419,0.0768577703459103
KG20C,balanced4_global_rf,0.48,3575,0.1570280867934159,0.1685225618090371,0.0732001213944815
KG20C,balanced4_global_rf,0.5,3724,0.157347407300041,0.1685374369878041,0.0711167084337469
KG20C,balanced4_global_rf,0.52,3873,0.1595142335725708,0.1706703260063888,0.0699379120217664
KG20C,balanced4_global_rf,0.54,4022,0.1590831489240864,0.1702622921343217,0.070272327935688
KG20C,balanced4_global_rf,0.56,4171,0.1592169954066454,0.1706010326543773,0.0715001386545244
KG20C,balanced4_global_rf,0.58,4320,0.1598986183709594,0.1715324432514909,0.0727575072196144
KG20C,balanced4_global_rf,0.6,4469,0.1602455114127025,0.1714454396174076,0.0698923052881048
KG20C,balanced4_global_rf,0.62,4618,0.1617811531964126,0.1727232043591757,0.0676348940934965
KG20C,balanced4_global_rf,0.64,4767,0.1612225865476077,0.1716574655427034,0.0647234312421505
KG20C,balanced4_global_rf,0.66,4916,0.160263693682992,0.1704574872403704,0.0636063809782279
KG20C,balanced4_global_rf,0.68,5065,0.1597110072849594,0.1698014688369549,0.0631794997948509
KG20C,balanced4_global_rf,0.7,5214,0.1599282668991541,0.1696638845459697,0.060874902452076
KG20C,balanced4_global_rf,0.72,5363,0.1608456485747135,0.1706945825405881,0.0612322064858328
KG20C,balanced4_global_rf,0.74,5512,0.1601096522170573,0.1696671819258296,0.0596936510474419
KG20C,balanced4_global_rf,0.76,5660,0.1602907557261377,0.1696658410601418,0.058487997586222
KG20C,balanced4_global_rf,0.78,5809,0.1622051920842115,0.1709889589956789,0.0541521932720079
KG20C,balanced4_global_rf,0.8,5958,0.1607781140505963,0.1693640986026615,0.0534026947807289
KG20C,balanced4_global_rf,0.82,6107,0.16149477147153,0.1703764890910676,0.054996936053149
KG20C,balanced4_global_rf,0.84,6256,0.1681342457910237,0.1767679922801899,0.0513503150327696
KG20C,balanced4_global_rf,0.86,6405,0.1755368004241971,0.1839704815276429,0.048045088454758
KG20C,balanced4_global_rf,0.88,6554,0.183370079476161,0.1915441234571884,0.0445767597657065
KG20C,balanced4_global_rf,0.9,6703,0.1876713191247007,0.19583161775038,0.0434818632049844
KG20C,balanced4_global_rf,0.92,6852,0.191697118269185,0.1998208368659288,0.0423778858549994
KG20C,balanced4_global_rf,0.94,7001,0.1972709613206134,0.2053391112205747,0.0408988218334298
KG20C,balanced4_global_rf,0.96,7150,0.2068967643010428,0.2148197791458951,0.0382945324042087
KG20C,balanced4_global_rf,0.98,7299,0.2175364175419788,0.225297693900479,0.0356780554088258
KG20C,balanced4_global_rf,1.0,7448,0.2263807403572204,0.2339867495060782,0.0335983049479202
WN18RR,balanced4_global_rf,0.02,121,0.5826948827247606,0.6104495672320989,0.0476315913013576
WN18RR,balanced4_global_rf,0.04,242,0.5376315247803775,0.5597553138740702,0.0411504684416157
WN18RR,balanced4_global_rf,0.06,363,0.4525102695052797,0.4673604294904396,0.0328172883267274
WN18RR,balanced4_global_rf,0.08,484,0.4080500926843821,0.4207953017406601,0.0312344226475551
WN18RR,balanced4_global_rf,0.1,606,0.3900200908349726,0.4028787091604874,0.0329691178164348
WN18RR,balanced4_global_rf,0.12,727,0.4118488778963056,0.4216440855665498,0.0237834997154233
WN18RR,balanced4_global_rf,0.14,848,0.4666102159066118,0.4753212208366428,0.0186686974118337
WN18RR,balanced4_global_rf,0.16,969,0.4576122744457416,0.4653228112681582,0.0168494973867463
WN18RR,balanced4_global_rf,0.18,1090,0.4209005634438821,0.4279569526827753,0.0167649793128255
WN18RR,balanced4_global_rf,0.2,1211,0.3896501122191531,0.3962837763289361,0.0170246688035136
WN18RR,balanced4_global_rf,0.22,1332,0.3653743401348347,0.3714725259519762,0.0166902410686287
WN18RR,balanced4_global_rf,0.24,1453,0.3465491160331339,0.3521790829625355,0.0162457979805183
WN18RR,balanced4_global_rf,0.26,1574,0.3311406909974853,0.3363792169967,0.0158196384244861
WN18RR,balanced4_global_rf,0.28,1695,0.313231295382113,0.3181284245954912,0.0156342271209017
WN18RR,balanced4_global_rf,0.3,1816,0.3003253151373933,0.3050902224916742,0.0158658198763599
WN18RR,balanced4_global_rf,0.32,1938,0.2908467168064892,0.295311137615577,0.0153497376835034
WN18RR,balanced4_global_rf,0.34,2059,0.2816680606310802,0.2859542993646839,0.015217340311856
WN18RR,balanced4_global_rf,0.36,2180,0.2745976268554909,0.278708068159369,0.0149689614981312
WN18RR,balanced4_global_rf,0.38,2301,0.2678054486224163,0.2717637355739605,0.0147804571262668
WN18RR,balanced4_global_rf,0.4,2422,0.2600305319889657,0.2638709152402526,0.014768970481704
WN18RR,balanced4_global_rf,0.42,2543,0.2526091805330991,0.2562987636962741,0.0146058949852438
WN18RR,balanced4_global_rf,0.44,2664,0.2485974866063826,0.2521703589660826,0.0143721177895783
WN18RR,balanced4_global_rf,0.46,2785,0.2427577544311467,0.2462638097555469,0.0144426089811875
WN18RR,balanced4_global_rf,0.48,2906,0.2439994823705522,0.2474203754603438,0.0140200833893426
WN18RR,balanced4_global_rf,0.5,3028,0.2444156206076787,0.2476435487200408,0.0132067177389754
WN18RR,balanced4_global_rf,0.52,3149,0.2429639923976625,0.2461304549571701,0.0130326412908337
WN18RR,balanced4_global_rf,0.54,3270,0.2451255663075721,0.2480675567877297,0.0120019732110117
WN18RR,balanced4_global_rf,0.56,3391,0.257460231196096,0.2603714884235318,0.0113075996782527
WN18RR,balanced4_global_rf,0.58,3512,0.2805553096115289,0.2833677153207773,0.0100244251771339
WN18RR,balanced4_global_rf,0.6,3633,0.2979137804943806,0.3006609206283139,0.0092212590145188
WN18RR,balanced4_global_rf,0.62,3754,0.3121603336387263,0.3148572894370723,0.0086396492690428
WN18RR,balanced4_global_rf,0.64,3875,0.3294071213426132,0.332013245940351,0.0079115611924711
WN18RR,balanced4_global_rf,0.66,3996,0.3483817178515813,0.3509477102702838,0.007365462328295
WN18RR,balanced4_global_rf,0.68,4117,0.3654520539148163,0.3679943794058162,0.0069566594680914
WN18RR,balanced4_global_rf,0.7,4238,0.3758214286730817,0.3782680099035393,0.0065099567076196
WN18RR,balanced4_global_rf,0.72,4360,0.3901569355344181,0.3925969783243498,0.0062540033706934
WN18RR,balanced4_global_rf,0.74,4481,0.3990884324185595,0.4015374041372183,0.0061364136861035
WN18RR,balanced4_global_rf,0.76,4602,0.411643327307821,0.4140465997886792,0.0058382398582184
WN18RR,balanced4_global_rf,0.78,4723,0.4227730166425934,0.425121587032213,0.0055551567795657
WN18RR,balanced4_global_rf,0.8,4844,0.4351417723445999,0.4374730819405146,0.0053575862950443
WN18RR,balanced4_global_rf,0.82,4965,0.4444105577409426,0.4467355007786425,0.005231520712555
WN18RR,balanced4_global_rf,0.84,5086,0.4524333183560665,0.4548211757039338,0.0052778105656403
WN18RR,balanced4_global_rf,0.86,5207,0.4622611138474405,0.4646102967286452,0.0050819392132126
WN18RR,balanced4_global_rf,0.88,5328,0.4723491250188609,0.4745665274448127,0.0046944141705846
WN18RR,balanced4_global_rf,0.9,5450,0.4798185727762695,0.4820571022076202,0.0046653663662881
WN18RR,balanced4_global_rf,0.92,5571,0.4895663927005567,0.4916596385696719,0.004275713979402
WN18RR,balanced4_global_rf,0.94,5692,0.4983575857632399,0.5004130968166848,0.0041245706138832
WN18RR,balanced4_global_rf,0.96,5813,0.5051702734599367,0.5072382554787589,0.0040936336270511
WN18RR,balanced4_global_rf,0.98,5934,0.509696423210459,0.5118409601846944,0.0042074789552717
WN18RR,balanced4_global_rf,1.0,6055,0.5112021246888967,0.5133269561687425,0.004156538827257
YAGO3-10,balanced4_global_rf,0.02,200,0.4696609011175001,0.5879835966860689,0.2519321818934354
YAGO3-10,balanced4_global_rf,0.04,399,0.5298214752186995,0.6246032728016477,0.1788938388045222
YAGO3-10,balanced4_global_rf,0.06,598,0.5333540936451706,0.6088971929560526,0.1416377978738066
YAGO3-10,balanced4_global_rf,0.08,798,0.5321933763201938,0.6090483646653364,0.1444117716694446
YAGO3-10,balanced4_global_rf,0.1,998,0.5388430310330374,0.604107613158498,0.1211198407824618
YAGO3-10,balanced4_global_rf,0.12,1197,0.5315155253470236,0.595086986551348,0.1196041473347724
YAGO3-10,balanced4_global_rf,0.14,1397,0.5350127063721206,0.5917231214006325,0.1059982582713985
YAGO3-10,balanced4_global_rf,0.16,1596,0.5373028318012054,0.5917825978655121,0.1013948984442789
YAGO3-10,balanced4_global_rf,0.18,1796,0.5313545565815212,0.5853302566071494,0.1015813252320292
YAGO3-10,balanced4_global_rf,0.2,1995,0.5333174512263515,0.5837784568590414,0.0946172031623113
YAGO3-10,balanced4_global_rf,0.22,2194,0.5315235571419272,0.5810980576058806,0.093268679812654
YAGO3-10,balanced4_global_rf,0.24,2394,0.5363783697607725,0.5850110058329435,0.0906685258278805
YAGO3-10,balanced4_global_rf,0.26,2594,0.5386999107587567,0.584668098611472,0.0853317161088245
YAGO3-10,balanced4_global_rf,0.28,2793,0.5385415250651133,0.5846911521947786,0.0856937208771142
YAGO3-10,balanced4_global_rf,0.3,2992,0.5381515571878219,0.5828165221735785,0.0829970003601938
YAGO3-10,balanced4_global_rf,0.32,3192,0.5374880646047979,0.5806539750369816,0.0803104538961669
YAGO3-10,balanced4_global_rf,0.34,3392,0.5319244131579373,0.5747749687322657,0.0805576027615138
YAGO3-10,balanced4_global_rf,0.36,3591,0.5297753002902879,0.5710378626967606,0.0778869124020373
YAGO3-10,balanced4_global_rf,0.38,3790,0.5332951357080304,0.5730629349793335,0.0745699643753645
YAGO3-10,balanced4_global_rf,0.4,3990,0.5363804304546497,0.5741620991779923,0.0704381938232123
YAGO3-10,balanced4_global_rf,0.42,4190,0.5405293043639936,0.5772137904701732,0.0678677100575404
YAGO3-10,balanced4_global_rf,0.44,4389,0.5468597023683033,0.582786143317713,0.0656959011494573
YAGO3-10,balanced4_global_rf,0.46,4588,0.5515139684656613,0.5862531849071899,0.0629888242689027
YAGO3-10,balanced4_global_rf,0.48,4788,0.5570253063130473,0.5904023139613784,0.0599200920856786
YAGO3-10,balanced4_global_rf,0.5,4988,0.561482803383521,0.5947104900504848,0.0591784583013625
YAGO3-10,balanced4_global_rf,0.52,5187,0.5671052487078831,0.5994047008446216,0.0569549518547587
YAGO3-10,balanced4_global_rf,0.54,5386,0.5749996875963327,0.6061479406627868,0.0541709043298144
YAGO3-10,balanced4_global_rf,0.56,5586,0.5789090971912554,0.6093906530439747,0.0526534407571228
YAGO3-10,balanced4_global_rf,0.58,5786,0.5844253417245024,0.6136107179177344,0.0499385877195412
YAGO3-10,balanced4_global_rf,0.6,5985,0.5919236076853581,0.6202098049107816,0.0477869050299126
YAGO3-10,balanced4_global_rf,0.62,6184,0.5974682266000756,0.6248377100804754,0.0458091029143881
YAGO3-10,balanced4_global_rf,0.64,6384,0.6012544249399471,0.6279238912624605,0.0443563743005752
YAGO3-10,balanced4_global_rf,0.66,6584,0.6057454298105878,0.6318246515938554,0.0430531053142611
YAGO3-10,balanced4_global_rf,0.68,6783,0.6099816885595312,0.6354063186509591,0.0416809726722584
YAGO3-10,balanced4_global_rf,0.7,6982,0.6112960368692298,0.6362275303873919,0.0407846477229745
YAGO3-10,balanced4_global_rf,0.72,7182,0.6115822501590844,0.6356828186489044,0.0394069129435181
YAGO3-10,balanced4_global_rf,0.74,7382,0.6118502581162707,0.6356596461279913,0.0389137500489475
YAGO3-10,balanced4_global_rf,0.76,7581,0.6141843015572453,0.6373859590931403,0.0377763766951839
YAGO3-10,balanced4_global_rf,0.78,7780,0.6164499826697458,0.6391892791524457,0.036887496345153
YAGO3-10,balanced4_global_rf,0.8,7980,0.6166918136379999,0.639108248680403,0.036349493453081
YAGO3-10,balanced4_global_rf,0.82,8179,0.612314707938501,0.6343207249523565,0.0359390632440363
YAGO3-10,balanced4_global_rf,0.84,8379,0.6015763119316383,0.6231309635445249,0.0358302865079169
YAGO3-10,balanced4_global_rf,0.86,8578,0.5908413440800198,0.6120858694386504,0.0359563960299864
YAGO3-10,balanced4_global_rf,0.88,8778,0.5814499798862245,0.6022884563322815,0.03583881187877
YAGO3-10,balanced4_global_rf,0.9,8978,0.5730239681971674,0.593415143601073,0.0355852050448426
YAGO3-10,balanced4_global_rf,0.92,9177,0.5644582064337512,0.5845507191920586,0.0355961035366141
YAGO3-10,balanced4_global_rf,0.94,9376,0.5601295519438471,0.5798519325522951,0.0352103911318451
YAGO3-10,balanced4_global_rf,0.96,9576,0.555474913905521,0.5748018875054445,0.0347936029442561
YAGO3-10,balanced4_global_rf,0.98,9776,0.5531213935346174,0.5720528171937179,0.0342265258230618
YAGO3-10,balanced4_global_rf,1.0,9975,0.5616723217905851,0.5802260659200454,0.0330330397451521
codex-l,balanced4_global_rf,0.02,1223,0.3567626697674699,0.3921835994588482,0.099284293713983
codex-l,balanced4_global_rf,0.04,2445,0.3261465931471723,0.3579036820017405,0.0973705981354153
codex-l,balanced4_global_rf,0.06,3668,0.3401542944279189,0.3677530530379859,0.0811359993454836
codex-l,balanced4_global_rf,0.08,4890,0.3424757755545774,0.3692137876848671,0.0780727106522858
codex-l,balanced4_global_rf,0.1,6113,0.3425484368284553,0.3663949327356098,0.0696149605233686
codex-l,balanced4_global_rf,0.12,7335,0.3488852602514732,0.3698074390106748,0.0599686519978546
codex-l,balanced4_global_rf,0.14,8558,0.3510100987218155,0.3694481761469353,0.0525286237981788
codex-l,balanced4_global_rf,0.16,9781,0.348088405557942,0.3648977660404449,0.0482904923407592
codex-l,balanced4_global_rf,0.18,11003,0.3505433017741217,0.3662796677954272,0.0448913613287227
codex-l,balanced4_global_rf,0.2,12226,0.3523883623743879,0.3673302573893719,0.0424017834025667
codex-l,balanced4_global_rf,0.22,13448,0.351450393785432,0.3652027780569024,0.0391303709275867
codex-l,balanced4_global_rf,0.24,14671,0.3497417583535589,0.3624924826867832,0.0364575405386233
codex-l,balanced4_global_rf,0.26,15894,0.3483008572528719,0.3603521500675246,0.034600238741024
codex-l,balanced4_global_rf,0.28,17116,0.3459102757826322,0.3572971522932884,0.0329185841180725
codex-l,balanced4_global_rf,0.3,18339,0.3419406104030348,0.3527547141992499,0.0316256784576387
codex-l,balanced4_global_rf,0.32,19561,0.3351352152008772,0.3452807031846771,0.0302728198160815
codex-l,balanced4_global_rf,0.34,20784,0.3331377592862826,0.3433767818485307,0.0307351006508065
codex-l,balanced4_global_rf,0.36,22006,0.3311246823575374,0.3411579720045702,0.0303006395524427
codex-l,balanced4_global_rf,0.38,23229,0.3303600244946429,0.3402966972601764,0.0300783146530327
codex-l,balanced4_global_rf,0.4,24452,0.3332058801795807,0.3431044433999998,0.0297070484322914
codex-l,balanced4_global_rf,0.42,25674,0.3329620111473314,0.3424433358209332,0.0284756949927433
codex-l,balanced4_global_rf,0.44,26897,0.3373013939941743,0.3464438870372031,0.0271048184377993
codex-l,balanced4_global_rf,0.46,28119,0.3378624270819746,0.3467547530767412,0.0263193693112524
codex-l,balanced4_global_rf,0.48,29342,0.3430847944922611,0.3517906569560911,0.0253752500944088
codex-l,balanced4_global_rf,0.5,30564,0.3487214724949634,0.3570828357651974,0.0239771965012989
codex-l,balanced4_global_rf,0.52,31787,0.3549852828357399,0.3630154598696173,0.0226211547975447
codex-l,balanced4_global_rf,0.54,33010,0.361023773337786,0.3688359763386032,0.0216390265067332
codex-l,balanced4_global_rf,0.56,34232,0.3564834978763561,0.3641150688385132,0.021407922127167
codex-l,balanced4_global_rf,0.58,35455,0.353621770996917,0.3611327251225343,0.0212400783595498
codex-l,balanced4_global_rf,0.6,36677,0.3500217535466969,0.3572536872076615,0.0206613834359861
codex-l,balanced4_global_rf,0.62,37900,0.3471144668439729,0.3541373683416319,0.0202322350938366
codex-l,balanced4_global_rf,0.64,39123,0.344542187461209,0.3514940129304763,0.0201769934779028
codex-l,balanced4_global_rf,0.66,40345,0.3427721821877685,0.3496781785299575,0.0201474819167382
codex-l,balanced4_global_rf,0.68,41568,0.3394397754948881,0.3462114830545746,0.0199496583740481
codex-l,balanced4_global_rf,0.7,42790,0.3373041922100573,0.3439260570609111,0.0196317300637938
codex-l,balanced4_global_rf,0.72,44013,0.3356695451152509,0.3421427595819736,0.0192844854736529
codex-l,balanced4_global_rf,0.74,45235,0.3331825123504853,0.3395516464741902,0.0191160516762205
codex-l,balanced4_global_rf,0.76,46458,0.3311894413455571,0.3374177129340823,0.0188057673675252
codex-l,balanced4_global_rf,0.78,47681,0.3293713693995579,0.3355512056572204,0.018762518032239
codex-l,balanced4_global_rf,0.8,48903,0.3271146559207135,0.3331375466824798,0.0184121703285169
codex-l,balanced4_global_rf,0.82,50126,0.3286951936686105,0.3346583373940058,0.0181418646827167
codex-l,balanced4_global_rf,0.84,51348,0.3325673577119576,0.3384230559707148,0.0176075556514148
codex-l,balanced4_global_rf,0.86,52571,0.3328677179731907,0.3385480767040196,0.017064913249672
codex-l,balanced4_global_rf,0.88,53794,0.3338091067771028,0.3394116651164484,0.0167837192742816
codex-l,balanced4_global_rf,0.9,55016,0.3378214014424204,0.343355189348154,0.0163808091556827
codex-l,balanced4_global_rf,0.92,56239,0.3407378912167327,0.3462444369291274,0.0161606497379303
codex-l,balanced4_global_rf,0.94,57461,0.3396373742635292,0.3450866502226322,0.0160443943217944
codex-l,balanced4_global_rf,0.96,58684,0.3382427419966832,0.3436486600995412,0.0159823624623733
codex-l,balanced4_global_rf,0.98,59906,0.334922066660426,0.3402108630243688,0.0157911254300988
codex-l,balanced4_global_rf,1.0,61129,0.3299017687130151,0.334842792661744,0.0149772581335478
codex-m,balanced4_global_rf,0.02,412,0.1573313182158743,0.1987439954297308,0.2632195400348336
codex-m,balanced4_global_rf,0.04,824,0.2146005213384804,0.2391133912046081,0.1142255839512362
codex-m,balanced4_global_rf,0.06,1236,0.2264099785812931,0.2436419198358226,0.0761094602035941
codex-m,balanced4_global_rf,0.08,1648,0.2203230753170599,0.2333946211180604,0.0593289912197787
codex-m,balanced4_global_rf,0.1,2059,0.2363084784123128,0.247971763451072,0.0493561852588673
codex-m,balanced4_global_rf,0.12,2471,0.2425787907101274,0.2521678556940347,0.039529692418023
codex-m,balanced4_global_rf,0.14,2883,0.2545148249795359,0.2636647560416044,0.0359504836812716
codex-m,balanced4_global_rf,0.16,3295,0.2649650735550154,0.2733918982347615,0.0318035300527879
codex-m,balanced4_global_rf,0.18,3707,0.276447199384483,0.284369976891041,0.0286592793278364
codex-m,balanced4_global_rf,0.2,4119,0.2894248346425314,0.2967688530613551,0.0253745274758274
codex-m,balanced4_global_rf,0.22,4531,0.2994446414535928,0.3056722152233946,0.0207970786839641
codex-m,balanced4_global_rf,0.24,4943,0.3160184422848736,0.3217478105220641,0.0181298540546117
codex-m,balanced4_global_rf,0.26,5354,0.3293909807218073,0.3353434696844595,0.0180711959678077
codex-m,balanced4_global_rf,0.28,5766,0.3409370713075765,0.3470032643371091,0.0177927058687612
codex-m,balanced4_global_rf,0.3,6178,0.3444931115381991,0.3501515691887573,0.0164254594969766
codex-m,balanced4_global_rf,0.32,6590,0.3497575576013824,0.3553730513152793,0.0160553892027597
codex-m,balanced4_global_rf,0.34,7002,0.3573466919707369,0.3627132424715324,0.0150177701973381
codex-m,balanced4_global_rf,0.36,7414,0.368629157393157,0.3736319677406878,0.0135713907790402
codex-m,balanced4_global_rf,0.38,7826,0.3777279859745402,0.3827082298928804,0.0131847363797819
codex-m,balanced4_global_rf,0.4,8238,0.3770486073775681,0.3819420372929792,0.0129782468882346
codex-m,balanced4_global_rf,0.42,8649,0.3737777272643166,0.3786161144044744,0.0129445571183977
codex-m,balanced4_global_rf,0.44,9061,0.3700026566316993,0.3749198439103734,0.0132895999273019
codex-m,balanced4_global_rf,0.46,9473,0.3667205681691115,0.3715717477152013,0.0132285450208309
codex-m,balanced4_global_rf,0.48,9885,0.363081216877492,0.3678311095320635,0.0130821767521347
codex-m,balanced4_global_rf,0.5,10297,0.3587493495750026,0.363328768160869,0.0127649529993336
codex-m,balanced4_global_rf,0.52,10709,0.3537652306184803,0.3582793382678507,0.012760178951104
codex-m,balanced4_global_rf,0.54,11121,0.350294789408113,0.3546814524140883,0.0125227754982808
codex-m,balanced4_global_rf,0.56,11533,0.3459700907789823,0.3501919328060464,0.0122029104237255
codex-m,balanced4_global_rf,0.58,11945,0.3419226508444871,0.3460804125740954,0.0121599482202754
codex-m,balanced4_global_rf,0.6,12356,0.3378372001478327,0.341855539825872,0.0118943078982447
codex-m,balanced4_global_rf,0.62,12768,0.3350846567597307,0.3390268334792579,0.0117647186763132
codex-m,balanced4_global_rf,0.64,13180,0.3330855657674129,0.3369519828990638,0.0116078795631471
codex-m,balanced4_global_rf,0.66,13592,0.3357074510617958,0.339495000340019,0.0112822913707864
codex-m,balanced4_global_rf,0.68,14004,0.3396679606996949,0.3433251309813837,0.0107668979851831
codex-m,balanced4_global_rf,0.7,14416,0.3428147785604987,0.3462701445891541,0.0100793963526448
codex-m,balanced4_global_rf,0.72,14828,0.3447078040916432,0.3480136711000219,0.0095903457047923
codex-m,balanced4_global_rf,0.74,15240,0.3459422882877824,0.3490920578053124,0.0091048987769595
codex-m,balanced4_global_rf,0.76,15651,0.3470108375799621,0.3501708508303358,0.0091063820150734
codex-m,balanced4_global_rf,0.78,16063,0.3477202316644038,0.3508393730444199,0.0089702614227706
codex-m,balanced4_global_rf,0.8,16475,0.3492868741792318,0.3523752235298523,0.0088418706196091
codex-m,balanced4_global_rf,0.82,16887,0.3517030024065137,0.3547597962332777,0.00869140668646
codex-m,balanced4_global_rf,0.84,17299,0.3527395782820526,0.355748885956028,0.0085312447461427
codex-m,balanced4_global_rf,0.86,17711,0.3540200981602889,0.357014802178847,0.008459135608742
codex-m,balanced4_global_rf,0.88,18123,0.3561061059184569,0.3591137396987022,0.0084458921940924
codex-m,balanced4_global_rf,0.9,18535,0.3548255564413411,0.3577372632507715,0.0082060233728169
codex-m,balanced4_global_rf,0.92,18946,0.3564461471266708,0.3592966123975969,0.0079969030214068
codex-m,balanced4_global_rf,0.94,19358,0.3538391588853904,0.3566134141037563,0.0078404414794135
codex-m,balanced4_global_rf,0.96,19770,0.349529540607949,0.35231194977283,0.0079604406541473
codex-m,balanced4_global_rf,0.98,20182,0.3454716436214725,0.3481763434131206,0.0078290066394324
codex-m,balanced4_global_rf,1.0,20594,0.3423415349994885,0.3449297847479118,0.0075604315685127
hetionet,balanced4_global_rf,0.02,9001,0.303385500076806,0.5333154719925325,0.7578805574344085
hetionet,balanced4_global_rf,0.04,18002,0.3653331975712405,0.5633620564796133,0.5420499977140918
hetionet,balanced4_global_rf,0.06,27002,0.3954644920485828,0.5706397927404807,0.4429608832501139
hetionet,balanced4_global_rf,0.08,36003,0.4315251316605087,0.5860636588965605,0.3581217312683216
hetionet,balanced4_global_rf,0.1,45004,0.4625682142526205,0.604836342606269,0.3075614016918857
hetionet,balanced4_global_rf,0.12,54005,0.4863575984400136,0.6185687982159674,0.2718394864190869
hetionet,balanced4_global_rf,0.14,63006,0.5062303924248219,0.6295349145284476,0.2435739219705917
hetionet,balanced4_global_rf,0.16,72006,0.5163047665954692,0.6322319437576791,0.2245324557560015
hetionet,balanced4_global_rf,0.18,81007,0.5274141286299057,0.6355296842187876,0.2049917696928977
hetionet,balanced4_global_rf,0.2,90008,0.5441548621511622,0.6439072184985393,0.1833161169469925
hetionet,balanced4_global_rf,0.22,99009,0.5622640614711668,0.6524628006079972,0.1604206018446652
hetionet,balanced4_global_rf,0.24,108010,0.5714360219600079,0.6550458877745179,0.1463153574528444
hetionet,balanced4_global_rf,0.26,117010,0.57822235911737,0.6570146581854067,0.1362664342283643
hetionet,balanced4_global_rf,0.28,126011,0.5830108871759506,0.6573623163481664,0.1275300870149562
hetionet,balanced4_global_rf,0.3,135012,0.5830290414000123,0.6530172978480127,0.120042487557634
hetionet,balanced4_global_rf,0.32,144013,0.5796087943084727,0.6454711259439281,0.1136323884009304
hetionet,balanced4_global_rf,0.34,153014,0.5762397355820453,0.6385183772292842,0.1080776590047765
hetionet,balanced4_global_rf,0.36,162014,0.5729926257890088,0.6319202105548145,0.1028417855895835
hetionet,balanced4_global_rf,0.38,171015,0.5704340079496143,0.6263301194415052,0.0979887431550681
hetionet,balanced4_global_rf,0.4,180016,0.5686669037382025,0.6219677706486857,0.0937295041439958
hetionet,balanced4_global_rf,0.42,189017,0.5682820834196486,0.6188807792799982,0.0890379924629525
hetionet,balanced4_global_rf,0.44,198018,0.5671857151578192,0.6154568223899787,0.0851063521914123
hetionet,balanced4_global_rf,0.46,207018,0.5646210512817665,0.61069547565625,0.0816023849445364
hetionet,balanced4_global_rf,0.48,216019,0.5617394331571081,0.605780816236486,0.0784018006922802
hetionet,balanced4_global_rf,0.5,225020,0.5570865632139028,0.5991682446941873,0.0755388556448211
hetionet,balanced4_global_rf,0.52,234021,0.5512239780316953,0.5915529256437771,0.0731625423046509
hetionet,balanced4_global_rf,0.54,243022,0.545338196734799,0.5839034282857738,0.0707180090847905
hetionet,balanced4_global_rf,0.56,252022,0.5388113921353749,0.5759567444224472,0.0689394337782294
hetionet,balanced4_global_rf,0.58,261023,0.5283222052591551,0.5641302297485654,0.0677768682310933
hetionet,balanced4_global_rf,0.6,270024,0.5157844890766068,0.550346816202459,0.0670092409869247
hetionet,balanced4_global_rf,0.62,279025,0.5029162124158653,0.5363028931462792,0.0663861691195715
hetionet,balanced4_global_rf,0.64,288026,0.4903638510414591,0.5227609019746969,0.0660673719411235
hetionet,balanced4_global_rf,0.66,297026,0.4785518424053035,0.5100039422877181,0.0657234955450793
hetionet,balanced4_global_rf,0.68,306027,0.4679333244451736,0.4984508996008321,0.0652177854437767
hetionet,balanced4_global_rf,0.7,315028,0.4577834758562297,0.4873902743965309,0.0646742403380227
hetionet,balanced4_global_rf,0.72,324029,0.4481078926760368,0.4769472302970761,0.0643580220129906
hetionet,balanced4_global_rf,0.74,333030,0.4393204939117487,0.4673474021132528,0.0637960409084263
hetionet,balanced4_global_rf,0.76,342030,0.4320452214968497,0.4593105739140765,0.0631076356376865
hetionet,balanced4_global_rf,0.78,351031,0.4264578318351716,0.4529632069043587,0.0621523937199763
hetionet,balanced4_global_rf,0.8,360032,0.4202300616063377,0.4460140127920505,0.0613567508406067
hetionet,balanced4_global_rf,0.82,369033,0.4146080562759213,0.4397246859820563,0.0605792128877973
hetionet,balanced4_global_rf,0.84,378034,0.4087759228096043,0.4332489049555363,0.0598689423235201
hetionet,balanced4_global_rf,0.86,387034,0.402893668631315,0.4266158591083877,0.0588795315589349
hetionet,balanced4_global_rf,0.88,396035,0.3968424501216253,0.4197449909847004,0.0577119228450884
hetionet,balanced4_global_rf,0.9,405036,0.3911009242059244,0.4132601166932786,0.0566585019770673
hetionet,balanced4_global_rf,0.92,414037,0.3852780732857803,0.4067985167409005,0.0558569120520839
hetionet,balanced4_global_rf,0.94,423038,0.3801407556127877,0.4009746380681605,0.0548057059069833
hetionet,balanced4_global_rf,0.96,432038,0.3746330906500314,0.3946629692188821,0.0534653213203792
hetionet,balanced4_global_rf,0.98,441039,0.3691376100194904,0.3882866747309991,0.0518751386793059
hetionet,balanced4_global_rf,1.0,450040,0.3731884548334995,0.3903218979298271,0.0459109677012161
FB15k-237,balanced5_global_rf,0.02,816,0.2211382140694402,0.2614837623330207,0.1824449402983399
FB15k-237,balanced5_global_rf,0.04,1633,0.2344487602679253,0.262956556072376,0.1215949948802128
FB15k-237,balanced5_global_rf,0.06,2449,0.2303481268448504,0.2554725883897388,0.1090716989498719
FB15k-237,balanced5_global_rf,0.08,3266,0.2157156004495457,0.2386814846437299,0.1064637149391323
FB15k-237,balanced5_global_rf,0.1,4082,0.2081795083817411,0.2311042265455594,0.110119955330959
FB15k-237,balanced5_global_rf,0.12,4898,0.2244457050021569,0.2442360688353464,0.0881743931477738
FB15k-237,balanced5_global_rf,0.14,5715,0.2396189865605542,0.2575291871270224,0.0747444967677555
FB15k-237,balanced5_global_rf,0.16,6531,0.2511279911460908,0.2682637354334961,0.0682351027824559
FB15k-237,balanced5_global_rf,0.18,7347,0.257307273073272,0.2729132972909433,0.0606513140156252
FB15k-237,balanced5_global_rf,0.2,8164,0.2638857232066933,0.2784851635182907,0.055324858556907
FB15k-237,balanced5_global_rf,0.22,8980,0.2668589421188939,0.2805172646396291,0.0511818056846302
FB15k-237,balanced5_global_rf,0.24,9797,0.2698070147248979,0.2833914374412556,0.0503486639523023
FB15k-237,balanced5_global_rf,0.26,10613,0.2734152640566752,0.2862203056442061,0.0468336748926954
FB15k-237,balanced5_global_rf,0.28,11429,0.279867726794446,0.2919465423953661,0.04315901565096
FB15k-237,balanced5_global_rf,0.3,12246,0.2838951570657839,0.2952637796099172,0.0400451443470695
FB15k-237,balanced5_global_rf,0.32,13062,0.2863901130375144,0.2970107515897061,0.0370845153819974
FB15k-237,balanced5_global_rf,0.34,13878,0.2894704134302277,0.2996934680059224,0.035316405758196
FB15k-237,balanced5_global_rf,0.36,14695,0.2908442764626826,0.3004934766052644,0.0331765172068629
FB15k-237,balanced5_global_rf,0.38,15511,0.2951225601371153,0.3041835161957115,0.0307023497437348
FB15k-237,balanced5_global_rf,0.4,16328,0.2981387669512976,0.3067566870226983,0.0289057345997829
FB15k-237,balanced5_global_rf,0.42,17144,0.3035169999951469,0.3116798840052702,0.026894322262851
FB15k-237,balanced5_global_rf,0.44,17960,0.3093609610305465,0.3170870782453412,0.0249744414714043
FB15k-237,balanced5_global_rf,0.46,18777,0.3192057569082312,0.3264902691871019,0.0228207421740356
FB15k-237,balanced5_global_rf,0.48,19593,0.3310698713455321,0.3380773197673929,0.0211660710573911
FB15k-237,balanced5_global_rf,0.5,20410,0.3405383930351569,0.347135494160506,0.0193725619791362
FB15k-237,balanced5_global_rf,0.52,21226,0.3394202107076299,0.3457362042312988,0.0186081833798323
FB15k-237,balanced5_global_rf,0.54,22042,0.3377229103569299,0.3437649932260536,0.0178906514300078
FB15k-237,balanced5_global_rf,0.56,22859,0.3354112123956925,0.3412260090350897,0.0173363215793078
FB15k-237,balanced5_global_rf,0.58,23675,0.3319999583644357,0.3376153911244275,0.0169139562175115
FB15k-237,balanced5_global_rf,0.6,24491,0.329054368410643,0.3345167124564807,0.0166001262108181
FB15k-237,balanced5_global_rf,0.62,25308,0.3248802931665269,0.3301938187626127,0.0163553336655053
FB15k-237,balanced5_global_rf,0.64,26124,0.3223502747346984,0.3275242917819073,0.0160509155807833
FB15k-237,balanced5_global_rf,0.66,26941,0.3228176138715574,0.3278103455101668,0.015466106631331
FB15k-237,balanced5_global_rf,0.68,27757,0.3270215941538775,0.3318729679955953,0.0148350259690648
FB15k-237,balanced5_global_rf,0.7,28573,0.3299082963803104,0.334645059089342,0.0143578162810771
FB15k-237,balanced5_global_rf,0.72,29390,0.3304459062136162,0.3350426485686956,0.0139107256850321
FB15k-237,balanced5_global_rf,0.74,30206,0.3323369686933948,0.3368143593855013,0.0134724424721981
FB15k-237,balanced5_global_rf,0.76,31022,0.3325557413091106,0.3369157857031584,0.0131107175503404
FB15k-237,balanced5_global_rf,0.78,31839,0.3311642354101408,0.3354126597851641,0.0128287535933995
FB15k-237,balanced5_global_rf,0.8,32655,0.3312811607362768,0.3354285539398968,0.0125192546246892
FB15k-237,balanced5_global_rf,0.82,33472,0.3309266434795757,0.3349732305156627,0.0122280484688044
FB15k-237,balanced5_global_rf,0.84,34288,0.3343466369905659,0.338267964707127,0.0117283300704225
FB15k-237,balanced5_global_rf,0.86,35104,0.343464412222054,0.3472748616462104,0.0110941608171415
FB15k-237,balanced5_global_rf,0.88,35921,0.3521259500536227,0.3558523323229495,0.0105825267031849
FB15k-237,balanced5_global_rf,0.9,36737,0.3597491392224164,0.3633927513163949,0.0101282023964088
FB15k-237,balanced5_global_rf,0.92,37553,0.3590330144209223,0.3626107679292036,0.0099649708093052
FB15k-237,balanced5_global_rf,0.94,38370,0.3581485448849995,0.3616498978493263,0.0097762590811336
FB15k-237,balanced5_global_rf,0.96,39186,0.3577960076174729,0.3612035426390711,0.0095236809496244
FB15k-237,balanced5_global_rf,0.98,40003,0.353741471765364,0.357051886861981,0.0093582894877894
FB15k-237,balanced5_global_rf,1.0,40819,0.3528119855172369,0.3560530550713821,0.0091863930002085
KG20C,balanced5_global_rf,0.02,149,0.2372409078055928,0.2606244197946017,0.0985644179382865
KG20C,balanced5_global_rf,0.04,298,0.2124430781478986,0.2359113800137826,0.1104686585719014
KG20C,balanced5_global_rf,0.06,447,0.197919469662617,0.2170267213170117,0.0965405358399851
KG20C,balanced5_global_rf,0.08,596,0.1883290890847205,0.2035657491035924,0.0809044428182714
KG20C,balanced5_global_rf,0.1,745,0.177555494804892,0.1929731014895779,0.0868326080340551
KG20C,balanced5_global_rf,0.12,894,0.1701511368653811,0.1859280965277891,0.092723210394358
KG20C,balanced5_global_rf,0.14,1043,0.1627417842375195,0.1789355104535612,0.0995056450432372
KG20C,balanced5_global_rf,0.16,1192,0.1526423600696171,0.1702796737750542,0.1155466523014521
KG20C,balanced5_global_rf,0.18,1341,0.1520490709759451,0.1681543598039478,0.1059216522970449
KG20C,balanced5_global_rf,0.2,1490,0.149451875222657,0.1647399364881339,0.1022942083710918
KG20C,balanced5_global_rf,0.22,1639,0.1482596364290937,0.1626911590982615,0.0973395255563693
KG20C,balanced5_global_rf,0.24,1788,0.1454614619830339,0.1605785931831267,0.1039253352331632
KG20C,balanced5_global_rf,0.26,1936,0.146145435285959,0.1599183293361777,0.0942410142558995
KG20C,balanced5_global_rf,0.28,2085,0.1473377974030415,0.1610071099013309,0.0927753281182637
KG20C,balanced5_global_rf,0.3,2234,0.1465200831402109,0.1601750325034626,0.0931950697174037
KG20C,balanced5_global_rf,0.32,2383,0.1457994554444363,0.1590313098580225,0.0907537985876003
KG20C,balanced5_global_rf,0.34,2532,0.1517145047688897,0.1653361581203534,0.0897847794593791
KG20C,balanced5_global_rf,0.36,2681,0.1533194367354806,0.1673500290128814,0.0915121564241556
KG20C,balanced5_global_rf,0.38,2830,0.1526817935716596,0.1664187547459262,0.0899711802757894
KG20C,balanced5_global_rf,0.4,2979,0.1540868379817704,0.1678370756472857,0.0892369383758922
KG20C,balanced5_global_rf,0.42,3128,0.1541270752501972,0.1671600631027456,0.084560015372975
KG20C,balanced5_global_rf,0.44,3277,0.1549732061158947,0.1677058656580415,0.0821603931496706
KG20C,balanced5_global_rf,0.46,3426,0.1575379366435232,0.1696813087146784,0.0770822084501037
KG20C,balanced5_global_rf,0.48,3575,0.1571805043594516,0.1697525372434902,0.0799846834394164
KG20C,balanced5_global_rf,0.5,3724,0.158514642961548,0.1704860209871301,0.0755222218081523
KG20C,balanced5_global_rf,0.52,3873,0.1593763557402249,0.1712937412400505,0.0747751160733676
KG20C,balanced5_global_rf,0.54,4022,0.1585984211664744,0.1704492594076657,0.0747222964392058
KG20C,balanced5_global_rf,0.56,4171,0.1594162898764877,0.1709643328820227,0.0724395418716754
KG20C,balanced5_global_rf,0.58,4320,0.1595597086114222,0.1709445096337725,0.0713513525527664
KG20C,balanced5_global_rf,0.6,4469,0.1622070365282273,0.1733615975724698,0.0687674300880369
KG20C,balanced5_global_rf,0.62,4618,0.161987095682529,0.1729265378758726,0.0675328003582664
KG20C,balanced5_global_rf,0.64,4767,0.1635747650880879,0.1737577706196696,0.0622529124593151
KG20C,balanced5_global_rf,0.66,4916,0.1622213228715975,0.1721361296831514,0.061119010966282
KG20C,balanced5_global_rf,0.68,5065,0.1623553239607177,0.1718035412695548,0.0581946872966305
KG20C,balanced5_global_rf,0.7,5214,0.1620305314219259,0.1714710774543499,0.0582639947519578
KG20C,balanced5_global_rf,0.72,5363,0.1625011327229806,0.1721159162292113,0.0591674860668283
KG20C,balanced5_global_rf,0.74,5512,0.1631414027146207,0.1725492971125127,0.0576671172452092
KG20C,balanced5_global_rf,0.76,5660,0.1631576487056416,0.1723347908716822,0.0562470851893521
KG20C,balanced5_global_rf,0.78,5809,0.1623953586887391,0.1713853280316028,0.0553585362011157
KG20C,balanced5_global_rf,0.8,5958,0.1633979608999581,0.1723892439910919,0.0550268989993016
KG20C,balanced5_global_rf,0.82,6107,0.1626915669009921,0.1714601133073151,0.0538967481434315
KG20C,balanced5_global_rf,0.84,6256,0.1682032674852794,0.1766188819710511,0.0500324078811855
KG20C,balanced5_global_rf,0.86,6405,0.1751521774984766,0.1837247785327181,0.0489437308555074
KG20C,balanced5_global_rf,0.88,6554,0.1811749678537693,0.1892617849091859,0.0446353994219761
KG20C,balanced5_global_rf,0.9,6703,0.1884689931585955,0.1964408571087159,0.0422980131453885
KG20C,balanced5_global_rf,0.92,6852,0.1929375829561508,0.2007359706608231,0.0404192256645232
KG20C,balanced5_global_rf,0.94,7001,0.198465246913699,0.206379740789315,0.039878487537204
KG20C,balanced5_global_rf,0.96,7150,0.207590006955824,0.2155130218006762,0.0381666485831286
KG20C,balanced5_global_rf,0.98,7299,0.2171525315127989,0.2249138078712991,0.0357411276968824
KG20C,balanced5_global_rf,1.0,7448,0.2263807403572204,0.2339867495060782,0.0335983049479202
WN18RR,balanced5_global_rf,0.02,121,0.6338961707330518,0.6624897733631224,0.0451077068299754
WN18RR,balanced5_global_rf,0.04,242,0.5240587656800817,0.5449693417251273,0.0399012046252285
WN18RR,balanced5_global_rf,0.06,363,0.4477205233304902,0.4640820389639596,0.0365440375879126
WN18RR,balanced5_global_rf,0.08,484,0.3949540168156212,0.4094944297055063,0.0368154576756034
WN18RR,balanced5_global_rf,0.1,606,0.3739890745966905,0.3861474378910955,0.0325099424562511
WN18RR,balanced5_global_rf,0.12,727,0.4105630341163522,0.4190648529554747,0.0207077065703706
WN18RR,balanced5_global_rf,0.14,848,0.4719695636128307,0.4797341784812338,0.0164515160871105
WN18RR,balanced5_global_rf,0.16,969,0.4578696062473916,0.4648244521750038,0.0151895776280341
WN18RR,balanced5_global_rf,0.18,1090,0.4261623653650338,0.4325423948873002,0.0149708891276718
WN18RR,balanced5_global_rf,0.2,1211,0.3909856455905673,0.3967723082798231,0.0148001921669407
WN18RR,balanced5_global_rf,0.22,1332,0.3649108251002777,0.370224114875865,0.0145605156386556
WN18RR,balanced5_global_rf,0.24,1453,0.3463567655111512,0.3513225607625328,0.0143372260797423
WN18RR,balanced5_global_rf,0.26,1574,0.3279326456009281,0.3325674487886155,0.01413339979981
WN18RR,balanced5_global_rf,0.28,1695,0.3130358284506618,0.3173743885171019,0.0138596277873794
WN18RR,balanced5_global_rf,0.3,1816,0.3003153186107687,0.3044603377853161,0.0138022235885999
WN18RR,balanced5_global_rf,0.32,1938,0.2893006409642348,0.2932221776827336,0.0135552299691712
WN18RR,balanced5_global_rf,0.34,2059,0.2781018395410323,0.2818264406842226,0.0133929396128309
WN18RR,balanced5_global_rf,0.36,2180,0.2702279236069388,0.2739887527783113,0.0139172485255183
WN18RR,balanced5_global_rf,0.38,2301,0.2627877813769633,0.2665060006415319,0.0141491329813197
WN18RR,balanced5_global_rf,0.4,2422,0.2568538609349773,0.2604280800700697,0.0139153802169131
WN18RR,balanced5_global_rf,0.42,2543,0.2511542918498807,0.2545554221614153,0.0135419955855962
WN18RR,balanced5_global_rf,0.44,2664,0.2458861924938346,0.2492593767453968,0.0137184777125975
WN18RR,balanced5_global_rf,0.46,2785,0.2436325973826282,0.2469517431530712,0.0136235701055642
WN18RR,balanced5_global_rf,0.48,2906,0.2426366124997582,0.2459510436636416,0.013660061973898
WN18RR,balanced5_global_rf,0.5,3028,0.2426753837996351,0.2459121502762792,0.013337844267371
WN18RR,balanced5_global_rf,0.52,3149,0.2395365306945513,0.2426518884134568,0.0130057728976549
WN18RR,balanced5_global_rf,0.54,3270,0.2399466888567646,0.2430636546071935,0.012990242813017
WN18RR,balanced5_global_rf,0.56,3391,0.2446427743350425,0.2473137488850593,0.010917855870776
WN18RR,balanced5_global_rf,0.58,3512,0.2557702253980111,0.258312175712582,0.0099384137094742
WN18RR,balanced5_global_rf,0.6,3633,0.274826967092956,0.2773314570724419,0.0091129702662648
WN18RR,balanced5_global_rf,0.62,3754,0.2962011959439721,0.2987230022991441,0.008513829078695
WN18RR,balanced5_global_rf,0.64,3875,0.317513472017947,0.3199524485258632,0.0076814898354247
WN18RR,balanced5_global_rf,0.66,3996,0.3353928836249665,0.3377917510198208,0.0071524099406254
WN18RR,balanced5_global_rf,0.68,4117,0.3521115127072254,0.3544545744606202,0.0066543173649165
WN18RR,balanced5_global_rf,0.7,4238,0.3674039251398696,0.369698873975868,0.0062463917202972
WN18RR,balanced5_global_rf,0.72,4360,0.3789801655542474,0.38126197722136,0.0060209263558039
WN18RR,balanced5_global_rf,0.74,4481,0.3916038398775092,0.393856395051775,0.0057521273922398
WN18RR,balanced5_global_rf,0.76,4602,0.4053067397508883,0.4075400803235865,0.0055102478040973
WN18RR,balanced5_global_rf,0.78,4723,0.4203738459499086,0.4225756929032941,0.0052378305039648
WN18RR,balanced5_global_rf,0.8,4844,0.4337943539245431,0.4359461200583857,0.0049603368839994
WN18RR,balanced5_global_rf,0.82,4965,0.4463770463479126,0.4485061784656659,0.004769806456611
WN18RR,balanced5_global_rf,0.84,5086,0.4573746654167274,0.4594783672608844,0.0045995154590388
WN18RR,balanced5_global_rf,0.86,5207,0.4657051619445668,0.4678191007589168,0.0045392213509578
WN18RR,balanced5_global_rf,0.88,5328,0.4759192582781584,0.4780013157749266,0.0043748124509628
WN18RR,balanced5_global_rf,0.9,5450,0.4805482808302014,0.4827073773137912,0.0044929855536257
WN18RR,balanced5_global_rf,0.92,5571,0.4903467529813127,0.4924878206853428,0.0043664359782387
WN18RR,balanced5_global_rf,0.94,5692,0.4963060622940036,0.498447558037353,0.0043148692027881
WN18RR,balanced5_global_rf,0.96,5813,0.5021205318597203,0.5042839883454097,0.0043086397556311
WN18RR,balanced5_global_rf,0.98,5934,0.5081492015198266,0.5103615118800034,0.0043536629666249
WN18RR,balanced5_global_rf,1.0,6055,0.5112021246888968,0.5133269561687425,0.0041565388272568
YAGO3-10,balanced5_global_rf,0.02,200,0.4076164879538068,0.529912616103677,0.3000274320692579
YAGO3-10,balanced5_global_rf,0.04,399,0.4615587195131777,0.5736018317178296,0.2427494216181804
YAGO3-10,balanced5_global_rf,0.06,598,0.4805386037070542,0.5743426517711516,0.1952060611581629
YAGO3-10,balanced5_global_rf,0.08,798,0.491702843155248,0.5808056279683437,0.1812126695085281
YAGO3-10,balanced5_global_rf,0.1,998,0.4938092445198601,0.5700075389322312,0.1543071444246859
YAGO3-10,balanced5_global_rf,0.12,1197,0.4897109213378035,0.5629620309677827,0.1495803063363794
YAGO3-10,balanced5_global_rf,0.14,1397,0.4909742086280513,0.5619816204427796,0.1446255435965711
YAGO3-10,balanced5_global_rf,0.16,1596,0.4894416163955112,0.5581203170686334,0.1403205170392045
YAGO3-10,balanced5_global_rf,0.18,1796,0.4872572456085159,0.551397061351099,0.1316344011723857
YAGO3-10,balanced5_global_rf,0.2,1995,0.4866470845147638,0.5481336593404944,0.1263473609156395
YAGO3-10,balanced5_global_rf,0.22,2194,0.4929228493562836,0.5493909261143439,0.1145576368224823
YAGO3-10,balanced5_global_rf,0.24,2394,0.4961433635382435,0.5520050152357836,0.1125917543251269
YAGO3-10,balanced5_global_rf,0.26,2594,0.5020442298328777,0.5545861553266244,0.1046559692783184
YAGO3-10,balanced5_global_rf,0.28,2793,0.5059732393626613,0.554307380011387,0.09552706919759
YAGO3-10,balanced5_global_rf,0.3,2992,0.5181446585118697,0.5635717559255975,0.0876726154896512
YAGO3-10,balanced5_global_rf,0.32,3192,0.5261517910856663,0.5693826737961135,0.0821642792876256
YAGO3-10,balanced5_global_rf,0.34,3392,0.5322529678218999,0.5719745427228914,0.0746291280695741
YAGO3-10,balanced5_global_rf,0.36,3591,0.5379452422975217,0.5762153342161996,0.0711412406125748
YAGO3-10,balanced5_global_rf,0.38,3790,0.5444584545046004,0.5826164325812654,0.0700842787194566
YAGO3-10,balanced5_global_rf,0.4,3990,0.5523522944102328,0.5892890535947853,0.066871740297542
YAGO3-10,balanced5_global_rf,0.42,4190,0.5596667555234537,0.5953781695125515,0.0638083531613327
YAGO3-10,balanced5_global_rf,0.44,4389,0.5684063308954941,0.6026921328289655,0.0603191767400901
YAGO3-10,balanced5_global_rf,0.46,4588,0.5698607163598371,0.6033219821050118,0.0587183232403154
YAGO3-10,balanced5_global_rf,0.48,4788,0.5733251727175572,0.6058270400537997,0.0566901103996251
YAGO3-10,balanced5_global_rf,0.5,4988,0.5793197951497947,0.6112703185104998,0.0551517894403101
YAGO3-10,balanced5_global_rf,0.52,5187,0.5839930054894159,0.6148126505144483,0.0527739968378628
YAGO3-10,balanced5_global_rf,0.54,5386,0.5884423383269862,0.6186807120801144,0.0513871483807566
YAGO3-10,balanced5_global_rf,0.56,5586,0.5914002166957257,0.6206234832973287,0.0494136893707604
YAGO3-10,balanced5_global_rf,0.58,5786,0.5971159264831976,0.6251699263899649,0.0469825014917884
YAGO3-10,balanced5_global_rf,0.6,5985,0.5995591548904351,0.6276236122812355,0.0468084878062264
YAGO3-10,balanced5_global_rf,0.62,6184,0.6015474029080763,0.6292384695630923,0.0460330582779484
YAGO3-10,balanced5_global_rf,0.64,6384,0.6047400683585109,0.632334145518015,0.0456296491720893
YAGO3-10,balanced5_global_rf,0.66,6584,0.606917285969863,0.6339492329857936,0.0445397546598678
YAGO3-10,balanced5_global_rf,0.68,6783,0.6094008065631725,0.6356726593946993,0.0431109584178133
YAGO3-10,balanced5_global_rf,0.7,6982,0.6114750346153586,0.6367782403342858,0.041380603109731
YAGO3-10,balanced5_global_rf,0.72,7182,0.6120555673097341,0.6368718030521318,0.0405457234078867
YAGO3-10,balanced5_global_rf,0.74,7382,0.614310024281315,0.6383414573666778,0.0391193894540096
YAGO3-10,balanced5_global_rf,0.76,7581,0.6154986246708554,0.6393091204650573,0.0386848887061848
YAGO3-10,balanced5_global_rf,0.78,7780,0.6155937558143224,0.638681716756861,0.0375051902727592
YAGO3-10,balanced5_global_rf,0.8,7980,0.6138148310227113,0.636351269089802,0.0367153690788824
YAGO3-10,balanced5_global_rf,0.82,8179,0.6127045187724048,0.6347975323544628,0.0360581861324
YAGO3-10,balanced5_global_rf,0.84,8379,0.6006954592209961,0.6222604644447154,0.0359000636556927
YAGO3-10,balanced5_global_rf,0.86,8578,0.5894409665023416,0.6107161147949396,0.0360937727468142
YAGO3-10,balanced5_global_rf,0.88,8778,0.5777742635626161,0.598613579339426,0.0360682659146369
YAGO3-10,balanced5_global_rf,0.9,8978,0.5684461414016151,0.5889095132470956,0.0359987874929084
YAGO3-10,balanced5_global_rf,0.92,9177,0.5608965624948918,0.5810210064020747,0.0358790644351043
YAGO3-10,balanced5_global_rf,0.94,9376,0.5558138673483632,0.5754499626902787,0.0353285452117162
YAGO3-10,balanced5_global_rf,0.96,9576,0.5514435715173406,0.5707526011770144,0.0350154225327961
YAGO3-10,balanced5_global_rf,0.98,9776,0.5532748305231608,0.5722062541822613,0.0342170339489318
YAGO3-10,balanced5_global_rf,1.0,9975,0.5616723217905851,0.5802260659200454,0.0330330397451521
codex-l,balanced5_global_rf,0.02,1223,0.3415226816216327,0.369102328657533,0.0807549498760826
codex-l,balanced5_global_rf,0.04,2445,0.3333588888101784,0.364239221060951,0.0926338948422538
codex-l,balanced5_global_rf,0.06,3668,0.3426878436744328,0.3725004205053397,0.0869963069341615
codex-l,balanced5_global_rf,0.08,4890,0.3458311438276685,0.3737144102544238,0.0806268230158295
codex-l,balanced5_global_rf,0.1,6113,0.353293501805659,0.3781356185147507,0.0703158042311147
codex-l,balanced5_global_rf,0.12,7335,0.3638646567531904,0.3865653335099522,0.0623876937082124
codex-l,balanced5_global_rf,0.14,8558,0.3670028306596077,0.3871610975786869,0.054926734169459
codex-l,balanced5_global_rf,0.16,9781,0.3575052267676089,0.3756313054977616,0.050701576852568
codex-l,balanced5_global_rf,0.18,11003,0.3475415149145234,0.3638781590106251,0.0470063097357438
codex-l,balanced5_global_rf,0.2,12226,0.3374913687406615,0.3527408579405345,0.045184827264697
codex-l,balanced5_global_rf,0.22,13448,0.3315243496157615,0.3454937394627358,0.0421368441357772
codex-l,balanced5_global_rf,0.24,14671,0.3306108274227798,0.3438812468696889,0.0401390951117854
codex-l,balanced5_global_rf,0.26,15894,0.3321232275081056,0.3446285960488393,0.0376527972299935
codex-l,balanced5_global_rf,0.28,17116,0.3313170291001823,0.3432202831267525,0.0359270818614363
codex-l,balanced5_global_rf,0.3,18339,0.3260086573334536,0.3374264800876152,0.0350230660975456
codex-l,balanced5_global_rf,0.32,19561,0.3239677996146106,0.3351225062616408,0.0344315288750913
codex-l,balanced5_global_rf,0.34,20784,0.3209564424209077,0.3318188739797471,0.0338439430500485
codex-l,balanced5_global_rf,0.36,22006,0.3176419407620807,0.3280820902158394,0.0328676667467493
codex-l,balanced5_global_rf,0.38,23229,0.3189456884078611,0.3291436371356027,0.031973935056619
codex-l,balanced5_global_rf,0.4,24452,0.3163549235065019,0.3262663429205267,0.031330062147179
codex-l,balanced5_global_rf,0.42,25674,0.3153954886957192,0.3249791918592172,0.0303863038851008
codex-l,balanced5_global_rf,0.44,26897,0.3160888037529902,0.3254633254027079,0.0296578731622632
codex-l,balanced5_global_rf,0.46,28119,0.3170285365035466,0.3259006274399113,0.0279851493313927
codex-l,balanced5_global_rf,0.48,29342,0.3189810286457714,0.3273602761407555,0.0262687957668141
codex-l,balanced5_global_rf,0.5,30564,0.3289252965063904,0.3370354753006054,0.0246565979581245
codex-l,balanced5_global_rf,0.52,31787,0.336265933866872,0.3441474535661457,0.0234383531172501
codex-l,balanced5_global_rf,0.54,33010,0.3429724920398223,0.3507629711944521,0.0227145888823216
codex-l,balanced5_global_rf,0.56,34232,0.3423068083081644,0.3499480917311017,0.0223229080972826
codex-l,balanced5_global_rf,0.58,35455,0.3391617369182997,0.3466039171426853,0.0219428650531365
codex-l,balanced5_global_rf,0.6,36677,0.3369242064401679,0.344218216955593,0.021648817081121
codex-l,balanced5_global_rf,0.62,37900,0.3333897352760495,0.3404793152136731,0.0212651416269713
codex-l,balanced5_global_rf,0.64,39123,0.3312307310769956,0.3381257625074482,0.0208164001209469
codex-l,balanced5_global_rf,0.66,40345,0.3296980315510437,0.3364776881074156,0.02056323031253
codex-l,balanced5_global_rf,0.68,41568,0.3266785007662132,0.3333186994618765,0.0203264025030387
codex-l,balanced5_global_rf,0.7,42790,0.3236326979779594,0.3301782645817239,0.0202252944299536
codex-l,balanced5_global_rf,0.72,44013,0.3221214336888163,0.3285637649598371,0.0199996976210046
codex-l,balanced5_global_rf,0.74,45235,0.3220993769784638,0.3284159921487131,0.0196107649431178
codex-l,balanced5_global_rf,0.76,46458,0.3205635786476216,0.3267390655386915,0.019264468275288
codex-l,balanced5_global_rf,0.78,47681,0.3187600101103085,0.3248494858225681,0.0191036375929098
codex-l,balanced5_global_rf,0.8,48903,0.3167384293296562,0.3227105248361497,0.0188549760732625
codex-l,balanced5_global_rf,0.82,50126,0.3158070555134055,0.3216882415073842,0.0186227188129717
codex-l,balanced5_global_rf,0.84,51348,0.3187887934031709,0.3245811266219464,0.0181698144308664
codex-l,balanced5_global_rf,0.86,52571,0.3233794780335966,0.329062910601881,0.017575118256867
codex-l,balanced5_global_rf,0.88,53794,0.3280431824253433,0.3336839326818808,0.0171951455135672
codex-l,balanced5_global_rf,0.9,55016,0.3328456678964405,0.3384499055629249,0.0168373459744954
codex-l,balanced5_global_rf,0.92,56239,0.335889149783542,0.3414178884522286,0.0164600097152571
codex-l,balanced5_global_rf,0.94,57461,0.3378004961603678,0.3432854630086688,0.0162372966015333
codex-l,balanced5_global_rf,0.96,58684,0.3386056665159843,0.3439758104873114,0.0158595809295873
codex-l,balanced5_global_rf,0.98,59906,0.3351390928741993,0.3404309920843655,0.0157901579454136
codex-l,balanced5_global_rf,1.0,61129,0.3299017687130151,0.334842792661744,0.0149772581335478
codex-m,balanced5_global_rf,0.02,412,0.1558478585632727,0.1961700663832631,0.2587280196963373
codex-m,balanced5_global_rf,0.04,824,0.1945210724741186,0.2195167432658849,0.1284985244726739
codex-m,balanced5_global_rf,0.06,1236,0.2148362347954605,0.2335834855119698,0.0872629830547815
codex-m,balanced5_global_rf,0.08,1648,0.2241817324787831,0.2378672761253312,0.0610466494982739
codex-m,balanced5_global_rf,0.1,2059,0.2331393169832781,0.2448256502243062,0.0501259649905652
codex-m,balanced5_global_rf,0.12,2471,0.2431983884245186,0.2541633777590574,0.0450866035978771
codex-m,balanced5_global_rf,0.14,2883,0.2555756456987104,0.2656653635375123,0.0394784010472437
codex-m,balanced5_global_rf,0.16,3295,0.2660970677906119,0.275574964780546,0.0356181940245659
codex-m,balanced5_global_rf,0.18,3707,0.2698689146960912,0.2781351172599365,0.0306304361625129
codex-m,balanced5_global_rf,0.2,4119,0.2746599912479327,0.2820686206641846,0.0269738209143253
codex-m,balanced5_global_rf,0.22,4531,0.2794012830801025,0.2864336489579464,0.025169411537125
codex-m,balanced5_global_rf,0.24,4943,0.2914168722870414,0.2981328601258081,0.0230459814699801
codex-m,balanced5_global_rf,0.26,5354,0.3006232083382916,0.3071986183107432,0.0218725959608958
codex-m,balanced5_global_rf,0.28,5766,0.3118707546610322,0.3182137176962413,0.0203384348817932
codex-m,balanced5_global_rf,0.3,6178,0.3222260231321767,0.3282941623701,0.0188319341154956
codex-m,balanced5_global_rf,0.32,6590,0.3272425453119568,0.3327612518468407,0.0168642696799188
codex-m,balanced5_global_rf,0.34,7002,0.3348992831015479,0.3400383935537022,0.0153452417233035
codex-m,balanced5_global_rf,0.36,7414,0.3417746038968687,0.3467795494304028,0.0146439948330518
codex-m,balanced5_global_rf,0.38,7826,0.355804757531042,0.3606726273165828,0.0136812948183138
codex-m,balanced5_global_rf,0.4,8238,0.3642340592748596,0.3692250940706325,0.0137028228653557
codex-m,balanced5_global_rf,0.42,8649,0.3751546622830726,0.3800029961532611,0.0129235602209583
codex-m,balanced5_global_rf,0.44,9061,0.3701695316129615,0.3748049268781529,0.0125223576478412
codex-m,balanced5_global_rf,0.46,9473,0.3667888507710383,0.3713365530218901,0.0123986927118748
codex-m,balanced5_global_rf,0.48,9885,0.3601816215412473,0.364748517402601,0.0126794250128909
codex-m,balanced5_global_rf,0.5,10297,0.3529934898356601,0.3574246080076297,0.0125529742036676
codex-m,balanced5_global_rf,0.52,10709,0.3479584739240249,0.3521404864955036,0.0120187116707259
codex-m,balanced5_global_rf,0.54,11121,0.3427759785795106,0.3468128739271715,0.0117770660721037
codex-m,balanced5_global_rf,0.56,11533,0.3369040113375693,0.3409710317457648,0.012071748246774
codex-m,balanced5_global_rf,0.58,11945,0.3331270857214323,0.3372499629529127,0.0123762894348617
codex-m,balanced5_global_rf,0.6,12356,0.3290706462024886,0.3330852813921103,0.0121999188804928
codex-m,balanced5_global_rf,0.62,12768,0.325222200958599,0.3291944928573149,0.0122140858988333
codex-m,balanced5_global_rf,0.64,13180,0.3225831590687183,0.3263316256713384,0.0116201559109339
codex-m,balanced5_global_rf,0.66,13592,0.3196067787264201,0.3232941742243929,0.0115372881409663
codex-m,balanced5_global_rf,0.68,14004,0.3193993430502234,0.323207695584055,0.0119234826767715
codex-m,balanced5_global_rf,0.7,14416,0.3236469613832364,0.3272633881700691,0.0111739865295705
codex-m,balanced5_global_rf,0.72,14828,0.3283957202785562,0.3318480728284028,0.0105127817954455
codex-m,balanced5_global_rf,0.74,15240,0.3324583629573233,0.3358438788653977,0.0101832779237649
codex-m,balanced5_global_rf,0.76,15651,0.3353442549962202,0.3386410210282123,0.0098309900434385
codex-m,balanced5_global_rf,0.78,16063,0.3390594299703368,0.3423561681367853,0.009723186778014
codex-m,balanced5_global_rf,0.8,16475,0.341870173373249,0.3451308194216205,0.0095376733693919
codex-m,balanced5_global_rf,0.82,16887,0.3452790041241202,0.3484615716771538,0.0092173793222871
codex-m,balanced5_global_rf,0.84,17299,0.3471094496378344,0.3502602560665819,0.00907727067654
codex-m,balanced5_global_rf,0.86,17711,0.3478283529728883,0.3508911150244438,0.0088053835329355
codex-m,balanced5_global_rf,0.88,18123,0.3497174914293801,0.3526863169051214,0.0084892107157894
codex-m,balanced5_global_rf,0.9,18535,0.3502583941809258,0.353142520636887,0.0082342821867429
codex-m,balanced5_global_rf,0.92,18946,0.3508886450879394,0.35368970651726,0.0079827645280985
codex-m,balanced5_global_rf,0.94,19358,0.3500133852664699,0.3528182855927333,0.0080136944595077
codex-m,balanced5_global_rf,0.96,19770,0.3500673965860364,0.3528032285553527,0.0078151578695899
codex-m,balanced5_global_rf,0.98,20182,0.3455313835256916,0.3482495001147877,0.0078664825213887
codex-m,balanced5_global_rf,1.0,20594,0.3423415349994885,0.3449297847479118,0.0075604315685127
hetionet,balanced5_global_rf,0.02,9001,0.3037681582010457,0.5285676816663837,0.7400364962431538
hetionet,balanced5_global_rf,0.04,18002,0.3637055152871886,0.5591812863215103,0.537456163896691
hetionet,balanced5_global_rf,0.06,27002,0.3909521726434407,0.5660469327664401,0.4478674691563633
hetionet,balanced5_global_rf,0.08,36003,0.4261555601887007,0.5824550524538933,0.3667662864611776
hetionet,balanced5_global_rf,0.1,45004,0.4584876191346388,0.6019041883060527,0.3128035811350849
hetionet,balanced5_global_rf,0.12,54005,0.4844812875102329,0.6172475091616783,0.2740378732349722
hetionet,balanced5_global_rf,0.14,63006,0.5014448012061319,0.6265701127742824,0.2495295818546428
hetionet,balanced5_global_rf,0.16,72006,0.5146982943619484,0.6316317750431986,0.2271883974789699
hetionet,balanced5_global_rf,0.18,81007,0.5301367420816316,0.6382626666028851,0.2039585562334105
hetionet,balanced5_global_rf,0.2,90008,0.5478352436049971,0.647841474152135,0.1825480045589123
hetionet,balanced5_global_rf,0.22,99009,0.5639421127024311,0.6547988039395644,0.1611099600307284
hetionet,balanced5_global_rf,0.24,108010,0.57404159117527,0.6580884601379783,0.1464125078300233
hetionet,balanced5_global_rf,0.26,117010,0.5802618668973355,0.6591705443445548,0.1359880459992049
hetionet,balanced5_global_rf,0.28,126011,0.5844451572680485,0.6586596814988618,0.126982871374492
hetionet,balanced5_global_rf,0.3,135012,0.5858980042016593,0.6558829617457388,0.1194490458103549
hetionet,balanced5_global_rf,0.32,144013,0.5823499444618289,0.6481279641840676,0.1129527363190987
hetionet,balanced5_global_rf,0.34,153014,0.577079295892666,0.6391690237406594,0.1075930609361901
hetionet,balanced5_global_rf,0.36,162014,0.5740260993428458,0.6326659903520152,0.102155443935914
hetionet,balanced5_global_rf,0.38,171015,0.5712961724108339,0.6269827334594009,0.0974740664086253
hetionet,balanced5_global_rf,0.4,180016,0.5707912205152389,0.6237202937925972,0.0927293051732305
hetionet,balanced5_global_rf,0.42,189017,0.5684523053091202,0.6188356586436418,0.0886325077125398
hetionet,balanced5_global_rf,0.44,198018,0.5673737157778838,0.6154246735070202,0.0846901370171111
hetionet,balanced5_global_rf,0.46,207018,0.5661986743658294,0.6121922523735637,0.0812322248179924
hetionet,balanced5_global_rf,0.48,216019,0.5637242155476966,0.6076062628026254,0.0778431120123062
hetionet,balanced5_global_rf,0.5,225020,0.5598280541961463,0.6018184777231301,0.0750059294318101
hetionet,balanced5_global_rf,0.52,234021,0.5547236789763503,0.5948595050489212,0.0723528264498007
hetionet,balanced5_global_rf,0.54,243022,0.5491674808392493,0.5876079731299284,0.0699977577549448
hetionet,balanced5_global_rf,0.56,252022,0.5443245238414082,0.58113752668948,0.0676306159940673
hetionet,balanced5_global_rf,0.58,261023,0.5349270208526075,0.5702835822421195,0.0660960467713109
hetionet,balanced5_global_rf,0.6,270024,0.5220585174449092,0.5561897075521578,0.0653780926212939
hetionet,balanced5_global_rf,0.62,279025,0.5090568337156414,0.5420990876210403,0.0649087719031709
hetionet,balanced5_global_rf,0.64,288026,0.4963971354625439,0.5284052372056525,0.0644808349131254
hetionet,balanced5_global_rf,0.66,297026,0.4842456575133944,0.515260621017314,0.0640479951088908
hetionet,balanced5_global_rf,0.68,306027,0.4727913376566773,0.5029118084301877,0.0637077466833426
hetionet,balanced5_global_rf,0.7,315028,0.4622577915346701,0.4915444159775505,0.0633556101794421
hetionet,balanced5_global_rf,0.72,324029,0.4525561858098941,0.4810248216362729,0.0629063014030653
hetionet,balanced5_global_rf,0.74,333030,0.4436409614106847,0.4713683484116266,0.0624996098484114
hetionet,balanced5_global_rf,0.76,342030,0.435325010490898,0.4623045611009392,0.0619756502839512
hetionet,balanced5_global_rf,0.78,351031,0.428963275266801,0.4551709690890019,0.0610954254904467
hetionet,balanced5_global_rf,0.8,360032,0.4230731443294346,0.4485808290333171,0.0602914296162944
hetionet,balanced5_global_rf,0.82,369033,0.4173559314189882,0.4422472834865514,0.0596405853941837
hetionet,balanced5_global_rf,0.84,378034,0.4117631752187383,0.4360431356113239,0.0589658372915147
hetionet,balanced5_global_rf,0.86,387034,0.4062084912466459,0.4297390698113715,0.0579273429083442
hetionet,balanced5_global_rf,0.88,396035,0.3996900733234674,0.4224481598087534,0.056939333759405
hetionet,balanced5_global_rf,0.9,405036,0.3935844239331285,0.4155503331031182,0.0558099046463325
hetionet,balanced5_global_rf,0.92,414037,0.3876774410259049,0.4089689957293129,0.054920798711074
hetionet,balanced5_global_rf,0.94,423038,0.3825707040360901,0.4032561256914542,0.0540695391391305
hetionet,balanced5_global_rf,0.96,432038,0.3769198016343,0.3968202335608186,0.0527975230811212
hetionet,balanced5_global_rf,0.98,441039,0.3714787754483604,0.3904902367761509,0.0511777861463131
hetionet,balanced5_global_rf,1.0,450040,0.3731884548334996,0.3903218979298272,0.0459109677012161
FB15k-237,balanced3_max_topk_eff_global_rf,0.02,816,0.1507320421122492,0.1711569642789761,0.1355048460865182
FB15k-237,balanced3_max_topk_eff_global_rf,0.04,1633,0.1517985648736619,0.1669523006175194,0.0998279249640443
FB15k-237,balanced3_max_topk_eff_global_rf,0.06,2449,0.1563510823170157,0.1711470281010489,0.0946328324995735
FB15k-237,balanced3_max_topk_eff_global_rf,0.08,3266,0.1786433454996981,0.1950637003139074,0.0919169687976817
FB15k-237,balanced3_max_topk_eff_global_rf,0.1,4082,0.1958653641150706,0.2112337755169147,0.0784641606813913
FB15k-237,balanced3_max_topk_eff_global_rf,0.12,4898,0.2057462606896812,0.2220664988809414,0.079322161853893
FB15k-237,balanced3_max_topk_eff_global_rf,0.14,5715,0.2174256959443092,0.232211458881656,0.0680037512269662
FB15k-237,balanced3_max_topk_eff_global_rf,0.16,6531,0.2321928149743301,0.2471530112826372,0.0644300570194689
FB15k-237,balanced3_max_topk_eff_global_rf,0.18,7347,0.2492737871805942,0.2624636243170627,0.0529130530957622
FB15k-237,balanced3_max_topk_eff_global_rf,0.2,8164,0.2617036039370627,0.274190150992437,0.0477125529321225
FB15k-237,balanced3_max_topk_eff_global_rf,0.22,8980,0.2703709386498736,0.2821882192504143,0.0437076582991928
FB15k-237,balanced3_max_topk_eff_global_rf,0.24,9797,0.2788067253624617,0.2903750305463724,0.041492202775494
FB15k-237,balanced3_max_topk_eff_global_rf,0.26,10613,0.2831248787094331,0.2945462226949869,0.0403403050894561
FB15k-237,balanced3_max_topk_eff_global_rf,0.28,11429,0.2886874227527208,0.2994536168660142,0.0372936029240016
FB15k-237,balanced3_max_topk_eff_global_rf,0.3,12246,0.2892357476064842,0.2990500942810998,0.0339319975343033
FB15k-237,balanced3_max_topk_eff_global_rf,0.32,13062,0.2918856368293367,0.3014845130037328,0.0328857434667417
FB15k-237,balanced3_max_topk_eff_global_rf,0.34,13878,0.2935105463685483,0.3020544678761761,0.0291094191106153
FB15k-237,balanced3_max_topk_eff_global_rf,0.36,14695,0.2940732409453181,0.3020405705897297,0.0270930113151404
FB15k-237,balanced3_max_topk_eff_global_rf,0.38,15511,0.2954022653962705,0.3029373649288477,0.0255079273764851
FB15k-237,balanced3_max_topk_eff_global_rf,0.4,16328,0.2962062487153925,0.3035577983098089,0.0248190226448599
FB15k-237,balanced3_max_topk_eff_global_rf,0.42,17144,0.2978094995565072,0.3049058211537009,0.0238283923372542
FB15k-237,balanced3_max_topk_eff_global_rf,0.44,17960,0.2962491590332851,0.3029584177665592,0.0226473511525489
FB15k-237,balanced3_max_topk_eff_global_rf,0.46,18777,0.2979408735871608,0.304256285885401,0.0211968644053552
FB15k-237,balanced3_max_topk_eff_global_rf,0.48,19593,0.3016573517396359,0.3078637479463048,0.0205743243812126
FB15k-237,balanced3_max_topk_eff_global_rf,0.5,20410,0.3091235883197896,0.315125299687289,0.0194152487686918
FB15k-237,balanced3_max_topk_eff_global_rf,0.52,21226,0.3171850022308283,0.3230616388584593,0.018527473197974
FB15k-237,balanced3_max_topk_eff_global_rf,0.54,22042,0.3260956067247653,0.331798196718397,0.0174874787517294
FB15k-237,balanced3_max_topk_eff_global_rf,0.56,22859,0.3339380709717445,0.3394527354810223,0.0165140335548756
FB15k-237,balanced3_max_topk_eff_global_rf,0.58,23675,0.3384296991134902,0.3439061732800928,0.0161820141109012
FB15k-237,balanced3_max_topk_eff_global_rf,0.6,24491,0.3399402042920387,0.3452137534070995,0.0155131668701664
FB15k-237,balanced3_max_topk_eff_global_rf,0.62,25308,0.341163853009686,0.346337138634848,0.015163639346678
FB15k-237,balanced3_max_topk_eff_global_rf,0.64,26124,0.3429256064114108,0.3479429408024771,0.0146309703832585
FB15k-237,balanced3_max_topk_eff_global_rf,0.66,26941,0.3422578677706539,0.3471556099447248,0.0143100937488247
FB15k-237,balanced3_max_topk_eff_global_rf,0.68,27757,0.3411428860451249,0.3459558238663421,0.0141082755000805
FB15k-237,balanced3_max_topk_eff_global_rf,0.7,28573,0.3396672352878495,0.3443538074106442,0.013797539579651
FB15k-237,balanced3_max_topk_eff_global_rf,0.72,29390,0.3369613959762034,0.3415402216044148,0.0135885762668634
FB15k-237,balanced3_max_topk_eff_global_rf,0.74,30206,0.3336973926830684,0.3381773032506067,0.0134250691367945
FB15k-237,balanced3_max_topk_eff_global_rf,0.76,31022,0.3303611864539196,0.3347391787821077,0.0132521388943456
FB15k-237,balanced3_max_topk_eff_global_rf,0.78,31839,0.3270374151427435,0.3313107838508736,0.0130669107272174
FB15k-237,balanced3_max_topk_eff_global_rf,0.8,32655,0.3233413547578012,0.3275609646237641,0.0130500160399329
FB15k-237,balanced3_max_topk_eff_global_rf,0.82,33472,0.3210519476753378,0.3251898964131699,0.0128887202454122
FB15k-237,balanced3_max_topk_eff_global_rf,0.84,34288,0.3191253237823079,0.3231444509074084,0.0125941967797018
FB15k-237,balanced3_max_topk_eff_global_rf,0.86,35104,0.3184461784430881,0.3223018126719282,0.012107647978979
FB15k-237,balanced3_max_topk_eff_global_rf,0.88,35921,0.32045506214058,0.3241906875063717,0.011657251849412
FB15k-237,balanced3_max_topk_eff_global_rf,0.9,36737,0.3239232122807406,0.3275672203953814,0.0112496047720178
FB15k-237,balanced3_max_topk_eff_global_rf,0.92,37553,0.3309130839620842,0.3345190823354773,0.010897116337069
FB15k-237,balanced3_max_topk_eff_global_rf,0.94,38370,0.3390272594916712,0.3425525286980771,0.0103981880739962
FB15k-237,balanced3_max_topk_eff_global_rf,0.96,39186,0.3479131857960848,0.3513487041239136,0.0098746424915394
FB15k-237,balanced3_max_topk_eff_global_rf,0.98,40003,0.351767668020908,0.3550668404369515,0.0093788392623037
FB15k-237,balanced3_max_topk_eff_global_rf,1.0,40819,0.3528119855172369,0.3560530550713822,0.0091863930002085
KG20C,balanced3_max_topk_eff_global_rf,0.02,149,0.1293877526225332,0.1504430681142683,0.1627303594426008
KG20C,balanced3_max_topk_eff_global_rf,0.04,298,0.1455603816204119,0.1654821470783994,0.1368625530945566
KG20C,balanced3_max_topk_eff_global_rf,0.06,447,0.1468186785598302,0.1608685348929935,0.0956952921180109
KG20C,balanced3_max_topk_eff_global_rf,0.08,596,0.1463969198599851,0.1584492700049667,0.0823265281572074
KG20C,balanced3_max_topk_eff_global_rf,0.1,745,0.1446368976961509,0.1586333612914307,0.096769661256723
KG20C,balanced3_max_topk_eff_global_rf,0.12,894,0.1527396893834804,0.1679082694249857,0.0993100097475114
KG20C,balanced3_max_topk_eff_global_rf,0.14,1043,0.1565455763092803,0.1720437143012931,0.099000804477501
KG20C,balanced3_max_topk_eff_global_rf,0.16,1192,0.1516864625820983,0.1669597948066722,0.1006901470611287
KG20C,balanced3_max_topk_eff_global_rf,0.18,1341,0.1554379219059324,0.1693324579193441,0.0893896151147748
KG20C,balanced3_max_topk_eff_global_rf,0.2,1490,0.1545362935924347,0.1690455827462358,0.0938892011482241
KG20C,balanced3_max_topk_eff_global_rf,0.22,1639,0.1539289803378462,0.1686811979950192,0.0958378183548966
KG20C,balanced3_max_topk_eff_global_rf,0.24,1788,0.1514299345213579,0.165693515009684,0.094192608174934
KG20C,balanced3_max_topk_eff_global_rf,0.26,1936,0.1511756632781757,0.1643482115980898,0.0871340534201963
KG20C,balanced3_max_topk_eff_global_rf,0.28,2085,0.1537789136096469,0.1671400705708223,0.0868854945554595
KG20C,balanced3_max_topk_eff_global_rf,0.3,2234,0.1541884019030552,0.1668794380302112,0.0823086300300035
KG20C,balanced3_max_topk_eff_global_rf,0.32,2383,0.1557051069012244,0.1685078591020198,0.0822243563849014
KG20C,balanced3_max_topk_eff_global_rf,0.34,2532,0.1544914162716363,0.1675747430821738,0.0846864319473486
KG20C,balanced3_max_topk_eff_global_rf,0.36,2681,0.1556036761425206,0.1685802819015046,0.0833952389858605
KG20C,balanced3_max_topk_eff_global_rf,0.38,2830,0.157229257826396,0.1708596202383165,0.086691005226078
KG20C,balanced3_max_topk_eff_global_rf,0.4,2979,0.1595898518428722,0.1722317440714877,0.0792148879307339
KG20C,balanced3_max_topk_eff_global_rf,0.42,3128,0.1631511266728581,0.1749703217308042,0.0724432328416908
KG20C,balanced3_max_topk_eff_global_rf,0.44,3277,0.1657128630427247,0.1777663933200473,0.0727374450963103
KG20C,balanced3_max_topk_eff_global_rf,0.46,3426,0.1695951228825665,0.1816361952380686,0.0709989305756142
KG20C,balanced3_max_topk_eff_global_rf,0.48,3575,0.1722624359708522,0.1840451965600164,0.068400057869598
KG20C,balanced3_max_topk_eff_global_rf,0.5,3724,0.1743225935762878,0.1860281372026884,0.0671487463917177
KG20C,balanced3_max_topk_eff_global_rf,0.52,3873,0.1756255125650896,0.1868677440989101,0.0640125194205707
KG20C,balanced3_max_topk_eff_global_rf,0.54,4022,0.1779274921689405,0.1887909844495343,0.0610557263982507
KG20C,balanced3_max_topk_eff_global_rf,0.56,4171,0.1809540074961106,0.1919229890396239,0.0606175110200253
KG20C,balanced3_max_topk_eff_global_rf,0.58,4320,0.182209718186243,0.1931790760112573,0.0602018264130244
KG20C,balanced3_max_topk_eff_global_rf,0.6,4469,0.1821287827436158,0.1930020026363971,0.0597007223624155
KG20C,balanced3_max_topk_eff_global_rf,0.62,4618,0.1849131746755169,0.1952456367056863,0.0558773708163338
KG20C,balanced3_max_topk_eff_global_rf,0.64,4767,0.1861138306042462,0.196201330895703,0.0542007021117463
KG20C,balanced3_max_topk_eff_global_rf,0.66,4916,0.189488637947876,0.1989465117630297,0.0499126170179939
KG20C,balanced3_max_topk_eff_global_rf,0.68,5065,0.1904455978154763,0.1994048451812156,0.0470436044125315
KG20C,balanced3_max_topk_eff_global_rf,0.7,5214,0.1902840323582003,0.1991629680756014,0.04666148602888
KG20C,balanced3_max_topk_eff_global_rf,0.72,5363,0.1909173495455563,0.1995648699174043,0.0452945758593013
KG20C,balanced3_max_topk_eff_global_rf,0.74,5512,0.1924371703608933,0.2011958926295905,0.0455147113848706
KG20C,balanced3_max_topk_eff_global_rf,0.76,5660,0.1946786676457966,0.2036078054832149,0.0458660311650798
KG20C,balanced3_max_topk_eff_global_rf,0.78,5809,0.1957695788775268,0.2048269472512431,0.0462654536299664
KG20C,balanced3_max_topk_eff_global_rf,0.8,5958,0.1959183387739565,0.2047927958489989,0.0452967145933258
KG20C,balanced3_max_topk_eff_global_rf,0.82,6107,0.1968514330187021,0.2053568906154236,0.0432074964672133
KG20C,balanced3_max_topk_eff_global_rf,0.84,6256,0.1965729533347814,0.2049236005258654,0.0424811605534669
KG20C,balanced3_max_topk_eff_global_rf,0.86,6405,0.1963477559647328,0.2047818207683241,0.0429547297963834
KG20C,balanced3_max_topk_eff_global_rf,0.88,6554,0.1963612100876431,0.2047560018372752,0.0427517825230612
KG20C,balanced3_max_topk_eff_global_rf,0.9,6703,0.2006062475075292,0.2089400239394281,0.0415429555930757
KG20C,balanced3_max_topk_eff_global_rf,0.92,6852,0.2012962227403336,0.2094377869814176,0.0404456881020882
KG20C,balanced3_max_topk_eff_global_rf,0.94,7001,0.2012686498580381,0.2092811656661803,0.0398100539442864
KG20C,balanced3_max_topk_eff_global_rf,0.96,7150,0.2070855420973106,0.2150085569421628,0.0382596233643828
KG20C,balanced3_max_topk_eff_global_rf,0.98,7299,0.2173903753978865,0.2251516517563867,0.0357020238099081
KG20C,balanced3_max_topk_eff_global_rf,1.0,7448,0.2263807403572204,0.2339867495060782,0.0335983049479202
WN18RR,balanced3_max_topk_eff_global_rf,0.02,121,0.5290722368768344,0.5518773131607928,0.043103899041422
WN18RR,balanced3_max_topk_eff_global_rf,0.04,242,0.4574533408895994,0.4763581809863386,0.0413262696037488
WN18RR,balanced3_max_topk_eff_global_rf,0.06,363,0.3846540837459049,0.400998666506546,0.0424916397649324
WN18RR,balanced3_max_topk_eff_global_rf,0.08,484,0.3834521289011837,0.3965785091034636,0.0342321223770347
WN18RR,balanced3_max_topk_eff_global_rf,0.1,606,0.3786193775994124,0.3906851605719815,0.0318678432389558
WN18RR,balanced3_max_topk_eff_global_rf,0.12,727,0.3893731519363933,0.3998886601381238,0.0270062487601823
WN18RR,balanced3_max_topk_eff_global_rf,0.14,848,0.3853284787636335,0.3952314350698593,0.0257000373759044
WN18RR,balanced3_max_topk_eff_global_rf,0.16,969,0.4013951114137327,0.4101447291742536,0.0217980177429275
WN18RR,balanced3_max_topk_eff_global_rf,0.18,1090,0.4233844545541143,0.4311040694782692,0.018233109036289
WN18RR,balanced3_max_topk_eff_global_rf,0.2,1211,0.4737401582357866,0.4806727025316738,0.0146336428849607
WN18RR,balanced3_max_topk_eff_global_rf,0.22,1332,0.5173355633642217,0.523647495841399,0.0122008478136144
WN18RR,balanced3_max_topk_eff_global_rf,0.24,1453,0.5568933403152534,0.5626845733118552,0.0103991780424657
WN18RR,balanced3_max_topk_eff_global_rf,0.26,1574,0.5885945835590876,0.5939137225993086,0.009037016630458
WN18RR,balanced3_max_topk_eff_global_rf,0.28,1695,0.6143829289136763,0.6193097059460522,0.0080190656356404
WN18RR,balanced3_max_topk_eff_global_rf,0.3,1816,0.6395547774004147,0.6441532834961621,0.0071901676889021
WN18RR,balanced3_max_topk_eff_global_rf,0.32,1938,0.6615860089275567,0.66591162880108,0.0065382577853108
WN18RR,balanced3_max_topk_eff_global_rf,0.34,2059,0.6799963316737169,0.6840921184715302,0.0060232483721376
WN18RR,balanced3_max_topk_eff_global_rf,0.36,2180,0.696961839381793,0.7008866954404247,0.0056313787023305
WN18RR,balanced3_max_topk_eff_global_rf,0.38,2301,0.7128835307611323,0.7166019949974717,0.0052160894113646
WN18RR,balanced3_max_topk_eff_global_rf,0.4,2422,0.7268488207158795,0.7303815152690657,0.0048602879340255
WN18RR,balanced3_max_topk_eff_global_rf,0.42,2543,0.739151489173877,0.7425631459491919,0.0046156394531897
WN18RR,balanced3_max_topk_eff_global_rf,0.44,2664,0.7488922016441767,0.7521673986890784,0.0043733891709796
WN18RR,balanced3_max_topk_eff_global_rf,0.46,2785,0.7589885076787849,0.762103703112206,0.0041044039559285
WN18RR,balanced3_max_topk_eff_global_rf,0.48,2906,0.7662148819624687,0.7692121330944631,0.0039117631392355
WN18RR,balanced3_max_topk_eff_global_rf,0.5,3028,0.7737321818188244,0.7766456049121405,0.0037654154263915
WN18RR,balanced3_max_topk_eff_global_rf,0.52,3149,0.7733993841831652,0.7763562398980001,0.0038231937797024
WN18RR,balanced3_max_topk_eff_global_rf,0.54,3270,0.7586807411979546,0.7616998023067554,0.0039793564603125
WN18RR,balanced3_max_topk_eff_global_rf,0.56,3391,0.739100239532464,0.7420740722791074,0.0040235851479693
WN18RR,balanced3_max_topk_eff_global_rf,0.58,3512,0.7214174522853868,0.7243466775014199,0.0040603747618712
WN18RR,balanced3_max_topk_eff_global_rf,0.6,3633,0.7046180455701322,0.7073453086490685,0.0038705552548397
WN18RR,balanced3_max_topk_eff_global_rf,0.62,3754,0.6873619584513387,0.6900604813167723,0.0039259124428612
WN18RR,balanced3_max_topk_eff_global_rf,0.64,3875,0.6705250758681899,0.6732189575912525,0.0040175704384726
WN18RR,balanced3_max_topk_eff_global_rf,0.66,3996,0.65647071320557,0.6590019538781177,0.0038558318316859
WN18RR,balanced3_max_topk_eff_global_rf,0.68,4117,0.6419141390113329,0.6443697278944397,0.0038254164129938
WN18RR,balanced3_max_topk_eff_global_rf,0.7,4238,0.628541735997753,0.6310877086805303,0.0040506024293451
WN18RR,balanced3_max_topk_eff_global_rf,0.72,4360,0.6176732269110616,0.6201983481621877,0.0040881183465795
WN18RR,balanced3_max_topk_eff_global_rf,0.74,4481,0.6067037514231719,0.6093077442293668,0.0042920334678773
WN18RR,balanced3_max_topk_eff_global_rf,0.76,4602,0.5968530270304226,0.5994484527469442,0.0043485173048964
WN18RR,balanced3_max_topk_eff_global_rf,0.78,4723,0.5866639647068296,0.5892842371424863,0.0044663940403535
WN18RR,balanced3_max_topk_eff_global_rf,0.8,4844,0.5770130006033267,0.579657844527691,0.0045836816875854
WN18RR,balanced3_max_topk_eff_global_rf,0.82,4965,0.5703172962311378,0.5727628428548099,0.0042880456893612
WN18RR,balanced3_max_topk_eff_global_rf,0.84,5086,0.562456975966006,0.5649146245535238,0.0043694872541972
WN18RR,balanced3_max_topk_eff_global_rf,0.86,5207,0.5533666319485667,0.5557885158767185,0.0043766352872121
WN18RR,balanced3_max_topk_eff_global_rf,0.88,5328,0.5457050553538723,0.5480280694202331,0.0042569040612139
WN18RR,balanced3_max_topk_eff_global_rf,0.9,5450,0.539348173413448,0.5416405399693647,0.0042502536745581
WN18RR,balanced3_max_topk_eff_global_rf,0.92,5571,0.5330620776485603,0.5353685886230156,0.0043269087619772
WN18RR,balanced3_max_topk_eff_global_rf,0.94,5692,0.5266791392332362,0.5290224583395681,0.0044492347081439
WN18RR,balanced3_max_topk_eff_global_rf,0.96,5813,0.5188844838356191,0.5212278350861272,0.0045161328263005
WN18RR,balanced3_max_topk_eff_global_rf,0.98,5934,0.5142358787029452,0.5164370647626174,0.0042804987960471
WN18RR,balanced3_max_topk_eff_global_rf,1.0,6055,0.5112021246888968,0.5133269561687425,0.0041565388272568
YAGO3-10,balanced3_max_topk_eff_global_rf,0.02,200,0.4855465781867271,0.5940726729825578,0.2235132522221066
YAGO3-10,balanced3_max_topk_eff_global_rf,0.04,399,0.5388310138852076,0.6115766508460995,0.1350064029098177
YAGO3-10,balanced3_max_topk_eff_global_rf,0.06,598,0.5333004441682565,0.6031348826398606,0.1309476473069863
YAGO3-10,balanced3_max_topk_eff_global_rf,0.08,798,0.5363845531240595,0.5941501142246681,0.1076943039544393
YAGO3-10,balanced3_max_topk_eff_global_rf,0.1,998,0.5257746937028692,0.5833649185886,0.1095340372510904
YAGO3-10,balanced3_max_topk_eff_global_rf,0.12,1197,0.5267779667325417,0.5840271813630884,0.10867807358316
YAGO3-10,balanced3_max_topk_eff_global_rf,0.14,1397,0.5318557468272983,0.589940505212186,0.1092114896405334
YAGO3-10,balanced3_max_topk_eff_global_rf,0.16,1596,0.5458805974777924,0.5977007052851567,0.0949293820787842
YAGO3-10,balanced3_max_topk_eff_global_rf,0.18,1796,0.5453983297267871,0.5993282836498091,0.0988817731620808
YAGO3-10,balanced3_max_topk_eff_global_rf,0.2,1995,0.5520910185669896,0.6049473083632217,0.0957383620067324
YAGO3-10,balanced3_max_topk_eff_global_rf,0.22,2194,0.550675857610485,0.6019465959632273,0.0931051137328198
YAGO3-10,balanced3_max_topk_eff_global_rf,0.24,2394,0.5501145502065637,0.6000916589909033,0.0908485492077488
YAGO3-10,balanced3_max_topk_eff_global_rf,0.26,2594,0.5515057439936674,0.5993545806255496,0.0867603595302384
YAGO3-10,balanced3_max_topk_eff_global_rf,0.28,2793,0.5473173457438723,0.5924949259413457,0.0825436660262821
YAGO3-10,balanced3_max_topk_eff_global_rf,0.3,2992,0.5433975319347607,0.5875455455181979,0.0812444131393985
YAGO3-10,balanced3_max_topk_eff_global_rf,0.32,3192,0.5408827136959111,0.5841713081414265,0.0800332370574752
YAGO3-10,balanced3_max_topk_eff_global_rf,0.34,3392,0.5348582080284952,0.5769098542231196,0.0786220451764743
YAGO3-10,balanced3_max_topk_eff_global_rf,0.36,3591,0.5323107213460802,0.5720661152804152,0.0746845636206681
YAGO3-10,balanced3_max_topk_eff_global_rf,0.38,3790,0.532245304104492,0.5712007014078446,0.0731906829481483
YAGO3-10,balanced3_max_topk_eff_global_rf,0.4,3990,0.5285966760646897,0.5669995073809221,0.0726505350017232
YAGO3-10,balanced3_max_topk_eff_global_rf,0.42,4190,0.5237233534937866,0.5606404753165933,0.0704897377146362
YAGO3-10,balanced3_max_topk_eff_global_rf,0.44,4389,0.5272561041986991,0.5625294563731285,0.0668998460018519
YAGO3-10,balanced3_max_topk_eff_global_rf,0.46,4588,0.5305187749143069,0.564854117194276,0.0647203151019777
YAGO3-10,balanced3_max_topk_eff_global_rf,0.48,4788,0.535537237158598,0.5695017310302348,0.0634213487223454
YAGO3-10,balanced3_max_topk_eff_global_rf,0.5,4988,0.5388403297068343,0.5718976477754801,0.0613490049763558
YAGO3-10,balanced3_max_topk_eff_global_rf,0.52,5187,0.5428502011361664,0.5744806135810441,0.0582672943266415
YAGO3-10,balanced3_max_topk_eff_global_rf,0.54,5386,0.5459593678930987,0.5765694346093313,0.056066565602417
YAGO3-10,balanced3_max_topk_eff_global_rf,0.56,5586,0.5500160981552695,0.5803062794215634,0.0550714449411315
YAGO3-10,balanced3_max_topk_eff_global_rf,0.58,5786,0.5550803829744275,0.5844184617307767,0.0528537481348909
YAGO3-10,balanced3_max_topk_eff_global_rf,0.6,5985,0.5557896054756888,0.5842379354525925,0.0511854300559568
YAGO3-10,balanced3_max_topk_eff_global_rf,0.62,6184,0.5593204778096508,0.587025586244199,0.049533513493094
YAGO3-10,balanced3_max_topk_eff_global_rf,0.64,6384,0.5591477535774584,0.5859305057367246,0.047899239490651
YAGO3-10,balanced3_max_topk_eff_global_rf,0.66,6584,0.5667517278140568,0.5923895967121199,0.0452365076979077
YAGO3-10,balanced3_max_topk_eff_global_rf,0.68,6783,0.5675064746296787,0.5924179880339988,0.0438964391033174
YAGO3-10,balanced3_max_topk_eff_global_rf,0.7,6982,0.5758385812842347,0.6002282812775096,0.0423550987828584
YAGO3-10,balanced3_max_topk_eff_global_rf,0.72,7182,0.5819089619024531,0.6058711919843033,0.0411786579184305
YAGO3-10,balanced3_max_topk_eff_global_rf,0.74,7382,0.587106275317911,0.6103976253163673,0.0396714376555493
YAGO3-10,balanced3_max_topk_eff_global_rf,0.76,7581,0.5928482870998764,0.6156061660767059,0.0383873572244892
YAGO3-10,balanced3_max_topk_eff_global_rf,0.78,7780,0.5933690519801595,0.6155528726588367,0.037386211169333
YAGO3-10,balanced3_max_topk_eff_global_rf,0.8,7980,0.5970033613633899,0.6188534201749417,0.0365995574323942
YAGO3-10,balanced3_max_topk_eff_global_rf,0.82,8179,0.5943065598453093,0.6157940150526989,0.0361555073748176
YAGO3-10,balanced3_max_topk_eff_global_rf,0.84,8379,0.5898642982266217,0.6111417995941759,0.0360718582757479
YAGO3-10,balanced3_max_topk_eff_global_rf,0.86,8578,0.5816353305178714,0.6024360875083937,0.0357625403738832
YAGO3-10,balanced3_max_topk_eff_global_rf,0.88,8778,0.5734992096974884,0.594074789747053,0.0358772596398482
YAGO3-10,balanced3_max_topk_eff_global_rf,0.9,8978,0.5663732447838378,0.5865006898072381,0.0355374220247324
YAGO3-10,balanced3_max_topk_eff_global_rf,0.92,9177,0.5594005088674843,0.5790702876884425,0.0351622469217627
YAGO3-10,balanced3_max_topk_eff_global_rf,0.94,9376,0.553940777034532,0.5733824408374188,0.0350970078551824
YAGO3-10,balanced3_max_topk_eff_global_rf,0.96,9576,0.5504048410902371,0.5696094750740459,0.0348918333381087
YAGO3-10,balanced3_max_topk_eff_global_rf,0.98,9776,0.5558043568587444,0.5745687267227846,0.0337607462634717
YAGO3-10,balanced3_max_topk_eff_global_rf,1.0,9975,0.5616723217905851,0.5802260659200453,0.0330330397451519
codex-l,balanced3_max_topk_eff_global_rf,0.02,1223,0.2162414325709809,0.226603047824185,0.0479168822089768
codex-l,balanced3_max_topk_eff_global_rf,0.04,2445,0.2204786947845996,0.2339732759809514,0.061205828570128
codex-l,balanced3_max_topk_eff_global_rf,0.06,3668,0.2267512783001487,0.241429418585623,0.0647323375440689
codex-l,balanced3_max_topk_eff_global_rf,0.08,4890,0.2337607731422399,0.2475777232461757,0.0591072228167568
codex-l,balanced3_max_topk_eff_global_rf,0.1,6113,0.2583501325335959,0.2714242189355427,0.0506060758464934
codex-l,balanced3_max_topk_eff_global_rf,0.12,7335,0.272144138978958,0.2841320572532138,0.0440498859142532
codex-l,balanced3_max_topk_eff_global_rf,0.14,8558,0.2770102889112987,0.289800541617588,0.0461724824610569
codex-l,balanced3_max_topk_eff_global_rf,0.16,9781,0.2810992657491711,0.2934950363795999,0.0440974849129975
codex-l,balanced3_max_topk_eff_global_rf,0.18,11003,0.2844937533830876,0.2962985358625725,0.0414939953482533
codex-l,balanced3_max_topk_eff_global_rf,0.2,12226,0.289084098797747,0.3001890009060218,0.038414088337817
codex-l,balanced3_max_topk_eff_global_rf,0.22,13448,0.2971614827986628,0.307965929166787,0.0363588385223012
codex-l,balanced3_max_topk_eff_global_rf,0.24,14671,0.3047716479742661,0.3152022920489021,0.0342244567169081
codex-l,balanced3_max_topk_eff_global_rf,0.26,15894,0.3103940761846599,0.3201100608261628,0.0313020942955193
codex-l,balanced3_max_topk_eff_global_rf,0.28,17116,0.3178268142749221,0.3271766168216389,0.0294179160686838
codex-l,balanced3_max_topk_eff_global_rf,0.3,18339,0.3257979496125393,0.3346375951443264,0.0271322933195246
codex-l,balanced3_max_topk_eff_global_rf,0.32,19561,0.3308277402353581,0.3395274403058675,0.0262967672067653
codex-l,balanced3_max_topk_eff_global_rf,0.34,20784,0.3328357441590612,0.3415601244288387,0.0262122696341415
codex-l,balanced3_max_topk_eff_global_rf,0.36,22006,0.3381412298007978,0.346578810258692,0.0249528295111036
codex-l,balanced3_max_topk_eff_global_rf,0.38,23229,0.341089445420083,0.3494701457498924,0.0245703889180382
codex-l,balanced3_max_topk_eff_global_rf,0.4,24452,0.3437603829828913,0.35197960824766,0.0239097513024872
codex-l,balanced3_max_topk_eff_global_rf,0.42,25674,0.3489933615466623,0.3569811339089265,0.0228880352533473
codex-l,balanced3_max_topk_eff_global_rf,0.44,26897,0.3576063942198249,0.3653484491383865,0.0216496546026594
codex-l,balanced3_max_topk_eff_global_rf,0.46,28119,0.3627963905283146,0.3703210027947382,0.0207405929685962
codex-l,balanced3_max_topk_eff_global_rf,0.48,29342,0.3670411970734957,0.3744246443603551,0.0201161268700336
codex-l,balanced3_max_topk_eff_global_rf,0.5,30564,0.3745132362419284,0.3818651785459235,0.0196306607952458
codex-l,balanced3_max_topk_eff_global_rf,0.52,31787,0.3828572930585542,0.3900750738848083,0.0188524052097662
codex-l,balanced3_max_topk_eff_global_rf,0.54,33010,0.3881347769525968,0.3954075812868897,0.0187378322329028
codex-l,balanced3_max_topk_eff_global_rf,0.56,34232,0.392640378930453,0.3998639993972768,0.018397548633436
codex-l,balanced3_max_topk_eff_global_rf,0.58,35455,0.3954643337673088,0.4026112750645672,0.0180722777934854
codex-l,balanced3_max_topk_eff_global_rf,0.6,36677,0.3968230159419066,0.4039711911818363,0.0180135096825535
codex-l,balanced3_max_topk_eff_global_rf,0.62,37900,0.3944835040068989,0.4015837035964419,0.0179987236916725
codex-l,balanced3_max_topk_eff_global_rf,0.64,39123,0.3908091655663913,0.397908096771785,0.0181646998864661
codex-l,balanced3_max_topk_eff_global_rf,0.66,40345,0.3858514514968097,0.3928729485170097,0.0181974098917132
codex-l,balanced3_max_topk_eff_global_rf,0.68,41568,0.3822782295694362,0.3891714819908134,0.0180320297840164
codex-l,balanced3_max_topk_eff_global_rf,0.7,42790,0.3778852558181043,0.3844865973651593,0.0174691693984287
codex-l,balanced3_max_topk_eff_global_rf,0.72,44013,0.3744177087730978,0.3809141984579399,0.0173509145871599
codex-l,balanced3_max_topk_eff_global_rf,0.74,45235,0.3705770373740651,0.3770891508134704,0.0175729005918729
codex-l,balanced3_max_topk_eff_global_rf,0.76,46458,0.3664273421351237,0.372777233225275,0.0173291956139278
codex-l,balanced3_max_topk_eff_global_rf,0.78,47681,0.3631096346448598,0.3693205823778245,0.0171048827691928
codex-l,balanced3_max_topk_eff_global_rf,0.8,48903,0.3603445349260457,0.3664759816715768,0.0170155119649297
codex-l,balanced3_max_topk_eff_global_rf,0.82,50126,0.3575420878707519,0.3635050764500676,0.0166777248933873
codex-l,balanced3_max_topk_eff_global_rf,0.84,51348,0.354923466832575,0.3608092648092316,0.0165832877413909
codex-l,balanced3_max_topk_eff_global_rf,0.86,52571,0.3526830873658017,0.3585007577780675,0.016495461848534
codex-l,balanced3_max_topk_eff_global_rf,0.88,53794,0.3494165343119518,0.3551642710904977,0.0164495271806868
codex-l,balanced3_max_topk_eff_global_rf,0.9,55016,0.3456926617510686,0.3513509640245967,0.0163680138446289
codex-l,balanced3_max_topk_eff_global_rf,0.92,56239,0.3414586923005104,0.3470206113544087,0.0162887024970017
codex-l,balanced3_max_topk_eff_global_rf,0.94,57461,0.3403492890057457,0.3458350862444501,0.0161181392643126
codex-l,balanced3_max_topk_eff_global_rf,0.96,58684,0.337343011949714,0.3427448154810136,0.0160127921431638
codex-l,balanced3_max_topk_eff_global_rf,0.98,59906,0.335021194562318,0.3403047840219584,0.0157709110509949
codex-l,balanced3_max_topk_eff_global_rf,1.0,61129,0.3299017687130151,0.334842792661744,0.0149772581335478
codex-m,balanced3_max_topk_eff_global_rf,0.02,412,0.1274898447665936,0.1528640565647503,0.1990292783288856
codex-m,balanced3_max_topk_eff_global_rf,0.04,824,0.123830363869472,0.1453044247172117,0.1734151477611356
codex-m,balanced3_max_topk_eff_global_rf,0.06,1236,0.142322528713487,0.1576971105365339,0.1080263396246832
codex-m,balanced3_max_topk_eff_global_rf,0.08,1648,0.1616407515221983,0.1755379317556488,0.0859757214847025
codex-m,balanced3_max_topk_eff_global_rf,0.1,2059,0.1728822762158126,0.1837013654706734,0.062580673344184
codex-m,balanced3_max_topk_eff_global_rf,0.12,2471,0.1805933356808161,0.1902956752792012,0.0537247931204574
codex-m,balanced3_max_topk_eff_global_rf,0.14,2883,0.1864617617885881,0.1959118981334003,0.0506813635898542
codex-m,balanced3_max_topk_eff_global_rf,0.16,3295,0.1892499406557003,0.196968009880122,0.0407824129174396
codex-m,balanced3_max_topk_eff_global_rf,0.18,3707,0.1967955821504266,0.2048785561724722,0.0410729444925606
codex-m,balanced3_max_topk_eff_global_rf,0.2,4119,0.2016015098622801,0.2094072023135172,0.0387184225781309
codex-m,balanced3_max_topk_eff_global_rf,0.22,4531,0.2107476648308719,0.2175813524056588,0.032425923107006
codex-m,balanced3_max_topk_eff_global_rf,0.24,4943,0.2161656461907039,0.2225418841310162,0.0294969994200056
codex-m,balanced3_max_topk_eff_global_rf,0.26,5354,0.21934530249233,0.2253064406666344,0.027176958460338
codex-m,balanced3_max_topk_eff_global_rf,0.28,5766,0.2203444778498997,0.2262156182154867,0.0266452802578809
codex-m,balanced3_max_topk_eff_global_rf,0.3,6178,0.2236290276454298,0.2292528223176575,0.0251478742783983
codex-m,balanced3_max_topk_eff_global_rf,0.32,6590,0.2222763602661032,0.2276021371371703,0.0239601587172437
codex-m,balanced3_max_topk_eff_global_rf,0.34,7002,0.2218034256084516,0.2266271675368393,0.0217478242960187
codex-m,balanced3_max_topk_eff_global_rf,0.36,7414,0.2246393184380988,0.2290013836865589,0.0194180844154496
codex-m,balanced3_max_topk_eff_global_rf,0.38,7826,0.2325183100744179,0.2367962712513078,0.018398384090787
codex-m,balanced3_max_topk_eff_global_rf,0.4,8238,0.239943407997839,0.244133646110942,0.017463443351362
codex-m,balanced3_max_topk_eff_global_rf,0.42,8649,0.2432040065416887,0.247240590981105,0.0165975244273961
codex-m,balanced3_max_topk_eff_global_rf,0.44,9061,0.2511884568093502,0.2553196505316815,0.0164465906387838
codex-m,balanced3_max_topk_eff_global_rf,0.46,9473,0.2631041541262421,0.2672694284279516,0.0158312753196245
codex-m,balanced3_max_topk_eff_global_rf,0.48,9885,0.2741479396199121,0.2781355896416552,0.0145456136831509
codex-m,balanced3_max_topk_eff_global_rf,0.5,10297,0.2812310184947094,0.2851785780723706,0.0140367147222613
codex-m,balanced3_max_topk_eff_global_rf,0.52,10709,0.2922949301215179,0.2960180177151876,0.0127374347277318
codex-m,balanced3_max_topk_eff_global_rf,0.54,11121,0.3007499940028758,0.3043190027193956,0.0118670283879898
codex-m,balanced3_max_topk_eff_global_rf,0.56,11533,0.3081916990098229,0.3117211636923454,0.0114521730918197
codex-m,balanced3_max_topk_eff_global_rf,0.58,11945,0.317890067513213,0.3211797143507879,0.0103483788068912
codex-m,balanced3_max_topk_eff_global_rf,0.6,12356,0.3257523519856415,0.3288987455307904,0.0096588513512485
codex-m,balanced3_max_topk_eff_global_rf,0.62,12768,0.3309880878363003,0.3339193213604441,0.0088560091189553
codex-m,balanced3_max_topk_eff_global_rf,0.64,13180,0.333694213633126,0.3364804004589534,0.0083495209446171
codex-m,balanced3_max_topk_eff_global_rf,0.66,13592,0.3371761689366008,0.339960251493872,0.0082570561438306
codex-m,balanced3_max_topk_eff_global_rf,0.68,14004,0.342616569239375,0.3453659780111942,0.0080247396613741
codex-m,balanced3_max_topk_eff_global_rf,0.7,14416,0.344200778938058,0.3469912329260517,0.0081070530886155
codex-m,balanced3_max_topk_eff_global_rf,0.72,14828,0.3484803695452875,0.3513216206052816,0.0081532600062994
codex-m,balanced3_max_topk_eff_global_rf,0.74,15240,0.3504603726552286,0.3532217358442595,0.0078792451429234
codex-m,balanced3_max_topk_eff_global_rf,0.76,15651,0.3527649446429425,0.3553950820715704,0.0074557788934783
codex-m,balanced3_max_topk_eff_global_rf,0.78,16063,0.3543752461464378,0.3570743910981896,0.0076166294940265
codex-m,balanced3_max_topk_eff_global_rf,0.8,16475,0.3527760948183543,0.3554545296627847,0.0075924499527371
codex-m,balanced3_max_topk_eff_global_rf,0.82,16887,0.3513847407550478,0.3542051862091807,0.008026658892678
codex-m,balanced3_max_topk_eff_global_rf,0.84,17299,0.3500654478759391,0.3528529238654563,0.0079627281310694
codex-m,balanced3_max_topk_eff_global_rf,0.86,17711,0.3481435182527442,0.3509352981696468,0.0080190489569182
codex-m,balanced3_max_topk_eff_global_rf,0.88,18123,0.3473073156041584,0.350112665554852,0.0080774283311986
codex-m,balanced3_max_topk_eff_global_rf,0.9,18535,0.3468316891300409,0.3496413766325332,0.0081010115008228
codex-m,balanced3_max_topk_eff_global_rf,0.92,18946,0.3450495875077111,0.3477957513592711,0.0079587512954169
codex-m,balanced3_max_topk_eff_global_rf,0.94,19358,0.3438267290604809,0.346544904469247,0.0079056547354348
codex-m,balanced3_max_topk_eff_global_rf,0.96,19770,0.3434973220212962,0.3462336383728273,0.0079660485718764
codex-m,balanced3_max_topk_eff_global_rf,0.98,20182,0.3430200936419781,0.3457091220605814,0.0078392737581429
codex-m,balanced3_max_topk_eff_global_rf,1.0,20594,0.3423415349994885,0.3449297847479118,0.0075604315685127
hetionet,balanced3_max_topk_eff_global_rf,0.02,9001,0.4023768068232388,0.6153747318217163,0.5293494092765789
hetionet,balanced3_max_topk_eff_global_rf,0.04,18002,0.48415604473041,0.6353323119665147,0.3122469891298856
hetionet,balanced3_max_topk_eff_global_rf,0.06,27002,0.5129684055131742,0.640419488292388,0.2484579584423167
hetionet,balanced3_max_topk_eff_global_rf,0.08,36003,0.5309828299822652,0.6446427187064225,0.2140556762032277
hetionet,balanced3_max_topk_eff_global_rf,0.1,45004,0.5404388073606361,0.644943606781956,0.1933702724489649
hetionet,balanced3_max_topk_eff_global_rf,0.12,54005,0.5424334489178726,0.6404771329899936,0.1807478581339576
hetionet,balanced3_max_topk_eff_global_rf,0.14,63006,0.545024670323791,0.6380650837912858,0.1707086275786762
hetionet,balanced3_max_topk_eff_global_rf,0.16,72006,0.5490605834548427,0.636819800560391,0.1598352162767591
hetionet,balanced3_max_topk_eff_global_rf,0.18,81007,0.5549920526596887,0.636715114357555,0.1472508683795108
hetionet,balanced3_max_topk_eff_global_rf,0.2,90008,0.5565540646076818,0.6324772703240419,0.1364165865357192
hetionet,balanced3_max_topk_eff_global_rf,0.22,99009,0.5615946383156583,0.632156400223338,0.1256453624972444
hetionet,balanced3_max_topk_eff_global_rf,0.24,108010,0.5668006956823352,0.6322569408104172,0.1154837064010365
hetionet,balanced3_max_topk_eff_global_rf,0.26,117010,0.5666385296138217,0.6279791917213827,0.1082536024321647
hetionet,balanced3_max_topk_eff_global_rf,0.28,126011,0.5677849633250498,0.6269969537665568,0.104285943211231
hetionet,balanced3_max_topk_eff_global_rf,0.3,135012,0.5696396751854477,0.6263601454075163,0.0995725415432187
hetionet,balanced3_max_topk_eff_global_rf,0.32,144013,0.570509983337302,0.6251782175872719,0.0958234489257805
hetionet,balanced3_max_topk_eff_global_rf,0.34,153014,0.5695265663755666,0.6221619759346121,0.0924195861380341
hetionet,balanced3_max_topk_eff_global_rf,0.36,162014,0.5675158746949766,0.6180966818472339,0.0891266824552583
hetionet,balanced3_max_topk_eff_global_rf,0.38,171015,0.5603487809924937,0.6092518311754405,0.0872725199764499
hetionet,balanced3_max_topk_eff_global_rf,0.4,180016,0.5530028497984516,0.6001638217302065,0.0852816074075266
hetionet,balanced3_max_topk_eff_global_rf,0.42,189017,0.5478695374859949,0.5933287108745586,0.0829744497150943
hetionet,balanced3_max_topk_eff_global_rf,0.44,198018,0.5416382449852369,0.585651971024884,0.0812603734081716
hetionet,balanced3_max_topk_eff_global_rf,0.46,207018,0.5344511630059452,0.5771843126436322,0.0799570710957768
hetionet,balanced3_max_topk_eff_global_rf,0.48,216019,0.5254884486010659,0.5670698735408459,0.0791290941798557
hetionet,balanced3_max_topk_eff_global_rf,0.5,225020,0.5162656878371755,0.5566288940275763,0.0781830114635293
hetionet,balanced3_max_topk_eff_global_rf,0.52,234021,0.5065963661263125,0.5459067771069926,0.0775971041428249
hetionet,balanced3_max_topk_eff_global_rf,0.54,243022,0.4978896357064217,0.5360512646155813,0.0766467630020348
hetionet,balanced3_max_topk_eff_global_rf,0.56,252022,0.4897099063176972,0.526844676787072,0.0758301394158111
hetionet,balanced3_max_topk_eff_global_rf,0.58,261023,0.48210704423179,0.5183075374683876,0.0750880819306032
hetionet,balanced3_max_topk_eff_global_rf,0.6,270024,0.4764317756816675,0.511493638618218,0.0735926206567241
hetionet,balanced3_max_topk_eff_global_rf,0.62,279025,0.4712020723648191,0.5052215001964913,0.0721971099595106
hetionet,balanced3_max_topk_eff_global_rf,0.64,288026,0.4679186588071052,0.5008690470743292,0.0704190517882457
hetionet,balanced3_max_topk_eff_global_rf,0.66,297026,0.4645984365425065,0.4966752314038263,0.0690419776270276
hetionet,balanced3_max_topk_eff_global_rf,0.68,306027,0.4610315203955887,0.4921413679314625,0.0674787865028836
hetionet,balanced3_max_topk_eff_global_rf,0.7,315028,0.4566147305411251,0.4868509726087203,0.0662182799748112
hetionet,balanced3_max_topk_eff_global_rf,0.72,324029,0.4513226143870535,0.4805610973948553,0.0647839972466501
hetionet,balanced3_max_topk_eff_global_rf,0.74,333030,0.4457457694589637,0.4740887246234443,0.063585472048075
hetionet,balanced3_max_topk_eff_global_rf,0.76,342030,0.4394286016231844,0.4669306626839072,0.0625859604020637
hetionet,balanced3_max_topk_eff_global_rf,0.78,351031,0.4331521506710528,0.4597967081166492,0.0615131597622633
hetionet,balanced3_max_topk_eff_global_rf,0.8,360032,0.4260444439926948,0.4519273342384902,0.0607516201906839
hetionet,balanced3_max_topk_eff_global_rf,0.82,369033,0.4186409566504922,0.4438530650189742,0.0602237023587033
hetionet,balanced3_max_topk_eff_global_rf,0.84,378034,0.4116203125740079,0.4361130349948546,0.0595031918315329
hetionet,balanced3_max_topk_eff_global_rf,0.86,387034,0.4047283274064769,0.4285866122613446,0.058948888030035
hetionet,balanced3_max_topk_eff_global_rf,0.88,396035,0.3984824066674209,0.4216522842458415,0.0581452962307529
hetionet,balanced3_max_topk_eff_global_rf,0.9,405036,0.3927361971770226,0.41519410805165,0.0571831958348996
hetionet,balanced3_max_topk_eff_global_rf,0.92,414037,0.386403739583916,0.4080429729728165,0.0560016148192612
hetionet,balanced3_max_topk_eff_global_rf,0.94,423038,0.380269381836809,0.4011544059405141,0.054921655808376
hetionet,balanced3_max_topk_eff_global_rf,0.96,432038,0.3755562275790156,0.3955258176237135,0.0531733694670164
hetionet,balanced3_max_topk_eff_global_rf,0.98,441039,0.3709084755317316,0.3899985587925935,0.051468447124306
hetionet,balanced3_max_topk_eff_global_rf,1.0,450040,0.3731884548334996,0.3903218979298271,0.0459109677012161
FB15k-237,balanced2_syn_topk_global_rf,0.02,816,0.2855500783615344,0.3093617077353696,0.0833886283991396
FB15k-237,balanced2_syn_topk_global_rf,0.04,1633,0.2478555242578042,0.2646043241235392,0.0675748499691051
FB15k-237,balanced2_syn_topk_global_rf,0.06,2449,0.2576071182240843,0.2731386162097327,0.0602914162183128
FB15k-237,balanced2_syn_topk_global_rf,0.08,3266,0.2594144913377076,0.2734347540393493,0.0540457960900495
FB15k-237,balanced2_syn_topk_global_rf,0.1,4082,0.2585983793648074,0.2712654486059815,0.0489835600373371
FB15k-237,balanced2_syn_topk_global_rf,0.12,4898,0.2565932521209993,0.2679234660988157,0.0441563208859192
FB15k-237,balanced2_syn_topk_global_rf,0.14,5715,0.2610934876229411,0.2716659131731689,0.0404928734396317
FB15k-237,balanced2_syn_topk_global_rf,0.16,6531,0.2633601419125237,0.2731482928124315,0.0371664095744563
FB15k-237,balanced2_syn_topk_global_rf,0.18,7347,0.2609598346359902,0.2714919073803532,0.0403589799903654
FB15k-237,balanced2_syn_topk_global_rf,0.2,8164,0.2663764665390639,0.2783247723558119,0.0448549602447549
FB15k-237,balanced2_syn_topk_global_rf,0.22,8980,0.2698272103640829,0.2817785745199465,0.0442926572888529
FB15k-237,balanced2_syn_topk_global_rf,0.24,9797,0.2850548024525925,0.2962255677017893,0.0391881320822671
FB15k-237,balanced2_syn_topk_global_rf,0.26,10613,0.2951687011569875,0.3052127684509471,0.0340282260774578
FB15k-237,balanced2_syn_topk_global_rf,0.28,11429,0.3037073319822329,0.3129648268616599,0.0304816311776385
FB15k-237,balanced2_syn_topk_global_rf,0.3,12246,0.3078418132434696,0.3169166713429226,0.0294789651991678
FB15k-237,balanced2_syn_topk_global_rf,0.32,13062,0.3105676875016272,0.3190114023181272,0.0271880017023851
FB15k-237,balanced2_syn_topk_global_rf,0.34,13878,0.313175483947453,0.3210841439810544,0.0252531262470354
FB15k-237,balanced2_syn_topk_global_rf,0.36,14695,0.3166426622506965,0.3245368976745904,0.0249310543556626
FB15k-237,balanced2_syn_topk_global_rf,0.38,15511,0.3212138338148768,0.3286114842402503,0.0230302983452352
FB15k-237,balanced2_syn_topk_global_rf,0.4,16328,0.3226027066806776,0.3298872674879897,0.0225805941997956
FB15k-237,balanced2_syn_topk_global_rf,0.42,17144,0.3266872162609505,0.3338679143432799,0.0219803461075551
FB15k-237,balanced2_syn_topk_global_rf,0.44,17960,0.3311291678578656,0.3379877153797461,0.0207126045894709
FB15k-237,balanced2_syn_topk_global_rf,0.46,18777,0.3348444071278295,0.3415804086567808,0.0201168106307352
FB15k-237,balanced2_syn_topk_global_rf,0.48,19593,0.3397675406806411,0.346228367486849,0.0190154327080955
FB15k-237,balanced2_syn_topk_global_rf,0.5,20410,0.3423073386487187,0.3484176963076243,0.0178505014909311
FB15k-237,balanced2_syn_topk_global_rf,0.52,21226,0.3448889995953675,0.3508449611903895,0.0172692129989928
FB15k-237,balanced2_syn_topk_global_rf,0.54,22042,0.3471183189788451,0.3530905363030353,0.0172051343811507
FB15k-237,balanced2_syn_topk_global_rf,0.56,22859,0.3478633839124261,0.353740655546615,0.0168953442816748
FB15k-237,balanced2_syn_topk_global_rf,0.58,23675,0.3452552470846128,0.3510438257466478,0.0167660845444481
FB15k-237,balanced2_syn_topk_global_rf,0.6,24491,0.3423799368708543,0.3479574562830708,0.0162904388124831
FB15k-237,balanced2_syn_topk_global_rf,0.62,25308,0.3394781109329524,0.3449009738868792,0.0159741166787565
FB15k-237,balanced2_syn_topk_global_rf,0.64,26124,0.3395486283584548,0.3447631430160304,0.0153571954708964
FB15k-237,balanced2_syn_topk_global_rf,0.66,26941,0.3425045274498273,0.3475532348992073,0.0147405568240834
FB15k-237,balanced2_syn_topk_global_rf,0.68,27757,0.3445948699506521,0.3495122655091759,0.0142700776689683
FB15k-237,balanced2_syn_topk_global_rf,0.7,28573,0.3471448154154948,0.351929792798439,0.0137838077092327
FB15k-237,balanced2_syn_topk_global_rf,0.72,29390,0.3478212106754261,0.3524560991573485,0.0133254911996942
FB15k-237,balanced2_syn_topk_global_rf,0.74,30206,0.3494364543446926,0.3539474772990296,0.0129094228671609
FB15k-237,balanced2_syn_topk_global_rf,0.76,31022,0.3531406445221904,0.3574723281354761,0.0122661712280289
FB15k-237,balanced2_syn_topk_global_rf,0.78,31839,0.3550866471790495,0.3593134172833949,0.0119034892973999
FB15k-237,balanced2_syn_topk_global_rf,0.8,32655,0.3568599487594435,0.3609840387839009,0.0115566065589429
FB15k-237,balanced2_syn_topk_global_rf,0.82,33472,0.3564327440807329,0.3604589827032833,0.0112959280240494
FB15k-237,balanced2_syn_topk_global_rf,0.84,34288,0.356401626678468,0.3603285248335092,0.0110181824691386
FB15k-237,balanced2_syn_topk_global_rf,0.86,35104,0.3554361678462414,0.3592750721314501,0.0108005448867809
FB15k-237,balanced2_syn_topk_global_rf,0.88,35921,0.3545845513393335,0.3583181853518611,0.010529601468606
FB15k-237,balanced2_syn_topk_global_rf,0.9,36737,0.3542279042121428,0.3578781363337456,0.010304756000862
FB15k-237,balanced2_syn_topk_global_rf,0.92,37553,0.3537119556852467,0.3572784139276136,0.0100829451338662
FB15k-237,balanced2_syn_topk_global_rf,0.94,38370,0.3520993825294661,0.3555888201131021,0.0099103768900929
FB15k-237,balanced2_syn_topk_global_rf,0.96,39186,0.3506306708650638,0.3540393197937991,0.0097214796421705
FB15k-237,balanced2_syn_topk_global_rf,0.98,40003,0.3510666334322316,0.3544067024134993,0.0095140599054182
FB15k-237,balanced2_syn_topk_global_rf,1.0,40819,0.3528119855172369,0.3560530550713822,0.0091863930002085
KG20C,balanced2_syn_topk_global_rf,0.02,149,0.2415782129039966,0.2707925371867151,0.1209311217743309
KG20C,balanced2_syn_topk_global_rf,0.04,298,0.1947721404168785,0.2220005378505481,0.1397961606592794
KG20C,balanced2_syn_topk_global_rf,0.06,447,0.1786352533205097,0.2005777489355757,0.1228340722628609
KG20C,balanced2_syn_topk_global_rf,0.08,596,0.1707476278423595,0.191438036295657,0.1211753786260481
KG20C,balanced2_syn_topk_global_rf,0.1,745,0.1631708375651532,0.1802773418882009,0.1048380003333451
KG20C,balanced2_syn_topk_global_rf,0.12,894,0.1677802487350113,0.1839758105886677,0.0965284172348279
KG20C,balanced2_syn_topk_global_rf,0.14,1043,0.1661328221642503,0.1804792029830048,0.0863548853974849
KG20C,balanced2_syn_topk_global_rf,0.16,1192,0.1623849861310232,0.1753123720629088,0.0796094900143964
KG20C,balanced2_syn_topk_global_rf,0.18,1341,0.1604063486726238,0.17245989920857,0.0751438495775909
KG20C,balanced2_syn_topk_global_rf,0.2,1490,0.1534730163334476,0.1657930022559403,0.0802746060305825
KG20C,balanced2_syn_topk_global_rf,0.22,1639,0.1519875331052814,0.1646875728631724,0.0835597466345718
KG20C,balanced2_syn_topk_global_rf,0.24,1788,0.1467810661718627,0.159224803405117,0.084777536761343
KG20C,balanced2_syn_topk_global_rf,0.26,1936,0.1484589013179648,0.1611086420941109,0.0852070213631268
KG20C,balanced2_syn_topk_global_rf,0.28,2085,0.1480608517009299,0.1610499867019593,0.0877283552796679
KG20C,balanced2_syn_topk_global_rf,0.3,2234,0.1491788197698464,0.1622281270358863,0.0874742626746372
KG20C,balanced2_syn_topk_global_rf,0.32,2383,0.1501823645052235,0.1624913692490569,0.081960387189172
KG20C,balanced2_syn_topk_global_rf,0.34,2532,0.1496691126994448,0.1624601274241093,0.0854619533313498
KG20C,balanced2_syn_topk_global_rf,0.36,2681,0.1483963770032585,0.1599731721732823,0.0780126537035983
KG20C,balanced2_syn_topk_global_rf,0.38,2830,0.1496734572716947,0.1607702332399138,0.0741399054347733
KG20C,balanced2_syn_topk_global_rf,0.4,2979,0.1480139670182159,0.1591463914702506,0.0752119862490046
KG20C,balanced2_syn_topk_global_rf,0.42,3128,0.1488913205057695,0.1602057394122846,0.0759911247215825
KG20C,balanced2_syn_topk_global_rf,0.44,3277,0.1479077403688422,0.1596147548189602,0.0791507896809449
KG20C,balanced2_syn_topk_global_rf,0.46,3426,0.1501652210852302,0.1620650528820507,0.0792449257612484
KG20C,balanced2_syn_topk_global_rf,0.48,3575,0.1518699657752603,0.1636082447305693,0.0772916415394431
KG20C,balanced2_syn_topk_global_rf,0.5,3724,0.1529507154300688,0.1644675161272459,0.0752974620928965
KG20C,balanced2_syn_topk_global_rf,0.52,3873,0.1554315758149438,0.1671142616937856,0.0751628864185942
KG20C,balanced2_syn_topk_global_rf,0.54,4022,0.1577843334994739,0.1693251372484276,0.07314290014092
KG20C,balanced2_syn_topk_global_rf,0.56,4171,0.1592974293572546,0.1703583645175905,0.0694357417126276
KG20C,balanced2_syn_topk_global_rf,0.58,4320,0.1596258061163427,0.1708058207818293,0.0700388924416024
KG20C,balanced2_syn_topk_global_rf,0.6,4469,0.1608472492679425,0.1719910879065923,0.0692821213254706
KG20C,balanced2_syn_topk_global_rf,0.62,4618,0.1641731736652709,0.175148088773834,0.0668496250851529
KG20C,balanced2_syn_topk_global_rf,0.64,4767,0.1657033720784585,0.1759612081327341,0.0619048117464902
KG20C,balanced2_syn_topk_global_rf,0.66,4916,0.1662250992030931,0.1763885673251061,0.0611428007607646
KG20C,balanced2_syn_topk_global_rf,0.68,5065,0.1632880330956782,0.1733741560844686,0.0617689049073211
KG20C,balanced2_syn_topk_global_rf,0.7,5214,0.1619965495436263,0.1722445370172035,0.0632605293288506
KG20C,balanced2_syn_topk_global_rf,0.72,5363,0.1608870566765934,0.1711501529653775,0.0637906895730864
KG20C,balanced2_syn_topk_global_rf,0.74,5512,0.1639019047238801,0.1738851694844775,0.0609099984372718
KG20C,balanced2_syn_topk_global_rf,0.76,5660,0.1656901204860112,0.1754644828888898,0.0589918238589479
KG20C,balanced2_syn_topk_global_rf,0.78,5809,0.1660560544361794,0.1756119606592787,0.0575462680692078
KG20C,balanced2_syn_topk_global_rf,0.8,5958,0.1717329140329379,0.1811088487147099,0.0545960262455784
KG20C,balanced2_syn_topk_global_rf,0.82,6107,0.1780245922289089,0.1869925799275918,0.0503749936253281
KG20C,balanced2_syn_topk_global_rf,0.84,6256,0.1803328771032181,0.1891742475530505,0.0490280562915428
KG20C,balanced2_syn_topk_global_rf,0.86,6405,0.1852362968868079,0.1936645786679675,0.0455001634280665
KG20C,balanced2_syn_topk_global_rf,0.88,6554,0.1921689723669824,0.2004983809090628,0.04334419047719
KG20C,balanced2_syn_topk_global_rf,0.9,6703,0.1963507761344194,0.20437396996267,0.0408615335584818
KG20C,balanced2_syn_topk_global_rf,0.92,6852,0.2025759219835885,0.2104329527607963,0.0387856103542467
KG20C,balanced2_syn_topk_global_rf,0.94,7001,0.2079988925310042,0.2157199462875176,0.0371206483965413
KG20C,balanced2_syn_topk_global_rf,0.96,7150,0.2157330902434087,0.2233766883980023,0.0354308101087756
KG20C,balanced2_syn_topk_global_rf,0.98,7299,0.2205785816947042,0.2281933362561241,0.0345217314524182
KG20C,balanced2_syn_topk_global_rf,1.0,7448,0.2263807403572204,0.2339867495060782,0.0335983049479202
WN18RR,balanced2_syn_topk_global_rf,0.02,121,0.5162154553053165,0.5346101683841972,0.0356337899027083
WN18RR,balanced2_syn_topk_global_rf,0.04,242,0.5021802482262239,0.5191259829441313,0.0337443274158277
WN18RR,balanced2_syn_topk_global_rf,0.06,363,0.4612426996742482,0.4781449936760878,0.036645119833391
WN18RR,balanced2_syn_topk_global_rf,0.08,484,0.4272767005004063,0.4399051974886225,0.0295557819404292
WN18RR,balanced2_syn_topk_global_rf,0.1,606,0.4149826120739081,0.4239664006403519,0.0216485903386327
WN18RR,balanced2_syn_topk_global_rf,0.12,727,0.41228908649306,0.4206587238415135,0.020300409646168
WN18RR,balanced2_syn_topk_global_rf,0.14,848,0.3928613057434952,0.4002488891781174,0.0188045585722449
WN18RR,balanced2_syn_topk_global_rf,0.16,969,0.3600801914997769,0.3667760297728404,0.0185954085537851
WN18RR,balanced2_syn_topk_global_rf,0.18,1090,0.3381630753484009,0.3443360415885101,0.0182544064982532
WN18RR,balanced2_syn_topk_global_rf,0.2,1211,0.3213906992217276,0.3270477453209392,0.0176017728979418
WN18RR,balanced2_syn_topk_global_rf,0.22,1332,0.3061144901633941,0.3113964240064635,0.0172547658238917
WN18RR,balanced2_syn_topk_global_rf,0.24,1453,0.3317990407596053,0.3365932965184364,0.0144492755248939
WN18RR,balanced2_syn_topk_global_rf,0.26,1574,0.3198469534901816,0.3243988435481992,0.0142314629179587
WN18RR,balanced2_syn_topk_global_rf,0.28,1695,0.304642201822229,0.3088954653902886,0.0139615048165309
WN18RR,balanced2_syn_topk_global_rf,0.3,1816,0.2922413425687716,0.2962835079706347,0.0138316001642095
WN18RR,balanced2_syn_topk_global_rf,0.32,1938,0.2855616862608016,0.2890413168612034,0.0121852152015373
WN18RR,balanced2_syn_topk_global_rf,0.34,2059,0.2755538623437417,0.2788617783756337,0.0120046077516615
WN18RR,balanced2_syn_topk_global_rf,0.36,2180,0.2741701108088122,0.2775372123443902,0.0122810671288891
WN18RR,balanced2_syn_topk_global_rf,0.38,2301,0.2690653336822308,0.2723453597105519,0.012190444541603
WN18RR,balanced2_syn_topk_global_rf,0.4,2422,0.2735912891199715,0.2767339477622636,0.0114866911603825
WN18RR,balanced2_syn_topk_global_rf,0.42,2543,0.2722600052404927,0.2753687565495595,0.0114183179652878
WN18RR,balanced2_syn_topk_global_rf,0.44,2664,0.2733004612617908,0.2763855343426363,0.0112882102964706
WN18RR,balanced2_syn_topk_global_rf,0.46,2785,0.2719931658695257,0.2750045645844644,0.0110715969841066
WN18RR,balanced2_syn_topk_global_rf,0.48,2906,0.2833561315868322,0.2863073520057079,0.0104152340108136
WN18RR,balanced2_syn_topk_global_rf,0.5,3028,0.2902437811047671,0.2931301720061937,0.0099447123050837
WN18RR,balanced2_syn_topk_global_rf,0.52,3149,0.3038882559530244,0.3066940169777318,0.0092328708653393
WN18RR,balanced2_syn_topk_global_rf,0.54,3270,0.3101424335004031,0.312804344173558,0.0085828651149453
WN18RR,balanced2_syn_topk_global_rf,0.56,3391,0.318149793385059,0.3207820263760134,0.0082735649863163
WN18RR,balanced2_syn_topk_global_rf,0.58,3512,0.3312874544298707,0.3338764871221849,0.0078150641012646
WN18RR,balanced2_syn_topk_global_rf,0.6,3633,0.3492809606832014,0.3519091010279531,0.0075244305890906
WN18RR,balanced2_syn_topk_global_rf,0.62,3754,0.3579871591948299,0.3605690313503686,0.0072121920834977
WN18RR,balanced2_syn_topk_global_rf,0.64,3875,0.3703263582179674,0.3728889948999696,0.0069199413574927
WN18RR,balanced2_syn_topk_global_rf,0.66,3996,0.3866785317874397,0.3892282072782438,0.0065937860036295
WN18RR,balanced2_syn_topk_global_rf,0.68,4117,0.402725530626687,0.4052168687956844,0.0061861937710294
WN18RR,balanced2_syn_topk_global_rf,0.7,4238,0.4141564416618443,0.4166949981302091,0.0061294627174663
WN18RR,balanced2_syn_topk_global_rf,0.72,4360,0.425239689056583,0.4277547027808069,0.005914343813494
WN18RR,balanced2_syn_topk_global_rf,0.74,4481,0.4348571052143962,0.4373479665144584,0.0057279995432848
WN18RR,balanced2_syn_topk_global_rf,0.76,4602,0.4447053294107372,0.447153491289027,0.005505132761808
WN18RR,balanced2_syn_topk_global_rf,0.78,4723,0.4546684548755316,0.4570134429927958,0.0051575782135713
WN18RR,balanced2_syn_topk_global_rf,0.8,4844,0.4612395531971568,0.4635658652558866,0.0050436092104515
WN18RR,balanced2_syn_topk_global_rf,0.82,4965,0.4627251552025014,0.4650406362796944,0.0050040095100938
WN18RR,balanced2_syn_topk_global_rf,0.84,5086,0.4632195458777876,0.4655329629539352,0.0049942129962665
WN18RR,balanced2_syn_topk_global_rf,0.86,5207,0.4722626227414849,0.4745519096120666,0.0048474868861998
WN18RR,balanced2_syn_topk_global_rf,0.88,5328,0.4799509399015466,0.4821108601049707,0.0045002937255778
WN18RR,balanced2_syn_topk_global_rf,0.9,5450,0.4828364359071714,0.4850331185747353,0.0045495379060132
WN18RR,balanced2_syn_topk_global_rf,0.92,5571,0.4894860625386771,0.4916490702482102,0.0044189362579902
WN18RR,balanced2_syn_topk_global_rf,0.94,5692,0.4941281298951793,0.4963310243124924,0.0044581441210003
WN18RR,balanced2_syn_topk_global_rf,0.96,5813,0.5006024198260841,0.5027786611696147,0.0043472449539629
WN18RR,balanced2_syn_topk_global_rf,0.98,5934,0.5073067058482708,0.5094657911227148,0.004255976216269
WN18RR,balanced2_syn_topk_global_rf,1.0,6055,0.5112021246888968,0.5133269561687425,0.0041565388272568
YAGO3-10,balanced2_syn_topk_global_rf,0.02,200,0.6298950170084826,0.7125417640684306,0.1312071771141427
YAGO3-10,balanced2_syn_topk_global_rf,0.04,399,0.6389841451677695,0.701702721982734,0.0981535728065636
YAGO3-10,balanced2_syn_topk_global_rf,0.06,598,0.6279592468418126,0.691598450874164,0.1013428886546559
YAGO3-10,balanced2_syn_topk_global_rf,0.08,798,0.6551752908243236,0.7055547743567175,0.0768946635167022
YAGO3-10,balanced2_syn_topk_global_rf,0.1,998,0.6572819185495536,0.7139917852747316,0.0862793652536821
YAGO3-10,balanced2_syn_topk_global_rf,0.12,1197,0.6533698186381441,0.7077156198886263,0.0831777038060286
YAGO3-10,balanced2_syn_topk_global_rf,0.14,1397,0.6570743639106775,0.7109858769040733,0.0820478106504312
YAGO3-10,balanced2_syn_topk_global_rf,0.16,1596,0.6616008206653782,0.7149170822379547,0.0805867524755423
YAGO3-10,balanced2_syn_topk_global_rf,0.18,1796,0.644462235539776,0.6976356280340876,0.0825081588369187
YAGO3-10,balanced2_syn_topk_global_rf,0.2,1995,0.6359870069742541,0.686923555710737,0.0800905493003962
YAGO3-10,balanced2_syn_topk_global_rf,0.22,2194,0.6317704794055823,0.6795295750278834,0.0755956430050932
YAGO3-10,balanced2_syn_topk_global_rf,0.24,2394,0.6302373250246202,0.6768563492186035,0.0739705859093036
YAGO3-10,balanced2_syn_topk_global_rf,0.26,2594,0.6313825968180659,0.6771182845551822,0.0724373588496218
YAGO3-10,balanced2_syn_topk_global_rf,0.28,2793,0.6331056282396751,0.677613362320514,0.0703006450986556
YAGO3-10,balanced2_syn_topk_global_rf,0.3,2992,0.6349692025868633,0.6773774778786612,0.0667879247041063
YAGO3-10,balanced2_syn_topk_global_rf,0.32,3192,0.6380524750639041,0.6779350131715653,0.0625066740845521
YAGO3-10,balanced2_syn_topk_global_rf,0.34,3392,0.6352827972316939,0.6750734932546036,0.0626346190960962
YAGO3-10,balanced2_syn_topk_global_rf,0.36,3591,0.6387269204192034,0.6780334037978576,0.0615387924355166
YAGO3-10,balanced2_syn_topk_global_rf,0.38,3790,0.6392310775326838,0.6766315312777927,0.0585085035124823
YAGO3-10,balanced2_syn_topk_global_rf,0.4,3990,0.6408128055894186,0.6763882123800581,0.0555160672201568
YAGO3-10,balanced2_syn_topk_global_rf,0.42,4190,0.6448824044517041,0.678614251407905,0.0523069736797681
YAGO3-10,balanced2_syn_topk_global_rf,0.44,4389,0.650703898274488,0.6833882729045089,0.050229258986602
YAGO3-10,balanced2_syn_topk_global_rf,0.46,4588,0.6574242540057617,0.689031507659842,0.0480774073385545
YAGO3-10,balanced2_syn_topk_global_rf,0.48,4788,0.6591227925901719,0.6900621743268807,0.0469402394887992
YAGO3-10,balanced2_syn_topk_global_rf,0.5,4988,0.6622946567339186,0.6925574110120528,0.0456937919858417
YAGO3-10,balanced2_syn_topk_global_rf,0.52,5187,0.6644957501072797,0.6932670341979229,0.043297920394522
YAGO3-10,balanced2_syn_topk_global_rf,0.54,5386,0.6669014609400361,0.6950206940994941,0.0421639999405942
YAGO3-10,balanced2_syn_topk_global_rf,0.56,5586,0.6658152200067561,0.693594991860749,0.041722945074327
YAGO3-10,balanced2_syn_topk_global_rf,0.58,5786,0.6636829308067668,0.6909256657493009,0.041047816175441
YAGO3-10,balanced2_syn_topk_global_rf,0.6,5985,0.6608789976169795,0.6875507319697275,0.040357969384595
YAGO3-10,balanced2_syn_topk_global_rf,0.62,6184,0.6592360160283504,0.6855097571751664,0.0398548327275949
YAGO3-10,balanced2_syn_topk_global_rf,0.64,6384,0.6577761961386174,0.6837770274745556,0.0395283859290933
YAGO3-10,balanced2_syn_topk_global_rf,0.66,6584,0.6563142973905726,0.6820277522352706,0.039178568784699
YAGO3-10,balanced2_syn_topk_global_rf,0.68,6783,0.6544696065257576,0.6799247440256093,0.0388943004320399
YAGO3-10,balanced2_syn_topk_global_rf,0.7,6982,0.6516592419963125,0.676328402860878,0.0378559211237352
YAGO3-10,balanced2_syn_topk_global_rf,0.72,7182,0.6477445561950758,0.6723393784436681,0.0379699404855906
YAGO3-10,balanced2_syn_topk_global_rf,0.74,7382,0.6409677937676347,0.6647262243746968,0.0370664966915248
YAGO3-10,balanced2_syn_topk_global_rf,0.76,7581,0.6341582129063238,0.6575130336575659,0.0368280663656594
YAGO3-10,balanced2_syn_topk_global_rf,0.78,7780,0.6280001297665324,0.6510758066950191,0.0367447008921246
YAGO3-10,balanced2_syn_topk_global_rf,0.8,7980,0.6232386365724003,0.6458485666626841,0.0362781264888047
YAGO3-10,balanced2_syn_topk_global_rf,0.82,8179,0.6216743702920163,0.6437605494806843,0.0355269257413548
YAGO3-10,balanced2_syn_topk_global_rf,0.84,8379,0.6135458777388977,0.6353343243864067,0.0355123348359962
YAGO3-10,balanced2_syn_topk_global_rf,0.86,8578,0.6056161120593538,0.6268861551429338,0.0351213296014412
YAGO3-10,balanced2_syn_topk_global_rf,0.88,8778,0.5988395029100936,0.6196359672451407,0.0347279433537459
YAGO3-10,balanced2_syn_topk_global_rf,0.9,8978,0.5908491924592556,0.6112237092072923,0.0344834468897774
YAGO3-10,balanced2_syn_topk_global_rf,0.92,9177,0.583652437116148,0.6035087765028311,0.0340208283628422
YAGO3-10,balanced2_syn_topk_global_rf,0.94,9376,0.5777009802051487,0.5971823915562753,0.0337223096699756
YAGO3-10,balanced2_syn_topk_global_rf,0.96,9576,0.570664931371929,0.5897472745862821,0.0334387872205104
YAGO3-10,balanced2_syn_topk_global_rf,0.98,9776,0.5659305530380708,0.5847304916204308,0.0332195151532934
YAGO3-10,balanced2_syn_topk_global_rf,1.0,9975,0.561672321790585,0.5802260659200454,0.0330330397451523
codex-l,balanced2_syn_topk_global_rf,0.02,1223,0.3161031802824665,0.357063642615722,0.1295794059922259
codex-l,balanced2_syn_topk_global_rf,0.04,2445,0.3406577123454634,0.3744052369989417,0.0990657878288536
codex-l,balanced2_syn_topk_global_rf,0.06,3668,0.3495219238434156,0.3777142142139079,0.0806595765452535
codex-l,balanced2_syn_topk_global_rf,0.08,4890,0.375639811364664,0.3977630696464642,0.058894871130481
codex-l,balanced2_syn_topk_global_rf,0.1,6113,0.3792679576298197,0.3989022797054448,0.0517689978302595
codex-l,balanced2_syn_topk_global_rf,0.12,7335,0.379098578178102,0.3975973411795032,0.0487967089992891
codex-l,balanced2_syn_topk_global_rf,0.14,8558,0.3720375605213293,0.3887893132093139,0.0450270469049163
codex-l,balanced2_syn_topk_global_rf,0.16,9781,0.3766581466953499,0.3918558493930696,0.0403487959335497
codex-l,balanced2_syn_topk_global_rf,0.18,11003,0.3831022063771375,0.3972857346110831,0.0370228309778588
codex-l,balanced2_syn_topk_global_rf,0.2,12226,0.3896570345863411,0.4032817266856275,0.0349658568688495
codex-l,balanced2_syn_topk_global_rf,0.22,13448,0.3928813793695906,0.4056590360471901,0.0325229378345754
codex-l,balanced2_syn_topk_global_rf,0.24,14671,0.3877202508659438,0.4000423401595027,0.0317808762014324
codex-l,balanced2_syn_topk_global_rf,0.26,15894,0.3802388371299182,0.3919678492281248,0.0308464337486891
codex-l,balanced2_syn_topk_global_rf,0.28,17116,0.3702592668338714,0.3816370228636132,0.0307291593996665
codex-l,balanced2_syn_topk_global_rf,0.3,18339,0.358600248709906,0.369279511735761,0.0297804116541315
codex-l,balanced2_syn_topk_global_rf,0.32,19561,0.3483076589673911,0.3585222469747717,0.0293263376339849
codex-l,balanced2_syn_topk_global_rf,0.34,20784,0.3448900888649176,0.354688571717825,0.028410450660254
codex-l,balanced2_syn_topk_global_rf,0.36,22006,0.3460969367322876,0.3552218268368094,0.0263651281940702
codex-l,balanced2_syn_topk_global_rf,0.38,23229,0.3419254232356029,0.3510036193499861,0.0265502226435143
codex-l,balanced2_syn_topk_global_rf,0.4,24452,0.3418742174797296,0.350551992419432,0.0253829464054771
codex-l,balanced2_syn_topk_global_rf,0.42,25674,0.3432963909768357,0.3518980625104819,0.0250561082485329
codex-l,balanced2_syn_topk_global_rf,0.44,26897,0.3478764984710613,0.3560291624292895,0.023435512298358
codex-l,balanced2_syn_topk_global_rf,0.46,28119,0.349446643820259,0.3577943105233651,0.0238882440301808
codex-l,balanced2_syn_topk_global_rf,0.48,29342,0.3614802323929719,0.3695212091057323,0.0222445821159562
codex-l,balanced2_syn_topk_global_rf,0.5,30564,0.3670066873898867,0.3746457464660588,0.0208144955899858
codex-l,balanced2_syn_topk_global_rf,0.52,31787,0.3707108083137101,0.3779607022890086,0.0195567375234533
codex-l,balanced2_syn_topk_global_rf,0.54,33010,0.3686346709585185,0.375834685970037,0.0195315730687979
codex-l,balanced2_syn_topk_global_rf,0.56,34232,0.3652285078751987,0.3722569166548879,0.0192438668618137
codex-l,balanced2_syn_topk_global_rf,0.58,35455,0.3610668527821705,0.3679534034396255,0.0190727855642003
codex-l,balanced2_syn_topk_global_rf,0.6,36677,0.3551802158814849,0.3619396761715752,0.0190310720807314
codex-l,balanced2_syn_topk_global_rf,0.62,37900,0.3503380590294927,0.3569544963654569,0.0188858651392118
codex-l,balanced2_syn_topk_global_rf,0.64,39123,0.3447143780584372,0.3512903671217373,0.019076631210855
codex-l,balanced2_syn_topk_global_rf,0.66,40345,0.3406398317323082,0.3470825740540861,0.0189136493199097
codex-l,balanced2_syn_topk_global_rf,0.68,41568,0.3376228824102654,0.3439341875306142,0.0186933571424214
codex-l,balanced2_syn_topk_global_rf,0.7,42790,0.3359410442676009,0.3421552310601541,0.0184978492464387
codex-l,balanced2_syn_topk_global_rf,0.72,44013,0.3342911477163475,0.3404745547473632,0.0184970708116463
codex-l,balanced2_syn_topk_global_rf,0.74,45235,0.3320663142325499,0.3381648266474881,0.018365344973436
codex-l,balanced2_syn_topk_global_rf,0.76,46458,0.3324021317718426,0.3383852836223598,0.0179997397087212
codex-l,balanced2_syn_topk_global_rf,0.78,47681,0.3340421147565791,0.339894859426442,0.0175209783776153
codex-l,balanced2_syn_topk_global_rf,0.8,48903,0.3342226707384635,0.3398980739772612,0.0169809044558761
codex-l,balanced2_syn_topk_global_rf,0.82,50126,0.3360398287568827,0.3416197928679012,0.0166050677137303
codex-l,balanced2_syn_topk_global_rf,0.84,51348,0.3367543590171236,0.3422085975345076,0.0161964897300905
codex-l,balanced2_syn_topk_global_rf,0.86,52571,0.3371324635896897,0.3425440042912716,0.0160516748934864
codex-l,balanced2_syn_topk_global_rf,0.88,53794,0.3383079383872554,0.3436640342163202,0.0158320134449041
codex-l,balanced2_syn_topk_global_rf,0.9,55016,0.3383202571364645,0.343628612040488,0.0156903253413003
codex-l,balanced2_syn_topk_global_rf,0.92,56239,0.3388119405254171,0.3440426816390959,0.0154384792506638
codex-l,balanced2_syn_topk_global_rf,0.94,57461,0.3375241695305379,0.3427620261517565,0.0155184638436529
codex-l,balanced2_syn_topk_global_rf,0.96,58684,0.3368525213062382,0.3421246048675769,0.015651014102239
codex-l,balanced2_syn_topk_global_rf,0.98,59906,0.3352545814445802,0.34042799666125,0.0154313035615443
codex-l,balanced2_syn_topk_global_rf,1.0,61129,0.3299017687130151,0.334842792661744,0.0149772581335478
codex-m,balanced2_syn_topk_global_rf,0.02,412,0.2959571977239744,0.3382926192680651,0.1430457575273265
codex-m,balanced2_syn_topk_global_rf,0.04,824,0.3418845071317552,0.361898913184529,0.0585414244730917
codex-m,balanced2_syn_topk_global_rf,0.06,1236,0.3397649528645339,0.3545791473233391,0.0436013024118813
codex-m,balanced2_syn_topk_global_rf,0.08,1648,0.3310847236304263,0.3429871871249375,0.035949902381474
codex-m,balanced2_syn_topk_global_rf,0.1,2059,0.3350254602225891,0.3454417898810537,0.0310911584198527
codex-m,balanced2_syn_topk_global_rf,0.12,2471,0.3270741912725489,0.3364977338751087,0.0288116361792276
codex-m,balanced2_syn_topk_global_rf,0.14,2883,0.3327402153372154,0.3419011599204873,0.0275318226081802
codex-m,balanced2_syn_topk_global_rf,0.16,3295,0.3413773295327133,0.3495094614528339,0.0238215347552577
codex-m,balanced2_syn_topk_global_rf,0.18,3707,0.3428626128632364,0.3505020073650986,0.0222812118185351
codex-m,balanced2_syn_topk_global_rf,0.2,4119,0.338368366307792,0.3455056331198626,0.0210931857784195
codex-m,balanced2_syn_topk_global_rf,0.22,4531,0.3348073397079182,0.3416036847650969,0.0202992714051839
codex-m,balanced2_syn_topk_global_rf,0.24,4943,0.3386559838395653,0.3446905174194846,0.0178190667458517
codex-m,balanced2_syn_topk_global_rf,0.26,5354,0.3403590870598176,0.3461653157687845,0.0170591264629478
codex-m,balanced2_syn_topk_global_rf,0.28,5766,0.3394651570643515,0.3448862319371396,0.0159694588972512
codex-m,balanced2_syn_topk_global_rf,0.3,6178,0.3432330204463868,0.3485946553482463,0.0156209763701828
codex-m,balanced2_syn_topk_global_rf,0.32,6590,0.3449317082882826,0.3502065851742563,0.0152925253295794
codex-m,balanced2_syn_topk_global_rf,0.34,7002,0.3478208748342421,0.3530318566235303,0.0149817971442098
codex-m,balanced2_syn_topk_global_rf,0.36,7414,0.3510914371396899,0.3560972725990919,0.0142579252293482
codex-m,balanced2_syn_topk_global_rf,0.38,7826,0.3550998325598932,0.359982780934894,0.0137509171429341
codex-m,balanced2_syn_topk_global_rf,0.4,8238,0.3626495359457551,0.3674250825745572,0.0131684895621
codex-m,balanced2_syn_topk_global_rf,0.42,8649,0.363511917265925,0.3681571823765424,0.0127788523291223
codex-m,balanced2_syn_topk_global_rf,0.44,9061,0.3597129210385805,0.3645789521480487,0.0135275405048524
codex-m,balanced2_syn_topk_global_rf,0.46,9473,0.3576105205788963,0.3626234671600118,0.0140178945882256
codex-m,balanced2_syn_topk_global_rf,0.48,9885,0.3560964289078716,0.3608294507442128,0.0132914049457253
codex-m,balanced2_syn_topk_global_rf,0.5,10297,0.3506378284296098,0.3551588866847383,0.012893812043546
codex-m,balanced2_syn_topk_global_rf,0.52,10709,0.3442353501810933,0.3487299373014869,0.0130567273757009
codex-m,balanced2_syn_topk_global_rf,0.54,11121,0.3400454973740221,0.3443070150068878,0.0125321983845543
codex-m,balanced2_syn_topk_global_rf,0.56,11533,0.3383559737627299,0.342552647355734,0.0124031313717754
codex-m,balanced2_syn_topk_global_rf,0.58,11945,0.3364367529669367,0.3405342579285469,0.0121791240864008
codex-m,balanced2_syn_topk_global_rf,0.6,12356,0.3374670245138598,0.3413036812801628,0.011368982708251
codex-m,balanced2_syn_topk_global_rf,0.62,12768,0.3359335524243825,0.3396244401067714,0.0109869575567917
codex-m,balanced2_syn_topk_global_rf,0.64,13180,0.3364225639701826,0.3400268025249812,0.0107134269243547
codex-m,balanced2_syn_topk_global_rf,0.66,13592,0.3365699406966184,0.3400596872467022,0.0103685627506155
codex-m,balanced2_syn_topk_global_rf,0.68,14004,0.3375235142205078,0.3408095481062377,0.00973571839378
codex-m,balanced2_syn_topk_global_rf,0.7,14416,0.3387887831806421,0.3420374312228026,0.0095890070847719
codex-m,balanced2_syn_topk_global_rf,0.72,14828,0.3395931790551375,0.3427898113480301,0.0094131227894114
codex-m,balanced2_syn_topk_global_rf,0.74,15240,0.3409215543494239,0.344068474307814,0.009230627744835
codex-m,balanced2_syn_topk_global_rf,0.76,15651,0.3402989645698144,0.3434462229534542,0.0092485100200596
codex-m,balanced2_syn_topk_global_rf,0.78,16063,0.3395330202012786,0.3427059690916359,0.009345037747658
codex-m,balanced2_syn_topk_global_rf,0.8,16475,0.3404926455132575,0.3434777526360105,0.0087670237877039
codex-m,balanced2_syn_topk_global_rf,0.82,16887,0.3405253813027042,0.3434129964523732,0.0084798822884279
codex-m,balanced2_syn_topk_global_rf,0.84,17299,0.3407523690295532,0.3436390581185042,0.0084715158317816
codex-m,balanced2_syn_topk_global_rf,0.86,17711,0.3395194677139991,0.3422905840487328,0.0081618775894996
codex-m,balanced2_syn_topk_global_rf,0.88,18123,0.3399131408782687,0.3426754684770273,0.0081265690158998
codex-m,balanced2_syn_topk_global_rf,0.9,18535,0.3408434762623983,0.3435856769196501,0.008045337077658
codex-m,balanced2_syn_topk_global_rf,0.92,18946,0.341762987449196,0.3444927706923494,0.0079873577403088
codex-m,balanced2_syn_topk_global_rf,0.94,19358,0.3424232048002812,0.345106162094753,0.0078352087617328
codex-m,balanced2_syn_topk_global_rf,0.96,19770,0.3433121058269955,0.3459860379577991,0.0077886333904899
codex-m,balanced2_syn_topk_global_rf,0.98,20182,0.343148713584283,0.3458553312969389,0.007887593936706
codex-m,balanced2_syn_topk_global_rf,1.0,20594,0.3423415349994885,0.3449297847479118,0.0075604315685129
hetionet,balanced2_syn_topk_global_rf,0.02,9001,0.2652872719990864,0.4465648450364645,0.6833255575035739
hetionet,balanced2_syn_topk_global_rf,0.04,18002,0.3324460719548855,0.5019879700473024,0.5099831593601276
hetionet,balanced2_syn_topk_global_rf,0.06,27002,0.3976725023204514,0.5521018501330685,0.3883329798050134
hetionet,balanced2_syn_topk_global_rf,0.08,36003,0.4448722165666069,0.5879751638896056,0.321672026244806
hetionet,balanced2_syn_topk_global_rf,0.1,45004,0.4785000785956609,0.6105041787140424,0.2758705923430511
hetionet,balanced2_syn_topk_global_rf,0.12,54005,0.5044730009524182,0.6263169516486845,0.2415271986136649
hetionet,balanced2_syn_topk_global_rf,0.14,63006,0.5229859825657472,0.6359901326828236,0.2160749119176821
hetionet,balanced2_syn_topk_global_rf,0.16,72006,0.537817246089827,0.6425568069776236,0.19474935333387
hetionet,balanced2_syn_topk_global_rf,0.18,81007,0.549687810968334,0.6470787602441975,0.1771750206800091
hetionet,balanced2_syn_topk_global_rf,0.2,90008,0.5613957414657418,0.6516266314130191,0.1607259964453855
hetionet,balanced2_syn_topk_global_rf,0.22,99009,0.5733331605099649,0.6561329567102505,0.1444182927194328
hetionet,balanced2_syn_topk_global_rf,0.24,108010,0.5826461692719455,0.6599338991878394,0.1326495118168715
hetionet,balanced2_syn_topk_global_rf,0.26,117010,0.5885642166514166,0.6606512205890667,0.1224794200839844
hetionet,balanced2_syn_topk_global_rf,0.28,126011,0.5882571463741862,0.6557601841112759,0.114750901290626
hetionet,balanced2_syn_topk_global_rf,0.3,135012,0.5842896004200123,0.6480019619132886,0.109042436229358
hetionet,balanced2_syn_topk_global_rf,0.32,144013,0.5810219659531901,0.6412980022010039,0.1037414070033109
hetionet,balanced2_syn_topk_global_rf,0.34,153014,0.5811897414599958,0.6382283618439036,0.0981411341511675
hetionet,balanced2_syn_topk_global_rf,0.36,162014,0.5781977122433316,0.6324073642680714,0.0937562547842214
hetionet,balanced2_syn_topk_global_rf,0.38,171015,0.5768462760827439,0.6283780750199618,0.0893336770537218
hetionet,balanced2_syn_topk_global_rf,0.4,180016,0.575235152358657,0.624413464301148,0.085492535949591
hetionet,balanced2_syn_topk_global_rf,0.42,189017,0.5724966259356613,0.6196016806554924,0.0822800564856514
hetionet,balanced2_syn_topk_global_rf,0.44,198018,0.5706470519835725,0.615612320024177,0.0787969864810569
hetionet,balanced2_syn_topk_global_rf,0.46,207018,0.5684022135434357,0.6112676791642281,0.0754139667288906
hetionet,balanced2_syn_topk_global_rf,0.48,216019,0.5649595605744262,0.6061643501193928,0.0729340512497416
hetionet,balanced2_syn_topk_global_rf,0.5,225020,0.560224181059525,0.5997202084111417,0.0705003973175877
hetionet,balanced2_syn_topk_global_rf,0.52,234021,0.5550271151211112,0.5927968116779674,0.0680501826448867
hetionet,balanced2_syn_topk_global_rf,0.54,243022,0.5497547219674317,0.5861310119483187,0.0661682174383251
hetionet,balanced2_syn_topk_global_rf,0.56,252022,0.5451740609477059,0.5803078079589652,0.0644450085357772
hetionet,balanced2_syn_topk_global_rf,0.58,261023,0.5410799011721908,0.5749268574178762,0.0625544511491917
hetionet,balanced2_syn_topk_global_rf,0.6,270024,0.5339128670888807,0.5664245350840604,0.0608932093591358
hetionet,balanced2_syn_topk_global_rf,0.62,279025,0.5241631410493186,0.5554721979440572,0.05973151189544
hetionet,balanced2_syn_topk_global_rf,0.64,288026,0.5125332635477484,0.5428658348380505,0.0591816638013704
hetionet,balanced2_syn_topk_global_rf,0.66,297026,0.5011744574100232,0.5306140440177016,0.0587411951515182
hetionet,balanced2_syn_topk_global_rf,0.68,306027,0.4904371652607501,0.5190551615464367,0.0583520139026805
hetionet,balanced2_syn_topk_global_rf,0.7,315028,0.4802781538211786,0.5081185102095571,0.0579671512578194
hetionet,balanced2_syn_topk_global_rf,0.72,324029,0.4702831491056228,0.4973536421156166,0.0575621156349661
hetionet,balanced2_syn_topk_global_rf,0.74,333030,0.4607154026351739,0.4870566463637213,0.0571746539791859
hetionet,balanced2_syn_topk_global_rf,0.76,342030,0.4513893271962065,0.4770102501496363,0.0567601434277889
hetionet,balanced2_syn_topk_global_rf,0.78,351031,0.4428151352600786,0.4677638005599451,0.0563410401164661
hetionet,balanced2_syn_topk_global_rf,0.8,360032,0.4348208744859458,0.4591303386551592,0.0559068471539057
hetionet,balanced2_syn_topk_global_rf,0.82,369033,0.4269642424293723,0.4506606690215139,0.0554997918732302
hetionet,balanced2_syn_topk_global_rf,0.84,378034,0.4192561586615187,0.4423566166785198,0.0550986730660072
hetionet,balanced2_syn_topk_global_rf,0.86,387034,0.41198511494261,0.4345430901425642,0.054754345197876
hetionet,balanced2_syn_topk_global_rf,0.88,396035,0.4055010583771197,0.427505551238744,0.0542649455705241
hetionet,balanced2_syn_topk_global_rf,0.9,405036,0.3991118713335831,0.4205508545703344,0.0537167265035627
hetionet,balanced2_syn_topk_global_rf,0.92,414037,0.3928795897865957,0.4137126741978403,0.053026639593471
hetionet,balanced2_syn_topk_global_rf,0.94,423038,0.3875789511857658,0.4075413204973567,0.0515052978251726
hetionet,balanced2_syn_topk_global_rf,0.96,432038,0.3811796596548675,0.4003598889040567,0.0503180816797925
hetionet,balanced2_syn_topk_global_rf,0.98,441039,0.3750985985743222,0.3935163284397148,0.049101036195269
hetionet,balanced2_syn_topk_global_rf,1.0,450040,0.3731884548334995,0.3903218979298271,0.0459109677012161
FB15k-237,balanced1_syn_global_rf,0.02,816,0.2607208300325866,0.2714038530254639,0.0409749500703189
FB15k-237,balanced1_syn_global_rf,0.04,1633,0.2854306168181302,0.2965986087328331,0.039126818416326
FB15k-237,balanced1_syn_global_rf,0.06,2449,0.2784762063125983,0.2894253851029124,0.0393181842545762
FB15k-237,balanced1_syn_global_rf,0.08,3266,0.2678354756382129,0.2781210185893569,0.038402466762982
FB15k-237,balanced1_syn_global_rf,0.1,4082,0.2606737776154622,0.2714864609776902,0.041479750902212
FB15k-237,balanced1_syn_global_rf,0.12,4898,0.2649070739637032,0.2771070391587862,0.0460537539165701
FB15k-237,balanced1_syn_global_rf,0.14,5715,0.2645249966089207,0.2767521464279288,0.0462230412087858
FB15k-237,balanced1_syn_global_rf,0.16,6531,0.269625611651917,0.2811687565870184,0.0428117524310096
FB15k-237,balanced1_syn_global_rf,0.18,7347,0.2713998293051179,0.2813152576915143,0.0365343943354108
FB15k-237,balanced1_syn_global_rf,0.2,8164,0.2732632433298594,0.2830305612252238,0.0357432553911913
FB15k-237,balanced1_syn_global_rf,0.22,8980,0.2733959983830446,0.2832251503051246,0.0359520694531481
FB15k-237,balanced1_syn_global_rf,0.24,9797,0.2830449306600857,0.2918589113404287,0.0311398641190572
FB15k-237,balanced1_syn_global_rf,0.26,10613,0.2902246657693788,0.2984108809745254,0.0282064764669298
FB15k-237,balanced1_syn_global_rf,0.28,11429,0.2943352142643162,0.3023909961530724,0.0273694124873622
FB15k-237,balanced1_syn_global_rf,0.3,12246,0.2980700939341761,0.3061067788465903,0.0269623993683476
FB15k-237,balanced1_syn_global_rf,0.32,13062,0.299643184789915,0.3077344839429828,0.0270031142498394
FB15k-237,balanced1_syn_global_rf,0.34,13878,0.301617492581798,0.3096478020026903,0.0266241501849051
FB15k-237,balanced1_syn_global_rf,0.36,14695,0.3029635260407615,0.310689598025638,0.0255016571989492
FB15k-237,balanced1_syn_global_rf,0.38,15511,0.3091130734753411,0.3163748657528584,0.0234923492425387
FB15k-237,balanced1_syn_global_rf,0.4,16328,0.3171261344815493,0.3240389595958409,0.0217983457137425
FB15k-237,balanced1_syn_global_rf,0.42,17144,0.320099927839108,0.3267460708436699,0.0207627132234236
FB15k-237,balanced1_syn_global_rf,0.44,17960,0.3243013268338061,0.3309027902402146,0.0203559555887711
FB15k-237,balanced1_syn_global_rf,0.46,18777,0.3245578314513602,0.3308778853859692,0.0194728129231913
FB15k-237,balanced1_syn_global_rf,0.48,19593,0.326818472381046,0.3328634227536953,0.0184963546540335
FB15k-237,balanced1_syn_global_rf,0.5,20410,0.3277641219396209,0.3336289007525245,0.0178932909990192
FB15k-237,balanced1_syn_global_rf,0.52,21226,0.3323060526690161,0.3379655768708747,0.01703105964036
FB15k-237,balanced1_syn_global_rf,0.54,22042,0.3334026489304278,0.3388720190340868,0.0164046990064565
FB15k-237,balanced1_syn_global_rf,0.56,22859,0.3367092322814787,0.3420943914308914,0.0159935001274653
FB15k-237,balanced1_syn_global_rf,0.58,23675,0.3381130447915473,0.3433146423512402,0.0153841966165482
FB15k-237,balanced1_syn_global_rf,0.6,24491,0.3397237291946857,0.3447155617417805,0.0146938000443122
FB15k-237,balanced1_syn_global_rf,0.62,25308,0.3385051151650244,0.3433357999647279,0.0142706404816024
FB15k-237,balanced1_syn_global_rf,0.64,26124,0.3429437694291943,0.3476285724607349,0.0136605573541637
FB15k-237,balanced1_syn_global_rf,0.66,26941,0.3425445312161472,0.3471202406139361,0.0133579986857288
FB15k-237,balanced1_syn_global_rf,0.68,27757,0.3453769265783015,0.3499206919468502,0.0131559609773714
FB15k-237,balanced1_syn_global_rf,0.7,28573,0.345450584830923,0.3498663571520439,0.0127826453768551
FB15k-237,balanced1_syn_global_rf,0.72,29390,0.3471755710731579,0.3514700956426886,0.0123698927210109
FB15k-237,balanced1_syn_global_rf,0.74,30206,0.3475591908067191,0.3517403566968975,0.012030082934862
FB15k-237,balanced1_syn_global_rf,0.76,31022,0.3479807646560987,0.3520360326733842,0.0116537131622582
FB15k-237,balanced1_syn_global_rf,0.78,31839,0.3474654097409226,0.3514376645887184,0.0114320871558339
FB15k-237,balanced1_syn_global_rf,0.8,32655,0.3474826476517586,0.3514648830796452,0.0114602425611696
FB15k-237,balanced1_syn_global_rf,0.82,33472,0.3473788176151333,0.3512610485339241,0.0111757848260394
FB15k-237,balanced1_syn_global_rf,0.84,34288,0.3493870059382466,0.3531463723388023,0.0107598918581997
FB15k-237,balanced1_syn_global_rf,0.86,35104,0.3516578843703011,0.3553320791321525,0.0104482081169048
FB15k-237,balanced1_syn_global_rf,0.88,35921,0.350771696052071,0.354357573745629,0.0102228250851392
FB15k-237,balanced1_syn_global_rf,0.9,36737,0.3516108868038747,0.3551219588256297,0.0099856749421798
FB15k-237,balanced1_syn_global_rf,0.92,37553,0.3516886677969822,0.3552641588370195,0.0101666370498503
FB15k-237,balanced1_syn_global_rf,0.94,38370,0.352445285770476,0.3559487642797331,0.0099404890651273
FB15k-237,balanced1_syn_global_rf,0.96,39186,0.3522317848129419,0.3556440569091451,0.0096875757479277
FB15k-237,balanced1_syn_global_rf,0.98,40003,0.3538037055772508,0.3571462807302137,0.0094475413916574
FB15k-237,balanced1_syn_global_rf,1.0,40819,0.3528119855172369,0.3560530550713821,0.0091863930002085
KG20C,balanced1_syn_global_rf,0.02,149,0.1522085955834547,0.1717001236514428,0.1280579982574046
KG20C,balanced1_syn_global_rf,0.04,298,0.159590011315089,0.1698777381907957,0.0644634760717886
KG20C,balanced1_syn_global_rf,0.06,447,0.1645205654187157,0.173889151188727,0.0569447700727727
KG20C,balanced1_syn_global_rf,0.08,596,0.1540160066970365,0.1654028986384505,0.0739331721787401
KG20C,balanced1_syn_global_rf,0.1,745,0.1454115341235112,0.1575501971574582,0.0834779930430869
KG20C,balanced1_syn_global_rf,0.12,894,0.1386878126244492,0.1493104436482533,0.0765938320230699
KG20C,balanced1_syn_global_rf,0.14,1043,0.1327317417527124,0.1422912812299525,0.0720215025509882
KG20C,balanced1_syn_global_rf,0.16,1192,0.1294674925807054,0.1383848584167083,0.0688772575899248
KG20C,balanced1_syn_global_rf,0.18,1341,0.1264979711192058,0.1347618199694273,0.0653279161484265
KG20C,balanced1_syn_global_rf,0.2,1490,0.1225968172306272,0.131041986116395,0.0688857107104239
KG20C,balanced1_syn_global_rf,0.22,1639,0.1211211224612924,0.1289812618492709,0.0648948691050186
KG20C,balanced1_syn_global_rf,0.24,1788,0.1199209386870636,0.1277112851796814,0.0649623541802559
KG20C,balanced1_syn_global_rf,0.26,1936,0.1256909692367398,0.133015217020923,0.0582718697187216
KG20C,balanced1_syn_global_rf,0.28,2085,0.1331625681434719,0.1391082180598372,0.0446495588006337
KG20C,balanced1_syn_global_rf,0.3,2234,0.1342827526097436,0.1415631185936595,0.0542166871204548
KG20C,balanced1_syn_global_rf,0.32,2383,0.1372794408977281,0.1450865130775693,0.0568699298947277
KG20C,balanced1_syn_global_rf,0.34,2532,0.1389555679084947,0.1471049239396626,0.0586472075486346
KG20C,balanced1_syn_global_rf,0.36,2681,0.1397937270999356,0.1488568184424468,0.064831888601355
KG20C,balanced1_syn_global_rf,0.38,2830,0.1433680993591801,0.1527871770932355,0.0656985603921391
KG20C,balanced1_syn_global_rf,0.4,2979,0.1434141327027381,0.1528195289530297,0.0655820739075048
KG20C,balanced1_syn_global_rf,0.42,3128,0.1468809211221222,0.1558401728401808,0.0609967016111614
KG20C,balanced1_syn_global_rf,0.44,3277,0.1494289582929667,0.1579082629569475,0.0567447217784686
KG20C,balanced1_syn_global_rf,0.46,3426,0.1529935328404627,0.1613744551827637,0.0547795856903337
KG20C,balanced1_syn_global_rf,0.48,3575,0.1523753436460102,0.1610325605206035,0.0568150769504107
KG20C,balanced1_syn_global_rf,0.5,3724,0.1539918161912403,0.1629916314674982,0.0584434647168596
KG20C,balanced1_syn_global_rf,0.52,3873,0.1563435242656339,0.1658960006430884,0.0610992775193199
KG20C,balanced1_syn_global_rf,0.54,4022,0.1583526209838485,0.167814983440058,0.0597550100365855
KG20C,balanced1_syn_global_rf,0.56,4171,0.1618032548214308,0.1719549143202001,0.0627407619826487
KG20C,balanced1_syn_global_rf,0.58,4320,0.1642794052590637,0.1745708603694844,0.0626460455842978
KG20C,balanced1_syn_global_rf,0.6,4469,0.1627502797061825,0.1734469031650592,0.0657241479288861
KG20C,balanced1_syn_global_rf,0.62,4618,0.1640628400595871,0.1748451055573957,0.0657203391937655
KG20C,balanced1_syn_global_rf,0.64,4767,0.170617623355198,0.1813344903765243,0.0628121926128086
KG20C,balanced1_syn_global_rf,0.66,4916,0.1720778887874491,0.1830819713673966,0.0639482658550036
KG20C,balanced1_syn_global_rf,0.68,5065,0.1805551317606361,0.1912083173857224,0.0590023973353988
KG20C,balanced1_syn_global_rf,0.7,5214,0.1876296833527679,0.1978659744066034,0.0545558190523085
KG20C,balanced1_syn_global_rf,0.72,5363,0.1860646217551929,0.1959129352054571,0.052929532532099
KG20C,balanced1_syn_global_rf,0.74,5512,0.1878210600110622,0.1973917676275925,0.0509565200833526
KG20C,balanced1_syn_global_rf,0.76,5660,0.1957792501289164,0.2051450169942927,0.0478384040147727
KG20C,balanced1_syn_global_rf,0.78,5809,0.2022776745852512,0.2114866132745028,0.045526223831342
KG20C,balanced1_syn_global_rf,0.8,5958,0.2004897954204298,0.2095928157850938,0.0454039086905886
KG20C,balanced1_syn_global_rf,0.82,6107,0.2012987408667858,0.2104049087393099,0.0452370831199104
KG20C,balanced1_syn_global_rf,0.84,6256,0.2082049531427287,0.2170619675308628,0.0425398831989476
KG20C,balanced1_syn_global_rf,0.86,6405,0.2128155757306872,0.2215249309526643,0.0409244257243586
KG20C,balanced1_syn_global_rf,0.88,6554,0.2107622532903376,0.2195131035930455,0.0415200073357209
KG20C,balanced1_syn_global_rf,0.9,6703,0.2115848594486366,0.2199831989250643,0.0396925351762538
KG20C,balanced1_syn_global_rf,0.92,6852,0.2163110451901487,0.224232067507154,0.0366186678541646
KG20C,balanced1_syn_global_rf,0.94,7001,0.2200109755951241,0.2278203189326993,0.0354952443461111
KG20C,balanced1_syn_global_rf,0.96,7150,0.2192497672662382,0.2270114002693332,0.0354008722557497
KG20C,balanced1_syn_global_rf,0.98,7299,0.2216749553063117,0.2293263546881847,0.0345163005505075
KG20C,balanced1_syn_global_rf,1.0,7448,0.2263807403572204,0.2339867495060782,0.0335983049479202
WN18RR,balanced1_syn_global_rf,0.02,121,0.5066396479831421,0.5262092257131762,0.0386262263680659
WN18RR,balanced1_syn_global_rf,0.04,242,0.5030947822718438,0.5163674683610657,0.0263820786001516
WN18RR,balanced1_syn_global_rf,0.06,363,0.4483601282774689,0.4592882686667699,0.0243735776222682
WN18RR,balanced1_syn_global_rf,0.08,484,0.4231833709062374,0.4309510862381076,0.018355436120365
WN18RR,balanced1_syn_global_rf,0.1,606,0.4293048639867025,0.4363246468259256,0.0163515101460405
WN18RR,balanced1_syn_global_rf,0.12,727,0.4246714712251985,0.4332994135022494,0.0203167456767434
WN18RR,balanced1_syn_global_rf,0.14,848,0.4132625552664795,0.4207705046162961,0.0181675045419378
WN18RR,balanced1_syn_global_rf,0.16,969,0.4824541291888874,0.489024553387695,0.0136187542012624
WN18RR,balanced1_syn_global_rf,0.18,1090,0.5338295071863131,0.5396705540199319,0.010941783387744
WN18RR,balanced1_syn_global_rf,0.2,1211,0.5779991037098386,0.5832565281926169,0.0090959042134042
WN18RR,balanced1_syn_global_rf,0.22,1332,0.5717674772563467,0.5765518876627461,0.0083677554193142
WN18RR,balanced1_syn_global_rf,0.24,1453,0.530693969196592,0.5351223899097125,0.0083445845820042
WN18RR,balanced1_syn_global_rf,0.26,1574,0.5090897449212114,0.5132363030267283,0.0081450434758976
WN18RR,balanced1_syn_global_rf,0.28,1695,0.4853009165321233,0.4892326555179866,0.0081016516802787
WN18RR,balanced1_syn_global_rf,0.3,1816,0.4720562002517613,0.4759059195966282,0.0081552140249694
WN18RR,balanced1_syn_global_rf,0.32,1938,0.4744040740811063,0.4783618819942354,0.0083426937696418
WN18RR,balanced1_syn_global_rf,0.34,2059,0.5023121500933391,0.5060373719173527,0.007416149148137
WN18RR,balanced1_syn_global_rf,0.36,2180,0.527288090502989,0.5308065454275964,0.006672737328945
WN18RR,balanced1_syn_global_rf,0.38,2301,0.5492906285846633,0.5526240626288371,0.0060686162674266
WN18RR,balanced1_syn_global_rf,0.4,2422,0.5459615089061081,0.549136579775788,0.0058155580895098
WN18RR,balanced1_syn_global_rf,0.42,2543,0.5245567080704748,0.5276103725910178,0.005821419254699
WN18RR,balanced1_syn_global_rf,0.44,2664,0.5093474423756785,0.5123051309628134,0.0058068193556439
WN18RR,balanced1_syn_global_rf,0.46,2785,0.4962429399706974,0.4991283501256117,0.0058145112454088
WN18RR,balanced1_syn_global_rf,0.48,2906,0.4905845964293098,0.4936240139617732,0.0061955013561079
WN18RR,balanced1_syn_global_rf,0.5,3028,0.4890825068843596,0.4919752255987017,0.0059145822506918
WN18RR,balanced1_syn_global_rf,0.52,3149,0.5072687583825568,0.5100503246788503,0.0054834173213476
WN18RR,balanced1_syn_global_rf,0.54,3270,0.5236741268517773,0.5263527666887888,0.0051150891359001
WN18RR,balanced1_syn_global_rf,0.56,3391,0.5400416980845307,0.5426247568480305,0.0047830728120838
WN18RR,balanced1_syn_global_rf,0.58,3512,0.5358154295397071,0.5381658322365857,0.0043865901713537
WN18RR,balanced1_syn_global_rf,0.6,3633,0.5206286109245223,0.522917845142863,0.0043970580377354
WN18RR,balanced1_syn_global_rf,0.62,3754,0.5136133926825663,0.5158932425584769,0.0044388442910396
WN18RR,balanced1_syn_global_rf,0.64,3875,0.5057247940145398,0.5079863260170272,0.0044718630157221
WN18RR,balanced1_syn_global_rf,0.66,3996,0.5023923232288122,0.5048062961871722,0.0048049559014868
WN18RR,balanced1_syn_global_rf,0.68,4117,0.5032503732888138,0.5058212298206525,0.0051085039739517
WN18RR,balanced1_syn_global_rf,0.7,4238,0.5165424871612595,0.519039942645351,0.0048349468749737
WN18RR,balanced1_syn_global_rf,0.72,4360,0.5286075200110502,0.5310350925664583,0.0045923912610199
WN18RR,balanced1_syn_global_rf,0.74,4481,0.5397294818624159,0.5420915029161046,0.0043763054142202
WN18RR,balanced1_syn_global_rf,0.76,4602,0.5301690591537493,0.5324811170300833,0.0043609822874695
WN18RR,balanced1_syn_global_rf,0.78,4723,0.5194708506772969,0.5217423428236592,0.0043727037684608
WN18RR,balanced1_syn_global_rf,0.8,4844,0.5141519027877665,0.5164443421729116,0.0044586811265607
WN18RR,balanced1_syn_global_rf,0.82,4965,0.5098241600023486,0.5121008805123383,0.0044656975651744
WN18RR,balanced1_syn_global_rf,0.84,5086,0.5044184114607905,0.5067417144015449,0.0046059043206336
WN18RR,balanced1_syn_global_rf,0.86,5207,0.5089376007755778,0.5113212419216665,0.0046835626655532
WN18RR,balanced1_syn_global_rf,0.88,5328,0.5199338767358148,0.5222633848904101,0.0044803931015615
WN18RR,balanced1_syn_global_rf,0.9,5450,0.5292851927725448,0.5315625541390925,0.0043027112748388
WN18RR,balanced1_syn_global_rf,0.92,5571,0.5385025614054234,0.5407304593497214,0.004137209558453
WN18RR,balanced1_syn_global_rf,0.94,5692,0.5301081938278408,0.5323109714704897,0.0041553359640471
WN18RR,balanced1_syn_global_rf,0.96,5813,0.5213466065030083,0.5235182783119372,0.0041655048327553
WN18RR,balanced1_syn_global_rf,0.98,5934,0.5162060403363695,0.5183459905122156,0.0041455349388235
WN18RR,balanced1_syn_global_rf,1.0,6055,0.5112021246888967,0.5133269561687425,0.004156538827257
YAGO3-10,balanced1_syn_global_rf,0.02,200,0.6162356335039035,0.6667473067007006,0.0819681148744817
YAGO3-10,balanced1_syn_global_rf,0.04,399,0.6233164355914379,0.6728374165070912,0.0794475776475633
YAGO3-10,balanced1_syn_global_rf,0.06,598,0.6550770582155451,0.6965139684106163,0.0632550166051411
YAGO3-10,balanced1_syn_global_rf,0.08,798,0.6875681677899709,0.7268595513985479,0.0571454372805972
YAGO3-10,balanced1_syn_global_rf,0.1,998,0.6857294815404943,0.7288572882912608,0.0628933244256608
YAGO3-10,balanced1_syn_global_rf,0.12,1197,0.6995674134640919,0.7444312751807348,0.0641308626633818
YAGO3-10,balanced1_syn_global_rf,0.14,1397,0.7141345887258879,0.7537804152220333,0.0555159029152738
YAGO3-10,balanced1_syn_global_rf,0.16,1596,0.7279521501198648,0.7666295865220377,0.0531318389482113
YAGO3-10,balanced1_syn_global_rf,0.18,1796,0.7338997920067368,0.7727985439336661,0.0530028109431215
YAGO3-10,balanced1_syn_global_rf,0.2,1995,0.7409429430093335,0.7799633401897398,0.0526631605693217
YAGO3-10,balanced1_syn_global_rf,0.22,2194,0.7401197247026222,0.7795587709859246,0.0532873871171977
YAGO3-10,balanced1_syn_global_rf,0.24,2394,0.7415524828823583,0.7817440480448102,0.0541992186530484
YAGO3-10,balanced1_syn_global_rf,0.26,2594,0.7209904665184472,0.7615537034656086,0.0562604345422692
YAGO3-10,balanced1_syn_global_rf,0.28,2793,0.7017956757115327,0.7410256762762134,0.0558994617983452
YAGO3-10,balanced1_syn_global_rf,0.3,2992,0.7014414842184334,0.7382433477551119,0.0524660493635962
YAGO3-10,balanced1_syn_global_rf,0.32,3192,0.7085337595274288,0.7431854613427672,0.0489062113828564
YAGO3-10,balanced1_syn_global_rf,0.34,3392,0.6948692568344035,0.7283993347819256,0.0482537939586997
YAGO3-10,balanced1_syn_global_rf,0.36,3591,0.6977681217687696,0.7300949651914724,0.0463289199007224
YAGO3-10,balanced1_syn_global_rf,0.38,3790,0.703766559990288,0.7344859792621685,0.0436500126864574
YAGO3-10,balanced1_syn_global_rf,0.4,3990,0.6918202929732332,0.7222158871541179,0.0439356788021549
YAGO3-10,balanced1_syn_global_rf,0.42,4190,0.6945335038473812,0.7250329099067725,0.0439135130133236
YAGO3-10,balanced1_syn_global_rf,0.44,4389,0.6993384753786147,0.7292862014419635,0.042822934984573
YAGO3-10,balanced1_syn_global_rf,0.46,4588,0.6897682511741706,0.7190126417921661,0.0423974147377959
YAGO3-10,balanced1_syn_global_rf,0.48,4788,0.6917411067127421,0.7212253195236852,0.0426231902728124
YAGO3-10,balanced1_syn_global_rf,0.5,4988,0.6945975445779442,0.7237031978276731,0.0419029025900377
YAGO3-10,balanced1_syn_global_rf,0.52,5187,0.6915431389081598,0.7206806952533084,0.0421341124013641
YAGO3-10,balanced1_syn_global_rf,0.54,5386,0.6842937649772972,0.7128263705919065,0.041696427871962
YAGO3-10,balanced1_syn_global_rf,0.56,5586,0.6920442857839861,0.7199143334291271,0.0402720580425981
YAGO3-10,balanced1_syn_global_rf,0.58,5786,0.688878443552449,0.7160838835540347,0.0394923665506081
YAGO3-10,balanced1_syn_global_rf,0.6,5985,0.6929761830037713,0.7199461620346481,0.0389190562278387
YAGO3-10,balanced1_syn_global_rf,0.62,6184,0.6819288863858517,0.7081907996286484,0.0385112198164561
YAGO3-10,balanced1_syn_global_rf,0.64,6384,0.6678073340860131,0.6938377577159655,0.0389789424304221
YAGO3-10,balanced1_syn_global_rf,0.66,6584,0.6673171548511337,0.6930635025164307,0.0385818759163181
YAGO3-10,balanced1_syn_global_rf,0.68,6783,0.6627582681228928,0.688034393682004,0.0381377747737494
YAGO3-10,balanced1_syn_global_rf,0.7,6982,0.6578102354077887,0.6829674276078518,0.0382438442668311
YAGO3-10,balanced1_syn_global_rf,0.72,7182,0.6532078747730171,0.6772433764679281,0.0367960991028515
YAGO3-10,balanced1_syn_global_rf,0.74,7382,0.6457329833798952,0.6694060780355034,0.0366608106832309
YAGO3-10,balanced1_syn_global_rf,0.76,7581,0.6367261719606913,0.6598655842511878,0.036341230044373
YAGO3-10,balanced1_syn_global_rf,0.78,7780,0.6273220579740763,0.6499779244820746,0.036115207842627
YAGO3-10,balanced1_syn_global_rf,0.8,7980,0.6194595680705666,0.641782156997384,0.0360355866264938
YAGO3-10,balanced1_syn_global_rf,0.82,8179,0.6128106808754202,0.6346393347835163,0.035620550668133
YAGO3-10,balanced1_syn_global_rf,0.84,8379,0.6055265853981175,0.6268312595374315,0.035183713899707
YAGO3-10,balanced1_syn_global_rf,0.86,8578,0.5970333461444085,0.6179914711976603,0.0351037763444832
YAGO3-10,balanced1_syn_global_rf,0.88,8778,0.5912828934423487,0.6118575671844148,0.0347966666552514
YAGO3-10,balanced1_syn_global_rf,0.9,8978,0.5854467797174626,0.6055517005960307,0.0343411588808648
YAGO3-10,balanced1_syn_global_rf,0.92,9177,0.581601037949889,0.6013915384817072,0.0340276224430042
YAGO3-10,balanced1_syn_global_rf,0.94,9376,0.576001819544879,0.5954222728344398,0.0337159582323989
YAGO3-10,balanced1_syn_global_rf,0.96,9576,0.5712263588072091,0.590273064756276,0.0333435347571122
YAGO3-10,balanced1_syn_global_rf,0.98,9776,0.5682811726974671,0.5870284931447304,0.0329895153103085
YAGO3-10,balanced1_syn_global_rf,1.0,9975,0.5616723217905851,0.5802260659200453,0.0330330397451519
codex-l,balanced1_syn_global_rf,0.02,1223,0.4155373175837106,0.4253554312710358,0.0236275137559633
codex-l,balanced1_syn_global_rf,0.04,2445,0.4262141122534493,0.4405341831215818,0.0335983029572166
codex-l,balanced1_syn_global_rf,0.06,3668,0.4162692028903841,0.4337414058825787,0.0419733260853205
codex-l,balanced1_syn_global_rf,0.08,4890,0.4248374775927354,0.4417576379162326,0.039827372150339
codex-l,balanced1_syn_global_rf,0.1,6113,0.4437601665118784,0.4589414556442232,0.0342105720116237
codex-l,balanced1_syn_global_rf,0.12,7335,0.456071555496571,0.470049784523952,0.0306492015538253
codex-l,balanced1_syn_global_rf,0.14,8558,0.4563699770065297,0.4696478092975972,0.029094447400245
codex-l,balanced1_syn_global_rf,0.16,9781,0.4291055684306763,0.441216340957939,0.0282232937958697
codex-l,balanced1_syn_global_rf,0.18,11003,0.4130238352006983,0.4248791862658695,0.0287037939575822
codex-l,balanced1_syn_global_rf,0.2,12226,0.4048684987047499,0.4157566346220786,0.0268930182322455
codex-l,balanced1_syn_global_rf,0.22,13448,0.3966812892888527,0.4072195931911331,0.0265661733659605
codex-l,balanced1_syn_global_rf,0.24,14671,0.387675398414277,0.3977192719072884,0.0259079465297364
codex-l,balanced1_syn_global_rf,0.26,15894,0.375977945216732,0.3855897519846992,0.025564815410719
codex-l,balanced1_syn_global_rf,0.28,17116,0.369978658503405,0.3793502659093146,0.0253301296994223
codex-l,balanced1_syn_global_rf,0.3,18339,0.3675065466710469,0.3763728406812043,0.0241255403215812
codex-l,balanced1_syn_global_rf,0.32,19561,0.3698849075394506,0.3784007416915944,0.0230229295074322
codex-l,balanced1_syn_global_rf,0.34,20784,0.3739902053280895,0.3824461030688448,0.0226099443789904
codex-l,balanced1_syn_global_rf,0.36,22006,0.3761003318968227,0.3841447373895111,0.0213889880184825
codex-l,balanced1_syn_global_rf,0.38,23229,0.3765218493674208,0.3842649376276851,0.0205647780421591
codex-l,balanced1_syn_global_rf,0.4,24452,0.3743759182626004,0.3817882156192714,0.0197990762628907
codex-l,balanced1_syn_global_rf,0.42,25674,0.3717926419441143,0.3788376385831187,0.0189487252952773
codex-l,balanced1_syn_global_rf,0.44,26897,0.3679249073191635,0.3747174791034537,0.0184618427542277
codex-l,balanced1_syn_global_rf,0.46,28119,0.3606233668972477,0.3671220839574386,0.0180207874939024
codex-l,balanced1_syn_global_rf,0.48,29342,0.3568001976344938,0.3630148520238904,0.0174177436856772
codex-l,balanced1_syn_global_rf,0.5,30564,0.354687023999329,0.3608473822780818,0.0173684343151059
codex-l,balanced1_syn_global_rf,0.52,31787,0.3515682020148706,0.3574622565256111,0.0167650386950839
codex-l,balanced1_syn_global_rf,0.54,33010,0.3455889392760773,0.3513440402821112,0.0166530243071127
codex-l,balanced1_syn_global_rf,0.56,34232,0.3407571496223719,0.3462274165812158,0.0160532712663727
codex-l,balanced1_syn_global_rf,0.58,35455,0.3506268591208997,0.3561015485719099,0.0156140047705883
codex-l,balanced1_syn_global_rf,0.6,36677,0.3471788003919554,0.3526844417390268,0.0158582302285037
codex-l,balanced1_syn_global_rf,0.62,37900,0.3474299643415417,0.3528927987550567,0.0157235557499142
codex-l,balanced1_syn_global_rf,0.64,39123,0.3413694077044293,0.346706382625632,0.0156340164078898
codex-l,balanced1_syn_global_rf,0.66,40345,0.3400096425012662,0.3453474277810591,0.01569892324384
codex-l,balanced1_syn_global_rf,0.68,41568,0.3474315776197826,0.3526953975959733,0.0151506665348402
codex-l,balanced1_syn_global_rf,0.7,42790,0.3445644393985466,0.349805986742854,0.0152120960406036
codex-l,balanced1_syn_global_rf,0.72,44013,0.3425317637032414,0.347689194758725,0.0150567964842869
codex-l,balanced1_syn_global_rf,0.74,45235,0.34019796842429,0.3452481272455162,0.0148447647839204
codex-l,balanced1_syn_global_rf,0.76,46458,0.3421725654078181,0.3473680329871447,0.0151837642890344
codex-l,balanced1_syn_global_rf,0.78,47681,0.3445087396889346,0.3497625717588983,0.0152502141882016
codex-l,balanced1_syn_global_rf,0.8,48903,0.3422192048824159,0.3474296585837146,0.0152254859661924
codex-l,balanced1_syn_global_rf,0.82,50126,0.3393739805916204,0.3446327050150027,0.0154953671292503
codex-l,balanced1_syn_global_rf,0.84,51348,0.3367812000247738,0.342015022871701,0.0155407215323839
codex-l,balanced1_syn_global_rf,0.86,52571,0.3417571233058372,0.3469708803177825,0.015255737646409
codex-l,balanced1_syn_global_rf,0.88,53794,0.3406848700983999,0.3459578989907614,0.0154777313440381
codex-l,balanced1_syn_global_rf,0.9,55016,0.3387055205867267,0.343861348240872,0.0152221541745585
codex-l,balanced1_syn_global_rf,0.92,56239,0.3357907678028395,0.340859341512312,0.0150944403344899
codex-l,balanced1_syn_global_rf,0.94,57461,0.3334798087030272,0.3386956363113424,0.0156406099325792
codex-l,balanced1_syn_global_rf,0.96,58684,0.337453934159078,0.3425792569669109,0.0151882147132318
codex-l,balanced1_syn_global_rf,0.98,59906,0.3325947700216276,0.3376656429626022,0.0152464001182126
codex-l,balanced1_syn_global_rf,1.0,61129,0.3299017687130151,0.334842792661744,0.0149772581335478
codex-m,balanced1_syn_global_rf,0.02,412,0.2500168889165898,0.2536080831021619,0.0143638063857765
codex-m,balanced1_syn_global_rf,0.04,824,0.3485766873844579,0.3490184564108148,0.0012673510373617
codex-m,balanced1_syn_global_rf,0.06,1236,0.3335160199891829,0.3343111192861751,0.0023839913207703
codex-m,balanced1_syn_global_rf,0.08,1648,0.3069868839361364,0.3076644685532767,0.0022072103161294
codex-m,balanced1_syn_global_rf,0.1,2059,0.3212635585075928,0.3224395294772318,0.0036604555309727
codex-m,balanced1_syn_global_rf,0.12,2471,0.3350497285567911,0.3361388978633367,0.0032507691059389
codex-m,balanced1_syn_global_rf,0.14,2883,0.3496930768159954,0.3506327027170645,0.0026870017262696
codex-m,balanced1_syn_global_rf,0.16,3295,0.3558058966431016,0.3566902684594626,0.0024855456997896
codex-m,balanced1_syn_global_rf,0.18,3707,0.3629889929766193,0.3644784413765797,0.0041032880577078
codex-m,balanced1_syn_global_rf,0.2,4119,0.3669329357704834,0.3687548256726137,0.004965184982113
codex-m,balanced1_syn_global_rf,0.22,4531,0.3686275205855714,0.3710330574525229,0.0065256572898577
codex-m,balanced1_syn_global_rf,0.24,4943,0.3607397996822871,0.3631357792859567,0.0066418499033924
codex-m,balanced1_syn_global_rf,0.26,5354,0.3550290260199636,0.357780339246642,0.0077495444739315
codex-m,balanced1_syn_global_rf,0.28,5766,0.3518043730857036,0.3545309259109187,0.0077501959435588
codex-m,balanced1_syn_global_rf,0.3,6178,0.3519841726376336,0.3545546125858462,0.0073027145764841
codex-m,balanced1_syn_global_rf,0.32,6590,0.3552803473041597,0.3580944442420158,0.0079207785041004
codex-m,balanced1_syn_global_rf,0.34,7002,0.3589896862932367,0.3622672298105747,0.0091299099736832
codex-m,balanced1_syn_global_rf,0.36,7414,0.3451594614523713,0.3483265831481546,0.009175821756288
codex-m,balanced1_syn_global_rf,0.38,7826,0.3313062065849443,0.3343118643634069,0.0090721444957049
codex-m,balanced1_syn_global_rf,0.4,8238,0.3416127571631899,0.3444819741988241,0.0083990336293662
codex-m,balanced1_syn_global_rf,0.42,8649,0.3474430369564742,0.3499850776069136,0.0073164242193688
codex-m,balanced1_syn_global_rf,0.44,9061,0.3481086840819104,0.3505079293869447,0.0068922305439234
codex-m,balanced1_syn_global_rf,0.46,9473,0.3511290512511598,0.3535866676472807,0.0069991827431079
codex-m,balanced1_syn_global_rf,0.48,9885,0.3525475933024425,0.355258870942104,0.0076905294240245
codex-m,balanced1_syn_global_rf,0.5,10297,0.3421302576527387,0.3447491436651169,0.0076546460121524
codex-m,balanced1_syn_global_rf,0.52,10709,0.3347569057043789,0.337331136259952,0.0076898504906315
codex-m,balanced1_syn_global_rf,0.54,11121,0.344029234422281,0.3463776041116057,0.0068260759678409
codex-m,balanced1_syn_global_rf,0.56,11533,0.3486687778902883,0.3509288127819907,0.006481896387102
codex-m,balanced1_syn_global_rf,0.58,11945,0.3474575030288493,0.3496659753776575,0.0063560934202213
codex-m,balanced1_syn_global_rf,0.6,12356,0.3473991842457484,0.3496531227659607,0.006488036306435
codex-m,balanced1_syn_global_rf,0.62,12768,0.3483665654932814,0.3510336375731609,0.0076559358562524
codex-m,balanced1_syn_global_rf,0.64,13180,0.338788299248904,0.3414119222516562,0.0077441369981454
codex-m,balanced1_syn_global_rf,0.66,13592,0.3361615051229834,0.3386186702587068,0.0073094780284983
codex-m,balanced1_syn_global_rf,0.68,14004,0.3434166232233915,0.3457876573957014,0.0069042498585383
codex-m,balanced1_syn_global_rf,0.7,14416,0.3474194626411576,0.3497934275381618,0.0068331373232715
codex-m,balanced1_syn_global_rf,0.72,14828,0.3453352107629858,0.3476767091407911,0.0067803638459917
codex-m,balanced1_syn_global_rf,0.74,15240,0.3458142537649213,0.3482037169656314,0.0069096723882713
codex-m,balanced1_syn_global_rf,0.76,15651,0.3478917659631693,0.3506715903050305,0.0079904861621686
codex-m,balanced1_syn_global_rf,0.78,16063,0.3397844618662407,0.3425846132580126,0.0082409636285081
codex-m,balanced1_syn_global_rf,0.8,16475,0.3373075191241291,0.3400070601471123,0.0080032044052651
codex-m,balanced1_syn_global_rf,0.82,16887,0.3422619317101315,0.3449443892090982,0.0078374404233731
codex-m,balanced1_syn_global_rf,0.84,17299,0.3442572946761121,0.3468568468683078,0.0075511898582756
codex-m,balanced1_syn_global_rf,0.86,17711,0.3439995875800766,0.3466037228899363,0.0075701698603156
codex-m,balanced1_syn_global_rf,0.88,18123,0.3452906131169571,0.3478286244564343,0.0073503629784965
codex-m,balanced1_syn_global_rf,0.9,18535,0.3461099833717712,0.3488495460083752,0.0079152950455676
codex-m,balanced1_syn_global_rf,0.92,18946,0.3394309000056212,0.3421417336031147,0.0079864078298368
codex-m,balanced1_syn_global_rf,0.94,19358,0.3363400305779662,0.3389933374825413,0.0078887633446891
codex-m,balanced1_syn_global_rf,0.96,19770,0.3415577160730175,0.3441568897455075,0.0076097641779944
codex-m,balanced1_syn_global_rf,0.98,20182,0.3440105988471697,0.3466215710627544,0.0075898016640605
codex-m,balanced1_syn_global_rf,1.0,20594,0.3423415349994885,0.3449297847479118,0.0075604315685127
hetionet,balanced1_syn_global_rf,0.02,9001,0.5021387947573266,0.6305902445258802,0.2558086551162244
hetionet,balanced1_syn_global_rf,0.04,18002,0.4887694036041262,0.5926998131804055,0.2126368975019898
hetionet,balanced1_syn_global_rf,0.06,27002,0.4985289796127785,0.5972971280992778,0.1981191716542043
hetionet,balanced1_syn_global_rf,0.08,36003,0.5202397365045908,0.6180951792867083,0.1880968252052273
hetionet,balanced1_syn_global_rf,0.1,45004,0.530793976520788,0.6230100495835742,0.1737323276862292
hetionet,balanced1_syn_global_rf,0.12,54005,0.5397673901511294,0.6297351321881923,0.1666787280570485
hetionet,balanced1_syn_global_rf,0.14,63006,0.5473457147766982,0.6354005981068721,0.1608761719566906
hetionet,balanced1_syn_global_rf,0.16,72006,0.5544123557668461,0.6411970097604642,0.156534487536051
hetionet,balanced1_syn_global_rf,0.18,81007,0.5641577774892563,0.6504778425243282,0.1530069574139934
hetionet,balanced1_syn_global_rf,0.2,90008,0.5716128783210086,0.6548470449918878,0.1456128261409399
hetionet,balanced1_syn_global_rf,0.22,99009,0.5784019701436596,0.6597147302979566,0.1405817482504443
hetionet,balanced1_syn_global_rf,0.24,108010,0.5874636114088944,0.6626053282679322,0.1279087170673056
hetionet,balanced1_syn_global_rf,0.26,117010,0.5879373996681281,0.6576074890419069,0.1184991623480755
hetionet,balanced1_syn_global_rf,0.28,126011,0.5875272666720335,0.652683525904531,0.1108991240552395
hetionet,balanced1_syn_global_rf,0.3,135012,0.5869639976289428,0.6482515935541443,0.1044145742716324
hetionet,balanced1_syn_global_rf,0.32,144013,0.5792102247723557,0.6368660968491219,0.0995422207876706
hetionet,balanced1_syn_global_rf,0.34,153014,0.5700144504165614,0.6246534669948326,0.0958554937306264
hetionet,balanced1_syn_global_rf,0.36,162014,0.5606940998099217,0.6123930320278121,0.0922052367510495
hetionet,balanced1_syn_global_rf,0.38,171015,0.5498620755570107,0.5991033303165282,0.0895520112196064
hetionet,balanced1_syn_global_rf,0.4,180016,0.541593693615111,0.5883421794926336,0.086316525522073
hetionet,balanced1_syn_global_rf,0.42,189017,0.5371305197643642,0.5816355547348999,0.0828570213996773
hetionet,balanced1_syn_global_rf,0.44,198018,0.5154963951892624,0.5579968694566498,0.0824457254483488
hetionet,balanced1_syn_global_rf,0.46,207018,0.5119190980842019,0.5527855181547789,0.0798298407375597
hetionet,balanced1_syn_global_rf,0.48,216019,0.5077255805129683,0.5466502066393572,0.0766646937250281
hetionet,balanced1_syn_global_rf,0.5,225020,0.4917191136508599,0.5287661343528434,0.075341835762537
hetionet,balanced1_syn_global_rf,0.52,234021,0.4800474922937363,0.5155963381432861,0.074052768570235
hetionet,balanced1_syn_global_rf,0.54,243022,0.467770261553932,0.5020161172441407,0.0732108440935173
hetionet,balanced1_syn_global_rf,0.56,252022,0.4552656806343311,0.4883784991381773,0.0727329555298554
hetionet,balanced1_syn_global_rf,0.58,261023,0.4625413230291054,0.4945503488259449,0.0692025213816955
hetionet,balanced1_syn_global_rf,0.6,270024,0.4499440098580715,0.4804303329319616,0.0677558149590804
hetionet,balanced1_syn_global_rf,0.62,279025,0.4402926815710475,0.4697526632471662,0.0669099962574892
hetionet,balanced1_syn_global_rf,0.64,288026,0.4339313336370918,0.4625051971408356,0.065848813599713
hetionet,balanced1_syn_global_rf,0.66,297026,0.4225741457928232,0.4502837276362015,0.0655733014413133
hetionet,balanced1_syn_global_rf,0.68,306027,0.4235455563332915,0.4506458505120281,0.0639843666720259
hetionet,balanced1_syn_global_rf,0.7,315028,0.4226401941749415,0.448724916853051,0.0617185091186864
hetionet,balanced1_syn_global_rf,0.72,324029,0.4138959454978121,0.4389943264244492,0.0606393495748069
hetionet,balanced1_syn_global_rf,0.74,333030,0.4075255714193727,0.4319206977681012,0.059861584301968
hetionet,balanced1_syn_global_rf,0.76,342030,0.4009559388831478,0.4247633707020766,0.0593766783583347
hetionet,balanced1_syn_global_rf,0.78,351031,0.3932110327453471,0.4164097964608342,0.0589982522960161
hetionet,balanced1_syn_global_rf,0.8,360032,0.4001459820519867,0.4229168703781061,0.0569064525135254
hetionet,balanced1_syn_global_rf,0.82,369033,0.3933909531370501,0.4153170579852783,0.055736169511223
hetionet,balanced1_syn_global_rf,0.84,378034,0.3875968749598188,0.4089340091622008,0.0550498096884655
hetionet,balanced1_syn_global_rf,0.86,387034,0.3837255097380059,0.4045445142447006,0.0542549399984098
hetionet,balanced1_syn_global_rf,0.88,396035,0.3764577476833227,0.3968356611208397,0.0541306788422346
hetionet,balanced1_syn_global_rf,0.9,405036,0.3771216998654031,0.3971629153245172,0.0531425676811145
hetionet,balanced1_syn_global_rf,0.92,414037,0.3782267535520858,0.3977405113336011,0.0515927485251992
hetionet,balanced1_syn_global_rf,0.94,423038,0.3720106732443513,0.3909641140691798,0.0509486479501601
hetionet,balanced1_syn_global_rf,0.96,432038,0.3682361335392597,0.386768982131555,0.0503287073274665
hetionet,balanced1_syn_global_rf,0.98,441039,0.3685976068396073,0.3867832358618167,0.0493373496863822
hetionet,balanced1_syn_global_rf,1.0,450040,0.3731884548334995,0.3903218979298271,0.0459109677012161
FB15k-237,balanced1_max_global_rf,0.02,816,0.2590338156616973,0.2760985605309924,0.0658784445795368
FB15k-237,balanced1_max_global_rf,0.04,1633,0.289188248069443,0.3032229548615557,0.048531387031822
FB15k-237,balanced1_max_global_rf,0.06,2449,0.2981480256927361,0.3099657777845838,0.0396371972089688
FB15k-237,balanced1_max_global_rf,0.08,3266,0.2956698149170247,0.3066568988664945,0.0371599784460687
FB15k-237,balanced1_max_global_rf,0.1,4082,0.2888937379589991,0.3014027276259875,0.0432996220526029
FB15k-237,balanced1_max_global_rf,0.12,4898,0.2847847515372232,0.2962163439229445,0.0401411674045584
FB15k-237,balanced1_max_global_rf,0.14,5715,0.28047555703204,0.2932868838931899,0.0456771598805894
FB15k-237,balanced1_max_global_rf,0.16,6531,0.2775298758677322,0.2892683553117636,0.0422962731753819
FB15k-237,balanced1_max_global_rf,0.18,7347,0.2755797569207273,0.2869810340401983,0.0413719688516551
FB15k-237,balanced1_max_global_rf,0.2,8164,0.2767821127836147,0.2873852060097921,0.038308448185258
FB15k-237,balanced1_max_global_rf,0.22,8980,0.2770812690030045,0.2876383357836681,0.038100976001193
FB15k-237,balanced1_max_global_rf,0.24,9797,0.2750822751679765,0.2857395949581214,0.0387422991308219
FB15k-237,balanced1_max_global_rf,0.26,10613,0.274489558068235,0.2849354567950806,0.0380557235049678
FB15k-237,balanced1_max_global_rf,0.28,11429,0.2748221508023204,0.2852225679555065,0.0378441734875554
FB15k-237,balanced1_max_global_rf,0.3,12246,0.2755629257143413,0.2851712123399206,0.0348678495144865
FB15k-237,balanced1_max_global_rf,0.32,13062,0.277964585374122,0.287235123597145,0.0333515084684095
FB15k-237,balanced1_max_global_rf,0.34,13878,0.2802470706776094,0.2892711794091083,0.0322005461455121
FB15k-237,balanced1_max_global_rf,0.36,14695,0.2906812643270744,0.2992757642070587,0.0295667486512436
FB15k-237,balanced1_max_global_rf,0.38,15511,0.2937088950087934,0.3019763041201687,0.0281483102890971
FB15k-237,balanced1_max_global_rf,0.4,16328,0.3029544183379107,0.3108232452459829,0.02597363310046
FB15k-237,balanced1_max_global_rf,0.42,17144,0.3063690664839814,0.3138880415222448,0.0245422134961412
FB15k-237,balanced1_max_global_rf,0.44,17960,0.3112263007812142,0.318416376013236,0.0231024023804344
FB15k-237,balanced1_max_global_rf,0.46,18777,0.3111810995299943,0.3180963094777177,0.0222224613196884
FB15k-237,balanced1_max_global_rf,0.48,19593,0.3150981866146589,0.3217208501894253,0.0210177774931643
FB15k-237,balanced1_max_global_rf,0.5,20410,0.3183062361110785,0.3246024544497701,0.0197803801006726
FB15k-237,balanced1_max_global_rf,0.52,21226,0.321870363161034,0.327939577107469,0.0188560819543317
FB15k-237,balanced1_max_global_rf,0.54,22042,0.3235115401578494,0.3293597693170731,0.0180773432575858
FB15k-237,balanced1_max_global_rf,0.56,22859,0.3276449294236889,0.3332307879924835,0.0170485121763364
FB15k-237,balanced1_max_global_rf,0.58,23675,0.3313316523051852,0.3367267951360683,0.0162832098694682
FB15k-237,balanced1_max_global_rf,0.6,24491,0.329105839271316,0.3343244940053326,0.0158570712253887
FB15k-237,balanced1_max_global_rf,0.62,25308,0.3342353181974119,0.3393867095281597,0.015412468552187
FB15k-237,balanced1_max_global_rf,0.64,26124,0.3339705899342522,0.3389256559505683,0.0148368334388111
FB15k-237,balanced1_max_global_rf,0.66,26941,0.3387589690408858,0.3436067636024461,0.014310453757979
FB15k-237,balanced1_max_global_rf,0.68,27757,0.3381596767639179,0.3428923082095633,0.0139952565927885
FB15k-237,balanced1_max_global_rf,0.7,28573,0.3396816509647986,0.3442786362582305,0.0135332164112342
FB15k-237,balanced1_max_global_rf,0.72,29390,0.3383488049428867,0.3428333845904689,0.0132543091096157
FB15k-237,balanced1_max_global_rf,0.74,30206,0.3428108753690382,0.3472483996703727,0.0129445260351135
FB15k-237,balanced1_max_global_rf,0.76,31022,0.3434306069289027,0.3477619950933369,0.0126121204023346
FB15k-237,balanced1_max_global_rf,0.78,31839,0.3466131862588105,0.3508665581694239,0.0122712351382889
FB15k-237,balanced1_max_global_rf,0.8,32655,0.346561310812166,0.350696010248778,0.011930643460813
FB15k-237,balanced1_max_global_rf,0.82,33472,0.3487068661005693,0.352738680978448,0.0115621895346216
FB15k-237,balanced1_max_global_rf,0.84,34288,0.349786699944557,0.3537297749921255,0.0112727986747165
FB15k-237,balanced1_max_global_rf,0.86,35104,0.3508645991585025,0.3546659237691907,0.010834164004591
FB15k-237,balanced1_max_global_rf,0.88,35921,0.3526665962819076,0.3565158930890933,0.01091483244449
FB15k-237,balanced1_max_global_rf,0.9,36737,0.3530133592862534,0.3567485921285638,0.0105809957160336
FB15k-237,balanced1_max_global_rf,0.92,37553,0.3541861693189042,0.3578226745248715,0.0102672140274713
FB15k-237,balanced1_max_global_rf,0.94,38370,0.3535904765405032,0.3571631933186626,0.0101041091748694
FB15k-237,balanced1_max_global_rf,0.96,39186,0.3547459357054183,0.3582442519408764,0.0098614695288943
FB15k-237,balanced1_max_global_rf,0.98,40003,0.3543079422121409,0.3577453126309696,0.0097016465320174
FB15k-237,balanced1_max_global_rf,1.0,40819,0.3528119855172369,0.3560530550713822,0.0091863930002087
KG20C,balanced1_max_global_rf,0.02,149,0.1383958120101214,0.1422628728800543,0.02794203678396
KG20C,balanced1_max_global_rf,0.04,298,0.1589435758908614,0.1601087759923233,0.007330904032649
KG20C,balanced1_max_global_rf,0.06,447,0.1553112076068191,0.1596324462976316,0.0278230963328283
KG20C,balanced1_max_global_rf,0.08,596,0.1579729492774629,0.1654907945611619,0.047589446915337
KG20C,balanced1_max_global_rf,0.1,745,0.1728530898476402,0.1816674503568562,0.0509933638848187
KG20C,balanced1_max_global_rf,0.12,894,0.173086932980701,0.1806926243054708,0.0439414529669768
KG20C,balanced1_max_global_rf,0.14,1043,0.1684122805369506,0.1750299830419467,0.0392946552584931
KG20C,balanced1_max_global_rf,0.16,1192,0.164124701444362,0.1711364778661697,0.0427222493634495
KG20C,balanced1_max_global_rf,0.18,1341,0.1674512729972422,0.1732206850661599,0.0344542741637603
KG20C,balanced1_max_global_rf,0.2,1490,0.1654859777617182,0.1709490092062191,0.0330120504370892
KG20C,balanced1_max_global_rf,0.22,1639,0.1627276732798057,0.1682894901409853,0.0341786787033828
KG20C,balanced1_max_global_rf,0.24,1788,0.1621182832143044,0.1684345506727974,0.038960858289768
KG20C,balanced1_max_global_rf,0.26,1936,0.1636029255158207,0.1700509680122946,0.0394127579084784
KG20C,balanced1_max_global_rf,0.28,2085,0.1610590053874086,0.1676017891124755,0.0406235199908813
KG20C,balanced1_max_global_rf,0.3,2234,0.1604560200916681,0.1677046660661006,0.0451752821133879
KG20C,balanced1_max_global_rf,0.32,2383,0.1590484503054718,0.1666365667496429,0.0477094648177787
KG20C,balanced1_max_global_rf,0.34,2532,0.1631636169770942,0.1709234707093582,0.0475587258730199
KG20C,balanced1_max_global_rf,0.36,2681,0.1668559024063898,0.1748450141833079,0.047880306670003
KG20C,balanced1_max_global_rf,0.38,2830,0.1682867799170319,0.1771411516538197,0.0526147790168252
KG20C,balanced1_max_global_rf,0.4,2979,0.1711151060923994,0.1809918088062993,0.0577196422890136
KG20C,balanced1_max_global_rf,0.42,3128,0.1691355022850583,0.1792925905212357,0.0600529640374309
KG20C,balanced1_max_global_rf,0.44,3277,0.170291608784397,0.1807458164261597,0.0613900339329029
KG20C,balanced1_max_global_rf,0.46,3426,0.1679980455790548,0.1790500153913397,0.0657862999190912
KG20C,balanced1_max_global_rf,0.48,3575,0.1677765319391831,0.1785362432980803,0.0641312061617618
KG20C,balanced1_max_global_rf,0.5,3724,0.1669894242929815,0.1777234529897237,0.0642796916163348
KG20C,balanced1_max_global_rf,0.52,3873,0.1671157549498865,0.1780049049732552,0.0651593264000396
KG20C,balanced1_max_global_rf,0.54,4022,0.1649558841262154,0.1757514449492052,0.0654451393484671
KG20C,balanced1_max_global_rf,0.56,4171,0.1643704847827703,0.1755923940828181,0.0682720460116579
KG20C,balanced1_max_global_rf,0.58,4320,0.1625347198983064,0.1735780390856336,0.0679443702504716
KG20C,balanced1_max_global_rf,0.6,4469,0.1725344289124716,0.183304216210003,0.0624210910565279
KG20C,balanced1_max_global_rf,0.62,4618,0.1711487482053064,0.1819637272981874,0.0631905240692007
KG20C,balanced1_max_global_rf,0.64,4767,0.1733707822096132,0.1839991084208554,0.0613040217952765
KG20C,balanced1_max_global_rf,0.66,4916,0.1829272570565468,0.1930097536269003,0.0551175190214365
KG20C,balanced1_max_global_rf,0.68,5065,0.1867954282349186,0.1965854605771594,0.0524104494138295
KG20C,balanced1_max_global_rf,0.7,5214,0.1851530615674221,0.1948503796547942,0.0523746029651306
KG20C,balanced1_max_global_rf,0.72,5363,0.1857094739116475,0.1954016467399684,0.0521899751486665
KG20C,balanced1_max_global_rf,0.74,5512,0.1943381549330816,0.2038023436179703,0.0486995911232541
KG20C,balanced1_max_global_rf,0.76,5660,0.1993750057393053,0.2085353962922529,0.0459455312313585
KG20C,balanced1_max_global_rf,0.78,5809,0.1981411298866095,0.2068260283845354,0.0438318813610076
KG20C,balanced1_max_global_rf,0.8,5958,0.1985426585065823,0.2073282650549806,0.0442504729939789
KG20C,balanced1_max_global_rf,0.82,6107,0.2060869277185172,0.2147126358419032,0.0418547077142485
KG20C,balanced1_max_global_rf,0.84,6256,0.2115477795977636,0.2199414069703421,0.0396772180192019
KG20C,balanced1_max_global_rf,0.86,6405,0.2103258491783571,0.2184937984715636,0.0388347382174603
KG20C,balanced1_max_global_rf,0.88,6554,0.2096458029385855,0.2177008979831142,0.0384224006949873
KG20C,balanced1_max_global_rf,0.9,6703,0.2143409647243047,0.2223636348690955,0.0374294766990059
KG20C,balanced1_max_global_rf,0.92,6852,0.2179144541322942,0.2258139528368448,0.0362504577128917
KG20C,balanced1_max_global_rf,0.94,7001,0.2220358033927186,0.2296600446192728,0.0343378910520528
KG20C,balanced1_max_global_rf,0.96,7150,0.2209255114068625,0.228860939888939,0.0359190228034027
KG20C,balanced1_max_global_rf,0.98,7299,0.2212464073578274,0.2289627709994497,0.034876786175978
KG20C,balanced1_max_global_rf,1.0,7448,0.2263807403572204,0.2339867495060782,0.03359830494792
WN18RR,balanced1_max_global_rf,0.02,121,0.4389736511272462,0.4618839547897571,0.0521906123606261
WN18RR,balanced1_max_global_rf,0.04,242,0.4207825766513565,0.4370661750179288,0.0386983664964442
WN18RR,balanced1_max_global_rf,0.06,363,0.4271576882247951,0.4374420331890378,0.0240762258241982
WN18RR,balanced1_max_global_rf,0.08,484,0.4023089252906753,0.4131483622066847,0.0269430684595866
WN18RR,balanced1_max_global_rf,0.1,606,0.4124524770487379,0.4224827047540963,0.0243185051939285
WN18RR,balanced1_max_global_rf,0.12,727,0.3878015632334876,0.3965828190551517,0.0226436834045899
WN18RR,balanced1_max_global_rf,0.14,848,0.4384714665090266,0.4466621395788153,0.018680059468864
WN18RR,balanced1_max_global_rf,0.16,969,0.5034808827057476,0.5106487782301861,0.014236678632002
WN18RR,balanced1_max_global_rf,0.18,1090,0.5515292901707474,0.5579014835314637,0.0115536807822911
WN18RR,balanced1_max_global_rf,0.2,1211,0.5822966047353284,0.5880321049526536,0.0098497916193966
WN18RR,balanced1_max_global_rf,0.22,1332,0.5384842605540117,0.5433828540764976,0.0090970040933899
WN18RR,balanced1_max_global_rf,0.24,1453,0.5041416303006777,0.508700411954655,0.009042660593727
WN18RR,balanced1_max_global_rf,0.26,1574,0.4889733286438734,0.493243761329137,0.0087334675228756
WN18RR,balanced1_max_global_rf,0.28,1695,0.4696314057353813,0.4736979658664208,0.0086590463954849
WN18RR,balanced1_max_global_rf,0.3,1816,0.462367514335622,0.4657595836166495,0.0073363053758253
WN18RR,balanced1_max_global_rf,0.32,1938,0.4728944481311567,0.4763957931791983,0.0074040730693256
WN18RR,balanced1_max_global_rf,0.34,2059,0.5021275459454292,0.5054231295797685,0.0065632400790405
WN18RR,balanced1_max_global_rf,0.36,2180,0.5268278915915133,0.5299405552167907,0.0059083121356278
WN18RR,balanced1_max_global_rf,0.38,2301,0.5367128136440887,0.5396633528855466,0.0054974264941145
WN18RR,balanced1_max_global_rf,0.4,2422,0.5146653714976898,0.5174376251847593,0.0053865168332625
WN18RR,balanced1_max_global_rf,0.42,2543,0.4968527563116093,0.4995323400673507,0.0053931144020078
WN18RR,balanced1_max_global_rf,0.44,2664,0.4892822316485514,0.4919257284657439,0.0054028056737023
WN18RR,balanced1_max_global_rf,0.46,2785,0.4863564294257593,0.4891675966125837,0.0057800555657165
WN18RR,balanced1_max_global_rf,0.48,2906,0.4798119672347663,0.4825718693144711,0.0057520492779923
WN18RR,balanced1_max_global_rf,0.5,3028,0.4959356809437978,0.4988298179884773,0.0058357104678812
WN18RR,balanced1_max_global_rf,0.52,3149,0.5142798490064174,0.5170627791338513,0.0054113147400398
WN18RR,balanced1_max_global_rf,0.54,3270,0.5305334176934565,0.5332133708956859,0.0050514314703882
WN18RR,balanced1_max_global_rf,0.56,3391,0.5363051651009282,0.538889490571234,0.004818759240962
WN18RR,balanced1_max_global_rf,0.58,3512,0.5195406390547778,0.5220463076770451,0.0048228539481067
WN18RR,balanced1_max_global_rf,0.6,3633,0.5100886289912568,0.5126458040620974,0.005013197561172
WN18RR,balanced1_max_global_rf,0.62,3754,0.5015191397156278,0.5040448472959159,0.0050361140388786
WN18RR,balanced1_max_global_rf,0.64,3875,0.4982461230495188,0.5006025045155957,0.0047293523362603
WN18RR,balanced1_max_global_rf,0.66,3996,0.494256673936518,0.4968691465270412,0.0052856597154593
WN18RR,balanced1_max_global_rf,0.68,4117,0.5082463896452104,0.5107820807969544,0.004989098207887
WN18RR,balanced1_max_global_rf,0.7,4238,0.5206368157818048,0.5231001098997213,0.0047313098944368
WN18RR,balanced1_max_global_rf,0.72,4360,0.5330339964352732,0.5354283635159454,0.0044919594185075
WN18RR,balanced1_max_global_rf,0.74,4481,0.5449306664072637,0.5472603786303681,0.0042752452132381
WN18RR,balanced1_max_global_rf,0.76,4602,0.5359475775284589,0.5382183769407803,0.0042369804576658
WN18RR,balanced1_max_global_rf,0.78,4723,0.5254440029072216,0.5276658374605296,0.0042284896982645
WN18RR,balanced1_max_global_rf,0.8,4844,0.5187424316875009,0.5209292680671367,0.004215649706005
WN18RR,balanced1_max_global_rf,0.82,4965,0.5138510193622918,0.5160376390342697,0.0042553572720192
WN18RR,balanced1_max_global_rf,0.84,5086,0.5066502534220856,0.5089229477770524,0.0044857262768867
WN18RR,balanced1_max_global_rf,0.86,5207,0.5124483817304097,0.5147811236278428,0.0045521499932461
WN18RR,balanced1_max_global_rf,0.88,5328,0.5226383336511304,0.5249180984897065,0.0043620314312762
WN18RR,balanced1_max_global_rf,0.9,5450,0.5323903908213149,0.534619122391945,0.0041862730978141
WN18RR,balanced1_max_global_rf,0.92,5571,0.5391402422149456,0.5413205666466799,0.0040440765890095
WN18RR,balanced1_max_global_rf,0.94,5692,0.5307637532281438,0.5329375290168624,0.0040955618681521
WN18RR,balanced1_max_global_rf,0.96,5813,0.5217098287309695,0.5238512940894089,0.004104705797183
WN18RR,balanced1_max_global_rf,0.98,5934,0.5158122574516422,0.5179230235614394,0.0040921208817823
WN18RR,balanced1_max_global_rf,1.0,6055,0.5112021246888967,0.5133269561687425,0.004156538827257
YAGO3-10,balanced1_max_global_rf,0.02,200,0.5126903939664217,0.5799869539826138,0.131261597268389
YAGO3-10,balanced1_max_global_rf,0.04,399,0.5681670479496502,0.624466053698666,0.0990888259926066
YAGO3-10,balanced1_max_global_rf,0.06,598,0.5648606292733042,0.6148576851326563,0.0885121979977141
YAGO3-10,balanced1_max_global_rf,0.08,798,0.5453930578396865,0.5954325074908401,0.0917493336812187
YAGO3-10,balanced1_max_global_rf,0.1,998,0.540071261655904,0.5820789000535767,0.0777816584220267
YAGO3-10,balanced1_max_global_rf,0.12,1197,0.5371572372137065,0.5762711238150058,0.0728164565075719
YAGO3-10,balanced1_max_global_rf,0.14,1397,0.5268522790892322,0.5676542264147785,0.0774447581323563
YAGO3-10,balanced1_max_global_rf,0.16,1596,0.5278343120998893,0.5667374844357597,0.0737033789658376
YAGO3-10,balanced1_max_global_rf,0.18,1796,0.5331067097945918,0.5683050894547657,0.0660250171560135
YAGO3-10,balanced1_max_global_rf,0.2,1995,0.5225417139489187,0.557201345464094,0.0663289276051239
YAGO3-10,balanced1_max_global_rf,0.22,2194,0.5209767432197647,0.5538795299042302,0.0631559606310219
YAGO3-10,balanced1_max_global_rf,0.24,2394,0.5266425755898048,0.5578985303947454,0.0593494644255374
YAGO3-10,balanced1_max_global_rf,0.26,2594,0.5346130158056035,0.5656582669269711,0.0580705111988075
YAGO3-10,balanced1_max_global_rf,0.28,2793,0.5345137749695178,0.5635158225108645,0.0542587467329549
YAGO3-10,balanced1_max_global_rf,0.3,2992,0.5365560773837217,0.5637286700879152,0.0506425960855547
YAGO3-10,balanced1_max_global_rf,0.32,3192,0.52966488413445,0.5580180399977723,0.0535303674315799
YAGO3-10,balanced1_max_global_rf,0.34,3392,0.5322770014250665,0.5605724839375853,0.0531593182436274
YAGO3-10,balanced1_max_global_rf,0.36,3591,0.5361590907496,0.5638432175411757,0.0516341646895714
YAGO3-10,balanced1_max_global_rf,0.38,3790,0.5428894624889192,0.5705095276935112,0.0508760385179802
YAGO3-10,balanced1_max_global_rf,0.4,3990,0.5268384812191915,0.5539010209036703,0.0513678112917104
YAGO3-10,balanced1_max_global_rf,0.42,4190,0.5265443389035506,0.5533042895285413,0.0508218371138777
YAGO3-10,balanced1_max_global_rf,0.44,4389,0.5241063662593302,0.5506562744343747,0.0506574807792117
YAGO3-10,balanced1_max_global_rf,0.46,4588,0.5222847077013265,0.5481320819499034,0.0494890504497749
YAGO3-10,balanced1_max_global_rf,0.48,4788,0.517190850184118,0.5433924923687847,0.0506614573234214
YAGO3-10,balanced1_max_global_rf,0.5,4988,0.5198842115448213,0.5457170719462181,0.0496896420928714
YAGO3-10,balanced1_max_global_rf,0.52,5187,0.5261043492134498,0.5521669118356747,0.0495387705142327
YAGO3-10,balanced1_max_global_rf,0.54,5386,0.5290658747244903,0.555246045571897,0.0494837639283387
YAGO3-10,balanced1_max_global_rf,0.56,5586,0.5368639753336861,0.562884142671316,0.0484669646933511
YAGO3-10,balanced1_max_global_rf,0.58,5786,0.5438566899978681,0.5698513263746385,0.0477968495282687
YAGO3-10,balanced1_max_global_rf,0.6,5985,0.5510961730596073,0.576489755095551,0.0460783131462556
YAGO3-10,balanced1_max_global_rf,0.62,6184,0.5551202372578795,0.5801453512320108,0.0450805290359213
YAGO3-10,balanced1_max_global_rf,0.64,6384,0.5576688387161319,0.5824975782487062,0.0445223720761143
YAGO3-10,balanced1_max_global_rf,0.66,6584,0.5608537205897167,0.585673091502078,0.044252841696877
YAGO3-10,balanced1_max_global_rf,0.68,6783,0.5639109605785431,0.588145792681497,0.0429763451983453
YAGO3-10,balanced1_max_global_rf,0.7,6982,0.5712694865864785,0.5948065306277083,0.0412012974504751
YAGO3-10,balanced1_max_global_rf,0.72,7182,0.5679829437886559,0.5910622839173828,0.0406338612472747
YAGO3-10,balanced1_max_global_rf,0.74,7382,0.5614989892125487,0.5840566528899181,0.0401740058499562
YAGO3-10,balanced1_max_global_rf,0.76,7581,0.5583852737133559,0.5801998403933478,0.0390672313668327
YAGO3-10,balanced1_max_global_rf,0.78,7780,0.5528156794638438,0.5743408138054958,0.0389372717548974
YAGO3-10,balanced1_max_global_rf,0.8,7980,0.5513268041410007,0.5723907170292786,0.0382058567261149
YAGO3-10,balanced1_max_global_rf,0.82,8179,0.547404963246952,0.5680166134457134,0.0376533856699119
YAGO3-10,balanced1_max_global_rf,0.84,8379,0.5434775519114504,0.5638999768195535,0.0375773108498702
YAGO3-10,balanced1_max_global_rf,0.86,8578,0.5413088870333869,0.5613306439679578,0.0369876745314474
YAGO3-10,balanced1_max_global_rf,0.88,8778,0.5420264020190906,0.5616203714678305,0.0361494742244119
YAGO3-10,balanced1_max_global_rf,0.9,8978,0.5387204770710612,0.5580020111406534,0.0357913517125298
YAGO3-10,balanced1_max_global_rf,0.92,9177,0.5398244679263267,0.558898584088622,0.0353339229612292
YAGO3-10,balanced1_max_global_rf,0.94,9376,0.5445998931179225,0.5635337238967069,0.0347664974195738
YAGO3-10,balanced1_max_global_rf,0.96,9576,0.550692621124443,0.5696035199823849,0.0343402074633365
YAGO3-10,balanced1_max_global_rf,0.98,9776,0.5575980730957139,0.5762846365656934,0.0335126040989239
YAGO3-10,balanced1_max_global_rf,1.0,9975,0.5616723217905851,0.5802260659200453,0.0330330397451519
codex-l,balanced1_max_global_rf,0.02,1223,0.4084894481423622,0.4163261081092255,0.019184485676438
codex-l,balanced1_max_global_rf,0.04,2445,0.3727357705419998,0.3831016644269455,0.0278103007658012
codex-l,balanced1_max_global_rf,0.06,3668,0.3594622723280328,0.368848153498001,0.0261108936667571
codex-l,balanced1_max_global_rf,0.08,4890,0.3696936016978553,0.3779487152369644,0.0223296089009836
codex-l,balanced1_max_global_rf,0.1,6113,0.363979138304971,0.3708432274507876,0.0188584685863655
codex-l,balanced1_max_global_rf,0.12,7335,0.3717157171548169,0.3776255970442492,0.0158989238729736
codex-l,balanced1_max_global_rf,0.14,8558,0.3749254480251296,0.3806220090037101,0.0151938498935892
codex-l,balanced1_max_global_rf,0.16,9781,0.3803789841578611,0.3858681929935049,0.0144308940931545
codex-l,balanced1_max_global_rf,0.18,11003,0.3830386983984572,0.3884209034856988,0.014051335047204
codex-l,balanced1_max_global_rf,0.2,12226,0.3786044392393886,0.3837324563174984,0.0135445244340293
codex-l,balanced1_max_global_rf,0.22,13448,0.3836545264232678,0.3894123901183871,0.0150079389100361
codex-l,balanced1_max_global_rf,0.24,14671,0.3844165125189023,0.3903452072914629,0.015422580923261
codex-l,balanced1_max_global_rf,0.26,15894,0.3859413269844273,0.3921978298018934,0.0162110206397216
codex-l,balanced1_max_global_rf,0.28,17116,0.3848428316738007,0.3911470013762699,0.0163811540286471
codex-l,balanced1_max_global_rf,0.3,18339,0.3753858956647914,0.381760286381048,0.0169809009605108
codex-l,balanced1_max_global_rf,0.32,19561,0.3640710335524244,0.3703164774821805,0.0171544653492923
codex-l,balanced1_max_global_rf,0.34,20784,0.3509258660564248,0.3569966154666346,0.0172992360991528
codex-l,balanced1_max_global_rf,0.36,22006,0.3451396875582939,0.3510217952693699,0.0170426871296349
codex-l,balanced1_max_global_rf,0.38,23229,0.3473478640089296,0.3532818133917652,0.0170835925528622
codex-l,balanced1_max_global_rf,0.4,24452,0.342150344674917,0.3478326484259565,0.0166076224661948
codex-l,balanced1_max_global_rf,0.42,25674,0.3437424566142673,0.3492856003875618,0.0161258630309806
codex-l,balanced1_max_global_rf,0.44,26897,0.3349632660920612,0.3403269396805695,0.0160127217861383
codex-l,balanced1_max_global_rf,0.46,28119,0.3383953945154905,0.3436849042947916,0.0156311517976612
codex-l,balanced1_max_global_rf,0.48,29342,0.3432727394049493,0.3486416819511304,0.0156404570764574
codex-l,balanced1_max_global_rf,0.5,30564,0.3453322518530234,0.3507242088544385,0.0156138239984311
codex-l,balanced1_max_global_rf,0.52,31787,0.3445235716546326,0.3498660489241179,0.0155068555798001
codex-l,balanced1_max_global_rf,0.54,33010,0.3407073830698606,0.3458703876040599,0.0151537794328944
codex-l,balanced1_max_global_rf,0.56,34232,0.3349503331256524,0.3399665108483402,0.01497588515849
codex-l,balanced1_max_global_rf,0.58,35455,0.3350989870594485,0.3404372435162758,0.0159303867304148
codex-l,balanced1_max_global_rf,0.6,36677,0.3445115373818949,0.3496937613711313,0.0150422364040943
codex-l,balanced1_max_global_rf,0.62,37900,0.3419964312338429,0.3471732240951321,0.0151369791860476
codex-l,balanced1_max_global_rf,0.64,39123,0.3441285164037345,0.3492593670751633,0.0149096934048014
codex-l,balanced1_max_global_rf,0.66,40345,0.3405789191196317,0.3456470419707993,0.0148809059124042
codex-l,balanced1_max_global_rf,0.68,41568,0.338636083065825,0.3436253835898735,0.0147335171103979
codex-l,balanced1_max_global_rf,0.7,42790,0.3386126326483051,0.3438984112371138,0.0156101045240644
codex-l,balanced1_max_global_rf,0.72,44013,0.3452281075329859,0.3505289142504753,0.0153545050412295
codex-l,balanced1_max_global_rf,0.74,45235,0.343635069467999,0.3488819279927905,0.0152686934221077
codex-l,balanced1_max_global_rf,0.76,46458,0.3441946998544511,0.3493317907822911,0.0149249565144735
codex-l,balanced1_max_global_rf,0.78,47681,0.3397288575234756,0.3448116075497027,0.0149611960057762
codex-l,balanced1_max_global_rf,0.8,48903,0.3415848798072006,0.3468853764553228,0.0155173632132485
codex-l,balanced1_max_global_rf,0.82,50126,0.3443445851926244,0.3497468771629661,0.0156886218127105
codex-l,balanced1_max_global_rf,0.84,51348,0.3458148269581347,0.3512600017800827,0.0157459264249741
codex-l,balanced1_max_global_rf,0.86,52571,0.3451861896716482,0.350541647099689,0.0155146920365936
codex-l,balanced1_max_global_rf,0.88,53794,0.3439825103338955,0.3493200249274908,0.0155168197022992
codex-l,balanced1_max_global_rf,0.9,55016,0.3405514199865154,0.3457718027065418,0.0153292055579541
codex-l,balanced1_max_global_rf,0.92,56239,0.3405198381028661,0.3457261055347924,0.0152891751063075
codex-l,balanced1_max_global_rf,0.94,57461,0.3442436696589817,0.3494664109703443,0.0151716408221431
codex-l,balanced1_max_global_rf,0.96,58684,0.339837395562418,0.3449966553103926,0.0151815539294495
codex-l,balanced1_max_global_rf,0.98,59906,0.3354519016060148,0.3405412378429835,0.015171582610213
codex-l,balanced1_max_global_rf,1.0,61129,0.3299017687130151,0.334842792661744,0.0149772581335478
codex-m,balanced1_max_global_rf,0.02,412,0.463370986144771,0.4659475032921619,0.0055603765113292
codex-m,balanced1_max_global_rf,0.04,824,0.4643277509565376,0.4672138264007429,0.0062155997315687
codex-m,balanced1_max_global_rf,0.06,1236,0.4258333908790216,0.4299744310145711,0.0097245547771662
codex-m,balanced1_max_global_rf,0.08,1648,0.3913193825914209,0.3945324219312212,0.0082107850587993
codex-m,balanced1_max_global_rf,0.1,2059,0.3673413122694963,0.3710438125151373,0.0100791828252757
codex-m,balanced1_max_global_rf,0.12,2471,0.3448831076615768,0.3486751356216811,0.0109951107371291
codex-m,balanced1_max_global_rf,0.14,2883,0.3250484472359808,0.328006935858297,0.0091016851410101
codex-m,balanced1_max_global_rf,0.16,3295,0.3193596966816066,0.3216338383948634,0.0071209414866273
codex-m,balanced1_max_global_rf,0.18,3707,0.3224786124370796,0.3249691616823151,0.007723145502313
codex-m,balanced1_max_global_rf,0.2,4119,0.3230435257123088,0.3255609679766212,0.0077928887717575
codex-m,balanced1_max_global_rf,0.22,4531,0.3311136214031443,0.3339388840066702,0.0085326076032554
codex-m,balanced1_max_global_rf,0.24,4943,0.3259283804640234,0.3283639576933192,0.0074727374947471
codex-m,balanced1_max_global_rf,0.26,5354,0.3189900506455891,0.3214928019585626,0.0078458601072612
codex-m,balanced1_max_global_rf,0.28,5766,0.3187764208744412,0.3212006120295775,0.0076046752406793
codex-m,balanced1_max_global_rf,0.3,6178,0.3226130265050453,0.3252312743790812,0.0081157537325757
codex-m,balanced1_max_global_rf,0.32,6590,0.3256851193314986,0.3286905944269312,0.0092281621635084
codex-m,balanced1_max_global_rf,0.34,7002,0.3295742906620196,0.3326250863203028,0.0092567768321825
codex-m,balanced1_max_global_rf,0.36,7414,0.3125181312144794,0.315428794824643,0.0093135831794859
codex-m,balanced1_max_global_rf,0.38,7826,0.3167019260103447,0.3193756601837431,0.008442431048907
codex-m,balanced1_max_global_rf,0.4,8238,0.3289691621672064,0.3314539074725714,0.0075531253111864
codex-m,balanced1_max_global_rf,0.42,8649,0.3274560473401468,0.3299135873424038,0.0075049461514575
codex-m,balanced1_max_global_rf,0.44,9061,0.3316326656760471,0.3339079117186294,0.0068607416520447
codex-m,balanced1_max_global_rf,0.46,9473,0.3361376820378488,0.3388991449740732,0.0082152733352685
codex-m,balanced1_max_global_rf,0.48,9885,0.3362665723386698,0.3394114910355789,0.0093524571147132
codex-m,balanced1_max_global_rf,0.5,10297,0.324119038872642,0.3271642572721467,0.009395370324732
codex-m,balanced1_max_global_rf,0.52,10709,0.326171962385303,0.3289341937306174,0.0084686351491223
codex-m,balanced1_max_global_rf,0.54,11121,0.3348511003415246,0.337504549450824,0.0079242657604921
codex-m,balanced1_max_global_rf,0.56,11533,0.3334368068837737,0.335939137573764,0.0075046624677594
codex-m,balanced1_max_global_rf,0.58,11945,0.3350780089300347,0.3376469651499331,0.0076667407333042
codex-m,balanced1_max_global_rf,0.6,12356,0.3380403991059294,0.340624147361075,0.0076433120478476
codex-m,balanced1_max_global_rf,0.62,12768,0.339377434437628,0.3423894393414333,0.0088750889074178
codex-m,balanced1_max_global_rf,0.64,13180,0.3295982242635769,0.3325065452682653,0.0088238369948336
codex-m,balanced1_max_global_rf,0.66,13592,0.3284295920129831,0.3311963073463168,0.0084240744458383
codex-m,balanced1_max_global_rf,0.68,14004,0.3358120567813912,0.3386050104453048,0.008317014256971
codex-m,balanced1_max_global_rf,0.7,14416,0.3370625194332702,0.3397055007154274,0.00784121974345
codex-m,balanced1_max_global_rf,0.72,14828,0.3370897033569969,0.3397920551731156,0.0080167142134768
codex-m,balanced1_max_global_rf,0.74,15240,0.3410835942421827,0.3436995813191545,0.0076696361863548
codex-m,balanced1_max_global_rf,0.76,15651,0.3429968129851834,0.3457055173237413,0.0078971705742201
codex-m,balanced1_max_global_rf,0.78,16063,0.3353094822337086,0.3379586225784257,0.0079005828498182
codex-m,balanced1_max_global_rf,0.8,16475,0.332142945990161,0.3347301784417024,0.0077895149747302
codex-m,balanced1_max_global_rf,0.82,16887,0.3378610788103231,0.3403084526626778,0.0072437282831523
codex-m,balanced1_max_global_rf,0.84,17299,0.3412365441726653,0.3435528337587655,0.0067879294455877
codex-m,balanced1_max_global_rf,0.86,17711,0.3393059120542225,0.3416649811419336,0.0069526318401844
codex-m,balanced1_max_global_rf,0.88,18123,0.3427772726189983,0.3452175678351396,0.0071191861627701
codex-m,balanced1_max_global_rf,0.9,18535,0.3445630689454573,0.3472644788236338,0.0078401027900183
codex-m,balanced1_max_global_rf,0.92,18946,0.3393452734013973,0.3420531537216273,0.0079797201625584
codex-m,balanced1_max_global_rf,0.94,19358,0.3349067710770094,0.3375775125021843,0.0079745817517697
codex-m,balanced1_max_global_rf,0.96,19770,0.3394005080145592,0.3420618110812406,0.0078411876347788
codex-m,balanced1_max_global_rf,0.98,20182,0.342148648767857,0.3447838678767297,0.0077019714044253
codex-m,balanced1_max_global_rf,1.0,20594,0.3423415349994885,0.3449297847479118,0.0075604315685129
hetionet,balanced1_max_global_rf,0.02,9001,0.5141815307465436,0.6789683327410675,0.3204837049577973
hetionet,balanced1_max_global_rf,0.04,18002,0.5407919604744815,0.6639219891565127,0.227684650811005
hetionet,balanced1_max_global_rf,0.06,27002,0.5452266501886822,0.6464930757509324,0.1857327141422851
hetionet,balanced1_max_global_rf,0.08,36003,0.5519239574005306,0.642932712324549,0.1648936483073761
hetionet,balanced1_max_global_rf,0.1,45004,0.55348316083977,0.6361170389856118,0.1492979082154295
hetionet,balanced1_max_global_rf,0.12,54005,0.5557264996686115,0.6326364880240251,0.1383953948592988
hetionet,balanced1_max_global_rf,0.14,63006,0.5574311573960608,0.6290868690551935,0.1285462979749096
hetionet,balanced1_max_global_rf,0.16,72006,0.5554444390496368,0.6224543358236342,0.120641943753458
hetionet,balanced1_max_global_rf,0.18,81007,0.5561260521368101,0.620045274932851,0.1149365733729668
hetionet,balanced1_max_global_rf,0.2,90008,0.5561912468492767,0.6169156051937377,0.1091789176626809
hetionet,balanced1_max_global_rf,0.22,99009,0.5566121287490293,0.6151061903655369,0.1050894484602256
hetionet,balanced1_max_global_rf,0.24,108010,0.5566438899332339,0.6128882803173378,0.101041961299261
hetionet,balanced1_max_global_rf,0.26,117010,0.5567336401274465,0.6108567398054638,0.0972154290256783
hetionet,balanced1_max_global_rf,0.28,126011,0.5548061432833143,0.6066748634231914,0.0934898085895745
hetionet,balanced1_max_global_rf,0.3,135012,0.5538461649201719,0.6031005834265813,0.0889315871917406
hetionet,balanced1_max_global_rf,0.32,144013,0.5551757785880965,0.6022656327771819,0.084819720177351
hetionet,balanced1_max_global_rf,0.34,153014,0.5560043059616046,0.6010115929708021,0.0809477310276542
hetionet,balanced1_max_global_rf,0.36,162014,0.5516296320532466,0.5941981541510128,0.0771686646696625
hetionet,balanced1_max_global_rf,0.38,171015,0.5437987477732782,0.5839345655912691,0.0738063814643508
hetionet,balanced1_max_global_rf,0.4,180016,0.5332712215325001,0.5729009557185623,0.0743144062268639
hetionet,balanced1_max_global_rf,0.42,189017,0.5127081331489524,0.5505087677806507,0.0737273941794804
hetionet,balanced1_max_global_rf,0.44,198018,0.5197865086089122,0.5561089231673177,0.0698794869755548
hetionet,balanced1_max_global_rf,0.46,207018,0.5014524532059651,0.5356566928082347,0.0682103345662976
hetionet,balanced1_max_global_rf,0.48,216019,0.4866352675094998,0.5193194777090581,0.0671636693469204
hetionet,balanced1_max_global_rf,0.5,225020,0.4762500454105401,0.5076070227730758,0.0658414160055462
hetionet,balanced1_max_global_rf,0.52,234021,0.4704225834161956,0.5016763932055195,0.0664377325645371
hetionet,balanced1_max_global_rf,0.54,243022,0.4587953383519259,0.4889414287126568,0.0657070546292404
hetionet,balanced1_max_global_rf,0.56,252022,0.4665334183990235,0.4955000187955438,0.0620890149647228
hetionet,balanced1_max_global_rf,0.58,261023,0.4522311364799357,0.4797857251418942,0.0609303217740317
hetionet,balanced1_max_global_rf,0.6,270024,0.4424960882514927,0.4691355304683536,0.0602026615017676
hetionet,balanced1_max_global_rf,0.62,279025,0.436412006734641,0.4622735059649519,0.0592593669083809
hetionet,balanced1_max_global_rf,0.64,288026,0.4315842971843601,0.4575776887198166,0.0602278435639025
hetionet,balanced1_max_global_rf,0.66,297026,0.424349068126466,0.4496837968950131,0.0597025672293849
hetionet,balanced1_max_global_rf,0.68,306027,0.4307238910553047,0.4553764348683197,0.0572351437312068
hetionet,balanced1_max_global_rf,0.7,315028,0.4198599573392994,0.4433949927527183,0.0560544891267151
hetionet,balanced1_max_global_rf,0.72,324029,0.4129031781484886,0.4357707138925438,0.0553823195224512
hetionet,balanced1_max_global_rf,0.74,333030,0.4086776361088797,0.4310068371970412,0.0546376877892396
hetionet,balanced1_max_global_rf,0.76,342030,0.4052119435307076,0.4277383776995034,0.0555917329892048
hetionet,balanced1_max_global_rf,0.78,351031,0.4000043467949861,0.4220135414406075,0.0550223886864453
hetionet,balanced1_max_global_rf,0.8,360032,0.4059312090112486,0.4274209011351305,0.0529392459777253
hetionet,balanced1_max_global_rf,0.82,369033,0.3972711581536655,0.4179097438109106,0.0519508784709261
hetionet,balanced1_max_global_rf,0.84,378034,0.3919223066271449,0.4120341057600287,0.0513157806861375
hetionet,balanced1_max_global_rf,0.86,387034,0.3889233280281461,0.408680965384762,0.050800854391501
hetionet,balanced1_max_global_rf,0.88,396035,0.3865886161439494,0.4064796184986226,0.0514526334300193
hetionet,balanced1_max_global_rf,0.9,405036,0.3825227737190771,0.402011225229604,0.0509471666772944
hetionet,balanced1_max_global_rf,0.92,414037,0.3881160635203026,0.4073473394077573,0.0495503219140753
hetionet,balanced1_max_global_rf,0.94,423038,0.3809018857293987,0.399452235198845,0.0487011226891769
hetionet,balanced1_max_global_rf,0.96,432038,0.3765448731704831,0.3947189801566815,0.0482654479748285
hetionet,balanced1_max_global_rf,0.98,441039,0.3737085313810843,0.391538896986409,0.0477119576035112
hetionet,balanced1_max_global_rf,1.0,450040,0.3731884548334996,0.3903218979298271,0.0459109677012161
FB15k-237,balanced1_topk_global_rf,0.02,816,0.4249794199696536,0.428920461654005,0.0092734883129934
FB15k-237,balanced1_topk_global_rf,0.04,1633,0.3343334583255868,0.3392175518685209,0.0146084498015683
FB15k-237,balanced1_topk_global_rf,0.06,2449,0.3650628954894797,0.3736530329611642,0.023530568507015
FB15k-237,balanced1_topk_global_rf,0.08,3266,0.3815968005975816,0.3911371174694649,0.0250010399902282
FB15k-237,balanced1_topk_global_rf,0.1,4082,0.4161043211497687,0.4239122619729293,0.018764382935476
FB15k-237,balanced1_topk_global_rf,0.12,4898,0.4287586479169371,0.4361434231318313,0.0172236181142284
FB15k-237,balanced1_topk_global_rf,0.14,5715,0.4395979258661341,0.4465097860715504,0.0157231410766962
FB15k-237,balanced1_topk_global_rf,0.16,6531,0.4434158164149461,0.4500408500771822,0.0149409051661713
FB15k-237,balanced1_topk_global_rf,0.18,7347,0.4463353810822135,0.4528119725451635,0.0145105939108982
FB15k-237,balanced1_topk_global_rf,0.2,8164,0.4450953795363785,0.4510183439071275,0.0133071800855775
FB15k-237,balanced1_topk_global_rf,0.22,8980,0.4467303567608077,0.4522270517629105,0.0123042791225533
FB15k-237,balanced1_topk_global_rf,0.24,9797,0.4456780852146593,0.4509001745912253,0.0117171778236542
FB15k-237,balanced1_topk_global_rf,0.26,10613,0.4463065291891682,0.4512625979282121,0.0111046296993411
FB15k-237,balanced1_topk_global_rf,0.28,11429,0.4421780744258961,0.4468918264993753,0.0106603025932467
FB15k-237,balanced1_topk_global_rf,0.3,12246,0.4389535496110556,0.4434411261848449,0.0102233518279224
FB15k-237,balanced1_topk_global_rf,0.32,13062,0.4390106860211513,0.4429937979273479,0.0090729269993321
FB15k-237,balanced1_topk_global_rf,0.34,13878,0.4389239445472653,0.4425822781343209,0.0083347778869276
FB15k-237,balanced1_topk_global_rf,0.36,14695,0.4361733762239367,0.4396828361057974,0.0080460203973085
FB15k-237,balanced1_topk_global_rf,0.38,15511,0.4325194308685857,0.4358775660847212,0.0077641256703582
FB15k-237,balanced1_topk_global_rf,0.4,16328,0.4321265111596697,0.4355223072502994,0.0078583377851928
FB15k-237,balanced1_topk_global_rf,0.42,17144,0.4323808635619522,0.4358295543134693,0.0079760485307023
FB15k-237,balanced1_topk_global_rf,0.44,17960,0.4324389641314916,0.4358736922292888,0.0079426887553843
FB15k-237,balanced1_topk_global_rf,0.46,18777,0.432827967019619,0.4363509492084926,0.0081394513694028
FB15k-237,balanced1_topk_global_rf,0.48,19593,0.431729928937763,0.4351207167376699,0.0078539558474661
FB15k-237,balanced1_topk_global_rf,0.5,20410,0.4296673589147226,0.4332431999327367,0.0083223473783211
FB15k-237,balanced1_topk_global_rf,0.52,21226,0.428004180769541,0.4321071321545995,0.0095862413719451
FB15k-237,balanced1_topk_global_rf,0.54,22042,0.4258337359421718,0.4297492240768093,0.009194875380116
FB15k-237,balanced1_topk_global_rf,0.56,22859,0.4236260711373233,0.4275837078191105,0.0093422878133113
FB15k-237,balanced1_topk_global_rf,0.58,23675,0.4204897462459459,0.4244773214343983,0.0094831686718943
FB15k-237,balanced1_topk_global_rf,0.6,24491,0.4171818861967376,0.4212074626889476,0.0096494517748826
FB15k-237,balanced1_topk_global_rf,0.62,25308,0.4141935300723893,0.4179539485232401,0.0090788922999198
FB15k-237,balanced1_topk_global_rf,0.64,26124,0.411259191105206,0.415017679619074,0.0091389775478756
FB15k-237,balanced1_topk_global_rf,0.66,26941,0.4068435355866915,0.4105914525889255,0.0092121827543094
FB15k-237,balanced1_topk_global_rf,0.68,27757,0.4030528564931307,0.4069037432925079,0.009554297252432
FB15k-237,balanced1_topk_global_rf,0.7,28573,0.4000282423542002,0.4039457312687871,0.0097930308408529
FB15k-237,balanced1_topk_global_rf,0.72,29390,0.3967618059341171,0.4006594891936748,0.0098237360584172
FB15k-237,balanced1_topk_global_rf,0.74,30206,0.3939974762132591,0.3978060094779073,0.0096663900014088
FB15k-237,balanced1_topk_global_rf,0.76,31022,0.3907742371332109,0.3946758796517567,0.0099843903404914
FB15k-237,balanced1_topk_global_rf,0.78,31839,0.3879466607436348,0.3918423086175018,0.0100417100288985
FB15k-237,balanced1_topk_global_rf,0.8,32655,0.3854008155616761,0.3892334719879696,0.0099445986400104
FB15k-237,balanced1_topk_global_rf,0.82,33472,0.3819042393489195,0.385767736680473,0.0101164033636813
FB15k-237,balanced1_topk_global_rf,0.84,34288,0.3788473399218027,0.3826890573112609,0.0101405420723059
FB15k-237,balanced1_topk_global_rf,0.86,35104,0.375999810521418,0.3798332689418475,0.0101953732772188
FB15k-237,balanced1_topk_global_rf,0.88,35921,0.3740659751613283,0.3777576555120336,0.0098690621329917
FB15k-237,balanced1_topk_global_rf,0.9,36737,0.3710005224778636,0.3745741401852195,0.0096323791769568
FB15k-237,balanced1_topk_global_rf,0.92,37553,0.3679788910866849,0.3715169608457433,0.009614871517793
FB15k-237,balanced1_topk_global_rf,0.94,38370,0.3640491552891084,0.3675579841198634,0.0096383380644531
FB15k-237,balanced1_topk_global_rf,0.96,39186,0.360824165842864,0.3642131067123831,0.0093922225569418
FB15k-237,balanced1_topk_global_rf,0.98,40003,0.35715551661545,0.3604507177324125,0.0092262360895027
FB15k-237,balanced1_topk_global_rf,1.0,40819,0.3528119855172369,0.3560530550713821,0.0091863930002082
KG20C,balanced1_topk_global_rf,0.02,149,0.2160766749517176,0.2180026405692618,0.0089133434600221
KG20C,balanced1_topk_global_rf,0.04,298,0.2128854971369847,0.2149619507422252,0.0097538518742041
KG20C,balanced1_topk_global_rf,0.06,447,0.2028531865280639,0.2060372491888684,0.0156963896663464
KG20C,balanced1_topk_global_rf,0.08,596,0.2107759630551685,0.2113505779537534,0.0027261879877382
KG20C,balanced1_topk_global_rf,0.1,745,0.1885471481261613,0.1894107141077118,0.0045801063030279
KG20C,balanced1_topk_global_rf,0.12,894,0.1887410437192618,0.1905628809017031,0.0096525755423457
KG20C,balanced1_topk_global_rf,0.14,1043,0.1903176728355451,0.1943041830929112,0.0209466109897782
KG20C,balanced1_topk_global_rf,0.16,1192,0.1985460233467927,0.201770283382234,0.0162393584172149
KG20C,balanced1_topk_global_rf,0.18,1341,0.2034247338094954,0.2061220994018111,0.0132597720139664
KG20C,balanced1_topk_global_rf,0.2,1490,0.2124590338788109,0.2143633516978732,0.0089632235650123
KG20C,balanced1_topk_global_rf,0.22,1639,0.2063561391362777,0.2100531700565545,0.0179157786909129
KG20C,balanced1_topk_global_rf,0.24,1788,0.2064930293270103,0.2100865766766831,0.0174027537945693
KG20C,balanced1_topk_global_rf,0.26,1936,0.2115049848762649,0.2159173485900697,0.0208617480878106
KG20C,balanced1_topk_global_rf,0.28,2085,0.2180741904699346,0.2216645958080406,0.0164641461255403
KG20C,balanced1_topk_global_rf,0.3,2234,0.2170715790052209,0.221118082851967,0.0186413341870457
KG20C,balanced1_topk_global_rf,0.32,2383,0.217765722334883,0.2216751470219436,0.0179524336757126
KG20C,balanced1_topk_global_rf,0.34,2532,0.2264058302484095,0.2309671667937941,0.0201467274070636
KG20C,balanced1_topk_global_rf,0.36,2681,0.2293042125943636,0.2336461794099129,0.0189353992516057
KG20C,balanced1_topk_global_rf,0.38,2830,0.232415091490254,0.2366771010136524,0.0183379207265339
KG20C,balanced1_topk_global_rf,0.4,2979,0.2344687825903754,0.2381470999382189,0.0156878766853565
KG20C,balanced1_topk_global_rf,0.42,3128,0.2356334244394343,0.2390855947424422,0.0146505968379506
KG20C,balanced1_topk_global_rf,0.44,3277,0.238566554242888,0.2417266500617251,0.0132461812548116
KG20C,balanced1_topk_global_rf,0.46,3426,0.2372580843746678,0.2402192926912912,0.0124809585495393
KG20C,balanced1_topk_global_rf,0.48,3575,0.2395656592162563,0.2430515348004647,0.0145508149858062
KG20C,balanced1_topk_global_rf,0.5,3724,0.2407849128741582,0.2448817645640371,0.017014569729375
KG20C,balanced1_topk_global_rf,0.52,3873,0.2393453900083572,0.2436018674341734,0.0177838287408318
KG20C,balanced1_topk_global_rf,0.54,4022,0.2398019570130228,0.2443550223946192,0.0189867732453459
KG20C,balanced1_topk_global_rf,0.56,4171,0.2419443380374119,0.2470766524090311,0.0212127897401985
KG20C,balanced1_topk_global_rf,0.58,4320,0.2406216598905945,0.2456962727551857,0.0210895929605778
KG20C,balanced1_topk_global_rf,0.6,4469,0.2407286910998942,0.246116122645779,0.0223796819617532
KG20C,balanced1_topk_global_rf,0.62,4618,0.240301271432766,0.2459967619466348,0.0237014580901306
KG20C,balanced1_topk_global_rf,0.64,4767,0.2402950645101091,0.2459149822772352,0.0233875705211987
KG20C,balanced1_topk_global_rf,0.66,4916,0.2370445187699327,0.2428208022423516,0.024367926760733
KG20C,balanced1_topk_global_rf,0.68,5065,0.2372619556153188,0.242819755753062,0.0234247421729685
KG20C,balanced1_topk_global_rf,0.7,5214,0.2364329543980196,0.2419818998278221,0.0234694247421245
KG20C,balanced1_topk_global_rf,0.72,5363,0.2359032594422462,0.2414258948899843,0.023410594074857
KG20C,balanced1_topk_global_rf,0.74,5512,0.236108279060807,0.2415780059923543,0.0231661801665943
KG20C,balanced1_topk_global_rf,0.76,5660,0.2350499268194169,0.240898185251712,0.0248809200301869
KG20C,balanced1_topk_global_rf,0.78,5809,0.2351157836425288,0.2408296645262277,0.02430241302892
KG20C,balanced1_topk_global_rf,0.8,5958,0.2340391390765676,0.2401157941740007,0.0259642687176571
KG20C,balanced1_topk_global_rf,0.82,6107,0.2324955384183863,0.2390850795254491,0.0283426561726303
KG20C,balanced1_topk_global_rf,0.84,6256,0.2343454017623052,0.2409477838827713,0.0281737216553659
KG20C,balanced1_topk_global_rf,0.86,6405,0.2338326932042937,0.2401001242585767,0.0268030572132502
KG20C,balanced1_topk_global_rf,0.88,6554,0.2323719438474758,0.2388990932462683,0.0280892318182643
KG20C,balanced1_topk_global_rf,0.9,6703,0.2328014792857705,0.2394632183946259,0.0286155359892619
KG20C,balanced1_topk_global_rf,0.92,6852,0.2314318375475952,0.2383929816114421,0.0300785930648599
KG20C,balanced1_topk_global_rf,0.94,7001,0.2298588863417791,0.2370934916070433,0.0314741160561746
KG20C,balanced1_topk_global_rf,0.96,7150,0.2278711808025207,0.2353207425797008,0.032691987424404
KG20C,balanced1_topk_global_rf,0.98,7299,0.228494229110321,0.2359041390625141,0.0324293089634901
KG20C,balanced1_topk_global_rf,1.0,7448,0.2263807403572204,0.2339867495060782,0.03359830494792
WN18RR,balanced1_topk_global_rf,0.02,121,0.7067572649543706,0.7089028371136097,0.0030357978129558
WN18RR,balanced1_topk_global_rf,0.04,242,0.7267419917116826,0.7271965773539684,0.0006255117324582
WN18RR,balanced1_topk_global_rf,0.06,363,0.7702827697972361,0.770823920423074,0.0007025350261702
WN18RR,balanced1_topk_global_rf,0.08,484,0.8047380680069142,0.8051992853638829,0.0005731273010496
WN18RR,balanced1_topk_global_rf,0.1,606,0.8361787849891948,0.8366943169981652,0.0006165332321568
WN18RR,balanced1_topk_global_rf,0.12,727,0.8599444897624866,0.8607296979444135,0.0009130917068189
WN18RR,balanced1_topk_global_rf,0.14,848,0.878319918013904,0.8789930858774189,0.0007664267309763
WN18RR,balanced1_topk_global_rf,0.16,969,0.8914761154737414,0.8920652241922769,0.0006608238945609
WN18RR,balanced1_topk_global_rf,0.18,1090,0.9011039907499888,0.9016419502893736,0.0005970005070523
WN18RR,balanced1_topk_global_rf,0.2,1211,0.9068643874859786,0.9075160530915848,0.0007185921231427
WN18RR,balanced1_topk_global_rf,0.22,1332,0.9130030374726,0.913727974487516,0.0007940138040753
WN18RR,balanced1_topk_global_rf,0.24,1453,0.9180612766871852,0.918782314691632,0.0007853920242109
WN18RR,balanced1_topk_global_rf,0.26,1574,0.923344879661424,0.9240468042014623,0.0007601975767665
WN18RR,balanced1_topk_global_rf,0.28,1695,0.9265758388298326,0.9272624890353672,0.0007410620661141
WN18RR,balanced1_topk_global_rf,0.3,1816,0.9283281618039556,0.9290063040921496,0.0007304984552833
WN18RR,balanced1_topk_global_rf,0.32,1938,0.9304001801024688,0.9311024401239498,0.0007547935141238
WN18RR,balanced1_topk_global_rf,0.34,2059,0.92395834263983,0.924743308644318,0.0008495686096032
WN18RR,balanced1_topk_global_rf,0.36,2180,0.9047142710585728,0.905867452062298,0.0012746355845316
WN18RR,balanced1_topk_global_rf,0.38,2301,0.8940879825794744,0.8953170497041703,0.0013746601549771
WN18RR,balanced1_topk_global_rf,0.4,2422,0.8737067327140313,0.8751759002469582,0.001681533949456
WN18RR,balanced1_topk_global_rf,0.42,2543,0.8628122612534398,0.8644061843911993,0.0018473580051401
WN18RR,balanced1_topk_global_rf,0.44,2664,0.8425678473992121,0.844547228223461,0.0023492242557778
WN18RR,balanced1_topk_global_rf,0.46,2785,0.828151892116554,0.830229603910719,0.0025088535254744
WN18RR,balanced1_topk_global_rf,0.48,2906,0.806672297322736,0.8090921674684554,0.0029998180844323
WN18RR,balanced1_topk_global_rf,0.5,3028,0.7897278684123055,0.7922687817874481,0.0032174543621601
WN18RR,balanced1_topk_global_rf,0.52,3149,0.7797018701669554,0.7823619021207784,0.0034116013512361
WN18RR,balanced1_topk_global_rf,0.54,3270,0.7639485122208304,0.7667853077688662,0.0037133334284389
WN18RR,balanced1_topk_global_rf,0.56,3391,0.7513261923074174,0.7539151007356003,0.0034457848730551
WN18RR,balanced1_topk_global_rf,0.58,3512,0.7355933753046251,0.7382830668911641,0.0036564924003361
WN18RR,balanced1_topk_global_rf,0.6,3633,0.7209314452275767,0.7237250095423288,0.0038749375315016
WN18RR,balanced1_topk_global_rf,0.62,3754,0.708023417562439,0.7107662130041108,0.0038738767301151
WN18RR,balanced1_topk_global_rf,0.64,3875,0.6925462411734086,0.6954797731139096,0.0042358643598017
WN18RR,balanced1_topk_global_rf,0.66,3996,0.6803058392325416,0.6831451888763017,0.0041736370320784
WN18RR,balanced1_topk_global_rf,0.68,4117,0.6713743293712003,0.6742224747332596,0.00424226133985
WN18RR,balanced1_topk_global_rf,0.7,4238,0.658997996496531,0.661842151252068,0.0043158776971365
WN18RR,balanced1_topk_global_rf,0.72,4360,0.648190959528107,0.6510410272495903,0.0043969569146076
WN18RR,balanced1_topk_global_rf,0.74,4481,0.6367014319698441,0.6395322687914401,0.0044460977774745
WN18RR,balanced1_topk_global_rf,0.76,4602,0.6261186984133131,0.6290053407531424,0.004610375552023
WN18RR,balanced1_topk_global_rf,0.78,4723,0.6189333327932176,0.6217324410622644,0.0045224713563487
WN18RR,balanced1_topk_global_rf,0.8,4844,0.6079957967614334,0.6107714009690675,0.0045651700594291
WN18RR,balanced1_topk_global_rf,0.82,4965,0.5954315833468112,0.5981281417415014,0.0045287459888059
WN18RR,balanced1_topk_global_rf,0.84,5086,0.5849402884125408,0.5874652388977385,0.0043165952751351
WN18RR,balanced1_topk_global_rf,0.86,5207,0.5736203219831292,0.5761043488223777,0.0043304373015597
WN18RR,balanced1_topk_global_rf,0.88,5328,0.5628825830529907,0.5653678348575515,0.0044152224271734
WN18RR,balanced1_topk_global_rf,0.9,5450,0.5538754348782475,0.5561760417223459,0.0041536538709359
WN18RR,balanced1_topk_global_rf,0.92,5571,0.5453145079048994,0.5475732648792373,0.00414211788169
WN18RR,balanced1_topk_global_rf,0.94,5692,0.5364942559265993,0.5386330216618002,0.0039865584982021
WN18RR,balanced1_topk_global_rf,0.96,5813,0.527176220223747,0.5292771569677666,0.0039852646295917
WN18RR,balanced1_topk_global_rf,0.98,5934,0.5190734545250343,0.5211779600111309,0.0040543500495942
WN18RR,balanced1_topk_global_rf,1.0,6055,0.5112021246888968,0.5133269561687425,0.0041565388272568
YAGO3-10,balanced1_topk_global_rf,0.02,200,0.6149158047425921,0.6685551114913955,0.0872303270384424
YAGO3-10,balanced1_topk_global_rf,0.04,399,0.6584432915373005,0.7067295601603182,0.0733339822025997
YAGO3-10,balanced1_topk_global_rf,0.06,598,0.6622237129820071,0.7155508298215086,0.0805273441498619
YAGO3-10,balanced1_topk_global_rf,0.08,798,0.6679542945746828,0.7199209952423238,0.0777997852393936
YAGO3-10,balanced1_topk_global_rf,0.1,998,0.6593396107307782,0.7144175554011497,0.0835350156034551
YAGO3-10,balanced1_topk_global_rf,0.12,1197,0.643857782405704,0.6881640836478664,0.0688138008934469
YAGO3-10,balanced1_topk_global_rf,0.14,1397,0.6492374731603263,0.6900496062601807,0.0628616412130236
YAGO3-10,balanced1_topk_global_rf,0.16,1596,0.6644906332405267,0.7008625091441756,0.0547364764590794
YAGO3-10,balanced1_topk_global_rf,0.18,1796,0.6673705871451325,0.7019076230546105,0.0517509110750895
YAGO3-10,balanced1_topk_global_rf,0.2,1995,0.6799042265461878,0.7125187401909041,0.0479692762176127
YAGO3-10,balanced1_topk_global_rf,0.22,2194,0.6829787377441893,0.7139559603003098,0.0453560569959106
YAGO3-10,balanced1_topk_global_rf,0.24,2394,0.6916120762521595,0.7215113932344562,0.043231340239634
YAGO3-10,balanced1_topk_global_rf,0.26,2594,0.6893395265935504,0.7195423834603201,0.0438141956200024
YAGO3-10,balanced1_topk_global_rf,0.28,2793,0.6967452682459607,0.7256287694266348,0.0414548939146548
YAGO3-10,balanced1_topk_global_rf,0.3,2992,0.7035066335285037,0.730066801943919,0.0377539701114122
YAGO3-10,balanced1_topk_global_rf,0.32,3192,0.710956955316501,0.7364207885626392,0.03581627981233
YAGO3-10,balanced1_topk_global_rf,0.34,3392,0.7142684783634112,0.7387982482163318,0.0343425064887716
YAGO3-10,balanced1_topk_global_rf,0.36,3591,0.7212107286331902,0.7445059101713067,0.0323001039963237
YAGO3-10,balanced1_topk_global_rf,0.38,3790,0.7262005411141979,0.7486980561259096,0.030979755230138
YAGO3-10,balanced1_topk_global_rf,0.4,3990,0.7256832528975975,0.7493617237106796,0.0326292093947817
YAGO3-10,balanced1_topk_global_rf,0.42,4190,0.7281064133312279,0.7512184007494307,0.0317425955808587
YAGO3-10,balanced1_topk_global_rf,0.44,4389,0.729811612504061,0.752352443116594,0.0308858207054187
YAGO3-10,balanced1_topk_global_rf,0.46,4588,0.7288399392500245,0.7503935549757011,0.0295724953655192
YAGO3-10,balanced1_topk_global_rf,0.48,4788,0.7274447551858505,0.7490570823433058,0.0297099223045931
YAGO3-10,balanced1_topk_global_rf,0.5,4988,0.7267417171517906,0.7478969719930342,0.0291097295530993
YAGO3-10,balanced1_topk_global_rf,0.52,5187,0.7233069598703932,0.7442177549253234,0.0289099873429632
YAGO3-10,balanced1_topk_global_rf,0.54,5386,0.7226428565783986,0.742941451910912,0.0280893876521857
YAGO3-10,balanced1_topk_global_rf,0.56,5586,0.7188600468929355,0.7392017760879964,0.0282972037227304
YAGO3-10,balanced1_topk_global_rf,0.58,5786,0.7144314805329588,0.7344946057044581,0.0280826443377502
YAGO3-10,balanced1_topk_global_rf,0.6,5985,0.707738699831926,0.7285705279694815,0.0294343493474393
YAGO3-10,balanced1_topk_global_rf,0.62,6184,0.7000135796605713,0.7210560521481542,0.0300600918310558
YAGO3-10,balanced1_topk_global_rf,0.64,6384,0.6925186333396114,0.7135903829870711,0.0304277006177335
YAGO3-10,balanced1_topk_global_rf,0.66,6584,0.6838892328553626,0.7051110693417493,0.0310311019195046
YAGO3-10,balanced1_topk_global_rf,0.68,6783,0.6738335869609879,0.6952278177429607,0.031750021364268
YAGO3-10,balanced1_topk_global_rf,0.7,6982,0.6650746990183555,0.6863717001844571,0.0320219686563567
YAGO3-10,balanced1_topk_global_rf,0.72,7182,0.6552166706054594,0.6765282637866954,0.0325260240426159
YAGO3-10,balanced1_topk_global_rf,0.74,7382,0.6452052217527683,0.6661548583711672,0.032469725774207
YAGO3-10,balanced1_topk_global_rf,0.76,7581,0.6362367919843768,0.657582362338465,0.0335497264902158
YAGO3-10,balanced1_topk_global_rf,0.78,7780,0.6270900681221144,0.6484578341030305,0.0340744768050689
YAGO3-10,balanced1_topk_global_rf,0.8,7980,0.6166717540437617,0.6380760814261597,0.0347094337336537
YAGO3-10,balanced1_topk_global_rf,0.82,8179,0.6089678632405793,0.6295401888172933,0.0337822844496915
YAGO3-10,balanced1_topk_global_rf,0.84,8379,0.6013560023227313,0.6217423547709755,0.0339006385061462
YAGO3-10,balanced1_topk_global_rf,0.86,8578,0.5933859310361932,0.6137800424313995,0.0343690511158452
YAGO3-10,balanced1_topk_global_rf,0.88,8778,0.589075933045314,0.6097873948293961,0.0351592394498467
YAGO3-10,balanced1_topk_global_rf,0.9,8978,0.5878531186304586,0.6086209273648352,0.0353282275388111
YAGO3-10,balanced1_topk_global_rf,0.92,9177,0.5827763722030427,0.6030427954658965,0.0347756433333794
YAGO3-10,balanced1_topk_global_rf,0.94,9376,0.5800105309670224,0.5998209499126794,0.0341552745820461
YAGO3-10,balanced1_topk_global_rf,0.96,9576,0.5708635347881641,0.590090022368074,0.0336796561844581
YAGO3-10,balanced1_topk_global_rf,0.98,9776,0.5610993866456337,0.579887611464502,0.033484664688707
YAGO3-10,balanced1_topk_global_rf,1.0,9975,0.5616723217905851,0.5802260659200453,0.0330330397451519
codex-l,balanced1_topk_global_rf,0.02,1223,0.4137653133049051,0.4371662959632602,0.0565561730427384
codex-l,balanced1_topk_global_rf,0.04,2445,0.4620039594468684,0.4775090964429798,0.0335606149667522
codex-l,balanced1_topk_global_rf,0.06,3668,0.4838764600660969,0.4952582647401501,0.0235221293313139
codex-l,balanced1_topk_global_rf,0.08,4890,0.4564889369193933,0.4653552419240061,0.0194228255879471
codex-l,balanced1_topk_global_rf,0.1,6113,0.4309434085513107,0.4383917668608639,0.0172838432187469
codex-l,balanced1_topk_global_rf,0.12,7335,0.4314165137502908,0.4380281467892292,0.0153254055610057
codex-l,balanced1_topk_global_rf,0.14,8558,0.4366631262303705,0.4422898893207692,0.0128858214774703
codex-l,balanced1_topk_global_rf,0.16,9781,0.4541670817881025,0.4591916798587501,0.0110633250892273
codex-l,balanced1_topk_global_rf,0.18,11003,0.4634131092530221,0.4686470165202734,0.0112942581095469
codex-l,balanced1_topk_global_rf,0.2,12226,0.4670890608003047,0.4720248706730361,0.0105671707752574
codex-l,balanced1_topk_global_rf,0.22,13448,0.4706524709635388,0.4755428214071509,0.0103905763707141
codex-l,balanced1_topk_global_rf,0.24,14671,0.4624850548708898,0.4674997498282954,0.0108429340680111
codex-l,balanced1_topk_global_rf,0.26,15894,0.4639209453566724,0.4689145351922139,0.0107638809705008
codex-l,balanced1_topk_global_rf,0.28,17116,0.4611289994799465,0.4664004557046732,0.0114316302611021
codex-l,balanced1_topk_global_rf,0.3,18339,0.4577431374161044,0.4629965146490183,0.0114766925017564
codex-l,balanced1_topk_global_rf,0.32,19561,0.4598509020576275,0.4652324330146613,0.0117027735140973
codex-l,balanced1_topk_global_rf,0.34,20784,0.4546620116943609,0.4602152467011935,0.0122139850350324
codex-l,balanced1_topk_global_rf,0.36,22006,0.4536122803356661,0.4590388712612067,0.0119630599981221
codex-l,balanced1_topk_global_rf,0.38,23229,0.4541444280032852,0.4598574351518573,0.0125797142853654
codex-l,balanced1_topk_global_rf,0.4,24452,0.4489555380329491,0.4544605393502113,0.0122617962156825
codex-l,balanced1_topk_global_rf,0.42,25674,0.4445498022119017,0.450192422079063,0.0126928857893668
codex-l,balanced1_topk_global_rf,0.44,26897,0.4349318114161082,0.4404709861937105,0.0127357315151703
codex-l,balanced1_topk_global_rf,0.46,28119,0.4291948011094039,0.4348297709206811,0.0131291660493362
codex-l,balanced1_topk_global_rf,0.48,29342,0.4238611735024626,0.4297326452713784,0.0138523463246196
codex-l,balanced1_topk_global_rf,0.5,30564,0.4206790588414792,0.4266977913502962,0.0143071835460319
codex-l,balanced1_topk_global_rf,0.52,31787,0.4168763509968974,0.422928972712169,0.0145189855476275
codex-l,balanced1_topk_global_rf,0.54,33010,0.4145462809494131,0.4207237987080534,0.0149018771667477
codex-l,balanced1_topk_global_rf,0.56,34232,0.4136805972134219,0.4199211968643714,0.0150855507678788
codex-l,balanced1_topk_global_rf,0.58,35455,0.410671272936715,0.4170625525605686,0.0155630063387426
codex-l,balanced1_topk_global_rf,0.6,36677,0.4071182532547588,0.4133820891355141,0.0153857898305427
codex-l,balanced1_topk_global_rf,0.62,37900,0.4035215855097919,0.4100137335472134,0.0160887255367507
codex-l,balanced1_topk_global_rf,0.64,39123,0.4005666039751304,0.4071164731935547,0.0163515109682756
codex-l,balanced1_topk_global_rf,0.66,40345,0.3973894914441759,0.4039260885145972,0.0164488422848483
codex-l,balanced1_topk_global_rf,0.68,41568,0.3936726121324489,0.4001237767176016,0.0163871307943113
codex-l,balanced1_topk_global_rf,0.7,42790,0.3904483773872963,0.3967329414854407,0.0160957618525598
codex-l,balanced1_topk_global_rf,0.72,44013,0.3869475599106746,0.3931514759272179,0.0160329632727891
codex-l,balanced1_topk_global_rf,0.74,45235,0.3835945634601982,0.3897199943164168,0.015968502788372
codex-l,balanced1_topk_global_rf,0.76,46458,0.3797740882869377,0.3858155946814121,0.0159081585100395
codex-l,balanced1_topk_global_rf,0.78,47681,0.3761618064325284,0.3820737859331016,0.0157165863186421
codex-l,balanced1_topk_global_rf,0.8,48903,0.3728456185678243,0.3787361220295888,0.0157987734558637
codex-l,balanced1_topk_global_rf,0.82,50126,0.3678971773295735,0.3737058713446087,0.0157889061753568
codex-l,balanced1_topk_global_rf,0.84,51348,0.3628133591013766,0.3686528114225825,0.0160949209137977
codex-l,balanced1_topk_global_rf,0.86,52571,0.3579794831573067,0.3637542254614311,0.0161314895848005
codex-l,balanced1_topk_global_rf,0.88,53794,0.3540454218361017,0.3597826090608649,0.0162046643478954
codex-l,balanced1_topk_global_rf,0.9,55016,0.349337197489765,0.3549816244124521,0.0161575319297411
codex-l,balanced1_topk_global_rf,0.92,56239,0.3452960868079455,0.3509002228171739,0.0162299435856201
codex-l,balanced1_topk_global_rf,0.94,57461,0.3430207654500437,0.3484879037039212,0.0159382136725878
codex-l,balanced1_topk_global_rf,0.96,58684,0.3391558472615672,0.3445564478736017,0.015923654731712
codex-l,balanced1_topk_global_rf,0.98,59906,0.334066527350104,0.339328746994711,0.0157520110929643
codex-l,balanced1_topk_global_rf,1.0,61129,0.3299017687130151,0.3348427926617439,0.0149772581335478
codex-m,balanced1_topk_global_rf,0.02,412,0.4849690202098989,0.4900098889675536,0.0103942077691332
codex-m,balanced1_topk_global_rf,0.04,824,0.3632460479624146,0.3736598442492188,0.0286687118695967
codex-m,balanced1_topk_global_rf,0.06,1236,0.3370893184783095,0.3436054935726512,0.0193307077297999
codex-m,balanced1_topk_global_rf,0.08,1648,0.3711173349299361,0.3767876432826681,0.0152790177634856
codex-m,balanced1_topk_global_rf,0.1,2059,0.3616883485927806,0.3694014188694327,0.0213251831491427
codex-m,balanced1_topk_global_rf,0.12,2471,0.3561076705161703,0.3636480700909912,0.0211744935566571
codex-m,balanced1_topk_global_rf,0.14,2883,0.3560011241455993,0.3622739998989371,0.0176203818692781
codex-m,balanced1_topk_global_rf,0.16,3295,0.3591210863430322,0.3650925225529405,0.0166279186519402
codex-m,balanced1_topk_global_rf,0.18,3707,0.371039581015685,0.376555427408334,0.0148659244858724
codex-m,balanced1_topk_global_rf,0.2,4119,0.3766544384750414,0.3825809676297975,0.0157346590119866
codex-m,balanced1_topk_global_rf,0.22,4531,0.3770251617683147,0.3827370329631723,0.0151498408436929
codex-m,balanced1_topk_global_rf,0.24,4943,0.3859528422159173,0.3914139220215991,0.0141496038073654
codex-m,balanced1_topk_global_rf,0.26,5354,0.3958783483907399,0.4011721743822741,0.0133723554547848
codex-m,balanced1_topk_global_rf,0.28,5766,0.4017722887064527,0.406497411256187,0.0117606979937499
codex-m,balanced1_topk_global_rf,0.3,6178,0.4056544020863755,0.4100093365945932,0.01073557808277
codex-m,balanced1_topk_global_rf,0.32,6590,0.4113429794091914,0.4154067758929986,0.0098793383799669
codex-m,balanced1_topk_global_rf,0.34,7002,0.4138123879975572,0.4176151476164444,0.0091895741383887
codex-m,balanced1_topk_global_rf,0.36,7414,0.4110442337333767,0.4147440909592629,0.0090011169656407
codex-m,balanced1_topk_global_rf,0.38,7826,0.4122071291585248,0.4159059080724639,0.0089731075769838
codex-m,balanced1_topk_global_rf,0.4,8238,0.4077952513076209,0.4113260874253838,0.00865835515848
codex-m,balanced1_topk_global_rf,0.42,8649,0.4064469046432025,0.4097576023866404,0.0081454618195313
codex-m,balanced1_topk_global_rf,0.44,9061,0.4109014653194235,0.4139842578378614,0.0075025104036594
codex-m,balanced1_topk_global_rf,0.46,9473,0.4081239059745336,0.4112833039629535,0.0077412715652511
codex-m,balanced1_topk_global_rf,0.48,9885,0.4118497141817114,0.4149129055728893,0.0074376436008074
codex-m,balanced1_topk_global_rf,0.5,10297,0.4090113800571839,0.4119700691185877,0.0072337573125473
codex-m,balanced1_topk_global_rf,0.52,10709,0.4058118153488377,0.4087007151075182,0.0071188162823627
codex-m,balanced1_topk_global_rf,0.54,11121,0.4021493954472607,0.4050192873673112,0.0071363825298276
codex-m,balanced1_topk_global_rf,0.56,11533,0.3973533513980437,0.400191518611702,0.0071426784338739
codex-m,balanced1_topk_global_rf,0.58,11945,0.3910500159276149,0.3938609265315608,0.0071881101891226
codex-m,balanced1_topk_global_rf,0.6,12356,0.3879019230485522,0.3905889708107279,0.0069271318405899
codex-m,balanced1_topk_global_rf,0.62,12768,0.3843585257619938,0.3869732404100318,0.0068028012201739
codex-m,balanced1_topk_global_rf,0.64,13180,0.38157104763491,0.3842673677121634,0.007066364426667
codex-m,balanced1_topk_global_rf,0.66,13592,0.3781248064383717,0.3806558591662939,0.0066936965912463
codex-m,balanced1_topk_global_rf,0.68,14004,0.3764374848216143,0.3789748060512212,0.0067403522016658
codex-m,balanced1_topk_global_rf,0.7,14416,0.3739603951440461,0.3764769771632173,0.0067295415553345
codex-m,balanced1_topk_global_rf,0.72,14828,0.3720378957907124,0.3746151800607742,0.0069274778166996
codex-m,balanced1_topk_global_rf,0.74,15240,0.3694978137252627,0.3721253567638039,0.0071111193109654
codex-m,balanced1_topk_global_rf,0.76,15651,0.3671539074117693,0.3698561346955524,0.0073599306155618
codex-m,balanced1_topk_global_rf,0.78,16063,0.3650825196702981,0.3678630075076442,0.0076160530497519
codex-m,balanced1_topk_global_rf,0.8,16475,0.3628941332529476,0.3655677419082033,0.0073674617753933
codex-m,balanced1_topk_global_rf,0.82,16887,0.3606287705419977,0.3633622947497792,0.0075798838891119
codex-m,balanced1_topk_global_rf,0.84,17299,0.3582405094541099,0.3609269279720458,0.0074989244572853
codex-m,balanced1_topk_global_rf,0.86,17711,0.3566820691160138,0.3593787287211181,0.0075604013730985
codex-m,balanced1_topk_global_rf,0.88,18123,0.3558407296318739,0.3585617507752983,0.007646738882981
codex-m,balanced1_topk_global_rf,0.9,18535,0.3533750317894091,0.3560395025094562,0.0075400650310657
codex-m,balanced1_topk_global_rf,0.92,18946,0.3514165623746753,0.354140168714988,0.0077503641886087
codex-m,balanced1_topk_global_rf,0.94,19358,0.3486583127492085,0.3513168919094953,0.0076251707275341
codex-m,balanced1_topk_global_rf,0.96,19770,0.3463020867434022,0.348918355148572,0.0075548733470625
codex-m,balanced1_topk_global_rf,0.98,20182,0.3442234554764803,0.3468697712050011,0.0076877844505329
codex-m,balanced1_topk_global_rf,1.0,20594,0.3423415349994885,0.3449297847479118,0.0075604315685127
hetionet,balanced1_topk_global_rf,0.02,9001,0.4974813076529665,0.6603458808737771,0.3273782767621529
hetionet,balanced1_topk_global_rf,0.04,18002,0.56491591886761,0.6750008023555182,0.1948695014801078
hetionet,balanced1_topk_global_rf,0.06,27002,0.5931321684024461,0.6787152834683207,0.1442901255826096
hetionet,balanced1_topk_global_rf,0.08,36003,0.5979471462069119,0.671646997516181,0.1232547922952476
hetionet,balanced1_topk_global_rf,0.1,45004,0.5974403798633063,0.6650974900379608,0.1132449570786198
hetionet,balanced1_topk_global_rf,0.12,54005,0.6016533038124158,0.6627937614827404,0.1016207461720961
hetionet,balanced1_topk_global_rf,0.14,63006,0.5954255371571521,0.6521644211476182,0.0952913176370715
hetionet,balanced1_topk_global_rf,0.16,72006,0.5990671402633025,0.6519861890506636,0.0883357560958895
hetionet,balanced1_topk_global_rf,0.18,81007,0.5994144857119623,0.6498487863553957,0.0841392756525216
hetionet,balanced1_topk_global_rf,0.2,90008,0.5971091919546228,0.6463089141803305,0.0823965246032365
hetionet,balanced1_topk_global_rf,0.22,99009,0.5945433132428476,0.6420808212807094,0.0799563412437953
hetionet,balanced1_topk_global_rf,0.24,108010,0.5934628810091697,0.6397835890445004,0.0780515673643538
hetionet,balanced1_topk_global_rf,0.26,117010,0.5922384101163771,0.6370702203661882,0.0756989237509966
hetionet,balanced1_topk_global_rf,0.28,126011,0.5913118253470995,0.6344115193911158,0.0728882667257955
hetionet,balanced1_topk_global_rf,0.3,135012,0.5913416555056978,0.6326315047418558,0.0698240160349403
hetionet,balanced1_topk_global_rf,0.32,144013,0.5901065556716919,0.6299140472205422,0.0674581415275741
hetionet,balanced1_topk_global_rf,0.34,153014,0.589789463318133,0.6285395401124385,0.0657015413200146
hetionet,balanced1_topk_global_rf,0.36,162014,0.5884478358240537,0.6261902996880923,0.0641390138026161
hetionet,balanced1_topk_global_rf,0.38,171015,0.5867850786896518,0.6233855343027309,0.0623745506528752
hetionet,balanced1_topk_global_rf,0.4,180016,0.5859473784805929,0.6215391576205458,0.0607422789948224
hetionet,balanced1_topk_global_rf,0.42,189017,0.5842253552662919,0.618834458679161,0.0592393039790168
hetionet,balanced1_topk_global_rf,0.44,198018,0.5805690975406793,0.6142027045334151,0.057932134409512
hetionet,balanced1_topk_global_rf,0.46,207018,0.5729668506056813,0.6059973124523781,0.0576481201517686
hetionet,balanced1_topk_global_rf,0.48,216019,0.564280852326746,0.5967756762706441,0.0575862601219048
hetionet,balanced1_topk_global_rf,0.5,225020,0.557021899875425,0.5889340028212066,0.0572905714351956
hetionet,balanced1_topk_global_rf,0.52,234021,0.5496861450152601,0.5808988413177727,0.0567827597358234
hetionet,balanced1_topk_global_rf,0.54,243022,0.5394977569739706,0.5701330916183985,0.0567849156894753
hetionet,balanced1_topk_global_rf,0.56,252022,0.5298058275077216,0.5598968770613897,0.0567963732962704
hetionet,balanced1_topk_global_rf,0.58,261023,0.5211127614221037,0.5504106487297052,0.0562217805368041
hetionet,balanced1_topk_global_rf,0.6,270024,0.5114030351322911,0.5400460649327554,0.0560087207794042
hetionet,balanced1_topk_global_rf,0.62,279025,0.5029754518565274,0.5310584583931565,0.055833751792403
hetionet,balanced1_topk_global_rf,0.64,288026,0.4940642488146685,0.5216951858502894,0.0559257973065476
hetionet,balanced1_topk_global_rf,0.66,297026,0.4849033024699827,0.5120010130836105,0.055882709966293
hetionet,balanced1_topk_global_rf,0.68,306027,0.4760278929377554,0.5026523724730778,0.0559305030867252
hetionet,balanced1_topk_global_rf,0.7,315028,0.4685051683154833,0.4946779555771631,0.0558644579221707
hetionet,balanced1_topk_global_rf,0.72,324029,0.4605230444782323,0.486203779236986,0.0557642773074464
hetionet,balanced1_topk_global_rf,0.74,333030,0.4527655774150358,0.4779335412925388,0.055587184920713
hetionet,balanced1_topk_global_rf,0.76,342030,0.4454060636375291,0.4700135198022054,0.0552472410539559
hetionet,balanced1_topk_global_rf,0.78,351031,0.4382177082354612,0.4623192822905135,0.0549990874446866
hetionet,balanced1_topk_global_rf,0.8,360032,0.4310199759684305,0.4546482957352585,0.0548195468521828
hetionet,balanced1_topk_global_rf,0.82,369033,0.4242788982468227,0.4474347246870274,0.0545768986765253
hetionet,balanced1_topk_global_rf,0.84,378034,0.4177123981418259,0.4404190029996118,0.0543594227961516
hetionet,balanced1_topk_global_rf,0.86,387034,0.4114323251467423,0.4336664883375556,0.0540408758181147
hetionet,balanced1_topk_global_rf,0.88,396035,0.405373059291691,0.4271445108012521,0.0537071988641832
hetionet,balanced1_topk_global_rf,0.9,405036,0.3991555589136799,0.4203246765167833,0.0530347558248118
hetionet,balanced1_topk_global_rf,0.92,414037,0.3935499859019168,0.4140334549520905,0.0520479476151696
hetionet,balanced1_topk_global_rf,0.94,423038,0.3878694399855951,0.4077155811991781,0.051167065944458
hetionet,balanced1_topk_global_rf,0.96,432038,0.3812866402349323,0.4004383540287126,0.0502291760917186
hetionet,balanced1_topk_global_rf,0.98,441039,0.3753883081633568,0.3938065615233142,0.0490645365330408
hetionet,balanced1_topk_global_rf,1.0,450040,0.3731884548334995,0.3903218979298272,0.0459109677012163
FB15k-237,balanced1_eff_global_rf,0.02,816,0.2838356388281323,0.2922652931960863,0.02969906951346
FB15k-237,balanced1_eff_global_rf,0.04,1633,0.2514286180325221,0.257528121188958,0.0242593830573694
FB15k-237,balanced1_eff_global_rf,0.06,2449,0.2355496405861575,0.2417333383160738,0.0262522061784018
FB15k-237,balanced1_eff_global_rf,0.08,3266,0.2296718964454401,0.2345698778428623,0.0213259936162268
FB15k-237,balanced1_eff_global_rf,0.1,4082,0.229402375026402,0.2344603409346121,0.0220484461315102
FB15k-237,balanced1_eff_global_rf,0.12,4898,0.2280107127280888,0.231426997615556,0.014983001660721
FB15k-237,balanced1_eff_global_rf,0.14,5715,0.2307766383738634,0.2344954165195003,0.0161141880384461
FB15k-237,balanced1_eff_global_rf,0.16,6531,0.2269319473787263,0.2302064044567217,0.0144292468108537
FB15k-237,balanced1_eff_global_rf,0.18,7347,0.2310406484567401,0.234378614115996,0.0144475254962803
FB15k-237,balanced1_eff_global_rf,0.2,8164,0.2347300426331408,0.237593167847353,0.0121975235129445
FB15k-237,balanced1_eff_global_rf,0.22,8980,0.2397661794700998,0.2427173018701121,0.0123083347556958
FB15k-237,balanced1_eff_global_rf,0.24,9797,0.2411244766529622,0.243941431438471,0.0116825750110931
FB15k-237,balanced1_eff_global_rf,0.26,10613,0.2390939219289456,0.2418760153018126,0.011635985350116
FB15k-237,balanced1_eff_global_rf,0.28,11429,0.2430428984711479,0.2459582272409853,0.0119951201544092
FB15k-237,balanced1_eff_global_rf,0.3,12246,0.2476344833697639,0.2509248679974757,0.013287263481793
FB15k-237,balanced1_eff_global_rf,0.32,13062,0.2483781170013713,0.2516200082700512,0.0130522419117222
FB15k-237,balanced1_eff_global_rf,0.34,13878,0.2507923558136734,0.2539117272207555,0.0124380641386043
FB15k-237,balanced1_eff_global_rf,0.36,14695,0.2537843218396136,0.2569502934067716,0.0124750478840012
FB15k-237,balanced1_eff_global_rf,0.38,15511,0.2584078669649463,0.2615821413298146,0.0122839695329357
FB15k-237,balanced1_eff_global_rf,0.4,16328,0.2653153937140363,0.2687363209293419,0.0128938135379841
FB15k-237,balanced1_eff_global_rf,0.42,17144,0.2704020749279557,0.2739217590189484,0.013016483294111
FB15k-237,balanced1_eff_global_rf,0.44,17960,0.2753172242129008,0.2787273224710023,0.012386069443532
FB15k-237,balanced1_eff_global_rf,0.46,18777,0.2762422445200663,0.2796085583373495,0.0121860934888209
FB15k-237,balanced1_eff_global_rf,0.48,19593,0.2762183895311561,0.2795351646877999,0.0120077999233632
FB15k-237,balanced1_eff_global_rf,0.5,20410,0.276838376250685,0.2799370467465881,0.0111930670085176
FB15k-237,balanced1_eff_global_rf,0.52,21226,0.27622200059514,0.279396615410828,0.0114929832122279
FB15k-237,balanced1_eff_global_rf,0.54,22042,0.2760935545240138,0.2793440770055471,0.0117732646353776
FB15k-237,balanced1_eff_global_rf,0.56,22859,0.2757461262598748,0.2790046142585484,0.0118169855833356
FB15k-237,balanced1_eff_global_rf,0.58,23675,0.2783041799376325,0.2815032699124636,0.0114949404480666
FB15k-237,balanced1_eff_global_rf,0.6,24491,0.2822584960619487,0.2854979743239321,0.0114769911523668
FB15k-237,balanced1_eff_global_rf,0.62,25308,0.285929285663227,0.289220028727273,0.0115089402486803
FB15k-237,balanced1_eff_global_rf,0.64,26124,0.2908782147226039,0.2941518119057666,0.0112541848013079
FB15k-237,balanced1_eff_global_rf,0.66,26941,0.2945339151645605,0.2978289893073764,0.0111874184029874
FB15k-237,balanced1_eff_global_rf,0.68,27757,0.2978335039419888,0.3011702401682585,0.0112033608781623
FB15k-237,balanced1_eff_global_rf,0.7,28573,0.3027259412461882,0.3061822815059671,0.0114173904144148
FB15k-237,balanced1_eff_global_rf,0.72,29390,0.3068574614997665,0.3103110896422514,0.0112548286282669
FB15k-237,balanced1_eff_global_rf,0.74,30206,0.310269434647145,0.3136070712683024,0.0107572201720516
FB15k-237,balanced1_eff_global_rf,0.76,31022,0.3120153477782734,0.3153537748501014,0.0106995604402142
FB15k-237,balanced1_eff_global_rf,0.78,31839,0.3112943776362308,0.3145798225311092,0.0105541414522996
FB15k-237,balanced1_eff_global_rf,0.8,32655,0.308987231079678,0.3122916000376589,0.0106941925931194
FB15k-237,balanced1_eff_global_rf,0.82,33472,0.3074975220415052,0.3111749919406008,0.0119593480776056
FB15k-237,balanced1_eff_global_rf,0.84,34288,0.3095240278515105,0.3132383877706883,0.0120002312743221
FB15k-237,balanced1_eff_global_rf,0.86,35104,0.3110779716457502,0.3148705293844895,0.0121916628126219
FB15k-237,balanced1_eff_global_rf,0.88,35921,0.3135881864200585,0.3173224199436233,0.0119080809969123
FB15k-237,balanced1_eff_global_rf,0.9,36737,0.3165761966745626,0.3203068594545554,0.0117844071006636
FB15k-237,balanced1_eff_global_rf,0.92,37553,0.3215559632060155,0.3251875183120921,0.0112936954111155
FB15k-237,balanced1_eff_global_rf,0.94,38370,0.3323087217232481,0.3358436284956848,0.0106374179832107
FB15k-237,balanced1_eff_global_rf,0.96,39186,0.3446164762522802,0.3480694082963934,0.0100196371388392
FB15k-237,balanced1_eff_global_rf,0.98,40003,0.3528756519154296,0.356232453247125,0.00951270316746
FB15k-237,balanced1_eff_global_rf,1.0,40819,0.352811985517237,0.3560530550713822,0.0091863930002082
KG20C,balanced1_eff_global_rf,0.02,149,0.0912014683489041,0.0917695493768362,0.0062288583530121
KG20C,balanced1_eff_global_rf,0.04,298,0.1018872998175485,0.1056716845883974,0.0371428507539759
KG20C,balanced1_eff_global_rf,0.06,447,0.1052822428242804,0.1092453219343266,0.0376424267163519
KG20C,balanced1_eff_global_rf,0.08,596,0.1039261460258577,0.106794116823479,0.0275962393227569
KG20C,balanced1_eff_global_rf,0.1,745,0.0992388859662983,0.1022837657143674,0.0306823249618415
KG20C,balanced1_eff_global_rf,0.12,894,0.1051341051455275,0.1118016032803472,0.063418984026073
KG20C,balanced1_eff_global_rf,0.14,1043,0.1159027152201318,0.1223336820200326,0.0554859028771377
KG20C,balanced1_eff_global_rf,0.16,1192,0.1200619346097413,0.1281230773117786,0.0671415359767426
KG20C,balanced1_eff_global_rf,0.18,1341,0.1258426032687149,0.1336383215445814,0.061948164400414
KG20C,balanced1_eff_global_rf,0.2,1490,0.1307529455600959,0.1389129756054702,0.0624080016738426
KG20C,balanced1_eff_global_rf,0.22,1639,0.1335218369075908,0.1408450258858259,0.0548463768012972
KG20C,balanced1_eff_global_rf,0.24,1788,0.1377616091364599,0.1447128684215538,0.0504586098309018
KG20C,balanced1_eff_global_rf,0.26,1936,0.1401106575088799,0.147231354841845,0.0508219535870337
KG20C,balanced1_eff_global_rf,0.28,2085,0.1433874974570592,0.1508154873483762,0.0518036092619682
KG20C,balanced1_eff_global_rf,0.3,2234,0.1492566335285644,0.1568671414506656,0.0509894116072546
KG20C,balanced1_eff_global_rf,0.32,2383,0.1568825387740759,0.1647336237052955,0.0500443516057949
KG20C,balanced1_eff_global_rf,0.34,2532,0.1615442825987372,0.170206827431037,0.0536233452087988
KG20C,balanced1_eff_global_rf,0.36,2681,0.1646777440684321,0.1733300656119138,0.0525409282986426
KG20C,balanced1_eff_global_rf,0.38,2830,0.1680400838395326,0.1759874563865272,0.0472945047717536
KG20C,balanced1_eff_global_rf,0.4,2979,0.1680595912927749,0.1760820655210578,0.0477358903860891
KG20C,balanced1_eff_global_rf,0.42,3128,0.1679217963411763,0.1759337935543629,0.0477126697531757
KG20C,balanced1_eff_global_rf,0.44,3277,0.1696772481488273,0.1778578743766631,0.0482128648188617
KG20C,balanced1_eff_global_rf,0.46,3426,0.1741150461969665,0.1820046984470119,0.0453128688322563
KG20C,balanced1_eff_global_rf,0.48,3575,0.1755378248766684,0.1838660826551225,0.0474442347927317
KG20C,balanced1_eff_global_rf,0.5,3724,0.175077074700796,0.1832871370534218,0.0468939886427544
KG20C,balanced1_eff_global_rf,0.52,3873,0.1766294522286755,0.184963832825221,0.0471856787833733
KG20C,balanced1_eff_global_rf,0.54,4022,0.178473181951491,0.1875669686938807,0.0509532392651652
KG20C,balanced1_eff_global_rf,0.56,4171,0.1808671555038377,0.1895739204721052,0.0481390053601118
KG20C,balanced1_eff_global_rf,0.58,4320,0.1835460954850053,0.1920127678980078,0.0461283166532635
KG20C,balanced1_eff_global_rf,0.6,4469,0.1873432627282747,0.1957281037287958,0.0447565654532373
KG20C,balanced1_eff_global_rf,0.62,4618,0.1885399398214179,0.1963557371197686,0.0414543322001357
KG20C,balanced1_eff_global_rf,0.64,4767,0.1909339720357451,0.1984049785061505,0.0391287437785392
KG20C,balanced1_eff_global_rf,0.66,4916,0.1919568453056392,0.1995668812354904,0.0396445144622705
KG20C,balanced1_eff_global_rf,0.68,5065,0.1925711652018144,0.2001454950002843,0.0393326269305793
KG20C,balanced1_eff_global_rf,0.7,5214,0.1913503899787855,0.1992107146488065,0.0410781742900676
KG20C,balanced1_eff_global_rf,0.72,5363,0.190795684962097,0.1985012420889914,0.0403864328924692
KG20C,balanced1_eff_global_rf,0.74,5512,0.1908407826352256,0.1989174104068595,0.042321288249334
KG20C,balanced1_eff_global_rf,0.76,5660,0.1927237719409523,0.2008790657958802,0.042315972610927
KG20C,balanced1_eff_global_rf,0.78,5809,0.1941095052931004,0.2022111165741004,0.0417373238305189
KG20C,balanced1_eff_global_rf,0.8,5958,0.1955820801363225,0.2036322102306071,0.0411598551803598
KG20C,balanced1_eff_global_rf,0.82,6107,0.1949409792714334,0.2030756376844206,0.0417288270705797
KG20C,balanced1_eff_global_rf,0.84,6256,0.1968537031218227,0.2042947944384106,0.0378001083981793
KG20C,balanced1_eff_global_rf,0.86,6405,0.1972329599796561,0.2047443643852645,0.0380839206914662
KG20C,balanced1_eff_global_rf,0.88,6554,0.1969170067646607,0.2048479863672111,0.0402757472950461
KG20C,balanced1_eff_global_rf,0.9,6703,0.1992438743450061,0.2068592567825332,0.0382214131428728
KG20C,balanced1_eff_global_rf,0.92,6852,0.2017423501128895,0.2094594848210938,0.038252427930407
KG20C,balanced1_eff_global_rf,0.94,7001,0.2012758460794182,0.2090525371016599,0.038636980908147
KG20C,balanced1_eff_global_rf,0.96,7150,0.2065094599735949,0.2144231508091231,0.0383212025083017
KG20C,balanced1_eff_global_rf,0.98,7299,0.2170216871460061,0.2247738298332272,0.0357205899058634
KG20C,balanced1_eff_global_rf,1.0,7448,0.2263807403572204,0.2339867495060782,0.0335983049479202
WN18RR,balanced1_eff_global_rf,0.02,121,0.2325405266815366,0.2370526244127502,0.0194034897727437
WN18RR,balanced1_eff_global_rf,0.04,242,0.2248787704042137,0.2293312406458352,0.0197994245237926
WN18RR,balanced1_eff_global_rf,0.06,363,0.2226840469904659,0.2263335640757334,0.0163887675591944
WN18RR,balanced1_eff_global_rf,0.08,484,0.2646278405628361,0.2688807781079578,0.0160713911887582
WN18RR,balanced1_eff_global_rf,0.1,606,0.3479673017777798,0.3517405185884135,0.010843595910754
WN18RR,balanced1_eff_global_rf,0.12,727,0.4207583230617106,0.4246406768243084,0.0092270397275737
WN18RR,balanced1_eff_global_rf,0.14,848,0.4734968736764697,0.4768418493486984,0.0070644092035001
WN18RR,balanced1_eff_global_rf,0.16,969,0.518481205025057,0.5218889700455862,0.0065725912289618
WN18RR,balanced1_eff_global_rf,0.18,1090,0.5409302332568107,0.5441085655423052,0.0058756787661111
WN18RR,balanced1_eff_global_rf,0.2,1211,0.539224534180308,0.5430061700697009,0.0070131005725497
WN18RR,balanced1_eff_global_rf,0.22,1332,0.5517392336452639,0.5556222717873387,0.0070378140710061
WN18RR,balanced1_eff_global_rf,0.24,1453,0.5514203013834952,0.5556230722588867,0.007621719521111
WN18RR,balanced1_eff_global_rf,0.26,1574,0.5549009219254342,0.5591075116656431,0.0075807942895691
WN18RR,balanced1_eff_global_rf,0.28,1695,0.5670949573381263,0.5714941107775313,0.0077573488927746
WN18RR,balanced1_eff_global_rf,0.3,1816,0.5722234738815795,0.5763547809522064,0.0072197441370289
WN18RR,balanced1_eff_global_rf,0.32,1938,0.5851322369403984,0.589925047526861,0.0081909870690493
WN18RR,balanced1_eff_global_rf,0.34,2059,0.6007795968218649,0.6053742646321337,0.0076478426274373
WN18RR,balanced1_eff_global_rf,0.36,2180,0.6126345315307686,0.6170908545896484,0.0072740317914252
WN18RR,balanced1_eff_global_rf,0.38,2301,0.6261981962003168,0.6304641186167659,0.006812415689368
WN18RR,balanced1_eff_global_rf,0.4,2422,0.6366697519410012,0.6408472543853267,0.006561490367007
WN18RR,balanced1_eff_global_rf,0.42,2543,0.6482473567222082,0.6523040912994849,0.0062580040399842
WN18RR,balanced1_eff_global_rf,0.44,2664,0.6597111381187692,0.6636504435979991,0.0059712581031496
WN18RR,balanced1_eff_global_rf,0.46,2785,0.6685625278903726,0.6724635282205478,0.0058349072337102
WN18RR,balanced1_eff_global_rf,0.48,2906,0.6777278828822476,0.6815292636065323,0.0056090074206747
WN18RR,balanced1_eff_global_rf,0.5,3028,0.6855414576091442,0.6892425750738932,0.0053988236942763
WN18RR,balanced1_eff_global_rf,0.52,3149,0.6927079565726424,0.6963139482812859,0.0052056449971862
WN18RR,balanced1_eff_global_rf,0.54,3270,0.6992140795335736,0.7027270345896807,0.0050241480526971
WN18RR,balanced1_eff_global_rf,0.56,3391,0.7055392342775934,0.7089816804986532,0.0048791705036568
WN18RR,balanced1_eff_global_rf,0.58,3512,0.7121965567700793,0.7156936984403951,0.004910360260903
WN18RR,balanced1_eff_global_rf,0.6,3633,0.7159079208834995,0.7193475428579269,0.004804559181553
WN18RR,balanced1_eff_global_rf,0.62,3754,0.7102683450205578,0.7135678116263392,0.0046453803395756
WN18RR,balanced1_eff_global_rf,0.64,3875,0.700934046308421,0.7036890979783768,0.0039305433720413
WN18RR,balanced1_eff_global_rf,0.66,3996,0.6871057994999169,0.6896733359333628,0.0037367410307329
WN18RR,balanced1_eff_global_rf,0.68,4117,0.6746835682229076,0.6770939308471797,0.00357258237461
WN18RR,balanced1_eff_global_rf,0.7,4238,0.6630092085768738,0.6654966661516994,0.0037517692705428
WN18RR,balanced1_eff_global_rf,0.72,4360,0.6488551888428225,0.6512339663457899,0.0036661146336978
WN18RR,balanced1_eff_global_rf,0.74,4481,0.6377507507031513,0.6401702188715238,0.0037937519723887
WN18RR,balanced1_eff_global_rf,0.76,4602,0.6260343836952819,0.628498472903809,0.0039360285516307
WN18RR,balanced1_eff_global_rf,0.78,4723,0.6124542689472274,0.61490824122795,0.0040067845146067
WN18RR,balanced1_eff_global_rf,0.8,4844,0.5994328576144115,0.6018938376594442,0.0041055140934829
WN18RR,balanced1_eff_global_rf,0.82,4965,0.5880357559011994,0.5904672987499212,0.0041350255053713
WN18RR,balanced1_eff_global_rf,0.84,5086,0.5774905733252665,0.579916550532023,0.0042008949042879
WN18RR,balanced1_eff_global_rf,0.86,5207,0.5659491605705619,0.5683729429026748,0.0042826856208593
WN18RR,balanced1_eff_global_rf,0.88,5328,0.5570921068915062,0.5594485248627319,0.0042298534516564
WN18RR,balanced1_eff_global_rf,0.9,5450,0.5470032375502367,0.5493334429833125,0.0042599481559042
WN18RR,balanced1_eff_global_rf,0.92,5571,0.5370272098452554,0.5393249676683393,0.0042786618274814
WN18RR,balanced1_eff_global_rf,0.94,5692,0.5281801437920642,0.5304443720117298,0.0042868484290408
WN18RR,balanced1_eff_global_rf,0.96,5813,0.5222038200192933,0.5243656501835009,0.0041398206626057
WN18RR,balanced1_eff_global_rf,0.98,5934,0.5147305882249024,0.5168430934858149,0.004104098938821
WN18RR,balanced1_eff_global_rf,1.0,6055,0.5112021246888968,0.5133269561687425,0.0041565388272568
YAGO3-10,balanced1_eff_global_rf,0.02,200,0.3564714260045196,0.3831402576117548,0.0748133781889635
YAGO3-10,balanced1_eff_global_rf,0.04,399,0.4296746788981531,0.4619175946681751,0.0750402975867812
YAGO3-10,balanced1_eff_global_rf,0.06,598,0.4675637659537373,0.5030020639586877,0.0757935079350371
YAGO3-10,balanced1_eff_global_rf,0.08,798,0.4791315397681977,0.5216139245653512,0.0886653899213278
YAGO3-10,balanced1_eff_global_rf,0.1,998,0.4454811708313468,0.4822966541059016,0.0826420636496276
YAGO3-10,balanced1_eff_global_rf,0.12,1197,0.3987888823895597,0.4319250797803517,0.0830920791779312
YAGO3-10,balanced1_eff_global_rf,0.14,1397,0.3854755412512063,0.4156771543948314,0.0783489739597858
YAGO3-10,balanced1_eff_global_rf,0.16,1596,0.399482364016907,0.4275272881059398,0.0702031594261964
YAGO3-10,balanced1_eff_global_rf,0.18,1796,0.4257198026255673,0.4525974433736114,0.063134579557446
YAGO3-10,balanced1_eff_global_rf,0.2,1995,0.454552620559378,0.4796549001872442,0.0552241445599304
YAGO3-10,balanced1_eff_global_rf,0.22,2194,0.4687386774937594,0.4938589313280528,0.0535911693240374
YAGO3-10,balanced1_eff_global_rf,0.24,2394,0.4884734517799905,0.5129428256638788,0.0500935594242066
YAGO3-10,balanced1_eff_global_rf,0.26,2594,0.5024733971691332,0.5265789217124558,0.0479737328963678
YAGO3-10,balanced1_eff_global_rf,0.28,2793,0.5144170709350816,0.5373706915525681,0.0446206432764033
YAGO3-10,balanced1_eff_global_rf,0.3,2992,0.5248913691386664,0.5482467602637572,0.0444956661478668
YAGO3-10,balanced1_eff_global_rf,0.32,3192,0.5309668713421144,0.5545409319812523,0.0443983644018133
YAGO3-10,balanced1_eff_global_rf,0.34,3392,0.5409931766955004,0.5633293317021202,0.0412873137200244
YAGO3-10,balanced1_eff_global_rf,0.36,3591,0.5499585018952299,0.5712320813427729,0.0386821539702204
YAGO3-10,balanced1_eff_global_rf,0.38,3790,0.5530862325623654,0.5749421431214653,0.0395162802332733
YAGO3-10,balanced1_eff_global_rf,0.4,3990,0.5588160676608153,0.5803488875482715,0.0385329290505047
YAGO3-10,balanced1_eff_global_rf,0.42,4190,0.5655916720325562,0.5865817207379315,0.0371116650815308
YAGO3-10,balanced1_eff_global_rf,0.44,4389,0.5655730285134386,0.586621018773905,0.0372153359501412
YAGO3-10,balanced1_eff_global_rf,0.46,4588,0.5679430193810481,0.588167953845941,0.0356108513965613
YAGO3-10,balanced1_eff_global_rf,0.48,4788,0.5741237117784007,0.5943892546442231,0.0352982161336761
YAGO3-10,balanced1_eff_global_rf,0.5,4988,0.5756620263669505,0.5964880724032958,0.0361775574598521
YAGO3-10,balanced1_eff_global_rf,0.52,5187,0.5777169934301727,0.5985291366312915,0.0360248070210771
YAGO3-10,balanced1_eff_global_rf,0.54,5386,0.5807996163515958,0.6024028792068137,0.037195725077993
YAGO3-10,balanced1_eff_global_rf,0.56,5586,0.5835432762762404,0.6048482280313399,0.0365096345399651
YAGO3-10,balanced1_eff_global_rf,0.58,5786,0.5844559371750299,0.6057813988685257,0.0364877150475577
YAGO3-10,balanced1_eff_global_rf,0.6,5985,0.5885574195341596,0.6099653804550004,0.0363736148934883
YAGO3-10,balanced1_eff_global_rf,0.62,6184,0.5949941421646289,0.6160890729714198,0.0354540142698651
YAGO3-10,balanced1_eff_global_rf,0.64,6384,0.5995382032098533,0.6209636622388146,0.0357366034628854
YAGO3-10,balanced1_eff_global_rf,0.66,6584,0.6015216446257395,0.6226969866283362,0.0352029593478249
YAGO3-10,balanced1_eff_global_rf,0.68,6783,0.6037167705639502,0.6243162306719999,0.0341210665537865
YAGO3-10,balanced1_eff_global_rf,0.7,6982,0.6047731801324254,0.6258829498113779,0.0349052675820216
YAGO3-10,balanced1_eff_global_rf,0.72,7182,0.6065809012821488,0.6277361578874789,0.0348762326024667
YAGO3-10,balanced1_eff_global_rf,0.74,7382,0.6071846264862615,0.6284896044186341,0.0350881379452294
YAGO3-10,balanced1_eff_global_rf,0.76,7581,0.6070712962367258,0.6283233306974269,0.0350074770334947
YAGO3-10,balanced1_eff_global_rf,0.78,7780,0.6089228290435572,0.63010490859473,0.0347861478349296
YAGO3-10,balanced1_eff_global_rf,0.8,7980,0.605859158872225,0.6268367614924609,0.0346245531045279
YAGO3-10,balanced1_eff_global_rf,0.82,8179,0.6017170477075737,0.6222499000177509,0.0341237669572491
YAGO3-10,balanced1_eff_global_rf,0.84,8379,0.5932382150684372,0.6133794158501352,0.0339512868020048
YAGO3-10,balanced1_eff_global_rf,0.86,8578,0.5845109861083757,0.6044208151607549,0.0340623692720252
YAGO3-10,balanced1_eff_global_rf,0.88,8778,0.577537443808185,0.5973538319634921,0.0343118673390963
YAGO3-10,balanced1_eff_global_rf,0.9,8978,0.5711295618250609,0.590625224654208,0.034135271805662
YAGO3-10,balanced1_eff_global_rf,0.92,9177,0.5640343813036907,0.5834892242548352,0.0344922997533896
YAGO3-10,balanced1_eff_global_rf,0.94,9376,0.5573188969196902,0.5769931563103905,0.0353016190540824
YAGO3-10,balanced1_eff_global_rf,0.96,9576,0.5562443191358649,0.5756977983820949,0.0349729041304212
YAGO3-10,balanced1_eff_global_rf,0.98,9776,0.5632879362967056,0.5823906424877281,0.0339128622505424
YAGO3-10,balanced1_eff_global_rf,1.0,9975,0.5616723217905851,0.5802260659200454,0.0330330397451521
codex-l,balanced1_eff_global_rf,0.02,1223,0.1596301681703029,0.160592675484892,0.0060296078468213
codex-l,balanced1_eff_global_rf,0.04,2445,0.132204998159419,0.1348050774189613,0.0196670269334822
codex-l,balanced1_eff_global_rf,0.06,3668,0.1253074003043587,0.129122069326205,0.030442487934319
codex-l,balanced1_eff_global_rf,0.08,4890,0.1340792246586303,0.1372804050667485,0.0238752902716175
codex-l,balanced1_eff_global_rf,0.1,6113,0.1328320452390034,0.1354634700481281,0.0198101655695357
codex-l,balanced1_eff_global_rf,0.12,7335,0.1367849993635451,0.1388813191665052,0.0153256556838414
codex-l,balanced1_eff_global_rf,0.14,8558,0.1420883110260947,0.1445453530449171,0.017292358541521
codex-l,balanced1_eff_global_rf,0.16,9781,0.1427155714885026,0.1454596469579611,0.019227582812711
codex-l,balanced1_eff_global_rf,0.18,11003,0.1533118381031071,0.1566853250369637,0.0220040864136514
codex-l,balanced1_eff_global_rf,0.2,12226,0.1552345018481181,0.1586923678158556,0.0222751123401721
codex-l,balanced1_eff_global_rf,0.22,13448,0.1554355654727691,0.1589734775225185,0.0227612775685444
codex-l,balanced1_eff_global_rf,0.24,14671,0.1521224197746694,0.1557329443384377,0.0237343356036305
codex-l,balanced1_eff_global_rf,0.26,15894,0.1536954485751016,0.1572339285841625,0.023022672706745
codex-l,balanced1_eff_global_rf,0.28,17116,0.1578610997641333,0.1614618235604362,0.0228094432490515
codex-l,balanced1_eff_global_rf,0.3,18339,0.1643211010297721,0.1679879131782109,0.0223149195414309
codex-l,balanced1_eff_global_rf,0.32,19561,0.1821894551429685,0.1858054927066448,0.0198476775773805
codex-l,balanced1_eff_global_rf,0.34,20784,0.198972487508728,0.2027837001807051,0.0191544706491644
codex-l,balanced1_eff_global_rf,0.36,22006,0.2132513853142374,0.2173033485378606,0.0190008764428535
codex-l,balanced1_eff_global_rf,0.38,23229,0.2267140343571083,0.2311947725759058,0.0197638325810021
codex-l,balanced1_eff_global_rf,0.4,24452,0.2385998991108799,0.2432633436868265,0.0195450400160457
codex-l,balanced1_eff_global_rf,0.42,25674,0.2511108717910827,0.2558883330607052,0.0190253063738203
codex-l,balanced1_eff_global_rf,0.44,26897,0.2609277832692767,0.2656299914506254,0.0180211096052429
codex-l,balanced1_eff_global_rf,0.46,28119,0.2692631232737727,0.2741001352754175,0.0179638858185819
codex-l,balanced1_eff_global_rf,0.48,29342,0.2762880027383204,0.2812159363068867,0.0178362198854997
codex-l,balanced1_eff_global_rf,0.5,30564,0.2853028209488285,0.2903914129922298,0.0178357579027026
codex-l,balanced1_eff_global_rf,0.52,31787,0.2915957601613475,0.2966908389783744,0.0174730895065404
codex-l,balanced1_eff_global_rf,0.54,33010,0.2994042080841643,0.304617845422495,0.0174133736185333
codex-l,balanced1_eff_global_rf,0.56,34232,0.3081008606454951,0.3132758168701726,0.0167963056443123
codex-l,balanced1_eff_global_rf,0.58,35455,0.3148546369168685,0.3201222111288535,0.016730178292962
codex-l,balanced1_eff_global_rf,0.6,36677,0.3224374872291657,0.3276161730570098,0.0160610537947885
codex-l,balanced1_eff_global_rf,0.62,37900,0.3262863514858605,0.3313804016148985,0.0156122072095277
codex-l,balanced1_eff_global_rf,0.64,39123,0.3326948323336368,0.337861070541865,0.0155284594353042
codex-l,balanced1_eff_global_rf,0.66,40345,0.3367939236894793,0.3420447200359575,0.0155905317084024
codex-l,balanced1_eff_global_rf,0.68,41568,0.3393391525892412,0.3445714202698753,0.0154189920046379
codex-l,balanced1_eff_global_rf,0.7,42790,0.3443013038528614,0.3495941073122895,0.0153725919716238
codex-l,balanced1_eff_global_rf,0.72,44013,0.3451328617872488,0.3503868383881229,0.0152230551842171
codex-l,balanced1_eff_global_rf,0.74,45235,0.3431835946440986,0.348383409557388,0.0151517001233172
codex-l,balanced1_eff_global_rf,0.76,46458,0.3416005099889473,0.3466690761942346,0.0148377009315685
codex-l,balanced1_eff_global_rf,0.78,47681,0.3392802049539735,0.3444673175472663,0.0152885801103439
codex-l,balanced1_eff_global_rf,0.8,48903,0.3384879350572101,0.3436559821466322,0.0152680392834343
codex-l,balanced1_eff_global_rf,0.82,50126,0.3360021674333442,0.3412164994441935,0.0155187451637008
codex-l,balanced1_eff_global_rf,0.84,51348,0.3348192240588238,0.3400506450627427,0.015624613606415
codex-l,balanced1_eff_global_rf,0.86,52571,0.3306477592825863,0.3358196031654317,0.0156415512812391
codex-l,balanced1_eff_global_rf,0.88,53794,0.3302788483209739,0.3355268617922248,0.015889644456283
codex-l,balanced1_eff_global_rf,0.9,55016,0.3310505416632159,0.3362751041978372,0.0157817670630378
codex-l,balanced1_eff_global_rf,0.92,56239,0.3293672292674603,0.3344775956058939,0.0155157097741611
codex-l,balanced1_eff_global_rf,0.94,57461,0.3283864771849115,0.3334669178953237,0.0154709193690441
codex-l,balanced1_eff_global_rf,0.96,58684,0.3291279354146287,0.3342165325599323,0.0154608484961722
codex-l,balanced1_eff_global_rf,0.98,59906,0.3275658367148326,0.3326058822085916,0.0153863587982976
codex-l,balanced1_eff_global_rf,1.0,61129,0.3299017687130151,0.334842792661744,0.0149772581335478
codex-m,balanced1_eff_global_rf,0.02,412,0.148567893916339,0.1896647556989509,0.276620073821294
codex-m,balanced1_eff_global_rf,0.04,824,0.1705512578367039,0.192291703939774,0.127471625708476
codex-m,balanced1_eff_global_rf,0.06,1236,0.1717104411989533,0.1872169616892172,0.0903062177348739
codex-m,balanced1_eff_global_rf,0.08,1648,0.1781548775630636,0.1897533401026661,0.0651032556517956
codex-m,balanced1_eff_global_rf,0.1,2059,0.1771263811746521,0.1869342129666709,0.0553719424908702
codex-m,balanced1_eff_global_rf,0.12,2471,0.1770527386172703,0.1855240699372882,0.0478463727032774
codex-m,balanced1_eff_global_rf,0.14,2883,0.173192860773352,0.18102838111412,0.0452415896693449
codex-m,balanced1_eff_global_rf,0.16,3295,0.1712045668600341,0.1785110956726134,0.0426771840645623
codex-m,balanced1_eff_global_rf,0.18,3707,0.1753565889015282,0.1825645495936177,0.0411045900085178
codex-m,balanced1_eff_global_rf,0.2,4119,0.1782875543103483,0.1849764640185274,0.0375175358372776
codex-m,balanced1_eff_global_rf,0.22,4531,0.1740434942324083,0.1801475274632716,0.0350718839436323
codex-m,balanced1_eff_global_rf,0.24,4943,0.1721361220233943,0.1781653902263314,0.0350261649447272
codex-m,balanced1_eff_global_rf,0.26,5354,0.175953556167074,0.1819419404748048,0.0340338918870417
codex-m,balanced1_eff_global_rf,0.28,5766,0.1804183625955659,0.1866520217652554,0.0345511348180405
codex-m,balanced1_eff_global_rf,0.3,6178,0.184343914403677,0.1897988552912173,0.0295911091244107
codex-m,balanced1_eff_global_rf,0.32,6590,0.1829029204635735,0.1879113458598005,0.0273829711605098
codex-m,balanced1_eff_global_rf,0.34,7002,0.1839930435077898,0.188797698308246,0.0261132416142286
codex-m,balanced1_eff_global_rf,0.36,7414,0.1860869897149755,0.190897494654193,0.0258508396883929
codex-m,balanced1_eff_global_rf,0.38,7826,0.194567525106709,0.1992030780171245,0.0238249055584851
codex-m,balanced1_eff_global_rf,0.4,8238,0.2081736336880229,0.2124753217736993,0.0206639429281574
codex-m,balanced1_eff_global_rf,0.42,8649,0.2180278985865239,0.2221971600270133,0.0191226052606969
codex-m,balanced1_eff_global_rf,0.44,9061,0.2258963485726389,0.2298621691093081,0.0175559302384824
codex-m,balanced1_eff_global_rf,0.46,9473,0.231864244734285,0.2356668031152325,0.0163999343033902
codex-m,balanced1_eff_global_rf,0.48,9885,0.2393273855694202,0.2427958477576994,0.0144925420048642
codex-m,balanced1_eff_global_rf,0.5,10297,0.2460681037747023,0.2493671992433019,0.0134072454657523
codex-m,balanced1_eff_global_rf,0.52,10709,0.2508096329798733,0.2538551266880131,0.0121426504714201
codex-m,balanced1_eff_global_rf,0.54,11121,0.2573427199926834,0.2603343355044895,0.0116250248380493
codex-m,balanced1_eff_global_rf,0.56,11533,0.262594972745693,0.2656887227256663,0.0117814516691809
codex-m,balanced1_eff_global_rf,0.58,11945,0.268507328184531,0.2714074357343329,0.0108008506486974
codex-m,balanced1_eff_global_rf,0.6,12356,0.2765484851672254,0.2793985878709609,0.0103059783604022
codex-m,balanced1_eff_global_rf,0.62,12768,0.2822689283416231,0.2852227074450663,0.0104644146303918
codex-m,balanced1_eff_global_rf,0.64,13180,0.2894795437436733,0.2922361233778567,0.0095225368899445
codex-m,balanced1_eff_global_rf,0.66,13592,0.2964591944294165,0.2991891631965825,0.0092085818839935
codex-m,balanced1_eff_global_rf,0.68,14004,0.3028078446789335,0.3055288864892517,0.008986034735009
codex-m,balanced1_eff_global_rf,0.7,14416,0.3092624790131927,0.3119218059185447,0.0085989316060504
codex-m,balanced1_eff_global_rf,0.72,14828,0.3158933988977156,0.3184986134560824,0.0082471319991412
codex-m,balanced1_eff_global_rf,0.74,15240,0.3230791129774668,0.3256148068661214,0.0078485231226677
codex-m,balanced1_eff_global_rf,0.76,15651,0.3280127835759595,0.3305170188017677,0.007634565941325
codex-m,balanced1_eff_global_rf,0.78,16063,0.3317476905225222,0.3341493896740447,0.0072395354063798
codex-m,balanced1_eff_global_rf,0.8,16475,0.332898852897236,0.335337489126252,0.0073254569902914
codex-m,balanced1_eff_global_rf,0.82,16887,0.3310723814812551,0.3336650678862986,0.0078311769572669
codex-m,balanced1_eff_global_rf,0.84,17299,0.3276466449857993,0.3301829788926401,0.0077410647893274
codex-m,balanced1_eff_global_rf,0.86,17711,0.3239375930175847,0.3265555533596098,0.0080816811585158
codex-m,balanced1_eff_global_rf,0.88,18123,0.3211109940140763,0.3236968842418946,0.0080529482827513
codex-m,balanced1_eff_global_rf,0.9,18535,0.3194054170667504,0.3219866407145428,0.0080813396075027
codex-m,balanced1_eff_global_rf,0.92,18946,0.3203532912253224,0.3230106763331918,0.0082951703030897
codex-m,balanced1_eff_global_rf,0.94,19358,0.3229977945246466,0.3256526868981105,0.0082195371561935
codex-m,balanced1_eff_global_rf,0.96,19770,0.3291307848914602,0.331819139542424,0.0081680437515145
codex-m,balanced1_eff_global_rf,0.98,20182,0.3363279537163805,0.3389668189530513,0.0078461073708318
codex-m,balanced1_eff_global_rf,1.0,20594,0.3423415349994885,0.3449297847479118,0.0075604315685127
hetionet,balanced1_eff_global_rf,0.02,9001,0.4523864508461853,0.6142860558679687,0.3578789875756698
hetionet,balanced1_eff_global_rf,0.04,18002,0.4557366280733254,0.5652142685015219,0.2402212894123185
hetionet,balanced1_eff_global_rf,0.06,27002,0.4444726731685945,0.5307615647307468,0.1941376754323469
hetionet,balanced1_eff_global_rf,0.08,36003,0.4338799732020022,0.50788689447151,0.1705700328211559
hetionet,balanced1_eff_global_rf,0.1,45004,0.4328016288910554,0.4995865246581608,0.1543083281322779
hetionet,balanced1_eff_global_rf,0.12,54005,0.4240931290048606,0.4858951548714621,0.1457274868178615
hetionet,balanced1_eff_global_rf,0.14,63006,0.4170224890732723,0.4749642905131024,0.1389416709122599
hetionet,balanced1_eff_global_rf,0.16,72006,0.4083820541980289,0.4629582462345708,0.1336400350493298
hetionet,balanced1_eff_global_rf,0.18,81007,0.4033129906727069,0.4554875805019081,0.1293650118786813
hetionet,balanced1_eff_global_rf,0.2,90008,0.3993937854521881,0.4496015583948048,0.1257099503583216
hetionet,balanced1_eff_global_rf,0.22,99009,0.3958196926337248,0.444283265645402,0.122438509032251
hetionet,balanced1_eff_global_rf,0.24,108010,0.392203744689348,0.4391429211380765,0.1196805922541803
hetionet,balanced1_eff_global_rf,0.26,117010,0.3877550322353737,0.433084480440921,0.1169022822069569
hetionet,balanced1_eff_global_rf,0.28,126011,0.3836801898472019,0.4275400357655617,0.1143135535244255
hetionet,balanced1_eff_global_rf,0.3,135012,0.3806005297812723,0.4234280627877523,0.1125262043936003
hetionet,balanced1_eff_global_rf,0.32,144013,0.3816729794718558,0.4238628899460342,0.1105394218174919
hetionet,balanced1_eff_global_rf,0.34,153014,0.3834794753933508,0.4249069816883296,0.1080305699607127
hetionet,balanced1_eff_global_rf,0.36,162014,0.3851223814449813,0.4257695147819377,0.1055434202095662
hetionet,balanced1_eff_global_rf,0.38,171015,0.3878211674808924,0.4277867606329057,0.1030516034274544
hetionet,balanced1_eff_global_rf,0.4,180016,0.3894918055491463,0.4287884816579248,0.1008921768029855
hetionet,balanced1_eff_global_rf,0.42,189017,0.3923246309725532,0.4305672117337049,0.0974768794565619
hetionet,balanced1_eff_global_rf,0.44,198018,0.3942983051158971,0.4315438180397239,0.0944602409915993
hetionet,balanced1_eff_global_rf,0.46,207018,0.3953408208100124,0.4317805037960897,0.0921728318148784
hetionet,balanced1_eff_global_rf,0.48,216019,0.3962847618768962,0.4321064716698454,0.0903938612811892
hetionet,balanced1_eff_global_rf,0.5,225020,0.3964583720898781,0.4316287882409341,0.0887114981723296
hetionet,balanced1_eff_global_rf,0.52,234021,0.3961912209942575,0.4305441845767384,0.0867080383464096
hetionet,balanced1_eff_global_rf,0.54,243022,0.3957264219246055,0.4293376693521984,0.084935565495287
hetionet,balanced1_eff_global_rf,0.56,252022,0.3940944664268178,0.4270054343962752,0.0835103529056244
hetionet,balanced1_eff_global_rf,0.58,261023,0.3929958028579515,0.4251619349342407,0.0818485384382481
hetionet,balanced1_eff_global_rf,0.6,270024,0.3935849567447952,0.4250382782433832,0.0799149483728431
hetionet,balanced1_eff_global_rf,0.62,279025,0.3952909007540645,0.4260382400074736,0.0777840805208391
hetionet,balanced1_eff_global_rf,0.64,288026,0.3957765162390677,0.4258577802909161,0.0760056820391987
hetionet,balanced1_eff_global_rf,0.66,297026,0.3944528446775485,0.4239133271528006,0.0746869565596237
hetionet,balanced1_eff_global_rf,0.68,306027,0.393029410921112,0.4218582989223918,0.0733504597880239
hetionet,balanced1_eff_global_rf,0.7,315028,0.3919047405343213,0.4202155665215311,0.0722390495930489
hetionet,balanced1_eff_global_rf,0.72,324029,0.3920298768991119,0.4197843967739342,0.070796950718031
hetionet,balanced1_eff_global_rf,0.74,333030,0.3932524814511503,0.4204696270479557,0.0692103594524584
hetionet,balanced1_eff_global_rf,0.76,342030,0.3950642704531846,0.4218442225997367,0.0677863176941624
hetionet,balanced1_eff_global_rf,0.78,351031,0.3966145799204206,0.422914250039808,0.066310396669392
hetionet,balanced1_eff_global_rf,0.8,360032,0.397710779956914,0.4234916548287757,0.0648231734494464
hetionet,balanced1_eff_global_rf,0.82,369033,0.3978515661293842,0.4229513683158876,0.0630883583812278
hetionet,balanced1_eff_global_rf,0.84,378034,0.3950785758046712,0.4194755219950719,0.061752136624241
hetionet,balanced1_eff_global_rf,0.86,387034,0.3927685258470249,0.4164021874302612,0.0601719843316599
hetionet,balanced1_eff_global_rf,0.88,396035,0.3882766206848643,0.411354059461339,0.0594355610074317
hetionet,balanced1_eff_global_rf,0.9,405036,0.3842724141483702,0.4066602318277679,0.0582602780088024
hetionet,balanced1_eff_global_rf,0.92,414037,0.381683386045449,0.4031727724937893,0.0563016029358465
hetionet,balanced1_eff_global_rf,0.94,423038,0.3778844405990726,0.3986192761388862,0.054870836986413
hetionet,balanced1_eff_global_rf,0.96,432038,0.37403568690504,0.3938510253543477,0.0529771333138551
hetionet,balanced1_eff_global_rf,0.98,441039,0.3731807372557574,0.3917877011909351,0.0498604619091727
hetionet,balanced1_eff_global_rf,1.0,450040,0.3731884548334996,0.3903218979298272,0.0459109677012161
FB15k-237,balanced4_rf,0.02,816,0.2165793054429817,0.2549877384397163,0.1773411957258595
FB15k-237,balanced4_rf,0.04,1633,0.2296713427013064,0.2635579759247842,0.1475440201851747
FB15k-237,balanced4_rf,0.06,2449,0.2286502164912473,0.2561637723805505,0.1203303294941615
FB15k-237,balanced4_rf,0.08,3266,0.2304643143382247,0.2562819706283745,0.1120245291089199
FB15k-237,balanced4_rf,0.1,4082,0.2343229103613183,0.258639852889144,0.103775352099928
FB15k-237,balanced4_rf,0.12,4898,0.2381671644819276,0.2613848428756991,0.0974847999902743
FB15k-237,balanced4_rf,0.14,5715,0.2446604962904753,0.265414845077327,0.0848291779896126
FB15k-237,balanced4_rf,0.16,6531,0.2494113981307815,0.2694926044213597,0.0805143888413968
FB15k-237,balanced4_rf,0.18,7347,0.252796147496579,0.2713269185647151,0.073303217836367
FB15k-237,balanced4_rf,0.2,8164,0.2563661868266682,0.2734287396012581,0.0665553947881829
FB15k-237,balanced4_rf,0.22,8980,0.2607802755512292,0.2762183156730066,0.0591994164019691
FB15k-237,balanced4_rf,0.24,9797,0.2655447450432232,0.2802419459082639,0.0553473609980439
FB15k-237,balanced4_rf,0.26,10613,0.2693296943735427,0.2832378711732208,0.0516399680028905
FB15k-237,balanced4_rf,0.28,11429,0.2766710889097865,0.2893794855310447,0.0459332294940366
FB15k-237,balanced4_rf,0.3,12246,0.2792317000425785,0.2909338549562122,0.0419084040667634
FB15k-237,balanced4_rf,0.32,13062,0.2813475828881344,0.2925211133859757,0.0397143290983381
FB15k-237,balanced4_rf,0.34,13878,0.2800233076900051,0.2904595447211739,0.0372691727601548
FB15k-237,balanced4_rf,0.36,14695,0.2782862677235828,0.2880040499906874,0.0349200927038093
FB15k-237,balanced4_rf,0.38,15511,0.2767247070670875,0.2861293119723065,0.0339854182335042
FB15k-237,balanced4_rf,0.4,16328,0.2734057948479725,0.2823792352611692,0.0328209591101986
FB15k-237,balanced4_rf,0.42,17144,0.2702781748927138,0.2787269350785424,0.031259498437794
FB15k-237,balanced4_rf,0.44,17960,0.2710346255784102,0.2791158546442177,0.0298162238443204
FB15k-237,balanced4_rf,0.46,18777,0.2756008969317415,0.283271527762144,0.0278323870342929
FB15k-237,balanced4_rf,0.48,19593,0.2797921681878654,0.2871952352965546,0.0264591648745453
FB15k-237,balanced4_rf,0.5,20410,0.2881592160609441,0.2953283588340677,0.0248791028485009
FB15k-237,balanced4_rf,0.52,21226,0.2992639328103257,0.3062063164129439,0.0231981967804262
FB15k-237,balanced4_rf,0.54,22042,0.3086231055695532,0.3152829320538406,0.0215791571146202
FB15k-237,balanced4_rf,0.56,22859,0.3157107273814895,0.3221089677049132,0.0202661479908867
FB15k-237,balanced4_rf,0.58,23675,0.3253495084456691,0.3315412903160467,0.0190311702020338
FB15k-237,balanced4_rf,0.6,24491,0.3315420100064854,0.3375128218541711,0.0180092165320735
FB15k-237,balanced4_rf,0.62,25308,0.3364762862124034,0.3422568635150496,0.0171797465067036
FB15k-237,balanced4_rf,0.64,26124,0.341922442664804,0.3475278737564619,0.0163938671237002
FB15k-237,balanced4_rf,0.66,26941,0.3476442135095445,0.3530813847457561,0.0156400452673213
FB15k-237,balanced4_rf,0.68,27757,0.3505440922852938,0.3558044388282556,0.0150062336200507
FB15k-237,balanced4_rf,0.7,28573,0.3540110670126611,0.3591219198778314,0.0144369861323783
FB15k-237,balanced4_rf,0.72,29390,0.357217510642941,0.3621970669338478,0.0139398437717799
FB15k-237,balanced4_rf,0.74,30206,0.3576439264249003,0.3624892154791694,0.0135478018673595
FB15k-237,balanced4_rf,0.76,31022,0.3582659170932602,0.3630013589380124,0.0132176732946649
FB15k-237,balanced4_rf,0.78,31839,0.356443599611047,0.3610572167558375,0.0129434702988773
FB15k-237,balanced4_rf,0.8,32655,0.3575148659544243,0.3619459765811468,0.0123941996506724
FB15k-237,balanced4_rf,0.82,33472,0.3566397972502977,0.3609852410628396,0.0121844052347643
FB15k-237,balanced4_rf,0.84,34288,0.355202296328038,0.3594387702869428,0.0119269329131597
FB15k-237,balanced4_rf,0.86,35104,0.3543405493643624,0.3584775615541355,0.0116752434831248
FB15k-237,balanced4_rf,0.88,35921,0.353130621221944,0.3571782933893651,0.0114622519945022
FB15k-237,balanced4_rf,0.9,36737,0.3531207555201416,0.357082551090656,0.0112193789478012
FB15k-237,balanced4_rf,0.92,37553,0.3525391254515454,0.3563956348415397,0.0109392379783512
FB15k-237,balanced4_rf,0.94,38370,0.3530999145902102,0.3568176518409506,0.0105288534409733
FB15k-237,balanced4_rf,0.96,39186,0.3550824728272072,0.3586437849829627,0.0100295351876986
FB15k-237,balanced4_rf,0.98,40003,0.3539386797282117,0.3572813106823063,0.0094440962391038
FB15k-237,balanced4_rf,1.0,40819,0.3528119855172369,0.3560530550713822,0.0091863930002087
KG20C,balanced4_rf,0.02,149,0.1854924987454606,0.2410464203006201,0.299494167855233
KG20C,balanced4_rf,0.04,298,0.1977041921359874,0.234588323970507,0.1865622141646312
KG20C,balanced4_rf,0.06,447,0.204755992516682,0.2303897661521907,0.1251918115823653
KG20C,balanced4_rf,0.08,596,0.1981698800534225,0.2228920900947602,0.1247526114194201
KG20C,balanced4_rf,0.1,745,0.1922642187072196,0.2133781973210378,0.1098175144381421
KG20C,balanced4_rf,0.12,894,0.1895520221666222,0.2061950527696423,0.0878019153411631
KG20C,balanced4_rf,0.14,1043,0.189817959243767,0.203001365027875,0.0694528896877331
KG20C,balanced4_rf,0.16,1192,0.1902744576386627,0.2028152884427644,0.0659091659476291
KG20C,balanced4_rf,0.18,1341,0.190674219687608,0.2026187065729764,0.0626434286970607
KG20C,balanced4_rf,0.2,1490,0.1921062486550362,0.2039945478603411,0.061883979769199
KG20C,balanced4_rf,0.22,1639,0.1858397202995344,0.1976440824385345,0.0635190481344569
KG20C,balanced4_rf,0.24,1788,0.1854395507404019,0.1964788343376489,0.0595303620676956
KG20C,balanced4_rf,0.26,1936,0.1848729911475395,0.1945294156981142,0.0522327490383289
KG20C,balanced4_rf,0.28,2085,0.1833207644714594,0.1933711314887279,0.0548239423190559
KG20C,balanced4_rf,0.3,2234,0.1824905671812642,0.1926022406480615,0.0554092938773851
KG20C,balanced4_rf,0.32,2383,0.1826972652547241,0.1928379942412696,0.0555056419285038
KG20C,balanced4_rf,0.34,2532,0.1808859982679137,0.1912082807518756,0.0570651271121238
KG20C,balanced4_rf,0.36,2681,0.181298339062876,0.1915425693677689,0.0565048215987247
KG20C,balanced4_rf,0.38,2830,0.1836646430989618,0.1942169658598083,0.0574542959537438
KG20C,balanced4_rf,0.4,2979,0.1829678428167418,0.1932087794905568,0.0559712379845462
KG20C,balanced4_rf,0.42,3128,0.18282685613916,0.193738163420976,0.0596810967066607
KG20C,balanced4_rf,0.44,3277,0.1815027261745009,0.1921757739996851,0.0588037879658231
KG20C,balanced4_rf,0.46,3426,0.1827412712955592,0.1933677745241535,0.0581505379340792
KG20C,balanced4_rf,0.48,3575,0.1821963220300239,0.192321582603123,0.0555733532943139
KG20C,balanced4_rf,0.5,3724,0.1799901596833634,0.1904704194854934,0.0582268487375468
KG20C,balanced4_rf,0.52,3873,0.1821989188546097,0.1930388462577146,0.0594950149608455
KG20C,balanced4_rf,0.54,4022,0.1799536087539932,0.1908564831243432,0.0605871393513139
KG20C,balanced4_rf,0.56,4171,0.1799607345012418,0.1907411803805692,0.059904433648847
KG20C,balanced4_rf,0.58,4320,0.179672594968036,0.1901230522728733,0.0581638914198152
KG20C,balanced4_rf,0.6,4469,0.1794114635686804,0.1897551622898765,0.0576534994779549
KG20C,balanced4_rf,0.62,4618,0.181360983846131,0.1914250739889429,0.0554920354388372
KG20C,balanced4_rf,0.64,4767,0.1815596690245657,0.1916453481571741,0.0555502176600892
KG20C,balanced4_rf,0.66,4916,0.1814520674489224,0.1916539788813304,0.0562237266063656
KG20C,balanced4_rf,0.68,5065,0.1848859550496701,0.1948720723885725,0.0540123090270412
KG20C,balanced4_rf,0.7,5214,0.1861533860266633,0.1959077232634487,0.052399461782491
KG20C,balanced4_rf,0.72,5363,0.1889997509334446,0.1987352049682114,0.0515104066893454
KG20C,balanced4_rf,0.74,5512,0.19299402395607,0.2023537702194955,0.0484975963066922
KG20C,balanced4_rf,0.76,5660,0.1950928174482004,0.2044335501249093,0.0478784037202648
KG20C,balanced4_rf,0.78,5809,0.2003823042677025,0.2092257899101776,0.0441330669132364
KG20C,balanced4_rf,0.8,5958,0.2050795561755582,0.2138665505597363,0.0428467593164481
KG20C,balanced4_rf,0.82,6107,0.2093078961786103,0.2178695985892416,0.0409048228325097
KG20C,balanced4_rf,0.84,6256,0.2140631952026983,0.2224612196610411,0.0392315196939416
KG20C,balanced4_rf,0.86,6405,0.217987292053347,0.2262805486533913,0.0380446792192579
KG20C,balanced4_rf,0.88,6554,0.2231239525928185,0.2313014359790825,0.036649957529155
KG20C,balanced4_rf,0.9,6703,0.2278146100893211,0.2357983292682752,0.0350448075995823
KG20C,balanced4_rf,0.92,6852,0.2283514120984918,0.2362472659608856,0.0345776441224203
KG20C,balanced4_rf,0.94,7001,0.2280822088885008,0.2359305001401481,0.0344099230268502
KG20C,balanced4_rf,0.96,7150,0.2265655434489705,0.2341489555258691,0.0334711623023413
KG20C,balanced4_rf,0.98,7299,0.2263045610284937,0.233852849038514,0.0333545553643077
KG20C,balanced4_rf,1.0,7448,0.2263807403572204,0.2339867495060782,0.0335983049479202
WN18RR,balanced4_rf,0.02,121,0.5724367901690914,0.5967909221784998,0.0425446659398227
WN18RR,balanced4_rf,0.04,242,0.5052940463741533,0.5216982754332317,0.0324647186658746
WN18RR,balanced4_rf,0.06,363,0.442999569869427,0.4559155813594884,0.0291558104534239
WN18RR,balanced4_rf,0.08,484,0.4107799070196637,0.4217869473212975,0.0267954690907188
WN18RR,balanced4_rf,0.1,606,0.3880394092215373,0.3979799135886774,0.0256172546677209
WN18RR,balanced4_rf,0.12,727,0.3704185733234558,0.379037720516411,0.0232686690508598
WN18RR,balanced4_rf,0.14,848,0.358692774828635,0.3668680890753923,0.0227919680028767
WN18RR,balanced4_rf,0.16,969,0.349559941326717,0.3570002728301606,0.0212848516772392
WN18RR,balanced4_rf,0.18,1090,0.3359347906865336,0.3429860654622514,0.0209900104758649
WN18RR,balanced4_rf,0.2,1211,0.3306887141786392,0.3375423804011487,0.0207254312852271
WN18RR,balanced4_rf,0.22,1332,0.3224812560886527,0.3292938952182265,0.0211256902562453
WN18RR,balanced4_rf,0.24,1453,0.3184371666381217,0.3248213717796169,0.0200485552892457
WN18RR,balanced4_rf,0.26,1574,0.3121768915567814,0.318173199831024,0.019208046580065
WN18RR,balanced4_rf,0.28,1695,0.3123798546708879,0.3183774060492395,0.0191995459651852
WN18RR,balanced4_rf,0.3,1816,0.3067507922058787,0.3125258029025599,0.018826392118346
WN18RR,balanced4_rf,0.32,1938,0.3030304472985707,0.3085283036373099,0.0181429172802634
WN18RR,balanced4_rf,0.34,2059,0.2963122870869153,0.3017752930538835,0.0184366501324522
WN18RR,balanced4_rf,0.36,2180,0.291258752862417,0.2965291746320134,0.0180953249225988
WN18RR,balanced4_rf,0.38,2301,0.2863469024487245,0.2913145284260013,0.0173482790796606
WN18RR,balanced4_rf,0.4,2422,0.2825822794470317,0.2869507026708988,0.0154589425508755
WN18RR,balanced4_rf,0.42,2543,0.278008110620758,0.2821381923662515,0.014855975734922
WN18RR,balanced4_rf,0.44,2664,0.2697138605606839,0.2736787997777805,0.014700539337705
WN18RR,balanced4_rf,0.46,2785,0.2621365265628164,0.2659594415220503,0.0145836790063587
WN18RR,balanced4_rf,0.48,2906,0.2583326444931922,0.2620121809905967,0.014243405066453
WN18RR,balanced4_rf,0.5,3028,0.2549802761833722,0.2586270197133296,0.014302061259573
WN18RR,balanced4_rf,0.52,3149,0.2501560774060334,0.2537578612212576,0.014398146359555
WN18RR,balanced4_rf,0.54,3270,0.2461495386797401,0.2496607225864444,0.014264434235941
WN18RR,balanced4_rf,0.56,3391,0.2434272660382632,0.2468905059063968,0.0142270006334837
WN18RR,balanced4_rf,0.58,3512,0.2422714712640038,0.2456482187300663,0.0139378666767695
WN18RR,balanced4_rf,0.6,3633,0.244487993957193,0.2478111551965213,0.0135923289546489
WN18RR,balanced4_rf,0.62,3754,0.2497854232584236,0.253122851005047,0.0133611789794896
WN18RR,balanced4_rf,0.64,3875,0.2657884087716893,0.2690699511548144,0.0123464465523173
WN18RR,balanced4_rf,0.66,3996,0.2829650509488616,0.2862651341122751,0.0116625115092741
WN18RR,balanced4_rf,0.68,4117,0.3031245236386463,0.3063278909853312,0.0105678264108501
WN18RR,balanced4_rf,0.7,4238,0.3228481711734318,0.3259435456613792,0.0095877095313776
WN18RR,balanced4_rf,0.72,4360,0.3413449072970164,0.34434928192761,0.0088015803557293
WN18RR,balanced4_rf,0.74,4481,0.3586685457765388,0.3616029503537505,0.0081813825376253
WN18RR,balanced4_rf,0.76,4602,0.3755241726531409,0.3783814231769317,0.0076086993377919
WN18RR,balanced4_rf,0.78,4723,0.3915163275382003,0.3943003772757582,0.0071109415923047
WN18RR,balanced4_rf,0.8,4844,0.4067078586843935,0.4094245330209091,0.0066796701330125
WN18RR,balanced4_rf,0.82,4965,0.4211607499231519,0.4238112172919499,0.0062932440149789
WN18RR,balanced4_rf,0.84,5086,0.4349258916188891,0.4375133022531953,0.0059490839339899
WN18RR,balanced4_rf,0.86,5207,0.448043471483311,0.4505803572154367,0.0056621419428943
WN18RR,balanced4_rf,0.88,5328,0.4605724954854785,0.4630517680093484,0.005383023407111
WN18RR,balanced4_rf,0.9,5450,0.4726419175119283,0.4750656907242547,0.0051281384966563
WN18RR,balanced4_rf,0.92,5571,0.4840906481488573,0.4864617779293596,0.0048981111070196
WN18RR,balanced4_rf,0.94,5692,0.4950523162787061,0.4973730408056172,0.004687836922683
WN18RR,balanced4_rf,0.96,5813,0.505414436257165,0.5076868539429001,0.0044961471669933
WN18RR,balanced4_rf,0.98,5934,0.5141297656874638,0.51634802272887,0.0043145859070037
WN18RR,balanced4_rf,1.0,6055,0.5112021246888967,0.5133269561687425,0.004156538827257
YAGO3-10,balanced4_rf,0.02,200,0.3739627284469651,0.4616211891262858,0.2344042708303011
YAGO3-10,balanced4_rf,0.04,399,0.4186714668197325,0.488877085619142,0.1676866573514024
YAGO3-10,balanced4_rf,0.06,598,0.4321747730423708,0.5019744033913471,0.1615078776061118
YAGO3-10,balanced4_rf,0.08,798,0.4499774501580349,0.5139134226585385,0.1420870589805085
YAGO3-10,balanced4_rf,0.1,998,0.4588039832905209,0.5262625216061797,0.1470312830151328
YAGO3-10,balanced4_rf,0.12,1197,0.4610398208836158,0.5242577835838839,0.1371203957591045
YAGO3-10,balanced4_rf,0.14,1397,0.4633798930069462,0.5294432257698404,0.1425684060959109
YAGO3-10,balanced4_rf,0.16,1596,0.4684237548886135,0.5324646089597093,0.1367156413455674
YAGO3-10,balanced4_rf,0.18,1796,0.4752629534922544,0.5320324965680204,0.1194487023628094
YAGO3-10,balanced4_rf,0.2,1995,0.4766342736789138,0.5319754661866584,0.1161082942705569
YAGO3-10,balanced4_rf,0.22,2194,0.4837059138947641,0.5354049114434312,0.1068810532672435
YAGO3-10,balanced4_rf,0.24,2394,0.4872851094368149,0.5383702131873378,0.1048361683154346
YAGO3-10,balanced4_rf,0.26,2594,0.4897464363040878,0.5396863099269441,0.1019708770108296
YAGO3-10,balanced4_rf,0.28,2793,0.4921627791613936,0.5398261826862661,0.0968447951429547
YAGO3-10,balanced4_rf,0.3,2992,0.4918571076190505,0.5383163342795888,0.094456755713941
YAGO3-10,balanced4_rf,0.32,3192,0.4914155763087569,0.5371171483978812,0.0929998443118333
YAGO3-10,balanced4_rf,0.34,3392,0.494794968858235,0.5389736823778823,0.0892869093264872
YAGO3-10,balanced4_rf,0.36,3591,0.4976650860778485,0.5405908098407082,0.0862542399772543
YAGO3-10,balanced4_rf,0.38,3790,0.4986378090700986,0.5414053867373213,0.0857688223582147
YAGO3-10,balanced4_rf,0.4,3990,0.4965319001187659,0.5373285749184586,0.0821632503167157
YAGO3-10,balanced4_rf,0.42,4190,0.4983619863181762,0.5381712150531492,0.0798801470173873
YAGO3-10,balanced4_rf,0.44,4389,0.4997849578583374,0.5392090828307481,0.0788821759289228
YAGO3-10,balanced4_rf,0.46,4588,0.5019551656411846,0.5397751845961166,0.0753454123868249
YAGO3-10,balanced4_rf,0.48,4788,0.5055766812505458,0.5422760729295774,0.0725891700310534
YAGO3-10,balanced4_rf,0.5,4988,0.5087784419612372,0.5442225332819762,0.0696650809026209
YAGO3-10,balanced4_rf,0.52,5187,0.5096550553604594,0.5436162367575232,0.066635621563774
YAGO3-10,balanced4_rf,0.54,5386,0.5142874742050366,0.5472577031371577,0.0641085590954457
YAGO3-10,balanced4_rf,0.56,5586,0.5177642843856912,0.5499990174255126,0.0622575446239339
YAGO3-10,balanced4_rf,0.58,5786,0.5235681942319781,0.55472892878373,0.0595160953148836
YAGO3-10,balanced4_rf,0.6,5985,0.5274011458230535,0.5576984456690756,0.0574464050485528
YAGO3-10,balanced4_rf,0.62,6184,0.5316752199754334,0.5609061961802374,0.0549790080608885
YAGO3-10,balanced4_rf,0.64,6384,0.5364066949818364,0.5651579854216546,0.0535997978936333
YAGO3-10,balanced4_rf,0.66,6584,0.5405936436314361,0.5686383273756027,0.0518775684371286
YAGO3-10,balanced4_rf,0.68,6783,0.5457498921236446,0.5727233579737712,0.0494245921793339
YAGO3-10,balanced4_rf,0.7,6982,0.5527219987989455,0.5791376755721537,0.0477919764919958
YAGO3-10,balanced4_rf,0.72,7182,0.5562323503240908,0.5819610869729962,0.046255376254032
YAGO3-10,balanced4_rf,0.74,7382,0.5592040426714215,0.5843233829126533,0.0449198115972695
YAGO3-10,balanced4_rf,0.76,7581,0.559533724902111,0.5842065331048936,0.0440953013280818
YAGO3-10,balanced4_rf,0.78,7780,0.561324344589824,0.5852958482754493,0.0427052628603557
YAGO3-10,balanced4_rf,0.8,7980,0.5628595157466694,0.5862960082173084,0.0416382628612914
YAGO3-10,balanced4_rf,0.82,8179,0.562635797579134,0.5854860282754432,0.0406128276846717
YAGO3-10,balanced4_rf,0.84,8379,0.5642835567978438,0.5866325430626407,0.0396059498731831
YAGO3-10,balanced4_rf,0.86,8578,0.5657749522904552,0.5875687861485245,0.0385203229125648
YAGO3-10,balanced4_rf,0.88,8778,0.568583017447036,0.5898331368145227,0.0373738200322983
YAGO3-10,balanced4_rf,0.9,8978,0.5727663182246222,0.5935974431167148,0.0363693259000668
YAGO3-10,balanced4_rf,0.92,9177,0.5789092178349274,0.5992992876003136,0.0352215323874844
YAGO3-10,balanced4_rf,0.94,9376,0.5796960531058619,0.5997220703799707,0.0345457195487437
YAGO3-10,balanced4_rf,0.96,9576,0.5703061064354902,0.5899221012966924,0.0343955546676599
YAGO3-10,balanced4_rf,0.98,9776,0.5654221267126011,0.5846603910747246,0.0340246047213892
YAGO3-10,balanced4_rf,1.0,9975,0.5616723217905851,0.5802260659200453,0.0330330397451519
codex-l,balanced4_rf,0.02,1223,0.2947032779580958,0.3456578158879588,0.1729011576759871
codex-l,balanced4_rf,0.04,2445,0.3166834703516696,0.3564847520505086,0.1256815887947691
codex-l,balanced4_rf,0.06,3668,0.3400521706023406,0.3757596390059158,0.1050058534851459
codex-l,balanced4_rf,0.08,4890,0.3568506796423084,0.3864891584119121,0.0830556881643385
codex-l,balanced4_rf,0.1,6113,0.3762100278153759,0.4034018867650212,0.0722784001998737
codex-l,balanced4_rf,0.12,7335,0.3875559318453758,0.412973868011682,0.0655852073925868
codex-l,balanced4_rf,0.14,8558,0.3967727816284167,0.4198581809448421,0.0581829207681015
codex-l,balanced4_rf,0.16,9781,0.3853445263092935,0.4065046580053333,0.0549122415172333
codex-l,balanced4_rf,0.18,11003,0.3733186718232754,0.3929576981918544,0.0526066008771077
codex-l,balanced4_rf,0.2,12226,0.3681551020972202,0.3861871989706557,0.0489796196513763
codex-l,balanced4_rf,0.22,13448,0.3598532773869908,0.3768103639859986,0.0471222235966242
codex-l,balanced4_rf,0.24,14671,0.3605233450499066,0.3764774766929893,0.0442527005869044
codex-l,balanced4_rf,0.26,15894,0.3609416495131918,0.3759053950016516,0.0414575195426785
codex-l,balanced4_rf,0.28,17116,0.3586442681194571,0.372791676780574,0.0394469113790625
codex-l,balanced4_rf,0.3,18339,0.3559179253905281,0.3692190842630027,0.0373714216778489
codex-l,balanced4_rf,0.32,19561,0.3526154125894857,0.3654332138406453,0.0363506551146761
codex-l,balanced4_rf,0.34,20784,0.3469416203348685,0.3590686727483251,0.0349541585750121
codex-l,balanced4_rf,0.36,22006,0.3416133157940522,0.3529152010701122,0.033083854620215
codex-l,balanced4_rf,0.38,23229,0.3383412249411899,0.3492955132770681,0.0323764517249776
codex-l,balanced4_rf,0.4,24452,0.3344416447041105,0.344881562322148,0.0312159618377489
codex-l,balanced4_rf,0.42,25674,0.3286613597695241,0.3386838554416004,0.0304949011319877
codex-l,balanced4_rf,0.44,26897,0.3245957609904487,0.3342427723298175,0.0297200780131339
codex-l,balanced4_rf,0.46,28119,0.3207982446219419,0.3301734999578211,0.0292247713104785
codex-l,balanced4_rf,0.48,29342,0.3171418882247245,0.326260296305535,0.0287518250328044
codex-l,balanced4_rf,0.5,30564,0.3141262461759958,0.3230745587175341,0.0284863574771936
codex-l,balanced4_rf,0.52,31787,0.3121972848401668,0.3208241367007287,0.027632693426461
codex-l,balanced4_rf,0.54,33010,0.3094028486024762,0.3177759033992479,0.0270619835421406
codex-l,balanced4_rf,0.56,34232,0.3096270579503555,0.3179305194892037,0.0268176224449334
codex-l,balanced4_rf,0.58,35455,0.3069084315282174,0.3149731398941107,0.0262772460363371
codex-l,balanced4_rf,0.6,36677,0.3067654486559175,0.3146074587575919,0.0255635376670806
codex-l,balanced4_rf,0.62,37900,0.3060447458480445,0.3137128655672663,0.0250555509390419
codex-l,balanced4_rf,0.64,39123,0.306597199715829,0.3140998352087765,0.0244706588967589
codex-l,balanced4_rf,0.66,40345,0.3077149752451313,0.315097738813573,0.0239922141018988
codex-l,balanced4_rf,0.68,41568,0.3088503284760857,0.3160077616857348,0.0231744393634449
codex-l,balanced4_rf,0.7,42790,0.3100573344330288,0.3171109333627833,0.0227493374496452
codex-l,balanced4_rf,0.72,44013,0.3105538677156018,0.3174818850062674,0.0223085847928001
codex-l,balanced4_rf,0.74,45235,0.3119512096071939,0.3188599587577603,0.0221468900834389
codex-l,balanced4_rf,0.76,46458,0.3161748986124915,0.322952071924292,0.021434887277711
codex-l,balanced4_rf,0.78,47681,0.3208739502053087,0.327497967415931,0.0206436739610182
codex-l,balanced4_rf,0.8,48903,0.3249367630846637,0.3313725518240877,0.0198062807000607
codex-l,balanced4_rf,0.82,50126,0.3287802325572722,0.3351150551148205,0.0192676503337065
codex-l,balanced4_rf,0.84,51348,0.3309065999105299,0.3370936511276668,0.0186972735473085
codex-l,balanced4_rf,0.86,52571,0.3343192634326556,0.3404570007890278,0.018358910262461
codex-l,balanced4_rf,0.88,53794,0.3344834760511562,0.3404990253415831,0.0179845933241464
codex-l,balanced4_rf,0.9,55016,0.3371232857493125,0.3430025488806891,0.0174395047150448
codex-l,balanced4_rf,0.92,56239,0.339903880347153,0.3456146850708957,0.016801234272201
codex-l,balanced4_rf,0.94,57461,0.3397218801702866,0.3452501885475555,0.0162730418614713
codex-l,balanced4_rf,0.96,58684,0.3379100168814788,0.3433522184389426,0.0161054756757108
codex-l,balanced4_rf,0.98,59906,0.3355164436840467,0.3408370341565476,0.0158579126974511
codex-l,balanced4_rf,1.0,61129,0.3299017687130151,0.3348427926617439,0.0149772581335478
codex-m,balanced4_rf,0.02,412,0.1390901725998688,0.1879611220566005,0.3513616278076124
codex-m,balanced4_rf,0.04,824,0.2039334967429128,0.2264090135482158,0.1102100300552224
codex-m,balanced4_rf,0.06,1236,0.2337676787694169,0.2484926534961204,0.0629897802990455
codex-m,balanced4_rf,0.08,1648,0.2581895313122855,0.2725614389446438,0.0556641764649055
codex-m,balanced4_rf,0.1,2059,0.2633683426176642,0.2753906155174601,0.0456481321190862
codex-m,balanced4_rf,0.12,2471,0.2688816838000851,0.2792676693286416,0.0386266010453824
codex-m,balanced4_rf,0.14,2883,0.2659995542123057,0.275077667822881,0.0341283038517035
codex-m,balanced4_rf,0.16,3295,0.2704890325921394,0.2783893262196821,0.0292074453142625
codex-m,balanced4_rf,0.18,3707,0.2709639658041178,0.2789703049919642,0.0295476159130112
codex-m,balanced4_rf,0.2,4119,0.2739026923903607,0.2816293911713251,0.0282096488849128
codex-m,balanced4_rf,0.22,4531,0.2754059690500789,0.2826817854656345,0.0264185138784431
codex-m,balanced4_rf,0.24,4943,0.2741176926876533,0.2808712931471995,0.024637594141877
codex-m,balanced4_rf,0.26,5354,0.2760189508545912,0.2825819031113156,0.0237771799233514
codex-m,balanced4_rf,0.28,5766,0.2735122364788154,0.2797062895253236,0.0226463471113769
codex-m,balanced4_rf,0.3,6178,0.2745126593786516,0.2804866493029696,0.0217621654966291
codex-m,balanced4_rf,0.32,6590,0.2749424385703305,0.2805483564066778,0.0203894235662469
codex-m,balanced4_rf,0.34,7002,0.2714587988855029,0.2769406007403511,0.020193863221064
codex-m,balanced4_rf,0.36,7414,0.2705757222189757,0.2760637130352351,0.0202826431405327
codex-m,balanced4_rf,0.38,7826,0.2697458424006201,0.2753356780857404,0.0207226018216748
codex-m,balanced4_rf,0.4,8238,0.2699159219825489,0.2755896522947683,0.0210203617131792
codex-m,balanced4_rf,0.42,8649,0.2680827702789119,0.273504680272115,0.0202247611346384
codex-m,balanced4_rf,0.44,9061,0.2664033579757051,0.2716392431982495,0.019653976069708
codex-m,balanced4_rf,0.46,9473,0.2648563524422038,0.2699900705686316,0.0193830281172815
codex-m,balanced4_rf,0.48,9885,0.2647741184084526,0.269808238324659,0.0190128851961295
codex-m,balanced4_rf,0.5,10297,0.2670331139516024,0.2718954547106146,0.0182087557870949
codex-m,balanced4_rf,0.52,10709,0.2697436589482678,0.2745704028076446,0.0178938177015772
codex-m,balanced4_rf,0.54,11121,0.2726762983993641,0.2771524287484006,0.0164155461083777
codex-m,balanced4_rf,0.56,11533,0.2788978212235394,0.283365877573108,0.0160204060754831
codex-m,balanced4_rf,0.58,11945,0.2851963438014008,0.2895568869949088,0.0152896181465231
codex-m,balanced4_rf,0.6,12356,0.2920378143677425,0.2964536478441892,0.0151207592277287
codex-m,balanced4_rf,0.62,12768,0.2958620156433414,0.3001178997372709,0.0143846924204689
codex-m,balanced4_rf,0.64,13180,0.3031867199131494,0.3073275449992387,0.013657673024978
codex-m,balanced4_rf,0.66,13592,0.305241739450435,0.3091866616752289,0.0129239278740074
codex-m,balanced4_rf,0.68,14004,0.3104715378274389,0.3143108470200547,0.0123660584782803
codex-m,balanced4_rf,0.7,14416,0.316050700525126,0.3197296039064389,0.0116402316944728
codex-m,balanced4_rf,0.72,14828,0.3192350690990625,0.3229110292364089,0.0115149007523533
codex-m,balanced4_rf,0.74,15240,0.3220726454843531,0.3255581655324788,0.0108221548678371
codex-m,balanced4_rf,0.76,15651,0.3226693612743535,0.326044793217357,0.0104609620500457
codex-m,balanced4_rf,0.78,16063,0.3249541553129982,0.3281601836177752,0.0098660941931607
codex-m,balanced4_rf,0.8,16475,0.3277380949065704,0.3308571430130024,0.0095168921614714
codex-m,balanced4_rf,0.82,16887,0.3306625103906951,0.3335851558834791,0.0088387567412182
codex-m,balanced4_rf,0.84,17299,0.3325846827157994,0.3354791490981454,0.008702945543705
codex-m,balanced4_rf,0.86,17711,0.3336054642374059,0.3364458447646617,0.0085141906585632
codex-m,balanced4_rf,0.88,18123,0.3365501431268942,0.3393725239222455,0.0083862118409119
codex-m,balanced4_rf,0.9,18535,0.339754188849758,0.3426389368870087,0.0084906915997622
codex-m,balanced4_rf,0.92,18946,0.339173514160663,0.3419753546937612,0.0082607881102738
codex-m,balanced4_rf,0.94,19358,0.3410024002879774,0.343739423916743,0.0080264057568339
codex-m,balanced4_rf,0.96,19770,0.3428881728364344,0.3455719717604142,0.0078270384824852
codex-m,balanced4_rf,0.98,20182,0.3434820412208841,0.3461081560908451,0.0076455667394623
codex-m,balanced4_rf,1.0,20594,0.3423415349994885,0.3449297847479118,0.0075604315685129
hetionet,balanced4_rf,0.02,9001,0.3010522133034195,0.5368522855668132,0.783253076521113
hetionet,balanced4_rf,0.04,18002,0.3621416959525478,0.5629983969395298,0.5546356667344392
hetionet,balanced4_rf,0.06,27002,0.3923528053092158,0.5704822996334672,0.454003366138459
hetionet,balanced4_rf,0.08,36003,0.4263192357240151,0.5856770726374847,0.373799311782949
hetionet,balanced4_rf,0.1,45004,0.4591035319932376,0.6033484747182698,0.3141882662038784
hetionet,balanced4_rf,0.12,54005,0.4836959672524232,0.6171299780415218,0.2758633931704133
hetionet,balanced4_rf,0.14,63006,0.5027725540108735,0.6280284612972792,0.2491303598161343
hetionet,balanced4_rf,0.16,72006,0.5167742671286705,0.6344563338210569,0.2277243163562652
hetionet,balanced4_rf,0.18,81007,0.5263240889976251,0.6357117827648203,0.2078333408138741
hetionet,balanced4_rf,0.2,90008,0.5421153031970325,0.6426006083546382,0.1853578096117389
hetionet,balanced4_rf,0.22,99009,0.5599217161075093,0.6515015392517726,0.1635582627173533
hetionet,balanced4_rf,0.24,108010,0.5699259923673993,0.6548818736066185,0.1490647599459773
hetionet,balanced4_rf,0.26,117010,0.5760296748369879,0.6559972049824817,0.1388253654954914
hetionet,balanced4_rf,0.28,126011,0.5807447119039444,0.6560510104149188,0.1296719487364528
hetionet,balanced4_rf,0.3,135012,0.5812059663338577,0.6521373115193199,0.1220416673161226
hetionet,balanced4_rf,0.32,144013,0.5784301232670802,0.6451268582587462,0.1153064688521934
hetionet,balanced4_rf,0.34,153014,0.5751234483251145,0.6380623982165644,0.1094355482718394
hetionet,balanced4_rf,0.36,162014,0.5707863490505265,0.6303536741724763,0.104360108157872
hetionet,balanced4_rf,0.38,171015,0.5678906234140325,0.6244233077556299,0.0995485433475471
hetionet,balanced4_rf,0.4,180016,0.5662518108129394,0.6199517038080317,0.0948339448451351
hetionet,balanced4_rf,0.42,189017,0.5647276411084899,0.6158819308432155,0.090582231169553
hetionet,balanced4_rf,0.44,198018,0.5649882223503738,0.6138176859439856,0.0864256309458615
hetionet,balanced4_rf,0.46,207018,0.5632647746058366,0.6097120559051133,0.0824608308442149
hetionet,balanced4_rf,0.48,216019,0.5587963304001671,0.6032111979409543,0.0794831052469167
hetionet,balanced4_rf,0.5,225020,0.5555617080743833,0.597943188416552,0.0762858197860072
hetionet,balanced4_rf,0.52,234021,0.5505213011178,0.5910598172257847,0.0736365986668885
hetionet,balanced4_rf,0.54,243022,0.5458072831079017,0.584581665190922,0.0710404263245327
hetionet,balanced4_rf,0.56,252022,0.5396181496892216,0.5767524958563731,0.0688159695676249
hetionet,balanced4_rf,0.58,261023,0.5321608327738973,0.5678079748449463,0.0669856552299004
hetionet,balanced4_rf,0.6,270024,0.522691820462675,0.5571126393448189,0.0658529893421238
hetionet,balanced4_rf,0.62,279025,0.5099945349406425,0.5433279447606758,0.0653603274864758
hetionet,balanced4_rf,0.64,288026,0.497497109184137,0.5298451000757723,0.0650214650386289
hetionet,balanced4_rf,0.66,297026,0.4857078356746389,0.517086739705513,0.0646044838607338
hetionet,balanced4_rf,0.68,306027,0.4747480402978261,0.5052289930559353,0.0642044835803585
hetionet,balanced4_rf,0.7,315028,0.4647519348860321,0.4943561297151848,0.0636989167918413
hetionet,balanced4_rf,0.72,324029,0.455424633284582,0.4842365882285235,0.0632639361998184
hetionet,balanced4_rf,0.74,333030,0.44667471715386,0.4746918061695074,0.0627236956552361
hetionet,balanced4_rf,0.76,342030,0.4385077747294796,0.4657547510973844,0.0621356745264407
hetionet,balanced4_rf,0.78,351031,0.43060640204812,0.4571272215458253,0.0615894686459901
hetionet,balanced4_rf,0.8,360032,0.4233551625753017,0.449171274004208,0.0609797959516187
hetionet,balanced4_rf,0.82,369033,0.4164129178350219,0.441557201455038,0.0603830537984848
hetionet,balanced4_rf,0.84,378034,0.4095306593553697,0.43391346535051,0.0595384141287993
hetionet,balanced4_rf,0.86,387034,0.4025994718368588,0.4263030719971541,0.05887638166078
hetionet,balanced4_rf,0.88,396035,0.3957931487566924,0.4187677267848425,0.0580469320914733
hetionet,balanced4_rf,0.9,405036,0.3907726194854263,0.4130169323804855,0.0569239291236696
hetionet,balanced4_rf,0.92,414037,0.385591722329055,0.4072115785028612,0.0560692953759942
hetionet,balanced4_rf,0.94,423038,0.3794686462350216,0.400333616604967,0.054984701837587
hetionet,balanced4_rf,0.96,432038,0.3734421011940507,0.3935207683911671,0.0537664798182007
hetionet,balanced4_rf,0.98,441039,0.3691685438670317,0.3884035515945369,0.0521035934590174
hetionet,balanced4_rf,1.0,450040,0.3731884548334995,0.3903218979298271,0.0459109677012161
FB15k-237,balanced3_syn_topk_eff_rf,0.02,816,0.2147717742773282,0.2641939429663669,0.2301148223752223
FB15k-237,balanced3_syn_topk_eff_rf,0.04,1633,0.2224671352156165,0.2578033138859025,0.1588377475892697
FB15k-237,balanced3_syn_topk_eff_rf,0.06,2449,0.2236431445055856,0.255804604434002,0.1438070458163007
FB15k-237,balanced3_syn_topk_eff_rf,0.08,3266,0.2338790024505279,0.2603812751181446,0.1133161694292013
FB15k-237,balanced3_syn_topk_eff_rf,0.1,4082,0.2504174822470889,0.2745619658815971,0.0964169251198074
FB15k-237,balanced3_syn_topk_eff_rf,0.12,4898,0.2536502624337922,0.275094222964433,0.0845414482322408
FB15k-237,balanced3_syn_topk_eff_rf,0.14,5715,0.2612969844661628,0.2809680566502467,0.0752824309253796
FB15k-237,balanced3_syn_topk_eff_rf,0.16,6531,0.2701394620611914,0.2887396108622542,0.0688538751767022
FB15k-237,balanced3_syn_topk_eff_rf,0.18,7347,0.2713075835637267,0.2882652962147523,0.0625036441233217
FB15k-237,balanced3_syn_topk_eff_rf,0.2,8164,0.2769525155315508,0.2925762319372771,0.0564129788665754
FB15k-237,balanced3_syn_topk_eff_rf,0.22,8980,0.2789608019689569,0.2934501167140997,0.0519403251025756
FB15k-237,balanced3_syn_topk_eff_rf,0.24,9797,0.2807096974765284,0.2944224664231343,0.0488503570410228
FB15k-237,balanced3_syn_topk_eff_rf,0.26,10613,0.2835349073661847,0.2968477670056235,0.046953159182778
FB15k-237,balanced3_syn_topk_eff_rf,0.28,11429,0.2860034107817084,0.2988673045967718,0.0449781133025779
FB15k-237,balanced3_syn_topk_eff_rf,0.3,12246,0.2864149043737333,0.2983922403506965,0.041818130949409
FB15k-237,balanced3_syn_topk_eff_rf,0.32,13062,0.287295126526341,0.2981406827313318,0.0377505749440425
FB15k-237,balanced3_syn_topk_eff_rf,0.34,13878,0.2886274389436949,0.2989733326577851,0.0358451495531872
FB15k-237,balanced3_syn_topk_eff_rf,0.36,14695,0.2868442465957693,0.2965866724359123,0.0339641668109607
FB15k-237,balanced3_syn_topk_eff_rf,0.38,15511,0.286799079950625,0.296117030995691,0.0324894732809819
FB15k-237,balanced3_syn_topk_eff_rf,0.4,16328,0.2850204309232142,0.2939553177060429,0.0313482326648921
FB15k-237,balanced3_syn_topk_eff_rf,0.42,17144,0.2843640861910414,0.2928718512558769,0.0299185638341117
FB15k-237,balanced3_syn_topk_eff_rf,0.44,17960,0.2843070423656899,0.2924314200822896,0.028576069199685
FB15k-237,balanced3_syn_topk_eff_rf,0.46,18777,0.286172573656224,0.2940167956344567,0.0274108097712253
FB15k-237,balanced3_syn_topk_eff_rf,0.48,19593,0.288457667271536,0.295957130407859,0.025998487775551
FB15k-237,balanced3_syn_topk_eff_rf,0.5,20410,0.2916935733189531,0.2989318756143689,0.0248147472467659
FB15k-237,balanced3_syn_topk_eff_rf,0.52,21226,0.2950418382016888,0.3019461942315922,0.0234012778390555
FB15k-237,balanced3_syn_topk_eff_rf,0.54,22042,0.2992310165687393,0.3058517025086341,0.0221256673716974
FB15k-237,balanced3_syn_topk_eff_rf,0.56,22859,0.3032291768784946,0.3096335843640559,0.021120683542031
FB15k-237,balanced3_syn_topk_eff_rf,0.58,23675,0.3068425674883916,0.3130198661323412,0.0201318177413023
FB15k-237,balanced3_syn_topk_eff_rf,0.6,24491,0.3121659604741105,0.3180954006479012,0.0189945122933494
FB15k-237,balanced3_syn_topk_eff_rf,0.62,25308,0.3168002246674409,0.3225418380865355,0.0181237668790223
FB15k-237,balanced3_syn_topk_eff_rf,0.64,26124,0.3217939277725505,0.3273489028519517,0.0172625229998977
FB15k-237,balanced3_syn_topk_eff_rf,0.66,26941,0.3265481963229093,0.3319158449046828,0.0164375385998631
FB15k-237,balanced3_syn_topk_eff_rf,0.68,27757,0.3321643404167337,0.3373729337965392,0.0156807722745637
FB15k-237,balanced3_syn_topk_eff_rf,0.7,28573,0.3370935136580213,0.3421424274694584,0.0149777839289992
FB15k-237,balanced3_syn_topk_eff_rf,0.72,29390,0.3416827526765002,0.3466064955596613,0.0144102763297004
FB15k-237,balanced3_syn_topk_eff_rf,0.74,30206,0.3439237925172376,0.3487174643089653,0.0139381801899833
FB15k-237,balanced3_syn_topk_eff_rf,0.76,31022,0.3456627876492315,0.3503383348788993,0.0135263250680384
FB15k-237,balanced3_syn_topk_eff_rf,0.78,31839,0.3436511423668211,0.348206830401672,0.0132567230927114
FB15k-237,balanced3_syn_topk_eff_rf,0.8,32655,0.3451535825433899,0.3495975392600081,0.0128753023041836
FB15k-237,balanced3_syn_topk_eff_rf,0.82,33472,0.3449608358165694,0.3493110891678788,0.0126108615808857
FB15k-237,balanced3_syn_topk_eff_rf,0.84,34288,0.3448172974250524,0.3490591692269651,0.012301795279962
FB15k-237,balanced3_syn_topk_eff_rf,0.86,35104,0.3466735151338694,0.3508170386886207,0.0119522356738193
FB15k-237,balanced3_syn_topk_eff_rf,0.88,35921,0.3458390653397098,0.3498804363429342,0.0116856983731861
FB15k-237,balanced3_syn_topk_eff_rf,0.9,36737,0.3476245713318149,0.3515746805838275,0.0113631474233222
FB15k-237,balanced3_syn_topk_eff_rf,0.92,37553,0.3486473751477248,0.3525143823068121,0.0110914563961619
FB15k-237,balanced3_syn_topk_eff_rf,0.94,38370,0.3506014545015409,0.3543914358756036,0.0108099419594565
FB15k-237,balanced3_syn_topk_eff_rf,0.96,39186,0.3520118990742694,0.3557294467313354,0.0105608579336169
FB15k-237,balanced3_syn_topk_eff_rf,0.98,40003,0.3540350407975871,0.3576193828938269,0.0101242580061136
FB15k-237,balanced3_syn_topk_eff_rf,1.0,40819,0.3528119855172369,0.3560530550713822,0.0091863930002085
KG20C,balanced3_syn_topk_eff_rf,0.02,149,0.1711455471447087,0.1790968383280863,0.0464592349379355
KG20C,balanced3_syn_topk_eff_rf,0.04,298,0.1756279321020089,0.1883155307531639,0.0722413485104738
KG20C,balanced3_syn_topk_eff_rf,0.06,447,0.1947395555484397,0.2124053096743423,0.090714770690274
KG20C,balanced3_syn_topk_eff_rf,0.08,596,0.1765523100742721,0.1949039116367558,0.1039442732568241
KG20C,balanced3_syn_topk_eff_rf,0.1,745,0.1790280065313822,0.1968277852236739,0.0994245483550726
KG20C,balanced3_syn_topk_eff_rf,0.12,894,0.1784015899106741,0.1969212988967699,0.1038091027964978
KG20C,balanced3_syn_topk_eff_rf,0.14,1043,0.1822571899048727,0.1964096500663355,0.0776510390007088
KG20C,balanced3_syn_topk_eff_rf,0.16,1192,0.1863631597802345,0.1990820330105431,0.0682477869837958
KG20C,balanced3_syn_topk_eff_rf,0.18,1341,0.1868782514395587,0.1972808274770257,0.0556649902133283
KG20C,balanced3_syn_topk_eff_rf,0.2,1490,0.185607497495768,0.1965959409940486,0.0592025841980394
KG20C,balanced3_syn_topk_eff_rf,0.22,1639,0.1838128359334121,0.1942640212553377,0.0568577557103338
KG20C,balanced3_syn_topk_eff_rf,0.24,1788,0.183657039569798,0.1925498094541215,0.0484205228678087
KG20C,balanced3_syn_topk_eff_rf,0.26,1936,0.1788724422114093,0.1874421702196998,0.0479097165686481
KG20C,balanced3_syn_topk_eff_rf,0.28,2085,0.1791956688499645,0.1875684466148018,0.0467242195002355
KG20C,balanced3_syn_topk_eff_rf,0.3,2234,0.1784971632736001,0.1872248172189116,0.0488951969053632
KG20C,balanced3_syn_topk_eff_rf,0.32,2383,0.1753009082827909,0.1834785008528254,0.0466488887601348
KG20C,balanced3_syn_topk_eff_rf,0.34,2532,0.1743970986652077,0.1825504371555148,0.0467515718593412
KG20C,balanced3_syn_topk_eff_rf,0.36,2681,0.1736403824566149,0.1821551427553044,0.0490367515794716
KG20C,balanced3_syn_topk_eff_rf,0.38,2830,0.1735069906310677,0.1826467229367245,0.0526764499367682
KG20C,balanced3_syn_topk_eff_rf,0.4,2979,0.174523382637544,0.1842572282156581,0.0557738764342516
KG20C,balanced3_syn_topk_eff_rf,0.42,3128,0.1742026762101997,0.1845158179521148,0.059201970751993
KG20C,balanced3_syn_topk_eff_rf,0.44,3277,0.1737156594953111,0.1838448393600374,0.0583089624398527
KG20C,balanced3_syn_topk_eff_rf,0.46,3426,0.1734177104371214,0.1836163564403586,0.0588097142877177
KG20C,balanced3_syn_topk_eff_rf,0.48,3575,0.1726818656172986,0.1833157214323302,0.0615806169166512
KG20C,balanced3_syn_topk_eff_rf,0.5,3724,0.1728970930213005,0.1831335847321908,0.0592056901131892
KG20C,balanced3_syn_topk_eff_rf,0.52,3873,0.1722604872406776,0.182736306933727,0.060813828294894
KG20C,balanced3_syn_topk_eff_rf,0.54,4022,0.1716130181451065,0.182059066910567,0.0608697922708165
KG20C,balanced3_syn_topk_eff_rf,0.56,4171,0.1703473958881432,0.1809746830223156,0.0623859676795448
KG20C,balanced3_syn_topk_eff_rf,0.58,4320,0.1701112537268366,0.1802953545093183,0.0598672960157897
KG20C,balanced3_syn_topk_eff_rf,0.6,4469,0.1702616821910983,0.1805609666808211,0.060490912324965
KG20C,balanced3_syn_topk_eff_rf,0.62,4618,0.171280304654119,0.1816595310932264,0.0605978980482724
KG20C,balanced3_syn_topk_eff_rf,0.64,4767,0.1730051786871874,0.1837059941402508,0.0618525730516519
KG20C,balanced3_syn_topk_eff_rf,0.66,4916,0.1759975176092748,0.1868475187553566,0.0616486033068341
KG20C,balanced3_syn_topk_eff_rf,0.68,5065,0.1780804619619658,0.1889279550872685,0.0609134376999731
KG20C,balanced3_syn_topk_eff_rf,0.7,5214,0.1806251475845618,0.1915079354384379,0.0602506793733206
KG20C,balanced3_syn_topk_eff_rf,0.72,5363,0.1812396774049212,0.1918122415867721,0.0583347108824843
KG20C,balanced3_syn_topk_eff_rf,0.74,5512,0.1873696366407995,0.1978821618728035,0.056105809993949
KG20C,balanced3_syn_topk_eff_rf,0.76,5660,0.1905902944810291,0.2007626718962856,0.0533730085414658
KG20C,balanced3_syn_topk_eff_rf,0.78,5809,0.1948809033785491,0.2047498017461808,0.0506406641006877
KG20C,balanced3_syn_topk_eff_rf,0.8,5958,0.1979511736602055,0.2075301869151757,0.0483907878788996
KG20C,balanced3_syn_topk_eff_rf,0.82,6107,0.2021731269493038,0.2114914407223891,0.0460907634644338
KG20C,balanced3_syn_topk_eff_rf,0.84,6256,0.2062941000117334,0.2151476973569,0.0429173560691413
KG20C,balanced3_syn_topk_eff_rf,0.86,6405,0.2099510457340884,0.2185980982706585,0.0411860417571909
KG20C,balanced3_syn_topk_eff_rf,0.88,6554,0.2129231525065005,0.2214303747286286,0.0399544254440265
KG20C,balanced3_syn_topk_eff_rf,0.9,6703,0.2203281301696952,0.228583343234979,0.0374678124800753
KG20C,balanced3_syn_topk_eff_rf,0.92,6852,0.2243830058720904,0.2324480811051182,0.0359433425079678
KG20C,balanced3_syn_topk_eff_rf,0.94,7001,0.2261788868411781,0.2341702610373077,0.035332096234699
KG20C,balanced3_syn_topk_eff_rf,0.96,7150,0.2273058501575125,0.2348324517648058,0.0331122212740135
KG20C,balanced3_syn_topk_eff_rf,0.98,7299,0.2270351217470411,0.234589496448149,0.0332740355015419
KG20C,balanced3_syn_topk_eff_rf,1.0,7448,0.2263807403572204,0.2339867495060782,0.03359830494792
WN18RR,balanced3_syn_topk_eff_rf,0.02,121,0.5387883388353268,0.5451347897412373,0.0117791170455345
WN18RR,balanced3_syn_topk_eff_rf,0.04,242,0.4711496711388434,0.4790401043093229,0.0167471902323672
WN18RR,balanced3_syn_topk_eff_rf,0.06,363,0.4626482856764182,0.4731723898387787,0.0227475265513492
WN18RR,balanced3_syn_topk_eff_rf,0.08,484,0.4139819742941715,0.423069243589333,0.0219508815828395
WN18RR,balanced3_syn_topk_eff_rf,0.1,606,0.3927449626501617,0.4008717138387149,0.0206921843980265
WN18RR,balanced3_syn_topk_eff_rf,0.12,727,0.3804902239117505,0.3889989301904543,0.022362483301745
WN18RR,balanced3_syn_topk_eff_rf,0.14,848,0.369076045350058,0.3772249473279971,0.0220791950076577
WN18RR,balanced3_syn_topk_eff_rf,0.16,969,0.3612809328868222,0.3688403833426364,0.0209240227415552
WN18RR,balanced3_syn_topk_eff_rf,0.18,1090,0.3632739758702739,0.3707468948426202,0.0205710275679502
WN18RR,balanced3_syn_topk_eff_rf,0.2,1211,0.3541667689229661,0.3613121600603696,0.0201752162099593
WN18RR,balanced3_syn_topk_eff_rf,0.22,1332,0.3506736484666509,0.3574446070722734,0.0193084328840478
WN18RR,balanced3_syn_topk_eff_rf,0.24,1453,0.3449588607572436,0.3516033070627234,0.0192615614827058
WN18RR,balanced3_syn_topk_eff_rf,0.26,1574,0.339633131616164,0.3453304001020311,0.0167747724103248
WN18RR,balanced3_syn_topk_eff_rf,0.28,1695,0.3289808346354274,0.3344100227193918,0.0165030527993554
WN18RR,balanced3_syn_topk_eff_rf,0.3,1816,0.3190779856912946,0.3243387030871002,0.0164872464780296
WN18RR,balanced3_syn_topk_eff_rf,0.32,1938,0.3142421261390336,0.3190353171696533,0.0152531778266389
WN18RR,balanced3_syn_topk_eff_rf,0.34,2059,0.3065686549359837,0.3110796154889889,0.0147143567366572
WN18RR,balanced3_syn_topk_eff_rf,0.36,2180,0.2991843472349466,0.3032823083580226,0.0136971106976326
WN18RR,balanced3_syn_topk_eff_rf,0.38,2301,0.2916214103168544,0.2955586398860321,0.0135011677122736
WN18RR,balanced3_syn_topk_eff_rf,0.4,2422,0.2855399568213897,0.2893766583615967,0.0134366537801466
WN18RR,balanced3_syn_topk_eff_rf,0.42,2543,0.280396237477889,0.2841268016019077,0.0133046154883331
WN18RR,balanced3_syn_topk_eff_rf,0.44,2664,0.2728764943657419,0.2764736496454175,0.0131823566849778
WN18RR,balanced3_syn_topk_eff_rf,0.46,2785,0.2653770756601065,0.2688576573084839,0.0131156078184964
WN18RR,balanced3_syn_topk_eff_rf,0.48,2906,0.2607916657054342,0.2642243992443054,0.0131627424886673
WN18RR,balanced3_syn_topk_eff_rf,0.5,3028,0.2564423433163992,0.2598058546857433,0.0131160530115503
WN18RR,balanced3_syn_topk_eff_rf,0.52,3149,0.2517680679874112,0.255077601463973,0.0131451677054106
WN18RR,balanced3_syn_topk_eff_rf,0.54,3270,0.2493875714434532,0.2526008778939144,0.0128847898548534
WN18RR,balanced3_syn_topk_eff_rf,0.56,3391,0.2477942840272445,0.2509218196902361,0.0126215004323819
WN18RR,balanced3_syn_topk_eff_rf,0.58,3512,0.2440440981727148,0.2471315576286603,0.0126512358998347
WN18RR,balanced3_syn_topk_eff_rf,0.6,3633,0.2446656566655058,0.2476993156716001,0.0123992024358439
WN18RR,balanced3_syn_topk_eff_rf,0.62,3754,0.2498751785817856,0.2528676629213786,0.0119759167620305
WN18RR,balanced3_syn_topk_eff_rf,0.64,3875,0.2612423589846533,0.2643074246411024,0.0117326518883147
WN18RR,balanced3_syn_topk_eff_rf,0.66,3996,0.2781716095161106,0.2811791900666548,0.010811960845954
WN18RR,balanced3_syn_topk_eff_rf,0.68,4117,0.297516287081072,0.3004507488616788,0.0098631971022384
WN18RR,balanced3_syn_topk_eff_rf,0.7,4238,0.3172081977588674,0.3200647753688972,0.0090053713309177
WN18RR,balanced3_syn_topk_eff_rf,0.72,4360,0.3356472551242028,0.3384240841925674,0.0082730575804561
WN18RR,balanced3_syn_topk_eff_rf,0.74,4481,0.3533610624507056,0.3560741500416878,0.0076779472309873
WN18RR,balanced3_syn_topk_eff_rf,0.76,4602,0.370142110403712,0.3727838630102289,0.0071371306648562
WN18RR,balanced3_syn_topk_eff_rf,0.78,4723,0.3860692352057633,0.3886439275610675,0.0066689912599016
WN18RR,balanced3_syn_topk_eff_rf,0.8,4844,0.4013983251036135,0.4039087033022307,0.0062540823955086
WN18RR,balanced3_syn_topk_eff_rf,0.82,4965,0.4159800790137419,0.4184292778040948,0.0058877790401881
WN18RR,balanced3_syn_topk_eff_rf,0.84,5086,0.4296716917130871,0.4320626221777666,0.0055645519842066
WN18RR,balanced3_syn_topk_eff_rf,0.86,5207,0.4427909239115047,0.4451262940561868,0.0052742050899599
WN18RR,balanced3_syn_topk_eff_rf,0.88,5328,0.455251998975384,0.4575343324387134,0.0050133408935406
WN18RR,balanced3_syn_topk_eff_rf,0.9,5450,0.4674258600337215,0.469675448975889,0.0048127181966466
WN18RR,balanced3_syn_topk_eff_rf,0.92,5571,0.478987987178803,0.4811887159052098,0.0045945384546466
WN18RR,balanced3_syn_topk_eff_rf,0.94,5692,0.4898826061265088,0.4920365518090668,0.004396860912432
WN18RR,balanced3_syn_topk_eff_rf,0.96,5813,0.5004953886126126,0.5026044990246409,0.0042140456436068
WN18RR,balanced3_syn_topk_eff_rf,0.98,5934,0.5100716026784258,0.5121398920248357,0.0040549000092322
WN18RR,balanced3_syn_topk_eff_rf,1.0,6055,0.5112021246888967,0.5133269561687425,0.004156538827257
YAGO3-10,balanced3_syn_topk_eff_rf,0.02,200,0.4816362164715253,0.56535258846634,0.1738166050055831
YAGO3-10,balanced3_syn_topk_eff_rf,0.04,399,0.4774342682948021,0.5476869518804826,0.1471462947906818
YAGO3-10,balanced3_syn_topk_eff_rf,0.06,598,0.4771866374110517,0.537943970226459,0.1273240448329455
YAGO3-10,balanced3_syn_topk_eff_rf,0.08,798,0.4801760148726177,0.5372733029886706,0.118909079894796
YAGO3-10,balanced3_syn_topk_eff_rf,0.1,998,0.4770060642950656,0.5326764771263442,0.116707977106224
YAGO3-10,balanced3_syn_topk_eff_rf,0.12,1197,0.4769933807362119,0.5298582250668323,0.1108293038553838
YAGO3-10,balanced3_syn_topk_eff_rf,0.14,1397,0.476621368882286,0.5348044738429342,0.1220740586958826
YAGO3-10,balanced3_syn_topk_eff_rf,0.16,1596,0.4851360640039399,0.540781107354078,0.1146998697455858
YAGO3-10,balanced3_syn_topk_eff_rf,0.18,1796,0.4870963505365631,0.5412706670511889,0.1112188922272767
YAGO3-10,balanced3_syn_topk_eff_rf,0.2,1995,0.4953681588624198,0.5465674676208206,0.1033560753601456
YAGO3-10,balanced3_syn_topk_eff_rf,0.22,2194,0.4960944015018958,0.5440054330347776,0.0965764406690217
YAGO3-10,balanced3_syn_topk_eff_rf,0.24,2394,0.4974732965989278,0.5427954407923549,0.0911046773832497
YAGO3-10,balanced3_syn_topk_eff_rf,0.26,2594,0.4969071226449066,0.5417325463701276,0.0902088573144754
YAGO3-10,balanced3_syn_topk_eff_rf,0.28,2793,0.5037700537157829,0.5468563313874412,0.0855276675416811
YAGO3-10,balanced3_syn_topk_eff_rf,0.3,2992,0.5034656615831153,0.5455652591890204,0.0836196007360772
YAGO3-10,balanced3_syn_topk_eff_rf,0.32,3192,0.505126322139385,0.5459446737666871,0.0808082054691234
YAGO3-10,balanced3_syn_topk_eff_rf,0.34,3392,0.5026959065096893,0.5430072670051275,0.080190349619768
YAGO3-10,balanced3_syn_topk_eff_rf,0.36,3591,0.5005131269041092,0.54072471145893,0.0803407191406684
YAGO3-10,balanced3_syn_topk_eff_rf,0.38,3790,0.5045035437314132,0.544853876052531,0.0799802753072425
YAGO3-10,balanced3_syn_topk_eff_rf,0.4,3990,0.507700673675651,0.5464438749699507,0.0763111086967971
YAGO3-10,balanced3_syn_topk_eff_rf,0.42,4190,0.5077008554933924,0.54559166589644,0.0746321578801059
YAGO3-10,balanced3_syn_topk_eff_rf,0.44,4389,0.5110422873005385,0.5476840762798814,0.0717001114974156
YAGO3-10,balanced3_syn_topk_eff_rf,0.46,4588,0.5137192374345011,0.5497585752762193,0.070153763409168
YAGO3-10,balanced3_syn_topk_eff_rf,0.48,4788,0.5178575148584714,0.5525297295730374,0.0669531941117851
YAGO3-10,balanced3_syn_topk_eff_rf,0.5,4988,0.5224409824353978,0.5565966512610476,0.0653770855923869
YAGO3-10,balanced3_syn_topk_eff_rf,0.52,5187,0.5268644394302223,0.5601723022053611,0.0632190375405854
YAGO3-10,balanced3_syn_topk_eff_rf,0.54,5386,0.5348657377921696,0.5671470377714872,0.0603540247550142
YAGO3-10,balanced3_syn_topk_eff_rf,0.56,5586,0.5408275570719542,0.5720401988565064,0.0577127429555137
YAGO3-10,balanced3_syn_topk_eff_rf,0.58,5786,0.5481144452313174,0.5782366724920016,0.0549560908725401
YAGO3-10,balanced3_syn_topk_eff_rf,0.6,5985,0.5525378408086724,0.5816727080631587,0.0527291799813125
YAGO3-10,balanced3_syn_topk_eff_rf,0.62,6184,0.5572850849791204,0.5855795315911184,0.0507719430765998
YAGO3-10,balanced3_syn_topk_eff_rf,0.64,6384,0.5624609605799908,0.589938455388706,0.0488522701742379
YAGO3-10,balanced3_syn_topk_eff_rf,0.66,6584,0.5656367293882099,0.5925574121005334,0.0475935902207778
YAGO3-10,balanced3_syn_topk_eff_rf,0.68,6783,0.5682206009142958,0.5945443994448444,0.0463267232623954
YAGO3-10,balanced3_syn_topk_eff_rf,0.7,6982,0.569890351880591,0.5957140873533106,0.045313515814934
YAGO3-10,balanced3_syn_topk_eff_rf,0.72,7182,0.5683488020727211,0.5934986382415076,0.0442507067439346
YAGO3-10,balanced3_syn_topk_eff_rf,0.74,7382,0.5678117792953778,0.5922874767225622,0.0431053005937236
YAGO3-10,balanced3_syn_topk_eff_rf,0.76,7581,0.5671217324296773,0.5911069542427339,0.0422928984052479
YAGO3-10,balanced3_syn_topk_eff_rf,0.78,7780,0.5693943722954209,0.5928327462146901,0.0411636908611885
YAGO3-10,balanced3_syn_topk_eff_rf,0.8,7980,0.5718595836760377,0.5947561522301351,0.0400387948505003
YAGO3-10,balanced3_syn_topk_eff_rf,0.82,8179,0.5738635778486539,0.5963144353756016,0.0391222903727628
YAGO3-10,balanced3_syn_topk_eff_rf,0.84,8379,0.5758884304863426,0.5978325301798565,0.0381047760848083
YAGO3-10,balanced3_syn_topk_eff_rf,0.86,8578,0.5773502155241308,0.5986727232732347,0.0369316701990782
YAGO3-10,balanced3_syn_topk_eff_rf,0.88,8778,0.5769471030425048,0.5978069500950816,0.0361555625161704
YAGO3-10,balanced3_syn_topk_eff_rf,0.9,8978,0.5773512962437372,0.597764935710159,0.0353573978256107
YAGO3-10,balanced3_syn_topk_eff_rf,0.92,9177,0.5794340016377333,0.5994672207378535,0.0345737720663572
YAGO3-10,balanced3_syn_topk_eff_rf,0.94,9376,0.5790912008431228,0.5987346606633708,0.0339211851115131
YAGO3-10,balanced3_syn_topk_eff_rf,0.96,9576,0.5702370760036358,0.5894682301081783,0.0337248399197738
YAGO3-10,balanced3_syn_topk_eff_rf,0.98,9776,0.5647277693244874,0.5835096077795725,0.0332582165696426
YAGO3-10,balanced3_syn_topk_eff_rf,1.0,9975,0.5616723217905851,0.5802260659200454,0.0330330397451521
codex-l,balanced3_syn_topk_eff_rf,0.02,1223,0.2817244299251336,0.3290165007635828,0.1678664177296118
codex-l,balanced3_syn_topk_eff_rf,0.04,2445,0.3107197171757943,0.3490104203939821,0.1232322929687927
codex-l,balanced3_syn_topk_eff_rf,0.06,3668,0.3348079469381634,0.3676522824513283,0.0980990320377042
codex-l,balanced3_syn_topk_eff_rf,0.08,4890,0.3557532077681203,0.385692720969245,0.0841580976569558
codex-l,balanced3_syn_topk_eff_rf,0.1,6113,0.3778465187854707,0.4044892224488938,0.0705119733511425
codex-l,balanced3_syn_topk_eff_rf,0.12,7335,0.3860987912117039,0.4112300678415685,0.0650902753437652
codex-l,balanced3_syn_topk_eff_rf,0.14,8558,0.3870750073482081,0.4108105349645566,0.0613202277743452
codex-l,balanced3_syn_topk_eff_rf,0.16,9781,0.3828449344854213,0.4041189502514852,0.055568231024548
codex-l,balanced3_syn_topk_eff_rf,0.18,11003,0.3751533266516698,0.3941065899383633,0.0505213787009588
codex-l,balanced3_syn_topk_eff_rf,0.2,12226,0.3596817234831231,0.3778015481169677,0.0503773849234652
codex-l,balanced3_syn_topk_eff_rf,0.22,13448,0.353336685066997,0.3704452418442227,0.048419984395285
codex-l,balanced3_syn_topk_eff_rf,0.24,14671,0.3476340863833723,0.3640427095144081,0.0472008464467443
codex-l,balanced3_syn_topk_eff_rf,0.26,15894,0.3489895640979053,0.3642783607425685,0.0438087502249036
codex-l,balanced3_syn_topk_eff_rf,0.28,17116,0.3508895166803068,0.365214047272173,0.0408234783626129
codex-l,balanced3_syn_topk_eff_rf,0.3,18339,0.3512568974138186,0.3646145799411925,0.0380282426500997
codex-l,balanced3_syn_topk_eff_rf,0.32,19561,0.3473627312387266,0.3600249817490571,0.0364525303712801
codex-l,balanced3_syn_topk_eff_rf,0.34,20784,0.3444228699590304,0.3565655117893523,0.0352550393409307
codex-l,balanced3_syn_topk_eff_rf,0.36,22006,0.3383389270641198,0.3496125335297951,0.0333204534385098
codex-l,balanced3_syn_topk_eff_rf,0.38,23229,0.334254406634614,0.3451868955032878,0.0327070897246974
codex-l,balanced3_syn_topk_eff_rf,0.4,24452,0.3310942784132047,0.3417065255954715,0.0320520403829591
codex-l,balanced3_syn_topk_eff_rf,0.42,25674,0.3278118988163133,0.3380340416465429,0.0311829523795215
codex-l,balanced3_syn_topk_eff_rf,0.44,26897,0.3246773157685756,0.3345906728917367,0.0305329526939515
codex-l,balanced3_syn_topk_eff_rf,0.46,28119,0.3232869510963374,0.3327019578783838,0.0291227553420205
codex-l,balanced3_syn_topk_eff_rf,0.48,29342,0.3190112771051224,0.3281613546109492,0.0286826145735645
codex-l,balanced3_syn_topk_eff_rf,0.5,30564,0.3166233923940529,0.3255622702634597,0.0282318934233447
codex-l,balanced3_syn_topk_eff_rf,0.52,31787,0.3153156832804675,0.323936839783885,0.0273413501470181
codex-l,balanced3_syn_topk_eff_rf,0.54,33010,0.3136270360450963,0.3221881528846045,0.0272971263812769
codex-l,balanced3_syn_topk_eff_rf,0.56,34232,0.3118357414294356,0.3201311832940874,0.0266019598222642
codex-l,balanced3_syn_topk_eff_rf,0.58,35455,0.3110661731810907,0.3191477971087383,0.025980401034936
codex-l,balanced3_syn_topk_eff_rf,0.6,36677,0.3103153269421316,0.318161991356007,0.0252861000814783
codex-l,balanced3_syn_topk_eff_rf,0.62,37900,0.3088911014893735,0.316607414534285,0.0249806906307947
codex-l,balanced3_syn_topk_eff_rf,0.64,39123,0.3081653720390357,0.3157934695492044,0.0247532597828752
codex-l,balanced3_syn_topk_eff_rf,0.66,40345,0.306452221733052,0.3138976724179745,0.024295632914054
codex-l,balanced3_syn_topk_eff_rf,0.68,41568,0.3070647782498291,0.3143445394900758,0.0237075749349664
codex-l,balanced3_syn_topk_eff_rf,0.7,42790,0.3075417752401203,0.3147151796165783,0.023324975512212
codex-l,balanced3_syn_topk_eff_rf,0.72,44013,0.3084651276530011,0.3154426002192148,0.0226199720509827
codex-l,balanced3_syn_topk_eff_rf,0.74,45235,0.3088794334184956,0.3157206712877263,0.0221485703774961
codex-l,balanced3_syn_topk_eff_rf,0.76,46458,0.3120749009156582,0.3187393324806817,0.0213552308931908
codex-l,balanced3_syn_topk_eff_rf,0.78,47681,0.3146083722878243,0.3211073702736339,0.0206574222375235
codex-l,balanced3_syn_topk_eff_rf,0.8,48903,0.3172271030792241,0.3235592316337726,0.019960868705998
codex-l,balanced3_syn_topk_eff_rf,0.82,50126,0.318785693864954,0.3249943995615788,0.0194761114319483
codex-l,balanced3_syn_topk_eff_rf,0.84,51348,0.3233475198735274,0.3294800370796142,0.0189657159222542
codex-l,balanced3_syn_topk_eff_rf,0.86,52571,0.3274430368720871,0.3334169364510994,0.0182440879979559
codex-l,balanced3_syn_topk_eff_rf,0.88,53794,0.3309357423922828,0.3367853270020233,0.0176758925084814
codex-l,balanced3_syn_topk_eff_rf,0.9,55016,0.3343351619497719,0.3401277286506557,0.0173256281723488
codex-l,balanced3_syn_topk_eff_rf,0.92,56239,0.3367428478877108,0.3424014369081114,0.0168038877615226
codex-l,balanced3_syn_topk_eff_rf,0.94,57461,0.3398495029468152,0.345388344965611,0.0162979259076998
codex-l,balanced3_syn_topk_eff_rf,0.96,58684,0.3381682188450416,0.3435700626704137,0.0159738364646482
codex-l,balanced3_syn_topk_eff_rf,0.98,59906,0.3354419121361243,0.3407371032304038,0.0157857169980915
codex-l,balanced3_syn_topk_eff_rf,1.0,61129,0.3299017687130151,0.334842792661744,0.0149772581335478
codex-m,balanced3_syn_topk_eff_rf,0.02,412,0.1492343907527927,0.1932152952761828,0.2947102494373743
codex-m,balanced3_syn_topk_eff_rf,0.04,824,0.1871232122446902,0.2113206084935344,0.129312638226853
codex-m,balanced3_syn_topk_eff_rf,0.06,1236,0.2287573885047769,0.2448967363426321,0.0705522472666195
codex-m,balanced3_syn_topk_eff_rf,0.08,1648,0.2458594879675518,0.2582599112507413,0.0504370337126303
codex-m,balanced3_syn_topk_eff_rf,0.1,2059,0.254615960708945,0.2641516361250284,0.0374512084377294
codex-m,balanced3_syn_topk_eff_rf,0.12,2471,0.2710201940029565,0.2798831927666213,0.0327023556169696
codex-m,balanced3_syn_topk_eff_rf,0.14,2883,0.270305384843893,0.278107688942467,0.0288647749399442
codex-m,balanced3_syn_topk_eff_rf,0.16,3295,0.2690712432094777,0.2765511304704616,0.0277989099532298
codex-m,balanced3_syn_topk_eff_rf,0.18,3707,0.2665922954836866,0.2732187732485582,0.0248562238186551
codex-m,balanced3_syn_topk_eff_rf,0.2,4119,0.2704428199529101,0.2764844202418967,0.0223396586754955
codex-m,balanced3_syn_topk_eff_rf,0.22,4531,0.2728413606619496,0.2790011157113375,0.0225763243316321
codex-m,balanced3_syn_topk_eff_rf,0.24,4943,0.2724444794992443,0.278607874777118,0.0226225735577469
codex-m,balanced3_syn_topk_eff_rf,0.26,5354,0.2711871287796302,0.2771682417451306,0.0220552980977235
codex-m,balanced3_syn_topk_eff_rf,0.28,5766,0.2729286465801872,0.2789566960996829,0.0220865401819394
codex-m,balanced3_syn_topk_eff_rf,0.3,6178,0.2715925539378598,0.2774973989123033,0.0217415569345633
codex-m,balanced3_syn_topk_eff_rf,0.32,6590,0.2722687124544199,0.2782113692148042,0.0218264401620484
codex-m,balanced3_syn_topk_eff_rf,0.34,7002,0.2683930778878711,0.2741556744065042,0.0214707345062028
codex-m,balanced3_syn_topk_eff_rf,0.36,7414,0.2688633680169524,0.2743376426092944,0.0203608049423709
codex-m,balanced3_syn_topk_eff_rf,0.38,7826,0.2693722706418202,0.2747747533729135,0.0200558235568235
codex-m,balanced3_syn_topk_eff_rf,0.4,8238,0.2662126134061076,0.2715673305704796,0.0201144382148541
codex-m,balanced3_syn_topk_eff_rf,0.42,8649,0.2652365568346501,0.2704923401415452,0.0198154559447534
codex-m,balanced3_syn_topk_eff_rf,0.44,9061,0.2660469479584488,0.2712185659092045,0.0194387418853738
codex-m,balanced3_syn_topk_eff_rf,0.46,9473,0.263564327643895,0.2686053901605008,0.0191264977384073
codex-m,balanced3_syn_topk_eff_rf,0.48,9885,0.2627557593923499,0.2674965755685519,0.0180426727359492
codex-m,balanced3_syn_topk_eff_rf,0.5,10297,0.2639139313411618,0.2686137511232655,0.0178081534317648
codex-m,balanced3_syn_topk_eff_rf,0.52,10709,0.2650793937334018,0.2697927813432177,0.0177810411568857
codex-m,balanced3_syn_topk_eff_rf,0.54,11121,0.2676356462268915,0.272367182518332,0.0176790213043194
codex-m,balanced3_syn_topk_eff_rf,0.56,11533,0.2726277257225304,0.2771095009737844,0.0164391763140603
codex-m,balanced3_syn_topk_eff_rf,0.58,11945,0.2815052345711593,0.2860334947424864,0.0160858826594303
codex-m,balanced3_syn_topk_eff_rf,0.6,12356,0.286510917467194,0.2909611632217381,0.0155325521061642
codex-m,balanced3_syn_topk_eff_rf,0.62,12768,0.2898262952480727,0.2940725563027224,0.0146510552157288
codex-m,balanced3_syn_topk_eff_rf,0.64,13180,0.2933564145046119,0.2976180822479463,0.0145272696713689
codex-m,balanced3_syn_topk_eff_rf,0.66,13592,0.2947962028821055,0.2989279943063485,0.0140157552364923
codex-m,balanced3_syn_topk_eff_rf,0.68,14004,0.2969783876615035,0.3009303019309017,0.0133070769914158
codex-m,balanced3_syn_topk_eff_rf,0.7,14416,0.3012959153944321,0.3051428619085761,0.0127680008841404
codex-m,balanced3_syn_topk_eff_rf,0.72,14828,0.3073004100208243,0.3109424587127458,0.0118517534411186
codex-m,balanced3_syn_topk_eff_rf,0.74,15240,0.3103244397075883,0.3139326690547971,0.011627280631228
codex-m,balanced3_syn_topk_eff_rf,0.76,15651,0.3123522604252489,0.3158113840085651,0.0110744310881785
codex-m,balanced3_syn_topk_eff_rf,0.78,16063,0.3153142186483939,0.3185785276979897,0.0103525589920696
codex-m,balanced3_syn_topk_eff_rf,0.8,16475,0.3190939191787775,0.3222829389169078,0.0099939846749119
codex-m,balanced3_syn_topk_eff_rf,0.82,16887,0.3219132557050087,0.3250315589498032,0.0096867811111576
codex-m,balanced3_syn_topk_eff_rf,0.84,17299,0.3268207226728323,0.329835658514373,0.0092250449019379
codex-m,balanced3_syn_topk_eff_rf,0.86,17711,0.3307017552047369,0.3336330990747606,0.0088640106195048
codex-m,balanced3_syn_topk_eff_rf,0.88,18123,0.3337408044082132,0.3366750991148273,0.0087921364959169
codex-m,balanced3_syn_topk_eff_rf,0.9,18535,0.3373893136856283,0.3403072064147273,0.0086484444252961
codex-m,balanced3_syn_topk_eff_rf,0.92,18946,0.340287631774681,0.3431559602014949,0.0084291292394462
codex-m,balanced3_syn_topk_eff_rf,0.94,19358,0.3432588142641101,0.345992347743396,0.0079634764372946
codex-m,balanced3_syn_topk_eff_rf,0.96,19770,0.3438827399899446,0.3464788125258156,0.0075492958324889
codex-m,balanced3_syn_topk_eff_rf,0.98,20182,0.3448351974275184,0.3474349136523852,0.0075390106470014
codex-m,balanced3_syn_topk_eff_rf,1.0,20594,0.3423415349994885,0.3449297847479118,0.0075604315685127
hetionet,balanced3_syn_topk_eff_rf,0.02,9001,0.305955328174713,0.5134058743655121,0.6780419462815708
hetionet,balanced3_syn_topk_eff_rf,0.04,18002,0.3526997935065615,0.5377874395504423,0.5247738996491289
hetionet,balanced3_syn_topk_eff_rf,0.06,27002,0.3965912692693095,0.564429679865007,0.4232024847771549
hetionet,balanced3_syn_topk_eff_rf,0.08,36003,0.4383686591778679,0.5906573468442721,0.3473986665744117
hetionet,balanced3_syn_topk_eff_rf,0.1,45004,0.4744110066103908,0.6126920182920095,0.2914793496669055
hetionet,balanced3_syn_topk_eff_rf,0.12,54005,0.498878462045113,0.6281107596542607,0.2590456542849535
hetionet,balanced3_syn_topk_eff_rf,0.14,63006,0.5147775585154691,0.6350407683138745,0.2336217028287401
hetionet,balanced3_syn_topk_eff_rf,0.16,72006,0.5279655356459425,0.6404001713601869,0.212958286333379
hetionet,balanced3_syn_topk_eff_rf,0.18,81007,0.5405916772572733,0.6459946819151968,0.1949771132117543
hetionet,balanced3_syn_topk_eff_rf,0.2,90008,0.5523250308816219,0.6493763493103297,0.175714141134966
hetionet,balanced3_syn_topk_eff_rf,0.22,99009,0.5658499647292758,0.6539275247011579,0.1556553246654732
hetionet,balanced3_syn_topk_eff_rf,0.24,108010,0.5740148545608579,0.6559779115324247,0.1427890869379531
hetionet,balanced3_syn_topk_eff_rf,0.26,117010,0.5782346809508345,0.6557715822340794,0.1340924434967221
hetionet,balanced3_syn_topk_eff_rf,0.28,126011,0.5802509644651319,0.6535552142963889,0.1263319741292079
hetionet,balanced3_syn_topk_eff_rf,0.3,135012,0.5805946001046259,0.649615814444577,0.1188802209450676
hetionet,balanced3_syn_topk_eff_rf,0.32,144013,0.5791501564702359,0.6446132624704851,0.1130330455217851
hetionet,balanced3_syn_topk_eff_rf,0.34,153014,0.5775342093198217,0.6392539184676446,0.1068676247256623
hetionet,balanced3_syn_topk_eff_rf,0.36,162014,0.5767475388007363,0.6352781418081281,0.1014839233282172
hetionet,balanced3_syn_topk_eff_rf,0.38,171015,0.576117891737016,0.631702146449528,0.0964806952009831
hetionet,balanced3_syn_topk_eff_rf,0.4,180016,0.5747351404770791,0.6275712520811376,0.0919312355952344
hetionet,balanced3_syn_topk_eff_rf,0.42,189017,0.573538366002589,0.6238000056290833,0.0876343111565574
hetionet,balanced3_syn_topk_eff_rf,0.44,198018,0.5700519174387454,0.617962167715303,0.084045415533061
hetionet,balanced3_syn_topk_eff_rf,0.46,207018,0.5657830680358572,0.6114521139201373,0.0807182972845448
hetionet,balanced3_syn_topk_eff_rf,0.48,216019,0.5610888820321774,0.604789744961785,0.0778858115515133
hetionet,balanced3_syn_topk_eff_rf,0.5,225020,0.5553071517357092,0.5972763971981979,0.0755784349819852
hetionet,balanced3_syn_topk_eff_rf,0.52,234021,0.5499660104189446,0.5901195613582579,0.0730109682755226
hetionet,balanced3_syn_topk_eff_rf,0.54,243022,0.5427719225068941,0.5812942946447761,0.070973406214454
hetionet,balanced3_syn_topk_eff_rf,0.56,252022,0.5378454976489241,0.5747589088161621,0.0686319980897804
hetionet,balanced3_syn_topk_eff_rf,0.58,261023,0.5318742323987359,0.5673725524626709,0.0667419436806306
hetionet,balanced3_syn_topk_eff_rf,0.6,270024,0.5227329065876699,0.5570360259075077,0.0656226514297022
hetionet,balanced3_syn_topk_eff_rf,0.62,279025,0.5125494661448022,0.5457389149612375,0.0647536501521959
hetionet,balanced3_syn_topk_eff_rf,0.64,288026,0.5015884370281407,0.5337099591829473,0.0640395985703403
hetionet,balanced3_syn_topk_eff_rf,0.66,297026,0.490938348910632,0.5220674160726315,0.0634072836865837
hetionet,balanced3_syn_topk_eff_rf,0.68,306027,0.480876601160806,0.5110812444119267,0.0628116302149213
hetionet,balanced3_syn_topk_eff_rf,0.7,315028,0.4709771229959414,0.5003183839282844,0.0622986966876433
hetionet,balanced3_syn_topk_eff_rf,0.72,324029,0.4616756300216674,0.4902106575942747,0.0618075239779671
hetionet,balanced3_syn_topk_eff_rf,0.74,333030,0.4527934953692372,0.4805408144118243,0.0612802951596291
hetionet,balanced3_syn_topk_eff_rf,0.76,342030,0.4443318190690709,0.4713048288709189,0.0607046550444208
hetionet,balanced3_syn_topk_eff_rf,0.78,351031,0.4357770927576745,0.4620446409073631,0.0602774872434501
hetionet,balanced3_syn_topk_eff_rf,0.8,360032,0.4278263866226354,0.4533890892839515,0.05975017778383
hetionet,balanced3_syn_topk_eff_rf,0.82,369033,0.4204891339011972,0.4453556567060791,0.0591371353028227
hetionet,balanced3_syn_topk_eff_rf,0.84,378034,0.4135139200841466,0.4377175967529079,0.0585317095584982
hetionet,balanced3_syn_topk_eff_rf,0.86,387034,0.4071438121836883,0.4306229787986356,0.057667993255303
hetionet,balanced3_syn_topk_eff_rf,0.88,396035,0.4001272658612831,0.4228961562928663,0.0569041211989707
hetionet,balanced3_syn_topk_eff_rf,0.9,405036,0.3933803939551427,0.41550403718628,0.0562398217376844
hetionet,balanced3_syn_topk_eff_rf,0.92,414037,0.3871363090384001,0.408548132032543,0.0553082273458858
hetionet,balanced3_syn_topk_eff_rf,0.94,423038,0.3814776345908379,0.4021998138426538,0.0543208234842964
hetionet,balanced3_syn_topk_eff_rf,0.96,432038,0.3762091602922926,0.3961120393335426,0.0529037597749788
hetionet,balanced3_syn_topk_eff_rf,0.98,441039,0.3708304974059913,0.3898586588484884,0.0513122884325902
hetionet,balanced3_syn_topk_eff_rf,1.0,450040,0.3731884548334995,0.3903218979298271,0.0459109677012161
FB15k-237,balanced2_syn_topk_rf,0.02,816,0.2375123863865114,0.2701563338349003,0.1374410317921963
FB15k-237,balanced2_syn_topk_rf,0.04,1633,0.2628935528931482,0.2927276691073695,0.1134836358134168
FB15k-237,balanced2_syn_topk_rf,0.06,2449,0.2625303818755917,0.2879141907498178,0.0966890334477745
FB15k-237,balanced2_syn_topk_rf,0.08,3266,0.2554575023320289,0.2783940256648595,0.0897860627440843
FB15k-237,balanced2_syn_topk_rf,0.1,4082,0.2625316339060938,0.281565290370208,0.0725004304468788
FB15k-237,balanced2_syn_topk_rf,0.12,4898,0.2648423002724962,0.2825854661626346,0.0669952113838401
FB15k-237,balanced2_syn_topk_rf,0.14,5715,0.2694145206188063,0.2861684638490412,0.0621864893983947
FB15k-237,balanced2_syn_topk_rf,0.16,6531,0.2709136611143889,0.2874345563651369,0.0609821416269307
FB15k-237,balanced2_syn_topk_rf,0.18,7347,0.2772673042202321,0.2936703293120346,0.0591596082269174
FB15k-237,balanced2_syn_topk_rf,0.2,8164,0.2805625496578321,0.2961799075215426,0.0556644423240275
FB15k-237,balanced2_syn_topk_rf,0.22,8980,0.2823015646554248,0.2971251419389446,0.0525097241370708
FB15k-237,balanced2_syn_topk_rf,0.24,9797,0.2854186466006658,0.2992133840326184,0.0483315914928745
FB15k-237,balanced2_syn_topk_rf,0.26,10613,0.284580002085296,0.2976487267837035,0.0459228498230541
FB15k-237,balanced2_syn_topk_rf,0.28,11429,0.2871766491493558,0.2998783885565512,0.0442297082468898
FB15k-237,balanced2_syn_topk_rf,0.3,12246,0.2882358161142018,0.3003075459882293,0.0418814359602157
FB15k-237,balanced2_syn_topk_rf,0.32,13062,0.2922765474807582,0.3038373139070239,0.0395542048307064
FB15k-237,balanced2_syn_topk_rf,0.34,13878,0.2945673860952074,0.3050435242016704,0.0355644874516998
FB15k-237,balanced2_syn_topk_rf,0.36,14695,0.2987397894976155,0.3085415459753495,0.0328103480765564
FB15k-237,balanced2_syn_topk_rf,0.38,15511,0.2982674379201914,0.3076136673486424,0.031335064577018
FB15k-237,balanced2_syn_topk_rf,0.4,16328,0.2980743029660548,0.3069580361471964,0.0298037539390079
FB15k-237,balanced2_syn_topk_rf,0.42,17144,0.2947266767831556,0.3032088935093643,0.0287799422121854
FB15k-237,balanced2_syn_topk_rf,0.44,17960,0.2919271252003095,0.2998921905192352,0.0272844303641206
FB15k-237,balanced2_syn_topk_rf,0.46,18777,0.28988055905934,0.2974740418772403,0.0261952124093491
FB15k-237,balanced2_syn_topk_rf,0.48,19593,0.2921846018440874,0.299401006807121,0.0246981015340581
FB15k-237,balanced2_syn_topk_rf,0.5,20410,0.2946521898970672,0.3016410364302748,0.0237189702735587
FB15k-237,balanced2_syn_topk_rf,0.52,21226,0.2992328254795334,0.3059611668794568,0.022485305177134
FB15k-237,balanced2_syn_topk_rf,0.54,22042,0.3036356475491482,0.3101403107490687,0.0214225939952179
FB15k-237,balanced2_syn_topk_rf,0.56,22859,0.3065328332147385,0.3127606465601878,0.0203169535874365
FB15k-237,balanced2_syn_topk_rf,0.58,23675,0.3119513958193762,0.3179683203768709,0.01928801934574
FB15k-237,balanced2_syn_topk_rf,0.6,24491,0.3190061947379534,0.3247925384691283,0.0181386563227341
FB15k-237,balanced2_syn_topk_rf,0.62,25308,0.322410842410724,0.3280122225234505,0.0173734235202636
FB15k-237,balanced2_syn_topk_rf,0.64,26124,0.3267496958220743,0.3321952296803274,0.0166657656545101
FB15k-237,balanced2_syn_topk_rf,0.66,26941,0.3308252583734477,0.3361036122241316,0.0159551113981915
FB15k-237,balanced2_syn_topk_rf,0.68,27757,0.3323774589623132,0.3374941019635309,0.0153940734043516
FB15k-237,balanced2_syn_topk_rf,0.7,28573,0.3366320538279779,0.3416024097341559,0.0147649513754204
FB15k-237,balanced2_syn_topk_rf,0.72,29390,0.336842701958576,0.3416606981303429,0.0143034007973235
FB15k-237,balanced2_syn_topk_rf,0.74,30206,0.3382327814634675,0.3429212077182246,0.0138615371179315
FB15k-237,balanced2_syn_topk_rf,0.76,31022,0.3405817226078071,0.3451254551053626,0.0133410931824657
FB15k-237,balanced2_syn_topk_rf,0.78,31839,0.3419432081164117,0.3463761272116745,0.0129639045023921
FB15k-237,balanced2_syn_topk_rf,0.8,32655,0.3409226040601555,0.3452589831114078,0.0127195410325071
FB15k-237,balanced2_syn_topk_rf,0.82,33472,0.3422887675302372,0.3465165571716049,0.012351529008308
FB15k-237,balanced2_syn_topk_rf,0.84,34288,0.3436940397462958,0.3478230780035505,0.0120137034098777
FB15k-237,balanced2_syn_topk_rf,0.86,35104,0.345125663138313,0.3491586855622405,0.0116856636717601
FB15k-237,balanced2_syn_topk_rf,0.88,35921,0.3476500684410725,0.3515910508128882,0.0113360609692609
FB15k-237,balanced2_syn_topk_rf,0.9,36737,0.349025145332565,0.3528765273637262,0.0110346835540786
FB15k-237,balanced2_syn_topk_rf,0.92,37553,0.3505135093097416,0.3542970465958653,0.0107942695092539
FB15k-237,balanced2_syn_topk_rf,0.94,38370,0.3520194550060597,0.355722535413378,0.0105195333799223
FB15k-237,balanced2_syn_topk_rf,0.96,39186,0.3536856654050438,0.3573141188709426,0.0102589780158137
FB15k-237,balanced2_syn_topk_rf,0.98,40003,0.3539963546050975,0.3574260534629603,0.0096885146223861
FB15k-237,balanced2_syn_topk_rf,1.0,40819,0.3528119855172369,0.3560530550713822,0.0091863930002087
KG20C,balanced2_syn_topk_rf,0.02,149,0.1494414930844127,0.1877381674127255,0.2562653352685706
KG20C,balanced2_syn_topk_rf,0.04,298,0.1844457605553001,0.2057646499730411,0.1155835154657793
KG20C,balanced2_syn_topk_rf,0.06,447,0.1918460855183819,0.2129920104696685,0.110223385033626
KG20C,balanced2_syn_topk_rf,0.08,596,0.2032971262672788,0.2252421639146062,0.1079456362726729
KG20C,balanced2_syn_topk_rf,0.1,745,0.1936268361319745,0.2147779482138235,0.1092364700285275
KG20C,balanced2_syn_topk_rf,0.12,894,0.2001281023648859,0.218706911859965,0.0928345858254582
KG20C,balanced2_syn_topk_rf,0.14,1043,0.1922318519934989,0.2097308135323059,0.0910304996666151
KG20C,balanced2_syn_topk_rf,0.16,1192,0.1876120592422871,0.2036221714334239,0.0853362638617005
KG20C,balanced2_syn_topk_rf,0.18,1341,0.1844247821048111,0.2007798252225162,0.0886813742223118
KG20C,balanced2_syn_topk_rf,0.2,1490,0.1803739709646974,0.195552825895379,0.0841521359733907
KG20C,balanced2_syn_topk_rf,0.22,1639,0.181422343737459,0.1953389002381685,0.0767080626014209
KG20C,balanced2_syn_topk_rf,0.24,1788,0.1825264992883846,0.1961649019433698,0.0747201239719013
KG20C,balanced2_syn_topk_rf,0.26,1936,0.1848700486554471,0.1979751186282057,0.0708880106219003
KG20C,balanced2_syn_topk_rf,0.28,2085,0.1838710253845633,0.1966630320407409,0.0695705407060369
KG20C,balanced2_syn_topk_rf,0.3,2234,0.1802469884809023,0.1930522932739443,0.071043099809674
KG20C,balanced2_syn_topk_rf,0.32,2383,0.1768984496637693,0.1893382208929326,0.0703215390118316
KG20C,balanced2_syn_topk_rf,0.34,2532,0.1744523612236724,0.1869076129744789,0.0713962921650406
KG20C,balanced2_syn_topk_rf,0.36,2681,0.1727325042109995,0.184460553386342,0.0678971756295285
KG20C,balanced2_syn_topk_rf,0.38,2830,0.1703136674027639,0.1819683715271115,0.0684308212140494
KG20C,balanced2_syn_topk_rf,0.4,2979,0.1706614010355772,0.1825711153658639,0.0697856355216726
KG20C,balanced2_syn_topk_rf,0.42,3128,0.1722884174229026,0.1837996519078207,0.0668137455616786
KG20C,balanced2_syn_topk_rf,0.44,3277,0.1698185450973847,0.1813928068815375,0.0681566420058263
KG20C,balanced2_syn_topk_rf,0.46,3426,0.1700132140678818,0.181261585569478,0.0661617484456529
KG20C,balanced2_syn_topk_rf,0.48,3575,0.1698849715546804,0.1808588701486576,0.0645960528088565
KG20C,balanced2_syn_topk_rf,0.5,3724,0.169311165740595,0.1796451162066116,0.0610352567169103
KG20C,balanced2_syn_topk_rf,0.52,3873,0.1699315249038066,0.1805696725116709,0.0626025548460544
KG20C,balanced2_syn_topk_rf,0.54,4022,0.1705277983155322,0.1814743097819196,0.0641919474391661
KG20C,balanced2_syn_topk_rf,0.56,4171,0.1694836650485645,0.1800574808604172,0.0623884066279949
KG20C,balanced2_syn_topk_rf,0.58,4320,0.172422629614347,0.1827948272325973,0.0601556631020505
KG20C,balanced2_syn_topk_rf,0.6,4469,0.175029954717857,0.185938430290509,0.0623234782311179
KG20C,balanced2_syn_topk_rf,0.62,4618,0.1770332691969377,0.1875576729458253,0.0594487341087279
KG20C,balanced2_syn_topk_rf,0.64,4767,0.1781306965089442,0.1885229673562843,0.0583407074188269
KG20C,balanced2_syn_topk_rf,0.66,4916,0.1797795433778941,0.190275809753979,0.0583840974277143
KG20C,balanced2_syn_topk_rf,0.68,5065,0.1863256254217747,0.1963790769174621,0.0539563544892442
KG20C,balanced2_syn_topk_rf,0.7,5214,0.1911609154119329,0.2007370585290856,0.05009467074646
KG20C,balanced2_syn_topk_rf,0.72,5363,0.1922312214937231,0.2017250972043905,0.049387792663937
KG20C,balanced2_syn_topk_rf,0.74,5512,0.1972758255878156,0.2063404103147183,0.0459487861723211
KG20C,balanced2_syn_topk_rf,0.76,5660,0.1993498272007581,0.2081965981168979,0.0443781218191403
KG20C,balanced2_syn_topk_rf,0.78,5809,0.2029520478267629,0.2116361227514366,0.0427888016783466
KG20C,balanced2_syn_topk_rf,0.8,5958,0.2047526047639517,0.2132833002185626,0.0416634282354817
KG20C,balanced2_syn_topk_rf,0.82,6107,0.2099377827704612,0.2184549011399189,0.0405697262163147
KG20C,balanced2_syn_topk_rf,0.84,6256,0.2127721866926155,0.2211238095119788,0.0392514780676132
KG20C,balanced2_syn_topk_rf,0.86,6405,0.2172000108407271,0.2254837250244599,0.0381386453512069
KG20C,balanced2_syn_topk_rf,0.88,6554,0.2199906172556313,0.2281441999447499,0.0370633202035342
KG20C,balanced2_syn_topk_rf,0.9,6703,0.220041002163893,0.2280434997701584,0.0363682110496152
KG20C,balanced2_syn_topk_rf,0.92,6852,0.2239254301715146,0.2317977123832714,0.0351558204252508
KG20C,balanced2_syn_topk_rf,0.94,7001,0.2266439590170298,0.234510035809279,0.0347067569167296
KG20C,balanced2_syn_topk_rf,0.96,7150,0.2285699661449585,0.2362693065819705,0.0336848299313705
KG20C,balanced2_syn_topk_rf,0.98,7299,0.227727891807385,0.2353691581153697,0.0335543716113957
KG20C,balanced2_syn_topk_rf,1.0,7448,0.2263807403572204,0.2339867495060782,0.03359830494792
WN18RR,balanced2_syn_topk_rf,0.02,121,0.4761838813096015,0.4865161309646025,0.0216980247768683
WN18RR,balanced2_syn_topk_rf,0.04,242,0.4853690140481455,0.499790352155452,0.0297121111770763
WN18RR,balanced2_syn_topk_rf,0.06,363,0.440252699354083,0.4506608358351519,0.0236412780576682
WN18RR,balanced2_syn_topk_rf,0.08,484,0.4090739054433016,0.4190851372376047,0.0244729171455078
WN18RR,balanced2_syn_topk_rf,0.1,606,0.392206399994595,0.4009639346413947,0.0223288927639129
WN18RR,balanced2_syn_topk_rf,0.12,727,0.3660870734745569,0.3727260182967651,0.0181348791127682
WN18RR,balanced2_syn_topk_rf,0.14,848,0.3611767837216691,0.3678170610473997,0.0183851167212556
WN18RR,balanced2_syn_topk_rf,0.16,969,0.3555847451278353,0.3617127518659389,0.0172336041466023
WN18RR,balanced2_syn_topk_rf,0.18,1090,0.3463814413285283,0.3525540997815755,0.0178204075523571
WN18RR,balanced2_syn_topk_rf,0.2,1211,0.3434131456856599,0.3492223532074464,0.0169160895404505
WN18RR,balanced2_syn_topk_rf,0.22,1332,0.3403380243229464,0.3459507936372785,0.0164917491235305
WN18RR,balanced2_syn_topk_rf,0.24,1453,0.3363232733730987,0.3419170083380744,0.0166320186791542
WN18RR,balanced2_syn_topk_rf,0.26,1574,0.3304767428628239,0.335928173127985,0.0164956547862851
WN18RR,balanced2_syn_topk_rf,0.28,1695,0.3230672403312224,0.3283231098277888,0.0162686550675263
WN18RR,balanced2_syn_topk_rf,0.3,1816,0.3136516333522246,0.3185398813345974,0.0155849594345436
WN18RR,balanced2_syn_topk_rf,0.32,1938,0.3073283116501719,0.3120656344489371,0.0154145342917757
WN18RR,balanced2_syn_topk_rf,0.34,2059,0.3003606438229197,0.304816890633984,0.0148363206122685
WN18RR,balanced2_syn_topk_rf,0.36,2180,0.294486740341281,0.2988924376435857,0.0149605965185357
WN18RR,balanced2_syn_topk_rf,0.38,2301,0.2849237669259911,0.289156376438642,0.0148552349925594
WN18RR,balanced2_syn_topk_rf,0.4,2422,0.2801004277220255,0.2841864116369768,0.0145875675670379
WN18RR,balanced2_syn_topk_rf,0.42,2543,0.2749422115740959,0.2789323924791357,0.0145127984611579
WN18RR,balanced2_syn_topk_rf,0.44,2664,0.2705934421504907,0.2746089567782676,0.0148396598079549
WN18RR,balanced2_syn_topk_rf,0.46,2785,0.2649932797022631,0.2689453757811529,0.0149139483209921
WN18RR,balanced2_syn_topk_rf,0.48,2906,0.2587847553730797,0.26265894740474,0.0149707119574142
WN18RR,balanced2_syn_topk_rf,0.5,3028,0.2556749717839539,0.2594451197914034,0.0147458626127678
WN18RR,balanced2_syn_topk_rf,0.52,3149,0.2485125802778734,0.2522360040927097,0.0149828383362842
WN18RR,balanced2_syn_topk_rf,0.54,3270,0.2435755446461912,0.2472466708136355,0.0150718175454636
WN18RR,balanced2_syn_topk_rf,0.56,3391,0.2431538786946534,0.2464717824723319,0.0136452841940679
WN18RR,balanced2_syn_topk_rf,0.58,3512,0.2404442495165971,0.2436222077723394,0.0132170274902874
WN18RR,balanced2_syn_topk_rf,0.6,3633,0.2439783177842537,0.2473625103867406,0.0138708744007303
WN18RR,balanced2_syn_topk_rf,0.62,3754,0.2501113676739966,0.2534474920635522,0.0133385556225655
WN18RR,balanced2_syn_topk_rf,0.64,3875,0.2606614142109881,0.2639137263451618,0.0124771521861735
WN18RR,balanced2_syn_topk_rf,0.66,3996,0.2784144324911405,0.2814063683872581,0.0107463390792887
WN18RR,balanced2_syn_topk_rf,0.68,4117,0.2980174813276396,0.3009224057516761,0.0097474967276931
WN18RR,balanced2_syn_topk_rf,0.7,4238,0.3179738381825491,0.3207958235184995,0.0088748978597741
WN18RR,balanced2_syn_topk_rf,0.72,4360,0.3363208182665853,0.3390672830056413,0.0081662049742012
WN18RR,balanced2_syn_topk_rf,0.74,4481,0.3540866017938308,0.3567589040170587,0.0075470300477051
WN18RR,balanced2_syn_topk_rf,0.76,4602,0.3708466478920594,0.3734595509306036,0.0070457776911192
WN18RR,balanced2_syn_topk_rf,0.78,4723,0.3869591989288568,0.3895051611950819,0.0065794075273895
WN18RR,balanced2_syn_topk_rf,0.8,4844,0.4018188909561235,0.4042914262029777,0.0061533574018155
WN18RR,balanced2_syn_topk_rf,0.82,4965,0.4163903360991817,0.4188026141929908,0.0057933095095523
WN18RR,balanced2_syn_topk_rf,0.84,5086,0.4301446403075725,0.4324999981324348,0.005475734448715
WN18RR,balanced2_syn_topk_rf,0.86,5207,0.4427795653158783,0.445085472699379,0.0052077999169986
WN18RR,balanced2_syn_topk_rf,0.88,5328,0.4543690618995195,0.4566443253158603,0.005007522754364
WN18RR,balanced2_syn_topk_rf,0.9,5450,0.4660879835251653,0.4683228026972429,0.0047948440017162
WN18RR,balanced2_syn_topk_rf,0.92,5571,0.4774992008376622,0.479685480587765,0.0045786039982211
WN18RR,balanced2_syn_topk_rf,0.94,5692,0.4886006789022424,0.4907404829232935,0.004379453638621
WN18RR,balanced2_syn_topk_rf,0.96,5813,0.4987927994752498,0.5009185542726909,0.0042617992875548
WN18RR,balanced2_syn_topk_rf,0.98,5934,0.508596579356666,0.5106292261417902,0.0039965797404601
WN18RR,balanced2_syn_topk_rf,1.0,6055,0.5112021246888968,0.5133269561687425,0.0041565388272568
YAGO3-10,balanced2_syn_topk_rf,0.02,200,0.4202495951642295,0.5079545743183982,0.20869735548441
YAGO3-10,balanced2_syn_topk_rf,0.04,399,0.4738762438814283,0.5366749506214169,0.1325213229209731
YAGO3-10,balanced2_syn_topk_rf,0.06,598,0.4592442366292369,0.5185086451025619,0.1290476912858269
YAGO3-10,balanced2_syn_topk_rf,0.08,798,0.4728623100932002,0.5343092050735869,0.1299466962555668
YAGO3-10,balanced2_syn_topk_rf,0.1,998,0.4697601323288548,0.5359030625666379,0.1408014977981992
YAGO3-10,balanced2_syn_topk_rf,0.12,1197,0.4876791982449545,0.5555475573935201,0.1391659914813021
YAGO3-10,balanced2_syn_topk_rf,0.14,1397,0.4955713715493018,0.5616610468664972,0.1333605593692379
YAGO3-10,balanced2_syn_topk_rf,0.16,1596,0.5058120808354687,0.5681396750957143,0.1232228264641224
YAGO3-10,balanced2_syn_topk_rf,0.18,1796,0.5197943186855228,0.5759998592817481,0.1081303480545154
YAGO3-10,balanced2_syn_topk_rf,0.2,1995,0.5316505444478672,0.5843960592937265,0.0992108733766781
YAGO3-10,balanced2_syn_topk_rf,0.22,2194,0.5374483292504186,0.5865804153374776,0.0914173203507464
YAGO3-10,balanced2_syn_topk_rf,0.24,2394,0.5452109062215545,0.5930270954608555,0.087702187710585
YAGO3-10,balanced2_syn_topk_rf,0.26,2594,0.5468760420120122,0.5923431096189037,0.0831396223531999
YAGO3-10,balanced2_syn_topk_rf,0.28,2793,0.546419468764381,0.5925140223963419,0.0843574511285158
YAGO3-10,balanced2_syn_topk_rf,0.3,2992,0.5434743892011493,0.5880327088317596,0.081987892191399
YAGO3-10,balanced2_syn_topk_rf,0.32,3192,0.5390091076806043,0.5833498536310701,0.0822634447519212
YAGO3-10,balanced2_syn_topk_rf,0.34,3392,0.5335002529478622,0.5771986858070439,0.0819089262239811
YAGO3-10,balanced2_syn_topk_rf,0.36,3591,0.5303556219782306,0.5736035713900778,0.0815451889630809
YAGO3-10,balanced2_syn_topk_rf,0.38,3790,0.5276245564394524,0.5697714639509317,0.0798804888762145
YAGO3-10,balanced2_syn_topk_rf,0.4,3990,0.5295233131896924,0.5692502144519606,0.0750238946477446
YAGO3-10,balanced2_syn_topk_rf,0.42,4190,0.5366965064815069,0.5742559517487725,0.0699826527910514
YAGO3-10,balanced2_syn_topk_rf,0.44,4389,0.5419208397885388,0.5779798390550733,0.0665392371339788
YAGO3-10,balanced2_syn_topk_rf,0.46,4588,0.5500531195830826,0.5849311485179539,0.0634084740057605
YAGO3-10,balanced2_syn_topk_rf,0.48,4788,0.5562388762169236,0.590482710975483,0.0615631812566888
YAGO3-10,balanced2_syn_topk_rf,0.5,4988,0.5616787377755543,0.5943948052305362,0.0582469394952513
YAGO3-10,balanced2_syn_topk_rf,0.52,5187,0.5656211808820805,0.5981390843651381,0.0574906042810248
YAGO3-10,balanced2_syn_topk_rf,0.54,5386,0.5693715207941156,0.6011970395608741,0.0558958739670905
YAGO3-10,balanced2_syn_topk_rf,0.56,5586,0.571657197371896,0.6029396690475939,0.0547224312394107
YAGO3-10,balanced2_syn_topk_rf,0.58,5786,0.571693866114898,0.6020940743095694,0.0531756766978528
YAGO3-10,balanced2_syn_topk_rf,0.6,5985,0.576312015797069,0.6060092685839317,0.0515298171352367
YAGO3-10,balanced2_syn_topk_rf,0.62,6184,0.5780849995236471,0.6070024113728282,0.0500227680583471
YAGO3-10,balanced2_syn_topk_rf,0.64,6384,0.5767623359648341,0.604970080069487,0.0489070494824628
YAGO3-10,balanced2_syn_topk_rf,0.66,6584,0.5788698089213956,0.6063867164010753,0.0475355719983943
YAGO3-10,balanced2_syn_topk_rf,0.68,6783,0.5811962787603756,0.607741270493027,0.0456730242479679
YAGO3-10,balanced2_syn_topk_rf,0.7,6982,0.5822780017383968,0.6080655955195933,0.0442874257729251
YAGO3-10,balanced2_syn_topk_rf,0.72,7182,0.5789469376893733,0.6042219785588278,0.0436569212548723
YAGO3-10,balanced2_syn_topk_rf,0.74,7382,0.5769012331666722,0.6014473507289684,0.0425482147569002
YAGO3-10,balanced2_syn_topk_rf,0.76,7581,0.574930163531901,0.5989277109014655,0.0417399345029023
YAGO3-10,balanced2_syn_topk_rf,0.78,7780,0.5757366320636977,0.5991276438264675,0.0406279719928988
YAGO3-10,balanced2_syn_topk_rf,0.8,7980,0.5732518274125453,0.5961571543950269,0.0399568320363985
YAGO3-10,balanced2_syn_topk_rf,0.82,8179,0.5700431234114371,0.5925628990674457,0.0395053895593695
YAGO3-10,balanced2_syn_topk_rf,0.84,8379,0.5655017857817461,0.5875017335351417,0.0389034098680749
YAGO3-10,balanced2_syn_topk_rf,0.86,8578,0.5651076622454012,0.5866319561705079,0.0380888375138677
YAGO3-10,balanced2_syn_topk_rf,0.88,8778,0.5682533688008314,0.5894654881288668,0.0373286292570489
YAGO3-10,balanced2_syn_topk_rf,0.9,8978,0.570144210501401,0.5909656861933019,0.0365196652152093
YAGO3-10,balanced2_syn_topk_rf,0.92,9177,0.5742017628772194,0.5946576614150697,0.0356249316187216
YAGO3-10,balanced2_syn_topk_rf,0.94,9376,0.5704558731209208,0.590495036985041,0.0351283329847889
YAGO3-10,balanced2_syn_topk_rf,0.96,9576,0.5632747872516959,0.582893999044595,0.0348306230581068
YAGO3-10,balanced2_syn_topk_rf,0.98,9776,0.5653999160411921,0.5845156548655884,0.0338092353430834
YAGO3-10,balanced2_syn_topk_rf,1.0,9975,0.561672321790585,0.5802260659200453,0.0330330397451521
codex-l,balanced2_syn_topk_rf,0.02,1223,0.2904882108969268,0.3421707341113354,0.1779160780908488
codex-l,balanced2_syn_topk_rf,0.04,2445,0.3106636424516796,0.3470352799246162,0.1170772259859593
codex-l,balanced2_syn_topk_rf,0.06,3668,0.3303342948294144,0.3601768472626866,0.0903404608615736
codex-l,balanced2_syn_topk_rf,0.08,4890,0.3622558043410268,0.3903155240169781,0.0774583025025485
codex-l,balanced2_syn_topk_rf,0.1,6113,0.3755966827363324,0.4007419745873764,0.0669475876832914
codex-l,balanced2_syn_topk_rf,0.12,7335,0.388649553430056,0.4112679614046049,0.0581974371896956
codex-l,balanced2_syn_topk_rf,0.14,8558,0.3991070687204346,0.4203447875006376,0.0532130860229875
codex-l,balanced2_syn_topk_rf,0.16,9781,0.3946420195179031,0.4141205231336515,0.049357398990466
codex-l,balanced2_syn_topk_rf,0.18,11003,0.3892361533787819,0.407315038223157,0.0464470853682028
codex-l,balanced2_syn_topk_rf,0.2,12226,0.3756686115865985,0.3928189481226465,0.0456528333938131
codex-l,balanced2_syn_topk_rf,0.22,13448,0.3684855123656788,0.3846890029624601,0.0439732094017886
codex-l,balanced2_syn_topk_rf,0.24,14671,0.3651119155978826,0.3805773568249206,0.0423580841006323
codex-l,balanced2_syn_topk_rf,0.26,15894,0.3651818133900475,0.3794947219569548,0.0391939248946655
codex-l,balanced2_syn_topk_rf,0.28,17116,0.3614649870879962,0.3751763806863072,0.0379328402144054
codex-l,balanced2_syn_topk_rf,0.3,18339,0.359678250759942,0.3723813769422354,0.0353180270295847
codex-l,balanced2_syn_topk_rf,0.32,19561,0.3598763644198687,0.37191747292611,0.033459014530315
codex-l,balanced2_syn_topk_rf,0.34,20784,0.3561873376165054,0.3676764249214067,0.0322557432327117
codex-l,balanced2_syn_topk_rf,0.36,22006,0.3523655671691757,0.3633243223251564,0.0311005279091847
codex-l,balanced2_syn_topk_rf,0.38,23229,0.3461927620282793,0.3565901470180819,0.0300335134937146
codex-l,balanced2_syn_topk_rf,0.4,24452,0.3404229243355959,0.3504447622094434,0.0294393742530916
codex-l,balanced2_syn_topk_rf,0.42,25674,0.3340525882560451,0.3437311060281146,0.0289730363192131
codex-l,balanced2_syn_topk_rf,0.44,26897,0.3296991143866596,0.3389827279645824,0.0281578359565604
codex-l,balanced2_syn_topk_rf,0.46,28119,0.3275498680457375,0.3366587264862525,0.0278090737598559
codex-l,balanced2_syn_topk_rf,0.48,29342,0.3243447496380693,0.333333306658837,0.0277129721717335
codex-l,balanced2_syn_topk_rf,0.5,30564,0.3229473245088504,0.3316852767178818,0.0270568961124553
codex-l,balanced2_syn_topk_rf,0.52,31787,0.3215046173183386,0.3301931775308453,0.0270246825223778
codex-l,balanced2_syn_topk_rf,0.54,33010,0.3217969607150051,0.3302491692796975,0.0262656569096002
codex-l,balanced2_syn_topk_rf,0.56,34232,0.3237666240776856,0.3318997265057314,0.0251202620134631
codex-l,balanced2_syn_topk_rf,0.58,35455,0.323964605124152,0.332010567243235,0.0248359295794045
codex-l,balanced2_syn_topk_rf,0.6,36677,0.3244762923164578,0.3322646325337523,0.0240028020589515
codex-l,balanced2_syn_topk_rf,0.62,37900,0.3264473840250091,0.3340033482242137,0.0231460399714085
codex-l,balanced2_syn_topk_rf,0.64,39123,0.3295613022015631,0.3369592482698111,0.0224478602882909
codex-l,balanced2_syn_topk_rf,0.66,40345,0.3312349976101466,0.3385129700241444,0.0219722326037652
codex-l,balanced2_syn_topk_rf,0.68,41568,0.3338386419502581,0.3409467964235638,0.0212921860446724
codex-l,balanced2_syn_topk_rf,0.7,42790,0.3333581238788478,0.3403283627538204,0.0209091615763525
codex-l,balanced2_syn_topk_rf,0.72,44013,0.334129079361081,0.3409691545677532,0.0204713556202642
codex-l,balanced2_syn_topk_rf,0.74,45235,0.3342148481561235,0.3409675158946303,0.0202045713281784
codex-l,balanced2_syn_topk_rf,0.76,46458,0.3341591576686312,0.3408364711104113,0.0199824343835628
codex-l,balanced2_syn_topk_rf,0.78,47681,0.3342799390970247,0.3408355353814439,0.0196110969211242
codex-l,balanced2_syn_topk_rf,0.8,48903,0.3348640333450126,0.3412834373283361,0.0191701805631347
codex-l,balanced2_syn_topk_rf,0.82,50126,0.3353726326534617,0.3417208732621263,0.0189289166454564
codex-l,balanced2_syn_topk_rf,0.84,51348,0.3368385119602899,0.3430611082799699,0.0184735298926079
codex-l,balanced2_syn_topk_rf,0.86,52571,0.3367126298479579,0.3428059846116137,0.0180966029293501
codex-l,balanced2_syn_topk_rf,0.88,53794,0.3395175481711981,0.3455281085882328,0.0177032393448008
codex-l,balanced2_syn_topk_rf,0.9,55016,0.342604785326912,0.3484962643103876,0.017196137461577
codex-l,balanced2_syn_topk_rf,0.92,56239,0.3419245732454308,0.3476818669596853,0.0168379056808003
codex-l,balanced2_syn_topk_rf,0.94,57461,0.3400470375020425,0.3456555235078525,0.016493265305322
codex-l,balanced2_syn_topk_rf,0.96,58684,0.3361901333514953,0.341685912228489,0.0163472342933033
codex-l,balanced2_syn_topk_rf,0.98,59906,0.3354138300381384,0.3407530555626039,0.0159183225207451
codex-l,balanced2_syn_topk_rf,1.0,61129,0.3299017687130151,0.334842792661744,0.0149772581335478
codex-m,balanced2_syn_topk_rf,0.02,412,0.1973187305751953,0.2389655390530335,0.211063634741798
codex-m,balanced2_syn_topk_rf,0.04,824,0.2316901776929607,0.2526759570664788,0.0905769056870797
codex-m,balanced2_syn_topk_rf,0.06,1236,0.249123781334426,0.2646164807350897,0.0621887614168243
codex-m,balanced2_syn_topk_rf,0.08,1648,0.270741055844528,0.2824255024199991,0.0431572763836041
codex-m,balanced2_syn_topk_rf,0.1,2059,0.2756670461154847,0.287334550087248,0.0423246236217709
codex-m,balanced2_syn_topk_rf,0.12,2471,0.2820565528393415,0.2922739784398817,0.0362247410942442
codex-m,balanced2_syn_topk_rf,0.14,2883,0.2814264683890732,0.2907707496602184,0.0332032780165747
codex-m,balanced2_syn_topk_rf,0.16,3295,0.2812831948950959,0.289999279114993,0.0309868644059869
codex-m,balanced2_syn_topk_rf,0.18,3707,0.2807438879204953,0.2878359344808714,0.025261624083458
codex-m,balanced2_syn_topk_rf,0.2,4119,0.2800309860358357,0.2865418012288011,0.0232503384183786
codex-m,balanced2_syn_topk_rf,0.22,4531,0.2755648882823622,0.2818655018679878,0.0228643555603118
codex-m,balanced2_syn_topk_rf,0.24,4943,0.279366213445704,0.2857569874453518,0.0228759731566101
codex-m,balanced2_syn_topk_rf,0.26,5354,0.2848750415964933,0.290789451638546,0.0207614187922791
codex-m,balanced2_syn_topk_rf,0.28,5766,0.2817609152066006,0.2874011044124203,0.020017642268389
codex-m,balanced2_syn_topk_rf,0.3,6178,0.2788396881827978,0.2843887730650066,0.0199006279140974
codex-m,balanced2_syn_topk_rf,0.32,6590,0.2801484622122864,0.2858332239541845,0.0202919612587073
codex-m,balanced2_syn_topk_rf,0.34,7002,0.2859938176139735,0.2914280764716436,0.0190013158431456
codex-m,balanced2_syn_topk_rf,0.36,7414,0.285593423468226,0.2906388425052563,0.0176664398492061
codex-m,balanced2_syn_topk_rf,0.38,7826,0.2907007819191662,0.2957493137591057,0.0173667638821255
codex-m,balanced2_syn_topk_rf,0.4,8238,0.2988651377050498,0.3040193733700826,0.0172460250955048
codex-m,balanced2_syn_topk_rf,0.42,8649,0.3022008476884916,0.3071225548305175,0.0162862122316056
codex-m,balanced2_syn_topk_rf,0.44,9061,0.3085736541742598,0.3131821210574877,0.0149347386625084
codex-m,balanced2_syn_topk_rf,0.46,9473,0.3105321939180288,0.3150000811522857,0.0143878390767957
codex-m,balanced2_syn_topk_rf,0.48,9885,0.3085551256131476,0.3130910474872122,0.0147005234965744
codex-m,balanced2_syn_topk_rf,0.5,10297,0.3131859153115706,0.317895408037648,0.0150373707623225
codex-m,balanced2_syn_topk_rf,0.52,10709,0.3150919476189961,0.3197877216993037,0.0149028691967261
codex-m,balanced2_syn_topk_rf,0.54,11121,0.3183400473476538,0.3228352150289019,0.0141206477749216
codex-m,balanced2_syn_topk_rf,0.56,11533,0.3161565129725633,0.3205542120383879,0.0139098797126671
codex-m,balanced2_syn_topk_rf,0.58,11945,0.3173072420868544,0.3216041067757383,0.0135416533849792
codex-m,balanced2_syn_topk_rf,0.6,12356,0.321498278700689,0.3258123124194987,0.0134185281994185
codex-m,balanced2_syn_topk_rf,0.62,12768,0.3226331217826306,0.3269165334113153,0.013276416274367
codex-m,balanced2_syn_topk_rf,0.64,13180,0.3251394316978436,0.3291833217709177,0.0124374027842679
codex-m,balanced2_syn_topk_rf,0.66,13592,0.325417282070988,0.3293669155640376,0.0121371350283356
codex-m,balanced2_syn_topk_rf,0.68,14004,0.3275999068841483,0.3313325715414819,0.0113939734990633
codex-m,balanced2_syn_topk_rf,0.7,14416,0.3307201077635599,0.3343462035505499,0.0109642434852568
codex-m,balanced2_syn_topk_rf,0.72,14828,0.3310220567210262,0.3345452026870824,0.0106432362875004
codex-m,balanced2_syn_topk_rf,0.74,15240,0.3314630359848452,0.3348699703149677,0.0102784744006212
codex-m,balanced2_syn_topk_rf,0.76,15651,0.3328401885753171,0.3361392182902161,0.0099117529317001
codex-m,balanced2_syn_topk_rf,0.78,16063,0.3340943851082407,0.3373019918008337,0.0096008997324328
codex-m,balanced2_syn_topk_rf,0.8,16475,0.3339387128640876,0.3370488494379443,0.0093134951236468
codex-m,balanced2_syn_topk_rf,0.82,16887,0.3363696492725359,0.3393908675091744,0.0089818396016778
codex-m,balanced2_syn_topk_rf,0.84,17299,0.3377965359815298,0.3408403819092527,0.0090108855583095
codex-m,balanced2_syn_topk_rf,0.86,17711,0.3385349168096491,0.3415353931808425,0.0088631223020358
codex-m,balanced2_syn_topk_rf,0.88,18123,0.3395572927864599,0.3425491818250276,0.0088111464607807
codex-m,balanced2_syn_topk_rf,0.9,18535,0.3390804061485838,0.3419524883429174,0.0084702098447853
codex-m,balanced2_syn_topk_rf,0.92,18946,0.3412185214245747,0.3439981239243981,0.0081461067477188
codex-m,balanced2_syn_topk_rf,0.94,19358,0.3423741021005987,0.3450982400036333,0.0079566120402241
codex-m,balanced2_syn_topk_rf,0.96,19770,0.3428085838779194,0.345454795943167,0.0077192117983542
codex-m,balanced2_syn_topk_rf,0.98,20182,0.3447252858204843,0.3473851158987489,0.0077157962808964
codex-m,balanced2_syn_topk_rf,1.0,20594,0.3423415349994885,0.3449297847479118,0.0075604315685127
hetionet,balanced2_syn_topk_rf,0.02,9001,0.2707374044670305,0.4505758176573744,0.6642540344374324
hetionet,balanced2_syn_topk_rf,0.04,18002,0.3325998863148897,0.5031030916236999,0.5126375934698482
hetionet,balanced2_syn_topk_rf,0.06,27002,0.3979731265352946,0.5529457565866182,0.3894047605688764
hetionet,balanced2_syn_topk_rf,0.08,36003,0.4460809035572486,0.5889683694716763,0.3203173791457538
hetionet,balanced2_syn_topk_rf,0.1,45004,0.4775705214309261,0.6106029838730321,0.2785608752472952
hetionet,balanced2_syn_topk_rf,0.12,54005,0.5026171202830091,0.6248814267006144,0.2432553557840644
hetionet,balanced2_syn_topk_rf,0.14,63006,0.5232957511583782,0.6366091938069491,0.2165380521392308
hetionet,balanced2_syn_topk_rf,0.16,72006,0.538143381783446,0.643634913399695,0.1960286704012646
hetionet,balanced2_syn_topk_rf,0.18,81007,0.5503523682455191,0.6484123449755866,0.1781767143887744
hetionet,balanced2_syn_topk_rf,0.2,90008,0.5605311699003204,0.6527872650560751,0.1645869134666688
hetionet,balanced2_syn_topk_rf,0.22,99009,0.5722456153516657,0.65715095159606,0.1483721918816569
hetionet,balanced2_syn_topk_rf,0.24,108010,0.5844881713096619,0.6624196357395054,0.1333328341875979
hetionet,balanced2_syn_topk_rf,0.26,117010,0.5904519530613701,0.6628416869421806,0.122600549469749
hetionet,balanced2_syn_topk_rf,0.28,126011,0.5869165468653302,0.654527499477282,0.115196875898381
hetionet,balanced2_syn_topk_rf,0.3,135012,0.5833789477540077,0.646983472128767,0.1090278019452619
hetionet,balanced2_syn_topk_rf,0.32,144013,0.5815583175368901,0.6418768253826949,0.103718760486954
hetionet,balanced2_syn_topk_rf,0.34,153014,0.5809359234330721,0.6378250759088825,0.0979267251018336
hetionet,balanced2_syn_topk_rf,0.36,162014,0.5789283808544518,0.6329287627455067,0.0932764460629045
hetionet,balanced2_syn_topk_rf,0.38,171015,0.5759583539608608,0.6275220634064557,0.0895268018789754
hetionet,balanced2_syn_topk_rf,0.4,180016,0.5742091712992559,0.623396173873901,0.0856604266061273
hetionet,balanced2_syn_topk_rf,0.42,189017,0.5729891218191001,0.619946639423314,0.0819518483267802
hetionet,balanced2_syn_topk_rf,0.44,198018,0.5714971880451015,0.6165655844393986,0.0788602242269307
hetionet,balanced2_syn_topk_rf,0.46,207018,0.5701756717589305,0.6131405321294949,0.0753537242969741
hetionet,balanced2_syn_topk_rf,0.48,216019,0.5669412392105508,0.6079630228165049,0.0723563233168145
hetionet,balanced2_syn_topk_rf,0.5,225020,0.5631057487818909,0.6023441039616264,0.0696820362154282
hetionet,balanced2_syn_topk_rf,0.52,234021,0.5585166002731281,0.5963009567871395,0.0676512685487484
hetionet,balanced2_syn_topk_rf,0.54,243022,0.5533695348111417,0.5897231089171848,0.0656949322633928
hetionet,balanced2_syn_topk_rf,0.56,252022,0.5481207415495359,0.5831866456038163,0.0639747803652697
hetionet,balanced2_syn_topk_rf,0.58,261023,0.5434935977831599,0.5772629459605252,0.0621338472340908
hetionet,balanced2_syn_topk_rf,0.6,270024,0.5355219651151366,0.5680215953336472,0.0606877632209226
hetionet,balanced2_syn_topk_rf,0.62,279025,0.5240487739340399,0.5554653664758117,0.0599497491539329
hetionet,balanced2_syn_topk_rf,0.64,288026,0.5125392691975239,0.5429638541111008,0.0593604953649937
hetionet,balanced2_syn_topk_rf,0.66,297026,0.5012747870610972,0.5308340045824212,0.0589680915224672
hetionet,balanced2_syn_topk_rf,0.68,306027,0.4905129748084603,0.5192320955455005,0.058549156112037
hetionet,balanced2_syn_topk_rf,0.7,315028,0.4801158021336793,0.5080119063486112,0.0581028662063587
hetionet,balanced2_syn_topk_rf,0.72,324029,0.4698869144206598,0.4969954850065092,0.0576916908172948
hetionet,balanced2_syn_topk_rf,0.74,333030,0.4601670896999311,0.4865726122932876,0.0573824664657682
hetionet,balanced2_syn_topk_rf,0.76,342030,0.4509114770870672,0.4766011513608513,0.0569727664501731
hetionet,balanced2_syn_topk_rf,0.78,351031,0.4419669326999277,0.4669846262552561,0.0566053514512907
hetionet,balanced2_syn_topk_rf,0.8,360032,0.4334507464176861,0.457810054878519,0.056198561571652
hetionet,balanced2_syn_topk_rf,0.82,369033,0.4257416786633935,0.4495494540104345,0.0559207062408946
hetionet,balanced2_syn_topk_rf,0.84,378034,0.4186293050341893,0.4418213774637801,0.0554000213331855
hetionet,balanced2_syn_topk_rf,0.86,387034,0.4118916732939788,0.4345126789638921,0.0549197935685579
hetionet,balanced2_syn_topk_rf,0.88,396035,0.4058046062337599,0.4278835778389707,0.0544078880969931
hetionet,balanced2_syn_topk_rf,0.9,405036,0.3994140903394685,0.4209034973742668,0.0538023258431723
hetionet,balanced2_syn_topk_rf,0.92,414037,0.3934225701898414,0.4142068050700724,0.052829289560591
hetionet,balanced2_syn_topk_rf,0.94,423038,0.3869816131102415,0.4070499321602954,0.0518585854474098
hetionet,balanced2_syn_topk_rf,0.96,432038,0.3805606714545238,0.3998912444315463,0.0507949833679344
hetionet,balanced2_syn_topk_rf,0.98,441039,0.374757141399818,0.3933196805893416,0.0495321826828638
hetionet,balanced2_syn_topk_rf,1.0,450040,0.3731884548334995,0.3903218979298271,0.0459109677012161
FB15k-237,balanced1_eff_rf,0.02,816,0.2367841263636037,0.2762799918744289,0.1668011539345151
FB15k-237,balanced1_eff_rf,0.04,1633,0.2965651068864522,0.3232671703724175,0.0900377787741186
FB15k-237,balanced1_eff_rf,0.06,2449,0.3223908855461515,0.3423516893474997,0.0619149135296841
FB15k-237,balanced1_eff_rf,0.08,3266,0.3255196648195471,0.3417050677598649,0.0497217363174977
FB15k-237,balanced1_eff_rf,0.1,4082,0.3254573967500433,0.3394193347114778,0.0428994335383241
FB15k-237,balanced1_eff_rf,0.12,4898,0.3297828347079564,0.3417669569233426,0.0363394359988411
FB15k-237,balanced1_eff_rf,0.14,5715,0.3309664691949885,0.3416867267674808,0.0323907663473197
FB15k-237,balanced1_eff_rf,0.16,6531,0.3290794810763727,0.3390985126068221,0.0304456282041001
FB15k-237,balanced1_eff_rf,0.18,7347,0.3259813169092297,0.3356778622801552,0.0297457089346795
FB15k-237,balanced1_eff_rf,0.2,8164,0.3292571990921717,0.3384716196549704,0.0279854794009204
FB15k-237,balanced1_eff_rf,0.22,8980,0.3290933612151232,0.3379595114708416,0.0269411398120631
FB15k-237,balanced1_eff_rf,0.24,9797,0.3284377339015807,0.3369066868034607,0.0257855661140866
FB15k-237,balanced1_eff_rf,0.26,10613,0.3296637622213488,0.3378047082624071,0.0246946949406958
FB15k-237,balanced1_eff_rf,0.28,11429,0.3312628461608253,0.3392732722787309,0.0241814806904625
FB15k-237,balanced1_eff_rf,0.3,12246,0.3304170849102095,0.3377940008409281,0.0223260729169718
FB15k-237,balanced1_eff_rf,0.32,13062,0.3297925915689209,0.3369752652392761,0.021779366347149
FB15k-237,balanced1_eff_rf,0.34,13878,0.3298144306371729,0.3367062433594511,0.0208960314712847
FB15k-237,balanced1_eff_rf,0.36,14695,0.3286376180418164,0.3353827929554568,0.020524658600654
FB15k-237,balanced1_eff_rf,0.38,15511,0.3280119499668146,0.3344524311897009,0.0196348981295892
FB15k-237,balanced1_eff_rf,0.4,16328,0.3272174949527188,0.333377808491308,0.0188263574949723
FB15k-237,balanced1_eff_rf,0.42,17144,0.3276260091561683,0.3337610757704209,0.0187258228675253
FB15k-237,balanced1_eff_rf,0.44,17960,0.3281930812908998,0.3343399892047737,0.0187295475264008
FB15k-237,balanced1_eff_rf,0.46,18777,0.3290597525481027,0.3348296598826887,0.0175345276652834
FB15k-237,balanced1_eff_rf,0.48,19593,0.3300378242175511,0.3357027535611709,0.0171644851830246
FB15k-237,balanced1_eff_rf,0.5,20410,0.3304491938874894,0.3359734821825874,0.0167175117908711
FB15k-237,balanced1_eff_rf,0.52,21226,0.3300665196059232,0.335750725879244,0.0172213960995115
FB15k-237,balanced1_eff_rf,0.54,22042,0.3308569538550717,0.3364781844432991,0.0169899121742191
FB15k-237,balanced1_eff_rf,0.56,22859,0.3305626550752374,0.335823418439088,0.0159145725721896
FB15k-237,balanced1_eff_rf,0.58,23675,0.3305751956785627,0.3354563898824159,0.0147657606126003
FB15k-237,balanced1_eff_rf,0.6,24491,0.3286501622032065,0.3334532807287395,0.0146146847861989
FB15k-237,balanced1_eff_rf,0.62,25308,0.3276825553819728,0.3324436116068779,0.0145294772233306
FB15k-237,balanced1_eff_rf,0.64,26124,0.3263184887006569,0.3309998422191024,0.0143459646956745
FB15k-237,balanced1_eff_rf,0.66,26941,0.3238088293879383,0.3284762063933801,0.0144139893104955
FB15k-237,balanced1_eff_rf,0.68,27757,0.3230021535476273,0.3276130034124883,0.0142749818049778
FB15k-237,balanced1_eff_rf,0.7,28573,0.3215957885470825,0.3260453543417254,0.0138358957209772
FB15k-237,balanced1_eff_rf,0.72,29390,0.3191167084181929,0.323455087596261,0.013594960914371
FB15k-237,balanced1_eff_rf,0.74,30206,0.3170768926349149,0.3213684916594159,0.0135348842006042
FB15k-237,balanced1_eff_rf,0.76,31022,0.3160362212582133,0.3202537121184807,0.0133449604082613
FB15k-237,balanced1_eff_rf,0.78,31839,0.3153841384115559,0.3195627225936343,0.0132491893952686
FB15k-237,balanced1_eff_rf,0.8,32655,0.3175651291248363,0.3217424156959522,0.0131541097809697
FB15k-237,balanced1_eff_rf,0.82,33472,0.3190543316831719,0.3231920614422962,0.0129687308656671
FB15k-237,balanced1_eff_rf,0.84,34288,0.3207258117737413,0.3247834393303955,0.0126513907135004
FB15k-237,balanced1_eff_rf,0.86,35104,0.3186286178035117,0.322575383503858,0.0123867269912967
FB15k-237,balanced1_eff_rf,0.88,35921,0.3139615225580667,0.3178062131983286,0.0122457382960068
FB15k-237,balanced1_eff_rf,0.9,36737,0.3199751499757073,0.3237606583004698,0.0118306322383159
FB15k-237,balanced1_eff_rf,0.92,37553,0.3323175519829543,0.3360075057839914,0.0111036981917413
FB15k-237,balanced1_eff_rf,0.94,38370,0.3416399321486404,0.3452640398298633,0.0106079744789497
FB15k-237,balanced1_eff_rf,0.96,39186,0.3487747432024665,0.3523046818641577,0.0101209698537203
FB15k-237,balanced1_eff_rf,0.98,40003,0.3520669410303927,0.3555196734813002,0.0098070339714442
FB15k-237,balanced1_eff_rf,1.0,40819,0.3528119855172369,0.3560530550713821,0.0091863930002082
KG20C,balanced1_eff_rf,0.02,149,0.1746277506962502,0.1808260238661977,0.0354942049315454
KG20C,balanced1_eff_rf,0.04,298,0.1874088055222215,0.1855540140805577,-0.0098970346483743
KG20C,balanced1_eff_rf,0.06,447,0.1919549630983619,0.1902747679771164,-0.0087530694394422
KG20C,balanced1_eff_rf,0.08,596,0.1960002427756033,0.195633466459687,-0.0018713054163721
KG20C,balanced1_eff_rf,0.1,745,0.1968161709461177,0.1979245340050941,0.0056314633784833
KG20C,balanced1_eff_rf,0.12,894,0.1977478096815156,0.1997689341706693,0.0102207174502151
KG20C,balanced1_eff_rf,0.14,1043,0.2062142892596323,0.208665141275474,0.011884976665007
KG20C,balanced1_eff_rf,0.16,1192,0.2071526530473902,0.2095620661829288,0.0116310995784711
KG20C,balanced1_eff_rf,0.18,1341,0.203062581036401,0.2070628199141005,0.0196995372425725
KG20C,balanced1_eff_rf,0.2,1490,0.2027781951912252,0.206143939458541,0.0165981567403823
KG20C,balanced1_eff_rf,0.22,1639,0.1982962272887339,0.2014813382989672,0.0160623883458739
KG20C,balanced1_eff_rf,0.24,1788,0.2007735016839114,0.2044501081184795,0.0183122095482319
KG20C,balanced1_eff_rf,0.26,1936,0.1999641943619355,0.2041613066403401,0.0209893190718326
KG20C,balanced1_eff_rf,0.28,2085,0.202153613076322,0.207620383343059,0.0270426542644732
KG20C,balanced1_eff_rf,0.3,2234,0.2018033467876235,0.2074761974729468,0.028110785948924
KG20C,balanced1_eff_rf,0.32,2383,0.2021708668328659,0.2078016917899487,0.0278518119118404
KG20C,balanced1_eff_rf,0.34,2532,0.2026883558774142,0.2087101833652884,0.0297097850629179
KG20C,balanced1_eff_rf,0.36,2681,0.2042557515236308,0.2107747697290413,0.0319159590698536
KG20C,balanced1_eff_rf,0.38,2830,0.2040775243811447,0.2096588199933778,0.0273488990478403
KG20C,balanced1_eff_rf,0.4,2979,0.2043812882800553,0.210275294342067,0.0288382860858349
KG20C,balanced1_eff_rf,0.42,3128,0.203985986478068,0.2103587291286943,0.0312410806284064
KG20C,balanced1_eff_rf,0.44,3277,0.2028915148653972,0.2092273989499659,0.0312279401569457
KG20C,balanced1_eff_rf,0.46,3426,0.2027161279236149,0.2092554739843144,0.0322586373747406
KG20C,balanced1_eff_rf,0.48,3575,0.2027575834091726,0.2095903781250011,0.0336993300124295
KG20C,balanced1_eff_rf,0.5,3724,0.201661719351268,0.2084182957847049,0.0335045067312347
KG20C,balanced1_eff_rf,0.52,3873,0.2021090718776659,0.2086723915885345,0.0324741470033627
KG20C,balanced1_eff_rf,0.54,4022,0.201181668227413,0.2073761437612735,0.0307904571447252
KG20C,balanced1_eff_rf,0.56,4171,0.2017077244046756,0.2079361103190486,0.0308782716812439
KG20C,balanced1_eff_rf,0.58,4320,0.2026830612108406,0.2098382772135052,0.0353024863544044
KG20C,balanced1_eff_rf,0.6,4469,0.2023846638869098,0.2097380543358824,0.036333733533691
KG20C,balanced1_eff_rf,0.62,4618,0.2010938936760687,0.2081807782152664,0.0352416694989932
KG20C,balanced1_eff_rf,0.64,4767,0.2002336722321394,0.2069336328174689,0.0334607087341534
KG20C,balanced1_eff_rf,0.66,4916,0.2006135505263651,0.2079034525757945,0.0363380341472563
KG20C,balanced1_eff_rf,0.68,5065,0.199899832040566,0.2074044326320215,0.0375418053874729
KG20C,balanced1_eff_rf,0.7,5214,0.1994791983585656,0.2075478463902731,0.040448568563044
KG20C,balanced1_eff_rf,0.72,5363,0.2018216387177978,0.2096573558910722,0.03882496060906
KG20C,balanced1_eff_rf,0.74,5512,0.2012755879570409,0.2091529428644507,0.0391371600866523
KG20C,balanced1_eff_rf,0.76,5660,0.2020740740319891,0.2098577972571815,0.0385191581972073
KG20C,balanced1_eff_rf,0.78,5809,0.2037711479620425,0.2113788695446932,0.0373346357359085
KG20C,balanced1_eff_rf,0.8,5958,0.2053169228811426,0.2126410753187856,0.0356724245369823
KG20C,balanced1_eff_rf,0.82,6107,0.2052093976374903,0.2125390099919977,0.0357177226720166
KG20C,balanced1_eff_rf,0.84,6256,0.2064350153016229,0.2136820277416959,0.0351055388035033
KG20C,balanced1_eff_rf,0.86,6405,0.2050359734376106,0.2123486308195786,0.035665240881221
KG20C,balanced1_eff_rf,0.88,6554,0.2033920167262248,0.2108059113258207,0.0364512566369572
KG20C,balanced1_eff_rf,0.9,6703,0.2017424706789722,0.2090825597553877,0.0363834598223771
KG20C,balanced1_eff_rf,0.92,6852,0.2016207039970331,0.2091445199917775,0.0373166834833347
KG20C,balanced1_eff_rf,0.94,7001,0.2117964386086942,0.2193075370507916,0.0354637617678481
KG20C,balanced1_eff_rf,0.96,7150,0.2238497005262882,0.2312042739798719,0.0328549622192595
KG20C,balanced1_eff_rf,0.98,7299,0.2270450876697451,0.2344930489344454,0.032803886404862
KG20C,balanced1_eff_rf,1.0,7448,0.2263807403572204,0.2339867495060782,0.0335983049479202
WN18RR,balanced1_eff_rf,0.02,121,0.4113699877611532,0.4165422019536735,0.0125731442409537
WN18RR,balanced1_eff_rf,0.04,242,0.3740440141856177,0.3801420255665974,0.0163029246551547
WN18RR,balanced1_eff_rf,0.06,363,0.3788224549361978,0.3813945844364194,0.0067898021004451
WN18RR,balanced1_eff_rf,0.08,484,0.3471716938344233,0.349978881346421,0.0080858767055373
WN18RR,balanced1_eff_rf,0.1,606,0.3559291777493739,0.3595713747184481,0.010232926089692
WN18RR,balanced1_eff_rf,0.12,727,0.3529870289480195,0.3578293580558073,0.013718150273734
WN18RR,balanced1_eff_rf,0.14,848,0.3556779743303532,0.3600142941987115,0.0121917019925748
WN18RR,balanced1_eff_rf,0.16,969,0.3649519681830052,0.3691829460079667,0.0115932456701806
WN18RR,balanced1_eff_rf,0.18,1090,0.3704474160776351,0.3755282759085718,0.0137154684050269
WN18RR,balanced1_eff_rf,0.2,1211,0.3813270610633475,0.3859910481145743,0.0122309364518244
WN18RR,balanced1_eff_rf,0.22,1332,0.3828016673367416,0.387331317445049,0.0118328902269979
WN18RR,balanced1_eff_rf,0.24,1453,0.3858607140649809,0.3900316343895404,0.0108093935778523
WN18RR,balanced1_eff_rf,0.26,1574,0.3900703389834047,0.3942014792840572,0.0105907573270476
WN18RR,balanced1_eff_rf,0.28,1695,0.3726083071915617,0.3765080393648651,0.0104660365806028
WN18RR,balanced1_eff_rf,0.3,1816,0.3535533750007672,0.3572318415266205,0.0104042749580464
WN18RR,balanced1_eff_rf,0.32,1938,0.3437425301448542,0.347250487381889,0.0102051882714557
WN18RR,balanced1_eff_rf,0.34,2059,0.3342643754351411,0.3377033159457008,0.0102880856091316
WN18RR,balanced1_eff_rf,0.36,2180,0.3296593013903842,0.3331375482540846,0.0105510351111903
WN18RR,balanced1_eff_rf,0.38,2301,0.3229139088765063,0.3262758752599538,0.0104113396513161
WN18RR,balanced1_eff_rf,0.4,2422,0.3124813052167371,0.3157610751222439,0.0104958915965609
WN18RR,balanced1_eff_rf,0.42,2543,0.3050063031756284,0.3082294754842843,0.010567559670398
WN18RR,balanced1_eff_rf,0.44,2664,0.2944998428973399,0.2976844368064492,0.0108135674293701
WN18RR,balanced1_eff_rf,0.46,2785,0.2958545087441884,0.2989686747003756,0.0105260047224085
WN18RR,balanced1_eff_rf,0.48,2906,0.2916606901275963,0.2947431289532852,0.010568578248719
WN18RR,balanced1_eff_rf,0.5,3028,0.2902472764284597,0.2932836596833404,0.0104613669152864
WN18RR,balanced1_eff_rf,0.52,3149,0.2920794239147112,0.2951930241416216,0.0106601149275737
WN18RR,balanced1_eff_rf,0.54,3270,0.2912353740854586,0.2940787399534439,0.0097631198713894
WN18RR,balanced1_eff_rf,0.56,3391,0.3000150632476583,0.3028736286454539,0.0095280729135784
WN18RR,balanced1_eff_rf,0.58,3512,0.3080819051833025,0.3107983407493467,0.0088172512579991
WN18RR,balanced1_eff_rf,0.6,3633,0.3167077845507511,0.3194488210256805,0.0086547808694299
WN18RR,balanced1_eff_rf,0.62,3754,0.3299496823031622,0.332682702772087,0.0082831432048893
WN18RR,balanced1_eff_rf,0.64,3875,0.3441423787624418,0.346900906581864,0.0080156586042732
WN18RR,balanced1_eff_rf,0.66,3996,0.3581267982462361,0.3608646483202327,0.007644918189323
WN18RR,balanced1_eff_rf,0.68,4117,0.37357204986808,0.3762340017400548,0.0071256719364172
WN18RR,balanced1_eff_rf,0.7,4238,0.3870664521057376,0.3896763376869794,0.006742732590343
WN18RR,balanced1_eff_rf,0.72,4360,0.4008086080947773,0.4033182377506203,0.0062614165593208
WN18RR,balanced1_eff_rf,0.74,4481,0.4163501972306668,0.4188289209368095,0.0059534587052676
WN18RR,balanced1_eff_rf,0.76,4602,0.4296950365386182,0.4321229057416366,0.0056502146791734
WN18RR,balanced1_eff_rf,0.78,4723,0.4424576759151317,0.4448655633219632,0.0054420739833505
WN18RR,balanced1_eff_rf,0.8,4844,0.4550422761920773,0.4574445169074809,0.0052791594124093
WN18RR,balanced1_eff_rf,0.82,4965,0.4677339515290191,0.4700790928315551,0.0050138359528311
WN18RR,balanced1_eff_rf,0.84,5086,0.4801152726263299,0.4824269765463926,0.0048148935304999
WN18RR,balanced1_eff_rf,0.86,5207,0.4921899363407787,0.4944479210032406,0.0045876286688204
WN18RR,balanced1_eff_rf,0.88,5328,0.5037165506658307,0.5059232560219566,0.0043808474293907
WN18RR,balanced1_eff_rf,0.9,5450,0.5148203952955434,0.5169777028436973,0.0041904080876893
WN18RR,balanced1_eff_rf,0.92,5571,0.5212233006840526,0.5233969139977993,0.0041702151666933
WN18RR,balanced1_eff_rf,0.94,5692,0.5196433234943995,0.5219286121668294,0.0043978024331425
WN18RR,balanced1_eff_rf,0.96,5813,0.5182626763093283,0.5205196907163033,0.0043549622809957
WN18RR,balanced1_eff_rf,0.98,5934,0.5177581799269533,0.5200418587537557,0.0044107054515771
WN18RR,balanced1_eff_rf,1.0,6055,0.5112021246888968,0.5133269561687425,0.0041565388272568
YAGO3-10,balanced1_eff_rf,0.02,200,0.4581879799031753,0.475013220612042,0.0367212616804619
YAGO3-10,balanced1_eff_rf,0.04,399,0.4764454656634792,0.5114518300288549,0.0734740214530684
YAGO3-10,balanced1_eff_rf,0.06,598,0.4746319794795919,0.5163895681353351,0.0879788772377456
YAGO3-10,balanced1_eff_rf,0.08,798,0.4898289761233424,0.5252052191136758,0.0722216216572402
YAGO3-10,balanced1_eff_rf,0.1,998,0.5021552462846229,0.531284475810914,0.0580084142141581
YAGO3-10,balanced1_eff_rf,0.12,1197,0.511248905805519,0.5389626475241833,0.0542079237802941
YAGO3-10,balanced1_eff_rf,0.14,1397,0.5126115123503233,0.5411094330171613,0.0555936025240149
YAGO3-10,balanced1_eff_rf,0.16,1596,0.5222956647835924,0.5501120623258169,0.0532579521864304
YAGO3-10,balanced1_eff_rf,0.18,1796,0.5184916396219239,0.5489173002716349,0.0586811017278829
YAGO3-10,balanced1_eff_rf,0.2,1995,0.5216625922732467,0.5515596044938906,0.0573110141755839
YAGO3-10,balanced1_eff_rf,0.22,2194,0.5214629457653377,0.5505433131341045,0.055766891214267
YAGO3-10,balanced1_eff_rf,0.24,2394,0.5185352264489902,0.5486867180436585,0.0581474315663188
YAGO3-10,balanced1_eff_rf,0.26,2594,0.5153846003689415,0.5460969428999891,0.059591114109855
YAGO3-10,balanced1_eff_rf,0.28,2793,0.5146712543048579,0.5456167469203038,0.0601267165333383
YAGO3-10,balanced1_eff_rf,0.3,2992,0.519120371798532,0.5496653509090091,0.0588398775502716
YAGO3-10,balanced1_eff_rf,0.32,3192,0.5231892898059834,0.5529116017171186,0.056809863065349
YAGO3-10,balanced1_eff_rf,0.34,3392,0.5229067968604894,0.5520099285650436,0.05565644179668
YAGO3-10,balanced1_eff_rf,0.36,3591,0.5262500330212887,0.5549950351369921,0.0546223283838551
YAGO3-10,balanced1_eff_rf,0.38,3790,0.5284350268371861,0.5568244544729243,0.0537235917264149
YAGO3-10,balanced1_eff_rf,0.4,3990,0.5319230653984103,0.5611117605251795,0.0548739038133399
YAGO3-10,balanced1_eff_rf,0.42,4190,0.5345257069649494,0.56303256187359,0.0533311205376878
YAGO3-10,balanced1_eff_rf,0.44,4389,0.53730202850652,0.5653750278106898,0.0522480798782787
YAGO3-10,balanced1_eff_rf,0.46,4588,0.5431480650378531,0.5710336747828111,0.0513407145121922
YAGO3-10,balanced1_eff_rf,0.48,4788,0.5472275920806786,0.5746539822576071,0.0501187998811378
YAGO3-10,balanced1_eff_rf,0.5,4988,0.5520222179522492,0.5786999313235868,0.0483272457226446
YAGO3-10,balanced1_eff_rf,0.52,5187,0.5568542188302469,0.5829059193069355,0.0467836995675707
YAGO3-10,balanced1_eff_rf,0.54,5386,0.5616374049970286,0.5877885165951263,0.0465622684056024
YAGO3-10,balanced1_eff_rf,0.56,5586,0.5638000384700053,0.5895784888624485,0.0457226829256676
YAGO3-10,balanced1_eff_rf,0.58,5786,0.5681807243542497,0.5931783429947866,0.043995893505446
YAGO3-10,balanced1_eff_rf,0.6,5985,0.5729818077416985,0.5977098561277526,0.0431567774961567
YAGO3-10,balanced1_eff_rf,0.62,6184,0.5765446318782419,0.6003178912565973,0.0412340312681567
YAGO3-10,balanced1_eff_rf,0.64,6384,0.5819384529562046,0.6054906679948937,0.040472003386347
YAGO3-10,balanced1_eff_rf,0.66,6584,0.587271836867895,0.6103355138457736,0.0392725745216804
YAGO3-10,balanced1_eff_rf,0.68,6783,0.5892287867050079,0.6118112225618576,0.038325411735451
YAGO3-10,balanced1_eff_rf,0.7,6982,0.592754266690997,0.6151578649385894,0.0377957604129257
YAGO3-10,balanced1_eff_rf,0.72,7182,0.5958339130548782,0.6175979096769473,0.0365269517985031
YAGO3-10,balanced1_eff_rf,0.74,7382,0.599152437657397,0.6211109121318007,0.0366492283003274
YAGO3-10,balanced1_eff_rf,0.76,7581,0.6002664895400266,0.6218732928664249,0.0359953515695257
YAGO3-10,balanced1_eff_rf,0.78,7780,0.5997525395409247,0.6213738359496179,0.0360503624132098
YAGO3-10,balanced1_eff_rf,0.8,7980,0.6002258795995843,0.6215244736056564,0.0354842980450635
YAGO3-10,balanced1_eff_rf,0.82,8179,0.5996045661314215,0.6209556415665693,0.0356085937985803
YAGO3-10,balanced1_eff_rf,0.84,8379,0.5950075780961616,0.6161976813500408,0.035613165334265
YAGO3-10,balanced1_eff_rf,0.86,8578,0.5908357002428616,0.6116859791378021,0.0352894702983757
YAGO3-10,balanced1_eff_rf,0.88,8778,0.5841737236078888,0.6047788205631036,0.0352722077740104
YAGO3-10,balanced1_eff_rf,0.9,8978,0.5816707749188699,0.6018524787999374,0.0346960939955809
YAGO3-10,balanced1_eff_rf,0.92,9177,0.5899248410071823,0.6097233958120449,0.0335611478422579
YAGO3-10,balanced1_eff_rf,0.94,9376,0.5827545170305095,0.60221473341939,0.0333935058762688
YAGO3-10,balanced1_eff_rf,0.96,9576,0.5721401251132315,0.5912092449104766,0.0333294571735744
YAGO3-10,balanced1_eff_rf,0.98,9776,0.566745713002609,0.58524202140098,0.032635991722598
YAGO3-10,balanced1_eff_rf,1.0,9975,0.5616723217905851,0.5802260659200453,0.0330330397451519
codex-l,balanced1_eff_rf,0.02,1223,0.3059564458483357,0.3373538402441147,0.1026204704029765
codex-l,balanced1_eff_rf,0.04,2445,0.387862930191878,0.4094538829298598,0.0556664508446336
codex-l,balanced1_eff_rf,0.06,3668,0.4169260899135436,0.4358670728183487,0.0454300734903228
codex-l,balanced1_eff_rf,0.08,4890,0.4273776025027961,0.4439912814348524,0.038873536738387
codex-l,balanced1_eff_rf,0.1,6113,0.4361889056556918,0.4508407764549777,0.0335906544373494
codex-l,balanced1_eff_rf,0.12,7335,0.4428846206075633,0.4557612482236716,0.0290744519383936
codex-l,balanced1_eff_rf,0.14,8558,0.4440554061081712,0.456244287690006,0.0274490106733789
codex-l,balanced1_eff_rf,0.16,9781,0.4365113411804122,0.4477480728369647,0.0257421299207627
codex-l,balanced1_eff_rf,0.18,11003,0.4304422612568331,0.4410639286311917,0.0246761722311947
codex-l,balanced1_eff_rf,0.2,12226,0.4289985866102615,0.4393018456164839,0.0240169998871879
codex-l,balanced1_eff_rf,0.22,13448,0.4236842487749411,0.4344313109601095,0.0253657345446354
codex-l,balanced1_eff_rf,0.24,14671,0.4208192993816838,0.4311621825198629,0.024577967677281
codex-l,balanced1_eff_rf,0.26,15894,0.414331044330546,0.424761929689737,0.0251752445343425
codex-l,balanced1_eff_rf,0.28,17116,0.4150401767913578,0.4252997207370483,0.0247193995169485
codex-l,balanced1_eff_rf,0.3,18339,0.4137836280559896,0.4241634141072274,0.0250850573764926
codex-l,balanced1_eff_rf,0.32,19561,0.4105893441356357,0.420772176894142,0.0248005285669139
codex-l,balanced1_eff_rf,0.34,20784,0.4040553926154605,0.41392943139557,0.0244373394355525
codex-l,balanced1_eff_rf,0.36,22006,0.3998029037446111,0.4094024202769514,0.0240106223402327
codex-l,balanced1_eff_rf,0.38,23229,0.3938371831675734,0.4033890762749407,0.0242534060155084
codex-l,balanced1_eff_rf,0.4,24452,0.3905432038460602,0.3998235643387813,0.0237626987266155
codex-l,balanced1_eff_rf,0.42,25674,0.38640202482432,0.3954242707343655,0.0233493753407409
codex-l,balanced1_eff_rf,0.44,26897,0.3832084429145723,0.3918988274895079,0.022677956959505
codex-l,balanced1_eff_rf,0.46,28119,0.3821415596472815,0.390548220018621,0.0219988121132359
codex-l,balanced1_eff_rf,0.48,29342,0.3783051213105288,0.3865977299425542,0.0219204239247359
codex-l,balanced1_eff_rf,0.5,30564,0.3773166089976279,0.3853936081161722,0.0214064234808044
codex-l,balanced1_eff_rf,0.52,31787,0.3755018057130918,0.3833530514634702,0.0209086764189287
codex-l,balanced1_eff_rf,0.54,33010,0.3725955158907699,0.3801892061806519,0.0203805198023587
codex-l,balanced1_eff_rf,0.56,34232,0.3712214978563692,0.3786868568866168,0.0201102551262699
codex-l,balanced1_eff_rf,0.58,35455,0.36954626273688,0.3769772033693185,0.0201082824580731
codex-l,balanced1_eff_rf,0.6,36677,0.3668341894947384,0.3741532848398866,0.019952053420182
codex-l,balanced1_eff_rf,0.62,37900,0.3643281119460162,0.371594205461894,0.019943817887307
codex-l,balanced1_eff_rf,0.64,39123,0.3631332966065713,0.370273199989564,0.0196619352995555
codex-l,balanced1_eff_rf,0.66,40345,0.3604378519550518,0.3674651410862692,0.0194965348203599
codex-l,balanced1_eff_rf,0.68,41568,0.3583034984000153,0.3652473548625871,0.0193798176506208
codex-l,balanced1_eff_rf,0.7,42790,0.3561775327686053,0.3629441464161867,0.0189978677065445
codex-l,balanced1_eff_rf,0.72,44013,0.3544524411960396,0.3610634602094003,0.0186513569805104
codex-l,balanced1_eff_rf,0.74,45235,0.3522868763765255,0.3586825497207339,0.0181547306274689
codex-l,balanced1_eff_rf,0.76,46458,0.352180948839643,0.3584656689251597,0.0178451449637562
codex-l,balanced1_eff_rf,0.78,47681,0.3518093731244925,0.357950003306301,0.017454424614308
codex-l,balanced1_eff_rf,0.8,48903,0.3527667957259214,0.358882884848613,0.0173374852644674
codex-l,balanced1_eff_rf,0.82,50126,0.3515062840896001,0.3574251730048771,0.0168386432424867
codex-l,balanced1_eff_rf,0.84,51348,0.3495307867552534,0.3553731906563911,0.0167149908463675
codex-l,balanced1_eff_rf,0.86,52571,0.3490762238493208,0.3549254005055624,0.0167561588461735
codex-l,balanced1_eff_rf,0.88,53794,0.3464615226434228,0.3522264639495987,0.0166394849915532
codex-l,balanced1_eff_rf,0.9,55016,0.3453156243645231,0.3509991442141242,0.016458913088744
codex-l,balanced1_eff_rf,0.92,56239,0.3419463692316725,0.3475446302645256,0.016371751644657
codex-l,balanced1_eff_rf,0.94,57461,0.3419169510692927,0.3474027761383901,0.0160443202711688
codex-l,balanced1_eff_rf,0.96,58684,0.3389496380567736,0.3442840508409715,0.0157380689791573
codex-l,balanced1_eff_rf,0.98,59906,0.3356817609146406,0.3409792566840767,0.0157813035626417
codex-l,balanced1_eff_rf,1.0,61129,0.3299017687130151,0.334842792661744,0.0149772581335478
codex-m,balanced1_eff_rf,0.02,412,0.1832450212656399,0.2275620346519153,0.2418456615093049
codex-m,balanced1_eff_rf,0.04,824,0.2252176780664342,0.2462702673213309,0.0934766286360817
codex-m,balanced1_eff_rf,0.06,1236,0.2372395807269748,0.2537045442239544,0.0694022618254759
codex-m,balanced1_eff_rf,0.08,1648,0.2396465917950169,0.2516864942731336,0.0502402407976454
codex-m,balanced1_eff_rf,0.1,2059,0.2393018885191326,0.2497177175939632,0.0435258958434747
codex-m,balanced1_eff_rf,0.12,2471,0.2357029641237234,0.2455943761847263,0.0419655819678652
codex-m,balanced1_eff_rf,0.14,2883,0.2408426951437155,0.2498417794168468,0.0373649874153809
codex-m,balanced1_eff_rf,0.16,3295,0.2459241733540056,0.2544070099333131,0.0344937078108893
codex-m,balanced1_eff_rf,0.18,3707,0.2534751398361609,0.2621320542608151,0.0341529131032327
codex-m,balanced1_eff_rf,0.2,4119,0.2613102680840555,0.2694722010081748,0.0312346429551475
codex-m,balanced1_eff_rf,0.22,4531,0.2667706140538764,0.2744523587990072,0.0287953183013605
codex-m,balanced1_eff_rf,0.24,4943,0.2618114453839032,0.2690110535507792,0.027499210954353
codex-m,balanced1_eff_rf,0.26,5354,0.2609779959252055,0.2677151483710722,0.0258150210019907
codex-m,balanced1_eff_rf,0.28,5766,0.2621868981388822,0.2691254025745298,0.0264639632449223
codex-m,balanced1_eff_rf,0.3,6178,0.2620083228393544,0.2683778225162399,0.0243102952145182
codex-m,balanced1_eff_rf,0.32,6590,0.2613551199761303,0.2678997454470971,0.0250411221007054
codex-m,balanced1_eff_rf,0.34,7002,0.2601131211341472,0.2665569922696715,0.0247733413348303
codex-m,balanced1_eff_rf,0.36,7414,0.2606009964203137,0.2668160179855389,0.0238488020022809
codex-m,balanced1_eff_rf,0.38,7826,0.2580376542699296,0.2640306888694661,0.0232254266009848
codex-m,balanced1_eff_rf,0.4,8238,0.2569383595518619,0.2626041571994951,0.0220511941366605
codex-m,balanced1_eff_rf,0.42,8649,0.2577492813604466,0.2632484824370192,0.0213354661846068
codex-m,balanced1_eff_rf,0.44,9061,0.2607536184135931,0.2661880755350005,0.0208413488352348
codex-m,balanced1_eff_rf,0.46,9473,0.2616740398752943,0.2668593797972113,0.019816027315465
codex-m,balanced1_eff_rf,0.48,9885,0.266658055831259,0.2715790046480792,0.0184541539593843
codex-m,balanced1_eff_rf,0.5,10297,0.2682710218518863,0.2733032122409815,0.0187578604441049
codex-m,balanced1_eff_rf,0.52,10709,0.2681336435819739,0.272988276944929,0.0181052750341303
codex-m,balanced1_eff_rf,0.54,11121,0.2712662131749169,0.2760275248165685,0.0175521735122297
codex-m,balanced1_eff_rf,0.56,11533,0.2733294403239914,0.2778706135488142,0.0166142850160593
codex-m,balanced1_eff_rf,0.58,11945,0.2749020508338321,0.2794751287686598,0.016635299449228
codex-m,balanced1_eff_rf,0.6,12356,0.2793047655272984,0.2837110775649734,0.0157760002030624
codex-m,balanced1_eff_rf,0.62,12768,0.283603903691246,0.2879178467185073,0.0152111553159643
codex-m,balanced1_eff_rf,0.64,13180,0.2866295817084934,0.2908303827907649,0.0146558532347991
codex-m,balanced1_eff_rf,0.66,13592,0.2895304826721899,0.2935498270443655,0.0138822839484105
codex-m,balanced1_eff_rf,0.68,14004,0.2950385947206729,0.2989114587111303,0.013126635158102
codex-m,balanced1_eff_rf,0.7,14416,0.2991722952428604,0.3030333067900305,0.0129056453707918
codex-m,balanced1_eff_rf,0.72,14828,0.3031320350770316,0.306874076750868,0.0123445932492269
codex-m,balanced1_eff_rf,0.74,15240,0.3079748681850999,0.3114628572002309,0.0113255637892979
codex-m,balanced1_eff_rf,0.76,15651,0.3137160392780304,0.3170499675193587,0.0106272164120166
codex-m,balanced1_eff_rf,0.78,16063,0.3172357842214857,0.3205328928611048,0.0103932431447177
codex-m,balanced1_eff_rf,0.8,16475,0.3202324962990835,0.3235325018492767,0.0103050302150196
codex-m,balanced1_eff_rf,0.82,16887,0.3246963833233271,0.3278532249013703,0.0097224414566381
codex-m,balanced1_eff_rf,0.84,17299,0.3274989473386715,0.3306173811285025,0.0095219658419427
codex-m,balanced1_eff_rf,0.86,17711,0.3292165575630974,0.332239962751332,0.0091836364811483
codex-m,balanced1_eff_rf,0.88,18123,0.3320865195492507,0.3350348157813134,0.0088780966961996
codex-m,balanced1_eff_rf,0.9,18535,0.334280577906813,0.3372118972557705,0.0087690387736936
codex-m,balanced1_eff_rf,0.92,18946,0.3362742296226694,0.3391264546093233,0.0084818423042833
codex-m,balanced1_eff_rf,0.94,19358,0.3390794826396545,0.3418139011205051,0.0080642404534885
codex-m,balanced1_eff_rf,0.96,19770,0.3385053248882585,0.3410903839413689,0.0076366865246912
codex-m,balanced1_eff_rf,0.98,20182,0.3404409026394716,0.3430531503790666,0.0076731312816469
codex-m,balanced1_eff_rf,1.0,20594,0.3423415349994885,0.3449297847479118,0.0075604315685127
hetionet,balanced1_eff_rf,0.02,9001,0.4439088727602861,0.6217234025404551,0.4005653878339801
hetionet,balanced1_eff_rf,0.04,18002,0.4582873722614767,0.5801685949255079,0.2659493366849557
hetionet,balanced1_eff_rf,0.06,27002,0.4518617633164739,0.546858483992257,0.2102340325911789
hetionet,balanced1_eff_rf,0.08,36003,0.4482181685564635,0.5304122764791505,0.1833796880376408
hetionet,balanced1_eff_rf,0.1,45004,0.4400632113828348,0.5134829956859351,0.1668391776544766
hetionet,balanced1_eff_rf,0.12,54005,0.429410542783418,0.4966050695394231,0.1564808500519188
hetionet,balanced1_eff_rf,0.14,63006,0.4208073968719751,0.4834774518676566,0.1489281211821189
hetionet,balanced1_eff_rf,0.16,72006,0.4162304021159498,0.475534451981095,0.1424789000603197
hetionet,balanced1_eff_rf,0.18,81007,0.4107841452179815,0.4675068456731733,0.1380839575127515
hetionet,balanced1_eff_rf,0.2,90008,0.4044865640220123,0.4587220553379411,0.1340847784327821
hetionet,balanced1_eff_rf,0.22,99009,0.3987453678603261,0.4504715732765602,0.1297223982658346
hetionet,balanced1_eff_rf,0.24,108010,0.3953913234307719,0.445013982388982,0.1255026502039526
hetionet,balanced1_eff_rf,0.26,117010,0.3902168772499848,0.4379112701416148,0.1222253461402069
hetionet,balanced1_eff_rf,0.28,126011,0.3874536012674605,0.4337256677994985,0.1194260845186887
hetionet,balanced1_eff_rf,0.3,135012,0.3834775092767047,0.4280221428816216,0.1161597030525589
hetionet,balanced1_eff_rf,0.32,144013,0.3850510143057287,0.4289156962819701,0.1139191440784337
hetionet,balanced1_eff_rf,0.34,153014,0.386914980510657,0.4303330264707156,0.1122159858032756
hetionet,balanced1_eff_rf,0.36,162014,0.3878951602081588,0.4301449107018267,0.1089205404650965
hetionet,balanced1_eff_rf,0.38,171015,0.3887167654952956,0.4300919168442186,0.1064403571484844
hetionet,balanced1_eff_rf,0.4,180016,0.3907443991921464,0.4313153752870253,0.1038299619361362
hetionet,balanced1_eff_rf,0.42,189017,0.3909092975662317,0.4303417542419487,0.1008736730520869
hetionet,balanced1_eff_rf,0.44,198018,0.392610823709818,0.4312388575496705,0.0983875927689728
hetionet,balanced1_eff_rf,0.46,207018,0.3936790181160012,0.4312267024677902,0.0953763919943664
hetionet,balanced1_eff_rf,0.48,216019,0.3942372995016007,0.4308795735557935,0.0929447165463956
hetionet,balanced1_eff_rf,0.5,225020,0.3946925369758348,0.4304723139361897,0.0906522764136925
hetionet,balanced1_eff_rf,0.52,234021,0.3958360368259331,0.4308499132118504,0.0884555046242909
hetionet,balanced1_eff_rf,0.54,243022,0.3956770064609703,0.4298753131458409,0.0864298559846792
hetionet,balanced1_eff_rf,0.56,252022,0.3962342768038722,0.4297969016173757,0.0847039914977276
hetionet,balanced1_eff_rf,0.58,261023,0.3950290074870841,0.4278028732745906,0.0829657193936019
hetionet,balanced1_eff_rf,0.6,270024,0.3954809235659863,0.4276349400745786,0.081303584048163
hetionet,balanced1_eff_rf,0.62,279025,0.3969897385474383,0.4282833337967533,0.0788272144358601
hetionet,balanced1_eff_rf,0.64,288026,0.3991414446162581,0.4296237845567614,0.076369769042174
hetionet,balanced1_eff_rf,0.66,297026,0.401371232681353,0.4311531355677802,0.0742003922091518
hetionet,balanced1_eff_rf,0.68,306027,0.4015008333769537,0.4307181761758828,0.0727703166969471
hetionet,balanced1_eff_rf,0.7,315028,0.4025998596032503,0.4312511688356257,0.0711657208738483
hetionet,balanced1_eff_rf,0.72,324029,0.4023964135363198,0.4303921612296346,0.0695725576858004
hetionet,balanced1_eff_rf,0.74,333030,0.4010883849508607,0.4285698690100393,0.0685172772144613
hetionet,balanced1_eff_rf,0.76,342030,0.3997052667834079,0.4266891443387619,0.0675094370722315
hetionet,balanced1_eff_rf,0.78,351031,0.3974318564057597,0.4239283804502892,0.0666693512798775
hetionet,balanced1_eff_rf,0.8,360032,0.396358613748472,0.4223595571095958,0.065599541574802
hetionet,balanced1_eff_rf,0.82,369033,0.3955050440460804,0.4207805185792743,0.0639068323241134
hetionet,balanced1_eff_rf,0.84,378034,0.3937504082413792,0.4183045853902226,0.0623597503263821
hetionet,balanced1_eff_rf,0.86,387034,0.3921642332691086,0.4160891159343812,0.0610073041741543
hetionet,balanced1_eff_rf,0.88,396035,0.3885431807637807,0.4118727374887153,0.0600436653632021
hetionet,balanced1_eff_rf,0.9,405036,0.3842235766492873,0.40688545163694,0.0589809589127272
hetionet,balanced1_eff_rf,0.92,414037,0.3789168598011195,0.4008748976030171,0.0579494874242929
hetionet,balanced1_eff_rf,0.94,423038,0.3768331120875307,0.3978758020108462,0.0558408729178443
hetionet,balanced1_eff_rf,0.96,432038,0.3734816229789256,0.3936885352402955,0.05410416742917
hetionet,balanced1_eff_rf,0.98,441039,0.370198983062143,0.3892856694304393,0.0515579113978612
hetionet,balanced1_eff_rf,1.0,450040,0.3731884548334995,0.3903218979298271,0.0459109677012161
FB15k-237,balanced5_rf,0.02,816,0.21074065644044596,0.25555619028536525,0.21265727554371505
FB15k-237,balanced5_rf,0.04,1633,0.23633742458502338,0.2676918973743578,0.13266825110068203
FB15k-237,balanced5_rf,0.06,2449,0.24030160993667715,0.2678444861392162,0.11461794288351612
FB15k-237,balanced5_rf,0.08,3266,0.2361394777072052,0.26463533317857313,0.12067383119522512
FB15k-237,balanced5_rf,0.1,4082,0.23931951559023848,0.2647511739156573,0.10626654605536956
FB15k-237,balanced5_rf,0.12,4898,0.24121469208627278,0.2647817254121343,0.09770148377791399
FB15k-237,balanced5_rf,0.14,5715,0.24585688302021674,0.26705806080495104,0.08623381832670085
FB15k-237,balanced5_rf,0.16,6531,0.251099676182653,0.2707188568607411,0.07813303854608256
FB15k-237,balanced5_rf,0.18,7347,0.25476196064702233,0.2731249360579368,0.07207895309126133
FB15k-237,balanced5_rf,0.2,8164,0.2575553475421366,0.27478196486694223,0.0668851083435078
FB15k-237,balanced5_rf,0.22,8980,0.2618867388020124,0.27874614431621814,0.06437670571380671
FB15k-237,balanced5_rf,0.24,9797,0.26796773109905786,0.28347131355022354,0.0578561544988212
FB15k-237,balanced5_rf,0.26,10613,0.2712562296831463,0.2854843352962761,0.0524526409209094
FB15k-237,balanced5_rf,0.28,11429,0.27581705389242656,0.2892042698622779,0.04853657807204548
FB15k-237,balanced5_rf,0.3,12246,0.2809623227767747,0.2933410797594272,0.044058423422443926
FB15k-237,balanced5_rf,0.32,13062,0.28430403044815167,0.29551508781959257,0.03943333956176698
FB15k-237,balanced5_rf,0.34,13878,0.28389706360482936,0.29466860751729707,0.03794172357999859
FB15k-237,balanced5_rf,0.36,14695,0.2803770904840903,0.2905216279209944,0.03618176299421916
FB15k-237,balanced5_rf,0.38,15511,0.2787252717417294,0.2882087315534924,0.0340243988372555
FB15k-237,balanced5_rf,0.4,16328,0.27582396900955625,0.28474179119561766,0.03233157081338511
FB15k-237,balanced5_rf,0.42,17144,0.2741674540153969,0.28272993572054533,0.03123084662218001
FB15k-237,balanced5_rf,0.44,17960,0.2731109448170414,0.28117305935007697,0.029519558575129334
FB15k-237,balanced5_rf,0.46,18777,0.2765889718059994,0.2842395865577122,0.027660592183982535
FB15k-237,balanced5_rf,0.48,19593,0.280662002941284,0.288022650763059,0.02622602185061318
FB15k-237,balanced5_rf,0.5,20410,0.28751658790181733,0.2945428508855197,0.024437765608507078
FB15k-237,balanced5_rf,0.52,21226,0.2946819075436024,0.3014299564323312,0.022899433986222517
FB15k-237,balanced5_rf,0.54,22042,0.3011319269688466,0.30767793608387667,0.021738010914091
FB15k-237,balanced5_rf,0.56,22859,0.3130514068247657,0.3193626693860413,0.020160467014953998
FB15k-237,balanced5_rf,0.58,23675,0.32252548128647074,0.3286176090732319,0.018888826279589654
FB15k-237,balanced5_rf,0.6,24491,0.33132925442328615,0.33721830954968723,0.017774027037400053
FB15k-237,balanced5_rf,0.62,25308,0.3377908167562558,0.343464028819129,0.016795045280840082
FB15k-237,balanced5_rf,0.64,26124,0.3440676875614704,0.34956243866967024,0.015969971336579514
FB15k-237,balanced5_rf,0.66,26941,0.35078636551792997,0.3561078196622537,0.015170071209770875
FB15k-237,balanced5_rf,0.68,27757,0.3567105709035547,0.36189028517112426,0.014520775917711948
FB15k-237,balanced5_rf,0.7,28573,0.359410998156963,0.36444149139072807,0.013996492204081612
FB15k-237,balanced5_rf,0.72,29390,0.3651869879620363,0.3700947327668445,0.013438991438869063
FB15k-237,balanced5_rf,0.74,30206,0.36434128665435334,0.36911645118501996,0.013106295403728874
FB15k-237,balanced5_rf,0.76,31022,0.36212711687152327,0.3667766717723037,0.012839565677789322
FB15k-237,balanced5_rf,0.78,31839,0.35964980928119866,0.36418005495888983,0.012596268817006706
FB15k-237,balanced5_rf,0.8,32655,0.3572941520655065,0.3617316090797057,0.01241961836919625
FB15k-237,balanced5_rf,0.82,33472,0.3538780727455858,0.35820741226235114,0.012233986364783345
FB15k-237,balanced5_rf,0.84,34288,0.35397746031363847,0.35820379755425236,0.011939565973689836
FB15k-237,balanced5_rf,0.86,35104,0.35170287328906724,0.35583809011068773,0.011757699853142123
FB15k-237,balanced5_rf,0.88,35921,0.3506605349823911,0.35470177222203125,0.011524642314947542
FB15k-237,balanced5_rf,0.9,36737,0.3486435126481506,0.352589325947114,0.011317615718682505
FB15k-237,balanced5_rf,0.92,37553,0.35118089334377167,0.355057292491211,0.011038183514285649
FB15k-237,balanced5_rf,0.94,38370,0.353567939926564,0.35732825788176764,0.010635347639225134
FB15k-237,balanced5_rf,0.96,39186,0.35541109292292716,0.35905494441437513,0.01025249792143712
FB15k-237,balanced5_rf,0.98,40003,0.3548039465334127,0.35828839071152446,0.009820759357826558
FB15k-237,balanced5_rf,1.0,40819,0.35281198551723697,0.3560530550713822,0.009186393000208515
KG20C,balanced5_rf,0.02,149,0.18395690202415999,0.2331271527984608,0.2672922311327195
KG20C,balanced5_rf,0.04,298,0.19232370606680674,0.2300450484789021,0.19613464810725012
KG20C,balanced5_rf,0.06,447,0.19888263343384924,0.22569957000745172,0.13483800023455594
KG20C,balanced5_rf,0.08,596,0.2009728810166881,0.22721446835675374,0.1305727778161605
KG20C,balanced5_rf,0.1,745,0.19599581066757168,0.21990053504128398,0.12196548636571158
KG20C,balanced5_rf,0.12,894,0.2025432295409116,0.22413912890626167,0.10662365468497637
KG20C,balanced5_rf,0.14,1043,0.19505799659522655,0.21472882278396135,0.10084603826601679
KG20C,balanced5_rf,0.16,1192,0.1926857702196908,0.20972491392025985,0.08842969400979572
KG20C,balanced5_rf,0.18,1341,0.18861918704231062,0.2042032692739385,0.08262193510637972
KG20C,balanced5_rf,0.2,1490,0.1912728938537933,0.2053055397951156,0.0733645299058876
KG20C,balanced5_rf,0.22,1639,0.19141678040044163,0.20561460211212257,0.07417229399626968
KG20C,balanced5_rf,0.24,1788,0.19046333592510253,0.20510822795611133,0.07689087225043534
KG20C,balanced5_rf,0.26,1936,0.18799292197335,0.2016247393296214,0.07251239681355592
KG20C,balanced5_rf,0.28,2085,0.1838972130866726,0.19768850765528165,0.07499458168574358
KG20C,balanced5_rf,0.3,2234,0.18214595787059878,0.19483710757971076,0.06967571423203411
KG20C,balanced5_rf,0.32,2383,0.17939889377085355,0.1920264282197007,0.07038802850688874
KG20C,balanced5_rf,0.34,2532,0.18002424758670293,0.19178934720908847,0.06535286096235038
KG20C,balanced5_rf,0.36,2681,0.18079584394841636,0.19191883192645107,0.06152236542123313
KG20C,balanced5_rf,0.38,2830,0.1838784050261647,0.19484623108490778,0.059647167687703284
KG20C,balanced5_rf,0.4,2979,0.1826118586518821,0.19312151322498644,0.05755187341441603
KG20C,balanced5_rf,0.42,3128,0.18192837297547962,0.1933087786158537,0.06255431989109206
KG20C,balanced5_rf,0.44,3277,0.1805526584333342,0.19228693259364443,0.0649908689361276
KG20C,balanced5_rf,0.46,3426,0.1797333778202277,0.1915133326975895,0.06554127575093105
KG20C,balanced5_rf,0.48,3575,0.1784369661139406,0.1899863470587246,0.06472527075700873
KG20C,balanced5_rf,0.5,3724,0.1778850400688228,0.18927803544298688,0.06404695622384082
KG20C,balanced5_rf,0.52,3873,0.175466377530055,0.18701923878938856,0.06584088314785386
KG20C,balanced5_rf,0.54,4022,0.17641317291849734,0.18801741154237522,0.06577875354715723
KG20C,balanced5_rf,0.56,4171,0.1756671076513663,0.18721052187379378,0.06571187046203808
KG20C,balanced5_rf,0.58,4320,0.1741061202214566,0.18531003052681447,0.06435104229022448
KG20C,balanced5_rf,0.6,4469,0.17460318656056223,0.18573254530619027,0.06374086845068971
KG20C,balanced5_rf,0.62,4618,0.17503406385072795,0.18574968926945765,0.0612202286971304
KG20C,balanced5_rf,0.64,4767,0.17636164060598924,0.1866982757466343,0.058610450124685576
KG20C,balanced5_rf,0.66,4916,0.17778959310529044,0.1877297018800152,0.05590939605130907
KG20C,balanced5_rf,0.68,5065,0.18059786787556065,0.19034774338553723,0.053986659004715554
KG20C,balanced5_rf,0.7,5214,0.18296206783405522,0.1924665549286201,0.05194785567894522
KG20C,balanced5_rf,0.72,5363,0.18625910553529146,0.19571841877332274,0.05078577614149982
KG20C,balanced5_rf,0.74,5512,0.19133553416826862,0.2006403784822458,0.048631031106820544
KG20C,balanced5_rf,0.76,5660,0.19480792796065485,0.2039966108086679,0.04716791017801336
KG20C,balanced5_rf,0.78,5809,0.1997267221803463,0.2084437297381854,0.043644673395120126
KG20C,balanced5_rf,0.8,5958,0.20636952001937206,0.2149017913683922,0.04134462951805662
KG20C,balanced5_rf,0.82,6107,0.21091801042290603,0.219438599548973,0.040397636545985494
KG20C,balanced5_rf,0.84,6256,0.21266587746017512,0.22092275715072063,0.03882559717222023
KG20C,balanced5_rf,0.86,6405,0.2204117554305854,0.22841284911518409,0.036300666763295686
KG20C,balanced5_rf,0.88,6554,0.22872199262455234,0.23643430584066585,0.03371915891259869
KG20C,balanced5_rf,0.9,6703,0.23008332796515452,0.23768261771290639,0.033028424158149994
KG20C,balanced5_rf,0.92,6852,0.2305080670912693,0.23793329817857747,0.03221245651401938
KG20C,balanced5_rf,0.94,7001,0.22945353471881588,0.23673044196333393,0.03171407776932056
KG20C,balanced5_rf,0.96,7150,0.2273818849925767,0.23468720693066833,0.032127985649912816
KG20C,balanced5_rf,0.98,7299,0.22616728475017653,0.23353529722197439,0.032577711139506915
KG20C,balanced5_rf,1.0,7448,0.22638074035722044,0.23398674950607826,0.033598304947920044
WN18RR,balanced5_rf,0.02,121,0.5589951277740414,0.5871363632061909,0.050342541524842854
WN18RR,balanced5_rf,0.04,242,0.45917025415450546,0.4730392522675981,0.030204478595048156
WN18RR,balanced5_rf,0.06,363,0.434718877647742,0.4479727444675714,0.030488362712808526
WN18RR,balanced5_rf,0.08,484,0.3900478999042677,0.3997339361512863,0.02483294038859296
WN18RR,balanced5_rf,0.1,606,0.3614988954211457,0.37064891850998594,0.025311344528952118
WN18RR,balanced5_rf,0.12,727,0.3510980436077602,0.3597263672456236,0.024575254106237177
WN18RR,balanced5_rf,0.14,848,0.3464924712663391,0.35499184261476874,0.02452974322174062
WN18RR,balanced5_rf,0.16,969,0.34249308370734194,0.3505400732336864,0.023495334385264854
WN18RR,balanced5_rf,0.18,1090,0.34048696574848253,0.34782530773121867,0.021552490171259597
WN18RR,balanced5_rf,0.2,1211,0.3345843229628036,0.3414930170870849,0.020648588861257977
WN18RR,balanced5_rf,0.22,1332,0.3334093693712081,0.3400178033276261,0.019820780588383435
WN18RR,balanced5_rf,0.24,1453,0.3314911541403693,0.3380829181659779,0.019885188317324998
WN18RR,balanced5_rf,0.26,1574,0.32574826197710727,0.3320764517030381,0.019426626215969245
WN18RR,balanced5_rf,0.28,1695,0.3202285344732139,0.32655341716849823,0.01975115273749406
WN18RR,balanced5_rf,0.3,1816,0.31099998579200533,0.3169831333294022,0.019238417397865692
WN18RR,balanced5_rf,0.32,1938,0.3056200649430053,0.31061669342105513,0.0163491506324418
WN18RR,balanced5_rf,0.34,2059,0.2987498690131513,0.3035965757982056,0.016223293422903184
WN18RR,balanced5_rf,0.36,2180,0.29186650587636703,0.29655178172004626,0.016052804105120222
WN18RR,balanced5_rf,0.38,2301,0.2857974872986829,0.29028984035556954,0.015718658338629066
WN18RR,balanced5_rf,0.4,2422,0.2801482981080697,0.28452263944288864,0.015614377686247849
WN18RR,balanced5_rf,0.42,2543,0.2720596613064757,0.2762479065092568,0.01539458360959678
WN18RR,balanced5_rf,0.44,2664,0.2653824791652557,0.26939467767278763,0.01511855085592706
WN18RR,balanced5_rf,0.46,2785,0.26302320063353685,0.2669449782370418,0.014910386589694902
WN18RR,balanced5_rf,0.48,2906,0.25742987623331937,0.2610436244356311,0.01403779644844505
WN18RR,balanced5_rf,0.5,3028,0.2528039240012986,0.25631717540571564,0.013897139525409496
WN18RR,balanced5_rf,0.52,3149,0.24915034157685287,0.25254963975536393,0.013643562184170399
WN18RR,balanced5_rf,0.54,3270,0.2483838456791583,0.2517313219960327,0.013477029102763716
WN18RR,balanced5_rf,0.56,3391,0.24413437912991595,0.2476112923432428,0.01424180087097282
WN18RR,balanced5_rf,0.58,3512,0.24128921251754615,0.24472735839953033,0.014249065866275279
WN18RR,balanced5_rf,0.6,3633,0.2399831546456944,0.24335269223509032,0.0140407254599626
WN18RR,balanced5_rf,0.62,3754,0.24482867802774408,0.248099882864003,0.013361199605416374
WN18RR,balanced5_rf,0.64,3875,0.2569318407939756,0.2600825253547593,0.012262725207772718
WN18RR,balanced5_rf,0.66,3996,0.2728040460569253,0.27600526657958746,0.011734505293935937
WN18RR,balanced5_rf,0.68,4117,0.2937464050603375,0.2968524079984639,0.010573756426017988
WN18RR,balanced5_rf,0.7,4238,0.3133472416248674,0.31637242949435984,0.009654426360370394
WN18RR,balanced5_rf,0.72,4360,0.33255416524490494,0.335494703362086,0.008842283226299541
WN18RR,balanced5_rf,0.74,4481,0.3505701727188617,0.3534313077759716,0.008161376180181756
WN18RR,balanced5_rf,0.76,4602,0.3674483617720449,0.37023444229748415,0.007582236894466465
WN18RR,balanced5_rf,0.78,4723,0.38364772512560935,0.386362428191049,0.007076030659508792
WN18RR,balanced5_rf,0.8,4844,0.39869679203326464,0.40134368356465844,0.006638858361250444
WN18RR,balanced5_rf,0.82,4965,0.41316051802615145,0.41574258989978274,0.006249561032518169
WN18RR,balanced5_rf,0.84,5086,0.4271155283989076,0.4296361707214753,0.005901546900007659
WN18RR,balanced5_rf,0.86,5207,0.4404144354240475,0.442886104403052,0.005612143427189631
WN18RR,balanced5_rf,0.88,5328,0.45301185921665316,0.4554414708261354,0.005363240630573252
WN18RR,balanced5_rf,0.9,5450,0.46525085271771527,0.46762607669116873,0.005105254422595573
WN18RR,balanced5_rf,0.92,5571,0.4768597972953975,0.4791834323080203,0.004872784465794089
WN18RR,balanced5_rf,0.94,5692,0.4879751781717798,0.4902494175701146,0.004660563692717501
WN18RR,balanced5_rf,0.96,5813,0.49862101933488756,0.500856519795307,0.004483365870538991
WN18RR,balanced5_rf,0.98,5934,0.5086709001944129,0.5108608173239466,0.004305174777438081
WN18RR,balanced5_rf,1.0,6055,0.5112021246888967,0.5133269561687425,0.004156538827257084
YAGO3-10,balanced5_rf,0.02,200,0.36553705272869297,0.48597362177074305,0.329478415780301
YAGO3-10,balanced5_rf,0.04,399,0.4049854094604468,0.487050056572938,0.20263605847386978
YAGO3-10,balanced5_rf,0.06,598,0.41493449633852536,0.48975458532879107,0.1803178324542667
YAGO3-10,balanced5_rf,0.08,798,0.4245906174349673,0.5037735178150292,0.1864923461060466
YAGO3-10,balanced5_rf,0.1,998,0.43460274306954944,0.5128636812073141,0.18007465296932224
YAGO3-10,balanced5_rf,0.12,1197,0.43520092082907896,0.5114525976250331,0.17521028367929703
YAGO3-10,balanced5_rf,0.14,1397,0.4377781241053267,0.5113543622310432,0.1680674160594069
YAGO3-10,balanced5_rf,0.16,1596,0.4388388567765691,0.5067437530149685,0.15473765640806203
YAGO3-10,balanced5_rf,0.18,1796,0.45052027275964607,0.5171663922787536,0.14793145513934158
YAGO3-10,balanced5_rf,0.2,1995,0.448103975024414,0.511526485442178,0.141535255103034
YAGO3-10,balanced5_rf,0.22,2194,0.45199538461144395,0.5127029498316663,0.13431014405691188
YAGO3-10,balanced5_rf,0.24,2394,0.45562449259323634,0.5121466000890977,0.1240541463742646
YAGO3-10,balanced5_rf,0.26,2594,0.45849568293085124,0.5135519332672328,0.12008019352427568
YAGO3-10,balanced5_rf,0.28,2793,0.46224885465835525,0.5138875487419113,0.11171189190229991
YAGO3-10,balanced5_rf,0.3,2992,0.4638234389895275,0.5137063961682425,0.10754729706499666
YAGO3-10,balanced5_rf,0.32,3192,0.464167210155637,0.5126991360728442,0.10455698906636313
YAGO3-10,balanced5_rf,0.34,3392,0.4680034209197653,0.5128673645920134,0.09586242678328549
YAGO3-10,balanced5_rf,0.36,3591,0.4708784405955555,0.5143117745189573,0.09223895209232413
YAGO3-10,balanced5_rf,0.38,3790,0.47533944177025744,0.5175909982022336,0.08888712511342023
YAGO3-10,balanced5_rf,0.4,3990,0.47845934354525443,0.5193846178410074,0.08553553159294114
YAGO3-10,balanced5_rf,0.42,4190,0.48505256834177174,0.5250048753386041,0.08236696309724856
YAGO3-10,balanced5_rf,0.44,4389,0.49157692291690497,0.5304857609729338,0.07915106719239917
YAGO3-10,balanced5_rf,0.46,4588,0.4981174934116642,0.5361083847011487,0.07626893612846342
YAGO3-10,balanced5_rf,0.48,4788,0.5037751439710071,0.5402415738715818,0.07238632222528496
YAGO3-10,balanced5_rf,0.5,4988,0.5108026298880505,0.5462416000830551,0.06937898930311226
YAGO3-10,balanced5_rf,0.52,5187,0.5164218357445691,0.5510234057566976,0.06700253091010477
YAGO3-10,balanced5_rf,0.54,5386,0.5211292227177082,0.554007530256428,0.06309050827596696
YAGO3-10,balanced5_rf,0.56,5586,0.5250682174026714,0.5572187312774836,0.06123111780379609
YAGO3-10,balanced5_rf,0.58,5786,0.5300891574574587,0.5610641573918606,0.05843356631358332
YAGO3-10,balanced5_rf,0.6,5985,0.532229793738906,0.5621373482175661,0.056192935514864706
YAGO3-10,balanced5_rf,0.62,6184,0.5376416195204539,0.5666716848344723,0.05399519728385527
YAGO3-10,balanced5_rf,0.64,6384,0.5434694133025767,0.5718308403549653,0.052185875337566356
YAGO3-10,balanced5_rf,0.66,6584,0.5481300410185662,0.5758158058220751,0.05050948266229249
YAGO3-10,balanced5_rf,0.68,6783,0.551854327679356,0.5788259247065832,0.04887448675205186
YAGO3-10,balanced5_rf,0.7,6982,0.5563428008635074,0.5823769624322913,0.046795180109054924
YAGO3-10,balanced5_rf,0.72,7182,0.560705054243563,0.5860931565072302,0.04527888962570126
YAGO3-10,balanced5_rf,0.74,7382,0.5635022788863967,0.5885073936720988,0.044374469674049344
YAGO3-10,balanced5_rf,0.76,7581,0.5668882063490023,0.5912008823416401,0.042887955191768246
YAGO3-10,balanced5_rf,0.78,7780,0.5704319712613225,0.594258124674557,0.04176861503844309
YAGO3-10,balanced5_rf,0.8,7980,0.5737470071829357,0.5969785856112965,0.040490979713212694
YAGO3-10,balanced5_rf,0.82,8179,0.5750265622663797,0.5978512835507348,0.03969333380773743
YAGO3-10,balanced5_rf,0.84,8379,0.5757622459489,0.5980374316573316,0.03868816662634833
YAGO3-10,balanced5_rf,0.86,8578,0.5751657249376503,0.5970320908494183,0.03801750515321212
YAGO3-10,balanced5_rf,0.88,8778,0.5718445690225225,0.5931875689607559,0.037323078847659286
YAGO3-10,balanced5_rf,0.9,8978,0.5706955948644244,0.5916771101874087,0.03676481036789614
YAGO3-10,balanced5_rf,0.92,9177,0.5713371626795176,0.5918059615764648,0.03582612900752058
YAGO3-10,balanced5_rf,0.94,9376,0.5776400208172929,0.5976246092143298,0.0345969594848381
YAGO3-10,balanced5_rf,0.96,9576,0.5711718652914038,0.5906157711111572,0.03404212812518925
YAGO3-10,balanced5_rf,0.98,9776,0.563902787893783,0.5829861423497568,0.033841567847627596
YAGO3-10,balanced5_rf,1.0,9975,0.561672321790585,0.5802260659200454,0.03303303974515237
codex-l,balanced5_rf,0.02,1223,0.28126139681422346,0.3299774081242311,0.1732054660248492
codex-l,balanced5_rf,0.04,2445,0.316352733956342,0.35718670786809253,0.1290773542592043
codex-l,balanced5_rf,0.06,3668,0.33743419255963997,0.37139103587992406,0.10063249092423376
codex-l,balanced5_rf,0.08,4890,0.35596918863482535,0.38660065273219363,0.08605088607483924
codex-l,balanced5_rf,0.1,6113,0.3751569561808966,0.4026962437611711,0.07340737557054733
codex-l,balanced5_rf,0.12,7335,0.38789954808475136,0.4126653931513111,0.06384602711923937
codex-l,balanced5_rf,0.14,8558,0.39178201421921144,0.4148382904763456,0.05884975680438864
codex-l,balanced5_rf,0.16,9781,0.3773053029043864,0.3984192091214512,0.05595973884951011
codex-l,balanced5_rf,0.18,11003,0.3643984057108967,0.3838253186954876,0.05331228863828685
codex-l,balanced5_rf,0.2,12226,0.36058453289967807,0.378828639534317,0.05059592126131163
codex-l,balanced5_rf,0.22,13448,0.35930044419821267,0.3762199047571005,0.047090007352047714
codex-l,balanced5_rf,0.24,14671,0.35557431720017835,0.37150277321633973,0.04479641876720275
codex-l,balanced5_rf,0.26,15894,0.34762032972513135,0.3635360340334385,0.04578473393915683
codex-l,balanced5_rf,0.28,17116,0.34940075500209283,0.3643822127328177,0.042877576869102985
codex-l,balanced5_rf,0.3,18339,0.3509826451226408,0.36473060444879696,0.03916991200904629
codex-l,balanced5_rf,0.32,19561,0.3495758585524145,0.36290095136509837,0.038117886251821664
codex-l,balanced5_rf,0.34,20784,0.346360179994004,0.3590741942803247,0.03670749416558472
codex-l,balanced5_rf,0.36,22006,0.34024246427773874,0.35237527888141573,0.03565931909596398
codex-l,balanced5_rf,0.38,23229,0.3336014893751268,0.3451848422375765,0.03472212574394273
codex-l,balanced5_rf,0.4,24452,0.3285189426054262,0.3396344778918918,0.03383529484878478
codex-l,balanced5_rf,0.42,25674,0.32356696509841537,0.33424195574723864,0.03299159617724379
codex-l,balanced5_rf,0.44,26897,0.32028932318487346,0.3304558830331796,0.031741800654522256
codex-l,balanced5_rf,0.46,28119,0.31749056616675436,0.3273545206424204,0.031068496285603597
codex-l,balanced5_rf,0.48,29342,0.31438482599935236,0.3240314664563727,0.030684179576275783
codex-l,balanced5_rf,0.5,30564,0.31164205015437463,0.32102919796872137,0.030121569954044247
codex-l,balanced5_rf,0.52,31787,0.31012891632486955,0.3191263164314331,0.029011806487397873
codex-l,balanced5_rf,0.54,33010,0.3074549075580453,0.31617339516023524,0.028356963534706292
codex-l,balanced5_rf,0.56,34232,0.30799941578462314,0.3164272185284737,0.027363047823908637
codex-l,balanced5_rf,0.58,35455,0.3084704753221125,0.3167059898113191,0.026697901900033738
codex-l,balanced5_rf,0.6,36677,0.30681087003558244,0.3149262904926648,0.026450889618549578
codex-l,balanced5_rf,0.62,37900,0.3058216390716454,0.3137333728346359,0.02587041841449622
codex-l,balanced5_rf,0.64,39123,0.3083864934139544,0.3160051576995362,0.024704922064647805
codex-l,balanced5_rf,0.66,40345,0.3112409856717729,0.3188056642834003,0.02430489222137644
codex-l,balanced5_rf,0.68,41568,0.3110901552988944,0.31836221015448785,0.023376036598157457
codex-l,balanced5_rf,0.7,42790,0.31494007188137424,0.3220374738332651,0.02253572214387556
codex-l,balanced5_rf,0.72,44013,0.31630340635171217,0.32321334658567213,0.021845924182923637
codex-l,balanced5_rf,0.74,45235,0.3181408137925764,0.32494213023750673,0.02137832101405479
codex-l,balanced5_rf,0.76,46458,0.321946633514208,0.3286716537893279,0.02088861809708309
codex-l,balanced5_rf,0.78,47681,0.32479740817329106,0.33138655926842575,0.02028695712873163
codex-l,balanced5_rf,0.8,48903,0.32985759367784084,0.3363512202765458,0.019686151609555003
codex-l,balanced5_rf,0.82,50126,0.33338687130799877,0.339740883274862,0.019058974763865644
codex-l,balanced5_rf,0.84,51348,0.33705306800279755,0.34335594606904485,0.018699957557410496
codex-l,balanced5_rf,0.86,52571,0.3392321354417164,0.3454001028334719,0.018182143574706267
codex-l,balanced5_rf,0.88,53794,0.3379379705381844,0.34398837930064025,0.017903903348949646
codex-l,balanced5_rf,0.9,55016,0.3399605120572309,0.3458716592767105,0.017387746546529748
codex-l,balanced5_rf,0.92,56239,0.3408698946806517,0.34658422134837347,0.016763952337519594
codex-l,balanced5_rf,0.94,57461,0.34137828759436206,0.346909907641294,0.016203784036507907
codex-l,balanced5_rf,0.96,58684,0.3401844415451328,0.3456020955246511,0.015925637148221927
codex-l,balanced5_rf,0.98,59906,0.3354996164999308,0.34079533993334116,0.015784588634280672
codex-l,balanced5_rf,1.0,61129,0.32990176871301513,0.334842792661744,0.014977258133547888
codex-m,balanced5_rf,0.02,412,0.13894853190587886,0.18095951797621834,0.3023492619468404
codex-m,balanced5_rf,0.04,824,0.21927438278134767,0.2401350030338015,0.09513478039637335
codex-m,balanced5_rf,0.06,1236,0.25277946321768435,0.2680389408033183,0.06036676156912746
codex-m,balanced5_rf,0.08,1648,0.2588202765381377,0.270432527169123,0.044866077674846405
codex-m,balanced5_rf,0.1,2059,0.27087610538906026,0.28038283338578823,0.035096222249184406
codex-m,balanced5_rf,0.12,2471,0.2775301694220855,0.28641446188184094,0.032011988023700644
codex-m,balanced5_rf,0.14,2883,0.27677880161326934,0.2849331012441142,0.029461431234312885
codex-m,balanced5_rf,0.16,3295,0.2789301524994728,0.286198636963787,0.02605843935903618
codex-m,balanced5_rf,0.18,3707,0.2778261611631197,0.2849706635541899,0.025715729437284507
codex-m,balanced5_rf,0.2,4119,0.27901635773572,0.28532018215155186,0.02259302811845454
codex-m,balanced5_rf,0.22,4531,0.2757063331892246,0.2815033493735703,0.021026053762671637
codex-m,balanced5_rf,0.24,4943,0.27425855274209543,0.2796119566618441,0.019519551409515445
codex-m,balanced5_rf,0.26,5354,0.2740885266769039,0.27953508009406536,0.019871511891418336
codex-m,balanced5_rf,0.28,5766,0.27286770122600634,0.2783976335166596,0.020265983353130457
codex-m,balanced5_rf,0.3,6178,0.2688483964369074,0.27447969292584085,0.02094599247593054
codex-m,balanced5_rf,0.32,6590,0.26785381487288246,0.27358506013502054,0.02139691482407291
codex-m,balanced5_rf,0.34,7002,0.26765275966522806,0.27346838767356907,0.021728257222585867
codex-m,balanced5_rf,0.36,7414,0.26678958298265165,0.2724313836273432,0.021147004997786656
codex-m,balanced5_rf,0.38,7826,0.2666995383492995,0.27234403533822105,0.021164254815952743
codex-m,balanced5_rf,0.4,8238,0.26281399938685157,0.26852134178112086,0.021716279983503783
codex-m,balanced5_rf,0.42,8649,0.26122511015389344,0.26657033848909195,0.020462153626998214
codex-m,balanced5_rf,0.44,9061,0.2608402615303865,0.26612313815878685,0.02025330214517118
codex-m,balanced5_rf,0.46,9473,0.25836285329171194,0.26362873374588836,0.020381724334925355
codex-m,balanced5_rf,0.48,9885,0.2589009088154601,0.26393837853658947,0.01945713417607209
codex-m,balanced5_rf,0.5,10297,0.2595356752537312,0.2644608487944847,0.01897686526501019
codex-m,balanced5_rf,0.52,10709,0.26442384578640044,0.26951622678790843,0.019258403062564877
codex-m,balanced5_rf,0.54,11121,0.2662172787714978,0.2711205785297955,0.018418412887866387
codex-m,balanced5_rf,0.56,11533,0.2693616848690166,0.27414877370841095,0.017771973923173867
codex-m,balanced5_rf,0.58,11945,0.27463612556376177,0.279172395276966,0.016517381695115185
codex-m,balanced5_rf,0.6,12356,0.27636927567002917,0.2807669250733894,0.0159122224881858
codex-m,balanced5_rf,0.62,12768,0.2836171022031385,0.2879748770644111,0.015364993251187453
codex-m,balanced5_rf,0.64,13180,0.2892155321755616,0.2934443445167705,0.014621664021287284
codex-m,balanced5_rf,0.66,13592,0.29599430380679176,0.3000768742510428,0.013792733142986124
codex-m,balanced5_rf,0.68,14004,0.2993982566293373,0.3033540726523613,0.013212555301955087
codex-m,balanced5_rf,0.7,14416,0.30259240988791664,0.3064092604754122,0.01261383452714293
codex-m,balanced5_rf,0.72,14828,0.30666228359026,0.31043993684360127,0.012318610587237044
codex-m,balanced5_rf,0.74,15240,0.3097192582150049,0.3133634438877499,0.01176609324763156
codex-m,balanced5_rf,0.76,15651,0.3126724098592414,0.3161118008585431,0.010999982380441198
codex-m,balanced5_rf,0.78,16063,0.3160416798787049,0.3193336839587154,0.010416360529642787
codex-m,balanced5_rf,0.8,16475,0.31969518862291607,0.3229020331875773,0.010030944095451355
codex-m,balanced5_rf,0.82,16887,0.32399049130553637,0.3271768562093007,0.009834748207963484
codex-m,balanced5_rf,0.84,17299,0.32743356569105947,0.3304057119020766,0.009077096921155103
codex-m,balanced5_rf,0.86,17711,0.3306764565042159,0.3334992545340896,0.008536434857549846
codex-m,balanced5_rf,0.88,18123,0.3331920543002861,0.3360674477400521,0.008629837964787113
codex-m,balanced5_rf,0.9,18535,0.33781702529754914,0.340625789782919,0.008314455089692085
codex-m,balanced5_rf,0.92,18946,0.34190427010843133,0.3446121396493771,0.007919964088447973
codex-m,balanced5_rf,0.94,19358,0.3436019389426643,0.3462568028732968,0.007726568536842615
codex-m,balanced5_rf,0.96,19770,0.34172805923626753,0.3443973274334663,0.007811088744554162
codex-m,balanced5_rf,0.98,20182,0.34392427254148183,0.3465232589422388,0.007556856576453219
codex-m,balanced5_rf,1.0,20594,0.3423415349994885,0.3449297847479118,0.0075604315685129375
hetionet,balanced5_rf,0.02,9001,0.3060820043117563,0.5343637712310005,0.7458189756452669
hetionet,balanced5_rf,0.04,18002,0.36277089858063943,0.5623602375493303,0.5501801267675959
hetionet,balanced5_rf,0.06,27002,0.3876424894388451,0.5647806560936509,0.45696272075652145
hetionet,balanced5_rf,0.08,36003,0.42453269881368694,0.5828875728849083,0.37300984002817184
hetionet,balanced5_rf,0.1,45004,0.4563627259630479,0.6010666555489709,0.3170809563391901
hetionet,balanced5_rf,0.12,54005,0.48095668999759866,0.6155553766039616,0.2798561479767232
hetionet,balanced5_rf,0.14,63006,0.4993220016634968,0.6255252350910128,0.25274919392109396
hetionet,balanced5_rf,0.16,72006,0.5124485671024644,0.6311331858986887,0.23160298694423553
hetionet,balanced5_rf,0.18,81007,0.526844714770893,0.636301171231494,0.2077584787164466
hetionet,balanced5_rf,0.2,90008,0.5456414918530942,0.6469062633905429,0.18558847347465424
hetionet,balanced5_rf,0.22,99009,0.5630138211146403,0.655162337151328,0.16367007803512612
hetionet,balanced5_rf,0.24,108010,0.5724958110501728,0.657248826961859,0.14804128567546604
hetionet,balanced5_rf,0.26,117010,0.5780732099355728,0.6576472046001982,0.13765383570273748
hetionet,balanced5_rf,0.28,126011,0.581985355215669,0.6572392285419907,0.1293054415405943
hetionet,balanced5_rf,0.3,135012,0.5824601159793434,0.6534779028414673,0.12192729581615258
hetionet,balanced5_rf,0.32,144013,0.5793819618859898,0.6462749771279399,0.11545581264594706
hetionet,balanced5_rf,0.34,153014,0.5743447381931784,0.6375903287936938,0.11011782017796246
hetionet,balanced5_rf,0.36,162014,0.5705926059695098,0.6302108023966437,0.10448469854570752
hetionet,balanced5_rf,0.38,171015,0.5671924575437669,0.6236599368934512,0.09955611820759636
hetionet,balanced5_rf,0.4,180016,0.5655567843493278,0.6191788701278362,0.0948129122705168
hetionet,balanced5_rf,0.42,189017,0.563805913286512,0.6147097108054816,0.0902860298542163
hetionet,balanced5_rf,0.44,198018,0.5620179905522611,0.610494910972903,0.08625510434818384
hetionet,balanced5_rf,0.46,207018,0.5611740715359841,0.6074272989435155,0.08242224606160464
hetionet,balanced5_rf,0.48,216019,0.5602757439939641,0.6044870681579578,0.07890993789741874
hetionet,balanced5_rf,0.5,225020,0.5581129992637104,0.6002260863756891,0.07545620182209745
hetionet,balanced5_rf,0.52,234021,0.5555327303598087,0.5956586070248876,0.07222954557347161
hetionet,balanced5_rf,0.54,243022,0.5497750096744797,0.5882303639647148,0.06994743961353289
hetionet,balanced5_rf,0.56,252022,0.5449652012781545,0.5817892518004839,0.0675713796696793
hetionet,balanced5_rf,0.58,261023,0.5368495800677326,0.5721685960908294,0.065789407935535
hetionet,balanced5_rf,0.6,270024,0.5246242547903645,0.5587739867724364,0.06509369643177831
hetionet,balanced5_rf,0.62,279025,0.5115239496189066,0.5445697161857908,0.06460257939340641
hetionet,balanced5_rf,0.64,288026,0.4987272844669528,0.5307721081687401,0.0642531994936617
hetionet,balanced5_rf,0.66,297026,0.4874810270409394,0.5185847259551464,0.0638049425287579
hetionet,balanced5_rf,0.68,306027,0.4768585295845621,0.507028170650222,0.0632674875123731
hetionet,balanced5_rf,0.7,315028,0.46650922087045155,0.4958156433894439,0.06282067150636372
hetionet,balanced5_rf,0.72,324029,0.457597417109182,0.4861085034105873,0.06230604727081013
hetionet,balanced5_rf,0.74,333030,0.4486737924107964,0.4764309220854003,0.06186483397093534
hetionet,balanced5_rf,0.76,342030,0.441346684463459,0.4683832333798774,0.061259209297757744
hetionet,balanced5_rf,0.78,351031,0.4344957932465488,0.46079837973359095,0.06053588296105117
hetionet,balanced5_rf,0.8,360032,0.42748359170765315,0.4530936495757982,0.0599088675330004
hetionet,balanced5_rf,0.82,369033,0.4201718375585511,0.4451258699113174,0.05939006406941538
hetionet,balanced5_rf,0.84,378034,0.41296456026988454,0.437245741521156,0.05879725184021356
hetionet,balanced5_rf,0.86,387034,0.4057318828854789,0.42939720834934536,0.058327497695186636
hetionet,balanced5_rf,0.88,396035,0.39892972261169085,0.4217993671172512,0.057327502086930604
hetionet,balanced5_rf,0.9,405036,0.3929962427705343,0.41518008161169306,0.05644796674077024
hetionet,balanced5_rf,0.92,414037,0.3875267592799373,0.4090577948463169,0.055560125980426145
hetionet,balanced5_rf,0.94,423038,0.3812958799112279,0.4021142934935084,0.054599104472693005
hetionet,balanced5_rf,0.96,432038,0.37563981853786316,0.39565205973564765,0.05327507950482979
hetionet,balanced5_rf,0.98,441039,0.3704703823140312,0.3896280910545842,0.05171184973246756
hetionet,balanced5_rf,1.0,450040,0.37318845483349955,0.39032189792982713,0.045910967701216165
FB15k-237,balanced5_global_rf_lodo,0.02,816,0.10674201173358183,0.11213883213648593,0.0505594780841685
FB15k-237,balanced5_global_rf_lodo,0.04,1633,0.13662835915725605,0.14614199894101434,0.06963151605157103
FB15k-237,balanced5_global_rf_lodo,0.06,2449,0.16110373693090896,0.16945514390079558,0.051838691820464744
FB15k-237,balanced5_global_rf_lodo,0.08,3266,0.16738955872062672,0.17474103200702182,0.04391835035938363
FB15k-237,balanced5_global_rf_lodo,0.1,4082,0.18315159061093494,0.19088143796256835,0.04220464220839748
FB15k-237,balanced5_global_rf_lodo,0.12,4898,0.19161340905503496,0.19836277566638008,0.03522387417785877
FB15k-237,balanced5_global_rf_lodo,0.14,5715,0.2005315893786002,0.20756062833864244,0.03505202837031107
FB15k-237,balanced5_global_rf_lodo,0.16,6531,0.21824691430525822,0.22568946337880874,0.034101508821979376
FB15k-237,balanced5_global_rf_lodo,0.18,7347,0.235575896185942,0.2436131663672543,0.03411754051003779
FB15k-237,balanced5_global_rf_lodo,0.2,8164,0.2458430867843068,0.2536137167074813,0.031608088007746726
FB15k-237,balanced5_global_rf_lodo,0.22,8980,0.24927079353617937,0.2571274746547632,0.0315186589135783
FB15k-237,balanced5_global_rf_lodo,0.24,9797,0.2586820529579957,0.2666113968770504,0.030652856772952264
FB15k-237,balanced5_global_rf_lodo,0.26,10613,0.2655288564234939,0.2731749466777681,0.028795703628081037
FB15k-237,balanced5_global_rf_lodo,0.28,11429,0.26952176751611706,0.2769579952075792,0.02759045311995978
FB15k-237,balanced5_global_rf_lodo,0.3,12246,0.27269391943484284,0.2797339718609842,0.02581668282421501
FB15k-237,balanced5_global_rf_lodo,0.32,13062,0.27881629385307366,0.28566885464337427,0.024577332607080837
FB15k-237,balanced5_global_rf_lodo,0.34,13878,0.28476302236598755,0.2916305819076166,0.02411675323772422
FB15k-237,balanced5_global_rf_lodo,0.36,14695,0.29137685309622335,0.2978192135522009,0.022110062578821532
FB15k-237,balanced5_global_rf_lodo,0.38,15511,0.2984385120329491,0.30463315199753127,0.020756838393224175
FB15k-237,balanced5_global_rf_lodo,0.4,16328,0.3076213759310829,0.31376102260343425,0.01995845267178975
FB15k-237,balanced5_global_rf_lodo,0.42,17144,0.3156415986002107,0.32155210387030475,0.018725368570890577
FB15k-237,balanced5_global_rf_lodo,0.44,17960,0.3209387094419921,0.32658187264675,0.01758330496987881
FB15k-237,balanced5_global_rf_lodo,0.46,18777,0.32908226588612294,0.3344892327647504,0.016430441379355676
FB15k-237,balanced5_global_rf_lodo,0.48,19593,0.33871064032151993,0.34391916769717995,0.015377513297827994
FB15k-237,balanced5_global_rf_lodo,0.5,20410,0.3506603796410476,0.35569781151387286,0.014365557574487875
FB15k-237,balanced5_global_rf_lodo,0.52,21226,0.35923584680462406,0.3641894613641005,0.01378931029166064
FB15k-237,balanced5_global_rf_lodo,0.54,22042,0.3595824280163036,0.36489451717519084,0.014772938678322856
FB15k-237,balanced5_global_rf_lodo,0.56,22859,0.35938314374261576,0.36465517509658757,0.014669667862184266
FB15k-237,balanced5_global_rf_lodo,0.58,23675,0.356353732214788,0.3614667346305587,0.014348109626894257
FB15k-237,balanced5_global_rf_lodo,0.6,24491,0.3520471776675677,0.3569214152141006,0.01384541009198359
FB15k-237,balanced5_global_rf_lodo,0.62,25308,0.34593943841312685,0.3506847192441842,0.013717085432134013
FB15k-237,balanced5_global_rf_lodo,0.64,26124,0.3416301562569493,0.346225180152204,0.013450287719327214
FB15k-237,balanced5_global_rf_lodo,0.66,26941,0.33936891946330155,0.3438441065223843,0.013186791136206688
FB15k-237,balanced5_global_rf_lodo,0.68,27757,0.3377880640501672,0.34213098213942217,0.012856931761241697
FB15k-237,balanced5_global_rf_lodo,0.7,28573,0.34083417523715004,0.3450514622283408,0.012373427600845588
FB15k-237,balanced5_global_rf_lodo,0.72,29390,0.34367816301805554,0.3478025590848803,0.012000751024172862
FB15k-237,balanced5_global_rf_lodo,0.74,30206,0.3454348649696417,0.349465495517911,0.011668279484827071
FB15k-237,balanced5_global_rf_lodo,0.76,31022,0.3448761377315813,0.34880271911107663,0.01138548293112529
FB15k-237,balanced5_global_rf_lodo,0.78,31839,0.3433126370957964,0.34712505593713866,0.011104801948430554
FB15k-237,balanced5_global_rf_lodo,0.8,32655,0.3402287927406626,0.3439472849361866,0.010929387150247383
FB15k-237,balanced5_global_rf_lodo,0.82,33472,0.3371626784985146,0.340786322695501,0.010747465327786587
FB15k-237,balanced5_global_rf_lodo,0.84,34288,0.3352262826186357,0.338761972078301,0.010547172590544163
FB15k-237,balanced5_global_rf_lodo,0.86,35104,0.3400673230259824,0.3435249983288226,0.010167619964403407
FB15k-237,balanced5_global_rf_lodo,0.88,35921,0.3462455810887143,0.3496816408195462,0.009923764860847673
FB15k-237,balanced5_global_rf_lodo,0.9,36737,0.34827778165748546,0.35164162050458125,0.009658493950107871
FB15k-237,balanced5_global_rf_lodo,0.92,37553,0.353338752150987,0.35665098342019663,0.0093740956774373
FB15k-237,balanced5_global_rf_lodo,0.94,38370,0.3534718631716602,0.3569098219005607,0.009726258543048205
FB15k-237,balanced5_global_rf_lodo,0.96,39186,0.3505340111180984,0.35389768085071205,0.009595844129032027
FB15k-237,balanced5_global_rf_lodo,0.98,40003,0.35239158450716096,0.3556875177654329,0.00935304190899311
FB15k-237,balanced5_global_rf_lodo,1.0,40819,0.35281198551723697,0.35605305507138213,0.009186393000208293
KG20C,balanced5_global_rf_lodo,0.02,149,0.09003372129356213,0.10717755207426533,0.19041566353571415
KG20C,balanced5_global_rf_lodo,0.04,298,0.09459262966566012,0.110094133489547,0.1638764444828027
KG20C,balanced5_global_rf_lodo,0.06,447,0.09217571564469729,0.10368539458381809,0.12486671634301483
KG20C,balanced5_global_rf_lodo,0.08,596,0.09535484361514479,0.10645440100575049,0.11640265947479156
KG20C,balanced5_global_rf_lodo,0.1,745,0.10363087144288953,0.11573848837526654,0.11683407428499204
KG20C,balanced5_global_rf_lodo,0.12,894,0.11266424304459044,0.12484394868790569,0.10810622176278906
KG20C,balanced5_global_rf_lodo,0.14,1043,0.11985893782290856,0.13138962646358507,0.09620215938934051
KG20C,balanced5_global_rf_lodo,0.16,1192,0.1225485732286686,0.13513652576823518,0.10271806686870333
KG20C,balanced5_global_rf_lodo,0.18,1341,0.1260154984583206,0.13797274468872847,0.09488710814696089
KG20C,balanced5_global_rf_lodo,0.2,1490,0.12436305654522067,0.13590490822117257,0.09280771956384859
KG20C,balanced5_global_rf_lodo,0.22,1639,0.12980338349242113,0.14173839749219863,0.09194686362296833
KG20C,balanced5_global_rf_lodo,0.24,1788,0.1327836965423365,0.1442994619047875,0.08672574768077324
KG20C,balanced5_global_rf_lodo,0.26,1936,0.13612739388448966,0.14674086749303267,0.07796721369358628
KG20C,balanced5_global_rf_lodo,0.28,2085,0.1358245943254046,0.14652613362325626,0.07878940740447349
KG20C,balanced5_global_rf_lodo,0.3,2234,0.13514565259866168,0.14614050191273123,0.08135555308405396
KG20C,balanced5_global_rf_lodo,0.32,2383,0.13862627290025953,0.1500482381028389,0.08239394281917534
KG20C,balanced5_global_rf_lodo,0.34,2532,0.13871233053227305,0.15027834405290277,0.08338129333021871
KG20C,balanced5_global_rf_lodo,0.36,2681,0.1384394450396314,0.14999189356968531,0.08344766570500739
KG20C,balanced5_global_rf_lodo,0.38,2830,0.14102301849450802,0.15277455521072084,0.08333062816032744
KG20C,balanced5_global_rf_lodo,0.4,2979,0.14447296118277814,0.15616440603145523,0.08092479556701138
KG20C,balanced5_global_rf_lodo,0.42,3128,0.14496393766390406,0.1570920812921237,0.08366317736441808
KG20C,balanced5_global_rf_lodo,0.44,3277,0.1463883730307915,0.15929266389455043,0.08815106416303053
KG20C,balanced5_global_rf_lodo,0.46,3426,0.14788235184847467,0.16003719860958937,0.08219267958065046
KG20C,balanced5_global_rf_lodo,0.48,3575,0.15083353479270248,0.16208659330744962,0.07460581315827897
KG20C,balanced5_global_rf_lodo,0.5,3724,0.1542794479704915,0.16571995335942044,0.07415443559998436
KG20C,balanced5_global_rf_lodo,0.52,3873,0.15743874287366957,0.16835003635340282,0.06930500892330271
KG20C,balanced5_global_rf_lodo,0.54,4022,0.15849398369674597,0.16976493954581098,0.07111283082284214
KG20C,balanced5_global_rf_lodo,0.56,4171,0.15964425923038425,0.1707327757711186,0.06945765913657054
KG20C,balanced5_global_rf_lodo,0.58,4320,0.15990471446765772,0.17137128619919248,0.0717087783791015
KG20C,balanced5_global_rf_lodo,0.6,4469,0.1612390093584568,0.17236041834183274,0.06897467943784918
KG20C,balanced5_global_rf_lodo,0.62,4618,0.16206633699333423,0.17272055477685835,0.06573985678446181
KG20C,balanced5_global_rf_lodo,0.64,4767,0.16459421717298425,0.17463798886334775,0.061021412920040596
KG20C,balanced5_global_rf_lodo,0.66,4916,0.16238683283342653,0.17212748346763723,0.05998423926527652
KG20C,balanced5_global_rf_lodo,0.68,5065,0.16050502560978028,0.17018230867006245,0.06029271060838659
KG20C,balanced5_global_rf_lodo,0.7,5214,0.16238067457662816,0.17189719482000484,0.058606236660790456
KG20C,balanced5_global_rf_lodo,0.72,5363,0.1623617345689939,0.17178947809641232,0.058066289772312096
KG20C,balanced5_global_rf_lodo,0.74,5512,0.1619248490967242,0.1712641306996795,0.05767664231310521
KG20C,balanced5_global_rf_lodo,0.76,5660,0.16331904188338436,0.17257778296177678,0.056691130266386836
KG20C,balanced5_global_rf_lodo,0.78,5809,0.1655904201970897,0.17435992614441642,0.052959017417125054
KG20C,balanced5_global_rf_lodo,0.8,5958,0.1659802984526071,0.1746198584597312,0.05205171991898161
KG20C,balanced5_global_rf_lodo,0.82,6107,0.17577692744247786,0.18403475156123472,0.04697899911499581
KG20C,balanced5_global_rf_lodo,0.84,6256,0.176759004730326,0.18506685453998686,0.047000999028795176
KG20C,balanced5_global_rf_lodo,0.86,6405,0.17741002643083956,0.18545152885967076,0.04532721509945792
KG20C,balanced5_global_rf_lodo,0.88,6554,0.18456719686886186,0.19262809919523524,0.043674620751274595
KG20C,balanced5_global_rf_lodo,0.9,6703,0.18770427460129563,0.19565528752358258,0.0423592533477235
KG20C,balanced5_global_rf_lodo,0.92,6852,0.1908305248045807,0.19876247806807476,0.04156543232072929
KG20C,balanced5_global_rf_lodo,0.94,7001,0.19991806097648157,0.20780094354915687,0.03943056737431361
KG20C,balanced5_global_rf_lodo,0.96,7150,0.2074478158136329,0.21537083065848506,0.03819280918325041
KG20C,balanced5_global_rf_lodo,0.98,7299,0.21702857454543878,0.224789850903939,0.03576154142262622
KG20C,balanced5_global_rf_lodo,1.0,7448,0.22638074035722044,0.23398674950607826,0.033598304947920044
WN18RR,balanced5_global_rf_lodo,0.02,121,0.697602532116587,0.7216748645272086,0.03450723198722372
WN18RR,balanced5_global_rf_lodo,0.04,242,0.5248068233366998,0.5452409423967474,0.03893645842889071
WN18RR,balanced5_global_rf_lodo,0.06,363,0.43656165667645314,0.44916771819536494,0.028875787248201945
WN18RR,balanced5_global_rf_lodo,0.08,484,0.3928425916894319,0.4035487979505339,0.02725317083124712
WN18RR,balanced5_global_rf_lodo,0.1,606,0.3710426253673753,0.38147413017455123,0.028114033520670434
WN18RR,balanced5_global_rf_lodo,0.12,727,0.39961329444017163,0.4084850044673935,0.02220073794003885
WN18RR,balanced5_global_rf_lodo,0.14,848,0.4778404052346736,0.48548176198702647,0.015991441218957014
WN18RR,balanced5_global_rf_lodo,0.16,969,0.437881157198511,0.44451342446935677,0.015146272365949454
WN18RR,balanced5_global_rf_lodo,0.18,1090,0.40116443654198963,0.40714217965191296,0.014900979661734315
WN18RR,balanced5_global_rf_lodo,0.2,1211,0.37228998845796846,0.3777476987385752,0.0146598362830348
WN18RR,balanced5_global_rf_lodo,0.22,1332,0.3490412768958528,0.35422884618281103,0.014862337581082352
WN18RR,balanced5_global_rf_lodo,0.24,1453,0.33273879172631754,0.3374708803005102,0.014221631778013055
WN18RR,balanced5_global_rf_lodo,0.26,1574,0.31540259237223406,0.31982234499763973,0.014013051041094515
WN18RR,balanced5_global_rf_lodo,0.28,1695,0.30329794147264827,0.3075111513431247,0.013891323660224497
WN18RR,balanced5_global_rf_lodo,0.3,1816,0.2946591444932565,0.2987423716208263,0.013857459386139137
WN18RR,balanced5_global_rf_lodo,0.32,1938,0.28411124408061494,0.2880158685485202,0.0137432943935063
WN18RR,balanced5_global_rf_lodo,0.34,2059,0.2732858169624492,0.27706773192321416,0.013838679968103174
WN18RR,balanced5_global_rf_lodo,0.36,2180,0.26225457577447076,0.26588704778708466,0.013850938546588809
WN18RR,balanced5_global_rf_lodo,0.38,2301,0.2547864771116799,0.258250186931165,0.013594559094150416
WN18RR,balanced5_global_rf_lodo,0.4,2422,0.24961798011516992,0.25294812483035245,0.013340964916253473
WN18RR,balanced5_global_rf_lodo,0.42,2543,0.24474838431999626,0.2479552087326868,0.013102535575874485
WN18RR,balanced5_global_rf_lodo,0.44,2664,0.24670643854996874,0.24991775671939961,0.013016758655775673
WN18RR,balanced5_global_rf_lodo,0.46,2785,0.24594326063497687,0.24915915824137283,0.013075770395550412
WN18RR,balanced5_global_rf_lodo,0.48,2906,0.24320110949808763,0.24638854847898745,0.013106186018139399
WN18RR,balanced5_global_rf_lodo,0.5,3028,0.24175317739476326,0.24494219757103183,0.013191223423141052
WN18RR,balanced5_global_rf_lodo,0.52,3149,0.23927255509510673,0.2422512733079596,0.012449059239865168
WN18RR,balanced5_global_rf_lodo,0.54,3270,0.2426229428315128,0.24533386706100638,0.011173404286733746
WN18RR,balanced5_global_rf_lodo,0.56,3391,0.2482473281721171,0.2507710488719889,0.010166154530058202
WN18RR,balanced5_global_rf_lodo,0.58,3512,0.2711994702422815,0.2736562554137523,0.009058960068306865
WN18RR,balanced5_global_rf_lodo,0.6,3633,0.29546424921773495,0.29783920917430134,0.00803806200870083
WN18RR,balanced5_global_rf_lodo,0.62,3754,0.31816512341749564,0.32046353298654345,0.0072239519667021135
WN18RR,balanced5_global_rf_lodo,0.64,3875,0.3385925867877184,0.3408232077032979,0.006587920121765567
WN18RR,balanced5_global_rf_lodo,0.66,3996,0.3586124503802672,0.36077552746932373,0.006031795847475152
WN18RR,balanced5_global_rf_lodo,0.68,4117,0.37649852833962943,0.378597889653221,0.005576014660269246
WN18RR,balanced5_global_rf_lodo,0.7,4238,0.39354580893560653,0.39561128731811074,0.005248381092128884
WN18RR,balanced5_global_rf_lodo,0.72,4360,0.4099990108272264,0.4120115677937023,0.004908687370770215
WN18RR,balanced5_global_rf_lodo,0.74,4481,0.4209307205818122,0.42291256918666364,0.004708253657780492
WN18RR,balanced5_global_rf_lodo,0.76,4602,0.4336614108582346,0.43558645230233356,0.004439042524648995
WN18RR,balanced5_global_rf_lodo,0.78,4723,0.4461188674577505,0.4480211929961593,0.004264167416297315
WN18RR,balanced5_global_rf_lodo,0.8,4844,0.45916042509532007,0.4610090037467615,0.004025997342993248
WN18RR,balanced5_global_rf_lodo,0.82,4965,0.47189186076959905,0.4737253649103634,0.0038854328569559726
WN18RR,balanced5_global_rf_lodo,0.84,5086,0.4733721875388927,0.47519877618340833,0.003858673349636854
WN18RR,balanced5_global_rf_lodo,0.86,5207,0.48198158749715975,0.4838131535640577,0.0038000747630400067
WN18RR,balanced5_global_rf_lodo,0.88,5328,0.4870308737033662,0.4889654680979674,0.0039722212678030555
WN18RR,balanced5_global_rf_lodo,0.9,5450,0.49094446591191676,0.4929649630671832,0.0041155309725580125
WN18RR,balanced5_global_rf_lodo,0.92,5571,0.5002473607031623,0.5022769250299651,0.004057121508747041
WN18RR,balanced5_global_rf_lodo,0.94,5692,0.5089216352897903,0.5109553435787532,0.003996112854987688
WN18RR,balanced5_global_rf_lodo,0.96,5813,0.5116020245337833,0.5137066348738102,0.004113764682508236
WN18RR,balanced5_global_rf_lodo,0.98,5934,0.5136415837378958,0.5158308232276776,0.004262192858004443
WN18RR,balanced5_global_rf_lodo,1.0,6055,0.5112021246888967,0.5133269561687425,0.004156538827257084
YAGO3-10,balanced5_global_rf_lodo,0.02,200,0.3679208730183149,0.4567935311089108,0.24155372692370158
YAGO3-10,balanced5_global_rf_lodo,0.04,399,0.49546091652603513,0.5625196471525883,0.13534615625535307
YAGO3-10,balanced5_global_rf_lodo,0.06,598,0.5923529796930459,0.6440202989376179,0.08722386991510667
YAGO3-10,balanced5_global_rf_lodo,0.08,798,0.645680967048532,0.6873415272790087,0.06452189603932568
YAGO3-10,balanced5_global_rf_lodo,0.1,998,0.6675471584861511,0.7065699525844465,0.05845698480207817
YAGO3-10,balanced5_global_rf_lodo,0.12,1197,0.6851020740312966,0.7222955536788497,0.05428896080944279
YAGO3-10,balanced5_global_rf_lodo,0.14,1397,0.6890834154072093,0.7238277953272798,0.050421152422509774
YAGO3-10,balanced5_global_rf_lodo,0.16,1596,0.6891421957519229,0.7234407668786595,0.04976994782522848
YAGO3-10,balanced5_global_rf_lodo,0.18,1796,0.6863858593243168,0.720555499115167,0.049781969320415564
YAGO3-10,balanced5_global_rf_lodo,0.2,1995,0.6852534702011365,0.7165051197181134,0.04560597045616399
YAGO3-10,balanced5_global_rf_lodo,0.22,2194,0.6861823586470022,0.7210667728136598,0.05083840137691964
YAGO3-10,balanced5_global_rf_lodo,0.24,2394,0.665936193473175,0.7009534614358656,0.052583518219754266
YAGO3-10,balanced5_global_rf_lodo,0.26,2594,0.6159495208735986,0.6482978901230246,0.05251789010818042
YAGO3-10,balanced5_global_rf_lodo,0.28,2793,0.6235877775455412,0.6526965289092207,0.046679477070978415
YAGO3-10,balanced5_global_rf_lodo,0.3,2992,0.6309655099271482,0.6599848313082816,0.04599192970862065
YAGO3-10,balanced5_global_rf_lodo,0.32,3192,0.6333724272828455,0.6624166049809244,0.04585639735325664
YAGO3-10,balanced5_global_rf_lodo,0.34,3392,0.6357001108997061,0.6652965389446079,0.04655721705477456
YAGO3-10,balanced5_global_rf_lodo,0.36,3591,0.6338933448800891,0.663707195352261,0.047032912891381784
YAGO3-10,balanced5_global_rf_lodo,0.38,3790,0.6269688289019623,0.6562251499439001,0.04666311895150477
YAGO3-10,balanced5_global_rf_lodo,0.4,3990,0.6246915845938198,0.6546595199808943,0.047972369287734073
YAGO3-10,balanced5_global_rf_lodo,0.42,4190,0.6277984472276884,0.6560369609048345,0.044980222238276246
YAGO3-10,balanced5_global_rf_lodo,0.44,4389,0.6264676509962092,0.6539325308466327,0.04384085883245348
YAGO3-10,balanced5_global_rf_lodo,0.46,4588,0.6281957661374614,0.6550499580336735,0.04274812621124191
YAGO3-10,balanced5_global_rf_lodo,0.48,4788,0.6289652410512412,0.6547110554140221,0.04093360440673921
YAGO3-10,balanced5_global_rf_lodo,0.5,4988,0.6286168650596489,0.654875423546109,0.0417719599106976
YAGO3-10,balanced5_global_rf_lodo,0.52,5187,0.6296322365574141,0.6553204411509508,0.04079874425424901
YAGO3-10,balanced5_global_rf_lodo,0.54,5386,0.630524395793499,0.656323873226508,0.04091749281253598
YAGO3-10,balanced5_global_rf_lodo,0.56,5586,0.631518873907254,0.657642654837809,0.04136658777737745
YAGO3-10,balanced5_global_rf_lodo,0.58,5786,0.6321327636149516,0.6573708086600454,0.03992522852440983
YAGO3-10,balanced5_global_rf_lodo,0.6,5985,0.6265030237269745,0.6514008630631848,0.03974097233896279
YAGO3-10,balanced5_global_rf_lodo,0.62,6184,0.6216768911399493,0.6462429008593773,0.03951571961181011
YAGO3-10,balanced5_global_rf_lodo,0.64,6384,0.6196242513213758,0.6436704628094363,0.03880773135780413
YAGO3-10,balanced5_global_rf_lodo,0.66,6584,0.6160699537771505,0.6397438433822485,0.03842727511697741
YAGO3-10,balanced5_global_rf_lodo,0.68,6783,0.6139185057646938,0.636955701962806,0.03752484406609846
YAGO3-10,balanced5_global_rf_lodo,0.7,6982,0.610019715322784,0.6326521011766044,0.03710107277736885
YAGO3-10,balanced5_global_rf_lodo,0.72,7182,0.608905943126642,0.6314362495597123,0.0370012917222986
YAGO3-10,balanced5_global_rf_lodo,0.74,7382,0.6053837219808847,0.6278298291324278,0.037077487115274366
YAGO3-10,balanced5_global_rf_lodo,0.76,7581,0.6036905082724158,0.6252562376725963,0.03572315467058651
YAGO3-10,balanced5_global_rf_lodo,0.78,7780,0.6007047765310715,0.6225040097996198,0.036289428884574315
YAGO3-10,balanced5_global_rf_lodo,0.8,7980,0.5972102220094943,0.6186990324136403,0.03598198693224042
YAGO3-10,balanced5_global_rf_lodo,0.82,8179,0.5946726737427738,0.6160422921835048,0.03593509401774608
YAGO3-10,balanced5_global_rf_lodo,0.84,8379,0.5927859992761976,0.6141991763999207,0.0361229468136377
YAGO3-10,balanced5_global_rf_lodo,0.86,8578,0.5872601205239381,0.6082516445565334,0.035744848490422365
YAGO3-10,balanced5_global_rf_lodo,0.88,8778,0.5770255678989741,0.5977265595331028,0.035875345540586245
YAGO3-10,balanced5_global_rf_lodo,0.9,8978,0.5680462579683646,0.5884321928109406,0.03588780765053712
YAGO3-10,balanced5_global_rf_lodo,0.92,9177,0.566713900755054,0.5866706216439089,0.03521480744034311
YAGO3-10,balanced5_global_rf_lodo,0.94,9376,0.5630445400315763,0.5826900372219425,0.03489155083408568
YAGO3-10,balanced5_global_rf_lodo,0.96,9576,0.5654212986868199,0.5846786117534238,0.03405834394871343
YAGO3-10,balanced5_global_rf_lodo,0.98,9776,0.5606203664041735,0.5795517900632738,0.03376870480201566
YAGO3-10,balanced5_global_rf_lodo,1.0,9975,0.5616723217905851,0.5802260659200453,0.033033039745151926
codex-l,balanced5_global_rf_lodo,0.02,1223,0.05524927880391519,0.05942487516628017,0.07557739128477237
codex-l,balanced5_global_rf_lodo,0.04,2445,0.08179231933197455,0.0847416437580257,0.03605869658837513
codex-l,balanced5_global_rf_lodo,0.06,3668,0.08547672382536288,0.08805274830836018,0.03013714573642723
codex-l,balanced5_global_rf_lodo,0.08,4890,0.08806864894043048,0.09092651048469691,0.03245038476972062
codex-l,balanced5_global_rf_lodo,0.1,6113,0.1024379778056188,0.10717004962724165,0.04619450640271516
codex-l,balanced5_global_rf_lodo,0.12,7335,0.10577992742943497,0.11110281768795928,0.05032041889114702
codex-l,balanced5_global_rf_lodo,0.14,8558,0.11773232819063001,0.12287272079312511,0.04366169158034383
codex-l,balanced5_global_rf_lodo,0.16,9781,0.13081687822345395,0.13597501920601546,0.03943024059747602
codex-l,balanced5_global_rf_lodo,0.18,11003,0.13155023785234685,0.13632509636363768,0.0362968443785725
codex-l,balanced5_global_rf_lodo,0.2,12226,0.1379564513911111,0.14292689127418964,0.03602904998612333
codex-l,balanced5_global_rf_lodo,0.22,13448,0.156249416818176,0.1620178464755623,0.03691808759900139
codex-l,balanced5_global_rf_lodo,0.24,14671,0.1626267775761917,0.16834920003355675,0.03518745524355027
codex-l,balanced5_global_rf_lodo,0.26,15894,0.1690303723810067,0.17547707881514193,0.03813933758368515
codex-l,balanced5_global_rf_lodo,0.28,17116,0.18479602101773687,0.19136704054522716,0.03555823059014673
codex-l,balanced5_global_rf_lodo,0.3,18339,0.20095577057126102,0.2077446792450781,0.03378309891036291
codex-l,balanced5_global_rf_lodo,0.32,19561,0.21615964441802427,0.22293547396423155,0.03134641326992438
codex-l,balanced5_global_rf_lodo,0.34,20784,0.22860874915875667,0.2356054285078942,0.030605474964909174
codex-l,balanced5_global_rf_lodo,0.36,22006,0.2387050901126015,0.24567710819286173,0.02920766405513775
codex-l,balanced5_global_rf_lodo,0.38,23229,0.25024542004329636,0.25719349944351294,0.027765061190788032
codex-l,balanced5_global_rf_lodo,0.4,24452,0.2541669524503087,0.2608480199032424,0.026286137471943416
codex-l,balanced5_global_rf_lodo,0.42,25674,0.24958339777711708,0.2559957864770022,0.02569236879133907
codex-l,balanced5_global_rf_lodo,0.44,26897,0.25581324597593336,0.2620471609546358,0.0243690077693981
codex-l,balanced5_global_rf_lodo,0.46,28119,0.26554328132155225,0.2717937806197903,0.023538533029834774
codex-l,balanced5_global_rf_lodo,0.48,29342,0.27304290557605126,0.2791913920115587,0.022518389271223294
codex-l,balanced5_global_rf_lodo,0.5,30564,0.2822815723905628,0.28835774779242707,0.021525228694196707
codex-l,balanced5_global_rf_lodo,0.52,31787,0.2951991036012901,0.30121933209525403,0.020393789887977354
codex-l,balanced5_global_rf_lodo,0.54,33010,0.3060912084927436,0.31222054281187056,0.020024535658208054
codex-l,balanced5_global_rf_lodo,0.56,34232,0.3196151066027403,0.3256815910084834,0.01898059347139469
codex-l,balanced5_global_rf_lodo,0.58,35455,0.32844180526457284,0.33428728248324563,0.017797604095995068
codex-l,balanced5_global_rf_lodo,0.6,36677,0.33941668098538935,0.3452489716266679,0.01718327639156203
codex-l,balanced5_global_rf_lodo,0.62,37900,0.3402628287782712,0.3460969979360695,0.01714606670010399
codex-l,balanced5_global_rf_lodo,0.64,39123,0.3360222202116159,0.34174624638581236,0.017034665655716763
codex-l,balanced5_global_rf_lodo,0.66,40345,0.33372993812479496,0.3392975753230964,0.016683061848108638
codex-l,balanced5_global_rf_lodo,0.68,41568,0.3316429313903096,0.33708105397093824,0.01639752295588215
codex-l,balanced5_global_rf_lodo,0.7,42790,0.3287495493514596,0.33403832825743257,0.016087562451131632
codex-l,balanced5_global_rf_lodo,0.72,44013,0.32507121432868924,0.3303562363831244,0.01625804384232965
codex-l,balanced5_global_rf_lodo,0.74,45235,0.32305875632478487,0.3282750003652871,0.016146425188544145
codex-l,balanced5_global_rf_lodo,0.76,46458,0.3206970931152615,0.3258881261839127,0.016186716936612555
codex-l,balanced5_global_rf_lodo,0.78,47681,0.32090289886683016,0.3260536669229598,0.016050861722714194
codex-l,balanced5_global_rf_lodo,0.8,48903,0.3212735505290984,0.3263961950190508,0.01594480616756666
codex-l,balanced5_global_rf_lodo,0.82,50126,0.32086482464090826,0.3258557305108871,0.015554543492152462
codex-l,balanced5_global_rf_lodo,0.84,51348,0.3192648571227426,0.324230923820148,0.015554692558900074
codex-l,balanced5_global_rf_lodo,0.86,52571,0.3176286763636622,0.3225736439799098,0.015568391597570841
codex-l,balanced5_global_rf_lodo,0.88,53794,0.31649991394719573,0.32126598273693646,0.015058673256182598
codex-l,balanced5_global_rf_lodo,0.9,55016,0.31811680057490305,0.3228044354179279,0.014735577732937433
codex-l,balanced5_global_rf_lodo,0.92,56239,0.32011086306078734,0.3247374446517719,0.014453060251522931
codex-l,balanced5_global_rf_lodo,0.94,57461,0.3233106260111627,0.32792886540627275,0.014284217787975173
codex-l,balanced5_global_rf_lodo,0.96,58684,0.3265549779658199,0.3311514092547011,0.014075520506572348
codex-l,balanced5_global_rf_lodo,0.98,59906,0.33051208868265114,0.3351444343137321,0.014015661725247153
codex-l,balanced5_global_rf_lodo,1.0,61129,0.32990176871301513,0.334842792661744,0.014977258133547888
codex-m,balanced5_global_rf_lodo,0.02,412,0.19173192322808918,0.1900198308822132,-0.008929615460223861
codex-m,balanced5_global_rf_lodo,0.04,824,0.2218327497819334,0.22581659287899156,0.017958768941801262
codex-m,balanced5_global_rf_lodo,0.06,1236,0.20532356426463463,0.20993555260982097,0.02246205086933961
codex-m,balanced5_global_rf_lodo,0.08,1648,0.2292350313694696,0.23393504744685234,0.020503044623260358
codex-m,balanced5_global_rf_lodo,0.1,2059,0.259098644339183,0.26380822981372337,0.01817680477083128
codex-m,balanced5_global_rf_lodo,0.12,2471,0.24975460738520303,0.25410686656849624,0.01742614171910195
codex-m,balanced5_global_rf_lodo,0.14,2883,0.25763186451942954,0.26171300106394124,0.015840961878393456
codex-m,balanced5_global_rf_lodo,0.16,3295,0.26891877247989715,0.2726528397756794,0.013885483937575938
codex-m,balanced5_global_rf_lodo,0.18,3707,0.2798626743707363,0.28274887932579607,0.010312932803737906
codex-m,balanced5_global_rf_lodo,0.2,4119,0.28119355115864203,0.28407532139227293,0.010248351079733986
codex-m,balanced5_global_rf_lodo,0.22,4531,0.285903017837996,0.28857124998774936,0.009332647727647636
codex-m,balanced5_global_rf_lodo,0.24,4943,0.28410636677358514,0.2869211786444474,0.009907598702655784
codex-m,balanced5_global_rf_lodo,0.26,5354,0.2981300227281386,0.30072670671378104,0.008709904362803167
codex-m,balanced5_global_rf_lodo,0.28,5766,0.3118434315937217,0.31452100136800537,0.008586263178927966
codex-m,balanced5_global_rf_lodo,0.3,6178,0.31965364328218154,0.32247610628015816,0.008829753882970914
codex-m,balanced5_global_rf_lodo,0.32,6590,0.32588349764661095,0.32898401370618435,0.009514185535518083
codex-m,balanced5_global_rf_lodo,0.34,7002,0.33641389019452816,0.33945290117688803,0.009033547873432246
codex-m,balanced5_global_rf_lodo,0.36,7414,0.3459938191670387,0.3489154149647437,0.00844406933262154
codex-m,balanced5_global_rf_lodo,0.38,7826,0.3590856628857619,0.3620875996876236,0.008359946141366148
codex-m,balanced5_global_rf_lodo,0.4,8238,0.3731213327737747,0.3761497737052557,0.008116504379333422
codex-m,balanced5_global_rf_lodo,0.42,8649,0.376857504347359,0.37967477539258093,0.007475693100767344
codex-m,balanced5_global_rf_lodo,0.44,9061,0.38279556844092427,0.3855106722232898,0.0070928297143662
codex-m,balanced5_global_rf_lodo,0.46,9473,0.37719053219226994,0.3798954631909179,0.007171258999865593
codex-m,balanced5_global_rf_lodo,0.48,9885,0.3718505671033337,0.37439032066285843,0.006830038150295481
codex-m,balanced5_global_rf_lodo,0.5,10297,0.3632861284411256,0.36583081782933796,0.007004642316324361
codex-m,balanced5_global_rf_lodo,0.52,10709,0.3569644710340614,0.35952595890243755,0.007175750183081142
codex-m,balanced5_global_rf_lodo,0.54,11121,0.3498733444997491,0.3524533376654822,0.007374077523459199
codex-m,balanced5_global_rf_lodo,0.56,11533,0.34612759560177503,0.34852943529645836,0.006939174238643098
codex-m,balanced5_global_rf_lodo,0.58,11945,0.3444692376314628,0.34682490117038905,0.006838530938563903
codex-m,balanced5_global_rf_lodo,0.6,12356,0.3408708225346673,0.3432274140741692,0.006913444576976735
codex-m,balanced5_global_rf_lodo,0.62,12768,0.3366506210941788,0.33885869495550314,0.00655894783187283
codex-m,balanced5_global_rf_lodo,0.64,13180,0.3361817918613957,0.33846348584598196,0.006787083773790448
codex-m,balanced5_global_rf_lodo,0.66,13592,0.3342535615987699,0.33641074110761837,0.006453721834796422
codex-m,balanced5_global_rf_lodo,0.68,14004,0.3393055932536188,0.3413668052227498,0.006074795140763589
codex-m,balanced5_global_rf_lodo,0.7,14416,0.33982394756286444,0.34208304784778815,0.006647854870515779
codex-m,balanced5_global_rf_lodo,0.72,14828,0.34524193423147137,0.347401974623475,0.00625659914926624
codex-m,balanced5_global_rf_lodo,0.74,15240,0.3497406183266401,0.3519171570082173,0.00622329397137511
codex-m,balanced5_global_rf_lodo,0.76,15651,0.3504361876238743,0.3525953659770778,0.0061614023592819755
codex-m,balanced5_global_rf_lodo,0.78,16063,0.3519371549295394,0.35402025538490783,0.005918955774321333
codex-m,balanced5_global_rf_lodo,0.8,16475,0.35480852701738136,0.3568506689868223,0.005755616942489272
codex-m,balanced5_global_rf_lodo,0.82,16887,0.35569856869727645,0.3577290892264742,0.005708542872787881
codex-m,balanced5_global_rf_lodo,0.84,17299,0.3547493168708311,0.35687775053692705,0.00599982456589454
codex-m,balanced5_global_rf_lodo,0.86,17711,0.35500344627210617,0.3570753322289748,0.005836241812933185
codex-m,balanced5_global_rf_lodo,0.88,18123,0.35430203088815354,0.3563786737096517,0.005861221896731772
codex-m,balanced5_global_rf_lodo,0.9,18535,0.3544980258804417,0.35648132298491025,0.005594663325819038
codex-m,balanced5_global_rf_lodo,0.92,18946,0.35257833819922796,0.35542063573371335,0.008061463869284413
codex-m,balanced5_global_rf_lodo,0.94,19358,0.3522903441905612,0.35506937470697686,0.007888466323994425
codex-m,balanced5_global_rf_lodo,0.96,19770,0.35023443774008495,0.3530432145397202,0.008019704794762994
codex-m,balanced5_global_rf_lodo,0.98,20182,0.34416163314929926,0.3468711574529403,0.007872824982980031
codex-m,balanced5_global_rf_lodo,1.0,20594,0.34234153499948855,0.3449297847479118,0.0075604315685127155
hetionet,balanced5_global_rf_lodo,0.02,9001,0.35770588041788237,0.37041365984469143,0.0355257772445996
hetionet,balanced5_global_rf_lodo,0.04,18002,0.3633532335844487,0.37741635233788096,0.03870371157757635
hetionet,balanced5_global_rf_lodo,0.06,27002,0.3902637368153159,0.40963832029349356,0.04964484693423166
hetionet,balanced5_global_rf_lodo,0.08,36003,0.38261887090919144,0.40053777049651923,0.04683224208139114
hetionet,balanced5_global_rf_lodo,0.1,45004,0.38656630813954657,0.4058413353967921,0.049862150040989706
hetionet,balanced5_global_rf_lodo,0.12,54005,0.392310474035948,0.41298268752384265,0.05269350388539573
hetionet,balanced5_global_rf_lodo,0.14,63006,0.4198170683058105,0.44533123503861216,0.06077448645850714
hetionet,balanced5_global_rf_lodo,0.16,72006,0.43710175560143916,0.46632773319021364,0.06686309815562375
hetionet,balanced5_global_rf_lodo,0.18,81007,0.44934889977416353,0.48152138108829984,0.07159799730299943
hetionet,balanced5_global_rf_lodo,0.2,90008,0.457937512351135,0.4923266529614018,0.07509570559901646
hetionet,balanced5_global_rf_lodo,0.22,99009,0.4649968050999453,0.5016009056323336,0.07871903662761892
hetionet,balanced5_global_rf_lodo,0.24,108010,0.47030792067793664,0.5071520312938569,0.07834039997202358
hetionet,balanced5_global_rf_lodo,0.26,117010,0.472888198457525,0.5104806137281287,0.07949535512457984
hetionet,balanced5_global_rf_lodo,0.28,126011,0.4773429019821215,0.5155617458549452,0.08006580534480245
hetionet,balanced5_global_rf_lodo,0.3,135012,0.4788006042104217,0.516862196706612,0.07949361834861679
hetionet,balanced5_global_rf_lodo,0.32,144013,0.4829687654367678,0.5212390082957737,0.0792395815170297
hetionet,balanced5_global_rf_lodo,0.34,153014,0.48846812837392145,0.5268220613499818,0.07851880347595674
hetionet,balanced5_global_rf_lodo,0.36,162014,0.4886260808097263,0.5270308813199596,0.078597524812001
hetionet,balanced5_global_rf_lodo,0.38,171015,0.48631695896736726,0.5240299806389443,0.07754823469791372
hetionet,balanced5_global_rf_lodo,0.4,180016,0.4855249262191645,0.5229180596585159,0.07701588820688521
hetionet,balanced5_global_rf_lodo,0.42,189017,0.48291073750181646,0.5198645178504739,0.07652300410594726
hetionet,balanced5_global_rf_lodo,0.44,198018,0.47748395968713103,0.5135717252083565,0.07557901116693388
hetionet,balanced5_global_rf_lodo,0.46,207018,0.47326822708597,0.5086119118348307,0.07468002863086864
hetionet,balanced5_global_rf_lodo,0.48,216019,0.46912055721886253,0.5029707024806344,0.07215660183908645
hetionet,balanced5_global_rf_lodo,0.5,225020,0.4637284395041434,0.49668428975617185,0.0710671320639027
hetionet,balanced5_global_rf_lodo,0.52,234021,0.45233925017079113,0.48406548776008496,0.0701381486955086
hetionet,balanced5_global_rf_lodo,0.54,243022,0.44364826501735233,0.47440241900652186,0.06932102842319621
hetionet,balanced5_global_rf_lodo,0.56,252022,0.4339601527870956,0.4638109187734033,0.06878688237754571
hetionet,balanced5_global_rf_lodo,0.58,261023,0.4238003716382689,0.4527084474907182,0.06821153964707594
hetionet,balanced5_global_rf_lodo,0.6,270024,0.4132707024605463,0.4412301915641974,0.0676541766381813
hetionet,balanced5_global_rf_lodo,0.62,279025,0.40287892307981077,0.429930103965782,0.06714469121188649
hetionet,balanced5_global_rf_lodo,0.64,288026,0.3943411877690196,0.4206324073586987,0.06667124917491218
hetionet,balanced5_global_rf_lodo,0.66,297026,0.3870681141915768,0.4125976439687123,0.0659561685427279
hetionet,balanced5_global_rf_lodo,0.68,306027,0.38027346352522506,0.4051591285110535,0.06544149769256169
hetionet,balanced5_global_rf_lodo,0.7,315028,0.3730692617515824,0.3972761685254428,0.06488582484712757
hetionet,balanced5_global_rf_lodo,0.72,324029,0.37168236644552427,0.3956199975714749,0.06440346189912427
hetionet,balanced5_global_rf_lodo,0.74,333030,0.37031064264770935,0.39369376418241964,0.063144611150038
hetionet,balanced5_global_rf_lodo,0.76,342030,0.3708560302850822,0.39377286067809447,0.06179441217497739
hetionet,balanced5_global_rf_lodo,0.78,351031,0.368087458213139,0.3903597435792682,0.0605081343283167
hetionet,balanced5_global_rf_lodo,0.8,360032,0.37404741103503536,0.39642223622820677,0.05981815281452563
hetionet,balanced5_global_rf_lodo,0.82,369033,0.3764448035158258,0.398266307483431,0.057967340135398615
hetionet,balanced5_global_rf_lodo,0.84,378034,0.3753471950974599,0.39680473270946315,0.05716717186718756
hetionet,balanced5_global_rf_lodo,0.86,387034,0.37485674475658937,0.3955018781811964,0.05507472844863126
hetionet,balanced5_global_rf_lodo,0.88,396035,0.37623271459898355,0.3961744643284841,0.05300376324466072
hetionet,balanced5_global_rf_lodo,0.9,405036,0.38069156897393497,0.39997838875255315,0.05066258711901939
hetionet,balanced5_global_rf_lodo,0.92,414037,0.3836619066977161,0.4025248949587835,0.04916565322689026
hetionet,balanced5_global_rf_lodo,0.94,423038,0.38232171920288643,0.40063514008701007,0.0479005506731498
hetionet,balanced5_global_rf_lodo,0.96,432038,0.3802832786257987,0.3981022579870842,0.046857120370047856
hetionet,balanced5_global_rf_lodo,0.98,441039,0.3784130201770854,0.3958818053488822,0.04616327726678637
hetionet,balanced5_global_rf_lodo,1.0,450040,0.3731884548334996,0.39032189792982713,0.045910967701216165
